  0
SECTION
  2
HEADER
  9
$ANGBASE
  50
0.0
  9
$ANGDIR
  70
1
  9
$MEASUREMENT
  70
0
  0
ENDSEC
  0
SECTION
  2
TABLES
  0
TABLE
  2
LTYPE
  70
4
  0
LTYPE
  5
40F
  2
CONTINUOUS
  70
0
  3
Solid line
  72
65
  73
0
  40
0.0
  0
LTYPE
  5
410
  2
DASHDOT
 70
0
  3
Dash Dot ____ _ ____ _
 72
65
 73
4
 40
2.0
 49
1.25
 49
-0.25
 49
0.25
 49
-0.25
  0
LTYPE
  5
411
  2
DASHED
 70
0
  3
Dashed __ __ __ __ __
 72
65
 73
2
 40
0.75
 49
0.5
 49
-0.25
  0
LTYPE
  5
43B
  2
DOTTED
 70
0
  3
Dotted .  .  .  .
 72
65
 73
2
 40
0.2
 49
0.0
 49
-0.2
  0
ENDTAB
  0
TABLE
  2
STYLE
  70
4
  0
STYLE
  2
KICAD
  70
0
  40
0
  41
1
  42
1
  50
0
  71
0
  3
isocp.shx
  0
STYLE
  2
KICADB
  70
0
  40
0
  41
1
  42
1
  50
0
  71
0
  3
isocp.shx
  0
STYLE
  2
KICADI
  70
0
  40
0
  41
1
  42
1
  50
15
  71
0
  3
isocp.shx
  0
STYLE
  2
KICADBI
  70
0
  40
0
  41
1
  42
1
  50
15
  71
0
  3
isocp.shx
  0
ENDTAB
  0
TABLE
  2
LAYER
  70
1
  0
LAYER
  2
BLACK
  70
0
  62
7
  6
CONTINUOUS
  0
ENDTAB
  0
ENDSEC
  0
SECTION
  2
ENTITIES
0
LINE
8
BLACK
6
CONTINUOUS
10
1.0284383464566929
20
0.3253680708661417
11
1.0290094881889764
21
0.3239892125984252
0
LINE
8
BLACK
6
CONTINUOUS
10
1.0290094881889764
20
0.3239892125984252
11
1.0290094881889764
21
0.3042892125984252
0
LINE
8
BLACK
6
CONTINUOUS
10
1.0290094881889764
20
0.3042892125984252
11
1.0284383464566929
21
0.3029103543307087
0
LINE
8
BLACK
6
CONTINUOUS
10
1.0284383464566929
20
0.3029103543307087
11
1.0270594881889763
21
0.3023392125984252
0
LINE
8
BLACK
6
CONTINUOUS
10
1.0270594881889763
20
0.3023392125984252
11
1.0256806299212597
21
0.3029103543307087
0
LINE
8
BLACK
6
CONTINUOUS
10
1.0256806299212597
20
0.3029103543307087
11
1.0251094881889764
21
0.3042892125984252
0
LINE
8
BLACK
6
CONTINUOUS
10
1.0251094881889764
20
0.3042892125984252
11
1.0251094881889764
21
0.3119243307086614
0
LINE
8
BLACK
6
CONTINUOUS
10
1.0251094881889764
20
0.3119243307086614
11
1.0244561811023623
21
0.3125775984251968
0
LINE
8
BLACK
6
CONTINUOUS
10
1.0244561811023623
20
0.3125775984251968
11
1.0173623622047243
21
0.3031192125984252
0
LINE
8
BLACK
6
CONTINUOUS
10
1.0173623622047243
20
0.3031192125984252
11
1.0160781496062992
21
0.3023588188976378
0
LINE
8
BLACK
6
CONTINUOUS
10
1.0160781496062992
20
0.3023588188976378
11
1.0146323622047244
21
0.3027292125984252
0
LINE
8
BLACK
6
CONTINUOUS
10
1.0146323622047244
20
0.3027292125984252
11
1.013871968503937
21
0.3040134251968504
0
LINE
8
BLACK
6
CONTINUOUS
10
1.013871968503937
20
0.3040134251968504
11
1.0142423622047243
21
0.3054592125984252
0
LINE
8
BLACK
6
CONTINUOUS
10
1.0142423622047243
20
0.3054592125984252
11
1.0216704724409449
21
0.3153633070866141
0
LINE
8
BLACK
6
CONTINUOUS
10
1.0216704724409449
20
0.3153633070866141
11
1.0144235039370078
21
0.3226103543307087
0
LINE
8
BLACK
6
CONTINUOUS
10
1.0144235039370078
20
0.3226103543307087
11
1.0138523622047244
21
0.3239892125984252
0
LINE
8
BLACK
6
CONTINUOUS
10
1.0138523622047244
20
0.3239892125984252
11
1.0144235039370078
21
0.3253680708661417
0
LINE
8
BLACK
6
CONTINUOUS
10
1.0144235039370078
20
0.3253680708661417
11
1.0158023622047243
21
0.3259392125984252
0
LINE
8
BLACK
6
CONTINUOUS
10
1.0158023622047243
20
0.3259392125984252
11
1.0171812204724409
21
0.3253680708661417
0
LINE
8
BLACK
6
CONTINUOUS
10
1.0171812204724409
20
0.3253680708661417
11
1.0251094881889764
21
0.3174397637795275
0
LINE
8
BLACK
6
CONTINUOUS
10
1.0251094881889764
20
0.3174397637795275
11
1.0251094881889764
21
0.3239892125984252
0
LINE
8
BLACK
6
CONTINUOUS
10
1.0251094881889764
20
0.3239892125984252
11
1.0256806299212597
21
0.3253680708661417
0
LINE
8
BLACK
6
CONTINUOUS
10
1.0256806299212597
20
0.3253680708661417
11
1.0270594881889763
21
0.3259392125984252
0
LINE
8
BLACK
6
CONTINUOUS
10
1.0270594881889763
20
0.3259392125984252
11
1.0284383464566929
21
0.3253680708661417
0
LINE
8
BLACK
6
CONTINUOUS
10
1.2667266929133858
20
0.3257436614173228
11
1.2668720472440944
21
0.3257333464566929
0
LINE
8
BLACK
6
CONTINUOUS
10
1.2668720472440944
20
0.3257333464566929
11
1.2672770078740156
21
0.3252663779527559
0
LINE
8
BLACK
6
CONTINUOUS
10
1.2672770078740156
20
0.3252663779527559
11
1.267744094488189
21
0.3248612992125984
0
LINE
8
BLACK
6
CONTINUOUS
10
1.267744094488189
20
0.3248612992125984
11
1.2677544094488189
21
0.324715905511811
0
LINE
8
BLACK
6
CONTINUOUS
10
1.2677544094488189
20
0.324715905511811
11
1.2678498818897637
21
0.3246058661417323
0
LINE
8
BLACK
6
CONTINUOUS
10
1.2678498818897637
20
0.3246058661417323
11
1.2744165354330708
21
0.3049058267716535
0
LINE
8
BLACK
6
CONTINUOUS
10
1.2744165354330708
20
0.3049058267716535
11
1.2743107480314961
21
0.303417125984252
0
LINE
8
BLACK
6
CONTINUOUS
10
1.2743107480314961
20
0.303417125984252
11
1.2731832677165353
21
0.3024392519685039
0
LINE
8
BLACK
6
CONTINUOUS
10
1.2731832677165353
20
0.3024392519685039
11
1.2716945669291337
21
0.3025450787401575
0
LINE
8
BLACK
6
CONTINUOUS
10
1.2716945669291337
20
0.3025450787401575
11
1.2707166929133857
21
0.3036725590551181
0
LINE
8
BLACK
6
CONTINUOUS
10
1.2707166929133857
20
0.3036725590551181
11
1.2692849606299212
21
0.3079677952755905
0
LINE
8
BLACK
6
CONTINUOUS
10
1.2692849606299212
20
0.3079677952755905
11
1.2627149606299213
21
0.3079677952755905
0
LINE
8
BLACK
6
CONTINUOUS
10
1.2627149606299213
20
0.3079677952755905
11
1.2612832283464566
21
0.3036725590551181
0
LINE
8
BLACK
6
CONTINUOUS
10
1.2612832283464566
20
0.3036725590551181
11
1.2603053937007873
21
0.3025450787401575
0
LINE
8
BLACK
6
CONTINUOUS
10
1.2603053937007873
20
0.3025450787401575
11
1.258816653543307
21
0.3024392913385827
0
LINE
8
BLACK
6
CONTINUOUS
10
1.258816653543307
20
0.3024392913385827
11
1.2576891732283464
21
0.303417125984252
0
LINE
8
BLACK
6
CONTINUOUS
10
1.2576891732283464
20
0.303417125984252
11
1.2575833858267715
21
0.3049058661417323
0
LINE
8
BLACK
6
CONTINUOUS
10
1.2575833858267715
20
0.3049058661417323
11
1.2641500393700786
21
0.3246058661417323
0
LINE
8
BLACK
6
CONTINUOUS
10
1.2641500393700786
20
0.3246058661417323
11
1.2642454724409449
21
0.324715905511811
0
LINE
8
BLACK
6
CONTINUOUS
10
1.2642454724409449
20
0.324715905511811
11
1.2642558267716535
21
0.3248612992125984
0
LINE
8
BLACK
6
CONTINUOUS
10
1.2642558267716535
20
0.3248612992125984
11
1.2647229133858267
21
0.3252663779527559
0
LINE
8
BLACK
6
CONTINUOUS
10
1.2647229133858267
20
0.3252663779527559
11
1.2651279133858266
21
0.3257333464566929
0
LINE
8
BLACK
6
CONTINUOUS
10
1.2651279133858266
20
0.3257333464566929
11
1.2652732283464567
21
0.3257436614173228
0
LINE
8
BLACK
6
CONTINUOUS
10
1.2652732283464567
20
0.3257436614173228
11
1.2653833070866141
21
0.3258391338582677
0
LINE
8
BLACK
6
CONTINUOUS
10
1.2653833070866141
20
0.3258391338582677
11
1.2659998031496063
21
0.3257953149606299
0
LINE
8
BLACK
6
CONTINUOUS
10
1.2659998031496063
20
0.3257953149606299
11
1.2666166141732282
21
0.3258391732283464
0
LINE
8
BLACK
6
CONTINUOUS
10
1.2666166141732282
20
0.3258391732283464
11
1.2667266929133858
21
0.3257436614173228
0
LINE
8
BLACK
6
CONTINUOUS
10
1.2640149606299211
20
0.3118677952755906
11
1.2679849606299212
21
0.3118677952755906
0
LINE
8
BLACK
6
CONTINUOUS
10
1.2679849606299212
20
0.3118677952755906
11
1.2659999212598425
21
0.3178227952755905
0
LINE
8
BLACK
6
CONTINUOUS
10
1.2659999212598425
20
0.3178227952755905
11
1.2640149606299211
21
0.3118677952755906
0
LINE
8
BLACK
6
CONTINUOUS
10
0.7983828346456693
20
0.3223107480314961
11
0.7993607086614173
21
0.3211832677165354
0
LINE
8
BLACK
6
CONTINUOUS
10
0.7993607086614173
20
0.3211832677165354
11
0.7992548818897638
21
0.3196945669291338
0
LINE
8
BLACK
6
CONTINUOUS
10
0.7992548818897638
20
0.3196945669291338
11
0.7981274015748031
21
0.3187166929133858
0
LINE
8
BLACK
6
CONTINUOUS
10
0.7981274015748031
20
0.3187166929133858
11
0.7938321653543307
21
0.3172849212598425
0
LINE
8
BLACK
6
CONTINUOUS
10
0.7938321653543307
20
0.3172849212598425
11
0.7938321653543307
21
0.3107149606299213
0
LINE
8
BLACK
6
CONTINUOUS
10
0.7938321653543307
20
0.3107149606299213
11
0.7981274015748031
21
0.3092832283464567
0
LINE
8
BLACK
6
CONTINUOUS
10
0.7981274015748031
20
0.3092832283464567
11
0.7992548818897638
21
0.3083053543307087
0
LINE
8
BLACK
6
CONTINUOUS
10
0.7992548818897638
20
0.3083053543307087
11
0.7993607086614173
21
0.3068166535433071
0
LINE
8
BLACK
6
CONTINUOUS
10
0.7993607086614173
20
0.3068166535433071
11
0.7983828346456693
21
0.3056891732283464
0
LINE
8
BLACK
6
CONTINUOUS
10
0.7983828346456693
20
0.3056891732283464
11
0.7968941338582677
21
0.3055833858267716
0
LINE
8
BLACK
6
CONTINUOUS
10
0.7968941338582677
20
0.3055833858267716
11
0.777194094488189
21
0.3121500393700787
0
LINE
8
BLACK
6
CONTINUOUS
10
0.777194094488189
20
0.3121500393700787
11
0.7770840157480314
21
0.3122454724409449
0
LINE
8
BLACK
6
CONTINUOUS
10
0.7770840157480314
20
0.3122454724409449
11
0.7769386614173228
21
0.3122558267716535
0
LINE
8
BLACK
6
CONTINUOUS
10
0.7769386614173228
20
0.3122558267716535
11
0.7765336220472441
21
0.3127228346456693
0
LINE
8
BLACK
6
CONTINUOUS
10
0.7765336220472441
20
0.3127228346456693
11
0.7760666141732283
21
0.313127874015748
0
LINE
8
BLACK
6
CONTINUOUS
10
0.7760666141732283
20
0.313127874015748
11
0.7760562598425197
21
0.3132732283464567
0
LINE
8
BLACK
6
CONTINUOUS
10
0.7760562598425197
20
0.3132732283464567
11
0.7759608267716536
21
0.3133833070866142
0
LINE
8
BLACK
6
CONTINUOUS
10
0.7759608267716536
20
0.3133833070866142
11
0.7760046062992125
21
0.3139999606299212
0
LINE
8
BLACK
6
CONTINUOUS
10
0.7760046062992125
20
0.3139999606299212
11
0.7759608267716536
21
0.3146166141732283
0
LINE
8
BLACK
6
CONTINUOUS
10
0.7759608267716536
20
0.3146166141732283
11
0.7760562598425197
21
0.3147266535433071
0
LINE
8
BLACK
6
CONTINUOUS
10
0.7760562598425197
20
0.3147266535433071
11
0.7760666141732283
21
0.3148720472440945
0
LINE
8
BLACK
6
CONTINUOUS
10
0.7760666141732283
20
0.3148720472440945
11
0.7765336220472441
21
0.3152770472440945
0
LINE
8
BLACK
6
CONTINUOUS
10
0.7765336220472441
20
0.3152770472440945
11
0.7769386614173228
21
0.315744094488189
0
LINE
8
BLACK
6
CONTINUOUS
10
0.7769386614173228
20
0.315744094488189
11
0.7770840157480314
21
0.3157544094488189
0
LINE
8
BLACK
6
CONTINUOUS
10
0.7770840157480314
20
0.3157544094488189
11
0.777194094488189
21
0.3158498818897638
0
LINE
8
BLACK
6
CONTINUOUS
10
0.777194094488189
20
0.3158498818897638
11
0.7968941338582677
21
0.3224165354330709
0
LINE
8
BLACK
6
CONTINUOUS
10
0.7968941338582677
20
0.3224165354330709
11
0.7983828346456693
21
0.3223107480314961
0
LINE
8
BLACK
6
CONTINUOUS
10
0.7839771653543307
20
0.3139999606299212
11
0.7899321653543306
21
0.3120149606299212
0
LINE
8
BLACK
6
CONTINUOUS
10
0.7899321653543306
20
0.3120149606299212
11
0.7899321653543306
21
0.3159849212598425
0
LINE
8
BLACK
6
CONTINUOUS
10
0.7899321653543306
20
0.3159849212598425
11
0.7839771653543307
21
0.3139999606299212
0
LINE
8
BLACK
6
CONTINUOUS
10
1.2328619291338583
20
0.3288979921259843
11
1.2335527559055117
21
0.327
0
LINE
8
BLACK
6
CONTINUOUS
10
1.2335527559055117
20
0.327
11
1.2335527559055117
21
0.3211
0
LINE
8
BLACK
6
CONTINUOUS
10
1.2335527559055117
20
0.3211
11
1.2333923228346457
21
0.3201901968503937
0
LINE
8
BLACK
6
CONTINUOUS
10
1.2333923228346457
20
0.3201901968503937
11
1.2337527559055117
21
0.3192
0
LINE
8
BLACK
6
CONTINUOUS
10
1.2337527559055117
20
0.3192
11
1.2337527559055117
21
0.3114
0
LINE
8
BLACK
6
CONTINUOUS
10
1.2337527559055117
20
0.3114
11
1.2336851181102362
21
0.3110164566929134
0
LINE
8
BLACK
6
CONTINUOUS
10
1.2336851181102362
20
0.3110164566929134
11
1.2337079133858266
21
0.3108872440944882
0
LINE
8
BLACK
6
CONTINUOUS
10
1.2337079133858266
20
0.3108872440944882
11
1.2336422834645668
21
0.3107736220472441
0
LINE
8
BLACK
6
CONTINUOUS
10
1.2336422834645668
20
0.3107736220472441
11
1.2335746850393701
21
0.3103900787401574
0
LINE
8
BLACK
6
CONTINUOUS
10
1.2335746850393701
20
0.3103900787401574
11
1.2330815354330709
21
0.3098023622047244
0
LINE
8
BLACK
6
CONTINUOUS
10
1.2330815354330709
20
0.3098023622047244
11
1.2326979921259842
21
0.3091380708661417
0
LINE
8
BLACK
6
CONTINUOUS
10
1.2326979921259842
20
0.3091380708661417
11
1.2324476377952756
21
0.3090469291338583
0
LINE
8
BLACK
6
CONTINUOUS
10
1.2324476377952756
20
0.3090469291338583
11
1.2322763779527559
21
0.3088428346456693
0
LINE
8
BLACK
6
CONTINUOUS
10
1.2322763779527559
20
0.3088428346456693
11
1.2315207874015748
21
0.3087095669291339
0
LINE
8
BLACK
6
CONTINUOUS
10
1.2315207874015748
20
0.3087095669291339
11
1.2307999999999999
21
0.3084472440944882
0
LINE
8
BLACK
6
CONTINUOUS
10
1.2307999999999999
20
0.3084472440944882
11
1.0630000393700787
21
0.3084472440944882
0
LINE
8
BLACK
6
CONTINUOUS
10
1.0630000393700787
20
0.3084472440944882
11
1.0626872440944881
21
0.3083920866141732
0
LINE
8
BLACK
6
CONTINUOUS
10
1.0626872440944881
20
0.3083920866141732
11
1.0625916929133858
21
0.3084472440944882
0
LINE
8
BLACK
6
CONTINUOUS
10
1.0625916929133858
20
0.3084472440944882
11
1.0495999999999999
21
0.3084472440944882
0
LINE
8
BLACK
6
CONTINUOUS
10
1.0495999999999999
20
0.3084472440944882
11
1.0492164566929134
21
0.308514842519685
0
LINE
8
BLACK
6
CONTINUOUS
10
1.0492164566929134
20
0.308514842519685
11
1.0490872440944881
21
0.3084920866141732
0
LINE
8
BLACK
6
CONTINUOUS
10
1.0490872440944881
20
0.3084920866141732
11
1.0489736220472441
21
0.3085576771653543
0
LINE
8
BLACK
6
CONTINUOUS
10
1.0489736220472441
20
0.3085576771653543
11
1.0485900787401574
21
0.3086253149606299
0
LINE
8
BLACK
6
CONTINUOUS
10
1.0485900787401574
20
0.3086253149606299
11
1.0480023622047243
21
0.3091184251968504
0
LINE
8
BLACK
6
CONTINUOUS
10
1.0480023622047243
20
0.3091184251968504
11
1.0473380708661417
21
0.3095020078740157
0
LINE
8
BLACK
6
CONTINUOUS
10
1.0473380708661417
20
0.3095020078740157
11
1.0472469291338582
21
0.3097523228346457
0
LINE
8
BLACK
6
CONTINUOUS
10
1.0472469291338582
20
0.3097523228346457
11
1.0470428346456693
21
0.3099236220472441
0
LINE
8
BLACK
6
CONTINUOUS
10
1.0470428346456693
20
0.3099236220472441
11
1.0469095669291337
21
0.3106791732283464
0
LINE
8
BLACK
6
CONTINUOUS
10
1.0469095669291337
20
0.3106791732283464
11
1.0466472440944881
21
0.3114
0
LINE
8
BLACK
6
CONTINUOUS
10
1.0466472440944881
20
0.3114
11
1.0466472440944881
21
0.3192
0
LINE
8
BLACK
6
CONTINUOUS
10
1.0466472440944881
20
0.3192
11
1.0468076377952755
21
0.3201097637795275
0
LINE
8
BLACK
6
CONTINUOUS
10
1.0468076377952755
20
0.3201097637795275
11
1.0464472440944881
21
0.3211
0
LINE
8
BLACK
6
CONTINUOUS
10
1.0464472440944881
20
0.3211
11
1.0464472440944881
21
0.325
0
LINE
8
BLACK
6
CONTINUOUS
10
1.0464472440944881
20
0.325
11
1.0466253149606299
21
0.3260099212598425
0
LINE
8
BLACK
6
CONTINUOUS
10
1.0466253149606299
20
0.3260099212598425
11
1.0479236220472441
21
0.3275571653543307
0
LINE
8
BLACK
6
CONTINUOUS
10
1.0479236220472441
20
0.3275571653543307
11
1.0499127559055117
21
0.3279079133858268
0
LINE
8
BLACK
6
CONTINUOUS
10
1.0499127559055117
20
0.3279079133858268
11
1.0516619291338583
21
0.3268979921259842
0
LINE
8
BLACK
6
CONTINUOUS
10
1.0516619291338583
20
0.3268979921259842
11
1.0523527559055117
21
0.325
0
LINE
8
BLACK
6
CONTINUOUS
10
1.0523527559055117
20
0.325
11
1.0523527559055117
21
0.3211
0
LINE
8
BLACK
6
CONTINUOUS
10
1.0523527559055117
20
0.3211
11
1.0521923228346457
21
0.3201901968503937
0
LINE
8
BLACK
6
CONTINUOUS
10
1.0521923228346457
20
0.3201901968503937
11
1.0525527559055119
21
0.3192
0
LINE
8
BLACK
6
CONTINUOUS
10
1.0525527559055119
20
0.3192
11
1.0525527559055119
21
0.3143527559055118
0
LINE
8
BLACK
6
CONTINUOUS
10
1.0525527559055119
20
0.3143527559055118
11
1.0602472440944881
21
0.3143527559055118
0
LINE
8
BLACK
6
CONTINUOUS
10
1.0602472440944881
20
0.3143527559055118
11
1.0602472440944881
21
0.3191
0
LINE
8
BLACK
6
CONTINUOUS
10
1.0602472440944881
20
0.3191
11
1.06042531496063
21
0.3201099212598425
0
LINE
8
BLACK
6
CONTINUOUS
10
1.06042531496063
20
0.3201099212598425
11
1.0605524409448819
21
0.3202614173228346
0
LINE
8
BLACK
6
CONTINUOUS
10
1.0605524409448819
20
0.3202614173228346
11
1.0602472440944881
21
0.3211
0
LINE
8
BLACK
6
CONTINUOUS
10
1.0602472440944881
20
0.3211
11
1.0602472440944881
21
0.325
0
LINE
8
BLACK
6
CONTINUOUS
10
1.0602472440944881
20
0.325
11
1.06042531496063
21
0.3260099212598425
0
LINE
8
BLACK
6
CONTINUOUS
10
1.06042531496063
20
0.3260099212598425
11
1.0617236220472441
21
0.3275571653543307
0
LINE
8
BLACK
6
CONTINUOUS
10
1.0617236220472441
20
0.3275571653543307
11
1.0637127559055117
21
0.3279079133858268
0
LINE
8
BLACK
6
CONTINUOUS
10
1.0637127559055117
20
0.3279079133858268
11
1.0654619291338583
21
0.3268979921259842
0
LINE
8
BLACK
6
CONTINUOUS
10
1.0654619291338583
20
0.3268979921259842
11
1.0661527559055117
21
0.325
0
LINE
8
BLACK
6
CONTINUOUS
10
1.0661527559055117
20
0.325
11
1.0661527559055117
21
0.3211
0
LINE
8
BLACK
6
CONTINUOUS
10
1.0661527559055117
20
0.3211
11
1.0659746850393701
21
0.3200900787401575
0
LINE
8
BLACK
6
CONTINUOUS
10
1.0659746850393701
20
0.3200900787401575
11
1.0658475196850394
21
0.3199385433070866
0
LINE
8
BLACK
6
CONTINUOUS
10
1.0658475196850394
20
0.3199385433070866
11
1.0661527559055117
21
0.3191
0
LINE
8
BLACK
6
CONTINUOUS
10
1.0661527559055117
20
0.3191
11
1.0661527559055117
21
0.3143527559055118
0
LINE
8
BLACK
6
CONTINUOUS
10
1.0661527559055117
20
0.3143527559055118
11
1.2278472440944881
21
0.3143527559055118
0
LINE
8
BLACK
6
CONTINUOUS
10
1.2278472440944881
20
0.3143527559055118
11
1.2278472440944881
21
0.3192
0
LINE
8
BLACK
6
CONTINUOUS
10
1.2278472440944881
20
0.3192
11
1.2280076377952756
21
0.3201097637795275
0
LINE
8
BLACK
6
CONTINUOUS
10
1.2280076377952756
20
0.3201097637795275
11
1.2276472440944881
21
0.3211
0
LINE
8
BLACK
6
CONTINUOUS
10
1.2276472440944881
20
0.3211
11
1.2276472440944881
21
0.327
0
LINE
8
BLACK
6
CONTINUOUS
10
1.2276472440944881
20
0.327
11
1.22782531496063
21
0.3280099212598425
0
LINE
8
BLACK
6
CONTINUOUS
10
1.22782531496063
20
0.3280099212598425
11
1.2291236220472441
21
0.3295571653543307
0
LINE
8
BLACK
6
CONTINUOUS
10
1.2291236220472441
20
0.3295571653543307
11
1.2311127559055117
21
0.3299079133858268
0
LINE
8
BLACK
6
CONTINUOUS
10
1.2311127559055117
20
0.3299079133858268
11
1.2328619291338583
21
0.3288979921259843
0
LINE
8
BLACK
6
CONTINUOUS
10
0.8014099212598425
20
0.53337468503937
11
0.8029571653543307
21
0.5320763779527559
0
LINE
8
BLACK
6
CONTINUOUS
10
0.8029571653543307
20
0.5320763779527559
11
0.8033079133858267
21
0.5300872440944882
0
LINE
8
BLACK
6
CONTINUOUS
10
0.8033079133858267
20
0.5300872440944882
11
0.8022979921259842
21
0.5283380708661417
0
LINE
8
BLACK
6
CONTINUOUS
10
0.8022979921259842
20
0.5283380708661417
11
0.8004
21
0.5276472440944882
0
LINE
8
BLACK
6
CONTINUOUS
10
0.8004
20
0.5276472440944882
11
0.7965
21
0.5276472440944882
0
LINE
8
BLACK
6
CONTINUOUS
10
0.7965
20
0.5276472440944882
11
0.7955901968503937
21
0.5278076377952756
0
LINE
8
BLACK
6
CONTINUOUS
10
0.7955901968503937
20
0.5278076377952756
11
0.7946
21
0.5274472440944882
0
LINE
8
BLACK
6
CONTINUOUS
10
0.7946
20
0.5274472440944882
11
0.7897527559055117
21
0.5274472440944882
0
LINE
8
BLACK
6
CONTINUOUS
10
0.7897527559055117
20
0.5274472440944882
11
0.7897527559055117
21
0.5197527559055118
0
LINE
8
BLACK
6
CONTINUOUS
10
0.7897527559055117
20
0.5197527559055118
11
0.7945
21
0.5197527559055118
0
LINE
8
BLACK
6
CONTINUOUS
10
0.7945
20
0.5197527559055118
11
0.7955099212598425
21
0.5195746850393701
0
LINE
8
BLACK
6
CONTINUOUS
10
0.7955099212598425
20
0.5195746850393701
11
0.7956614173228346
21
0.5194475196850393
0
LINE
8
BLACK
6
CONTINUOUS
10
0.7956614173228346
20
0.5194475196850393
11
0.7965
21
0.5197527559055118
0
LINE
8
BLACK
6
CONTINUOUS
10
0.7965
20
0.5197527559055118
11
0.8004
21
0.5197527559055118
0
LINE
8
BLACK
6
CONTINUOUS
10
0.8004
20
0.5197527559055118
11
0.8014099212598425
21
0.5195746850393701
0
LINE
8
BLACK
6
CONTINUOUS
10
0.8014099212598425
20
0.5195746850393701
11
0.8029571653543307
21
0.5182763779527559
0
LINE
8
BLACK
6
CONTINUOUS
10
0.8029571653543307
20
0.5182763779527559
11
0.8033079133858267
21
0.5162872440944882
0
LINE
8
BLACK
6
CONTINUOUS
10
0.8033079133858267
20
0.5162872440944882
11
0.8022979921259842
21
0.5145380708661417
0
LINE
8
BLACK
6
CONTINUOUS
10
0.8022979921259842
20
0.5145380708661417
11
0.8004
21
0.5138472440944882
0
LINE
8
BLACK
6
CONTINUOUS
10
0.8004
20
0.5138472440944882
11
0.7965
21
0.5138472440944882
0
LINE
8
BLACK
6
CONTINUOUS
10
0.7965
20
0.5138472440944882
11
0.7954900787401574
21
0.5140253149606299
0
LINE
8
BLACK
6
CONTINUOUS
10
0.7954900787401574
20
0.5140253149606299
11
0.7953385433070866
21
0.5141524409448819
0
LINE
8
BLACK
6
CONTINUOUS
10
0.7953385433070866
20
0.5141524409448819
11
0.7945
21
0.5138472440944882
0
LINE
8
BLACK
6
CONTINUOUS
10
0.7945
20
0.5138472440944882
11
0.7897527559055117
21
0.5138472440944882
0
LINE
8
BLACK
6
CONTINUOUS
10
0.7897527559055117
20
0.5138472440944882
11
0.7897527559055117
21
0.3521527559055118
0
LINE
8
BLACK
6
CONTINUOUS
10
0.7897527559055117
20
0.3521527559055118
11
0.7946
21
0.3521527559055118
0
LINE
8
BLACK
6
CONTINUOUS
10
0.7946
20
0.3521527559055118
11
0.7955097637795275
21
0.3519923228346457
0
LINE
8
BLACK
6
CONTINUOUS
10
0.7955097637795275
20
0.3519923228346457
11
0.7965
21
0.3523527559055118
0
LINE
8
BLACK
6
CONTINUOUS
10
0.7965
20
0.3523527559055118
11
0.8024
21
0.3523527559055118
0
LINE
8
BLACK
6
CONTINUOUS
10
0.8024
20
0.3523527559055118
11
0.8034099212598425
21
0.3521746850393701
0
LINE
8
BLACK
6
CONTINUOUS
10
0.8034099212598425
20
0.3521746850393701
11
0.8049571653543307
21
0.3508763779527559
0
LINE
8
BLACK
6
CONTINUOUS
10
0.8049571653543307
20
0.3508763779527559
11
0.8053079133858267
21
0.3488872440944882
0
LINE
8
BLACK
6
CONTINUOUS
10
0.8053079133858267
20
0.3488872440944882
11
0.8042979921259842
21
0.3471380708661417
0
LINE
8
BLACK
6
CONTINUOUS
10
0.8042979921259842
20
0.3471380708661417
11
0.8024
21
0.3464472440944882
0
LINE
8
BLACK
6
CONTINUOUS
10
0.8024
20
0.3464472440944882
11
0.7965
21
0.3464472440944882
0
LINE
8
BLACK
6
CONTINUOUS
10
0.7965
20
0.3464472440944882
11
0.7955901968503937
21
0.3466076377952756
0
LINE
8
BLACK
6
CONTINUOUS
10
0.7955901968503937
20
0.3466076377952756
11
0.7946
21
0.3462472440944882
0
LINE
8
BLACK
6
CONTINUOUS
10
0.7946
20
0.3462472440944882
11
0.7867999999999999
21
0.3462472440944882
0
LINE
8
BLACK
6
CONTINUOUS
10
0.7867999999999999
20
0.3462472440944882
11
0.7864164566929134
21
0.346314842519685
0
LINE
8
BLACK
6
CONTINUOUS
10
0.7864164566929134
20
0.346314842519685
11
0.7862872440944881
21
0.3462920866141732
0
LINE
8
BLACK
6
CONTINUOUS
10
0.7862872440944881
20
0.3462920866141732
11
0.7861736220472441
21
0.3463576771653543
0
LINE
8
BLACK
6
CONTINUOUS
10
0.7861736220472441
20
0.3463576771653543
11
0.7857900787401575
21
0.3464253149606299
0
LINE
8
BLACK
6
CONTINUOUS
10
0.7857900787401575
20
0.3464253149606299
11
0.7852023622047244
21
0.3469184251968504
0
LINE
8
BLACK
6
CONTINUOUS
10
0.7852023622047244
20
0.3469184251968504
11
0.7845380708661417
21
0.3473020078740157
0
LINE
8
BLACK
6
CONTINUOUS
10
0.7845380708661417
20
0.3473020078740157
11
0.7844469291338583
21
0.3475523228346457
0
LINE
8
BLACK
6
CONTINUOUS
10
0.7844469291338583
20
0.3475523228346457
11
0.7842428346456692
21
0.3477236220472441
0
LINE
8
BLACK
6
CONTINUOUS
10
0.7842428346456692
20
0.3477236220472441
11
0.7841095669291338
21
0.3484791732283464
0
LINE
8
BLACK
6
CONTINUOUS
10
0.7841095669291338
20
0.3484791732283464
11
0.7838472440944881
21
0.3492
0
LINE
8
BLACK
6
CONTINUOUS
10
0.7838472440944881
20
0.3492
11
0.7838472440944881
21
0.5169999212598425
0
LINE
8
BLACK
6
CONTINUOUS
10
0.7838472440944881
20
0.5169999212598425
11
0.7837920866141732
21
0.5173127559055118
0
LINE
8
BLACK
6
CONTINUOUS
10
0.7837920866141732
20
0.5173127559055118
11
0.7838472440944881
21
0.5174082677165355
0
LINE
8
BLACK
6
CONTINUOUS
10
0.7838472440944881
20
0.5174082677165355
11
0.7838472440944881
21
0.5304
0
LINE
8
BLACK
6
CONTINUOUS
10
0.7838472440944881
20
0.5304
11
0.783914842519685
21
0.5307835039370079
0
LINE
8
BLACK
6
CONTINUOUS
10
0.783914842519685
20
0.5307835039370079
11
0.7838920866141732
21
0.5309127559055118
0
LINE
8
BLACK
6
CONTINUOUS
10
0.7838920866141732
20
0.5309127559055118
11
0.7839576771653544
21
0.5310263385826771
0
LINE
8
BLACK
6
CONTINUOUS
10
0.7839576771653544
20
0.5310263385826771
11
0.7840253149606299
21
0.5314099212598425
0
LINE
8
BLACK
6
CONTINUOUS
10
0.7840253149606299
20
0.5314099212598425
11
0.7845184251968503
21
0.5319975984251969
0
LINE
8
BLACK
6
CONTINUOUS
10
0.7845184251968503
20
0.5319975984251969
11
0.7849020078740158
21
0.5326619291338582
0
LINE
8
BLACK
6
CONTINUOUS
10
0.7849020078740158
20
0.5326619291338582
11
0.7851523228346456
21
0.532753031496063
0
LINE
8
BLACK
6
CONTINUOUS
10
0.7851523228346456
20
0.532753031496063
11
0.785323622047244
21
0.5329571653543307
0
LINE
8
BLACK
6
CONTINUOUS
10
0.785323622047244
20
0.5329571653543307
11
0.7860791732283464
21
0.5330903937007874
0
LINE
8
BLACK
6
CONTINUOUS
10
0.7860791732283464
20
0.5330903937007874
11
0.7867999999999999
21
0.5333527559055118
0
LINE
8
BLACK
6
CONTINUOUS
10
0.7867999999999999
20
0.5333527559055118
11
0.7946
21
0.5333527559055118
0
LINE
8
BLACK
6
CONTINUOUS
10
0.7946
20
0.5333527559055118
11
0.7955097637795275
21
0.5331923228346457
0
LINE
8
BLACK
6
CONTINUOUS
10
0.7955097637795275
20
0.5331923228346457
11
0.7965
21
0.5335527559055118
0
LINE
8
BLACK
6
CONTINUOUS
10
0.7965
20
0.5335527559055118
11
0.8004
21
0.5335527559055118
0
LINE
8
BLACK
6
CONTINUOUS
10
0.8004
20
0.5335527559055118
11
0.8014099212598425
21
0.53337468503937
0
LINE
8
BLACK
6
CONTINUOUS
10
0.9353099212598425
20
0.53337468503937
11
0.9354614173228346
21
0.5332475196850394
0
LINE
8
BLACK
6
CONTINUOUS
10
0.9354614173228346
20
0.5332475196850394
11
0.9363
21
0.5335527559055118
0
LINE
8
BLACK
6
CONTINUOUS
10
0.9363
20
0.5335527559055118
11
0.9440999999999999
21
0.5335527559055118
0
LINE
8
BLACK
6
CONTINUOUS
10
0.9440999999999999
20
0.5335527559055118
11
0.9444835039370079
21
0.5334851181102362
0
LINE
8
BLACK
6
CONTINUOUS
10
0.9444835039370079
20
0.5334851181102362
11
0.9446127559055117
21
0.5335079133858267
0
LINE
8
BLACK
6
CONTINUOUS
10
0.9446127559055117
20
0.5335079133858267
11
0.9447263385826772
21
0.5334422834645669
0
LINE
8
BLACK
6
CONTINUOUS
10
0.9447263385826772
20
0.5334422834645669
11
0.9451099212598425
21
0.53337468503937
0
LINE
8
BLACK
6
CONTINUOUS
10
0.9451099212598425
20
0.53337468503937
11
0.9456975984251969
21
0.5328815354330708
0
LINE
8
BLACK
6
CONTINUOUS
10
0.9456975984251969
20
0.5328815354330708
11
0.9463619291338582
21
0.5324979921259843
0
LINE
8
BLACK
6
CONTINUOUS
10
0.9463619291338582
20
0.5324979921259843
11
0.946453031496063
21
0.5322476377952756
0
LINE
8
BLACK
6
CONTINUOUS
10
0.946453031496063
20
0.5322476377952756
11
0.9466571653543306
21
0.5320763779527559
0
LINE
8
BLACK
6
CONTINUOUS
10
0.9466571653543306
20
0.5320763779527559
11
0.9467903937007873
21
0.5313207874015748
0
LINE
8
BLACK
6
CONTINUOUS
10
0.9467903937007873
20
0.5313207874015748
11
0.9470527559055117
21
0.5306
0
LINE
8
BLACK
6
CONTINUOUS
10
0.9470527559055117
20
0.5306
11
0.9470527559055117
21
0.3494
0
LINE
8
BLACK
6
CONTINUOUS
10
0.9470527559055117
20
0.3494
11
0.9469851181102362
21
0.3490164566929134
0
LINE
8
BLACK
6
CONTINUOUS
10
0.9469851181102362
20
0.3490164566929134
11
0.9470079133858268
21
0.3488872440944882
0
LINE
8
BLACK
6
CONTINUOUS
10
0.9470079133858268
20
0.3488872440944882
11
0.9469422834645669
21
0.3487736220472441
0
LINE
8
BLACK
6
CONTINUOUS
10
0.9469422834645669
20
0.3487736220472441
11
0.9468746850393701
21
0.3483900787401575
0
LINE
8
BLACK
6
CONTINUOUS
10
0.9468746850393701
20
0.3483900787401575
11
0.9463815354330708
21
0.3478023622047244
0
LINE
8
BLACK
6
CONTINUOUS
10
0.9463815354330708
20
0.3478023622047244
11
0.9459979921259842
21
0.3471380708661417
0
LINE
8
BLACK
6
CONTINUOUS
10
0.9459979921259842
20
0.3471380708661417
11
0.9457476377952756
21
0.3470469291338583
0
LINE
8
BLACK
6
CONTINUOUS
10
0.9457476377952756
20
0.3470469291338583
11
0.9455763779527558
21
0.3468428346456693
0
LINE
8
BLACK
6
CONTINUOUS
10
0.9455763779527558
20
0.3468428346456693
11
0.9448207874015748
21
0.3467095669291338
0
LINE
8
BLACK
6
CONTINUOUS
10
0.9448207874015748
20
0.3467095669291338
11
0.9440999999999999
21
0.3464472440944882
0
LINE
8
BLACK
6
CONTINUOUS
10
0.9440999999999999
20
0.3464472440944882
11
0.9363
21
0.3464472440944882
0
LINE
8
BLACK
6
CONTINUOUS
10
0.9363
20
0.3464472440944882
11
0.9352900787401575
21
0.3466253149606299
0
LINE
8
BLACK
6
CONTINUOUS
10
0.9352900787401575
20
0.3466253149606299
11
0.9351385433070866
21
0.3467524409448819
0
LINE
8
BLACK
6
CONTINUOUS
10
0.9351385433070866
20
0.3467524409448819
11
0.9343
21
0.3464472440944882
0
LINE
8
BLACK
6
CONTINUOUS
10
0.9343
20
0.3464472440944882
11
0.9304
21
0.3464472440944882
0
LINE
8
BLACK
6
CONTINUOUS
10
0.9304
20
0.3464472440944882
11
0.9293900787401574
21
0.3466253149606299
0
LINE
8
BLACK
6
CONTINUOUS
10
0.9293900787401574
20
0.3466253149606299
11
0.9278428346456693
21
0.3479236220472441
0
LINE
8
BLACK
6
CONTINUOUS
10
0.9278428346456693
20
0.3479236220472441
11
0.9274920866141733
21
0.3499127559055118
0
LINE
8
BLACK
6
CONTINUOUS
10
0.9274920866141733
20
0.3499127559055118
11
0.9285020078740157
21
0.3516619291338582
0
LINE
8
BLACK
6
CONTINUOUS
10
0.9285020078740157
20
0.3516619291338582
11
0.9304
21
0.3523527559055118
0
LINE
8
BLACK
6
CONTINUOUS
10
0.9304
20
0.3523527559055118
11
0.9343
21
0.3523527559055118
0
LINE
8
BLACK
6
CONTINUOUS
10
0.9343
20
0.3523527559055118
11
0.9353099212598425
21
0.3521746850393701
0
LINE
8
BLACK
6
CONTINUOUS
10
0.9353099212598425
20
0.3521746850393701
11
0.9354614173228346
21
0.3520475196850394
0
LINE
8
BLACK
6
CONTINUOUS
10
0.9354614173228346
20
0.3520475196850394
11
0.9363
21
0.3523527559055118
0
LINE
8
BLACK
6
CONTINUOUS
10
0.9363
20
0.3523527559055118
11
0.9411472440944881
21
0.3523527559055118
0
LINE
8
BLACK
6
CONTINUOUS
10
0.9411472440944881
20
0.3523527559055118
11
0.9411472440944881
21
0.5138472440944882
0
LINE
8
BLACK
6
CONTINUOUS
10
0.9411472440944881
20
0.5138472440944882
11
0.9363
21
0.5138472440944882
0
LINE
8
BLACK
6
CONTINUOUS
10
0.9363
20
0.5138472440944882
11
0.9352900787401575
21
0.5140253149606299
0
LINE
8
BLACK
6
CONTINUOUS
10
0.9352900787401575
20
0.5140253149606299
11
0.9351385433070866
21
0.5141524409448819
0
LINE
8
BLACK
6
CONTINUOUS
10
0.9351385433070866
20
0.5141524409448819
11
0.9343
21
0.5138472440944882
0
LINE
8
BLACK
6
CONTINUOUS
10
0.9343
20
0.5138472440944882
11
0.9304
21
0.5138472440944882
0
LINE
8
BLACK
6
CONTINUOUS
10
0.9304
20
0.5138472440944882
11
0.9293900787401574
21
0.5140253149606299
0
LINE
8
BLACK
6
CONTINUOUS
10
0.9293900787401574
20
0.5140253149606299
11
0.9278428346456693
21
0.5153236220472441
0
LINE
8
BLACK
6
CONTINUOUS
10
0.9278428346456693
20
0.5153236220472441
11
0.9274920866141733
21
0.5173127559055118
0
LINE
8
BLACK
6
CONTINUOUS
10
0.9274920866141733
20
0.5173127559055118
11
0.9285020078740157
21
0.5190619291338583
0
LINE
8
BLACK
6
CONTINUOUS
10
0.9285020078740157
20
0.5190619291338583
11
0.9304
21
0.5197527559055118
0
LINE
8
BLACK
6
CONTINUOUS
10
0.9304
20
0.5197527559055118
11
0.9343
21
0.5197527559055118
0
LINE
8
BLACK
6
CONTINUOUS
10
0.9343
20
0.5197527559055118
11
0.9353099212598425
21
0.5195746850393701
0
LINE
8
BLACK
6
CONTINUOUS
10
0.9353099212598425
20
0.5195746850393701
11
0.9354614173228346
21
0.5194475196850393
0
LINE
8
BLACK
6
CONTINUOUS
10
0.9354614173228346
20
0.5194475196850393
11
0.9363
21
0.5197527559055118
0
LINE
8
BLACK
6
CONTINUOUS
10
0.9363
20
0.5197527559055118
11
0.9411472440944881
21
0.5197527559055118
0
LINE
8
BLACK
6
CONTINUOUS
10
0.9411472440944881
20
0.5197527559055118
11
0.9411472440944881
21
0.5276472440944882
0
LINE
8
BLACK
6
CONTINUOUS
10
0.9411472440944881
20
0.5276472440944882
11
0.9363
21
0.5276472440944882
0
LINE
8
BLACK
6
CONTINUOUS
10
0.9363
20
0.5276472440944882
11
0.9352900787401575
21
0.5278253149606299
0
LINE
8
BLACK
6
CONTINUOUS
10
0.9352900787401575
20
0.5278253149606299
11
0.9351385433070866
21
0.5279524409448819
0
LINE
8
BLACK
6
CONTINUOUS
10
0.9351385433070866
20
0.5279524409448819
11
0.9343
21
0.5276472440944882
0
LINE
8
BLACK
6
CONTINUOUS
10
0.9343
20
0.5276472440944882
11
0.9304
21
0.5276472440944882
0
LINE
8
BLACK
6
CONTINUOUS
10
0.9304
20
0.5276472440944882
11
0.9293900787401574
21
0.5278253149606299
0
LINE
8
BLACK
6
CONTINUOUS
10
0.9293900787401574
20
0.5278253149606299
11
0.9278428346456693
21
0.5291236220472441
0
LINE
8
BLACK
6
CONTINUOUS
10
0.9278428346456693
20
0.5291236220472441
11
0.9274920866141733
21
0.5311127559055118
0
LINE
8
BLACK
6
CONTINUOUS
10
0.9274920866141733
20
0.5311127559055118
11
0.9285020078740157
21
0.5328619291338582
0
LINE
8
BLACK
6
CONTINUOUS
10
0.9285020078740157
20
0.5328619291338582
11
0.9304
21
0.5335527559055118
0
LINE
8
BLACK
6
CONTINUOUS
10
0.9304
20
0.5335527559055118
11
0.9343
21
0.5335527559055118
0
LINE
8
BLACK
6
CONTINUOUS
10
0.9343
20
0.5335527559055118
11
0.9353099212598425
21
0.53337468503937
0
LINE
8
BLACK
6
CONTINUOUS
10
1.1199034251968503
20
0.4285099212598425
11
1.1212546850393701
21
0.4282334251968504
0
LINE
8
BLACK
6
CONTINUOUS
10
1.1212546850393701
20
0.4282334251968504
11
1.1269689763779527
21
0.4253762992125984
0
LINE
8
BLACK
6
CONTINUOUS
10
1.1269689763779527
20
0.4253762992125984
11
1.1276917716535433
21
0.4247353149606299
0
LINE
8
BLACK
6
CONTINUOUS
10
1.1276917716535433
20
0.4247353149606299
11
1.1285283070866141
21
0.4242523622047244
0
LINE
8
BLACK
6
CONTINUOUS
10
1.1285283070866141
20
0.4242523622047244
11
1.1313854724409449
21
0.4213951968503937
0
LINE
8
BLACK
6
CONTINUOUS
10
1.1313854724409449
20
0.4213951968503937
11
1.1329383858267716
21
0.4187054724409449
0
LINE
8
BLACK
6
CONTINUOUS
10
1.1329383858267716
20
0.4187054724409449
11
1.1329383858267716
21
0.4155996456692913
0
LINE
8
BLACK
6
CONTINUOUS
10
1.1329383858267716
20
0.4155996456692913
11
1.1313854724409449
21
0.4129099212598425
0
LINE
8
BLACK
6
CONTINUOUS
10
1.1313854724409449
20
0.4129099212598425
11
1.1286957480314961
21
0.4113570078740157
0
LINE
8
BLACK
6
CONTINUOUS
10
1.1286957480314961
20
0.4113570078740157
11
1.1255899212598426
21
0.4113570078740157
0
LINE
8
BLACK
6
CONTINUOUS
10
1.1255899212598426
20
0.4113570078740157
11
1.1229001968503938
21
0.4129099212598425
0
LINE
8
BLACK
6
CONTINUOUS
10
1.1229001968503938
20
0.4129099212598425
11
1.1207315354330709
21
0.4150785826771654
0
LINE
8
BLACK
6
CONTINUOUS
10
1.1207315354330709
20
0.4150785826771654
11
1.1171549999999999
21
0.4168668503937008
0
LINE
8
BLACK
6
CONTINUOUS
10
1.1171549999999999
20
0.4168668503937008
11
1.1057021259842519
21
0.4168668503937008
0
LINE
8
BLACK
6
CONTINUOUS
10
1.1057021259842519
20
0.4168668503937008
11
1.1021255118110236
21
0.4150785433070866
0
LINE
8
BLACK
6
CONTINUOUS
10
1.1021255118110236
20
0.4150785433070866
11
1.1006453937007874
21
0.4135984251968504
0
LINE
8
BLACK
6
CONTINUOUS
10
1.1006453937007874
20
0.4135984251968504
11
1.0988571259842519
21
0.4100218503937008
0
LINE
8
BLACK
6
CONTINUOUS
10
1.0988571259842519
20
0.4100218503937008
11
1.0988571259842519
21
0.4066976377952756
0
LINE
8
BLACK
6
CONTINUOUS
10
1.0988571259842519
20
0.4066976377952756
11
1.100958464566929
21
0.4003936220472441
0
LINE
8
BLACK
6
CONTINUOUS
10
1.100958464566929
20
0.4003936220472441
11
1.1342425984251969
21
0.3671094881889764
0
LINE
8
BLACK
6
CONTINUOUS
10
1.1342425984251969
20
0.3671094881889764
11
1.1346375590551181
21
0.3664253543307087
0
LINE
8
BLACK
6
CONTINUOUS
10
1.1346375590551181
20
0.3664253543307087
11
1.1351961023622048
21
0.3658668503937008
0
LINE
8
BLACK
6
CONTINUOUS
10
1.1351961023622048
20
0.3658668503937008
11
1.1354005118110235
21
0.3651038582677165
0
LINE
8
BLACK
6
CONTINUOUS
10
1.1354005118110235
20
0.3651038582677165
11
1.1357955118110237
21
0.3644197637795276
0
LINE
8
BLACK
6
CONTINUOUS
10
1.1357955118110237
20
0.3644197637795276
11
1.1357955118110237
21
0.3636298425196851
0
LINE
8
BLACK
6
CONTINUOUS
10
1.1357955118110237
20
0.3636298425196851
11
1.1359999606299211
21
0.3628668503937008
0
LINE
8
BLACK
6
CONTINUOUS
10
1.1359999606299211
20
0.3628668503937008
11
1.1357955118110237
21
0.3621038188976378
0
LINE
8
BLACK
6
CONTINUOUS
10
1.1357955118110237
20
0.3621038188976378
11
1.1357955118110237
21
0.361313937007874
0
LINE
8
BLACK
6
CONTINUOUS
10
1.1357955118110237
20
0.361313937007874
11
1.1354005118110235
21
0.3606298031496063
0
LINE
8
BLACK
6
CONTINUOUS
10
1.1354005118110235
20
0.3606298031496063
11
1.1351961023622048
21
0.3598668503937008
0
LINE
8
BLACK
6
CONTINUOUS
10
1.1351961023622048
20
0.3598668503937008
11
1.1346375590551181
21
0.3593083070866142
0
LINE
8
BLACK
6
CONTINUOUS
10
1.1346375590551181
20
0.3593083070866142
11
1.1342425984251969
21
0.3586242125984252
0
LINE
8
BLACK
6
CONTINUOUS
10
1.1342425984251969
20
0.3586242125984252
11
1.1335584645669292
21
0.3582292125984252
0
LINE
8
BLACK
6
CONTINUOUS
10
1.1335584645669292
20
0.3582292125984252
11
1.1329999606299213
21
0.3576707086614173
0
LINE
8
BLACK
6
CONTINUOUS
10
1.1329999606299213
20
0.3576707086614173
11
1.1322369685039371
21
0.3574662598425197
0
LINE
8
BLACK
6
CONTINUOUS
10
1.1322369685039371
20
0.3574662598425197
11
1.1315528740157481
21
0.3570712992125984
0
LINE
8
BLACK
6
CONTINUOUS
10
1.1315528740157481
20
0.3570712992125984
11
1.1307629527559055
21
0.3570712992125984
0
LINE
8
BLACK
6
CONTINUOUS
10
1.1307629527559055
20
0.3570712992125984
11
1.1299999606299211
21
0.3568668503937008
0
LINE
8
BLACK
6
CONTINUOUS
10
1.1299999606299211
20
0.3568668503937008
11
1.0928571259842519
21
0.3568668503937008
0
LINE
8
BLACK
6
CONTINUOUS
10
1.0928571259842519
20
0.3568668503937008
11
1.089857125984252
21
0.3576707086614173
0
LINE
8
BLACK
6
CONTINUOUS
10
1.089857125984252
20
0.3576707086614173
11
1.0876609842519684
21
0.3598668503937008
0
LINE
8
BLACK
6
CONTINUOUS
10
1.0876609842519684
20
0.3598668503937008
11
1.0868571259842519
21
0.3628668503937008
0
LINE
8
BLACK
6
CONTINUOUS
10
1.0868571259842519
20
0.3628668503937008
11
1.0876609842519684
21
0.3658668503937008
0
LINE
8
BLACK
6
CONTINUOUS
10
1.0876609842519684
20
0.3658668503937008
11
1.089857125984252
21
0.3680629921259843
0
LINE
8
BLACK
6
CONTINUOUS
10
1.089857125984252
20
0.3680629921259843
11
1.0928571259842519
21
0.3688668503937008
0
LINE
8
BLACK
6
CONTINUOUS
10
1.0928571259842519
20
0.3688668503937008
11
1.11551468503937
21
0.3688668503937008
0
LINE
8
BLACK
6
CONTINUOUS
10
1.11551468503937
20
0.3688668503937008
11
1.0914716141732284
21
0.3929099212598425
0
LINE
8
BLACK
6
CONTINUOUS
10
1.0914716141732284
20
0.3929099212598425
11
1.0907820078740158
21
0.3941042913385827
0
LINE
8
BLACK
6
CONTINUOUS
10
1.0907820078740158
20
0.3941042913385827
11
1.0900221653543307
21
0.3952551968503937
0
LINE
8
BLACK
6
CONTINUOUS
10
1.0900221653543307
20
0.3952551968503937
11
1.0871650393700787
21
0.4038266535433071
0
LINE
8
BLACK
6
CONTINUOUS
10
1.0871650393700787
20
0.4038266535433071
11
1.087107125984252
21
0.4047908661417323
0
LINE
8
BLACK
6
CONTINUOUS
10
1.087107125984252
20
0.4047908661417323
11
1.0868571259842519
21
0.4057240157480315
0
LINE
8
BLACK
6
CONTINUOUS
10
1.0868571259842519
20
0.4057240157480315
11
1.0868571259842519
21
0.4114382677165354
0
LINE
8
BLACK
6
CONTINUOUS
10
1.0868571259842519
20
0.4114382677165354
11
1.0872140551181102
21
0.4127703543307086
0
LINE
8
BLACK
6
CONTINUOUS
10
1.0872140551181102
20
0.4127703543307086
11
1.0874905511811024
21
0.4141215354330708
0
LINE
8
BLACK
6
CONTINUOUS
10
1.0874905511811024
20
0.4141215354330708
11
1.0903476771653544
21
0.4198358267716535
0
LINE
8
BLACK
6
CONTINUOUS
10
1.0903476771653544
20
0.4198358267716535
11
1.090988622047244
21
0.4205586220472441
0
LINE
8
BLACK
6
CONTINUOUS
10
1.090988622047244
20
0.4205586220472441
11
1.0914716141732284
21
0.4213951968503937
0
LINE
8
BLACK
6
CONTINUOUS
10
1.0914716141732284
20
0.4213951968503937
11
1.0943287795275591
21
0.4242523622047244
0
LINE
8
BLACK
6
CONTINUOUS
10
1.0943287795275591
20
0.4242523622047244
11
1.0951653543307087
21
0.4247353543307086
0
LINE
8
BLACK
6
CONTINUOUS
10
1.0951653543307087
20
0.4247353543307086
11
1.0958881496062991
21
0.4253762992125984
0
LINE
8
BLACK
6
CONTINUOUS
10
1.0958881496062991
20
0.4253762992125984
11
1.1016024015748032
21
0.4282334251968504
0
LINE
8
BLACK
6
CONTINUOUS
10
1.1016024015748032
20
0.4282334251968504
11
1.102953622047244
21
0.4285099212598425
0
LINE
8
BLACK
6
CONTINUOUS
10
1.102953622047244
20
0.4285099212598425
11
1.1042856692913385
21
0.4288668503937008
0
LINE
8
BLACK
6
CONTINUOUS
10
1.1042856692913385
20
0.4288668503937008
11
1.1185714173228347
21
0.4288668503937008
0
LINE
8
BLACK
6
CONTINUOUS
10
1.1185714173228347
20
0.4288668503937008
11
1.1199034251968503
21
0.4285099212598425
0
LINE
8
BLACK
6
CONTINUOUS
10
1.1872856692913385
20
0.4280629921259843
11
1.189481811023622
21
0.4258668503937008
0
LINE
8
BLACK
6
CONTINUOUS
10
1.189481811023622
20
0.4258668503937008
11
1.1902856692913386
21
0.4228668503937008
0
LINE
8
BLACK
6
CONTINUOUS
10
1.1902856692913386
20
0.4228668503937008
11
1.1902856692913386
21
0.3628668503937008
0
LINE
8
BLACK
6
CONTINUOUS
10
1.1902856692913386
20
0.3628668503937008
11
1.189481811023622
21
0.3598668503937008
0
LINE
8
BLACK
6
CONTINUOUS
10
1.189481811023622
20
0.3598668503937008
11
1.1872856692913385
21
0.3576707086614173
0
LINE
8
BLACK
6
CONTINUOUS
10
1.1872856692913385
20
0.3576707086614173
11
1.1842856692913386
21
0.3568668503937008
0
LINE
8
BLACK
6
CONTINUOUS
10
1.1842856692913386
20
0.3568668503937008
11
1.1699999606299212
21
0.3568668503937008
0
LINE
8
BLACK
6
CONTINUOUS
10
1.1699999606299212
20
0.3568668503937008
11
1.169066811023622
21
0.3571168503937008
0
LINE
8
BLACK
6
CONTINUOUS
10
1.169066811023622
20
0.3571168503937008
11
1.1681025984251969
21
0.3571747637795276
0
LINE
8
BLACK
6
CONTINUOUS
10
1.1681025984251969
20
0.3571747637795276
11
1.1595311417322833
21
0.3600319291338583
0
LINE
8
BLACK
6
CONTINUOUS
10
1.1595311417322833
20
0.3600319291338583
11
1.15838031496063
21
0.3607917322834646
0
LINE
8
BLACK
6
CONTINUOUS
10
1.15838031496063
20
0.3607917322834646
11
1.157185905511811
21
0.3614813779527559
0
LINE
8
BLACK
6
CONTINUOUS
10
1.157185905511811
20
0.3614813779527559
11
1.1514716141732284
21
0.3671956299212598
0
LINE
8
BLACK
6
CONTINUOUS
10
1.1514716141732284
20
0.3671956299212598
11
1.1509886220472441
21
0.3680321653543307
0
LINE
8
BLACK
6
CONTINUOUS
10
1.1509886220472441
20
0.3680321653543307
11
1.1503476771653542
21
0.368755
0
LINE
8
BLACK
6
CONTINUOUS
10
1.1503476771653542
20
0.368755
11
1.1474905511811024
21
0.3744692913385826
0
LINE
8
BLACK
6
CONTINUOUS
10
1.1474905511811024
20
0.3744692913385826
11
1.1473577559055117
21
0.3751181496062992
0
LINE
8
BLACK
6
CONTINUOUS
10
1.1473577559055117
20
0.3751181496062992
11
1.1470362598425197
21
0.3756973228346457
0
LINE
8
BLACK
6
CONTINUOUS
10
1.1470362598425197
20
0.3756973228346457
11
1.1441790944881889
21
0.387125905511811
0
LINE
8
BLACK
6
CONTINUOUS
10
1.1441790944881889
20
0.387125905511811
11
1.1441915354330709
21
0.3878661023622047
0
LINE
8
BLACK
6
CONTINUOUS
10
1.1441915354330709
20
0.3878661023622047
11
1.1439999606299212
21
0.3885811417322835
0
LINE
8
BLACK
6
CONTINUOUS
10
1.1439999606299212
20
0.3885811417322835
11
1.1439999606299212
21
0.3971525590551181
0
LINE
8
BLACK
6
CONTINUOUS
10
1.1439999606299212
20
0.3971525590551181
11
1.1441915354330709
21
0.3978675590551181
0
LINE
8
BLACK
6
CONTINUOUS
10
1.1441915354330709
20
0.3978675590551181
11
1.1441790944881889
21
0.3986077952755905
0
LINE
8
BLACK
6
CONTINUOUS
10
1.1441790944881889
20
0.3986077952755905
11
1.1470362598425197
21
0.4100363779527559
0
LINE
8
BLACK
6
CONTINUOUS
10
1.1470362598425197
20
0.4100363779527559
11
1.1473577559055117
21
0.4106155118110236
0
LINE
8
BLACK
6
CONTINUOUS
10
1.1473577559055117
20
0.4106155118110236
11
1.1474905511811024
21
0.4112644094488189
0
LINE
8
BLACK
6
CONTINUOUS
10
1.1474905511811024
20
0.4112644094488189
11
1.1503476771653542
21
0.4169787007874016
0
LINE
8
BLACK
6
CONTINUOUS
10
1.1503476771653542
20
0.4169787007874016
11
1.1509886220472441
21
0.4177014960629921
0
LINE
8
BLACK
6
CONTINUOUS
10
1.1509886220472441
20
0.4177014960629921
11
1.1514716141732284
21
0.4185380708661417
0
LINE
8
BLACK
6
CONTINUOUS
10
1.1514716141732284
20
0.4185380708661417
11
1.157185905511811
21
0.4242523622047244
0
LINE
8
BLACK
6
CONTINUOUS
10
1.157185905511811
20
0.4242523622047244
11
1.1583802755905512
21
0.4249419291338583
0
LINE
8
BLACK
6
CONTINUOUS
10
1.1583802755905512
20
0.4249419291338583
11
1.1595311811023621
21
0.425701811023622
0
LINE
8
BLACK
6
CONTINUOUS
10
1.1595311811023621
20
0.425701811023622
11
1.1681025984251969
21
0.4285589763779528
0
LINE
8
BLACK
6
CONTINUOUS
10
1.1681025984251969
20
0.4285589763779528
11
1.169066968503937
21
0.4286168503937008
0
LINE
8
BLACK
6
CONTINUOUS
10
1.169066968503937
20
0.4286168503937008
11
1.1699999606299212
21
0.4288668503937008
0
LINE
8
BLACK
6
CONTINUOUS
10
1.1699999606299212
20
0.4288668503937008
11
1.1842856692913386
21
0.4288668503937008
0
LINE
8
BLACK
6
CONTINUOUS
10
1.1842856692913386
20
0.4288668503937008
11
1.1872856692913385
21
0.4280629921259843
0
LINE
8
BLACK
6
CONTINUOUS
10
1.1646696062992126
20
0.4147655118110236
11
1.1606453937007875
21
0.4107412992125984
0
LINE
8
BLACK
6
CONTINUOUS
10
1.1606453937007875
20
0.4107412992125984
11
1.1585182283464566
21
0.4064870078740158
0
LINE
8
BLACK
6
CONTINUOUS
10
1.1585182283464566
20
0.4064870078740158
11
1.1559999606299212
21
0.3964138188976378
0
LINE
8
BLACK
6
CONTINUOUS
10
1.1559999606299212
20
0.3964138188976378
11
1.1559999606299212
21
0.389319842519685
0
LINE
8
BLACK
6
CONTINUOUS
10
1.1559999606299212
20
0.389319842519685
11
1.1585182283464566
21
0.3792466535433071
0
LINE
8
BLACK
6
CONTINUOUS
10
1.1585182283464566
20
0.3792466535433071
11
1.1606453937007875
21
0.3749924015748031
0
LINE
8
BLACK
6
CONTINUOUS
10
1.1606453937007875
20
0.3749924015748031
11
1.1646696062992126
21
0.370968188976378
0
LINE
8
BLACK
6
CONTINUOUS
10
1.1646696062992126
20
0.370968188976378
11
1.170973622047244
21
0.3688668503937008
0
LINE
8
BLACK
6
CONTINUOUS
10
1.170973622047244
20
0.3688668503937008
11
1.1782856692913386
21
0.3688668503937008
0
LINE
8
BLACK
6
CONTINUOUS
10
1.1782856692913386
20
0.3688668503937008
11
1.1782856692913386
21
0.4168668503937008
0
LINE
8
BLACK
6
CONTINUOUS
10
1.1782856692913386
20
0.4168668503937008
11
1.1709735826771652
21
0.4168668503937008
0
LINE
8
BLACK
6
CONTINUOUS
10
1.1709735826771652
20
0.4168668503937008
11
1.1646696062992126
21
0.4147655118110236
0
LINE
8
BLACK
6
CONTINUOUS
10
0.8901331102362204
20
0.4223389763779528
11
0.8923292519685039
21
0.4201428346456693
0
LINE
8
BLACK
6
CONTINUOUS
10
0.8923292519685039
20
0.4201428346456693
11
0.8931331102362204
21
0.4171428346456693
0
LINE
8
BLACK
6
CONTINUOUS
10
0.8931331102362204
20
0.4171428346456693
11
0.8931331102362204
21
0.382857125984252
0
LINE
8
BLACK
6
CONTINUOUS
10
0.8931331102362204
20
0.382857125984252
11
0.8923292519685039
21
0.379857125984252
0
LINE
8
BLACK
6
CONTINUOUS
10
0.8923292519685039
20
0.379857125984252
11
0.8901331102362204
21
0.3776609842519685
0
LINE
8
BLACK
6
CONTINUOUS
10
0.8901331102362204
20
0.3776609842519685
11
0.8871331102362204
21
0.376857125984252
0
LINE
8
BLACK
6
CONTINUOUS
10
0.8871331102362204
20
0.376857125984252
11
0.8841331102362204
21
0.3776609842519685
0
LINE
8
BLACK
6
CONTINUOUS
10
0.8841331102362204
20
0.3776609842519685
11
0.881936968503937
21
0.379857125984252
0
LINE
8
BLACK
6
CONTINUOUS
10
0.881936968503937
20
0.379857125984252
11
0.8811331102362204
21
0.382857125984252
0
LINE
8
BLACK
6
CONTINUOUS
10
0.8811331102362204
20
0.382857125984252
11
0.8811331102362204
21
0.3939999606299213
0
LINE
8
BLACK
6
CONTINUOUS
10
0.8811331102362204
20
0.3939999606299213
11
0.8271331102362205
21
0.3939999606299213
0
LINE
8
BLACK
6
CONTINUOUS
10
0.8271331102362205
20
0.3939999606299213
11
0.8258135039370078
21
0.3943535433070866
0
LINE
8
BLACK
6
CONTINUOUS
10
0.8258135039370078
20
0.3943535433070866
11
0.8244737795275591
21
0.3946214960629921
0
LINE
8
BLACK
6
CONTINUOUS
10
0.8244737795275591
20
0.3946214960629921
11
0.8243247244094488
21
0.3947524409448819
0
LINE
8
BLACK
6
CONTINUOUS
10
0.8243247244094488
20
0.3947524409448819
11
0.8241331102362205
21
0.3948038188976378
0
LINE
8
BLACK
6
CONTINUOUS
10
0.8241331102362205
20
0.3948038188976378
11
0.8231669291338582
21
0.3957699606299213
0
LINE
8
BLACK
6
CONTINUOUS
10
0.8231669291338582
20
0.3957699606299213
11
0.8221408267716536
21
0.3966717716535433
0
LINE
8
BLACK
6
CONTINUOUS
10
0.8221408267716536
20
0.3966717716535433
11
0.8220772440944881
21
0.3968596456692913
0
LINE
8
BLACK
6
CONTINUOUS
10
0.8220772440944881
20
0.3968596456692913
11
0.8219369685039369
21
0.3969999606299213
0
LINE
8
BLACK
6
CONTINUOUS
10
0.8219369685039369
20
0.3969999606299213
11
0.8215833070866142
21
0.3983197244094488
0
LINE
8
BLACK
6
CONTINUOUS
10
0.8215833070866142
20
0.3983197244094488
11
0.8211455511811023
21
0.3996138188976378
0
LINE
8
BLACK
6
CONTINUOUS
10
0.8211455511811023
20
0.3996138188976378
11
0.8211844488188976
21
0.3998083070866142
0
LINE
8
BLACK
6
CONTINUOUS
10
0.8211844488188976
20
0.3998083070866142
11
0.8211331102362205
21
0.3999999606299213
0
LINE
8
BLACK
6
CONTINUOUS
10
0.8211331102362205
20
0.3999999606299213
11
0.8214866929133858
21
0.4013195275590551
0
LINE
8
BLACK
6
CONTINUOUS
10
0.8214866929133858
20
0.4013195275590551
11
0.8217546456692914
21
0.4026592913385827
0
LINE
8
BLACK
6
CONTINUOUS
10
0.8217546456692914
20
0.4026592913385827
11
0.821885590551181
21
0.4028083070866141
0
LINE
8
BLACK
6
CONTINUOUS
10
0.821885590551181
20
0.4028083070866141
11
0.8219369685039369
21
0.4029999606299213
0
LINE
8
BLACK
6
CONTINUOUS
10
0.8219369685039369
20
0.4029999606299213
11
0.8229031102362204
21
0.4039661023622047
0
LINE
8
BLACK
6
CONTINUOUS
10
0.8229031102362204
20
0.4039661023622047
11
0.8238049212598425
21
0.4049922440944882
0
LINE
8
BLACK
6
CONTINUOUS
10
0.8238049212598425
20
0.4049922440944882
11
0.8318818897637795
21
0.4103768897637795
0
LINE
8
BLACK
6
CONTINUOUS
10
0.8318818897637795
20
0.4103768897637795
11
0.8364876377952756
21
0.4149826377952756
0
LINE
8
BLACK
6
CONTINUOUS
10
0.8364876377952756
20
0.4149826377952756
11
0.8389094094488189
21
0.4198261417322834
0
LINE
8
BLACK
6
CONTINUOUS
10
0.8389094094488189
20
0.4198261417322834
11
0.8409700787401575
21
0.4221499212598425
0
LINE
8
BLACK
6
CONTINUOUS
10
0.8409700787401575
20
0.4221499212598425
11
0.8439164960629921
21
0.4231320472440945
0
LINE
8
BLACK
6
CONTINUOUS
10
0.8439164960629921
20
0.4231320472440945
11
0.8469592913385826
21
0.4225093700787401
0
LINE
8
BLACK
6
CONTINUOUS
10
0.8469592913385826
20
0.4225093700787401
11
0.8492830708661417
21
0.4204487401574803
0
LINE
8
BLACK
6
CONTINUOUS
10
0.8492830708661417
20
0.4204487401574803
11
0.8502651968503937
21
0.4175023228346457
0
LINE
8
BLACK
6
CONTINUOUS
10
0.8502651968503937
20
0.4175023228346457
11
0.8496425590551181
21
0.4144595275590551
0
LINE
8
BLACK
6
CONTINUOUS
10
0.8496425590551181
20
0.4144595275590551
11
0.8467853937007874
21
0.4087452362204724
0
LINE
8
BLACK
6
CONTINUOUS
10
0.8467853937007874
20
0.4087452362204724
11
0.8461444094488189
21
0.4080224015748031
0
LINE
8
BLACK
6
CONTINUOUS
10
0.8461444094488189
20
0.4080224015748031
11
0.8456614566929134
21
0.407185905511811
0
LINE
8
BLACK
6
CONTINUOUS
10
0.8456614566929134
20
0.407185905511811
11
0.8444755118110236
21
0.4059999606299213
0
LINE
8
BLACK
6
CONTINUOUS
10
0.8444755118110236
20
0.4059999606299213
11
0.8811331102362204
21
0.4059999606299213
0
LINE
8
BLACK
6
CONTINUOUS
10
0.8811331102362204
20
0.4059999606299213
11
0.8811331102362204
21
0.4171428346456693
0
LINE
8
BLACK
6
CONTINUOUS
10
0.8811331102362204
20
0.4171428346456693
11
0.881936968503937
21
0.4201428346456693
0
LINE
8
BLACK
6
CONTINUOUS
10
0.881936968503937
20
0.4201428346456693
11
0.8841331102362204
21
0.4223389763779528
0
LINE
8
BLACK
6
CONTINUOUS
10
0.8841331102362204
20
0.4223389763779528
11
0.8871331102362204
21
0.4231428346456693
0
LINE
8
BLACK
6
CONTINUOUS
10
0.8871331102362204
20
0.4231428346456693
11
0.8901331102362204
21
0.4223389763779528
0
LINE
8
BLACK
6
CONTINUOUS
10
0.8901331102362204
20
0.479481811023622
11
0.8923292519685039
21
0.4772856692913386
0
LINE
8
BLACK
6
CONTINUOUS
10
0.8923292519685039
20
0.4772856692913386
11
0.8931331102362204
21
0.4742856692913386
0
LINE
8
BLACK
6
CONTINUOUS
10
0.8931331102362204
20
0.4742856692913386
11
0.8931331102362204
21
0.4599999606299213
0
LINE
8
BLACK
6
CONTINUOUS
10
0.8931331102362204
20
0.4599999606299213
11
0.8928831102362205
21
0.459066968503937
0
LINE
8
BLACK
6
CONTINUOUS
10
0.8928831102362205
20
0.459066968503937
11
0.8928252362204724
21
0.4581025984251968
0
LINE
8
BLACK
6
CONTINUOUS
10
0.8928252362204724
20
0.4581025984251968
11
0.8899680708661417
21
0.4495311811023622
0
LINE
8
BLACK
6
CONTINUOUS
10
0.8899680708661417
20
0.4495311811023622
11
0.8892081889763779
21
0.4483802755905512
0
LINE
8
BLACK
6
CONTINUOUS
10
0.8892081889763779
20
0.4483802755905512
11
0.8885186220472441
21
0.447185905511811
0
LINE
8
BLACK
6
CONTINUOUS
10
0.8885186220472441
20
0.447185905511811
11
0.8828043307086614
21
0.4414716141732283
0
LINE
8
BLACK
6
CONTINUOUS
10
0.8828043307086614
20
0.4414716141732283
11
0.8819677559055118
21
0.4409886220472441
0
LINE
8
BLACK
6
CONTINUOUS
10
0.8819677559055118
20
0.4409886220472441
11
0.8812449606299212
21
0.4403476771653543
0
LINE
8
BLACK
6
CONTINUOUS
10
0.8812449606299212
20
0.4403476771653543
11
0.8755306692913386
21
0.4374905511811024
0
LINE
8
BLACK
6
CONTINUOUS
10
0.8755306692913386
20
0.4374905511811024
11
0.8748817716535433
21
0.4373577559055118
0
LINE
8
BLACK
6
CONTINUOUS
10
0.8748817716535433
20
0.4373577559055118
11
0.8743026377952756
21
0.4370362598425196
0
LINE
8
BLACK
6
CONTINUOUS
10
0.8743026377952756
20
0.4370362598425196
11
0.8628740551181102
21
0.434179094488189
0
LINE
8
BLACK
6
CONTINUOUS
10
0.8628740551181102
20
0.434179094488189
11
0.8621338188976377
21
0.4341915354330709
0
LINE
8
BLACK
6
CONTINUOUS
10
0.8621338188976377
20
0.4341915354330709
11
0.8614188188976378
21
0.4339999606299212
0
LINE
8
BLACK
6
CONTINUOUS
10
0.8614188188976378
20
0.4339999606299212
11
0.8528474015748031
21
0.4339999606299212
0
LINE
8
BLACK
6
CONTINUOUS
10
0.8528474015748031
20
0.4339999606299212
11
0.8521323622047244
21
0.4341915354330709
0
LINE
8
BLACK
6
CONTINUOUS
10
0.8521323622047244
20
0.4341915354330709
11
0.8513921653543307
21
0.434179094488189
0
LINE
8
BLACK
6
CONTINUOUS
10
0.8513921653543307
20
0.434179094488189
11
0.8399635826771653
21
0.4370362598425196
0
LINE
8
BLACK
6
CONTINUOUS
10
0.8399635826771653
20
0.4370362598425196
11
0.8393844094488189
21
0.4373577559055118
0
LINE
8
BLACK
6
CONTINUOUS
10
0.8393844094488189
20
0.4373577559055118
11
0.8387355511811023
21
0.4374905511811024
0
LINE
8
BLACK
6
CONTINUOUS
10
0.8387355511811023
20
0.4374905511811024
11
0.8330212598425196
21
0.4403476771653543
0
LINE
8
BLACK
6
CONTINUOUS
10
0.8330212598425196
20
0.4403476771653543
11
0.8322984645669291
21
0.4409885826771653
0
LINE
8
BLACK
6
CONTINUOUS
10
0.8322984645669291
20
0.4409885826771653
11
0.8314618897637795
21
0.4414716141732283
0
LINE
8
BLACK
6
CONTINUOUS
10
0.8314618897637795
20
0.4414716141732283
11
0.8257475984251968
21
0.447185905511811
0
LINE
8
BLACK
6
CONTINUOUS
10
0.8257475984251968
20
0.447185905511811
11
0.8250579921259842
21
0.4483802755905512
0
LINE
8
BLACK
6
CONTINUOUS
10
0.8250579921259842
20
0.4483802755905512
11
0.8242981496062992
21
0.4495311811023622
0
LINE
8
BLACK
6
CONTINUOUS
10
0.8242981496062992
20
0.4495311811023622
11
0.8214410236220472
21
0.4581025984251968
0
LINE
8
BLACK
6
CONTINUOUS
10
0.8214410236220472
20
0.4581025984251968
11
0.8213831102362205
21
0.459066811023622
0
LINE
8
BLACK
6
CONTINUOUS
10
0.8213831102362205
20
0.459066811023622
11
0.8211331102362205
21
0.4599999606299213
0
LINE
8
BLACK
6
CONTINUOUS
10
0.8211331102362205
20
0.4599999606299213
11
0.8211331102362205
21
0.4742856692913386
0
LINE
8
BLACK
6
CONTINUOUS
10
0.8211331102362205
20
0.4742856692913386
11
0.8219369685039369
21
0.4772856692913386
0
LINE
8
BLACK
6
CONTINUOUS
10
0.8219369685039369
20
0.4772856692913386
11
0.8241331102362205
21
0.479481811023622
0
LINE
8
BLACK
6
CONTINUOUS
10
0.8241331102362205
20
0.479481811023622
11
0.8271331102362205
21
0.4802856692913386
0
LINE
8
BLACK
6
CONTINUOUS
10
0.8271331102362205
20
0.4802856692913386
11
0.8871331102362204
21
0.4802856692913386
0
LINE
8
BLACK
6
CONTINUOUS
10
0.8871331102362204
20
0.4802856692913386
11
0.8901331102362204
21
0.479481811023622
0
LINE
8
BLACK
6
CONTINUOUS
10
0.8331331102362205
20
0.4609735826771653
11
0.8352344488188976
21
0.4546695669291339
0
LINE
8
BLACK
6
CONTINUOUS
10
0.8352344488188976
20
0.4546695669291339
11
0.8392586220472441
21
0.4506453937007874
0
LINE
8
BLACK
6
CONTINUOUS
10
0.8392586220472441
20
0.4506453937007874
11
0.8435129133858268
21
0.4485182283464567
0
LINE
8
BLACK
6
CONTINUOUS
10
0.8435129133858268
20
0.4485182283464567
11
0.8535861023622047
21
0.4459999606299213
0
LINE
8
BLACK
6
CONTINUOUS
10
0.8535861023622047
20
0.4459999606299213
11
0.8606801181102361
21
0.4459999606299213
0
LINE
8
BLACK
6
CONTINUOUS
10
0.8606801181102361
20
0.4459999606299213
11
0.8707532677165354
21
0.4485182283464567
0
LINE
8
BLACK
6
CONTINUOUS
10
0.8707532677165354
20
0.4485182283464567
11
0.8750075590551181
21
0.4506453937007874
0
LINE
8
BLACK
6
CONTINUOUS
10
0.8750075590551181
20
0.4506453937007874
11
0.8790317716535433
21
0.4546696062992126
0
LINE
8
BLACK
6
CONTINUOUS
10
0.8790317716535433
20
0.4546696062992126
11
0.8811331102362204
21
0.4609735433070866
0
LINE
8
BLACK
6
CONTINUOUS
10
0.8811331102362204
20
0.4609735433070866
11
0.8811331102362204
21
0.4682856692913386
0
LINE
8
BLACK
6
CONTINUOUS
10
0.8811331102362204
20
0.4682856692913386
11
0.8331331102362205
21
0.4682856692913386
0
LINE
8
BLACK
6
CONTINUOUS
10
0.8331331102362205
20
0.4682856692913386
11
0.8331331102362205
21
0.4609735826771653
0
LINE
8
BLACK
6
CONTINUOUS
10
1.2309835039370078
20
0.4715851181102362
11
1.2311127559055117
21
0.4716079133858267
0
LINE
8
BLACK
6
CONTINUOUS
10
1.2311127559055117
20
0.4716079133858267
11
1.2312263385826772
21
0.4715422834645669
0
LINE
8
BLACK
6
CONTINUOUS
10
1.2312263385826772
20
0.4715422834645669
11
1.2316099212598426
21
0.4714746850393701
0
LINE
8
BLACK
6
CONTINUOUS
10
1.2316099212598426
20
0.4714746850393701
11
1.2321975984251967
21
0.4709815354330709
0
LINE
8
BLACK
6
CONTINUOUS
10
1.2321975984251967
20
0.4709815354330709
11
1.2328619291338583
21
0.4705979921259842
0
LINE
8
BLACK
6
CONTINUOUS
10
1.2328619291338583
20
0.4705979921259842
11
1.2329530314960631
21
0.4703476377952756
0
LINE
8
BLACK
6
CONTINUOUS
10
1.2329530314960631
20
0.4703476377952756
11
1.2331571653543307
21
0.4701763779527559
0
LINE
8
BLACK
6
CONTINUOUS
10
1.2331571653543307
20
0.4701763779527559
11
1.2332903937007873
21
0.4694207874015748
0
LINE
8
BLACK
6
CONTINUOUS
10
1.2332903937007873
20
0.4694207874015748
11
1.2335527559055117
21
0.4687
0
LINE
8
BLACK
6
CONTINUOUS
10
1.2335527559055117
20
0.4687
11
1.2335527559055117
21
0.4609
0
LINE
8
BLACK
6
CONTINUOUS
10
1.2335527559055117
20
0.4609
11
1.2333746850393701
21
0.4598900787401575
0
LINE
8
BLACK
6
CONTINUOUS
10
1.2333746850393701
20
0.4598900787401575
11
1.2332475196850394
21
0.4597385433070866
0
LINE
8
BLACK
6
CONTINUOUS
10
1.2332475196850394
20
0.4597385433070866
11
1.2335527559055117
21
0.4589
0
LINE
8
BLACK
6
CONTINUOUS
10
1.2335527559055117
20
0.4589
11
1.2335527559055117
21
0.455
0
LINE
8
BLACK
6
CONTINUOUS
10
1.2335527559055117
20
0.455
11
1.2333746850393701
21
0.4539900787401575
0
LINE
8
BLACK
6
CONTINUOUS
10
1.2333746850393701
20
0.4539900787401575
11
1.2320763779527559
21
0.4524428346456693
0
LINE
8
BLACK
6
CONTINUOUS
10
1.2320763779527559
20
0.4524428346456693
11
1.2300872440944881
21
0.4520920866141732
0
LINE
8
BLACK
6
CONTINUOUS
10
1.2300872440944881
20
0.4520920866141732
11
1.2283380708661418
21
0.4531020078740157
0
LINE
8
BLACK
6
CONTINUOUS
10
1.2283380708661418
20
0.4531020078740157
11
1.2276472440944881
21
0.455
0
LINE
8
BLACK
6
CONTINUOUS
10
1.2276472440944881
20
0.455
11
1.2276472440944881
21
0.4589
0
LINE
8
BLACK
6
CONTINUOUS
10
1.2276472440944881
20
0.4589
11
1.22782531496063
21
0.4599099212598425
0
LINE
8
BLACK
6
CONTINUOUS
10
1.22782531496063
20
0.4599099212598425
11
1.2279524409448819
21
0.4600614173228346
0
LINE
8
BLACK
6
CONTINUOUS
10
1.2279524409448819
20
0.4600614173228346
11
1.2276472440944881
21
0.4609
0
LINE
8
BLACK
6
CONTINUOUS
10
1.2276472440944881
20
0.4609
11
1.2276472440944881
21
0.4657472440944882
0
LINE
8
BLACK
6
CONTINUOUS
10
1.2276472440944881
20
0.4657472440944882
11
1.0661527559055117
21
0.4657472440944882
0
LINE
8
BLACK
6
CONTINUOUS
10
1.0661527559055117
20
0.4657472440944882
11
1.0661527559055117
21
0.4609
0
LINE
8
BLACK
6
CONTINUOUS
10
1.0661527559055117
20
0.4609
11
1.0659746850393701
21
0.4598900787401575
0
LINE
8
BLACK
6
CONTINUOUS
10
1.0659746850393701
20
0.4598900787401575
11
1.0658475196850394
21
0.4597385433070866
0
LINE
8
BLACK
6
CONTINUOUS
10
1.0658475196850394
20
0.4597385433070866
11
1.0661527559055117
21
0.4589
0
LINE
8
BLACK
6
CONTINUOUS
10
1.0661527559055117
20
0.4589
11
1.0661527559055117
21
0.455
0
LINE
8
BLACK
6
CONTINUOUS
10
1.0661527559055117
20
0.455
11
1.0659746850393701
21
0.4539900787401575
0
LINE
8
BLACK
6
CONTINUOUS
10
1.0659746850393701
20
0.4539900787401575
11
1.0646763779527559
21
0.4524428346456693
0
LINE
8
BLACK
6
CONTINUOUS
10
1.0646763779527559
20
0.4524428346456693
11
1.0626872440944881
21
0.4520920866141732
0
LINE
8
BLACK
6
CONTINUOUS
10
1.0626872440944881
20
0.4520920866141732
11
1.0609380708661418
21
0.4531020078740157
0
LINE
8
BLACK
6
CONTINUOUS
10
1.0609380708661418
20
0.4531020078740157
11
1.0602472440944881
21
0.455
0
LINE
8
BLACK
6
CONTINUOUS
10
1.0602472440944881
20
0.455
11
1.0602472440944881
21
0.4589
0
LINE
8
BLACK
6
CONTINUOUS
10
1.0602472440944881
20
0.4589
11
1.06042531496063
21
0.4599099212598425
0
LINE
8
BLACK
6
CONTINUOUS
10
1.06042531496063
20
0.4599099212598425
11
1.0605524409448819
21
0.4600614173228346
0
LINE
8
BLACK
6
CONTINUOUS
10
1.0605524409448819
20
0.4600614173228346
11
1.0602472440944881
21
0.4609
0
LINE
8
BLACK
6
CONTINUOUS
10
1.0602472440944881
20
0.4609
11
1.0602472440944881
21
0.4657472440944882
0
LINE
8
BLACK
6
CONTINUOUS
10
1.0602472440944881
20
0.4657472440944882
11
1.0523527559055117
21
0.4657472440944882
0
LINE
8
BLACK
6
CONTINUOUS
10
1.0523527559055117
20
0.4657472440944882
11
1.0523527559055117
21
0.4609
0
LINE
8
BLACK
6
CONTINUOUS
10
1.0523527559055117
20
0.4609
11
1.0521746850393701
21
0.4598900787401575
0
LINE
8
BLACK
6
CONTINUOUS
10
1.0521746850393701
20
0.4598900787401575
11
1.0520475196850394
21
0.4597385433070866
0
LINE
8
BLACK
6
CONTINUOUS
10
1.0520475196850394
20
0.4597385433070866
11
1.0523527559055117
21
0.4589
0
LINE
8
BLACK
6
CONTINUOUS
10
1.0523527559055117
20
0.4589
11
1.0523527559055117
21
0.455
0
LINE
8
BLACK
6
CONTINUOUS
10
1.0523527559055117
20
0.455
11
1.0521746850393701
21
0.4539900787401575
0
LINE
8
BLACK
6
CONTINUOUS
10
1.0521746850393701
20
0.4539900787401575
11
1.0508763779527559
21
0.4524428346456693
0
LINE
8
BLACK
6
CONTINUOUS
10
1.0508763779527559
20
0.4524428346456693
11
1.0488872440944881
21
0.4520920866141732
0
LINE
8
BLACK
6
CONTINUOUS
10
1.0488872440944881
20
0.4520920866141732
11
1.0471380708661417
21
0.4531020078740157
0
LINE
8
BLACK
6
CONTINUOUS
10
1.0471380708661417
20
0.4531020078740157
11
1.0464472440944881
21
0.455
0
LINE
8
BLACK
6
CONTINUOUS
10
1.0464472440944881
20
0.455
11
1.0464472440944881
21
0.4589
0
LINE
8
BLACK
6
CONTINUOUS
10
1.0464472440944881
20
0.4589
11
1.0466253149606299
21
0.4599099212598425
0
LINE
8
BLACK
6
CONTINUOUS
10
1.0466253149606299
20
0.4599099212598425
11
1.0467524409448818
21
0.4600614173228346
0
LINE
8
BLACK
6
CONTINUOUS
10
1.0467524409448818
20
0.4600614173228346
11
1.0464472440944881
21
0.4609
0
LINE
8
BLACK
6
CONTINUOUS
10
1.0464472440944881
20
0.4609
11
1.0464472440944881
21
0.4687
0
LINE
8
BLACK
6
CONTINUOUS
10
1.0464472440944881
20
0.4687
11
1.0465148425196851
21
0.4690835039370079
0
LINE
8
BLACK
6
CONTINUOUS
10
1.0465148425196851
20
0.4690835039370079
11
1.0464920866141731
21
0.4692127559055118
0
LINE
8
BLACK
6
CONTINUOUS
10
1.0464920866141731
20
0.4692127559055118
11
1.0465576771653544
21
0.4693263385826771
0
LINE
8
BLACK
6
CONTINUOUS
10
1.0465576771653544
20
0.4693263385826771
11
1.0466253149606299
21
0.4697099212598425
0
LINE
8
BLACK
6
CONTINUOUS
10
1.0466253149606299
20
0.4697099212598425
11
1.0471184251968504
21
0.4702975984251969
0
LINE
8
BLACK
6
CONTINUOUS
10
1.0471184251968504
20
0.4702975984251969
11
1.0475020078740158
21
0.4709619291338583
0
LINE
8
BLACK
6
CONTINUOUS
10
1.0475020078740158
20
0.4709619291338583
11
1.0477523228346457
21
0.471053031496063
0
LINE
8
BLACK
6
CONTINUOUS
10
1.0477523228346457
20
0.471053031496063
11
1.0479236220472441
21
0.4712571653543307
0
LINE
8
BLACK
6
CONTINUOUS
10
1.0479236220472441
20
0.4712571653543307
11
1.0486791732283465
21
0.4713903937007874
0
LINE
8
BLACK
6
CONTINUOUS
10
1.0486791732283465
20
0.4713903937007874
11
1.0493999999999999
21
0.4716527559055118
0
LINE
8
BLACK
6
CONTINUOUS
10
1.0493999999999999
20
0.4716527559055118
11
1.2305999999999999
21
0.4716527559055118
0
LINE
8
BLACK
6
CONTINUOUS
10
1.2305999999999999
20
0.4716527559055118
11
1.2309835039370078
21
0.4715851181102362
0
LINE
8
BLACK
6
CONTINUOUS
10
1.0847619291338582
20
0.5193979921259843
11
1.0854527559055118
21
0.5175
0
LINE
8
BLACK
6
CONTINUOUS
10
1.0854527559055118
20
0.5175
11
1.0854527559055118
21
0.4775
0
LINE
8
BLACK
6
CONTINUOUS
10
1.0854527559055118
20
0.4775
11
1.0853851181102363
21
0.4771164566929134
0
LINE
8
BLACK
6
CONTINUOUS
10
1.0853851181102363
20
0.4771164566929134
11
1.0854079133858268
21
0.4769872440944882
0
LINE
8
BLACK
6
CONTINUOUS
10
1.0854079133858268
20
0.4769872440944882
11
1.085342283464567
21
0.4768736220472441
0
LINE
8
BLACK
6
CONTINUOUS
10
1.085342283464567
20
0.4768736220472441
11
1.08527468503937
21
0.4764900787401575
0
LINE
8
BLACK
6
CONTINUOUS
10
1.08527468503937
20
0.4764900787401575
11
1.0847815354330708
21
0.4759023622047244
0
LINE
8
BLACK
6
CONTINUOUS
10
1.0847815354330708
20
0.4759023622047244
11
1.0843979921259843
21
0.4752380708661417
0
LINE
8
BLACK
6
CONTINUOUS
10
1.0843979921259843
20
0.4752380708661417
11
1.0841476377952757
21
0.4751469291338583
0
LINE
8
BLACK
6
CONTINUOUS
10
1.0841476377952757
20
0.4751469291338583
11
1.0839763779527558
21
0.4749428346456693
0
LINE
8
BLACK
6
CONTINUOUS
10
1.0839763779527558
20
0.4749428346456693
11
1.0832207874015747
21
0.4748095669291338
0
LINE
8
BLACK
6
CONTINUOUS
10
1.0832207874015747
20
0.4748095669291338
11
1.0825
21
0.4745472440944882
0
LINE
8
BLACK
6
CONTINUOUS
10
1.0825
20
0.4745472440944882
11
1.0225
21
0.4745472440944882
0
LINE
8
BLACK
6
CONTINUOUS
10
1.0225
20
0.4745472440944882
11
1.0221164566929133
21
0.4746148425196851
0
LINE
8
BLACK
6
CONTINUOUS
10
1.0221164566929133
20
0.4746148425196851
11
1.0219872440944882
21
0.4745920866141732
0
LINE
8
BLACK
6
CONTINUOUS
10
1.0219872440944882
20
0.4745920866141732
11
1.021873622047244
21
0.4746576771653543
0
LINE
8
BLACK
6
CONTINUOUS
10
1.021873622047244
20
0.4746576771653543
11
1.0214900787401575
21
0.4747253149606299
0
LINE
8
BLACK
6
CONTINUOUS
10
1.0214900787401575
20
0.4747253149606299
11
1.0209023622047244
21
0.4752184251968504
0
LINE
8
BLACK
6
CONTINUOUS
10
1.0209023622047244
20
0.4752184251968504
11
1.0202380708661416
21
0.4756020078740157
0
LINE
8
BLACK
6
CONTINUOUS
10
1.0202380708661416
20
0.4756020078740157
11
1.0201469291338583
21
0.4758523228346457
0
LINE
8
BLACK
6
CONTINUOUS
10
1.0201469291338583
20
0.4758523228346457
11
1.0199428346456694
21
0.4760236220472441
0
LINE
8
BLACK
6
CONTINUOUS
10
1.0199428346456694
20
0.4760236220472441
11
1.0198095669291338
21
0.4767791732283465
0
LINE
8
BLACK
6
CONTINUOUS
10
1.0198095669291338
20
0.4767791732283465
11
1.0195472440944882
21
0.4775
0
LINE
8
BLACK
6
CONTINUOUS
10
1.0195472440944882
20
0.4775
11
1.0195472440944882
21
0.5175
0
LINE
8
BLACK
6
CONTINUOUS
10
1.0195472440944882
20
0.5175
11
1.0197253149606298
21
0.5185099212598425
0
LINE
8
BLACK
6
CONTINUOUS
10
1.0197253149606298
20
0.5185099212598425
11
1.0210236220472442
21
0.5200571653543307
0
LINE
8
BLACK
6
CONTINUOUS
10
1.0210236220472442
20
0.5200571653543307
11
1.0230127559055118
21
0.5204079133858268
0
LINE
8
BLACK
6
CONTINUOUS
10
1.0230127559055118
20
0.5204079133858268
11
1.0247619291338583
21
0.5193979921259843
0
LINE
8
BLACK
6
CONTINUOUS
10
1.0247619291338583
20
0.5193979921259843
11
1.0254527559055118
21
0.5175
0
LINE
8
BLACK
6
CONTINUOUS
10
1.0254527559055118
20
0.5175
11
1.0254527559055118
21
0.4804527559055118
0
LINE
8
BLACK
6
CONTINUOUS
10
1.0254527559055118
20
0.4804527559055118
11
1.0795472440944882
21
0.4804527559055118
0
LINE
8
BLACK
6
CONTINUOUS
10
1.0795472440944882
20
0.4804527559055118
11
1.0795472440944882
21
0.5175
0
LINE
8
BLACK
6
CONTINUOUS
10
1.0795472440944882
20
0.5175
11
1.0797253149606298
21
0.5185099212598425
0
LINE
8
BLACK
6
CONTINUOUS
10
1.0797253149606298
20
0.5185099212598425
11
1.081023622047244
21
0.5200571653543307
0
LINE
8
BLACK
6
CONTINUOUS
10
1.081023622047244
20
0.5200571653543307
11
1.0830127559055118
21
0.5204079133858268
0
LINE
8
BLACK
6
CONTINUOUS
10
1.0830127559055118
20
0.5204079133858268
11
1.0847619291338582
21
0.5193979921259843
0
LINE
8
BLACK
6
CONTINUOUS
10
1.0779102362204724
20
0.5185416929133858
11
1.0785399606299213
21
0.5170214173228347
0
LINE
8
BLACK
6
CONTINUOUS
10
1.0785399606299213
20
0.5170214173228347
11
1.0779102362204724
21
0.5155011417322835
0
LINE
8
BLACK
6
CONTINUOUS
10
1.0779102362204724
20
0.5155011417322835
11
1.0763899606299212
21
0.5148714173228346
0
LINE
8
BLACK
6
CONTINUOUS
10
1.0763899606299212
20
0.5148714173228346
11
1.0728336220472441
21
0.5148714173228346
0
LINE
8
BLACK
6
CONTINUOUS
10
1.0728336220472441
20
0.5148714173228346
11
1.0776799606299212
21
0.5112366535433071
0
LINE
8
BLACK
6
CONTINUOUS
10
1.0776799606299212
20
0.5112366535433071
11
1.078518346456693
21
0.5098207086614173
0
LINE
8
BLACK
6
CONTINUOUS
10
1.078518346456693
20
0.5098207086614173
11
1.0781099606299211
21
0.5082266535433071
0
LINE
8
BLACK
6
CONTINUOUS
10
1.0781099606299211
20
0.5082266535433071
11
1.0766940157480314
21
0.5073882677165354
0
LINE
8
BLACK
6
CONTINUOUS
10
1.0766940157480314
20
0.5073882677165354
11
1.0750999606299212
21
0.5077966535433071
0
LINE
8
BLACK
6
CONTINUOUS
10
1.0750999606299212
20
0.5077966535433071
11
1.0690869291338583
21
0.5123064173228347
0
LINE
8
BLACK
6
CONTINUOUS
10
1.0690869291338583
20
0.5123064173228347
11
1.0647768897637795
21
0.5079963779527559
0
LINE
8
BLACK
6
CONTINUOUS
10
1.0647768897637795
20
0.5079963779527559
11
1.0632566141732283
21
0.5073666535433071
0
LINE
8
BLACK
6
CONTINUOUS
10
1.0632566141732283
20
0.5073666535433071
11
1.0617363385826772
21
0.5079963779527559
0
LINE
8
BLACK
6
CONTINUOUS
10
1.0617363385826772
20
0.5079963779527559
11
1.0611066141732284
21
0.5095166535433071
0
LINE
8
BLACK
6
CONTINUOUS
10
1.0611066141732284
20
0.5095166535433071
11
1.0617363385826772
21
0.5110369291338582
0
LINE
8
BLACK
6
CONTINUOUS
10
1.0617363385826772
20
0.5110369291338582
11
1.0655708267716535
21
0.5148714173228346
0
LINE
8
BLACK
6
CONTINUOUS
10
1.0655708267716535
20
0.5148714173228346
11
1.0566899606299212
21
0.5148714173228346
0
LINE
8
BLACK
6
CONTINUOUS
10
1.0566899606299212
20
0.5148714173228346
11
1.0551696850393701
21
0.5155011417322835
0
LINE
8
BLACK
6
CONTINUOUS
10
1.0551696850393701
20
0.5155011417322835
11
1.0545399606299213
21
0.5170214173228347
0
LINE
8
BLACK
6
CONTINUOUS
10
1.0545399606299213
20
0.5170214173228347
11
1.0551696850393701
21
0.5185416929133858
0
LINE
8
BLACK
6
CONTINUOUS
10
1.0551696850393701
20
0.5185416929133858
11
1.0566899606299212
21
0.5191714173228347
0
LINE
8
BLACK
6
CONTINUOUS
10
1.0566899606299212
20
0.5191714173228347
11
1.0763899606299212
21
0.5191714173228347
0
LINE
8
BLACK
6
CONTINUOUS
10
1.0763899606299212
20
0.5191714173228347
11
1.0779102362204724
21
0.5185416929133858
0
LINE
8
BLACK
6
CONTINUOUS
10
1.0485340551181102
20
0.525417874015748
11
1.0494721653543306
21
0.5244797637795275
0
LINE
8
BLACK
6
CONTINUOUS
10
1.0494721653543306
20
0.5244797637795275
11
1.0496075590551182
21
0.5241528346456693
0
LINE
8
BLACK
6
CONTINUOUS
10
1.0496075590551182
20
0.5241528346456693
11
1.0498749212598424
21
0.5239209842519685
0
LINE
8
BLACK
6
CONTINUOUS
10
1.0498749212598424
20
0.5239209842519685
11
1.0508129921259843
21
0.5220448031496063
0
LINE
8
BLACK
6
CONTINUOUS
10
1.0508129921259843
20
0.5220448031496063
11
1.0508484251968504
21
0.5215456299212599
0
LINE
8
BLACK
6
CONTINUOUS
10
1.0508484251968504
20
0.5215456299212599
11
1.0510399606299212
21
0.5210833070866142
0
LINE
8
BLACK
6
CONTINUOUS
10
1.0510399606299212
20
0.5210833070866142
11
1.0510399606299212
21
0.5163928346456693
0
LINE
8
BLACK
6
CONTINUOUS
10
1.0510399606299212
20
0.5163928346456693
11
1.0508484251968504
21
0.5159304724409449
0
LINE
8
BLACK
6
CONTINUOUS
10
1.0508484251968504
20
0.5159304724409449
11
1.0508129921259843
21
0.5154313385826772
0
LINE
8
BLACK
6
CONTINUOUS
10
1.0508129921259843
20
0.5154313385826772
11
1.0498749212598424
21
0.513555157480315
0
LINE
8
BLACK
6
CONTINUOUS
10
1.0498749212598424
20
0.513555157480315
11
1.0496075590551182
21
0.5133232677165355
0
LINE
8
BLACK
6
CONTINUOUS
10
1.0496075590551182
20
0.5133232677165355
11
1.0494721653543306
21
0.5129963779527559
0
LINE
8
BLACK
6
CONTINUOUS
10
1.0494721653543306
20
0.5129963779527559
11
1.0485340551181102
21
0.5120582677165354
0
LINE
8
BLACK
6
CONTINUOUS
10
1.0485340551181102
20
0.5120582677165354
11
1.048207125984252
21
0.5119228346456692
0
LINE
8
BLACK
6
CONTINUOUS
10
1.048207125984252
20
0.5119228346456692
11
1.0479752755905511
21
0.5116555118110236
0
LINE
8
BLACK
6
CONTINUOUS
10
1.0479752755905511
20
0.5116555118110236
11
1.0460990944881889
21
0.5107174409448819
0
LINE
8
BLACK
6
CONTINUOUS
10
1.0460990944881889
20
0.5107174409448819
11
1.0455999212598426
21
0.510681968503937
0
LINE
8
BLACK
6
CONTINUOUS
10
1.0455999212598426
20
0.510681968503937
11
1.0451375984251969
21
0.5104904724409449
0
LINE
8
BLACK
6
CONTINUOUS
10
1.0451375984251969
20
0.5104904724409449
11
1.040447125984252
21
0.5104904724409449
0
LINE
8
BLACK
6
CONTINUOUS
10
1.040447125984252
20
0.5104904724409449
11
1.0399847637795276
21
0.510681968503937
0
LINE
8
BLACK
6
CONTINUOUS
10
1.0399847637795276
20
0.510681968503937
11
1.0394856692913386
21
0.5107174409448819
0
LINE
8
BLACK
6
CONTINUOUS
10
1.0394856692913386
20
0.5107174409448819
11
1.0376094094488189
21
0.5116555118110236
0
LINE
8
BLACK
6
CONTINUOUS
10
1.0376094094488189
20
0.5116555118110236
11
1.0373775196850394
21
0.511922874015748
0
LINE
8
BLACK
6
CONTINUOUS
10
1.0373775196850394
20
0.511922874015748
11
1.0370505905511811
21
0.5120583070866142
0
LINE
8
BLACK
6
CONTINUOUS
10
1.0370505905511811
20
0.5120583070866142
11
1.0361125196850394
21
0.5129964173228346
0
LINE
8
BLACK
6
CONTINUOUS
10
1.0361125196850394
20
0.5129964173228346
11
1.0359771259842518
21
0.5133232677165355
0
LINE
8
BLACK
6
CONTINUOUS
10
1.0359771259842518
20
0.5133232677165355
11
1.0357098031496064
21
0.5135551181102362
0
LINE
8
BLACK
6
CONTINUOUS
10
1.0357098031496064
20
0.5135551181102362
11
1.0347717322834646
21
0.5154312992125984
0
LINE
8
BLACK
6
CONTINUOUS
10
1.0347717322834646
20
0.5154312992125984
11
1.0347362204724408
21
0.5159304330708662
0
LINE
8
BLACK
6
CONTINUOUS
10
1.0347362204724408
20
0.5159304330708662
11
1.0345447244094488
21
0.5163928346456693
0
LINE
8
BLACK
6
CONTINUOUS
10
1.0345447244094488
20
0.5163928346456693
11
1.0345447244094488
21
0.5210833070866142
0
LINE
8
BLACK
6
CONTINUOUS
10
1.0345447244094488
20
0.5210833070866142
11
1.0346531496062992
21
0.5213450787401575
0
LINE
8
BLACK
6
CONTINUOUS
10
1.0346531496062992
20
0.5213450787401575
11
1.0313399606299212
21
0.5210137401574803
0
LINE
8
BLACK
6
CONTINUOUS
10
1.0313399606299212
20
0.5210137401574803
11
1.0313399606299212
21
0.5135785433070866
0
LINE
8
BLACK
6
CONTINUOUS
10
1.0313399606299212
20
0.5135785433070866
11
1.0307102362204723
21
0.5120582677165354
0
LINE
8
BLACK
6
CONTINUOUS
10
1.0307102362204723
20
0.5120582677165354
11
1.0291899606299213
21
0.5114285433070866
0
LINE
8
BLACK
6
CONTINUOUS
10
1.0291899606299213
20
0.5114285433070866
11
1.0276696850393701
21
0.5120582677165354
0
LINE
8
BLACK
6
CONTINUOUS
10
1.0276696850393701
20
0.5120582677165354
11
1.0270399606299212
21
0.5135785433070866
0
LINE
8
BLACK
6
CONTINUOUS
10
1.0270399606299212
20
0.5135785433070866
11
1.0270399606299212
21
0.5229594881889764
0
LINE
8
BLACK
6
CONTINUOUS
10
1.0270399606299212
20
0.5229594881889764
11
1.0273168503937007
21
0.523628031496063
0
LINE
8
BLACK
6
CONTINUOUS
10
1.0273168503937007
20
0.523628031496063
11
1.0275259448818896
21
0.5243209448818897
0
LINE
8
BLACK
6
CONTINUOUS
10
1.0275259448818896
20
0.5243209448818897
11
1.0276261417322834
21
0.52437468503937
0
LINE
8
BLACK
6
CONTINUOUS
10
1.0276261417322834
20
0.52437468503937
11
1.0276696850393701
21
0.5244797637795275
0
LINE
8
BLACK
6
CONTINUOUS
10
1.0276696850393701
20
0.5244797637795275
11
1.0283382283464566
21
0.5247566929133858
0
LINE
8
BLACK
6
CONTINUOUS
10
1.0283382283464566
20
0.5247566929133858
11
1.0289760236220473
21
0.5250988188976378
0
LINE
8
BLACK
6
CONTINUOUS
10
1.0289760236220473
20
0.5250988188976378
11
1.0383569685039369
21
0.5260369291338582
0
LINE
8
BLACK
6
CONTINUOUS
10
1.0383569685039369
20
0.5260369291338582
11
1.0384657874015748
21
0.5260040551181102
0
LINE
8
BLACK
6
CONTINUOUS
10
1.0384657874015748
20
0.5260040551181102
11
1.0385708661417323
21
0.5260475984251969
0
LINE
8
BLACK
6
CONTINUOUS
10
1.0385708661417323
20
0.5260475984251969
11
1.0392394488188976
21
0.5257706299212598
0
LINE
8
BLACK
6
CONTINUOUS
10
1.0392394488188976
20
0.5257706299212598
11
1.0399323622047243
21
0.5255616141732283
0
LINE
8
BLACK
6
CONTINUOUS
10
1.0399323622047243
20
0.5255616141732283
11
1.0399861023622048
21
0.5254613779527559
0
LINE
8
BLACK
6
CONTINUOUS
10
1.0399861023622048
20
0.5254613779527559
11
1.0400911417322833
21
0.5254179133858268
0
LINE
8
BLACK
6
CONTINUOUS
10
1.0400911417322833
20
0.5254179133858268
11
1.0403680708661418
21
0.5247493307086614
0
LINE
8
BLACK
6
CONTINUOUS
10
1.0403680708661418
20
0.5247493307086614
11
1.0407102362204723
21
0.5241115354330709
0
LINE
8
BLACK
6
CONTINUOUS
10
1.0407102362204723
20
0.5241115354330709
11
1.0406773622047243
21
0.5240026771653543
0
LINE
8
BLACK
6
CONTINUOUS
10
1.0406773622047243
20
0.5240026771653543
11
1.040720905511811
21
0.5238976377952755
0
LINE
8
BLACK
6
CONTINUOUS
10
1.040720905511811
20
0.5238976377952755
11
1.0404438582677165
21
0.5232288188976378
0
LINE
8
BLACK
6
CONTINUOUS
10
1.0404438582677165
20
0.5232288188976378
11
1.0402348818897638
21
0.5225361417322835
0
LINE
8
BLACK
6
CONTINUOUS
10
1.0402348818897638
20
0.5225361417322835
11
1.0401347244094488
21
0.5224824015748032
0
LINE
8
BLACK
6
CONTINUOUS
10
1.0401347244094488
20
0.5224824015748032
11
1.0400912204724408
21
0.5223773622047244
0
LINE
8
BLACK
6
CONTINUOUS
10
1.0400912204724408
20
0.5223773622047244
11
1.0393998031496063
21
0.521685905511811
0
LINE
8
BLACK
6
CONTINUOUS
10
1.0393998031496063
20
0.521685905511811
11
1.0388447244094487
21
0.5205757480314961
0
LINE
8
BLACK
6
CONTINUOUS
10
1.0388447244094487
20
0.5205757480314961
11
1.0388447244094487
21
0.5169003543307087
0
LINE
8
BLACK
6
CONTINUOUS
10
1.0388447244094487
20
0.5169003543307087
11
1.0393998031496063
21
0.5157901968503937
0
LINE
8
BLACK
6
CONTINUOUS
10
1.0393998031496063
20
0.5157901968503937
11
1.0398444488188976
21
0.5153455511811024
0
LINE
8
BLACK
6
CONTINUOUS
10
1.0398444488188976
20
0.5153455511811024
11
1.0409546850393701
21
0.5147904724409449
0
LINE
8
BLACK
6
CONTINUOUS
10
1.0409546850393701
20
0.5147904724409449
11
1.0446300393700787
21
0.5147904724409449
0
LINE
8
BLACK
6
CONTINUOUS
10
1.0446300393700787
20
0.5147904724409449
11
1.0457402362204724
21
0.5153455511811024
0
LINE
8
BLACK
6
CONTINUOUS
10
1.0457402362204724
20
0.5153455511811024
11
1.0461848425196849
21
0.515790157480315
0
LINE
8
BLACK
6
CONTINUOUS
10
1.0461848425196849
20
0.515790157480315
11
1.0467399606299213
21
0.5169003543307087
0
LINE
8
BLACK
6
CONTINUOUS
10
1.0467399606299213
20
0.5169003543307087
11
1.0467399606299213
21
0.5205757480314961
0
LINE
8
BLACK
6
CONTINUOUS
10
1.0467399606299213
20
0.5205757480314961
11
1.0461848425196849
21
0.5216859448818898
0
LINE
8
BLACK
6
CONTINUOUS
10
1.0461848425196849
20
0.5216859448818898
11
1.0454935039370079
21
0.5223773228346457
0
LINE
8
BLACK
6
CONTINUOUS
10
1.0454935039370079
20
0.5223773228346457
11
1.044863779527559
21
0.5238975984251968
0
LINE
8
BLACK
6
CONTINUOUS
10
1.044863779527559
20
0.5238975984251968
11
1.0454935039370079
21
0.525417874015748
0
LINE
8
BLACK
6
CONTINUOUS
10
1.0454935039370079
20
0.525417874015748
11
1.0470137795275591
21
0.5260475984251969
0
LINE
8
BLACK
6
CONTINUOUS
10
1.0470137795275591
20
0.5260475984251969
11
1.0485340551181102
21
0.525417874015748
0
LINE
8
BLACK
6
CONTINUOUS
10
0.7797099212598425
20
0.5258746850393701
11
0.7812571653543307
21
0.5245763779527559
0
LINE
8
BLACK
6
CONTINUOUS
10
0.7812571653543307
20
0.5245763779527559
11
0.7816079133858268
21
0.5225872440944882
0
LINE
8
BLACK
6
CONTINUOUS
10
0.7816079133858268
20
0.5225872440944882
11
0.7805979921259842
21
0.5208380708661418
0
LINE
8
BLACK
6
CONTINUOUS
10
0.7805979921259842
20
0.5208380708661418
11
0.7786999999999999
21
0.5201472440944882
0
LINE
8
BLACK
6
CONTINUOUS
10
0.7786999999999999
20
0.5201472440944882
11
0.5425
21
0.5201472440944882
0
LINE
8
BLACK
6
CONTINUOUS
10
0.5425
20
0.5201472440944882
11
0.5414900787401574
21
0.5203253149606299
0
LINE
8
BLACK
6
CONTINUOUS
10
0.5414900787401574
20
0.5203253149606299
11
0.5399428346456693
21
0.5216236220472441
0
LINE
8
BLACK
6
CONTINUOUS
10
0.5399428346456693
20
0.5216236220472441
11
0.5395920866141732
21
0.5236127559055118
0
LINE
8
BLACK
6
CONTINUOUS
10
0.5395920866141732
20
0.5236127559055118
11
0.5406020078740157
21
0.5253619291338583
0
LINE
8
BLACK
6
CONTINUOUS
10
0.5406020078740157
20
0.5253619291338583
11
0.5425
21
0.5260527559055118
0
LINE
8
BLACK
6
CONTINUOUS
10
0.5425
20
0.5260527559055118
11
0.7786999999999999
21
0.5260527559055118
0
LINE
8
BLACK
6
CONTINUOUS
10
0.7786999999999999
20
0.5260527559055118
11
0.7797099212598425
21
0.5258746850393701
0
LINE
8
BLACK
6
CONTINUOUS
10
0.8321619291338582
20
0.6587979921259842
11
0.8328527559055118
21
0.6569
0
LINE
8
BLACK
6
CONTINUOUS
10
0.8328527559055118
20
0.6569
11
0.8328527559055118
21
0.5231
0
LINE
8
BLACK
6
CONTINUOUS
10
0.8328527559055118
20
0.5231
11
0.83267468503937
21
0.5220900787401574
0
LINE
8
BLACK
6
CONTINUOUS
10
0.83267468503937
20
0.5220900787401574
11
0.8313763779527559
21
0.5205428346456693
0
LINE
8
BLACK
6
CONTINUOUS
10
0.8313763779527559
20
0.5205428346456693
11
0.8293872440944882
21
0.5201920866141733
0
LINE
8
BLACK
6
CONTINUOUS
10
0.8293872440944882
20
0.5201920866141733
11
0.8276380708661417
21
0.5212020078740157
0
LINE
8
BLACK
6
CONTINUOUS
10
0.8276380708661417
20
0.5212020078740157
11
0.8269472440944882
21
0.5231
0
LINE
8
BLACK
6
CONTINUOUS
10
0.8269472440944882
20
0.5231
11
0.8269472440944882
21
0.6569
0
LINE
8
BLACK
6
CONTINUOUS
10
0.8269472440944882
20
0.6569
11
0.8271253149606299
21
0.6579099212598425
0
LINE
8
BLACK
6
CONTINUOUS
10
0.8271253149606299
20
0.6579099212598425
11
0.8284236220472441
21
0.6594571653543307
0
LINE
8
BLACK
6
CONTINUOUS
10
0.8284236220472441
20
0.6594571653543307
11
0.8304127559055118
21
0.6598079133858268
0
LINE
8
BLACK
6
CONTINUOUS
10
0.8304127559055118
20
0.6598079133858268
11
0.8321619291338582
21
0.6587979921259842
0
LINE
8
BLACK
6
CONTINUOUS
10
1.0691370472440944
20
0.5387670866141732
11
1.0694066535433071
21
0.5388072047244095
0
LINE
8
BLACK
6
CONTINUOUS
10
1.0694066535433071
20
0.5388072047244095
11
1.0731590551181103
21
0.5378691338582677
0
LINE
8
BLACK
6
CONTINUOUS
10
1.0731590551181103
20
0.5378691338582677
11
1.0733553937007874
21
0.5377236220472441
0
LINE
8
BLACK
6
CONTINUOUS
10
1.0733553937007874
20
0.5377236220472441
11
1.073599094488189
21
0.5377063385826771
0
LINE
8
BLACK
6
CONTINUOUS
10
1.073599094488189
20
0.5377063385826771
11
1.0754752755905512
21
0.5367682677165354
0
LINE
8
BLACK
6
CONTINUOUS
10
1.0754752755905512
20
0.5367682677165354
11
1.0757071259842519
21
0.5365009055118111
0
LINE
8
BLACK
6
CONTINUOUS
10
1.0757071259842519
20
0.5365009055118111
11
1.0760340551181102
21
0.5363655118110237
0
LINE
8
BLACK
6
CONTINUOUS
10
1.0760340551181102
20
0.5363655118110237
11
1.0769721653543307
21
0.5354274015748032
0
LINE
8
BLACK
6
CONTINUOUS
10
1.0769721653543307
20
0.5354274015748032
11
1.077107559055118
21
0.5351004724409448
0
LINE
8
BLACK
6
CONTINUOUS
10
1.077107559055118
20
0.5351004724409448
11
1.0773749212598425
21
0.5348686220472441
0
LINE
8
BLACK
6
CONTINUOUS
10
1.0773749212598425
20
0.5348686220472441
11
1.0783129921259842
21
0.5329924409448819
0
LINE
8
BLACK
6
CONTINUOUS
10
1.0783129921259842
20
0.5329924409448819
11
1.0783484251968505
21
0.5324932677165354
0
LINE
8
BLACK
6
CONTINUOUS
10
1.0783484251968505
20
0.5324932677165354
11
1.0785399606299213
21
0.5320309448818897
0
LINE
8
BLACK
6
CONTINUOUS
10
1.0785399606299213
20
0.5320309448818897
11
1.0785399606299213
21
0.5301547637795275
0
LINE
8
BLACK
6
CONTINUOUS
10
1.0785399606299213
20
0.5301547637795275
11
1.0783484251968505
21
0.5296924015748031
0
LINE
8
BLACK
6
CONTINUOUS
10
1.0783484251968505
20
0.5296924015748031
11
1.0783129921259842
21
0.5291933070866142
0
LINE
8
BLACK
6
CONTINUOUS
10
1.0783129921259842
20
0.5291933070866142
11
1.0773749212598425
21
0.5273170472440945
0
LINE
8
BLACK
6
CONTINUOUS
10
1.0773749212598425
20
0.5273170472440945
11
1.0771075196850393
21
0.5270851574803149
0
LINE
8
BLACK
6
CONTINUOUS
10
1.0771075196850393
20
0.5270851574803149
11
1.076972125984252
21
0.5267582283464567
0
LINE
8
BLACK
6
CONTINUOUS
10
1.076972125984252
20
0.5267582283464567
11
1.0760340157480315
21
0.525820157480315
0
LINE
8
BLACK
6
CONTINUOUS
10
1.0760340157480315
20
0.525820157480315
11
1.0757071259842519
21
0.5256847637795276
0
LINE
8
BLACK
6
CONTINUOUS
10
1.0757071259842519
20
0.5256847637795276
11
1.07547531496063
21
0.5254174409448819
0
LINE
8
BLACK
6
CONTINUOUS
10
1.07547531496063
20
0.5254174409448819
11
1.0735991338582678
21
0.5244793700787401
0
LINE
8
BLACK
6
CONTINUOUS
10
1.0735991338582678
20
0.5244793700787401
11
1.0733553937007874
21
0.5244620078740158
0
LINE
8
BLACK
6
CONTINUOUS
10
1.0733553937007874
20
0.5244620078740158
11
1.0731590157480315
21
0.5243165354330709
0
LINE
8
BLACK
6
CONTINUOUS
10
1.0731590157480315
20
0.5243165354330709
11
1.0694066141732284
21
0.5233784645669292
0
LINE
8
BLACK
6
CONTINUOUS
10
1.0694066141732284
20
0.5233784645669292
11
1.0691369685039369
21
0.5234185826771653
0
LINE
8
BLACK
6
CONTINUOUS
10
1.0691369685039369
20
0.5234185826771653
11
1.0688851968503936
21
0.5233142913385826
0
LINE
8
BLACK
6
CONTINUOUS
10
1.0688851968503936
20
0.5233142913385826
11
1.0641947244094487
21
0.5233142913385826
0
LINE
8
BLACK
6
CONTINUOUS
10
1.0641947244094487
20
0.5233142913385826
11
1.0639428740157479
21
0.5234185826771653
0
LINE
8
BLACK
6
CONTINUOUS
10
1.0639428740157479
20
0.5234185826771653
11
1.0636732677165355
21
0.5233784645669292
0
LINE
8
BLACK
6
CONTINUOUS
10
1.0636732677165355
20
0.5233784645669292
11
1.0599209055118111
21
0.5243165354330709
0
LINE
8
BLACK
6
CONTINUOUS
10
1.0599209055118111
20
0.5243165354330709
11
1.059724527559055
21
0.5244620078740158
0
LINE
8
BLACK
6
CONTINUOUS
10
1.059724527559055
20
0.5244620078740158
11
1.0594808661417323
21
0.5244793307086614
0
LINE
8
BLACK
6
CONTINUOUS
10
1.0594808661417323
20
0.5244793307086614
11
1.0576046456692914
21
0.5254174409448819
0
LINE
8
BLACK
6
CONTINUOUS
10
1.0576046456692914
20
0.5254174409448819
11
1.0573727559055117
21
0.5256847637795276
0
LINE
8
BLACK
6
CONTINUOUS
10
1.0573727559055117
20
0.5256847637795276
11
1.0570458661417323
21
0.5258201968503937
0
LINE
8
BLACK
6
CONTINUOUS
10
1.0570458661417323
20
0.5258201968503937
11
1.0561077952755906
21
0.5267582677165354
0
LINE
8
BLACK
6
CONTINUOUS
10
1.0561077952755906
20
0.5267582677165354
11
1.0559723622047243
21
0.5270851574803149
0
LINE
8
BLACK
6
CONTINUOUS
10
1.0559723622047243
20
0.5270851574803149
11
1.0557050393700786
21
0.5273170472440945
0
LINE
8
BLACK
6
CONTINUOUS
10
1.0557050393700786
20
0.5273170472440945
11
1.0547669291338582
21
0.5291932677165354
0
LINE
8
BLACK
6
CONTINUOUS
10
1.0547669291338582
20
0.5291932677165354
11
1.0547314566929133
21
0.5296924015748031
0
LINE
8
BLACK
6
CONTINUOUS
10
1.0547314566929133
20
0.5296924015748031
11
1.0545399606299213
21
0.5301547637795275
0
LINE
8
BLACK
6
CONTINUOUS
10
1.0545399606299213
20
0.5301547637795275
11
1.0545399606299213
21
0.5320309448818897
0
LINE
8
BLACK
6
CONTINUOUS
10
1.0545399606299213
20
0.5320309448818897
11
1.0547314566929133
21
0.5324933070866141
0
LINE
8
BLACK
6
CONTINUOUS
10
1.0547314566929133
20
0.5324933070866141
11
1.0547669685039369
21
0.5329924803149606
0
LINE
8
BLACK
6
CONTINUOUS
10
1.0547669685039369
20
0.5329924803149606
11
1.0557050393700786
21
0.5348686614173228
0
LINE
8
BLACK
6
CONTINUOUS
10
1.0557050393700786
20
0.5348686614173228
11
1.0559723622047243
21
0.5351004724409448
0
LINE
8
BLACK
6
CONTINUOUS
10
1.0559723622047243
20
0.5351004724409448
11
1.0561077559055119
21
0.5354273622047244
0
LINE
8
BLACK
6
CONTINUOUS
10
1.0561077559055119
20
0.5354273622047244
11
1.0570458267716536
21
0.5363654724409449
0
LINE
8
BLACK
6
CONTINUOUS
10
1.0570458267716536
20
0.5363654724409449
11
1.0573727559055117
21
0.5365008661417323
0
LINE
8
BLACK
6
CONTINUOUS
10
1.0573727559055117
20
0.5365008661417323
11
1.0576046456692914
21
0.5367682677165354
0
LINE
8
BLACK
6
CONTINUOUS
10
1.0576046456692914
20
0.5367682677165354
11
1.0594809055118111
21
0.5377063385826771
0
LINE
8
BLACK
6
CONTINUOUS
10
1.0594809055118111
20
0.5377063385826771
11
1.0597246062992125
21
0.5377236220472441
0
LINE
8
BLACK
6
CONTINUOUS
10
1.0597246062992125
20
0.5377236220472441
11
1.0599209055118111
21
0.537869094488189
0
LINE
8
BLACK
6
CONTINUOUS
10
1.0599209055118111
20
0.537869094488189
11
1.0636732283464567
21
0.5388072047244095
0
LINE
8
BLACK
6
CONTINUOUS
10
1.0636732283464567
20
0.5388072047244095
11
1.0639428346456692
21
0.5387670866141732
0
LINE
8
BLACK
6
CONTINUOUS
10
1.0639428346456692
20
0.5387670866141732
11
1.0641947244094487
21
0.5388714173228346
0
LINE
8
BLACK
6
CONTINUOUS
10
1.0641947244094487
20
0.5388714173228346
11
1.0688851968503936
21
0.5388714173228346
0
LINE
8
BLACK
6
CONTINUOUS
10
1.0688851968503936
20
0.5388714173228346
11
1.0691370472440944
21
0.5387670866141732
0
LINE
8
BLACK
6
CONTINUOUS
10
1.0611928346456692
20
0.5337547637795276
11
1.0598396850393701
21
0.5330781889763779
0
LINE
8
BLACK
6
CONTINUOUS
10
1.0598396850393701
20
0.5330781889763779
11
1.0593950393700786
21
0.5326335433070866
0
LINE
8
BLACK
6
CONTINUOUS
10
1.0593950393700786
20
0.5326335433070866
11
1.0588399606299213
21
0.5315233858267716
0
LINE
8
BLACK
6
CONTINUOUS
10
1.0588399606299213
20
0.5315233858267716
11
1.0588399606299213
21
0.5306623228346457
0
LINE
8
BLACK
6
CONTINUOUS
10
1.0588399606299213
20
0.5306623228346457
11
1.0593950787401574
21
0.5295520866141732
0
LINE
8
BLACK
6
CONTINUOUS
10
1.0593950787401574
20
0.5295520866141732
11
1.0598396850393701
21
0.5291074803149606
0
LINE
8
BLACK
6
CONTINUOUS
10
1.0598396850393701
20
0.5291074803149606
11
1.0611926771653544
21
0.5284309448818898
0
LINE
8
BLACK
6
CONTINUOUS
10
1.0611926771653544
20
0.5284309448818898
11
1.0644594488188976
21
0.5276142913385826
0
LINE
8
BLACK
6
CONTINUOUS
10
1.0644594488188976
20
0.5276142913385826
11
1.0686204724409449
21
0.5276142913385826
0
LINE
8
BLACK
6
CONTINUOUS
10
1.0686204724409449
20
0.5276142913385826
11
1.071887283464567
21
0.5284309842519684
0
LINE
8
BLACK
6
CONTINUOUS
10
1.071887283464567
20
0.5284309842519684
11
1.0732401968503937
21
0.5291074409448818
0
LINE
8
BLACK
6
CONTINUOUS
10
1.0732401968503937
20
0.5291074409448818
11
1.073684842519685
21
0.5295520866141732
0
LINE
8
BLACK
6
CONTINUOUS
10
1.073684842519685
20
0.5295520866141732
11
1.0742399606299213
21
0.5306622834645669
0
LINE
8
BLACK
6
CONTINUOUS
10
1.0742399606299213
20
0.5306622834645669
11
1.0742399606299213
21
0.5315233858267716
0
LINE
8
BLACK
6
CONTINUOUS
10
1.0742399606299213
20
0.5315233858267716
11
1.073684842519685
21
0.5326335826771653
0
LINE
8
BLACK
6
CONTINUOUS
10
1.073684842519685
20
0.5326335826771653
11
1.0732402362204725
21
0.5330781889763779
0
LINE
8
BLACK
6
CONTINUOUS
10
1.0732402362204725
20
0.5330781889763779
11
1.0718870866141732
21
0.5337547637795276
0
LINE
8
BLACK
6
CONTINUOUS
10
1.0718870866141732
20
0.5337547637795276
11
1.068620590551181
21
0.5345714173228346
0
LINE
8
BLACK
6
CONTINUOUS
10
1.068620590551181
20
0.5345714173228346
11
1.0644594881889764
21
0.5345714173228346
0
LINE
8
BLACK
6
CONTINUOUS
10
1.0644594881889764
20
0.5345714173228346
11
1.0611928346456692
21
0.5337547637795276
0
LINE
8
BLACK
6
CONTINUOUS
10
1.2570896062992125
20
0.5384383464566929
11
1.2576607480314961
21
0.5370594881889764
0
LINE
8
BLACK
6
CONTINUOUS
10
1.2576607480314961
20
0.5370594881889764
11
1.2570896062992125
21
0.5356806299212599
0
LINE
8
BLACK
6
CONTINUOUS
10
1.2570896062992125
20
0.5356806299212599
11
1.255710748031496
21
0.5351094881889764
0
LINE
8
BLACK
6
CONTINUOUS
10
1.255710748031496
20
0.5351094881889764
11
1.2480756299212599
21
0.5351094881889764
0
LINE
8
BLACK
6
CONTINUOUS
10
1.2480756299212599
20
0.5351094881889764
11
1.2474223228346457
21
0.5344561811023621
0
LINE
8
BLACK
6
CONTINUOUS
10
1.2474223228346457
20
0.5344561811023621
11
1.2568807480314961
21
0.5273623622047244
0
LINE
8
BLACK
6
CONTINUOUS
10
1.2568807480314961
20
0.5273623622047244
11
1.2576411417322835
21
0.5260781496062992
0
LINE
8
BLACK
6
CONTINUOUS
10
1.2576411417322835
20
0.5260781496062992
11
1.257270748031496
21
0.5246323622047244
0
LINE
8
BLACK
6
CONTINUOUS
10
1.257270748031496
20
0.5246323622047244
11
1.2559864960629921
21
0.523871968503937
0
LINE
8
BLACK
6
CONTINUOUS
10
1.2559864960629921
20
0.523871968503937
11
1.2545407480314961
21
0.5242423622047244
0
LINE
8
BLACK
6
CONTINUOUS
10
1.2545407480314961
20
0.5242423622047244
11
1.2446366141732284
21
0.5316704724409449
0
LINE
8
BLACK
6
CONTINUOUS
10
1.2446366141732284
20
0.5316704724409449
11
1.2373896062992125
21
0.5244235039370079
0
LINE
8
BLACK
6
CONTINUOUS
10
1.2373896062992125
20
0.5244235039370079
11
1.2360107480314961
21
0.5238523622047244
0
LINE
8
BLACK
6
CONTINUOUS
10
1.2360107480314961
20
0.5238523622047244
11
1.2346318897637796
21
0.5244235039370079
0
LINE
8
BLACK
6
CONTINUOUS
10
1.2346318897637796
20
0.5244235039370079
11
1.234060748031496
21
0.5258023622047244
0
LINE
8
BLACK
6
CONTINUOUS
10
1.234060748031496
20
0.5258023622047244
11
1.2346318897637796
21
0.527181220472441
0
LINE
8
BLACK
6
CONTINUOUS
10
1.2346318897637796
20
0.527181220472441
11
1.2425601968503937
21
0.5351094881889764
0
LINE
8
BLACK
6
CONTINUOUS
10
1.2425601968503937
20
0.5351094881889764
11
1.2360107480314961
21
0.5351094881889764
0
LINE
8
BLACK
6
CONTINUOUS
10
1.2360107480314961
20
0.5351094881889764
11
1.2346318897637796
21
0.5356806299212599
0
LINE
8
BLACK
6
CONTINUOUS
10
1.2346318897637796
20
0.5356806299212599
11
1.234060748031496
21
0.5370594881889764
0
LINE
8
BLACK
6
CONTINUOUS
10
1.234060748031496
20
0.5370594881889764
11
1.2346318897637796
21
0.5384383464566929
0
LINE
8
BLACK
6
CONTINUOUS
10
1.2346318897637796
20
0.5384383464566929
11
1.2360107480314961
21
0.5390094881889763
0
LINE
8
BLACK
6
CONTINUOUS
10
1.2360107480314961
20
0.5390094881889763
11
1.255710748031496
21
0.5390094881889763
0
LINE
8
BLACK
6
CONTINUOUS
10
1.255710748031496
20
0.5390094881889763
11
1.2570896062992125
21
0.5384383464566929
0
LINE
8
BLACK
6
CONTINUOUS
10
1.0504102362204724
20
0.5441797637795276
11
1.0510399606299212
21
0.5426594881889764
0
LINE
8
BLACK
6
CONTINUOUS
10
1.0510399606299212
20
0.5426594881889764
11
1.0510399606299212
21
0.5314023622047244
0
LINE
8
BLACK
6
CONTINUOUS
10
1.0510399606299212
20
0.5314023622047244
11
1.0504102362204724
21
0.5298820866141732
0
LINE
8
BLACK
6
CONTINUOUS
10
1.0504102362204724
20
0.5298820866141732
11
1.0488899606299211
21
0.5292523622047244
0
LINE
8
BLACK
6
CONTINUOUS
10
1.0488899606299211
20
0.5292523622047244
11
1.0473696850393701
21
0.5298820866141732
0
LINE
8
BLACK
6
CONTINUOUS
10
1.0473696850393701
20
0.5298820866141732
11
1.0467399606299213
21
0.5314023622047244
0
LINE
8
BLACK
6
CONTINUOUS
10
1.0467399606299213
20
0.5314023622047244
11
1.0467399606299213
21
0.534880905511811
0
LINE
8
BLACK
6
CONTINUOUS
10
1.0467399606299213
20
0.534880905511811
11
1.0291899606299213
21
0.534880905511811
0
LINE
8
BLACK
6
CONTINUOUS
10
1.0291899606299213
20
0.534880905511811
11
1.0289853937007873
21
0.5349655905511811
0
LINE
8
BLACK
6
CONTINUOUS
10
1.0289853937007873
20
0.5349655905511811
11
1.028768307086614
21
0.5349226771653544
0
LINE
8
BLACK
6
CONTINUOUS
10
1.028768307086614
20
0.5349226771653544
11
1.0282481496062992
21
0.5352709842519685
0
LINE
8
BLACK
6
CONTINUOUS
10
1.0282481496062992
20
0.5352709842519685
11
1.0276696850393701
21
0.5355106299212599
0
LINE
8
BLACK
6
CONTINUOUS
10
1.0276696850393701
20
0.5355106299212599
11
1.0275849606299212
21
0.5357151181102362
0
LINE
8
BLACK
6
CONTINUOUS
10
1.0275849606299212
20
0.5357151181102362
11
1.027401062992126
21
0.5358383070866142
0
LINE
8
BLACK
6
CONTINUOUS
10
1.027401062992126
20
0.5358383070866142
11
1.0272795669291339
21
0.5364524015748031
0
LINE
8
BLACK
6
CONTINUOUS
10
1.0272795669291339
20
0.5364524015748031
11
1.0270399606299212
21
0.537030905511811
0
LINE
8
BLACK
6
CONTINUOUS
10
1.0270399606299212
20
0.537030905511811
11
1.0271246456692913
21
0.5372354330708661
0
LINE
8
BLACK
6
CONTINUOUS
10
1.0271246456692913
20
0.5372354330708661
11
1.0270817322834644
21
0.5374525590551181
0
LINE
8
BLACK
6
CONTINUOUS
10
1.0270817322834644
20
0.5374525590551181
11
1.0274300393700788
21
0.5379726771653544
0
LINE
8
BLACK
6
CONTINUOUS
10
1.0274300393700788
20
0.5379726771653544
11
1.0276696850393701
21
0.5385511811023622
0
LINE
8
BLACK
6
CONTINUOUS
10
1.0276696850393701
20
0.5385511811023622
11
1.0278741732283465
21
0.5386358661417323
0
LINE
8
BLACK
6
CONTINUOUS
10
1.0278741732283465
20
0.5386358661417323
11
1.0279973622047245
21
0.5388198031496063
0
LINE
8
BLACK
6
CONTINUOUS
10
1.0279973622047245
20
0.5388198031496063
11
1.0306345275590552
21
0.5405779527559055
0
LINE
8
BLACK
6
CONTINUOUS
10
1.0306345275590552
20
0.5405779527559055
11
1.0321134251968505
21
0.5420568503937008
0
LINE
8
BLACK
6
CONTINUOUS
10
1.0321134251968505
20
0.5420568503937008
11
1.0328955118110237
21
0.5436210236220472
0
LINE
8
BLACK
6
CONTINUOUS
10
1.0328955118110237
20
0.5436210236220472
11
1.0341386614173229
21
0.5446991338582677
0
LINE
8
BLACK
6
CONTINUOUS
10
1.0341386614173229
20
0.5446991338582677
11
1.0357800787401574
21
0.5445824803149606
0
LINE
8
BLACK
6
CONTINUOUS
10
1.0357800787401574
20
0.5445824803149606
11
1.0368582283464567
21
0.5433393700787401
0
LINE
8
BLACK
6
CONTINUOUS
10
1.0368582283464567
20
0.5433393700787401
11
1.0367415354330709
21
0.5416979527559055
0
LINE
8
BLACK
6
CONTINUOUS
10
1.0367415354330709
20
0.5416979527559055
11
1.0358034251968504
21
0.5398217716535433
0
LINE
8
BLACK
6
CONTINUOUS
10
1.0358034251968504
20
0.5398217716535433
11
1.0355361023622047
21
0.5395899212598425
0
LINE
8
BLACK
6
CONTINUOUS
10
1.0355361023622047
20
0.5395899212598425
11
1.0354007086614172
21
0.539263031496063
0
LINE
8
BLACK
6
CONTINUOUS
10
1.0354007086614172
20
0.539263031496063
11
1.0353185826771654
21
0.539180905511811
0
LINE
8
BLACK
6
CONTINUOUS
10
1.0353185826771654
20
0.539180905511811
11
1.0467399606299213
21
0.539180905511811
0
LINE
8
BLACK
6
CONTINUOUS
10
1.0467399606299213
20
0.539180905511811
11
1.0467399606299213
21
0.5426594881889764
0
LINE
8
BLACK
6
CONTINUOUS
10
1.0467399606299213
20
0.5426594881889764
11
1.0473696850393701
21
0.5441797637795276
0
LINE
8
BLACK
6
CONTINUOUS
10
1.0473696850393701
20
0.5441797637795276
11
1.0488899606299211
21
0.5448094881889763
0
LINE
8
BLACK
6
CONTINUOUS
10
1.0488899606299211
20
0.5448094881889763
11
1.0504102362204724
21
0.5441797637795276
0
LINE
8
BLACK
6
CONTINUOUS
10
1.0779102362204724
20
0.5579416929133858
11
1.0785399606299213
21
0.5564214173228347
0
LINE
8
BLACK
6
CONTINUOUS
10
1.0785399606299213
20
0.5564214173228347
11
1.0785399606299213
21
0.5442261811023622
0
LINE
8
BLACK
6
CONTINUOUS
10
1.0785399606299213
20
0.5442261811023622
11
1.0779102362204724
21
0.542705905511811
0
LINE
8
BLACK
6
CONTINUOUS
10
1.0779102362204724
20
0.542705905511811
11
1.0763899606299212
21
0.5420761811023622
0
LINE
8
BLACK
6
CONTINUOUS
10
1.0763899606299212
20
0.5420761811023622
11
1.07486968503937
21
0.542705905511811
0
LINE
8
BLACK
6
CONTINUOUS
10
1.07486968503937
20
0.542705905511811
11
1.0742399606299213
21
0.5442261811023622
0
LINE
8
BLACK
6
CONTINUOUS
10
1.0742399606299213
20
0.5442261811023622
11
1.0742399606299213
21
0.5512308267716536
0
LINE
8
BLACK
6
CONTINUOUS
10
1.0742399606299213
20
0.5512308267716536
11
1.0666531102362204
21
0.5436439763779527
0
LINE
8
BLACK
6
CONTINUOUS
10
1.0666531102362204
20
0.5436439763779527
11
1.066190748031496
21
0.5434524409448819
0
LINE
8
BLACK
6
CONTINUOUS
10
1.066190748031496
20
0.5434524409448819
11
1.0658126771653542
21
0.5431245669291338
0
LINE
8
BLACK
6
CONTINUOUS
10
1.0658126771653542
20
0.5431245669291338
11
1.0629984251968503
21
0.5421864960629921
0
LINE
8
BLACK
6
CONTINUOUS
10
1.0629984251968503
20
0.5421864960629921
11
1.0626454330708661
21
0.5422115748031496
0
LINE
8
BLACK
6
CONTINUOUS
10
1.0626454330708661
20
0.5422115748031496
11
1.0623185433070865
21
0.5420761811023622
0
LINE
8
BLACK
6
CONTINUOUS
10
1.0623185433070865
20
0.5420761811023622
11
1.0604423622047243
21
0.5420761811023622
0
LINE
8
BLACK
6
CONTINUOUS
10
1.0604423622047243
20
0.5420761811023622
11
1.0599799999999999
21
0.5422676771653543
0
LINE
8
BLACK
6
CONTINUOUS
10
1.0599799999999999
20
0.5422676771653543
11
1.0594809055118111
21
0.5423031496062992
0
LINE
8
BLACK
6
CONTINUOUS
10
1.0594809055118111
20
0.5423031496062992
11
1.0576046456692914
21
0.5432412204724409
0
LINE
8
BLACK
6
CONTINUOUS
10
1.0576046456692914
20
0.5432412204724409
11
1.0573727559055117
21
0.5435085826771654
0
LINE
8
BLACK
6
CONTINUOUS
10
1.0573727559055117
20
0.5435085826771654
11
1.0570458267716536
21
0.5436440157480315
0
LINE
8
BLACK
6
CONTINUOUS
10
1.0570458267716536
20
0.5436440157480315
11
1.0561077559055119
21
0.5445821259842519
0
LINE
8
BLACK
6
CONTINUOUS
10
1.0561077559055119
20
0.5445821259842519
11
1.0559723622047243
21
0.5449089763779528
0
LINE
8
BLACK
6
CONTINUOUS
10
1.0559723622047243
20
0.5449089763779528
11
1.0557050393700786
21
0.5451408267716535
0
LINE
8
BLACK
6
CONTINUOUS
10
1.0557050393700786
20
0.5451408267716535
11
1.0547669685039369
21
0.5470170078740157
0
LINE
8
BLACK
6
CONTINUOUS
10
1.0547669685039369
20
0.5470170078740157
11
1.0547314566929133
21
0.5475161417322835
0
LINE
8
BLACK
6
CONTINUOUS
10
1.0547314566929133
20
0.5475161417322835
11
1.0545399606299213
21
0.5479785433070866
0
LINE
8
BLACK
6
CONTINUOUS
10
1.0545399606299213
20
0.5479785433070866
11
1.0545399606299213
21
0.5526690157480315
0
LINE
8
BLACK
6
CONTINUOUS
10
1.0545399606299213
20
0.5526690157480315
11
1.0547314566929133
21
0.5531313779527559
0
LINE
8
BLACK
6
CONTINUOUS
10
1.0547314566929133
20
0.5531313779527559
11
1.0547669685039369
21
0.5536305511811024
0
LINE
8
BLACK
6
CONTINUOUS
10
1.0547669685039369
20
0.5536305511811024
11
1.0557050393700786
21
0.5555067322834646
0
LINE
8
BLACK
6
CONTINUOUS
10
1.0557050393700786
20
0.5555067322834646
11
1.0559723622047243
21
0.5557385433070866
0
LINE
8
BLACK
6
CONTINUOUS
10
1.0559723622047243
20
0.5557385433070866
11
1.0561077559055119
21
0.5560654330708661
0
LINE
8
BLACK
6
CONTINUOUS
10
1.0561077559055119
20
0.5560654330708661
11
1.0570458267716536
21
0.5570035433070866
0
LINE
8
BLACK
6
CONTINUOUS
10
1.0570458267716536
20
0.5570035433070866
11
1.0585661023622046
21
0.5576333070866142
0
LINE
8
BLACK
6
CONTINUOUS
10
1.0585661023622046
20
0.5576333070866142
11
1.0600863779527558
21
0.5570036220472441
0
LINE
8
BLACK
6
CONTINUOUS
10
1.0600863779527558
20
0.5570036220472441
11
1.0607161417322835
21
0.555483346456693
0
LINE
8
BLACK
6
CONTINUOUS
10
1.0607161417322835
20
0.555483346456693
11
1.0600864566929133
21
0.5539630708661417
0
LINE
8
BLACK
6
CONTINUOUS
10
1.0600864566929133
20
0.5539630708661417
11
1.0593950393700786
21
0.5532716141732283
0
LINE
8
BLACK
6
CONTINUOUS
10
1.0593950393700786
20
0.5532716141732283
11
1.0588399606299213
21
0.5521614566929134
0
LINE
8
BLACK
6
CONTINUOUS
10
1.0588399606299213
20
0.5521614566929134
11
1.0588399606299213
21
0.548486062992126
0
LINE
8
BLACK
6
CONTINUOUS
10
1.0588399606299213
20
0.548486062992126
11
1.0593950393700786
21
0.547375905511811
0
LINE
8
BLACK
6
CONTINUOUS
10
1.0593950393700786
20
0.547375905511811
11
1.0598396850393701
21
0.5469312598425197
0
LINE
8
BLACK
6
CONTINUOUS
10
1.0598396850393701
20
0.5469312598425197
11
1.0609499212598426
21
0.5463761811023622
0
LINE
8
BLACK
6
CONTINUOUS
10
1.0609499212598426
20
0.5463761811023622
11
1.0619696062992126
21
0.5463761811023622
0
LINE
8
BLACK
6
CONTINUOUS
10
1.0619696062992126
20
0.5463761811023622
11
1.0639714566929133
21
0.5470434251968503
0
LINE
8
BLACK
6
CONTINUOUS
10
1.0639714566929133
20
0.5470434251968503
11
1.07486968503937
21
0.5579416929133858
0
LINE
8
BLACK
6
CONTINUOUS
10
1.07486968503937
20
0.5579416929133858
11
1.0763899606299212
21
0.5585714173228347
0
LINE
8
BLACK
6
CONTINUOUS
10
1.0763899606299212
20
0.5585714173228347
11
1.0779102362204724
21
0.5579416929133858
0
LINE
8
BLACK
6
CONTINUOUS
10
1.0504102362204724
20
0.5629416535433071
11
1.0510399606299212
21
0.5614213779527559
0
LINE
8
BLACK
6
CONTINUOUS
10
1.0510399606299212
20
0.5614213779527559
11
1.0504102362204724
21
0.5599011023622047
0
LINE
8
BLACK
6
CONTINUOUS
10
1.0504102362204724
20
0.5599011023622047
11
1.0488899606299211
21
0.5592713779527559
0
LINE
8
BLACK
6
CONTINUOUS
10
1.0488899606299211
20
0.5592713779527559
11
1.0416590157480314
21
0.5592713779527559
0
LINE
8
BLACK
6
CONTINUOUS
10
1.0416590157480314
20
0.5592713779527559
11
1.0416590157480314
21
0.5578502755905511
0
LINE
8
BLACK
6
CONTINUOUS
10
1.0416590157480314
20
0.5578502755905511
11
1.0501229133858268
21
0.5519255905511811
0
LINE
8
BLACK
6
CONTINUOUS
10
1.0501229133858268
20
0.5519255905511811
11
1.0510072440944882
21
0.5505378740157481
0
LINE
8
BLACK
6
CONTINUOUS
10
1.0510072440944882
20
0.5505378740157481
11
1.0506512992125985
21
0.5489312992125984
0
LINE
8
BLACK
6
CONTINUOUS
10
1.0506512992125985
20
0.5489312992125984
11
1.049263622047244
21
0.548046968503937
0
LINE
8
BLACK
6
CONTINUOUS
10
1.049263622047244
20
0.548046968503937
11
1.0476570078740157
21
0.5484029133858268
0
LINE
8
BLACK
6
CONTINUOUS
10
1.0476570078740157
20
0.5484029133858268
11
1.0413598818897638
21
0.5528108661417322
0
LINE
8
BLACK
6
CONTINUOUS
10
1.0413598818897638
20
0.5528108661417322
11
1.0404938976377953
21
0.5510788976377953
0
LINE
8
BLACK
6
CONTINUOUS
10
1.0404938976377953
20
0.5510788976377953
11
1.0402265748031496
21
0.5508470472440945
0
LINE
8
BLACK
6
CONTINUOUS
10
1.0402265748031496
20
0.5508470472440945
11
1.0400911811023621
21
0.5505201574803149
0
LINE
8
BLACK
6
CONTINUOUS
10
1.0400911811023621
20
0.5505201574803149
11
1.0391531102362204
21
0.5495820866141732
0
LINE
8
BLACK
6
CONTINUOUS
10
1.0391531102362204
20
0.5495820866141732
11
1.0388261811023622
21
0.5494466535433071
0
LINE
8
BLACK
6
CONTINUOUS
10
1.0388261811023622
20
0.5494466535433071
11
1.0385943307086614
21
0.5491793307086614
0
LINE
8
BLACK
6
CONTINUOUS
10
1.0385943307086614
20
0.5491793307086614
11
1.0367181102362204
21
0.5482412204724409
0
LINE
8
BLACK
6
CONTINUOUS
10
1.0367181102362204
20
0.5482412204724409
11
1.036218937007874
21
0.548205748031496
0
LINE
8
BLACK
6
CONTINUOUS
10
1.036218937007874
20
0.548205748031496
11
1.0357566141732284
21
0.548014251968504
0
LINE
8
BLACK
6
CONTINUOUS
10
1.0357566141732284
20
0.548014251968504
11
1.0329423622047245
21
0.548014251968504
0
LINE
8
BLACK
6
CONTINUOUS
10
1.0329423622047245
20
0.548014251968504
11
1.0324800000000001
21
0.548205748031496
0
LINE
8
BLACK
6
CONTINUOUS
10
1.0324800000000001
20
0.548205748031496
11
1.0319808661417322
21
0.5482412204724409
0
LINE
8
BLACK
6
CONTINUOUS
10
1.0319808661417322
20
0.5482412204724409
11
1.0301046456692913
21
0.5491793307086614
0
LINE
8
BLACK
6
CONTINUOUS
10
1.0301046456692913
20
0.5491793307086614
11
1.0298727559055119
21
0.5494466535433071
0
LINE
8
BLACK
6
CONTINUOUS
10
1.0298727559055119
20
0.5494466535433071
11
1.0295458661417323
21
0.5495820866141732
0
LINE
8
BLACK
6
CONTINUOUS
10
1.0295458661417323
20
0.5495820866141732
11
1.0286077952755905
21
0.5505201574803149
0
LINE
8
BLACK
6
CONTINUOUS
10
1.0286077952755905
20
0.5505201574803149
11
1.0284723622047245
21
0.5508470078740157
0
LINE
8
BLACK
6
CONTINUOUS
10
1.0284723622047245
20
0.5508470078740157
11
1.0282050393700788
21
0.5510788976377953
0
LINE
8
BLACK
6
CONTINUOUS
10
1.0282050393700788
20
0.5510788976377953
11
1.0272669685039371
21
0.5529550787401575
0
LINE
8
BLACK
6
CONTINUOUS
10
1.0272669685039371
20
0.5529550787401575
11
1.0272314566929133
21
0.5534542125984252
0
LINE
8
BLACK
6
CONTINUOUS
10
1.0272314566929133
20
0.5534542125984252
11
1.0270399606299212
21
0.5539166141732283
0
LINE
8
BLACK
6
CONTINUOUS
10
1.0270399606299212
20
0.5539166141732283
11
1.0270399606299212
21
0.5614213779527559
0
LINE
8
BLACK
6
CONTINUOUS
10
1.0270399606299212
20
0.5614213779527559
11
1.0276696850393701
21
0.5629416535433071
0
LINE
8
BLACK
6
CONTINUOUS
10
1.0276696850393701
20
0.5629416535433071
11
1.0291899606299213
21
0.5635713779527559
0
LINE
8
BLACK
6
CONTINUOUS
10
1.0291899606299213
20
0.5635713779527559
11
1.0488899606299211
21
0.5635713779527559
0
LINE
8
BLACK
6
CONTINUOUS
10
1.0488899606299211
20
0.5635713779527559
11
1.0504102362204724
21
0.5629416535433071
0
LINE
8
BLACK
6
CONTINUOUS
10
1.0313399606299212
20
0.5544241338582677
11
1.031895
21
0.5533140157480315
0
LINE
8
BLACK
6
CONTINUOUS
10
1.031895
20
0.5533140157480315
11
1.03233968503937
21
0.5528693700787402
0
LINE
8
BLACK
6
CONTINUOUS
10
1.03233968503937
20
0.5528693700787402
11
1.0334499212598425
21
0.5523142519685039
0
LINE
8
BLACK
6
CONTINUOUS
10
1.0334499212598425
20
0.5523142519685039
11
1.0352490551181102
21
0.5523142519685039
0
LINE
8
BLACK
6
CONTINUOUS
10
1.0352490551181102
20
0.5523142519685039
11
1.0363592913385826
21
0.5528693700787402
0
LINE
8
BLACK
6
CONTINUOUS
10
1.0363592913385826
20
0.5528693700787402
11
1.0368038976377953
21
0.5533139763779528
0
LINE
8
BLACK
6
CONTINUOUS
10
1.0368038976377953
20
0.5533139763779528
11
1.0373590157480315
21
0.5544241732283465
0
LINE
8
BLACK
6
CONTINUOUS
10
1.0373590157480315
20
0.5544241732283465
11
1.0373590157480315
21
0.5592713779527559
0
LINE
8
BLACK
6
CONTINUOUS
10
1.0373590157480315
20
0.5592713779527559
11
1.0313399606299212
21
0.5592713779527559
0
LINE
8
BLACK
6
CONTINUOUS
10
1.0313399606299212
20
0.5592713779527559
11
1.0313399606299212
21
0.5544241338582677
0
LINE
8
BLACK
6
CONTINUOUS
10
0.7988896062992126
20
0.5646383464566929
11
0.799460748031496
21
0.5632594881889764
0
LINE
8
BLACK
6
CONTINUOUS
10
0.799460748031496
20
0.5632594881889764
11
0.7988896062992126
21
0.5618806299212599
0
LINE
8
BLACK
6
CONTINUOUS
10
0.7988896062992126
20
0.5618806299212599
11
0.797510748031496
21
0.5613094881889764
0
LINE
8
BLACK
6
CONTINUOUS
10
0.797510748031496
20
0.5613094881889764
11
0.7898756299212598
21
0.5613094881889764
0
LINE
8
BLACK
6
CONTINUOUS
10
0.7898756299212598
20
0.5613094881889764
11
0.7892223228346457
21
0.5606561811023621
0
LINE
8
BLACK
6
CONTINUOUS
10
0.7892223228346457
20
0.5606561811023621
11
0.798680748031496
21
0.5535623622047244
0
LINE
8
BLACK
6
CONTINUOUS
10
0.798680748031496
20
0.5535623622047244
11
0.7994411417322834
21
0.5522781496062992
0
LINE
8
BLACK
6
CONTINUOUS
10
0.7994411417322834
20
0.5522781496062992
11
0.799070748031496
21
0.5508323622047244
0
LINE
8
BLACK
6
CONTINUOUS
10
0.799070748031496
20
0.5508323622047244
11
0.7977864960629921
21
0.550071968503937
0
LINE
8
BLACK
6
CONTINUOUS
10
0.7977864960629921
20
0.550071968503937
11
0.796340748031496
21
0.5504423622047244
0
LINE
8
BLACK
6
CONTINUOUS
10
0.796340748031496
20
0.5504423622047244
11
0.7864366141732283
21
0.5578704724409449
0
LINE
8
BLACK
6
CONTINUOUS
10
0.7864366141732283
20
0.5578704724409449
11
0.7791896062992126
21
0.5506235039370079
0
LINE
8
BLACK
6
CONTINUOUS
10
0.7791896062992126
20
0.5506235039370079
11
0.7778107480314961
21
0.5500523622047244
0
LINE
8
BLACK
6
CONTINUOUS
10
0.7778107480314961
20
0.5500523622047244
11
0.7764318897637795
21
0.5506235039370079
0
LINE
8
BLACK
6
CONTINUOUS
10
0.7764318897637795
20
0.5506235039370079
11
0.7758607480314961
21
0.5520023622047244
0
LINE
8
BLACK
6
CONTINUOUS
10
0.7758607480314961
20
0.5520023622047244
11
0.7764318897637795
21
0.553381220472441
0
LINE
8
BLACK
6
CONTINUOUS
10
0.7764318897637795
20
0.553381220472441
11
0.7843601968503937
21
0.5613094881889764
0
LINE
8
BLACK
6
CONTINUOUS
10
0.7843601968503937
20
0.5613094881889764
11
0.7778107480314961
21
0.5613094881889764
0
LINE
8
BLACK
6
CONTINUOUS
10
0.7778107480314961
20
0.5613094881889764
11
0.7764318897637795
21
0.5618806299212599
0
LINE
8
BLACK
6
CONTINUOUS
10
0.7764318897637795
20
0.5618806299212599
11
0.7758607480314961
21
0.5632594881889764
0
LINE
8
BLACK
6
CONTINUOUS
10
0.7758607480314961
20
0.5632594881889764
11
0.7764318897637795
21
0.5646383464566929
0
LINE
8
BLACK
6
CONTINUOUS
10
0.7764318897637795
20
0.5646383464566929
11
0.7778107480314961
21
0.5652094881889763
0
LINE
8
BLACK
6
CONTINUOUS
10
0.7778107480314961
20
0.5652094881889763
11
0.797510748031496
21
0.5652094881889763
0
LINE
8
BLACK
6
CONTINUOUS
10
0.797510748031496
20
0.5652094881889763
11
0.7988896062992126
21
0.5646383464566929
0
LINE
8
BLACK
6
CONTINUOUS
10
1.1001099212598424
20
0.7433746850393701
11
1.1002614173228347
21
0.7432475196850393
0
LINE
8
BLACK
6
CONTINUOUS
10
1.1002614173228347
20
0.7432475196850393
11
1.1011
21
0.7435527559055118
0
LINE
8
BLACK
6
CONTINUOUS
10
1.1011
20
0.7435527559055118
11
1.105
21
0.7435527559055118
0
LINE
8
BLACK
6
CONTINUOUS
10
1.105
20
0.7435527559055118
11
1.1060099212598424
21
0.7433746850393701
0
LINE
8
BLACK
6
CONTINUOUS
10
1.1060099212598424
20
0.7433746850393701
11
1.1075571653543306
21
0.7420763779527559
0
LINE
8
BLACK
6
CONTINUOUS
10
1.1075571653543306
20
0.7420763779527559
11
1.1079079133858267
21
0.7400872440944881
0
LINE
8
BLACK
6
CONTINUOUS
10
1.1079079133858267
20
0.7400872440944881
11
1.1068979921259843
21
0.7383380708661417
0
LINE
8
BLACK
6
CONTINUOUS
10
1.1068979921259843
20
0.7383380708661417
11
1.105
21
0.7376472440944881
0
LINE
8
BLACK
6
CONTINUOUS
10
1.105
20
0.7376472440944881
11
1.1011
21
0.7376472440944881
0
LINE
8
BLACK
6
CONTINUOUS
10
1.1011
20
0.7376472440944881
11
1.1000900787401575
21
0.7378253149606299
0
LINE
8
BLACK
6
CONTINUOUS
10
1.1000900787401575
20
0.7378253149606299
11
1.0999385433070865
21
0.7379524409448819
0
LINE
8
BLACK
6
CONTINUOUS
10
1.0999385433070865
20
0.7379524409448819
11
1.0991
21
0.7376472440944881
0
LINE
8
BLACK
6
CONTINUOUS
10
1.0991
20
0.7376472440944881
11
1.0942527559055117
21
0.7376472440944881
0
LINE
8
BLACK
6
CONTINUOUS
10
1.0942527559055117
20
0.7376472440944881
11
1.0942527559055117
21
0.5761527559055118
0
LINE
8
BLACK
6
CONTINUOUS
10
1.0942527559055117
20
0.5761527559055118
11
1.0991
21
0.5761527559055118
0
LINE
8
BLACK
6
CONTINUOUS
10
1.0991
20
0.5761527559055118
11
1.1001099212598424
21
0.5759746850393701
0
LINE
8
BLACK
6
CONTINUOUS
10
1.1001099212598424
20
0.5759746850393701
11
1.1002614173228347
21
0.5758475196850393
0
LINE
8
BLACK
6
CONTINUOUS
10
1.1002614173228347
20
0.5758475196850393
11
1.1011
21
0.5761527559055118
0
LINE
8
BLACK
6
CONTINUOUS
10
1.1011
20
0.5761527559055118
11
1.105
21
0.5761527559055118
0
LINE
8
BLACK
6
CONTINUOUS
10
1.105
20
0.5761527559055118
11
1.1060099212598424
21
0.5759746850393701
0
LINE
8
BLACK
6
CONTINUOUS
10
1.1060099212598424
20
0.5759746850393701
11
1.1075571653543306
21
0.5746763779527559
0
LINE
8
BLACK
6
CONTINUOUS
10
1.1075571653543306
20
0.5746763779527559
11
1.1079079133858267
21
0.5726872440944881
0
LINE
8
BLACK
6
CONTINUOUS
10
1.1079079133858267
20
0.5726872440944881
11
1.1068979921259843
21
0.5709380708661417
0
LINE
8
BLACK
6
CONTINUOUS
10
1.1068979921259843
20
0.5709380708661417
11
1.105
21
0.5702472440944881
0
LINE
8
BLACK
6
CONTINUOUS
10
1.105
20
0.5702472440944881
11
1.1011
21
0.5702472440944881
0
LINE
8
BLACK
6
CONTINUOUS
10
1.1011
20
0.5702472440944881
11
1.1000900787401575
21
0.5704253149606299
0
LINE
8
BLACK
6
CONTINUOUS
10
1.1000900787401575
20
0.5704253149606299
11
1.0999385433070865
21
0.5705524409448819
0
LINE
8
BLACK
6
CONTINUOUS
10
1.0999385433070865
20
0.5705524409448819
11
1.0991
21
0.5702472440944881
0
LINE
8
BLACK
6
CONTINUOUS
10
1.0991
20
0.5702472440944881
11
1.0942527559055117
21
0.5702472440944881
0
LINE
8
BLACK
6
CONTINUOUS
10
1.0942527559055117
20
0.5702472440944881
11
1.0942527559055117
21
0.5623527559055118
0
LINE
8
BLACK
6
CONTINUOUS
10
1.0942527559055117
20
0.5623527559055118
11
1.0991
21
0.5623527559055118
0
LINE
8
BLACK
6
CONTINUOUS
10
1.0991
20
0.5623527559055118
11
1.1001099212598424
21
0.5621746850393701
0
LINE
8
BLACK
6
CONTINUOUS
10
1.1001099212598424
20
0.5621746850393701
11
1.1002614173228347
21
0.5620475196850394
0
LINE
8
BLACK
6
CONTINUOUS
10
1.1002614173228347
20
0.5620475196850394
11
1.1011
21
0.5623527559055118
0
LINE
8
BLACK
6
CONTINUOUS
10
1.1011
20
0.5623527559055118
11
1.105
21
0.5623527559055118
0
LINE
8
BLACK
6
CONTINUOUS
10
1.105
20
0.5623527559055118
11
1.1060099212598424
21
0.5621746850393701
0
LINE
8
BLACK
6
CONTINUOUS
10
1.1060099212598424
20
0.5621746850393701
11
1.1075571653543306
21
0.5608763779527559
0
LINE
8
BLACK
6
CONTINUOUS
10
1.1075571653543306
20
0.5608763779527559
11
1.1079079133858267
21
0.5588872440944882
0
LINE
8
BLACK
6
CONTINUOUS
10
1.1079079133858267
20
0.5588872440944882
11
1.1068979921259843
21
0.5571380708661418
0
LINE
8
BLACK
6
CONTINUOUS
10
1.1068979921259843
20
0.5571380708661418
11
1.105
21
0.5564472440944882
0
LINE
8
BLACK
6
CONTINUOUS
10
1.105
20
0.5564472440944882
11
1.1011
21
0.5564472440944882
0
LINE
8
BLACK
6
CONTINUOUS
10
1.1011
20
0.5564472440944882
11
1.1000900787401575
21
0.5566253149606299
0
LINE
8
BLACK
6
CONTINUOUS
10
1.1000900787401575
20
0.5566253149606299
11
1.0999385433070865
21
0.5567524409448819
0
LINE
8
BLACK
6
CONTINUOUS
10
1.0999385433070865
20
0.5567524409448819
11
1.0991
21
0.5564472440944882
0
LINE
8
BLACK
6
CONTINUOUS
10
1.0991
20
0.5564472440944882
11
1.0912999999999999
21
0.5564472440944882
0
LINE
8
BLACK
6
CONTINUOUS
10
1.0912999999999999
20
0.5564472440944882
11
1.0909164566929133
21
0.556514842519685
0
LINE
8
BLACK
6
CONTINUOUS
10
1.0909164566929133
20
0.556514842519685
11
1.0907872440944881
21
0.5564920866141733
0
LINE
8
BLACK
6
CONTINUOUS
10
1.0907872440944881
20
0.5564920866141733
11
1.0906736220472442
21
0.5565576771653543
0
LINE
8
BLACK
6
CONTINUOUS
10
1.0906736220472442
20
0.5565576771653543
11
1.0902900787401575
21
0.5566253149606299
0
LINE
8
BLACK
6
CONTINUOUS
10
1.0902900787401575
20
0.5566253149606299
11
1.0897023622047244
21
0.5571184251968504
0
LINE
8
BLACK
6
CONTINUOUS
10
1.0897023622047244
20
0.5571184251968504
11
1.0890380708661418
21
0.5575020078740157
0
LINE
8
BLACK
6
CONTINUOUS
10
1.0890380708661418
20
0.5575020078740157
11
1.0889469291338583
21
0.5577523228346457
0
LINE
8
BLACK
6
CONTINUOUS
10
1.0889469291338583
20
0.5577523228346457
11
1.0887428346456693
21
0.5579236220472441
0
LINE
8
BLACK
6
CONTINUOUS
10
1.0887428346456693
20
0.5579236220472441
11
1.0886095669291338
21
0.5586791732283465
0
LINE
8
BLACK
6
CONTINUOUS
10
1.0886095669291338
20
0.5586791732283465
11
1.0883472440944881
21
0.5594
0
LINE
8
BLACK
6
CONTINUOUS
10
1.0883472440944881
20
0.5594
11
1.0883472440944881
21
0.5973967322834646
0
LINE
8
BLACK
6
CONTINUOUS
10
1.0883472440944881
20
0.5973967322834646
11
1.0874584645669292
21
0.5962822834645669
0
LINE
8
BLACK
6
CONTINUOUS
10
1.0874584645669292
20
0.5962822834645669
11
1.0854527559055118
21
0.5953163779527559
0
LINE
8
BLACK
6
CONTINUOUS
10
1.0854527559055118
20
0.5953163779527559
11
1.0854527559055118
21
0.5575
0
LINE
8
BLACK
6
CONTINUOUS
10
1.0854527559055118
20
0.5575
11
1.08527468503937
21
0.5564900787401574
0
LINE
8
BLACK
6
CONTINUOUS
10
1.08527468503937
20
0.5564900787401574
11
1.0839763779527558
21
0.5549428346456693
0
LINE
8
BLACK
6
CONTINUOUS
10
1.0839763779527558
20
0.5549428346456693
11
1.0819872440944882
21
0.5545920866141733
0
LINE
8
BLACK
6
CONTINUOUS
10
1.0819872440944882
20
0.5545920866141733
11
1.0802380708661417
21
0.5556020078740157
0
LINE
8
BLACK
6
CONTINUOUS
10
1.0802380708661417
20
0.5556020078740157
11
1.0795472440944882
21
0.5575
0
LINE
8
BLACK
6
CONTINUOUS
10
1.0795472440944882
20
0.5575
11
1.0795472440944882
21
0.5945472440944882
0
LINE
8
BLACK
6
CONTINUOUS
10
1.0795472440944882
20
0.5945472440944882
11
1.0254527559055118
21
0.5945472440944882
0
LINE
8
BLACK
6
CONTINUOUS
10
1.0254527559055118
20
0.5945472440944882
11
1.0254527559055118
21
0.5575
0
LINE
8
BLACK
6
CONTINUOUS
10
1.0254527559055118
20
0.5575
11
1.0252746850393701
21
0.5564900787401574
0
LINE
8
BLACK
6
CONTINUOUS
10
1.0252746850393701
20
0.5564900787401574
11
1.023976377952756
21
0.5549428346456693
0
LINE
8
BLACK
6
CONTINUOUS
10
1.023976377952756
20
0.5549428346456693
11
1.0219872440944882
21
0.5545920866141733
0
LINE
8
BLACK
6
CONTINUOUS
10
1.0219872440944882
20
0.5545920866141733
11
1.0202380708661416
21
0.5556020078740157
0
LINE
8
BLACK
6
CONTINUOUS
10
1.0202380708661416
20
0.5556020078740157
11
1.0195472440944882
21
0.5575
0
LINE
8
BLACK
6
CONTINUOUS
10
1.0195472440944882
20
0.5575
11
1.0195472440944882
21
0.5975
0
LINE
8
BLACK
6
CONTINUOUS
10
1.0195472440944882
20
0.5975
11
1.0196148425196849
21
0.5978835039370078
0
LINE
8
BLACK
6
CONTINUOUS
10
1.0196148425196849
20
0.5978835039370078
11
1.0195920866141732
21
0.5980127559055118
0
LINE
8
BLACK
6
CONTINUOUS
10
1.0195920866141732
20
0.5980127559055118
11
1.0196576771653543
21
0.5981263385826772
0
LINE
8
BLACK
6
CONTINUOUS
10
1.0196576771653543
20
0.5981263385826772
11
1.0197253149606298
21
0.5985099212598425
0
LINE
8
BLACK
6
CONTINUOUS
10
1.0197253149606298
20
0.5985099212598425
11
1.0202184251968505
21
0.5990975984251968
0
LINE
8
BLACK
6
CONTINUOUS
10
1.0202184251968505
20
0.5990975984251968
11
1.0206020078740157
21
0.5997619291338583
0
LINE
8
BLACK
6
CONTINUOUS
10
1.0206020078740157
20
0.5997619291338583
11
1.0208523228346456
21
0.5998530314960629
0
LINE
8
BLACK
6
CONTINUOUS
10
1.0208523228346456
20
0.5998530314960629
11
1.0210236220472442
21
0.6000571653543307
0
LINE
8
BLACK
6
CONTINUOUS
10
1.0210236220472442
20
0.6000571653543307
11
1.0217791732283463
21
0.6001903937007874
0
LINE
8
BLACK
6
CONTINUOUS
10
1.0217791732283463
20
0.6001903937007874
11
1.0225
21
0.6004527559055118
0
LINE
8
BLACK
6
CONTINUOUS
10
1.0225
20
0.6004527559055118
11
1.0750144881889763
21
0.6004527559055118
0
LINE
8
BLACK
6
CONTINUOUS
10
1.0750144881889763
20
0.6004527559055118
11
1.0745472440944881
21
0.6025
0
LINE
8
BLACK
6
CONTINUOUS
10
1.0745472440944881
20
0.6025
11
1.0753348031496062
21
0.6059505905511811
0
LINE
8
BLACK
6
CONTINUOUS
10
1.0753348031496062
20
0.6059505905511811
11
1.0775415354330709
21
0.6087177165354331
0
LINE
8
BLACK
6
CONTINUOUS
10
1.0775415354330709
20
0.6087177165354331
11
1.0807303543307087
21
0.6102533464566929
0
LINE
8
BLACK
6
CONTINUOUS
10
1.0807303543307087
20
0.6102533464566929
11
1.0842696456692913
21
0.6102533464566929
0
LINE
8
BLACK
6
CONTINUOUS
10
1.0842696456692913
20
0.6102533464566929
11
1.0874584645669292
21
0.6087177165354331
0
LINE
8
BLACK
6
CONTINUOUS
10
1.0874584645669292
20
0.6087177165354331
11
1.0883472440944881
21
0.6076032283464566
0
LINE
8
BLACK
6
CONTINUOUS
10
1.0883472440944881
20
0.6076032283464566
11
1.0883472440944881
21
0.7406
0
LINE
8
BLACK
6
CONTINUOUS
10
1.0883472440944881
20
0.7406
11
1.0884148425196851
21
0.7409835039370078
0
LINE
8
BLACK
6
CONTINUOUS
10
1.0884148425196851
20
0.7409835039370078
11
1.0883920866141732
21
0.7411127559055118
0
LINE
8
BLACK
6
CONTINUOUS
10
1.0883920866141732
20
0.7411127559055118
11
1.0884576771653542
21
0.7412263385826772
0
LINE
8
BLACK
6
CONTINUOUS
10
1.0884576771653542
20
0.7412263385826772
11
1.08852531496063
21
0.7416099212598425
0
LINE
8
BLACK
6
CONTINUOUS
10
1.08852531496063
20
0.7416099212598425
11
1.0890184251968504
21
0.7421975984251968
0
LINE
8
BLACK
6
CONTINUOUS
10
1.0890184251968504
20
0.7421975984251968
11
1.0894020078740156
21
0.7428619291338583
0
LINE
8
BLACK
6
CONTINUOUS
10
1.0894020078740156
20
0.7428619291338583
11
1.0896523228346457
21
0.742953031496063
0
LINE
8
BLACK
6
CONTINUOUS
10
1.0896523228346457
20
0.742953031496063
11
1.0898236220472441
21
0.7431571653543307
0
LINE
8
BLACK
6
CONTINUOUS
10
1.0898236220472441
20
0.7431571653543307
11
1.0905791732283465
21
0.7432903937007874
0
LINE
8
BLACK
6
CONTINUOUS
10
1.0905791732283465
20
0.7432903937007874
11
1.0912999999999999
21
0.7435527559055118
0
LINE
8
BLACK
6
CONTINUOUS
10
1.0912999999999999
20
0.7435527559055118
11
1.0991
21
0.7435527559055118
0
LINE
8
BLACK
6
CONTINUOUS
10
1.0991
20
0.7435527559055118
11
1.1001099212598424
21
0.7433746850393701
0
LINE
8
BLACK
6
CONTINUOUS
10
1.0809331102362205
20
0.6009331102362204
11
1.0820927952755905
21
0.6004527559055118
0
LINE
8
BLACK
6
CONTINUOUS
10
1.0820927952755905
20
0.6004527559055118
11
1.0825
21
0.6004527559055118
0
LINE
8
BLACK
6
CONTINUOUS
10
1.0825
20
0.6004527559055118
11
1.0827855905511812
21
0.6004023622047244
0
LINE
8
BLACK
6
CONTINUOUS
10
1.0827855905511812
20
0.6004023622047244
11
1.0840668897637795
21
0.6009331102362204
0
LINE
8
BLACK
6
CONTINUOUS
10
1.0840668897637795
20
0.6009331102362204
11
1.084715905511811
21
0.6025
0
LINE
8
BLACK
6
CONTINUOUS
10
1.084715905511811
20
0.6025
11
1.0840668897637795
21
0.6040668897637795
0
LINE
8
BLACK
6
CONTINUOUS
10
1.0840668897637795
20
0.6040668897637795
11
1.0825
21
0.604715905511811
0
LINE
8
BLACK
6
CONTINUOUS
10
1.0825
20
0.604715905511811
11
1.0809331102362205
21
0.6040668897637795
0
LINE
8
BLACK
6
CONTINUOUS
10
1.0809331102362205
20
0.6040668897637795
11
1.0802840944881889
21
0.6025
0
LINE
8
BLACK
6
CONTINUOUS
10
1.0802840944881889
20
0.6025
11
1.0809331102362205
21
0.6009331102362204
0
LINE
8
BLACK
6
CONTINUOUS
10
0.6530999606299213
20
0.6265629921259842
11
0.6552961023622047
21
0.6243668503937008
0
LINE
8
BLACK
6
CONTINUOUS
10
0.6552961023622047
20
0.6243668503937008
11
0.6560999606299213
21
0.6213668503937008
0
LINE
8
BLACK
6
CONTINUOUS
10
0.6560999606299213
20
0.6213668503937008
11
0.6552961023622047
21
0.6183668503937008
0
LINE
8
BLACK
6
CONTINUOUS
10
0.6552961023622047
20
0.6183668503937008
11
0.6530999606299213
21
0.6161707086614173
0
LINE
8
BLACK
6
CONTINUOUS
10
0.6530999606299213
20
0.6161707086614173
11
0.6500999606299213
21
0.6153668503937008
0
LINE
8
BLACK
6
CONTINUOUS
10
0.6500999606299213
20
0.6153668503937008
11
0.6261797637795276
21
0.6153668503937008
0
LINE
8
BLACK
6
CONTINUOUS
10
0.6261797637795276
20
0.6153668503937008
11
0.6374725984251969
21
0.6024607480314961
0
LINE
8
BLACK
6
CONTINUOUS
10
0.6374725984251969
20
0.6024607480314961
11
0.6377341732283465
21
0.6019287795275591
0
LINE
8
BLACK
6
CONTINUOUS
10
0.6377341732283465
20
0.6019287795275591
11
0.6381532677165355
21
0.6015097244094488
0
LINE
8
BLACK
6
CONTINUOUS
10
0.6381532677165355
20
0.6015097244094488
11
0.6384082677165355
21
0.6005579527559055
0
LINE
8
BLACK
6
CONTINUOUS
10
0.6384082677165355
20
0.6005579527559055
11
0.6388431496062992
21
0.5996736614173228
0
LINE
8
BLACK
6
CONTINUOUS
10
0.6388431496062992
20
0.5996736614173228
11
0.6388037007874016
21
0.5990822047244094
0
LINE
8
BLACK
6
CONTINUOUS
10
0.6388037007874016
20
0.5990822047244094
11
0.6389571259842519
21
0.5985097244094488
0
LINE
8
BLACK
6
CONTINUOUS
10
0.6389571259842519
20
0.5985097244094488
11
0.6387020866141732
21
0.5975579133858268
0
LINE
8
BLACK
6
CONTINUOUS
10
0.6387020866141732
20
0.5975579133858268
11
0.6386365354330709
21
0.5965747244094488
0
LINE
8
BLACK
6
CONTINUOUS
10
0.6386365354330709
20
0.5965747244094488
11
0.6383066535433071
21
0.5960822440944882
0
LINE
8
BLACK
6
CONTINUOUS
10
0.6383066535433071
20
0.5960822440944882
11
0.6381532677165355
21
0.5955097244094488
0
LINE
8
BLACK
6
CONTINUOUS
10
0.6381532677165355
20
0.5955097244094488
11
0.6374565354330709
21
0.5948129921259843
0
LINE
8
BLACK
6
CONTINUOUS
10
0.6374565354330709
20
0.5948129921259843
11
0.6369081496062992
21
0.593994251968504
0
LINE
8
BLACK
6
CONTINUOUS
10
0.6369081496062992
20
0.593994251968504
11
0.6363761811023622
21
0.5937326377952756
0
LINE
8
BLACK
6
CONTINUOUS
10
0.6363761811023622
20
0.5937326377952756
11
0.6359571259842519
21
0.5933135826771654
0
LINE
8
BLACK
6
CONTINUOUS
10
0.6359571259842519
20
0.5933135826771654
11
0.6350053937007873
21
0.5930585433070866
0
LINE
8
BLACK
6
CONTINUOUS
10
0.6350053937007873
20
0.5930585433070866
11
0.6341211023622048
21
0.5926237007874016
0
LINE
8
BLACK
6
CONTINUOUS
10
0.6341211023622048
20
0.5926237007874016
11
0.6335296456692914
21
0.5926631102362204
0
LINE
8
BLACK
6
CONTINUOUS
10
0.6335296456692914
20
0.5926631102362204
11
0.6329571259842519
21
0.5925097244094488
0
LINE
8
BLACK
6
CONTINUOUS
10
0.6329571259842519
20
0.5925097244094488
11
0.6258020472440945
21
0.5925097244094488
0
LINE
8
BLACK
6
CONTINUOUS
10
0.6258020472440945
20
0.5925097244094488
11
0.6222256299212598
21
0.5907214566929134
0
LINE
8
BLACK
6
CONTINUOUS
10
0.6222256299212598
20
0.5907214566929134
11
0.6207453543307087
21
0.5892412598425196
0
LINE
8
BLACK
6
CONTINUOUS
10
0.6207453543307087
20
0.5892412598425196
11
0.6189571259842519
21
0.5856647244094488
0
LINE
8
BLACK
6
CONTINUOUS
10
0.6189571259842519
20
0.5856647244094488
11
0.6189571259842519
21
0.5742118110236221
0
LINE
8
BLACK
6
CONTINUOUS
10
0.6189571259842519
20
0.5742118110236221
11
0.6207453543307087
21
0.5706352755905512
0
LINE
8
BLACK
6
CONTINUOUS
10
0.6207453543307087
20
0.5706352755905512
11
0.6222256299212598
21
0.5691550787401575
0
LINE
8
BLACK
6
CONTINUOUS
10
0.6222256299212598
20
0.5691550787401575
11
0.6258020472440945
21
0.5673668503937008
0
LINE
8
BLACK
6
CONTINUOUS
10
0.6258020472440945
20
0.5673668503937008
11
0.6401120866141732
21
0.5673668503937008
0
LINE
8
BLACK
6
CONTINUOUS
10
0.6401120866141732
20
0.5673668503937008
11
0.6436887007874016
21
0.569155157480315
0
LINE
8
BLACK
6
CONTINUOUS
10
0.6436887007874016
20
0.569155157480315
11
0.6458573228346457
21
0.5713237795275591
0
LINE
8
BLACK
6
CONTINUOUS
10
0.6458573228346457
20
0.5713237795275591
11
0.6485470472440945
21
0.5728766929133858
0
LINE
8
BLACK
6
CONTINUOUS
10
0.6485470472440945
20
0.5728766929133858
11
0.651652874015748
21
0.5728766929133858
0
LINE
8
BLACK
6
CONTINUOUS
10
0.651652874015748
20
0.5728766929133858
11
0.6543425984251968
21
0.5713237795275591
0
LINE
8
BLACK
6
CONTINUOUS
10
0.6543425984251968
20
0.5713237795275591
11
0.6558955118110236
21
0.5686340551181103
0
LINE
8
BLACK
6
CONTINUOUS
10
0.6558955118110236
20
0.5686340551181103
11
0.6558955118110236
21
0.5655282283464567
0
LINE
8
BLACK
6
CONTINUOUS
10
0.6558955118110236
20
0.5655282283464567
11
0.6543425984251968
21
0.5628385039370079
0
LINE
8
BLACK
6
CONTINUOUS
10
0.6543425984251968
20
0.5628385039370079
11
0.6514854724409449
21
0.5599813779527559
0
LINE
8
BLACK
6
CONTINUOUS
10
0.6514854724409449
20
0.5599813779527559
11
0.650648937007874
21
0.5594983858267717
0
LINE
8
BLACK
6
CONTINUOUS
10
0.650648937007874
20
0.5594983858267717
11
0.6499261417322835
21
0.5588574409448819
0
LINE
8
BLACK
6
CONTINUOUS
10
0.6499261417322835
20
0.5588574409448819
11
0.6442118503937008
21
0.5560002755905512
0
LINE
8
BLACK
6
CONTINUOUS
10
0.6442118503937008
20
0.5560002755905512
11
0.6428605118110237
21
0.5557237401574803
0
LINE
8
BLACK
6
CONTINUOUS
10
0.6428605118110237
20
0.5557237401574803
11
0.6415285433070866
21
0.5553668503937008
0
LINE
8
BLACK
6
CONTINUOUS
10
0.6415285433070866
20
0.5553668503937008
11
0.6243856692913385
21
0.5553668503937008
0
LINE
8
BLACK
6
CONTINUOUS
10
0.6243856692913385
20
0.5553668503937008
11
0.6230533858267716
21
0.5557238188976378
0
LINE
8
BLACK
6
CONTINUOUS
10
0.6230533858267716
20
0.5557238188976378
11
0.6217023622047244
21
0.55600031496063
0
LINE
8
BLACK
6
CONTINUOUS
10
0.6217023622047244
20
0.55600031496063
11
0.6159881102362205
21
0.5588574803149606
0
LINE
8
BLACK
6
CONTINUOUS
10
0.6159881102362205
20
0.5588574803149606
11
0.6152653937007874
21
0.5594983464566929
0
LINE
8
BLACK
6
CONTINUOUS
10
0.6152653937007874
20
0.5594983464566929
11
0.6144288188976378
21
0.5599813385826772
0
LINE
8
BLACK
6
CONTINUOUS
10
0.6144288188976378
20
0.5599813385826772
11
0.6115716535433071
21
0.5628384645669291
0
LINE
8
BLACK
6
CONTINUOUS
10
0.6115716535433071
20
0.5628384645669291
11
0.6110886220472441
21
0.5636750393700787
0
LINE
8
BLACK
6
CONTINUOUS
10
0.6110886220472441
20
0.5636750393700787
11
0.6104476771653543
21
0.564397874015748
0
LINE
8
BLACK
6
CONTINUOUS
10
0.6104476771653543
20
0.564397874015748
11
0.6075905511811024
21
0.5701121653543307
0
LINE
8
BLACK
6
CONTINUOUS
10
0.6075905511811024
20
0.5701121653543307
11
0.6073140551181102
21
0.5714633070866142
0
LINE
8
BLACK
6
CONTINUOUS
10
0.6073140551181102
20
0.5714633070866142
11
0.606957125984252
21
0.5727954330708661
0
LINE
8
BLACK
6
CONTINUOUS
10
0.606957125984252
20
0.5727954330708661
11
0.606957125984252
21
0.5870811417322834
0
LINE
8
BLACK
6
CONTINUOUS
10
0.606957125984252
20
0.5870811417322834
11
0.6073140551181102
21
0.5884132283464567
0
LINE
8
BLACK
6
CONTINUOUS
10
0.6073140551181102
20
0.5884132283464567
11
0.6075905511811024
21
0.5897644094488189
0
LINE
8
BLACK
6
CONTINUOUS
10
0.6075905511811024
20
0.5897644094488189
11
0.6104476771653543
21
0.5954787007874016
0
LINE
8
BLACK
6
CONTINUOUS
10
0.6104476771653543
20
0.5954787007874016
11
0.6110886220472441
21
0.5962014960629921
0
LINE
8
BLACK
6
CONTINUOUS
10
0.6110886220472441
20
0.5962014960629921
11
0.6115716535433071
21
0.5970381102362204
0
LINE
8
BLACK
6
CONTINUOUS
10
0.6115716535433071
20
0.5970381102362204
11
0.6144288188976378
21
0.5998952362204725
0
LINE
8
BLACK
6
CONTINUOUS
10
0.6144288188976378
20
0.5998952362204725
11
0.6152653937007874
21
0.600378188976378
0
LINE
8
BLACK
6
CONTINUOUS
10
0.6152653937007874
20
0.600378188976378
11
0.6159881102362205
21
0.6010190944881889
0
LINE
8
BLACK
6
CONTINUOUS
10
0.6159881102362205
20
0.6010190944881889
11
0.6207190157480315
21
0.6033845669291339
0
LINE
8
BLACK
6
CONTINUOUS
10
0.6207190157480315
20
0.6033845669291339
11
0.608441653543307
21
0.6174158267716535
0
LINE
8
BLACK
6
CONTINUOUS
10
0.608441653543307
20
0.6174158267716535
11
0.6081800393700787
21
0.6179477559055118
0
LINE
8
BLACK
6
CONTINUOUS
10
0.6081800393700787
20
0.6179477559055118
11
0.6077609842519685
21
0.6183668503937008
0
LINE
8
BLACK
6
CONTINUOUS
10
0.6077609842519685
20
0.6183668503937008
11
0.6075059448818898
21
0.6193185826771653
0
LINE
8
BLACK
6
CONTINUOUS
10
0.6075059448818898
20
0.6193185826771653
11
0.6070711023622047
21
0.6202029133858268
0
LINE
8
BLACK
6
CONTINUOUS
10
0.6070711023622047
20
0.6202029133858268
11
0.6071105118110236
21
0.6207943307086614
0
LINE
8
BLACK
6
CONTINUOUS
10
0.6071105118110236
20
0.6207943307086614
11
0.606957125984252
21
0.6213668503937008
0
LINE
8
BLACK
6
CONTINUOUS
10
0.606957125984252
20
0.6213668503937008
11
0.6072121653543306
21
0.6223186614173228
0
LINE
8
BLACK
6
CONTINUOUS
10
0.6072121653543306
20
0.6223186614173228
11
0.6072777165354331
21
0.623301811023622
0
LINE
8
BLACK
6
CONTINUOUS
10
0.6072777165354331
20
0.623301811023622
11
0.6076075590551181
21
0.6237942519685039
0
LINE
8
BLACK
6
CONTINUOUS
10
0.6076075590551181
20
0.6237942519685039
11
0.6077609842519685
21
0.6243668503937008
0
LINE
8
BLACK
6
CONTINUOUS
10
0.6077609842519685
20
0.6243668503937008
11
0.608457716535433
21
0.6250635826771653
0
LINE
8
BLACK
6
CONTINUOUS
10
0.608457716535433
20
0.6250635826771653
11
0.6090061023622048
21
0.6258823228346456
0
LINE
8
BLACK
6
CONTINUOUS
10
0.6090061023622048
20
0.6258823228346456
11
0.609538031496063
21
0.6261438976377952
0
LINE
8
BLACK
6
CONTINUOUS
10
0.609538031496063
20
0.6261438976377952
11
0.609957125984252
21
0.6265629921259842
0
LINE
8
BLACK
6
CONTINUOUS
10
0.609957125984252
20
0.6265629921259842
11
0.6109088582677166
21
0.6268179921259842
0
LINE
8
BLACK
6
CONTINUOUS
10
0.6109088582677166
20
0.6268179921259842
11
0.6117931889763779
21
0.627252874015748
0
LINE
8
BLACK
6
CONTINUOUS
10
0.6117931889763779
20
0.627252874015748
11
0.6123846062992125
21
0.6272134251968504
0
LINE
8
BLACK
6
CONTINUOUS
10
0.6123846062992125
20
0.6272134251968504
11
0.612957125984252
21
0.6273668503937008
0
LINE
8
BLACK
6
CONTINUOUS
10
0.612957125984252
20
0.6273668503937008
11
0.6500999606299213
21
0.6273668503937008
0
LINE
8
BLACK
6
CONTINUOUS
10
0.6500999606299213
20
0.6273668503937008
11
0.6530999606299213
21
0.6265629921259842
0
LINE
8
BLACK
6
CONTINUOUS
10
0.6881759448818897
20
0.627116811023622
11
0.6891401968503937
21
0.627058937007874
0
LINE
8
BLACK
6
CONTINUOUS
10
0.6891401968503937
20
0.627058937007874
11
0.6977116141732284
21
0.624201811023622
0
LINE
8
BLACK
6
CONTINUOUS
10
0.6977116141732284
20
0.624201811023622
11
0.6988624803149606
21
0.6234419291338582
0
LINE
8
BLACK
6
CONTINUOUS
10
0.6988624803149606
20
0.6234419291338582
11
0.7000568897637796
21
0.6227523622047244
0
LINE
8
BLACK
6
CONTINUOUS
10
0.7000568897637796
20
0.6227523622047244
11
0.7057711811023621
21
0.6170380708661417
0
LINE
8
BLACK
6
CONTINUOUS
10
0.7057711811023621
20
0.6170380708661417
11
0.7062541732283465
21
0.6162014566929134
0
LINE
8
BLACK
6
CONTINUOUS
10
0.7062541732283465
20
0.6162014566929134
11
0.7068951181102362
21
0.6154787007874015
0
LINE
8
BLACK
6
CONTINUOUS
10
0.7068951181102362
20
0.6154787007874015
11
0.7097522440944882
21
0.6097644094488189
0
LINE
8
BLACK
6
CONTINUOUS
10
0.7097522440944882
20
0.6097644094488189
11
0.709885
21
0.6091155118110236
0
LINE
8
BLACK
6
CONTINUOUS
10
0.709885
20
0.6091155118110236
11
0.7102065354330709
21
0.6085363779527559
0
LINE
8
BLACK
6
CONTINUOUS
10
0.7102065354330709
20
0.6085363779527559
11
0.7130637007874016
21
0.5971077952755905
0
LINE
8
BLACK
6
CONTINUOUS
10
0.7130637007874016
20
0.5971077952755905
11
0.713051220472441
21
0.5963675590551181
0
LINE
8
BLACK
6
CONTINUOUS
10
0.713051220472441
20
0.5963675590551181
11
0.7132428346456693
21
0.595652559055118
0
LINE
8
BLACK
6
CONTINUOUS
10
0.7132428346456693
20
0.595652559055118
11
0.7132428346456693
21
0.5870811417322834
0
LINE
8
BLACK
6
CONTINUOUS
10
0.7132428346456693
20
0.5870811417322834
11
0.713051220472441
21
0.5863661023622048
0
LINE
8
BLACK
6
CONTINUOUS
10
0.713051220472441
20
0.5863661023622048
11
0.7130637007874016
21
0.585625905511811
0
LINE
8
BLACK
6
CONTINUOUS
10
0.7130637007874016
20
0.585625905511811
11
0.7102065354330709
21
0.5741973228346456
0
LINE
8
BLACK
6
CONTINUOUS
10
0.7102065354330709
20
0.5741973228346456
11
0.709885
21
0.5736181496062992
0
LINE
8
BLACK
6
CONTINUOUS
10
0.709885
20
0.5736181496062992
11
0.7097522440944882
21
0.5729692913385827
0
LINE
8
BLACK
6
CONTINUOUS
10
0.7097522440944882
20
0.5729692913385827
11
0.7068951181102362
21
0.567255
0
LINE
8
BLACK
6
CONTINUOUS
10
0.7068951181102362
20
0.567255
11
0.7062541338582677
21
0.566532125984252
0
LINE
8
BLACK
6
CONTINUOUS
10
0.7062541338582677
20
0.566532125984252
11
0.7057711417322835
21
0.5656955905511811
0
LINE
8
BLACK
6
CONTINUOUS
10
0.7057711417322835
20
0.5656955905511811
11
0.7000568897637796
21
0.5599813779527559
0
LINE
8
BLACK
6
CONTINUOUS
10
0.7000568897637796
20
0.5599813779527559
11
0.6988625590551181
21
0.5592918503937008
0
LINE
8
BLACK
6
CONTINUOUS
10
0.6988625590551181
20
0.5592918503937008
11
0.6977116535433071
21
0.5585319291338583
0
LINE
8
BLACK
6
CONTINUOUS
10
0.6977116535433071
20
0.5585319291338583
11
0.6891402362204724
21
0.5556747637795275
0
LINE
8
BLACK
6
CONTINUOUS
10
0.6891402362204724
20
0.5556747637795275
11
0.688175905511811
21
0.5556168503937008
0
LINE
8
BLACK
6
CONTINUOUS
10
0.688175905511811
20
0.5556168503937008
11
0.6872428346456693
21
0.5553668503937008
0
LINE
8
BLACK
6
CONTINUOUS
10
0.6872428346456693
20
0.5553668503937008
11
0.6815285433070866
21
0.5553668503937008
0
LINE
8
BLACK
6
CONTINUOUS
10
0.6815285433070866
20
0.5553668503937008
11
0.6805953937007874
21
0.5556168503937008
0
LINE
8
BLACK
6
CONTINUOUS
10
0.6805953937007874
20
0.5556168503937008
11
0.6796311811023622
21
0.5556747637795275
0
LINE
8
BLACK
6
CONTINUOUS
10
0.6796311811023622
20
0.5556747637795275
11
0.6710597244094488
21
0.5585319291338583
0
LINE
8
BLACK
6
CONTINUOUS
10
0.6710597244094488
20
0.5585319291338583
11
0.6699088976377953
21
0.5592917716535433
0
LINE
8
BLACK
6
CONTINUOUS
10
0.6699088976377953
20
0.5592917716535433
11
0.6687145275590551
21
0.5599813385826772
0
LINE
8
BLACK
6
CONTINUOUS
10
0.6687145275590551
20
0.5599813385826772
11
0.6658573622047244
21
0.5628384645669291
0
LINE
8
BLACK
6
CONTINUOUS
10
0.6658573622047244
20
0.5628384645669291
11
0.6643044094488189
21
0.5655281889763779
0
LINE
8
BLACK
6
CONTINUOUS
10
0.6643044094488189
20
0.5655281889763779
11
0.6643044094488189
21
0.5686340157480315
0
LINE
8
BLACK
6
CONTINUOUS
10
0.6643044094488189
20
0.5686340157480315
11
0.665857283464567
21
0.5713237401574803
0
LINE
8
BLACK
6
CONTINUOUS
10
0.665857283464567
20
0.5713237401574803
11
0.6685470078740158
21
0.5728766929133858
0
LINE
8
BLACK
6
CONTINUOUS
10
0.6685470078740158
20
0.5728766929133858
11
0.6716528346456693
21
0.5728766929133858
0
LINE
8
BLACK
6
CONTINUOUS
10
0.6716528346456693
20
0.5728766929133858
11
0.6743425590551181
21
0.5713238188976378
0
LINE
8
BLACK
6
CONTINUOUS
10
0.6743425590551181
20
0.5713238188976378
11
0.6761982283464567
21
0.569468188976378
0
LINE
8
BLACK
6
CONTINUOUS
10
0.6761982283464567
20
0.569468188976378
11
0.6825022047244095
21
0.5673668503937008
0
LINE
8
BLACK
6
CONTINUOUS
10
0.6825022047244095
20
0.5673668503937008
11
0.6862691732283465
21
0.5673668503937008
0
LINE
8
BLACK
6
CONTINUOUS
10
0.6862691732283465
20
0.5673668503937008
11
0.6925731496062992
21
0.569468188976378
0
LINE
8
BLACK
6
CONTINUOUS
10
0.6925731496062992
20
0.569468188976378
11
0.6965973622047243
21
0.5734924015748032
0
LINE
8
BLACK
6
CONTINUOUS
10
0.6965973622047243
20
0.5734924015748032
11
0.6987245275590551
21
0.5777466535433071
0
LINE
8
BLACK
6
CONTINUOUS
10
0.6987245275590551
20
0.5777466535433071
11
0.7012428346456693
21
0.587819842519685
0
LINE
8
BLACK
6
CONTINUOUS
10
0.7012428346456693
20
0.587819842519685
11
0.7012428346456693
21
0.5949138188976378
0
LINE
8
BLACK
6
CONTINUOUS
10
0.7012428346456693
20
0.5949138188976378
11
0.6987245275590551
21
0.6049870078740157
0
LINE
8
BLACK
6
CONTINUOUS
10
0.6987245275590551
20
0.6049870078740157
11
0.6965973622047243
21
0.6092412992125984
0
LINE
8
BLACK
6
CONTINUOUS
10
0.6965973622047243
20
0.6092412992125984
11
0.692573188976378
21
0.6132654724409449
0
LINE
8
BLACK
6
CONTINUOUS
10
0.692573188976378
20
0.6132654724409449
11
0.6862692125984252
21
0.6153668503937008
0
LINE
8
BLACK
6
CONTINUOUS
10
0.6862692125984252
20
0.6153668503937008
11
0.6825021653543307
21
0.6153668503937008
0
LINE
8
BLACK
6
CONTINUOUS
10
0.6825021653543307
20
0.6153668503937008
11
0.676198188976378
21
0.6132655118110236
0
LINE
8
BLACK
6
CONTINUOUS
10
0.676198188976378
20
0.6132655118110236
11
0.6743425984251968
21
0.6114099212598425
0
LINE
8
BLACK
6
CONTINUOUS
10
0.6743425984251968
20
0.6114099212598425
11
0.671652874015748
21
0.6098570078740158
0
LINE
8
BLACK
6
CONTINUOUS
10
0.671652874015748
20
0.6098570078740158
11
0.6685470472440945
21
0.6098570078740158
0
LINE
8
BLACK
6
CONTINUOUS
10
0.6685470472440945
20
0.6098570078740158
11
0.6658573228346456
21
0.6114099212598425
0
LINE
8
BLACK
6
CONTINUOUS
10
0.6658573228346456
20
0.6114099212598425
11
0.6643044094488189
21
0.6140996456692913
0
LINE
8
BLACK
6
CONTINUOUS
10
0.6643044094488189
20
0.6140996456692913
11
0.6643044094488189
21
0.6172054724409448
0
LINE
8
BLACK
6
CONTINUOUS
10
0.6643044094488189
20
0.6172054724409448
11
0.6658573228346456
21
0.6198951968503937
0
LINE
8
BLACK
6
CONTINUOUS
10
0.6658573228346456
20
0.6198951968503937
11
0.6687144881889764
21
0.6227523622047244
0
LINE
8
BLACK
6
CONTINUOUS
10
0.6687144881889764
20
0.6227523622047244
11
0.6699088582677165
21
0.6234419291338582
0
LINE
8
BLACK
6
CONTINUOUS
10
0.6699088582677165
20
0.6234419291338582
11
0.6710597637795276
21
0.624201811023622
0
LINE
8
BLACK
6
CONTINUOUS
10
0.6710597637795276
20
0.624201811023622
11
0.6796311811023622
21
0.6270589763779527
0
LINE
8
BLACK
6
CONTINUOUS
10
0.6796311811023622
20
0.6270589763779527
11
0.6805955511811024
21
0.6271168503937008
0
LINE
8
BLACK
6
CONTINUOUS
10
0.6805955511811024
20
0.6271168503937008
11
0.6815285433070866
21
0.6273668503937008
0
LINE
8
BLACK
6
CONTINUOUS
10
0.6815285433070866
20
0.6273668503937008
11
0.6872428346456693
21
0.6273668503937008
0
LINE
8
BLACK
6
CONTINUOUS
10
0.6872428346456693
20
0.6273668503937008
11
0.6881759448818897
21
0.627116811023622
0
LINE
8
BLACK
6
CONTINUOUS
10
1.2489835039370079
20
0.7436851181102362
11
1.2491127559055117
21
0.7437079133858268
0
LINE
8
BLACK
6
CONTINUOUS
10
1.2491127559055117
20
0.7437079133858268
11
1.2492263385826772
21
0.743642283464567
0
LINE
8
BLACK
6
CONTINUOUS
10
1.2492263385826772
20
0.743642283464567
11
1.2496099212598424
21
0.7435746850393701
0
LINE
8
BLACK
6
CONTINUOUS
10
1.2496099212598424
20
0.7435746850393701
11
1.2501975984251967
21
0.7430815354330709
0
LINE
8
BLACK
6
CONTINUOUS
10
1.2501975984251967
20
0.7430815354330709
11
1.2508619291338583
21
0.7426979921259842
0
LINE
8
BLACK
6
CONTINUOUS
10
1.2508619291338583
20
0.7426979921259842
11
1.2509530314960631
21
0.7424476377952756
0
LINE
8
BLACK
6
CONTINUOUS
10
1.2509530314960631
20
0.7424476377952756
11
1.2511571653543307
21
0.7422763779527559
0
LINE
8
BLACK
6
CONTINUOUS
10
1.2511571653543307
20
0.7422763779527559
11
1.2512903937007873
21
0.7415207874015748
0
LINE
8
BLACK
6
CONTINUOUS
10
1.2512903937007873
20
0.7415207874015748
11
1.2515527559055117
21
0.7408
0
LINE
8
BLACK
6
CONTINUOUS
10
1.2515527559055117
20
0.7408
11
1.2515527559055117
21
0.5730000393700787
0
LINE
8
BLACK
6
CONTINUOUS
10
1.2515527559055117
20
0.5730000393700787
11
1.2516079133858267
21
0.5726872440944881
0
LINE
8
BLACK
6
CONTINUOUS
10
1.2516079133858267
20
0.5726872440944881
11
1.2515527559055117
21
0.5725916929133859
0
LINE
8
BLACK
6
CONTINUOUS
10
1.2515527559055117
20
0.5725916929133859
11
1.2515527559055117
21
0.5596
0
LINE
8
BLACK
6
CONTINUOUS
10
1.2515527559055117
20
0.5596
11
1.2514851181102362
21
0.5592164566929134
0
LINE
8
BLACK
6
CONTINUOUS
10
1.2514851181102362
20
0.5592164566929134
11
1.2515079133858267
21
0.5590872440944882
0
LINE
8
BLACK
6
CONTINUOUS
10
1.2515079133858267
20
0.5590872440944882
11
1.2514422834645669
21
0.5589736220472441
0
LINE
8
BLACK
6
CONTINUOUS
10
1.2514422834645669
20
0.5589736220472441
11
1.2513746850393701
21
0.5585900787401574
0
LINE
8
BLACK
6
CONTINUOUS
10
1.2513746850393701
20
0.5585900787401574
11
1.2508815354330709
21
0.5580023622047244
0
LINE
8
BLACK
6
CONTINUOUS
10
1.2508815354330709
20
0.5580023622047244
11
1.2504979921259842
21
0.5573380708661417
0
LINE
8
BLACK
6
CONTINUOUS
10
1.2504979921259842
20
0.5573380708661417
11
1.2502476377952756
21
0.5572469291338582
0
LINE
8
BLACK
6
CONTINUOUS
10
1.2502476377952756
20
0.5572469291338582
11
1.2500763779527559
21
0.5570428346456693
0
LINE
8
BLACK
6
CONTINUOUS
10
1.2500763779527559
20
0.5570428346456693
11
1.2493207874015748
21
0.5569095669291338
0
LINE
8
BLACK
6
CONTINUOUS
10
1.2493207874015748
20
0.5569095669291338
11
1.2485999999999999
21
0.5566472440944882
0
LINE
8
BLACK
6
CONTINUOUS
10
1.2485999999999999
20
0.5566472440944882
11
1.2407999999999999
21
0.5566472440944882
0
LINE
8
BLACK
6
CONTINUOUS
10
1.2407999999999999
20
0.5566472440944882
11
1.2398901968503937
21
0.5568076377952755
0
LINE
8
BLACK
6
CONTINUOUS
10
1.2398901968503937
20
0.5568076377952755
11
1.2388999999999999
21
0.5564472440944882
0
LINE
8
BLACK
6
CONTINUOUS
10
1.2388999999999999
20
0.5564472440944882
11
1.2349999999999999
21
0.5564472440944882
0
LINE
8
BLACK
6
CONTINUOUS
10
1.2349999999999999
20
0.5564472440944882
11
1.2339900787401574
21
0.5566253149606299
0
LINE
8
BLACK
6
CONTINUOUS
10
1.2339900787401574
20
0.5566253149606299
11
1.2324428346456693
21
0.5579236220472441
0
LINE
8
BLACK
6
CONTINUOUS
10
1.2324428346456693
20
0.5579236220472441
11
1.2320920866141731
21
0.5599127559055118
0
LINE
8
BLACK
6
CONTINUOUS
10
1.2320920866141731
20
0.5599127559055118
11
1.2331020078740158
21
0.5616619291338583
0
LINE
8
BLACK
6
CONTINUOUS
10
1.2331020078740158
20
0.5616619291338583
11
1.2349999999999999
21
0.5623527559055118
0
LINE
8
BLACK
6
CONTINUOUS
10
1.2349999999999999
20
0.5623527559055118
11
1.2388999999999999
21
0.5623527559055118
0
LINE
8
BLACK
6
CONTINUOUS
10
1.2388999999999999
20
0.5623527559055118
11
1.2398097637795276
21
0.5621923228346457
0
LINE
8
BLACK
6
CONTINUOUS
10
1.2398097637795276
20
0.5621923228346457
11
1.2407999999999999
21
0.5625527559055118
0
LINE
8
BLACK
6
CONTINUOUS
10
1.2407999999999999
20
0.5625527559055118
11
1.2456472440944881
21
0.5625527559055118
0
LINE
8
BLACK
6
CONTINUOUS
10
1.2456472440944881
20
0.5625527559055118
11
1.2456472440944881
21
0.5702472440944881
0
LINE
8
BLACK
6
CONTINUOUS
10
1.2456472440944881
20
0.5702472440944881
11
1.2408999999999999
21
0.5702472440944881
0
LINE
8
BLACK
6
CONTINUOUS
10
1.2408999999999999
20
0.5702472440944881
11
1.2398900787401574
21
0.5704253149606299
0
LINE
8
BLACK
6
CONTINUOUS
10
1.2398900787401574
20
0.5704253149606299
11
1.2397385433070867
21
0.5705524409448819
0
LINE
8
BLACK
6
CONTINUOUS
10
1.2397385433070867
20
0.5705524409448819
11
1.2388999999999999
21
0.5702472440944881
0
LINE
8
BLACK
6
CONTINUOUS
10
1.2388999999999999
20
0.5702472440944881
11
1.2349999999999999
21
0.5702472440944881
0
LINE
8
BLACK
6
CONTINUOUS
10
1.2349999999999999
20
0.5702472440944881
11
1.2339900787401574
21
0.5704253149606299
0
LINE
8
BLACK
6
CONTINUOUS
10
1.2339900787401574
20
0.5704253149606299
11
1.2324428346456693
21
0.571723622047244
0
LINE
8
BLACK
6
CONTINUOUS
10
1.2324428346456693
20
0.571723622047244
11
1.2320920866141731
21
0.5737127559055119
0
LINE
8
BLACK
6
CONTINUOUS
10
1.2320920866141731
20
0.5737127559055119
11
1.2331020078740158
21
0.5754619291338583
0
LINE
8
BLACK
6
CONTINUOUS
10
1.2331020078740158
20
0.5754619291338583
11
1.2349999999999999
21
0.5761527559055118
0
LINE
8
BLACK
6
CONTINUOUS
10
1.2349999999999999
20
0.5761527559055118
11
1.2388999999999999
21
0.5761527559055118
0
LINE
8
BLACK
6
CONTINUOUS
10
1.2388999999999999
20
0.5761527559055118
11
1.2399099212598426
21
0.5759746850393701
0
LINE
8
BLACK
6
CONTINUOUS
10
1.2399099212598426
20
0.5759746850393701
11
1.2400614173228346
21
0.5758475196850393
0
LINE
8
BLACK
6
CONTINUOUS
10
1.2400614173228346
20
0.5758475196850393
11
1.2408999999999999
21
0.5761527559055118
0
LINE
8
BLACK
6
CONTINUOUS
10
1.2408999999999999
20
0.5761527559055118
11
1.2456472440944881
21
0.5761527559055118
0
LINE
8
BLACK
6
CONTINUOUS
10
1.2456472440944881
20
0.5761527559055118
11
1.2456472440944881
21
0.7378472440944882
0
LINE
8
BLACK
6
CONTINUOUS
10
1.2456472440944881
20
0.7378472440944882
11
1.2407999999999999
21
0.7378472440944882
0
LINE
8
BLACK
6
CONTINUOUS
10
1.2407999999999999
20
0.7378472440944882
11
1.2398901968503937
21
0.7380076377952756
0
LINE
8
BLACK
6
CONTINUOUS
10
1.2398901968503937
20
0.7380076377952756
11
1.2388999999999999
21
0.7376472440944881
0
LINE
8
BLACK
6
CONTINUOUS
10
1.2388999999999999
20
0.7376472440944881
11
1.2329999999999999
21
0.7376472440944881
0
LINE
8
BLACK
6
CONTINUOUS
10
1.2329999999999999
20
0.7376472440944881
11
1.2319900787401574
21
0.7378253149606299
0
LINE
8
BLACK
6
CONTINUOUS
10
1.2319900787401574
20
0.7378253149606299
11
1.2304428346456693
21
0.7391236220472441
0
LINE
8
BLACK
6
CONTINUOUS
10
1.2304428346456693
20
0.7391236220472441
11
1.2300920866141731
21
0.7411127559055118
0
LINE
8
BLACK
6
CONTINUOUS
10
1.2300920866141731
20
0.7411127559055118
11
1.2311020078740158
21
0.7428619291338583
0
LINE
8
BLACK
6
CONTINUOUS
10
1.2311020078740158
20
0.7428619291338583
11
1.2329999999999999
21
0.7435527559055118
0
LINE
8
BLACK
6
CONTINUOUS
10
1.2329999999999999
20
0.7435527559055118
11
1.2388999999999999
21
0.7435527559055118
0
LINE
8
BLACK
6
CONTINUOUS
10
1.2388999999999999
20
0.7435527559055118
11
1.2398097637795276
21
0.7433923228346456
0
LINE
8
BLACK
6
CONTINUOUS
10
1.2398097637795276
20
0.7433923228346456
11
1.2407999999999999
21
0.7437527559055118
0
LINE
8
BLACK
6
CONTINUOUS
10
1.2407999999999999
20
0.7437527559055118
11
1.2485999999999999
21
0.7437527559055118
0
LINE
8
BLACK
6
CONTINUOUS
10
1.2485999999999999
20
0.7437527559055118
11
1.2489835039370079
21
0.7436851181102362
0
LINE
8
BLACK
6
CONTINUOUS
10
0.4478835039370079
20
0.6328851181102362
11
0.4480127559055118
21
0.6329079133858267
0
LINE
8
BLACK
6
CONTINUOUS
10
0.4480127559055118
20
0.6329079133858267
11
0.4481263385826771
21
0.6328422834645669
0
LINE
8
BLACK
6
CONTINUOUS
10
0.4481263385826771
20
0.6328422834645669
11
0.4485099212598425
21
0.6327746850393701
0
LINE
8
BLACK
6
CONTINUOUS
10
0.4485099212598425
20
0.6327746850393701
11
0.4490975984251969
21
0.6322815354330709
0
LINE
8
BLACK
6
CONTINUOUS
10
0.4490975984251969
20
0.6322815354330709
11
0.4497619291338583
21
0.6318979921259842
0
LINE
8
BLACK
6
CONTINUOUS
10
0.4497619291338583
20
0.6318979921259842
11
0.449853031496063
21
0.6316476377952756
0
LINE
8
BLACK
6
CONTINUOUS
10
0.449853031496063
20
0.6316476377952756
11
0.4500571653543307
21
0.6314763779527559
0
LINE
8
BLACK
6
CONTINUOUS
10
0.4500571653543307
20
0.6314763779527559
11
0.4501903937007874
21
0.6307207874015748
0
LINE
8
BLACK
6
CONTINUOUS
10
0.4501903937007874
20
0.6307207874015748
11
0.4504527559055118
21
0.63
0
LINE
8
BLACK
6
CONTINUOUS
10
0.4504527559055118
20
0.63
11
0.4504527559055118
21
0.5776196456692914
0
LINE
8
BLACK
6
CONTINUOUS
10
0.4504527559055118
20
0.5776196456692914
11
0.4507303543307086
21
0.5777533464566929
0
LINE
8
BLACK
6
CONTINUOUS
10
0.4507303543307086
20
0.5777533464566929
11
0.4542696456692913
21
0.5777533464566929
0
LINE
8
BLACK
6
CONTINUOUS
10
0.4542696456692913
20
0.5777533464566929
11
0.4574584645669291
21
0.5762177165354331
0
LINE
8
BLACK
6
CONTINUOUS
10
0.4574584645669291
20
0.5762177165354331
11
0.4596651968503937
21
0.5734505905511811
0
LINE
8
BLACK
6
CONTINUOUS
10
0.4596651968503937
20
0.5734505905511811
11
0.4604527559055118
21
0.57
0
LINE
8
BLACK
6
CONTINUOUS
10
0.4604527559055118
20
0.57
11
0.4596651968503937
21
0.5665494094488189
0
LINE
8
BLACK
6
CONTINUOUS
10
0.4596651968503937
20
0.5665494094488189
11
0.4574584645669291
21
0.5637822834645669
0
LINE
8
BLACK
6
CONTINUOUS
10
0.4574584645669291
20
0.5637822834645669
11
0.4542696456692913
21
0.5622466535433071
0
LINE
8
BLACK
6
CONTINUOUS
10
0.4542696456692913
20
0.5622466535433071
11
0.4507303543307086
21
0.5622466535433071
0
LINE
8
BLACK
6
CONTINUOUS
10
0.4507303543307086
20
0.5622466535433071
11
0.4475415354330708
21
0.5637822834645669
0
LINE
8
BLACK
6
CONTINUOUS
10
0.4475415354330708
20
0.5637822834645669
11
0.4453348031496063
21
0.5665494094488189
0
LINE
8
BLACK
6
CONTINUOUS
10
0.4453348031496063
20
0.5665494094488189
11
0.4452211811023622
21
0.5670472440944881
0
LINE
8
BLACK
6
CONTINUOUS
10
0.4452211811023622
20
0.5670472440944881
11
0.4075
21
0.5670472440944881
0
LINE
8
BLACK
6
CONTINUOUS
10
0.4075
20
0.5670472440944881
11
0.4064900787401575
21
0.5672253149606299
0
LINE
8
BLACK
6
CONTINUOUS
10
0.4064900787401575
20
0.5672253149606299
11
0.4049428346456693
21
0.568523622047244
0
LINE
8
BLACK
6
CONTINUOUS
10
0.4049428346456693
20
0.568523622047244
11
0.4045920866141732
21
0.5705127559055118
0
LINE
8
BLACK
6
CONTINUOUS
10
0.4045920866141732
20
0.5705127559055118
11
0.4056020078740157
21
0.5722619291338582
0
LINE
8
BLACK
6
CONTINUOUS
10
0.4056020078740157
20
0.5722619291338582
11
0.4075
21
0.5729527559055118
0
LINE
8
BLACK
6
CONTINUOUS
10
0.4075
20
0.5729527559055118
11
0.4445472440944882
21
0.5729527559055118
0
LINE
8
BLACK
6
CONTINUOUS
10
0.4445472440944882
20
0.5729527559055118
11
0.4445472440944882
21
0.6270472440944882
0
LINE
8
BLACK
6
CONTINUOUS
10
0.4445472440944882
20
0.6270472440944882
11
0.4075
21
0.6270472440944882
0
LINE
8
BLACK
6
CONTINUOUS
10
0.4075
20
0.6270472440944882
11
0.4064900787401575
21
0.6272253149606299
0
LINE
8
BLACK
6
CONTINUOUS
10
0.4064900787401575
20
0.6272253149606299
11
0.4049428346456693
21
0.6285236220472441
0
LINE
8
BLACK
6
CONTINUOUS
10
0.4049428346456693
20
0.6285236220472441
11
0.4045920866141732
21
0.6305127559055118
0
LINE
8
BLACK
6
CONTINUOUS
10
0.4045920866141732
20
0.6305127559055118
11
0.4056020078740157
21
0.6322619291338583
0
LINE
8
BLACK
6
CONTINUOUS
10
0.4056020078740157
20
0.6322619291338583
11
0.4075
21
0.6329527559055118
0
LINE
8
BLACK
6
CONTINUOUS
10
0.4075
20
0.6329527559055118
11
0.4475
21
0.6329527559055118
0
LINE
8
BLACK
6
CONTINUOUS
10
0.4475
20
0.6329527559055118
11
0.4478835039370079
21
0.6328851181102362
0
LINE
8
BLACK
6
CONTINUOUS
10
0.4509331102362205
20
0.5715668897637796
11
0.4504527559055118
21
0.5704071653543307
0
LINE
8
BLACK
6
CONTINUOUS
10
0.4504527559055118
20
0.5704071653543307
11
0.4504527559055118
21
0.57
0
LINE
8
BLACK
6
CONTINUOUS
10
0.4504527559055118
20
0.57
11
0.4504023622047244
21
0.5697143700787402
0
LINE
8
BLACK
6
CONTINUOUS
10
0.4504023622047244
20
0.5697143700787402
11
0.4509331102362205
21
0.5684331102362205
0
LINE
8
BLACK
6
CONTINUOUS
10
0.4509331102362205
20
0.5684331102362205
11
0.4525
21
0.567784094488189
0
LINE
8
BLACK
6
CONTINUOUS
10
0.4525
20
0.567784094488189
11
0.4540668897637795
21
0.5684331102362205
0
LINE
8
BLACK
6
CONTINUOUS
10
0.4540668897637795
20
0.5684331102362205
11
0.454715905511811
21
0.57
0
LINE
8
BLACK
6
CONTINUOUS
10
0.454715905511811
20
0.57
11
0.4540668897637795
21
0.5715668897637796
0
LINE
8
BLACK
6
CONTINUOUS
10
0.4540668897637795
20
0.5715668897637796
11
0.4525
21
0.572215905511811
0
LINE
8
BLACK
6
CONTINUOUS
10
0.4525
20
0.572215905511811
11
0.4509331102362205
21
0.5715668897637796
0
LINE
8
BLACK
6
CONTINUOUS
10
0.3685099212598425
20
0.6327746850393701
11
0.3700571653543307
21
0.6314763779527559
0
LINE
8
BLACK
6
CONTINUOUS
10
0.3700571653543307
20
0.6314763779527559
11
0.3704079133858267
21
0.6294872440944882
0
LINE
8
BLACK
6
CONTINUOUS
10
0.3704079133858267
20
0.6294872440944882
11
0.3693979921259842
21
0.6277380708661418
0
LINE
8
BLACK
6
CONTINUOUS
10
0.3693979921259842
20
0.6277380708661418
11
0.3675
21
0.6270472440944882
0
LINE
8
BLACK
6
CONTINUOUS
10
0.3675
20
0.6270472440944882
11
0.3304527559055118
21
0.6270472440944882
0
LINE
8
BLACK
6
CONTINUOUS
10
0.3304527559055118
20
0.6270472440944882
11
0.3304527559055118
21
0.5729527559055118
0
LINE
8
BLACK
6
CONTINUOUS
10
0.3304527559055118
20
0.5729527559055118
11
0.3675
21
0.5729527559055118
0
LINE
8
BLACK
6
CONTINUOUS
10
0.3675
20
0.5729527559055118
11
0.3685099212598425
21
0.57277468503937
0
LINE
8
BLACK
6
CONTINUOUS
10
0.3685099212598425
20
0.57277468503937
11
0.3700571653543307
21
0.5714763779527559
0
LINE
8
BLACK
6
CONTINUOUS
10
0.3700571653543307
20
0.5714763779527559
11
0.3704079133858267
21
0.5694872440944881
0
LINE
8
BLACK
6
CONTINUOUS
10
0.3704079133858267
20
0.5694872440944881
11
0.3693979921259842
21
0.5677380708661417
0
LINE
8
BLACK
6
CONTINUOUS
10
0.3693979921259842
20
0.5677380708661417
11
0.3675
21
0.5670472440944881
0
LINE
8
BLACK
6
CONTINUOUS
10
0.3675
20
0.5670472440944881
11
0.3275
21
0.5670472440944881
0
LINE
8
BLACK
6
CONTINUOUS
10
0.3275
20
0.5670472440944881
11
0.3271164566929134
21
0.567114842519685
0
LINE
8
BLACK
6
CONTINUOUS
10
0.3271164566929134
20
0.567114842519685
11
0.3269872440944882
21
0.5670920866141732
0
LINE
8
BLACK
6
CONTINUOUS
10
0.3269872440944882
20
0.5670920866141732
11
0.3268736220472441
21
0.5671576771653544
0
LINE
8
BLACK
6
CONTINUOUS
10
0.3268736220472441
20
0.5671576771653544
11
0.3264900787401575
21
0.5672253149606299
0
LINE
8
BLACK
6
CONTINUOUS
10
0.3264900787401575
20
0.5672253149606299
11
0.3259023622047244
21
0.5677184251968503
0
LINE
8
BLACK
6
CONTINUOUS
10
0.3259023622047244
20
0.5677184251968503
11
0.3252380708661417
21
0.5681020078740158
0
LINE
8
BLACK
6
CONTINUOUS
10
0.3252380708661417
20
0.5681020078740158
11
0.3251469291338583
21
0.5683523228346457
0
LINE
8
BLACK
6
CONTINUOUS
10
0.3251469291338583
20
0.5683523228346457
11
0.3249428346456693
21
0.568523622047244
0
LINE
8
BLACK
6
CONTINUOUS
10
0.3249428346456693
20
0.568523622047244
11
0.3248095669291339
21
0.5692791732283464
0
LINE
8
BLACK
6
CONTINUOUS
10
0.3248095669291339
20
0.5692791732283464
11
0.3245472440944882
21
0.57
0
LINE
8
BLACK
6
CONTINUOUS
10
0.3245472440944882
20
0.57
11
0.3245472440944882
21
0.63
0
LINE
8
BLACK
6
CONTINUOUS
10
0.3245472440944882
20
0.63
11
0.324614842519685
21
0.6303835039370078
0
LINE
8
BLACK
6
CONTINUOUS
10
0.324614842519685
20
0.6303835039370078
11
0.3245920866141732
21
0.6305127559055118
0
LINE
8
BLACK
6
CONTINUOUS
10
0.3245920866141732
20
0.6305127559055118
11
0.3246576771653543
21
0.6306263385826771
0
LINE
8
BLACK
6
CONTINUOUS
10
0.3246576771653543
20
0.6306263385826771
11
0.3247253149606299
21
0.6310099212598425
0
LINE
8
BLACK
6
CONTINUOUS
10
0.3247253149606299
20
0.6310099212598425
11
0.3252184251968504
21
0.6315975984251968
0
LINE
8
BLACK
6
CONTINUOUS
10
0.3252184251968504
20
0.6315975984251968
11
0.3256020078740157
21
0.6322619291338583
0
LINE
8
BLACK
6
CONTINUOUS
10
0.3256020078740157
20
0.6322619291338583
11
0.3258523228346457
21
0.6323530314960629
0
LINE
8
BLACK
6
CONTINUOUS
10
0.3258523228346457
20
0.6323530314960629
11
0.3260236220472441
21
0.6325571653543307
0
LINE
8
BLACK
6
CONTINUOUS
10
0.3260236220472441
20
0.6325571653543307
11
0.3267791732283464
21
0.6326903937007874
0
LINE
8
BLACK
6
CONTINUOUS
10
0.3267791732283464
20
0.6326903937007874
11
0.3275
21
0.6329527559055118
0
LINE
8
BLACK
6
CONTINUOUS
10
0.3275
20
0.6329527559055118
11
0.3675
21
0.6329527559055118
0
LINE
8
BLACK
6
CONTINUOUS
10
0.3675
20
0.6329527559055118
11
0.3685099212598425
21
0.6327746850393701
0
LINE
8
BLACK
6
CONTINUOUS
10
0.3873035826771654
20
0.5973302755905512
11
0.3879333070866142
21
0.59581
0
LINE
8
BLACK
6
CONTINUOUS
10
0.3879333070866142
20
0.59581
11
0.3879333070866142
21
0.57611
0
LINE
8
BLACK
6
CONTINUOUS
10
0.3879333070866142
20
0.57611
11
0.3873035826771654
21
0.5745897244094488
0
LINE
8
BLACK
6
CONTINUOUS
10
0.3873035826771654
20
0.5745897244094488
11
0.3857833070866142
21
0.57396
0
LINE
8
BLACK
6
CONTINUOUS
10
0.3857833070866142
20
0.57396
11
0.384263031496063
21
0.5745897244094488
0
LINE
8
BLACK
6
CONTINUOUS
10
0.384263031496063
20
0.5745897244094488
11
0.3836333070866141
21
0.57611
0
LINE
8
BLACK
6
CONTINUOUS
10
0.3836333070866141
20
0.57611
11
0.3836333070866141
21
0.5796663385826771
0
LINE
8
BLACK
6
CONTINUOUS
10
0.3836333070866141
20
0.5796663385826771
11
0.3799985433070866
21
0.57482
0
LINE
8
BLACK
6
CONTINUOUS
10
0.3799985433070866
20
0.57482
11
0.3785825984251968
21
0.5739816141732283
0
LINE
8
BLACK
6
CONTINUOUS
10
0.3785825984251968
20
0.5739816141732283
11
0.3769885433070866
21
0.57439
0
LINE
8
BLACK
6
CONTINUOUS
10
0.3769885433070866
20
0.57439
11
0.3761501574803149
21
0.5758059448818897
0
LINE
8
BLACK
6
CONTINUOUS
10
0.3761501574803149
20
0.5758059448818897
11
0.3765585433070866
21
0.5774
0
LINE
8
BLACK
6
CONTINUOUS
10
0.3765585433070866
20
0.5774
11
0.3810683070866142
21
0.5834129921259842
0
LINE
8
BLACK
6
CONTINUOUS
10
0.3810683070866142
20
0.5834129921259842
11
0.3767582677165354
21
0.5877230708661417
0
LINE
8
BLACK
6
CONTINUOUS
10
0.3767582677165354
20
0.5877230708661417
11
0.3761285433070866
21
0.5892433464566929
0
LINE
8
BLACK
6
CONTINUOUS
10
0.3761285433070866
20
0.5892433464566929
11
0.3767582677165354
21
0.5907636220472441
0
LINE
8
BLACK
6
CONTINUOUS
10
0.3767582677165354
20
0.5907636220472441
11
0.3782785433070866
21
0.5913933464566929
0
LINE
8
BLACK
6
CONTINUOUS
10
0.3782785433070866
20
0.5913933464566929
11
0.3797988188976378
21
0.5907636220472441
0
LINE
8
BLACK
6
CONTINUOUS
10
0.3797988188976378
20
0.5907636220472441
11
0.3836333070866141
21
0.5869291338582677
0
LINE
8
BLACK
6
CONTINUOUS
10
0.3836333070866141
20
0.5869291338582677
11
0.3836333070866141
21
0.59581
0
LINE
8
BLACK
6
CONTINUOUS
10
0.3836333070866141
20
0.59581
11
0.384263031496063
21
0.5973302755905512
0
LINE
8
BLACK
6
CONTINUOUS
10
0.384263031496063
20
0.5973302755905512
11
0.3857833070866142
21
0.5979599999999999
0
LINE
8
BLACK
6
CONTINUOUS
10
0.3857833070866142
20
0.5979599999999999
11
0.3873035826771654
21
0.5973302755905512
0
LINE
8
BLACK
6
CONTINUOUS
10
0.4017543307086614
20
0.5986711417322834
11
0.4028325196850394
21
0.5974279921259842
0
LINE
8
BLACK
6
CONTINUOUS
10
0.4028325196850394
20
0.5974279921259842
11
0.4075229527559055
21
0.5833565748031496
0
LINE
8
BLACK
6
CONTINUOUS
10
0.4075229527559055
20
0.5833565748031496
11
0.4074978346456693
21
0.5830036220472441
0
LINE
8
BLACK
6
CONTINUOUS
10
0.4074978346456693
20
0.5830036220472441
11
0.4076333070866142
21
0.5826766535433071
0
LINE
8
BLACK
6
CONTINUOUS
10
0.4076333070866142
20
0.5826766535433071
11
0.4074417322834645
21
0.5822142125984252
0
LINE
8
BLACK
6
CONTINUOUS
10
0.4074417322834645
20
0.5822142125984252
11
0.4074062992125984
21
0.581715157480315
0
LINE
8
BLACK
6
CONTINUOUS
10
0.4074062992125984
20
0.581715157480315
11
0.4071390157480315
21
0.5814833070866141
0
LINE
8
BLACK
6
CONTINUOUS
10
0.4071390157480315
20
0.5814833070866141
11
0.4070035826771654
21
0.5811563779527559
0
LINE
8
BLACK
6
CONTINUOUS
10
0.4070035826771654
20
0.5811563779527559
11
0.4065411811023622
21
0.5809648425196851
0
LINE
8
BLACK
6
CONTINUOUS
10
0.4065411811023622
20
0.5809648425196851
11
0.4061631889763779
21
0.5806370078740157
0
LINE
8
BLACK
6
CONTINUOUS
10
0.4061631889763779
20
0.5806370078740157
11
0.4058102755905512
21
0.5806620866141732
0
LINE
8
BLACK
6
CONTINUOUS
10
0.4058102755905512
20
0.5806620866141732
11
0.4054833070866142
21
0.5805266535433071
0
LINE
8
BLACK
6
CONTINUOUS
10
0.4054833070866142
20
0.5805266535433071
11
0.3982523622047244
21
0.5805266535433071
0
LINE
8
BLACK
6
CONTINUOUS
10
0.3982523622047244
20
0.5805266535433071
11
0.3982523622047244
21
0.57611
0
LINE
8
BLACK
6
CONTINUOUS
10
0.3982523622047244
20
0.57611
11
0.3976226377952756
21
0.5745897244094488
0
LINE
8
BLACK
6
CONTINUOUS
10
0.3976226377952756
20
0.5745897244094488
11
0.3961023622047244
21
0.57396
0
LINE
8
BLACK
6
CONTINUOUS
10
0.3961023622047244
20
0.57396
11
0.3945820866141732
21
0.5745897244094488
0
LINE
8
BLACK
6
CONTINUOUS
10
0.3945820866141732
20
0.5745897244094488
11
0.3939523622047244
21
0.57611
0
LINE
8
BLACK
6
CONTINUOUS
10
0.3939523622047244
20
0.57611
11
0.3939523622047244
21
0.5805266535433071
0
LINE
8
BLACK
6
CONTINUOUS
10
0.3939523622047244
20
0.5805266535433071
11
0.3932880708661417
21
0.5805266535433071
0
LINE
8
BLACK
6
CONTINUOUS
10
0.3932880708661417
20
0.5805266535433071
11
0.3917677952755905
21
0.5811563779527559
0
LINE
8
BLACK
6
CONTINUOUS
10
0.3917677952755905
20
0.5811563779527559
11
0.3911380708661417
21
0.5826766535433071
0
LINE
8
BLACK
6
CONTINUOUS
10
0.3911380708661417
20
0.5826766535433071
11
0.3917677952755905
21
0.5841969291338582
0
LINE
8
BLACK
6
CONTINUOUS
10
0.3917677952755905
20
0.5841969291338582
11
0.3932880708661417
21
0.5848266535433071
0
LINE
8
BLACK
6
CONTINUOUS
10
0.3932880708661417
20
0.5848266535433071
11
0.3939523622047244
21
0.5848266535433071
0
LINE
8
BLACK
6
CONTINUOUS
10
0.3939523622047244
20
0.5848266535433071
11
0.3939523622047244
21
0.5892433464566929
0
LINE
8
BLACK
6
CONTINUOUS
10
0.3939523622047244
20
0.5892433464566929
11
0.3945820866141732
21
0.5907636220472441
0
LINE
8
BLACK
6
CONTINUOUS
10
0.3945820866141732
20
0.5907636220472441
11
0.3961023622047244
21
0.5913933464566929
0
LINE
8
BLACK
6
CONTINUOUS
10
0.3961023622047244
20
0.5913933464566929
11
0.3976226377952756
21
0.5907636220472441
0
LINE
8
BLACK
6
CONTINUOUS
10
0.3976226377952756
20
0.5907636220472441
11
0.3982523622047244
21
0.5892433464566929
0
LINE
8
BLACK
6
CONTINUOUS
10
0.3982523622047244
20
0.5892433464566929
11
0.3982523622047244
21
0.5848266535433071
0
LINE
8
BLACK
6
CONTINUOUS
10
0.3982523622047244
20
0.5848266535433071
11
0.4025003149606299
21
0.5848266535433071
0
LINE
8
BLACK
6
CONTINUOUS
10
0.4025003149606299
20
0.5848266535433071
11
0.3987531496062992
21
0.5960682283464567
0
LINE
8
BLACK
6
CONTINUOUS
10
0.3987531496062992
20
0.5960682283464567
11
0.3988698031496063
21
0.5977096062992125
0
LINE
8
BLACK
6
CONTINUOUS
10
0.3988698031496063
20
0.5977096062992125
11
0.4001129527559055
21
0.5987877952755906
0
LINE
8
BLACK
6
CONTINUOUS
10
0.4001129527559055
20
0.5987877952755906
11
0.4017543307086614
21
0.5986711417322834
0
LINE
8
BLACK
6
CONTINUOUS
10
0.3732321653543307
20
0.5973302755905512
11
0.3738618897637795
21
0.59581
0
LINE
8
BLACK
6
CONTINUOUS
10
0.3738618897637795
20
0.59581
11
0.3732321653543307
21
0.5942897244094488
0
LINE
8
BLACK
6
CONTINUOUS
10
0.3732321653543307
20
0.5942897244094488
11
0.3717118897637795
21
0.59366
0
LINE
8
BLACK
6
CONTINUOUS
10
0.3717118897637795
20
0.59366
11
0.361839094488189
21
0.59366
0
LINE
8
BLACK
6
CONTINUOUS
10
0.361839094488189
20
0.59366
11
0.3689975590551181
21
0.5769569291338582
0
LINE
8
BLACK
6
CONTINUOUS
10
0.3689975590551181
20
0.5769569291338582
11
0.3690176377952756
21
0.5753115354330709
0
LINE
8
BLACK
6
CONTINUOUS
10
0.3690176377952756
20
0.5753115354330709
11
0.3678683464566929
21
0.5741338582677166
0
LINE
8
BLACK
6
CONTINUOUS
10
0.3678683464566929
20
0.5741338582677166
11
0.3662229133858267
21
0.574113779527559
0
LINE
8
BLACK
6
CONTINUOUS
10
0.3662229133858267
20
0.574113779527559
11
0.3650452362204724
21
0.5752630708661417
0
LINE
8
BLACK
6
CONTINUOUS
10
0.3650452362204724
20
0.5752630708661417
11
0.3566024015748032
21
0.5949630708661418
0
LINE
8
BLACK
6
CONTINUOUS
10
0.3566024015748032
20
0.5949630708661418
11
0.3565970078740157
21
0.5954032283464566
0
LINE
8
BLACK
6
CONTINUOUS
10
0.3565970078740157
20
0.5954032283464566
11
0.3564285433070866
21
0.59581
0
LINE
8
BLACK
6
CONTINUOUS
10
0.3564285433070866
20
0.59581
11
0.3565873622047244
21
0.5961934645669291
0
LINE
8
BLACK
6
CONTINUOUS
10
0.3565873622047244
20
0.5961934645669291
11
0.3565823228346456
21
0.5966085039370078
0
LINE
8
BLACK
6
CONTINUOUS
10
0.3565823228346456
20
0.5966085039370078
11
0.3568897637795275
21
0.5969235433070866
0
LINE
8
BLACK
6
CONTINUOUS
10
0.3568897637795275
20
0.5969235433070866
11
0.3570582677165354
21
0.5973302755905512
0
LINE
8
BLACK
6
CONTINUOUS
10
0.3570582677165354
20
0.5973302755905512
11
0.3574417322834645
21
0.597489094488189
0
LINE
8
BLACK
6
CONTINUOUS
10
0.3574417322834645
20
0.597489094488189
11
0.3577316141732284
21
0.5977861417322835
0
LINE
8
BLACK
6
CONTINUOUS
10
0.3577316141732284
20
0.5977861417322835
11
0.3581717716535433
21
0.5977914960629921
0
LINE
8
BLACK
6
CONTINUOUS
10
0.3581717716535433
20
0.5977914960629921
11
0.3585785433070866
21
0.5979599999999999
0
LINE
8
BLACK
6
CONTINUOUS
10
0.3585785433070866
20
0.5979599999999999
11
0.3717118897637795
21
0.5979599999999999
0
LINE
8
BLACK
6
CONTINUOUS
10
0.3717118897637795
20
0.5979599999999999
11
0.3732321653543307
21
0.5973302755905512
0
LINE
8
BLACK
6
CONTINUOUS
10
0.9978835039370079
20
0.6628851181102362
11
0.9980127559055118
21
0.6629079133858268
0
LINE
8
BLACK
6
CONTINUOUS
10
0.9980127559055118
20
0.6629079133858268
11
0.9981263385826772
21
0.6628422834645669
0
LINE
8
BLACK
6
CONTINUOUS
10
0.9981263385826772
20
0.6628422834645669
11
0.9985099212598425
21
0.6627746850393701
0
LINE
8
BLACK
6
CONTINUOUS
10
0.9985099212598425
20
0.6627746850393701
11
0.9990975984251969
21
0.6622815354330709
0
LINE
8
BLACK
6
CONTINUOUS
10
0.9990975984251969
20
0.6622815354330709
11
0.9997619291338582
21
0.6618979921259842
0
LINE
8
BLACK
6
CONTINUOUS
10
0.9997619291338582
20
0.6618979921259842
11
0.999853031496063
21
0.6616476377952756
0
LINE
8
BLACK
6
CONTINUOUS
10
0.999853031496063
20
0.6616476377952756
11
1.0000571653543306
21
0.6614763779527559
0
LINE
8
BLACK
6
CONTINUOUS
10
1.0000571653543306
20
0.6614763779527559
11
1.0001903937007874
21
0.6607207874015748
0
LINE
8
BLACK
6
CONTINUOUS
10
1.0001903937007874
20
0.6607207874015748
11
1.0004527559055119
21
0.66
0
LINE
8
BLACK
6
CONTINUOUS
10
1.0004527559055119
20
0.66
11
1.0004527559055119
21
0.6076196456692913
0
LINE
8
BLACK
6
CONTINUOUS
10
1.0004527559055119
20
0.6076196456692913
11
1.0007303543307087
21
0.6077533464566929
0
LINE
8
BLACK
6
CONTINUOUS
10
1.0007303543307087
20
0.6077533464566929
11
1.0042696456692912
21
0.6077533464566929
0
LINE
8
BLACK
6
CONTINUOUS
10
1.0042696456692912
20
0.6077533464566929
11
1.0074584645669291
21
0.6062177165354331
0
LINE
8
BLACK
6
CONTINUOUS
10
1.0074584645669291
20
0.6062177165354331
11
1.0096651968503936
21
0.6034505905511811
0
LINE
8
BLACK
6
CONTINUOUS
10
1.0096651968503936
20
0.6034505905511811
11
1.0104527559055119
21
0.6
0
LINE
8
BLACK
6
CONTINUOUS
10
1.0104527559055119
20
0.6
11
1.0096651968503936
21
0.5965494094488188
0
LINE
8
BLACK
6
CONTINUOUS
10
1.0096651968503936
20
0.5965494094488188
11
1.0074584645669291
21
0.593782283464567
0
LINE
8
BLACK
6
CONTINUOUS
10
1.0074584645669291
20
0.593782283464567
11
1.0042696456692912
21
0.5922466535433071
0
LINE
8
BLACK
6
CONTINUOUS
10
1.0042696456692912
20
0.5922466535433071
11
1.0007303543307087
21
0.5922466535433071
0
LINE
8
BLACK
6
CONTINUOUS
10
1.0007303543307087
20
0.5922466535433071
11
0.9975415354330709
21
0.593782283464567
0
LINE
8
BLACK
6
CONTINUOUS
10
0.9975415354330709
20
0.593782283464567
11
0.9953348031496063
21
0.5965494094488188
0
LINE
8
BLACK
6
CONTINUOUS
10
0.9953348031496063
20
0.5965494094488188
11
0.9952211811023621
21
0.5970472440944882
0
LINE
8
BLACK
6
CONTINUOUS
10
0.9952211811023621
20
0.5970472440944882
11
0.9575
21
0.5970472440944882
0
LINE
8
BLACK
6
CONTINUOUS
10
0.9575
20
0.5970472440944882
11
0.9564900787401575
21
0.5972253149606299
0
LINE
8
BLACK
6
CONTINUOUS
10
0.9564900787401575
20
0.5972253149606299
11
0.9549428346456693
21
0.5985236220472441
0
LINE
8
BLACK
6
CONTINUOUS
10
0.9549428346456693
20
0.5985236220472441
11
0.9545920866141732
21
0.6005127559055118
0
LINE
8
BLACK
6
CONTINUOUS
10
0.9545920866141732
20
0.6005127559055118
11
0.9556020078740157
21
0.6022619291338582
0
LINE
8
BLACK
6
CONTINUOUS
10
0.9556020078740157
20
0.6022619291338582
11
0.9575
21
0.6029527559055118
0
LINE
8
BLACK
6
CONTINUOUS
10
0.9575
20
0.6029527559055118
11
0.9945472440944881
21
0.6029527559055118
0
LINE
8
BLACK
6
CONTINUOUS
10
0.9945472440944881
20
0.6029527559055118
11
0.9945472440944881
21
0.6570472440944882
0
LINE
8
BLACK
6
CONTINUOUS
10
0.9945472440944881
20
0.6570472440944882
11
0.9575
21
0.6570472440944882
0
LINE
8
BLACK
6
CONTINUOUS
10
0.9575
20
0.6570472440944882
11
0.9564900787401575
21
0.6572253149606299
0
LINE
8
BLACK
6
CONTINUOUS
10
0.9564900787401575
20
0.6572253149606299
11
0.9549428346456693
21
0.6585236220472441
0
LINE
8
BLACK
6
CONTINUOUS
10
0.9549428346456693
20
0.6585236220472441
11
0.9545920866141732
21
0.6605127559055118
0
LINE
8
BLACK
6
CONTINUOUS
10
0.9545920866141732
20
0.6605127559055118
11
0.9556020078740157
21
0.6622619291338583
0
LINE
8
BLACK
6
CONTINUOUS
10
0.9556020078740157
20
0.6622619291338583
11
0.9575
21
0.6629527559055118
0
LINE
8
BLACK
6
CONTINUOUS
10
0.9575
20
0.6629527559055118
11
0.9974999999999999
21
0.6629527559055118
0
LINE
8
BLACK
6
CONTINUOUS
10
0.9974999999999999
20
0.6629527559055118
11
0.9978835039370079
21
0.6628851181102362
0
LINE
8
BLACK
6
CONTINUOUS
10
1.0009331102362204
20
0.6015668897637795
11
1.0004527559055119
21
0.6004071653543307
0
LINE
8
BLACK
6
CONTINUOUS
10
1.0004527559055119
20
0.6004071653543307
11
1.0004527559055119
21
0.6
0
LINE
8
BLACK
6
CONTINUOUS
10
1.0004527559055119
20
0.6
11
1.0004023622047244
21
0.5997143700787402
0
LINE
8
BLACK
6
CONTINUOUS
10
1.0004023622047244
20
0.5997143700787402
11
1.0009331102362204
21
0.5984331102362205
0
LINE
8
BLACK
6
CONTINUOUS
10
1.0009331102362204
20
0.5984331102362205
11
1.0024999999999999
21
0.5977840944881889
0
LINE
8
BLACK
6
CONTINUOUS
10
1.0024999999999999
20
0.5977840944881889
11
1.0040668897637794
21
0.5984331102362205
0
LINE
8
BLACK
6
CONTINUOUS
10
1.0040668897637794
20
0.5984331102362205
11
1.0047159055118109
21
0.6
0
LINE
8
BLACK
6
CONTINUOUS
10
1.0047159055118109
20
0.6
11
1.0040668897637794
21
0.6015668897637795
0
LINE
8
BLACK
6
CONTINUOUS
10
1.0040668897637794
20
0.6015668897637795
11
1.0024999999999999
21
0.602215905511811
0
LINE
8
BLACK
6
CONTINUOUS
10
1.0024999999999999
20
0.602215905511811
11
1.0009331102362204
21
0.6015668897637795
0
LINE
8
BLACK
6
CONTINUOUS
10
1.1401331102362204
20
0.6451961023622047
11
1.142329251968504
21
0.6429999606299213
0
LINE
8
BLACK
6
CONTINUOUS
10
1.142329251968504
20
0.6429999606299213
11
1.1431331102362206
21
0.6399999606299213
0
LINE
8
BLACK
6
CONTINUOUS
10
1.1431331102362206
20
0.6399999606299213
11
1.1431331102362206
21
0.6160797244094488
0
LINE
8
BLACK
6
CONTINUOUS
10
1.1431331102362206
20
0.6160797244094488
11
1.1560392125984251
21
0.6273725984251969
0
LINE
8
BLACK
6
CONTINUOUS
10
1.1560392125984251
20
0.6273725984251969
11
1.1565711417322835
21
0.6276341732283465
0
LINE
8
BLACK
6
CONTINUOUS
10
1.1565711417322835
20
0.6276341732283465
11
1.1569902362204725
21
0.6280532677165355
0
LINE
8
BLACK
6
CONTINUOUS
10
1.1569902362204725
20
0.6280532677165355
11
1.1579419685039369
21
0.6283082677165355
0
LINE
8
BLACK
6
CONTINUOUS
10
1.1579419685039369
20
0.6283082677165355
11
1.1588262992125984
21
0.6287431496062992
0
LINE
8
BLACK
6
CONTINUOUS
10
1.1588262992125984
20
0.6287431496062992
11
1.1594177165354331
21
0.6287037007874016
0
LINE
8
BLACK
6
CONTINUOUS
10
1.1594177165354331
20
0.6287037007874016
11
1.1599902362204724
21
0.6288571259842519
0
LINE
8
BLACK
6
CONTINUOUS
10
1.1599902362204724
20
0.6288571259842519
11
1.1609420078740158
21
0.6286020866141732
0
LINE
8
BLACK
6
CONTINUOUS
10
1.1609420078740158
20
0.6286020866141732
11
1.1619252362204724
21
0.6285365354330709
0
LINE
8
BLACK
6
CONTINUOUS
10
1.1619252362204724
20
0.6285365354330709
11
1.1624176771653543
21
0.6282066535433071
0
LINE
8
BLACK
6
CONTINUOUS
10
1.1624176771653543
20
0.6282066535433071
11
1.1629902362204725
21
0.6280532677165355
0
LINE
8
BLACK
6
CONTINUOUS
10
1.1629902362204725
20
0.6280532677165355
11
1.1636869291338583
21
0.6273565354330709
0
LINE
8
BLACK
6
CONTINUOUS
10
1.1636869291338583
20
0.6273565354330709
11
1.1645057086614172
21
0.6268081496062992
0
LINE
8
BLACK
6
CONTINUOUS
10
1.1645057086614172
20
0.6268081496062992
11
1.1647672834645668
21
0.6262761811023622
0
LINE
8
BLACK
6
CONTINUOUS
10
1.1647672834645668
20
0.6262761811023622
11
1.1651863779527558
21
0.6258571259842519
0
LINE
8
BLACK
6
CONTINUOUS
10
1.1651863779527558
20
0.6258571259842519
11
1.1654413779527559
21
0.6249053937007873
0
LINE
8
BLACK
6
CONTINUOUS
10
1.1654413779527559
20
0.6249053937007873
11
1.1658762598425196
21
0.6240211023622048
0
LINE
8
BLACK
6
CONTINUOUS
10
1.1658762598425196
20
0.6240211023622048
11
1.1658368110236219
21
0.6234296456692914
0
LINE
8
BLACK
6
CONTINUOUS
10
1.1658368110236219
20
0.6234296456692914
11
1.1659902362204724
21
0.6228571259842519
0
LINE
8
BLACK
6
CONTINUOUS
10
1.1659902362204724
20
0.6228571259842519
11
1.1659902362204724
21
0.6157020472440945
0
LINE
8
BLACK
6
CONTINUOUS
10
1.1659902362204724
20
0.6157020472440945
11
1.1677784645669291
21
0.6121255511811023
0
LINE
8
BLACK
6
CONTINUOUS
10
1.1677784645669291
20
0.6121255511811023
11
1.1692586614173228
21
0.6106453543307087
0
LINE
8
BLACK
6
CONTINUOUS
10
1.1692586614173228
20
0.6106453543307087
11
1.1728352362204724
21
0.6088571259842519
0
LINE
8
BLACK
6
CONTINUOUS
10
1.1728352362204724
20
0.6088571259842519
11
1.1842881102362204
21
0.6088571259842519
0
LINE
8
BLACK
6
CONTINUOUS
10
1.1842881102362204
20
0.6088571259842519
11
1.1878646850393701
21
0.6106453937007874
0
LINE
8
BLACK
6
CONTINUOUS
10
1.1878646850393701
20
0.6106453937007874
11
1.1893448031496063
21
0.6121255118110236
0
LINE
8
BLACK
6
CONTINUOUS
10
1.1893448031496063
20
0.6121255118110236
11
1.1911331102362204
21
0.6157020866141732
0
LINE
8
BLACK
6
CONTINUOUS
10
1.1911331102362204
20
0.6157020866141732
11
1.1911331102362204
21
0.6300121259842519
0
LINE
8
BLACK
6
CONTINUOUS
10
1.1911331102362204
20
0.6300121259842519
11
1.1893448425196851
21
0.6335886614173228
0
LINE
8
BLACK
6
CONTINUOUS
10
1.1893448425196851
20
0.6335886614173228
11
1.187176220472441
21
0.6357572834645669
0
LINE
8
BLACK
6
CONTINUOUS
10
1.187176220472441
20
0.6357572834645669
11
1.1856232677165355
21
0.6384470078740158
0
LINE
8
BLACK
6
CONTINUOUS
10
1.1856232677165355
20
0.6384470078740158
11
1.1856232677165355
21
0.6415528346456693
0
LINE
8
BLACK
6
CONTINUOUS
10
1.1856232677165355
20
0.6415528346456693
11
1.1871761417322835
21
0.6442425590551181
0
LINE
8
BLACK
6
CONTINUOUS
10
1.1871761417322835
20
0.6442425590551181
11
1.1898658661417323
21
0.6457955118110236
0
LINE
8
BLACK
6
CONTINUOUS
10
1.1898658661417323
20
0.6457955118110236
11
1.1929716929133858
21
0.6457955118110236
0
LINE
8
BLACK
6
CONTINUOUS
10
1.1929716929133858
20
0.6457955118110236
11
1.1956614173228346
21
0.6442426377952756
0
LINE
8
BLACK
6
CONTINUOUS
10
1.1956614173228346
20
0.6442426377952756
11
1.1985186220472441
21
0.6413855118110237
0
LINE
8
BLACK
6
CONTINUOUS
10
1.1985186220472441
20
0.6413855118110237
11
1.199001653543307
21
0.6405487795275591
0
LINE
8
BLACK
6
CONTINUOUS
10
1.199001653543307
20
0.6405487795275591
11
1.1996425590551181
21
0.6398261023622047
0
LINE
8
BLACK
6
CONTINUOUS
10
1.1996425590551181
20
0.6398261023622047
11
1.2024996850393701
21
0.634111811023622
0
LINE
8
BLACK
6
CONTINUOUS
10
1.2024996850393701
20
0.634111811023622
11
1.2027761417322835
21
0.6327606299212598
0
LINE
8
BLACK
6
CONTINUOUS
10
1.2027761417322835
20
0.6327606299212598
11
1.2031331102362204
21
0.6314285433070866
0
LINE
8
BLACK
6
CONTINUOUS
10
1.2031331102362204
20
0.6314285433070866
11
1.2031331102362204
21
0.6142856692913385
0
LINE
8
BLACK
6
CONTINUOUS
10
1.2031331102362204
20
0.6142856692913385
11
1.2027761811023623
21
0.6129536220472441
0
LINE
8
BLACK
6
CONTINUOUS
10
1.2027761811023623
20
0.6129536220472441
11
1.2024996850393701
21
0.6116024015748032
0
LINE
8
BLACK
6
CONTINUOUS
10
1.2024996850393701
20
0.6116024015748032
11
1.1996425590551181
21
0.6058881496062992
0
LINE
8
BLACK
6
CONTINUOUS
10
1.1996425590551181
20
0.6058881496062992
11
1.1990016141732283
21
0.6051653543307086
0
LINE
8
BLACK
6
CONTINUOUS
10
1.1990016141732283
20
0.6051653543307086
11
1.1985186220472441
21
0.604328779527559
0
LINE
8
BLACK
6
CONTINUOUS
10
1.1985186220472441
20
0.604328779527559
11
1.1956614566929133
21
0.6014716141732284
0
LINE
8
BLACK
6
CONTINUOUS
10
1.1956614566929133
20
0.6014716141732284
11
1.1948248818897638
21
0.6009886220472441
0
LINE
8
BLACK
6
CONTINUOUS
10
1.1948248818897638
20
0.6009886220472441
11
1.1941020866141732
21
0.6003476771653543
0
LINE
8
BLACK
6
CONTINUOUS
10
1.1941020866141732
20
0.6003476771653543
11
1.1883877952755906
21
0.5974905511811024
0
LINE
8
BLACK
6
CONTINUOUS
10
1.1883877952755906
20
0.5974905511811024
11
1.1870366141732283
21
0.5972140551181102
0
LINE
8
BLACK
6
CONTINUOUS
10
1.1870366141732283
20
0.5972140551181102
11
1.1857045275590552
21
0.596857125984252
0
LINE
8
BLACK
6
CONTINUOUS
10
1.1857045275590552
20
0.596857125984252
11
1.1714188188976378
21
0.596857125984252
0
LINE
8
BLACK
6
CONTINUOUS
10
1.1714188188976378
20
0.596857125984252
11
1.1700866929133857
21
0.5972140551181102
0
LINE
8
BLACK
6
CONTINUOUS
10
1.1700866929133857
20
0.5972140551181102
11
1.1687355511811024
21
0.5974905511811024
0
LINE
8
BLACK
6
CONTINUOUS
10
1.1687355511811024
20
0.5974905511811024
11
1.1630212598425196
21
0.6003476771653543
0
LINE
8
BLACK
6
CONTINUOUS
10
1.1630212598425196
20
0.6003476771653543
11
1.1622985433070865
21
0.6009885433070866
0
LINE
8
BLACK
6
CONTINUOUS
10
1.1622985433070865
20
0.6009885433070866
11
1.1614618503937009
21
0.6014716141732284
0
LINE
8
BLACK
6
CONTINUOUS
10
1.1614618503937009
20
0.6014716141732284
11
1.1586047244094488
21
0.6043288188976378
0
LINE
8
BLACK
6
CONTINUOUS
10
1.1586047244094488
20
0.6043288188976378
11
1.1581217322834645
21
0.6051653937007874
0
LINE
8
BLACK
6
CONTINUOUS
10
1.1581217322834645
20
0.6051653937007874
11
1.1574808661417322
21
0.6058881102362205
0
LINE
8
BLACK
6
CONTINUOUS
10
1.1574808661417322
20
0.6058881102362205
11
1.1551153543307087
21
0.6106190157480315
0
LINE
8
BLACK
6
CONTINUOUS
10
1.1551153543307087
20
0.6106190157480315
11
1.1410841338582678
21
0.598341653543307
0
LINE
8
BLACK
6
CONTINUOUS
10
1.1410841338582678
20
0.598341653543307
11
1.1405521653543307
21
0.5980800393700787
0
LINE
8
BLACK
6
CONTINUOUS
10
1.1405521653543307
20
0.5980800393700787
11
1.1401331102362204
21
0.5976609842519685
0
LINE
8
BLACK
6
CONTINUOUS
10
1.1401331102362204
20
0.5976609842519685
11
1.1391813385826772
21
0.5974059448818898
0
LINE
8
BLACK
6
CONTINUOUS
10
1.1391813385826772
20
0.5974059448818898
11
1.1382970472440945
21
0.5969711023622047
0
LINE
8
BLACK
6
CONTINUOUS
10
1.1382970472440945
20
0.5969711023622047
11
1.137705590551181
21
0.5970105118110236
0
LINE
8
BLACK
6
CONTINUOUS
10
1.137705590551181
20
0.5970105118110236
11
1.1371331102362205
21
0.596857125984252
0
LINE
8
BLACK
6
CONTINUOUS
10
1.1371331102362205
20
0.596857125984252
11
1.1361812598425196
21
0.5971121653543306
0
LINE
8
BLACK
6
CONTINUOUS
10
1.1361812598425196
20
0.5971121653543306
11
1.1351981496062993
21
0.5971777165354331
0
LINE
8
BLACK
6
CONTINUOUS
10
1.1351981496062993
20
0.5971777165354331
11
1.1347056692913386
21
0.5975075590551181
0
LINE
8
BLACK
6
CONTINUOUS
10
1.1347056692913386
20
0.5975075590551181
11
1.1341331102362204
21
0.5976609842519685
0
LINE
8
BLACK
6
CONTINUOUS
10
1.1341331102362204
20
0.5976609842519685
11
1.1334363385826771
21
0.598357716535433
0
LINE
8
BLACK
6
CONTINUOUS
10
1.1334363385826771
20
0.598357716535433
11
1.1326176377952755
21
0.5989061023622048
0
LINE
8
BLACK
6
CONTINUOUS
10
1.1326176377952755
20
0.5989061023622048
11
1.1323560236220471
21
0.599438031496063
0
LINE
8
BLACK
6
CONTINUOUS
10
1.1323560236220471
20
0.599438031496063
11
1.1319369685039369
21
0.599857125984252
0
LINE
8
BLACK
6
CONTINUOUS
10
1.1319369685039369
20
0.599857125984252
11
1.1316819291338582
21
0.6008088582677166
0
LINE
8
BLACK
6
CONTINUOUS
10
1.1316819291338582
20
0.6008088582677166
11
1.1312470866141733
21
0.6016931889763779
0
LINE
8
BLACK
6
CONTINUOUS
10
1.1312470866141733
20
0.6016931889763779
11
1.131286496062992
21
0.6022846062992125
0
LINE
8
BLACK
6
CONTINUOUS
10
1.131286496062992
20
0.6022846062992125
11
1.1311331102362205
21
0.602857125984252
0
LINE
8
BLACK
6
CONTINUOUS
10
1.1311331102362205
20
0.602857125984252
11
1.1311331102362205
21
0.6399999606299213
0
LINE
8
BLACK
6
CONTINUOUS
10
1.1311331102362205
20
0.6399999606299213
11
1.1319369685039369
21
0.6429999606299213
0
LINE
8
BLACK
6
CONTINUOUS
10
1.1319369685039369
20
0.6429999606299213
11
1.1341331102362204
21
0.6451961023622047
0
LINE
8
BLACK
6
CONTINUOUS
10
1.1341331102362204
20
0.6451961023622047
11
1.1371331102362205
21
0.6459999606299213
0
LINE
8
BLACK
6
CONTINUOUS
10
1.1371331102362205
20
0.6459999606299213
11
1.1401331102362204
21
0.6451961023622047
0
LINE
8
BLACK
6
CONTINUOUS
10
0.9185099212598425
20
0.6627746850393701
11
0.9200571653543307
21
0.6614763779527559
0
LINE
8
BLACK
6
CONTINUOUS
10
0.9200571653543307
20
0.6614763779527559
11
0.9204079133858267
21
0.6594872440944882
0
LINE
8
BLACK
6
CONTINUOUS
10
0.9204079133858267
20
0.6594872440944882
11
0.9193979921259843
21
0.6577380708661417
0
LINE
8
BLACK
6
CONTINUOUS
10
0.9193979921259843
20
0.6577380708661417
11
0.9175
21
0.6570472440944882
0
LINE
8
BLACK
6
CONTINUOUS
10
0.9175
20
0.6570472440944882
11
0.8804527559055118
21
0.6570472440944882
0
LINE
8
BLACK
6
CONTINUOUS
10
0.8804527559055118
20
0.6570472440944882
11
0.8804527559055118
21
0.6029527559055118
0
LINE
8
BLACK
6
CONTINUOUS
10
0.8804527559055118
20
0.6029527559055118
11
0.9175
21
0.6029527559055118
0
LINE
8
BLACK
6
CONTINUOUS
10
0.9175
20
0.6029527559055118
11
0.9185099212598425
21
0.60277468503937
0
LINE
8
BLACK
6
CONTINUOUS
10
0.9185099212598425
20
0.60277468503937
11
0.9200571653543307
21
0.6014763779527559
0
LINE
8
BLACK
6
CONTINUOUS
10
0.9200571653543307
20
0.6014763779527559
11
0.9204079133858267
21
0.5994872440944882
0
LINE
8
BLACK
6
CONTINUOUS
10
0.9204079133858267
20
0.5994872440944882
11
0.9193979921259843
21
0.5977380708661417
0
LINE
8
BLACK
6
CONTINUOUS
10
0.9193979921259843
20
0.5977380708661417
11
0.9175
21
0.5970472440944882
0
LINE
8
BLACK
6
CONTINUOUS
10
0.9175
20
0.5970472440944882
11
0.8774999999999999
21
0.5970472440944882
0
LINE
8
BLACK
6
CONTINUOUS
10
0.8774999999999999
20
0.5970472440944882
11
0.8771164566929134
21
0.5971148425196851
0
LINE
8
BLACK
6
CONTINUOUS
10
0.8771164566929134
20
0.5971148425196851
11
0.8769872440944881
21
0.5970920866141732
0
LINE
8
BLACK
6
CONTINUOUS
10
0.8769872440944881
20
0.5970920866141732
11
0.8768736220472441
21
0.5971576771653543
0
LINE
8
BLACK
6
CONTINUOUS
10
0.8768736220472441
20
0.5971576771653543
11
0.8764900787401575
21
0.5972253149606299
0
LINE
8
BLACK
6
CONTINUOUS
10
0.8764900787401575
20
0.5972253149606299
11
0.8759023622047244
21
0.5977184251968504
0
LINE
8
BLACK
6
CONTINUOUS
10
0.8759023622047244
20
0.5977184251968504
11
0.8752380708661417
21
0.5981020078740157
0
LINE
8
BLACK
6
CONTINUOUS
10
0.8752380708661417
20
0.5981020078740157
11
0.8751469291338583
21
0.5983523228346457
0
LINE
8
BLACK
6
CONTINUOUS
10
0.8751469291338583
20
0.5983523228346457
11
0.8749428346456692
21
0.5985236220472441
0
LINE
8
BLACK
6
CONTINUOUS
10
0.8749428346456692
20
0.5985236220472441
11
0.8748095669291338
21
0.5992791732283465
0
LINE
8
BLACK
6
CONTINUOUS
10
0.8748095669291338
20
0.5992791732283465
11
0.8745472440944881
21
0.6
0
LINE
8
BLACK
6
CONTINUOUS
10
0.8745472440944881
20
0.6
11
0.8745472440944881
21
0.66
0
LINE
8
BLACK
6
CONTINUOUS
10
0.8745472440944881
20
0.66
11
0.874614842519685
21
0.6603835039370078
0
LINE
8
BLACK
6
CONTINUOUS
10
0.874614842519685
20
0.6603835039370078
11
0.8745920866141732
21
0.6605127559055118
0
LINE
8
BLACK
6
CONTINUOUS
10
0.8745920866141732
20
0.6605127559055118
11
0.8746576771653544
21
0.6606263385826772
0
LINE
8
BLACK
6
CONTINUOUS
10
0.8746576771653544
20
0.6606263385826772
11
0.8747253149606299
21
0.6610099212598425
0
LINE
8
BLACK
6
CONTINUOUS
10
0.8747253149606299
20
0.6610099212598425
11
0.8752184251968503
21
0.6615975984251968
0
LINE
8
BLACK
6
CONTINUOUS
10
0.8752184251968503
20
0.6615975984251968
11
0.8756020078740158
21
0.6622619291338583
0
LINE
8
BLACK
6
CONTINUOUS
10
0.8756020078740158
20
0.6622619291338583
11
0.8758523228346456
21
0.6623530314960629
0
LINE
8
BLACK
6
CONTINUOUS
10
0.8758523228346456
20
0.6623530314960629
11
0.876023622047244
21
0.6625571653543307
0
LINE
8
BLACK
6
CONTINUOUS
10
0.876023622047244
20
0.6625571653543307
11
0.8767791732283464
21
0.6626903937007874
0
LINE
8
BLACK
6
CONTINUOUS
10
0.8767791732283464
20
0.6626903937007874
11
0.8774999999999999
21
0.6629527559055118
0
LINE
8
BLACK
6
CONTINUOUS
10
0.8774999999999999
20
0.6629527559055118
11
0.9175
21
0.6629527559055118
0
LINE
8
BLACK
6
CONTINUOUS
10
0.9175
20
0.6629527559055118
11
0.9185099212598425
21
0.6627746850393701
0
LINE
8
BLACK
6
CONTINUOUS
10
0.3795495669291338
20
0.6261711417322835
11
0.3806277559055118
21
0.6249279921259843
0
LINE
8
BLACK
6
CONTINUOUS
10
0.3806277559055118
20
0.6249279921259843
11
0.3853181889763779
21
0.6108565748031496
0
LINE
8
BLACK
6
CONTINUOUS
10
0.3853181889763779
20
0.6108565748031496
11
0.3852930708661417
21
0.6105036220472441
0
LINE
8
BLACK
6
CONTINUOUS
10
0.3852930708661417
20
0.6105036220472441
11
0.3854285433070866
21
0.6101766535433071
0
LINE
8
BLACK
6
CONTINUOUS
10
0.3854285433070866
20
0.6101766535433071
11
0.385236968503937
21
0.6097142125984252
0
LINE
8
BLACK
6
CONTINUOUS
10
0.385236968503937
20
0.6097142125984252
11
0.3852015354330708
21
0.609215157480315
0
LINE
8
BLACK
6
CONTINUOUS
10
0.3852015354330708
20
0.609215157480315
11
0.3849342519685039
21
0.6089833070866142
0
LINE
8
BLACK
6
CONTINUOUS
10
0.3849342519685039
20
0.6089833070866142
11
0.3847988188976378
21
0.6086563779527558
0
LINE
8
BLACK
6
CONTINUOUS
10
0.3847988188976378
20
0.6086563779527558
11
0.3843364173228346
21
0.608464842519685
0
LINE
8
BLACK
6
CONTINUOUS
10
0.3843364173228346
20
0.608464842519685
11
0.3839584251968504
21
0.6081370078740157
0
LINE
8
BLACK
6
CONTINUOUS
10
0.3839584251968504
20
0.6081370078740157
11
0.3836055118110236
21
0.6081620866141733
0
LINE
8
BLACK
6
CONTINUOUS
10
0.3836055118110236
20
0.6081620866141733
11
0.3832785433070866
21
0.6080266535433071
0
LINE
8
BLACK
6
CONTINUOUS
10
0.3832785433070866
20
0.6080266535433071
11
0.3760475984251969
21
0.6080266535433071
0
LINE
8
BLACK
6
CONTINUOUS
10
0.3760475984251969
20
0.6080266535433071
11
0.3760475984251969
21
0.60361
0
LINE
8
BLACK
6
CONTINUOUS
10
0.3760475984251969
20
0.60361
11
0.375417874015748
21
0.6020897244094489
0
LINE
8
BLACK
6
CONTINUOUS
10
0.375417874015748
20
0.6020897244094489
11
0.3738975984251968
21
0.60146
0
LINE
8
BLACK
6
CONTINUOUS
10
0.3738975984251968
20
0.60146
11
0.3723773228346456
21
0.6020897244094489
0
LINE
8
BLACK
6
CONTINUOUS
10
0.3723773228346456
20
0.6020897244094489
11
0.3717475984251968
21
0.60361
0
LINE
8
BLACK
6
CONTINUOUS
10
0.3717475984251968
20
0.60361
11
0.3717475984251968
21
0.6080266535433071
0
LINE
8
BLACK
6
CONTINUOUS
10
0.3717475984251968
20
0.6080266535433071
11
0.3710833070866142
21
0.6080266535433071
0
LINE
8
BLACK
6
CONTINUOUS
10
0.3710833070866142
20
0.6080266535433071
11
0.369563031496063
21
0.6086563779527558
0
LINE
8
BLACK
6
CONTINUOUS
10
0.369563031496063
20
0.6086563779527558
11
0.3689333070866141
21
0.6101766535433071
0
LINE
8
BLACK
6
CONTINUOUS
10
0.3689333070866141
20
0.6101766535433071
11
0.369563031496063
21
0.6116969291338582
0
LINE
8
BLACK
6
CONTINUOUS
10
0.369563031496063
20
0.6116969291338582
11
0.3710833070866142
21
0.6123266535433071
0
LINE
8
BLACK
6
CONTINUOUS
10
0.3710833070866142
20
0.6123266535433071
11
0.3717475984251968
21
0.6123266535433071
0
LINE
8
BLACK
6
CONTINUOUS
10
0.3717475984251968
20
0.6123266535433071
11
0.3717475984251968
21
0.6167433464566929
0
LINE
8
BLACK
6
CONTINUOUS
10
0.3717475984251968
20
0.6167433464566929
11
0.3723773228346456
21
0.6182636220472441
0
LINE
8
BLACK
6
CONTINUOUS
10
0.3723773228346456
20
0.6182636220472441
11
0.3738975984251968
21
0.6188933464566929
0
LINE
8
BLACK
6
CONTINUOUS
10
0.3738975984251968
20
0.6188933464566929
11
0.375417874015748
21
0.6182636220472441
0
LINE
8
BLACK
6
CONTINUOUS
10
0.375417874015748
20
0.6182636220472441
11
0.3760475984251969
21
0.6167433464566929
0
LINE
8
BLACK
6
CONTINUOUS
10
0.3760475984251969
20
0.6167433464566929
11
0.3760475984251969
21
0.6123266535433071
0
LINE
8
BLACK
6
CONTINUOUS
10
0.3760475984251969
20
0.6123266535433071
11
0.3802955511811024
21
0.6123266535433071
0
LINE
8
BLACK
6
CONTINUOUS
10
0.3802955511811024
20
0.6123266535433071
11
0.3765483858267716
21
0.6235682283464566
0
LINE
8
BLACK
6
CONTINUOUS
10
0.3765483858267716
20
0.6235682283464566
11
0.3766650393700787
21
0.6252096062992126
0
LINE
8
BLACK
6
CONTINUOUS
10
0.3766650393700787
20
0.6252096062992126
11
0.377908188976378
21
0.6262877952755905
0
LINE
8
BLACK
6
CONTINUOUS
10
0.377908188976378
20
0.6262877952755905
11
0.3795495669291338
21
0.6261711417322835
0
LINE
8
BLACK
6
CONTINUOUS
10
0.4035607086614173
20
0.6248302755905512
11
0.4041904330708661
21
0.62331
0
LINE
8
BLACK
6
CONTINUOUS
10
0.4041904330708661
20
0.62331
11
0.4041904330708661
21
0.60361
0
LINE
8
BLACK
6
CONTINUOUS
10
0.4041904330708661
20
0.60361
11
0.4035607086614173
21
0.6020897244094489
0
LINE
8
BLACK
6
CONTINUOUS
10
0.4035607086614173
20
0.6020897244094489
11
0.4020404330708661
21
0.60146
0
LINE
8
BLACK
6
CONTINUOUS
10
0.4020404330708661
20
0.60146
11
0.4005201574803149
21
0.6020897244094489
0
LINE
8
BLACK
6
CONTINUOUS
10
0.4005201574803149
20
0.6020897244094489
11
0.3998904330708661
21
0.60361
0
LINE
8
BLACK
6
CONTINUOUS
10
0.3998904330708661
20
0.60361
11
0.3998904330708661
21
0.6108409448818898
0
LINE
8
BLACK
6
CONTINUOUS
10
0.3998904330708661
20
0.6108409448818898
11
0.3984693700787402
21
0.6108409448818898
0
LINE
8
BLACK
6
CONTINUOUS
10
0.3984693700787402
20
0.6108409448818898
11
0.3925446456692913
21
0.6023770472440945
0
LINE
8
BLACK
6
CONTINUOUS
10
0.3925446456692913
20
0.6023770472440945
11
0.3911569291338582
21
0.601492716535433
0
LINE
8
BLACK
6
CONTINUOUS
10
0.3911569291338582
20
0.601492716535433
11
0.3895503543307087
21
0.6018486614173228
0
LINE
8
BLACK
6
CONTINUOUS
10
0.3895503543307087
20
0.6018486614173228
11
0.3886660236220472
21
0.6032363779527559
0
LINE
8
BLACK
6
CONTINUOUS
10
0.3886660236220472
20
0.6032363779527559
11
0.389021968503937
21
0.6048429527559055
0
LINE
8
BLACK
6
CONTINUOUS
10
0.389021968503937
20
0.6048429527559055
11
0.3934299212598425
21
0.6111400393700788
0
LINE
8
BLACK
6
CONTINUOUS
10
0.3934299212598425
20
0.6111400393700788
11
0.3916979527559055
21
0.612006062992126
0
LINE
8
BLACK
6
CONTINUOUS
10
0.3916979527559055
20
0.612006062992126
11
0.3914661023622047
21
0.6122733464566928
0
LINE
8
BLACK
6
CONTINUOUS
10
0.3914661023622047
20
0.6122733464566928
11
0.3911392125984252
21
0.612408779527559
0
LINE
8
BLACK
6
CONTINUOUS
10
0.3911392125984252
20
0.612408779527559
11
0.3902011417322834
21
0.6133468503937007
0
LINE
8
BLACK
6
CONTINUOUS
10
0.3902011417322834
20
0.6133468503937007
11
0.3900657086614173
21
0.6136737401574803
0
LINE
8
BLACK
6
CONTINUOUS
10
0.3900657086614173
20
0.6136737401574803
11
0.3897983858267716
21
0.6139056299212599
0
LINE
8
BLACK
6
CONTINUOUS
10
0.3897983858267716
20
0.6139056299212599
11
0.3888602755905512
21
0.6157818503937008
0
LINE
8
BLACK
6
CONTINUOUS
10
0.3888602755905512
20
0.6157818503937008
11
0.3888248031496063
21
0.6162809842519685
0
LINE
8
BLACK
6
CONTINUOUS
10
0.3888248031496063
20
0.6162809842519685
11
0.3886333070866141
21
0.6167433464566929
0
LINE
8
BLACK
6
CONTINUOUS
10
0.3886333070866141
20
0.6167433464566929
11
0.3886333070866141
21
0.6195575984251969
0
LINE
8
BLACK
6
CONTINUOUS
10
0.3886333070866141
20
0.6195575984251969
11
0.3888248031496063
21
0.6200199212598425
0
LINE
8
BLACK
6
CONTINUOUS
10
0.3888248031496063
20
0.6200199212598425
11
0.3888602755905512
21
0.620519094488189
0
LINE
8
BLACK
6
CONTINUOUS
10
0.3888602755905512
20
0.620519094488189
11
0.3897983858267716
21
0.6223953149606299
0
LINE
8
BLACK
6
CONTINUOUS
10
0.3897983858267716
20
0.6223953149606299
11
0.3900657086614173
21
0.6226271653543307
0
LINE
8
BLACK
6
CONTINUOUS
10
0.3900657086614173
20
0.6226271653543307
11
0.3902011417322834
21
0.6229540944881889
0
LINE
8
BLACK
6
CONTINUOUS
10
0.3902011417322834
20
0.6229540944881889
11
0.3911392125984252
21
0.6238921653543307
0
LINE
8
BLACK
6
CONTINUOUS
10
0.3911392125984252
20
0.6238921653543307
11
0.3914661023622047
21
0.6240275590551181
0
LINE
8
BLACK
6
CONTINUOUS
10
0.3914661023622047
20
0.6240275590551181
11
0.3916979527559055
21
0.6242948818897638
0
LINE
8
BLACK
6
CONTINUOUS
10
0.3916979527559055
20
0.6242948818897638
11
0.3935741338582677
21
0.6252329921259843
0
LINE
8
BLACK
6
CONTINUOUS
10
0.3935741338582677
20
0.6252329921259843
11
0.3940732677165354
21
0.6252684645669291
0
LINE
8
BLACK
6
CONTINUOUS
10
0.3940732677165354
20
0.6252684645669291
11
0.3945356692913386
21
0.62546
0
LINE
8
BLACK
6
CONTINUOUS
10
0.3945356692913386
20
0.62546
11
0.4020404330708661
21
0.62546
0
LINE
8
BLACK
6
CONTINUOUS
10
0.4020404330708661
20
0.62546
11
0.4035607086614173
21
0.6248302755905512
0
LINE
8
BLACK
6
CONTINUOUS
10
0.393933031496063
20
0.6206048818897638
11
0.3934884251968504
21
0.6201602755905512
0
LINE
8
BLACK
6
CONTINUOUS
10
0.3934884251968504
20
0.6201602755905512
11
0.3929333070866142
21
0.6190500393700787
0
LINE
8
BLACK
6
CONTINUOUS
10
0.3929333070866142
20
0.6190500393700787
11
0.3929333070866142
21
0.6172509055118111
0
LINE
8
BLACK
6
CONTINUOUS
10
0.3929333070866142
20
0.6172509055118111
11
0.3934884251968504
21
0.6161406692913386
0
LINE
8
BLACK
6
CONTINUOUS
10
0.3934884251968504
20
0.6161406692913386
11
0.393933031496063
21
0.6156960236220472
0
LINE
8
BLACK
6
CONTINUOUS
10
0.393933031496063
20
0.6156960236220472
11
0.3950432677165354
21
0.6151409448818898
0
LINE
8
BLACK
6
CONTINUOUS
10
0.3950432677165354
20
0.6151409448818898
11
0.3998904330708661
21
0.6151409448818898
0
LINE
8
BLACK
6
CONTINUOUS
10
0.3998904330708661
20
0.6151409448818898
11
0.3998904330708661
21
0.6211599999999999
0
LINE
8
BLACK
6
CONTINUOUS
10
0.3998904330708661
20
0.6211599999999999
11
0.3950432677165354
21
0.6211599999999999
0
LINE
8
BLACK
6
CONTINUOUS
10
0.3950432677165354
20
0.6211599999999999
11
0.393933031496063
21
0.6206048818897638
0
LINE
8
BLACK
6
CONTINUOUS
10
0.9185416929133858
20
0.6273302755905512
11
0.9191714173228346
21
0.62581
0
LINE
8
BLACK
6
CONTINUOUS
10
0.9191714173228346
20
0.62581
11
0.9191714173228346
21
0.60611
0
LINE
8
BLACK
6
CONTINUOUS
10
0.9191714173228346
20
0.60611
11
0.9185416929133858
21
0.6045897244094488
0
LINE
8
BLACK
6
CONTINUOUS
10
0.9185416929133858
20
0.6045897244094488
11
0.9170214173228346
21
0.6039599999999999
0
LINE
8
BLACK
6
CONTINUOUS
10
0.9170214173228346
20
0.6039599999999999
11
0.9155011417322835
21
0.6045897244094488
0
LINE
8
BLACK
6
CONTINUOUS
10
0.9155011417322835
20
0.6045897244094488
11
0.9148714173228346
21
0.60611
0
LINE
8
BLACK
6
CONTINUOUS
10
0.9148714173228346
20
0.60611
11
0.9148714173228346
21
0.6096663385826772
0
LINE
8
BLACK
6
CONTINUOUS
10
0.9148714173228346
20
0.6096663385826772
11
0.9112366535433071
21
0.60482
0
LINE
8
BLACK
6
CONTINUOUS
10
0.9112366535433071
20
0.60482
11
0.9098207086614173
21
0.6039816141732284
0
LINE
8
BLACK
6
CONTINUOUS
10
0.9098207086614173
20
0.6039816141732284
11
0.9082266535433071
21
0.60439
0
LINE
8
BLACK
6
CONTINUOUS
10
0.9082266535433071
20
0.60439
11
0.9073882677165354
21
0.6058059448818898
0
LINE
8
BLACK
6
CONTINUOUS
10
0.9073882677165354
20
0.6058059448818898
11
0.9077966535433071
21
0.6073999999999999
0
LINE
8
BLACK
6
CONTINUOUS
10
0.9077966535433071
20
0.6073999999999999
11
0.9123064173228346
21
0.6134129921259842
0
LINE
8
BLACK
6
CONTINUOUS
10
0.9123064173228346
20
0.6134129921259842
11
0.9079963779527559
21
0.6177230708661418
0
LINE
8
BLACK
6
CONTINUOUS
10
0.9079963779527559
20
0.6177230708661418
11
0.907366653543307
21
0.6192433464566929
0
LINE
8
BLACK
6
CONTINUOUS
10
0.907366653543307
20
0.6192433464566929
11
0.9079963779527559
21
0.6207636220472441
0
LINE
8
BLACK
6
CONTINUOUS
10
0.9079963779527559
20
0.6207636220472441
11
0.909516653543307
21
0.6213933464566929
0
LINE
8
BLACK
6
CONTINUOUS
10
0.909516653543307
20
0.6213933464566929
11
0.9110369291338583
21
0.6207636220472441
0
LINE
8
BLACK
6
CONTINUOUS
10
0.9110369291338583
20
0.6207636220472441
11
0.9148714173228346
21
0.6169291338582678
0
LINE
8
BLACK
6
CONTINUOUS
10
0.9148714173228346
20
0.6169291338582678
11
0.9148714173228346
21
0.62581
0
LINE
8
BLACK
6
CONTINUOUS
10
0.9148714173228346
20
0.62581
11
0.9155011417322835
21
0.6273302755905512
0
LINE
8
BLACK
6
CONTINUOUS
10
0.9155011417322835
20
0.6273302755905512
11
0.9170214173228346
21
0.62796
0
LINE
8
BLACK
6
CONTINUOUS
10
0.9170214173228346
20
0.62796
11
0.9185416929133858
21
0.6273302755905512
0
LINE
8
BLACK
6
CONTINUOUS
10
0.9324933070866142
20
0.6277684645669291
11
0.9329924803149606
21
0.6277329921259842
0
LINE
8
BLACK
6
CONTINUOUS
10
0.9329924803149606
20
0.6277329921259842
11
0.9348686614173228
21
0.6267949212598425
0
LINE
8
BLACK
6
CONTINUOUS
10
0.9348686614173228
20
0.6267949212598425
11
0.9351004724409449
21
0.6265275590551181
0
LINE
8
BLACK
6
CONTINUOUS
10
0.9351004724409449
20
0.6265275590551181
11
0.9354273622047243
21
0.6263922047244095
0
LINE
8
BLACK
6
CONTINUOUS
10
0.9354273622047243
20
0.6263922047244095
11
0.9363654724409448
21
0.6254541338582676
0
LINE
8
BLACK
6
CONTINUOUS
10
0.9363654724409448
20
0.6254541338582676
11
0.9365008661417322
21
0.6251271653543307
0
LINE
8
BLACK
6
CONTINUOUS
10
0.9365008661417322
20
0.6251271653543307
11
0.9367682677165354
21
0.6248953149606299
0
LINE
8
BLACK
6
CONTINUOUS
10
0.9367682677165354
20
0.6248953149606299
11
0.9377063385826772
21
0.6230190551181102
0
LINE
8
BLACK
6
CONTINUOUS
10
0.9377063385826772
20
0.6230190551181102
11
0.937723622047244
21
0.6227753149606299
0
LINE
8
BLACK
6
CONTINUOUS
10
0.937723622047244
20
0.6227753149606299
11
0.937869094488189
21
0.6225790551181102
0
LINE
8
BLACK
6
CONTINUOUS
10
0.937869094488189
20
0.6225790551181102
11
0.9388072047244094
21
0.6188267322834645
0
LINE
8
BLACK
6
CONTINUOUS
10
0.9388072047244094
20
0.6188267322834645
11
0.9387670866141732
21
0.6185570866141732
0
LINE
8
BLACK
6
CONTINUOUS
10
0.9387670866141732
20
0.6185570866141732
11
0.9388714173228346
21
0.6183052362204724
0
LINE
8
BLACK
6
CONTINUOUS
10
0.9388714173228346
20
0.6183052362204724
11
0.9388714173228346
21
0.6136147637795275
0
LINE
8
BLACK
6
CONTINUOUS
10
0.9388714173228346
20
0.6136147637795275
11
0.9387670866141732
21
0.6133628740157481
0
LINE
8
BLACK
6
CONTINUOUS
10
0.9387670866141732
20
0.6133628740157481
11
0.9388072047244094
21
0.6130933070866141
0
LINE
8
BLACK
6
CONTINUOUS
10
0.9388072047244094
20
0.6130933070866141
11
0.937869094488189
21
0.609340905511811
0
LINE
8
BLACK
6
CONTINUOUS
10
0.937869094488189
20
0.609340905511811
11
0.937723622047244
21
0.6091446062992126
0
LINE
8
BLACK
6
CONTINUOUS
10
0.937723622047244
20
0.6091446062992126
11
0.9377063385826772
21
0.6089008661417322
0
LINE
8
BLACK
6
CONTINUOUS
10
0.9377063385826772
20
0.6089008661417322
11
0.9367682677165354
21
0.60702468503937
0
LINE
8
BLACK
6
CONTINUOUS
10
0.9367682677165354
20
0.60702468503937
11
0.9365008661417322
21
0.6067927952755905
0
LINE
8
BLACK
6
CONTINUOUS
10
0.9365008661417322
20
0.6067927952755905
11
0.9363654724409448
21
0.6064658661417323
0
LINE
8
BLACK
6
CONTINUOUS
10
0.9363654724409448
20
0.6064658661417323
11
0.9354273622047243
21
0.6055277952755905
0
LINE
8
BLACK
6
CONTINUOUS
10
0.9354273622047243
20
0.6055277952755905
11
0.9351004724409449
21
0.6053924015748031
0
LINE
8
BLACK
6
CONTINUOUS
10
0.9351004724409449
20
0.6053924015748031
11
0.9348686614173228
21
0.6051250787401574
0
LINE
8
BLACK
6
CONTINUOUS
10
0.9348686614173228
20
0.6051250787401574
11
0.9329924803149606
21
0.6041870078740157
0
LINE
8
BLACK
6
CONTINUOUS
10
0.9329924803149606
20
0.6041870078740157
11
0.9324933070866142
21
0.6041514960629921
0
LINE
8
BLACK
6
CONTINUOUS
10
0.9324933070866142
20
0.6041514960629921
11
0.9320309448818898
21
0.6039599999999999
0
LINE
8
BLACK
6
CONTINUOUS
10
0.9320309448818898
20
0.6039599999999999
11
0.9301547637795275
21
0.6039599999999999
0
LINE
8
BLACK
6
CONTINUOUS
10
0.9301547637795275
20
0.6039599999999999
11
0.9296924015748032
21
0.6041514960629921
0
LINE
8
BLACK
6
CONTINUOUS
10
0.9296924015748032
20
0.6041514960629921
11
0.9291932677165354
21
0.6041869685039369
0
LINE
8
BLACK
6
CONTINUOUS
10
0.9291932677165354
20
0.6041869685039369
11
0.9273170472440945
21
0.6051250787401574
0
LINE
8
BLACK
6
CONTINUOUS
10
0.9273170472440945
20
0.6051250787401574
11
0.9270851574803149
21
0.6053924015748031
0
LINE
8
BLACK
6
CONTINUOUS
10
0.9270851574803149
20
0.6053924015748031
11
0.9267582677165355
21
0.6055278346456693
0
LINE
8
BLACK
6
CONTINUOUS
10
0.9267582677165355
20
0.6055278346456693
11
0.9258201968503936
21
0.606465905511811
0
LINE
8
BLACK
6
CONTINUOUS
10
0.9258201968503936
20
0.606465905511811
11
0.9256847637795276
21
0.6067927559055118
0
LINE
8
BLACK
6
CONTINUOUS
10
0.9256847637795276
20
0.6067927559055118
11
0.9254174409448819
21
0.6070246456692914
0
LINE
8
BLACK
6
CONTINUOUS
10
0.9254174409448819
20
0.6070246456692914
11
0.9244793700787401
21
0.6089008267716536
0
LINE
8
BLACK
6
CONTINUOUS
10
0.9244793700787401
20
0.6089008267716536
11
0.9244620078740158
21
0.6091445275590551
0
LINE
8
BLACK
6
CONTINUOUS
10
0.9244620078740158
20
0.6091445275590551
11
0.9243165354330708
21
0.6093409448818897
0
LINE
8
BLACK
6
CONTINUOUS
10
0.9243165354330708
20
0.6093409448818897
11
0.9233784645669291
21
0.6130933464566929
0
LINE
8
BLACK
6
CONTINUOUS
10
0.9233784645669291
20
0.6130933464566929
11
0.9234185826771654
21
0.6133629527559055
0
LINE
8
BLACK
6
CONTINUOUS
10
0.9234185826771654
20
0.6133629527559055
11
0.9233142913385827
21
0.6136147637795275
0
LINE
8
BLACK
6
CONTINUOUS
10
0.9233142913385827
20
0.6136147637795275
11
0.9233142913385827
21
0.6183052362204724
0
LINE
8
BLACK
6
CONTINUOUS
10
0.9233142913385827
20
0.6183052362204724
11
0.9234185826771654
21
0.6185570472440944
0
LINE
8
BLACK
6
CONTINUOUS
10
0.9234185826771654
20
0.6185570472440944
11
0.9233784645669291
21
0.6188266929133858
0
LINE
8
BLACK
6
CONTINUOUS
10
0.9233784645669291
20
0.6188266929133858
11
0.9243165354330708
21
0.6225790157480314
0
LINE
8
BLACK
6
CONTINUOUS
10
0.9243165354330708
20
0.6225790157480314
11
0.9244620078740158
21
0.6227753543307086
0
LINE
8
BLACK
6
CONTINUOUS
10
0.9244620078740158
20
0.6227753543307086
11
0.9244793307086614
21
0.6230190944881889
0
LINE
8
BLACK
6
CONTINUOUS
10
0.9244793307086614
20
0.6230190944881889
11
0.9254174409448819
21
0.6248953149606299
0
LINE
8
BLACK
6
CONTINUOUS
10
0.9254174409448819
20
0.6248953149606299
11
0.9256847637795276
21
0.6251271653543307
0
LINE
8
BLACK
6
CONTINUOUS
10
0.9256847637795276
20
0.6251271653543307
11
0.9258201968503936
21
0.625454094488189
0
LINE
8
BLACK
6
CONTINUOUS
10
0.9258201968503936
20
0.625454094488189
11
0.9267582677165355
21
0.6263921653543307
0
LINE
8
BLACK
6
CONTINUOUS
10
0.9267582677165355
20
0.6263921653543307
11
0.9270851574803149
21
0.6265275590551181
0
LINE
8
BLACK
6
CONTINUOUS
10
0.9270851574803149
20
0.6265275590551181
11
0.9273170472440945
21
0.6267949212598425
0
LINE
8
BLACK
6
CONTINUOUS
10
0.9273170472440945
20
0.6267949212598425
11
0.9291932677165354
21
0.627733031496063
0
LINE
8
BLACK
6
CONTINUOUS
10
0.9291932677165354
20
0.627733031496063
11
0.9296924015748032
21
0.6277684645669291
0
LINE
8
BLACK
6
CONTINUOUS
10
0.9296924015748032
20
0.6277684645669291
11
0.9301547637795275
21
0.62796
0
LINE
8
BLACK
6
CONTINUOUS
10
0.9301547637795275
20
0.62796
11
0.9320309448818898
21
0.62796
0
LINE
8
BLACK
6
CONTINUOUS
10
0.9320309448818898
20
0.62796
11
0.9324933070866142
21
0.6277684645669291
0
LINE
8
BLACK
6
CONTINUOUS
10
0.9295520866141732
20
0.6231048818897638
11
0.9291074803149606
21
0.6226602755905511
0
LINE
8
BLACK
6
CONTINUOUS
10
0.9291074803149606
20
0.6226602755905511
11
0.9284309448818897
21
0.6213072440944881
0
LINE
8
BLACK
6
CONTINUOUS
10
0.9284309448818897
20
0.6213072440944881
11
0.9276142913385826
21
0.6180404724409448
0
LINE
8
BLACK
6
CONTINUOUS
10
0.9276142913385826
20
0.6180404724409448
11
0.9276142913385826
21
0.6138794488188977
0
LINE
8
BLACK
6
CONTINUOUS
10
0.9276142913385826
20
0.6138794488188977
11
0.9284309842519685
21
0.6106126377952755
0
LINE
8
BLACK
6
CONTINUOUS
10
0.9284309842519685
20
0.6106126377952755
11
0.9291074015748031
21
0.6092597637795275
0
LINE
8
BLACK
6
CONTINUOUS
10
0.9291074015748031
20
0.6092597637795275
11
0.9295520866141732
21
0.6088151181102363
0
LINE
8
BLACK
6
CONTINUOUS
10
0.9295520866141732
20
0.6088151181102363
11
0.9306623228346457
21
0.60826
0
LINE
8
BLACK
6
CONTINUOUS
10
0.9306623228346457
20
0.60826
11
0.9315234251968504
21
0.60826
0
LINE
8
BLACK
6
CONTINUOUS
10
0.9315234251968504
20
0.60826
11
0.9326335433070866
21
0.6088150787401575
0
LINE
8
BLACK
6
CONTINUOUS
10
0.9326335433070866
20
0.6088150787401575
11
0.9330782283464567
21
0.6092597244094488
0
LINE
8
BLACK
6
CONTINUOUS
10
0.9330782283464567
20
0.6092597244094488
11
0.9337547637795275
21
0.6106128346456693
0
LINE
8
BLACK
6
CONTINUOUS
10
0.9337547637795275
20
0.6106128346456693
11
0.9345714173228347
21
0.6138794881889764
0
LINE
8
BLACK
6
CONTINUOUS
10
0.9345714173228347
20
0.6138794881889764
11
0.9345714173228347
21
0.6180404724409448
0
LINE
8
BLACK
6
CONTINUOUS
10
0.9345714173228347
20
0.6180404724409448
11
0.9337547637795275
21
0.6213070866141732
0
LINE
8
BLACK
6
CONTINUOUS
10
0.9337547637795275
20
0.6213070866141732
11
0.933078188976378
21
0.6226602362204724
0
LINE
8
BLACK
6
CONTINUOUS
10
0.933078188976378
20
0.6226602362204724
11
0.9326335433070866
21
0.6231048818897638
0
LINE
8
BLACK
6
CONTINUOUS
10
0.9326335433070866
20
0.6231048818897638
11
0.9315234251968504
21
0.62366
0
LINE
8
BLACK
6
CONTINUOUS
10
0.9315234251968504
20
0.62366
11
0.9306623228346457
21
0.62366
0
LINE
8
BLACK
6
CONTINUOUS
10
0.9306623228346457
20
0.62366
11
0.9295520866141732
21
0.6231048818897638
0
LINE
8
BLACK
6
CONTINUOUS
10
0.9531313779527559
20
0.6277684645669291
11
0.9536305511811023
21
0.6277329921259842
0
LINE
8
BLACK
6
CONTINUOUS
10
0.9536305511811023
20
0.6277329921259842
11
0.9555067322834645
21
0.6267949212598425
0
LINE
8
BLACK
6
CONTINUOUS
10
0.9555067322834645
20
0.6267949212598425
11
0.9557385433070866
21
0.6265275590551181
0
LINE
8
BLACK
6
CONTINUOUS
10
0.9557385433070866
20
0.6265275590551181
11
0.9560654330708661
21
0.6263922047244095
0
LINE
8
BLACK
6
CONTINUOUS
10
0.9560654330708661
20
0.6263922047244095
11
0.9570035433070866
21
0.6254541338582676
0
LINE
8
BLACK
6
CONTINUOUS
10
0.9570035433070866
20
0.6254541338582676
11
0.9576333070866142
21
0.6239338582677165
0
LINE
8
BLACK
6
CONTINUOUS
10
0.9576333070866142
20
0.6239338582677165
11
0.9570036220472441
21
0.6224135826771653
0
LINE
8
BLACK
6
CONTINUOUS
10
0.9570036220472441
20
0.6224135826771653
11
0.9554833464566929
21
0.6217838188976378
0
LINE
8
BLACK
6
CONTINUOUS
10
0.9554833464566929
20
0.6217838188976378
11
0.9539630708661417
21
0.6224135039370079
0
LINE
8
BLACK
6
CONTINUOUS
10
0.9539630708661417
20
0.6224135039370079
11
0.9532716141732284
21
0.6231048818897638
0
LINE
8
BLACK
6
CONTINUOUS
10
0.9532716141732284
20
0.6231048818897638
11
0.9521614960629921
21
0.62366
0
LINE
8
BLACK
6
CONTINUOUS
10
0.9521614960629921
20
0.62366
11
0.9484861417322834
21
0.62366
0
LINE
8
BLACK
6
CONTINUOUS
10
0.9484861417322834
20
0.62366
11
0.9473759055118111
21
0.6231048818897638
0
LINE
8
BLACK
6
CONTINUOUS
10
0.9473759055118111
20
0.6231048818897638
11
0.9469312204724409
21
0.6226601968503936
0
LINE
8
BLACK
6
CONTINUOUS
10
0.9469312204724409
20
0.6226601968503936
11
0.9463761811023622
21
0.6215500393700787
0
LINE
8
BLACK
6
CONTINUOUS
10
0.9463761811023622
20
0.6215500393700787
11
0.9463761811023622
21
0.6205303149606299
0
LINE
8
BLACK
6
CONTINUOUS
10
0.9463761811023622
20
0.6205303149606299
11
0.9470434251968504
21
0.6185284645669291
0
LINE
8
BLACK
6
CONTINUOUS
10
0.9470434251968504
20
0.6185284645669291
11
0.9579416929133858
21
0.6076302755905512
0
LINE
8
BLACK
6
CONTINUOUS
10
0.9579416929133858
20
0.6076302755905512
11
0.9585714173228346
21
0.60611
0
LINE
8
BLACK
6
CONTINUOUS
10
0.9585714173228346
20
0.60611
11
0.9579416929133858
21
0.6045897244094488
0
LINE
8
BLACK
6
CONTINUOUS
10
0.9579416929133858
20
0.6045897244094488
11
0.9564214173228346
21
0.6039599999999999
0
LINE
8
BLACK
6
CONTINUOUS
10
0.9564214173228346
20
0.6039599999999999
11
0.9442261811023622
21
0.6039599999999999
0
LINE
8
BLACK
6
CONTINUOUS
10
0.9442261811023622
20
0.6039599999999999
11
0.942705905511811
21
0.6045897244094488
0
LINE
8
BLACK
6
CONTINUOUS
10
0.942705905511811
20
0.6045897244094488
11
0.9420761811023621
21
0.60611
0
LINE
8
BLACK
6
CONTINUOUS
10
0.9420761811023621
20
0.60611
11
0.942705905511811
21
0.6076302755905512
0
LINE
8
BLACK
6
CONTINUOUS
10
0.942705905511811
20
0.6076302755905512
11
0.9442261811023622
21
0.60826
0
LINE
8
BLACK
6
CONTINUOUS
10
0.9442261811023622
20
0.60826
11
0.9512308661417322
21
0.60826
0
LINE
8
BLACK
6
CONTINUOUS
10
0.9512308661417322
20
0.60826
11
0.9436439763779527
21
0.6158468503937008
0
LINE
8
BLACK
6
CONTINUOUS
10
0.9436439763779527
20
0.6158468503937008
11
0.9434524409448819
21
0.6163091732283464
0
LINE
8
BLACK
6
CONTINUOUS
10
0.9434524409448819
20
0.6163091732283464
11
0.9431245669291338
21
0.6166872834645669
0
LINE
8
BLACK
6
CONTINUOUS
10
0.9431245669291338
20
0.6166872834645669
11
0.9421864960629921
21
0.6195015354330708
0
LINE
8
BLACK
6
CONTINUOUS
10
0.9421864960629921
20
0.6195015354330708
11
0.9422115748031495
21
0.6198544881889764
0
LINE
8
BLACK
6
CONTINUOUS
10
0.9422115748031495
20
0.6198544881889764
11
0.9420761811023621
21
0.6201814173228346
0
LINE
8
BLACK
6
CONTINUOUS
10
0.9420761811023621
20
0.6201814173228346
11
0.9420761811023621
21
0.6220575984251968
0
LINE
8
BLACK
6
CONTINUOUS
10
0.9420761811023621
20
0.6220575984251968
11
0.9422676771653543
21
0.6225199212598425
0
LINE
8
BLACK
6
CONTINUOUS
10
0.9422676771653543
20
0.6225199212598425
11
0.9423031496062992
21
0.6230190944881889
0
LINE
8
BLACK
6
CONTINUOUS
10
0.9423031496062992
20
0.6230190944881889
11
0.943241220472441
21
0.6248953149606299
0
LINE
8
BLACK
6
CONTINUOUS
10
0.943241220472441
20
0.6248953149606299
11
0.9435085826771653
21
0.6251272047244094
0
LINE
8
BLACK
6
CONTINUOUS
10
0.9435085826771653
20
0.6251272047244094
11
0.9436440157480315
21
0.6254541338582676
0
LINE
8
BLACK
6
CONTINUOUS
10
0.9436440157480315
20
0.6254541338582676
11
0.944582125984252
21
0.6263922047244095
0
LINE
8
BLACK
6
CONTINUOUS
10
0.944582125984252
20
0.6263922047244095
11
0.9449089763779527
21
0.6265275590551181
0
LINE
8
BLACK
6
CONTINUOUS
10
0.9449089763779527
20
0.6265275590551181
11
0.9451408267716536
21
0.6267948818897637
0
LINE
8
BLACK
6
CONTINUOUS
10
0.9451408267716536
20
0.6267948818897637
11
0.9470170078740158
21
0.6277329921259842
0
LINE
8
BLACK
6
CONTINUOUS
10
0.9470170078740158
20
0.6277329921259842
11
0.9475161417322835
21
0.6277684645669291
0
LINE
8
BLACK
6
CONTINUOUS
10
0.9475161417322835
20
0.6277684645669291
11
0.9479785433070866
21
0.62796
0
LINE
8
BLACK
6
CONTINUOUS
10
0.9479785433070866
20
0.62796
11
0.9526690157480314
21
0.62796
0
LINE
8
BLACK
6
CONTINUOUS
10
0.9526690157480314
20
0.62796
11
0.9531313779527559
21
0.6277684645669291
0
LINE
8
BLACK
6
CONTINUOUS
10
0.920168622047244
20
0.6561711417322834
11
0.921246811023622
21
0.6549279921259842
0
LINE
8
BLACK
6
CONTINUOUS
10
0.921246811023622
20
0.6549279921259842
11
0.9259372440944882
21
0.6408565748031496
0
LINE
8
BLACK
6
CONTINUOUS
10
0.9259372440944882
20
0.6408565748031496
11
0.925912125984252
21
0.6405036220472441
0
LINE
8
BLACK
6
CONTINUOUS
10
0.925912125984252
20
0.6405036220472441
11
0.9260475984251968
21
0.6401766535433071
0
LINE
8
BLACK
6
CONTINUOUS
10
0.9260475984251968
20
0.6401766535433071
11
0.9258560236220472
21
0.6397142125984252
0
LINE
8
BLACK
6
CONTINUOUS
10
0.9258560236220472
20
0.6397142125984252
11
0.925820590551181
21
0.639215157480315
0
LINE
8
BLACK
6
CONTINUOUS
10
0.925820590551181
20
0.639215157480315
11
0.9255533070866142
21
0.6389833070866141
0
LINE
8
BLACK
6
CONTINUOUS
10
0.9255533070866142
20
0.6389833070866141
11
0.925417874015748
21
0.6386563779527559
0
LINE
8
BLACK
6
CONTINUOUS
10
0.925417874015748
20
0.6386563779527559
11
0.9249554724409449
21
0.638464842519685
0
LINE
8
BLACK
6
CONTINUOUS
10
0.9249554724409449
20
0.638464842519685
11
0.9245774803149606
21
0.6381370078740157
0
LINE
8
BLACK
6
CONTINUOUS
10
0.9245774803149606
20
0.6381370078740157
11
0.9242245669291338
21
0.6381620866141732
0
LINE
8
BLACK
6
CONTINUOUS
10
0.9242245669291338
20
0.6381620866141732
11
0.9238975984251968
21
0.6380266535433071
0
LINE
8
BLACK
6
CONTINUOUS
10
0.9238975984251968
20
0.6380266535433071
11
0.9166666535433071
21
0.6380266535433071
0
LINE
8
BLACK
6
CONTINUOUS
10
0.9166666535433071
20
0.6380266535433071
11
0.9166666535433071
21
0.63361
0
LINE
8
BLACK
6
CONTINUOUS
10
0.9166666535433071
20
0.63361
11
0.9160369291338583
21
0.6320897244094488
0
LINE
8
BLACK
6
CONTINUOUS
10
0.9160369291338583
20
0.6320897244094488
11
0.914516653543307
21
0.63146
0
LINE
8
BLACK
6
CONTINUOUS
10
0.914516653543307
20
0.63146
11
0.9129963779527559
21
0.6320897244094488
0
LINE
8
BLACK
6
CONTINUOUS
10
0.9129963779527559
20
0.6320897244094488
11
0.912366653543307
21
0.63361
0
LINE
8
BLACK
6
CONTINUOUS
10
0.912366653543307
20
0.63361
11
0.912366653543307
21
0.6380266535433071
0
LINE
8
BLACK
6
CONTINUOUS
10
0.912366653543307
20
0.6380266535433071
11
0.9117023622047243
21
0.6380266535433071
0
LINE
8
BLACK
6
CONTINUOUS
10
0.9117023622047243
20
0.6380266535433071
11
0.9101820866141732
21
0.6386563779527559
0
LINE
8
BLACK
6
CONTINUOUS
10
0.9101820866141732
20
0.6386563779527559
11
0.9095523622047244
21
0.6401766535433071
0
LINE
8
BLACK
6
CONTINUOUS
10
0.9095523622047244
20
0.6401766535433071
11
0.9101820866141732
21
0.6416969291338582
0
LINE
8
BLACK
6
CONTINUOUS
10
0.9101820866141732
20
0.6416969291338582
11
0.9117023622047243
21
0.6423266535433071
0
LINE
8
BLACK
6
CONTINUOUS
10
0.9117023622047243
20
0.6423266535433071
11
0.912366653543307
21
0.6423266535433071
0
LINE
8
BLACK
6
CONTINUOUS
10
0.912366653543307
20
0.6423266535433071
11
0.912366653543307
21
0.6467433464566928
0
LINE
8
BLACK
6
CONTINUOUS
10
0.912366653543307
20
0.6467433464566928
11
0.9129963779527559
21
0.6482636220472441
0
LINE
8
BLACK
6
CONTINUOUS
10
0.9129963779527559
20
0.6482636220472441
11
0.914516653543307
21
0.6488933464566929
0
LINE
8
BLACK
6
CONTINUOUS
10
0.914516653543307
20
0.6488933464566929
11
0.9160369291338583
21
0.6482636220472441
0
LINE
8
BLACK
6
CONTINUOUS
10
0.9160369291338583
20
0.6482636220472441
11
0.9166666535433071
21
0.6467433464566928
0
LINE
8
BLACK
6
CONTINUOUS
10
0.9166666535433071
20
0.6467433464566928
11
0.9166666535433071
21
0.6423266535433071
0
LINE
8
BLACK
6
CONTINUOUS
10
0.9166666535433071
20
0.6423266535433071
11
0.9209146062992126
21
0.6423266535433071
0
LINE
8
BLACK
6
CONTINUOUS
10
0.9209146062992126
20
0.6423266535433071
11
0.9171674409448819
21
0.6535682283464567
0
LINE
8
BLACK
6
CONTINUOUS
10
0.9171674409448819
20
0.6535682283464567
11
0.9172840944881889
21
0.6552096062992125
0
LINE
8
BLACK
6
CONTINUOUS
10
0.9172840944881889
20
0.6552096062992125
11
0.9185272440944882
21
0.6562877952755906
0
LINE
8
BLACK
6
CONTINUOUS
10
0.9185272440944882
20
0.6562877952755906
11
0.920168622047244
21
0.6561711417322834
0
LINE
8
BLACK
6
CONTINUOUS
10
0.9372354330708661
20
0.6553752755905512
11
0.937452559055118
21
0.6554182283464567
0
LINE
8
BLACK
6
CONTINUOUS
10
0.937452559055118
20
0.6554182283464567
11
0.9379726771653543
21
0.6550698818897638
0
LINE
8
BLACK
6
CONTINUOUS
10
0.9379726771653543
20
0.6550698818897638
11
0.9385511811023621
21
0.6548302755905512
0
LINE
8
BLACK
6
CONTINUOUS
10
0.9385511811023621
20
0.6548302755905512
11
0.9386358661417322
21
0.6546257480314961
0
LINE
8
BLACK
6
CONTINUOUS
10
0.9386358661417322
20
0.6546257480314961
11
0.9388198031496062
21
0.6545025984251969
0
LINE
8
BLACK
6
CONTINUOUS
10
0.9388198031496062
20
0.6545025984251969
11
0.9405779527559055
21
0.6518653937007873
0
LINE
8
BLACK
6
CONTINUOUS
10
0.9405779527559055
20
0.6518653937007873
11
0.9420568503937008
21
0.6503864960629921
0
LINE
8
BLACK
6
CONTINUOUS
10
0.9420568503937008
20
0.6503864960629921
11
0.9436210236220473
21
0.6496044488188977
0
LINE
8
BLACK
6
CONTINUOUS
10
0.9436210236220473
20
0.6496044488188977
11
0.9446991338582676
21
0.6483612992125984
0
LINE
8
BLACK
6
CONTINUOUS
10
0.9446991338582676
20
0.6483612992125984
11
0.9445824803149606
21
0.6467198818897638
0
LINE
8
BLACK
6
CONTINUOUS
10
0.9445824803149606
20
0.6467198818897638
11
0.9433393700787401
21
0.6456417322834646
0
LINE
8
BLACK
6
CONTINUOUS
10
0.9433393700787401
20
0.6456417322834646
11
0.9416979527559055
21
0.6457584251968503
0
LINE
8
BLACK
6
CONTINUOUS
10
0.9416979527559055
20
0.6457584251968503
11
0.9398217716535433
21
0.6466965354330708
0
LINE
8
BLACK
6
CONTINUOUS
10
0.9398217716535433
20
0.6466965354330708
11
0.9395899212598425
21
0.6469638188976378
0
LINE
8
BLACK
6
CONTINUOUS
10
0.9395899212598425
20
0.6469638188976378
11
0.9392630314960629
21
0.6470992519685039
0
LINE
8
BLACK
6
CONTINUOUS
10
0.9392630314960629
20
0.6470992519685039
11
0.939180905511811
21
0.6471813779527559
0
LINE
8
BLACK
6
CONTINUOUS
10
0.939180905511811
20
0.6471813779527559
11
0.939180905511811
21
0.63576
0
LINE
8
BLACK
6
CONTINUOUS
10
0.939180905511811
20
0.63576
11
0.9426594881889764
21
0.63576
0
LINE
8
BLACK
6
CONTINUOUS
10
0.9426594881889764
20
0.63576
11
0.9441797637795275
21
0.6351302755905511
0
LINE
8
BLACK
6
CONTINUOUS
10
0.9441797637795275
20
0.6351302755905511
11
0.9448094881889764
21
0.63361
0
LINE
8
BLACK
6
CONTINUOUS
10
0.9448094881889764
20
0.63361
11
0.9441797637795275
21
0.6320897244094488
0
LINE
8
BLACK
6
CONTINUOUS
10
0.9441797637795275
20
0.6320897244094488
11
0.9426594881889764
21
0.63146
0
LINE
8
BLACK
6
CONTINUOUS
10
0.9426594881889764
20
0.63146
11
0.937030905511811
21
0.63146
0
LINE
8
BLACK
6
CONTINUOUS
10
0.937030905511811
20
0.63146
11
0.9314023622047244
21
0.63146
0
LINE
8
BLACK
6
CONTINUOUS
10
0.9314023622047244
20
0.63146
11
0.9298820866141732
21
0.6320897244094488
0
LINE
8
BLACK
6
CONTINUOUS
10
0.9298820866141732
20
0.6320897244094488
11
0.9292523622047244
21
0.63361
0
LINE
8
BLACK
6
CONTINUOUS
10
0.9292523622047244
20
0.63361
11
0.9298820866141732
21
0.6351302755905511
0
LINE
8
BLACK
6
CONTINUOUS
10
0.9298820866141732
20
0.6351302755905511
11
0.9314023622047244
21
0.63576
0
LINE
8
BLACK
6
CONTINUOUS
10
0.9314023622047244
20
0.63576
11
0.934880905511811
21
0.63576
0
LINE
8
BLACK
6
CONTINUOUS
10
0.934880905511811
20
0.63576
11
0.934880905511811
21
0.6533099999999999
0
LINE
8
BLACK
6
CONTINUOUS
10
0.934880905511811
20
0.6533099999999999
11
0.9349655905511811
21
0.6535145275590551
0
LINE
8
BLACK
6
CONTINUOUS
10
0.9349655905511811
20
0.6535145275590551
11
0.9349226771653543
21
0.6537316535433071
0
LINE
8
BLACK
6
CONTINUOUS
10
0.9349226771653543
20
0.6537316535433071
11
0.9352709842519685
21
0.6542517716535433
0
LINE
8
BLACK
6
CONTINUOUS
10
0.9352709842519685
20
0.6542517716535433
11
0.9355106299212598
21
0.6548302755905512
0
LINE
8
BLACK
6
CONTINUOUS
10
0.9355106299212598
20
0.6548302755905512
11
0.9357151181102362
21
0.6549149606299213
0
LINE
8
BLACK
6
CONTINUOUS
10
0.9357151181102362
20
0.6549149606299213
11
0.9358383070866142
21
0.6550988976377953
0
LINE
8
BLACK
6
CONTINUOUS
10
0.9358383070866142
20
0.6550988976377953
11
0.9364524015748031
21
0.6552203543307087
0
LINE
8
BLACK
6
CONTINUOUS
10
0.9364524015748031
20
0.6552203543307087
11
0.937030905511811
21
0.6554599999999999
0
LINE
8
BLACK
6
CONTINUOUS
10
0.937030905511811
20
0.6554599999999999
11
0.9372354330708661
21
0.6553752755905512
0
LINE
8
BLACK
6
CONTINUOUS
10
0.9629416535433071
20
0.6548302755905512
11
0.9635713779527559
21
0.6533099999999999
0
LINE
8
BLACK
6
CONTINUOUS
10
0.9635713779527559
20
0.6533099999999999
11
0.9635713779527559
21
0.63361
0
LINE
8
BLACK
6
CONTINUOUS
10
0.9635713779527559
20
0.63361
11
0.9629416535433071
21
0.6320897244094488
0
LINE
8
BLACK
6
CONTINUOUS
10
0.9629416535433071
20
0.6320897244094488
11
0.9614213779527558
21
0.63146
0
LINE
8
BLACK
6
CONTINUOUS
10
0.9614213779527558
20
0.63146
11
0.9599011023622047
21
0.6320897244094488
0
LINE
8
BLACK
6
CONTINUOUS
10
0.9599011023622047
20
0.6320897244094488
11
0.9592713779527559
21
0.63361
0
LINE
8
BLACK
6
CONTINUOUS
10
0.9592713779527559
20
0.63361
11
0.9592713779527559
21
0.6408409448818897
0
LINE
8
BLACK
6
CONTINUOUS
10
0.9592713779527559
20
0.6408409448818897
11
0.9578503149606299
21
0.6408409448818897
0
LINE
8
BLACK
6
CONTINUOUS
10
0.9578503149606299
20
0.6408409448818897
11
0.9519255905511811
21
0.6323770472440945
0
LINE
8
BLACK
6
CONTINUOUS
10
0.9519255905511811
20
0.6323770472440945
11
0.950537874015748
21
0.631492716535433
0
LINE
8
BLACK
6
CONTINUOUS
10
0.950537874015748
20
0.631492716535433
11
0.9489312992125984
21
0.6318486614173228
0
LINE
8
BLACK
6
CONTINUOUS
10
0.9489312992125984
20
0.6318486614173228
11
0.948046968503937
21
0.6332363779527559
0
LINE
8
BLACK
6
CONTINUOUS
10
0.948046968503937
20
0.6332363779527559
11
0.9484029133858267
21
0.6348429527559055
0
LINE
8
BLACK
6
CONTINUOUS
10
0.9484029133858267
20
0.6348429527559055
11
0.9528108661417323
21
0.6411400393700787
0
LINE
8
BLACK
6
CONTINUOUS
10
0.9528108661417323
20
0.6411400393700787
11
0.9510788976377953
21
0.6420060629921259
0
LINE
8
BLACK
6
CONTINUOUS
10
0.9510788976377953
20
0.6420060629921259
11
0.9508470472440944
21
0.6422733464566929
0
LINE
8
BLACK
6
CONTINUOUS
10
0.9508470472440944
20
0.6422733464566929
11
0.9505201574803149
21
0.642408779527559
0
LINE
8
BLACK
6
CONTINUOUS
10
0.9505201574803149
20
0.642408779527559
11
0.9495820866141732
21
0.6433468503937008
0
LINE
8
BLACK
6
CONTINUOUS
10
0.9495820866141732
20
0.6433468503937008
11
0.949446653543307
21
0.6436737401574802
0
LINE
8
BLACK
6
CONTINUOUS
10
0.949446653543307
20
0.6436737401574802
11
0.9491793307086615
21
0.6439056299212599
0
LINE
8
BLACK
6
CONTINUOUS
10
0.9491793307086615
20
0.6439056299212599
11
0.948241220472441
21
0.6457818503937007
0
LINE
8
BLACK
6
CONTINUOUS
10
0.948241220472441
20
0.6457818503937007
11
0.948205748031496
21
0.6462809842519684
0
LINE
8
BLACK
6
CONTINUOUS
10
0.948205748031496
20
0.6462809842519684
11
0.9480142519685039
21
0.6467433464566928
0
LINE
8
BLACK
6
CONTINUOUS
10
0.9480142519685039
20
0.6467433464566928
11
0.9480142519685039
21
0.6495575984251968
0
LINE
8
BLACK
6
CONTINUOUS
10
0.9480142519685039
20
0.6495575984251968
11
0.948205748031496
21
0.6500199212598425
0
LINE
8
BLACK
6
CONTINUOUS
10
0.948205748031496
20
0.6500199212598425
11
0.948241220472441
21
0.650519094488189
0
LINE
8
BLACK
6
CONTINUOUS
10
0.948241220472441
20
0.650519094488189
11
0.9491793307086615
21
0.6523953149606299
0
LINE
8
BLACK
6
CONTINUOUS
10
0.9491793307086615
20
0.6523953149606299
11
0.949446653543307
21
0.6526271653543307
0
LINE
8
BLACK
6
CONTINUOUS
10
0.949446653543307
20
0.6526271653543307
11
0.9495820866141732
21
0.652954094488189
0
LINE
8
BLACK
6
CONTINUOUS
10
0.9495820866141732
20
0.652954094488189
11
0.9505201574803149
21
0.6538921653543307
0
LINE
8
BLACK
6
CONTINUOUS
10
0.9505201574803149
20
0.6538921653543307
11
0.9508470472440944
21
0.6540275590551181
0
LINE
8
BLACK
6
CONTINUOUS
10
0.9508470472440944
20
0.6540275590551181
11
0.9510788976377953
21
0.6542948818897638
0
LINE
8
BLACK
6
CONTINUOUS
10
0.9510788976377953
20
0.6542948818897638
11
0.9529550787401575
21
0.6552329921259842
0
LINE
8
BLACK
6
CONTINUOUS
10
0.9529550787401575
20
0.6552329921259842
11
0.9534542125984252
21
0.6552684645669291
0
LINE
8
BLACK
6
CONTINUOUS
10
0.9534542125984252
20
0.6552684645669291
11
0.9539166141732284
21
0.6554599999999999
0
LINE
8
BLACK
6
CONTINUOUS
10
0.9539166141732284
20
0.6554599999999999
11
0.9614213779527558
21
0.6554599999999999
0
LINE
8
BLACK
6
CONTINUOUS
10
0.9614213779527558
20
0.6554599999999999
11
0.9629416535433071
21
0.6548302755905512
0
LINE
8
BLACK
6
CONTINUOUS
10
0.9533139763779528
20
0.6506048818897637
11
0.9528693700787402
21
0.6501602755905511
0
LINE
8
BLACK
6
CONTINUOUS
10
0.9528693700787402
20
0.6501602755905511
11
0.9523142519685039
21
0.6490500393700788
0
LINE
8
BLACK
6
CONTINUOUS
10
0.9523142519685039
20
0.6490500393700788
11
0.9523142519685039
21
0.647250905511811
0
LINE
8
BLACK
6
CONTINUOUS
10
0.9523142519685039
20
0.647250905511811
11
0.9528693700787402
21
0.6461406692913386
0
LINE
8
BLACK
6
CONTINUOUS
10
0.9528693700787402
20
0.6461406692913386
11
0.9533139763779528
21
0.6456960236220473
0
LINE
8
BLACK
6
CONTINUOUS
10
0.9533139763779528
20
0.6456960236220473
11
0.9544242125984251
21
0.6451409448818898
0
LINE
8
BLACK
6
CONTINUOUS
10
0.9544242125984251
20
0.6451409448818898
11
0.9592713779527559
21
0.6451409448818898
0
LINE
8
BLACK
6
CONTINUOUS
10
0.9592713779527559
20
0.6451409448818898
11
0.9592713779527559
21
0.65116
0
LINE
8
BLACK
6
CONTINUOUS
10
0.9592713779527559
20
0.65116
11
0.9544242125984251
21
0.65116
0
LINE
8
BLACK
6
CONTINUOUS
10
0.9544242125984251
20
0.65116
11
0.9533139763779528
21
0.6506048818897637
0
LINE
8
BLACK
6
CONTINUOUS
10
0.4478835039370079
20
0.7128851181102362
11
0.4480127559055118
21
0.7129079133858267
0
LINE
8
BLACK
6
CONTINUOUS
10
0.4480127559055118
20
0.7129079133858267
11
0.4481263385826771
21
0.7128422834645669
0
LINE
8
BLACK
6
CONTINUOUS
10
0.4481263385826771
20
0.7128422834645669
11
0.4485099212598425
21
0.71277468503937
0
LINE
8
BLACK
6
CONTINUOUS
10
0.4485099212598425
20
0.71277468503937
11
0.4490975984251969
21
0.7122815354330708
0
LINE
8
BLACK
6
CONTINUOUS
10
0.4490975984251969
20
0.7122815354330708
11
0.4497619291338583
21
0.7118979921259843
0
LINE
8
BLACK
6
CONTINUOUS
10
0.4497619291338583
20
0.7118979921259843
11
0.449853031496063
21
0.7116476377952756
0
LINE
8
BLACK
6
CONTINUOUS
10
0.449853031496063
20
0.7116476377952756
11
0.4500571653543307
21
0.7114763779527559
0
LINE
8
BLACK
6
CONTINUOUS
10
0.4500571653543307
20
0.7114763779527559
11
0.4501903937007874
21
0.7107207874015747
0
LINE
8
BLACK
6
CONTINUOUS
10
0.4501903937007874
20
0.7107207874015747
11
0.4504527559055118
21
0.71
0
LINE
8
BLACK
6
CONTINUOUS
10
0.4504527559055118
20
0.71
11
0.4504527559055118
21
0.6576196456692913
0
LINE
8
BLACK
6
CONTINUOUS
10
0.4504527559055118
20
0.6576196456692913
11
0.4507303543307086
21
0.6577533464566929
0
LINE
8
BLACK
6
CONTINUOUS
10
0.4507303543307086
20
0.6577533464566929
11
0.4542696456692913
21
0.6577533464566929
0
LINE
8
BLACK
6
CONTINUOUS
10
0.4542696456692913
20
0.6577533464566929
11
0.4574584645669291
21
0.656217716535433
0
LINE
8
BLACK
6
CONTINUOUS
10
0.4574584645669291
20
0.656217716535433
11
0.4596651968503937
21
0.653450590551181
0
LINE
8
BLACK
6
CONTINUOUS
10
0.4596651968503937
20
0.653450590551181
11
0.4604527559055118
21
0.65
0
LINE
8
BLACK
6
CONTINUOUS
10
0.4604527559055118
20
0.65
11
0.4596651968503937
21
0.6465494094488189
0
LINE
8
BLACK
6
CONTINUOUS
10
0.4596651968503937
20
0.6465494094488189
11
0.4574584645669291
21
0.6437822834645669
0
LINE
8
BLACK
6
CONTINUOUS
10
0.4574584645669291
20
0.6437822834645669
11
0.4542696456692913
21
0.6422466535433071
0
LINE
8
BLACK
6
CONTINUOUS
10
0.4542696456692913
20
0.6422466535433071
11
0.4507303543307086
21
0.6422466535433071
0
LINE
8
BLACK
6
CONTINUOUS
10
0.4507303543307086
20
0.6422466535433071
11
0.4475415354330708
21
0.6437822834645669
0
LINE
8
BLACK
6
CONTINUOUS
10
0.4475415354330708
20
0.6437822834645669
11
0.4453348031496063
21
0.6465494094488189
0
LINE
8
BLACK
6
CONTINUOUS
10
0.4453348031496063
20
0.6465494094488189
11
0.4452211811023622
21
0.6470472440944882
0
LINE
8
BLACK
6
CONTINUOUS
10
0.4452211811023622
20
0.6470472440944882
11
0.4075
21
0.6470472440944882
0
LINE
8
BLACK
6
CONTINUOUS
10
0.4075
20
0.6470472440944882
11
0.4064900787401575
21
0.64722531496063
0
LINE
8
BLACK
6
CONTINUOUS
10
0.4064900787401575
20
0.64722531496063
11
0.4049428346456693
21
0.6485236220472441
0
LINE
8
BLACK
6
CONTINUOUS
10
0.4049428346456693
20
0.6485236220472441
11
0.4045920866141732
21
0.6505127559055118
0
LINE
8
BLACK
6
CONTINUOUS
10
0.4045920866141732
20
0.6505127559055118
11
0.4056020078740157
21
0.6522619291338583
0
LINE
8
BLACK
6
CONTINUOUS
10
0.4056020078740157
20
0.6522619291338583
11
0.4075
21
0.6529527559055118
0
LINE
8
BLACK
6
CONTINUOUS
10
0.4075
20
0.6529527559055118
11
0.4445472440944882
21
0.6529527559055118
0
LINE
8
BLACK
6
CONTINUOUS
10
0.4445472440944882
20
0.6529527559055118
11
0.4445472440944882
21
0.7070472440944882
0
LINE
8
BLACK
6
CONTINUOUS
10
0.4445472440944882
20
0.7070472440944882
11
0.4075
21
0.7070472440944882
0
LINE
8
BLACK
6
CONTINUOUS
10
0.4075
20
0.7070472440944882
11
0.4064900787401575
21
0.7072253149606299
0
LINE
8
BLACK
6
CONTINUOUS
10
0.4064900787401575
20
0.7072253149606299
11
0.4049428346456693
21
0.7085236220472441
0
LINE
8
BLACK
6
CONTINUOUS
10
0.4049428346456693
20
0.7085236220472441
11
0.4045920866141732
21
0.7105127559055118
0
LINE
8
BLACK
6
CONTINUOUS
10
0.4045920866141732
20
0.7105127559055118
11
0.4056020078740157
21
0.7122619291338582
0
LINE
8
BLACK
6
CONTINUOUS
10
0.4056020078740157
20
0.7122619291338582
11
0.4075
21
0.7129527559055118
0
LINE
8
BLACK
6
CONTINUOUS
10
0.4075
20
0.7129527559055118
11
0.4475
21
0.7129527559055118
0
LINE
8
BLACK
6
CONTINUOUS
10
0.4475
20
0.7129527559055118
11
0.4478835039370079
21
0.7128851181102362
0
LINE
8
BLACK
6
CONTINUOUS
10
0.4509331102362205
20
0.6515668897637795
11
0.4504527559055118
21
0.6504071653543307
0
LINE
8
BLACK
6
CONTINUOUS
10
0.4504527559055118
20
0.6504071653543307
11
0.4504527559055118
21
0.65
0
LINE
8
BLACK
6
CONTINUOUS
10
0.4504527559055118
20
0.65
11
0.4504023622047244
21
0.6497143700787401
0
LINE
8
BLACK
6
CONTINUOUS
10
0.4504023622047244
20
0.6497143700787401
11
0.4509331102362205
21
0.6484331102362204
0
LINE
8
BLACK
6
CONTINUOUS
10
0.4509331102362205
20
0.6484331102362204
11
0.4525
21
0.647784094488189
0
LINE
8
BLACK
6
CONTINUOUS
10
0.4525
20
0.647784094488189
11
0.4540668897637795
21
0.6484331102362204
0
LINE
8
BLACK
6
CONTINUOUS
10
0.4540668897637795
20
0.6484331102362204
11
0.454715905511811
21
0.65
0
LINE
8
BLACK
6
CONTINUOUS
10
0.454715905511811
20
0.65
11
0.4540668897637795
21
0.6515668897637795
0
LINE
8
BLACK
6
CONTINUOUS
10
0.4540668897637795
20
0.6515668897637795
11
0.4525
21
0.652215905511811
0
LINE
8
BLACK
6
CONTINUOUS
10
0.4525
20
0.652215905511811
11
0.4509331102362205
21
0.6515668897637795
0
LINE
8
BLACK
6
CONTINUOUS
10
0.3685099212598425
20
0.71277468503937
11
0.3700571653543307
21
0.7114763779527559
0
LINE
8
BLACK
6
CONTINUOUS
10
0.3700571653543307
20
0.7114763779527559
11
0.3704079133858267
21
0.7094872440944882
0
LINE
8
BLACK
6
CONTINUOUS
10
0.3704079133858267
20
0.7094872440944882
11
0.3693979921259842
21
0.7077380708661417
0
LINE
8
BLACK
6
CONTINUOUS
10
0.3693979921259842
20
0.7077380708661417
11
0.3675
21
0.7070472440944882
0
LINE
8
BLACK
6
CONTINUOUS
10
0.3675
20
0.7070472440944882
11
0.3304527559055118
21
0.7070472440944882
0
LINE
8
BLACK
6
CONTINUOUS
10
0.3304527559055118
20
0.7070472440944882
11
0.3304527559055118
21
0.6529527559055118
0
LINE
8
BLACK
6
CONTINUOUS
10
0.3304527559055118
20
0.6529527559055118
11
0.3675
21
0.6529527559055118
0
LINE
8
BLACK
6
CONTINUOUS
10
0.3675
20
0.6529527559055118
11
0.3685099212598425
21
0.6527746850393701
0
LINE
8
BLACK
6
CONTINUOUS
10
0.3685099212598425
20
0.6527746850393701
11
0.3700571653543307
21
0.6514763779527559
0
LINE
8
BLACK
6
CONTINUOUS
10
0.3700571653543307
20
0.6514763779527559
11
0.3704079133858267
21
0.6494872440944882
0
LINE
8
BLACK
6
CONTINUOUS
10
0.3704079133858267
20
0.6494872440944882
11
0.3693979921259842
21
0.6477380708661418
0
LINE
8
BLACK
6
CONTINUOUS
10
0.3693979921259842
20
0.6477380708661418
11
0.3675
21
0.6470472440944882
0
LINE
8
BLACK
6
CONTINUOUS
10
0.3675
20
0.6470472440944882
11
0.3275
21
0.6470472440944882
0
LINE
8
BLACK
6
CONTINUOUS
10
0.3275
20
0.6470472440944882
11
0.3271164566929134
21
0.647114842519685
0
LINE
8
BLACK
6
CONTINUOUS
10
0.3271164566929134
20
0.647114842519685
11
0.3269872440944882
21
0.6470920866141732
0
LINE
8
BLACK
6
CONTINUOUS
10
0.3269872440944882
20
0.6470920866141732
11
0.3268736220472441
21
0.6471576771653543
0
LINE
8
BLACK
6
CONTINUOUS
10
0.3268736220472441
20
0.6471576771653543
11
0.3264900787401575
21
0.64722531496063
0
LINE
8
BLACK
6
CONTINUOUS
10
0.3264900787401575
20
0.64722531496063
11
0.3259023622047244
21
0.6477184251968504
0
LINE
8
BLACK
6
CONTINUOUS
10
0.3259023622047244
20
0.6477184251968504
11
0.3252380708661417
21
0.6481020078740157
0
LINE
8
BLACK
6
CONTINUOUS
10
0.3252380708661417
20
0.6481020078740157
11
0.3251469291338583
21
0.6483523228346456
0
LINE
8
BLACK
6
CONTINUOUS
10
0.3251469291338583
20
0.6483523228346456
11
0.3249428346456693
21
0.6485236220472441
0
LINE
8
BLACK
6
CONTINUOUS
10
0.3249428346456693
20
0.6485236220472441
11
0.3248095669291339
21
0.6492791732283465
0
LINE
8
BLACK
6
CONTINUOUS
10
0.3248095669291339
20
0.6492791732283465
11
0.3245472440944882
21
0.65
0
LINE
8
BLACK
6
CONTINUOUS
10
0.3245472440944882
20
0.65
11
0.3245472440944882
21
0.71
0
LINE
8
BLACK
6
CONTINUOUS
10
0.3245472440944882
20
0.71
11
0.324614842519685
21
0.7103835039370079
0
LINE
8
BLACK
6
CONTINUOUS
10
0.324614842519685
20
0.7103835039370079
11
0.3245920866141732
21
0.7105127559055118
0
LINE
8
BLACK
6
CONTINUOUS
10
0.3245920866141732
20
0.7105127559055118
11
0.3246576771653543
21
0.7106263385826771
0
LINE
8
BLACK
6
CONTINUOUS
10
0.3246576771653543
20
0.7106263385826771
11
0.3247253149606299
21
0.7110099212598425
0
LINE
8
BLACK
6
CONTINUOUS
10
0.3247253149606299
20
0.7110099212598425
11
0.3252184251968504
21
0.7115975984251969
0
LINE
8
BLACK
6
CONTINUOUS
10
0.3252184251968504
20
0.7115975984251969
11
0.3256020078740157
21
0.7122619291338582
0
LINE
8
BLACK
6
CONTINUOUS
10
0.3256020078740157
20
0.7122619291338582
11
0.3258523228346457
21
0.712353031496063
0
LINE
8
BLACK
6
CONTINUOUS
10
0.3258523228346457
20
0.712353031496063
11
0.3260236220472441
21
0.7125571653543307
0
LINE
8
BLACK
6
CONTINUOUS
10
0.3260236220472441
20
0.7125571653543307
11
0.3267791732283464
21
0.7126903937007874
0
LINE
8
BLACK
6
CONTINUOUS
10
0.3267791732283464
20
0.7126903937007874
11
0.3275
21
0.7129527559055118
0
LINE
8
BLACK
6
CONTINUOUS
10
0.3275
20
0.7129527559055118
11
0.3675
21
0.7129527559055118
0
LINE
8
BLACK
6
CONTINUOUS
10
0.3675
20
0.7129527559055118
11
0.3685099212598425
21
0.71277468503937
0
LINE
8
BLACK
6
CONTINUOUS
10
0.7797099212598425
20
0.6596746850393701
11
0.7812571653543307
21
0.6583763779527559
0
LINE
8
BLACK
6
CONTINUOUS
10
0.7812571653543307
20
0.6583763779527559
11
0.7816079133858268
21
0.6563872440944881
0
LINE
8
BLACK
6
CONTINUOUS
10
0.7816079133858268
20
0.6563872440944881
11
0.7805979921259842
21
0.6546380708661417
0
LINE
8
BLACK
6
CONTINUOUS
10
0.7805979921259842
20
0.6546380708661417
11
0.7786999999999999
21
0.6539472440944881
0
LINE
8
BLACK
6
CONTINUOUS
10
0.7786999999999999
20
0.6539472440944881
11
0.5425
21
0.6539472440944881
0
LINE
8
BLACK
6
CONTINUOUS
10
0.5425
20
0.6539472440944881
11
0.5414900787401574
21
0.6541253149606299
0
LINE
8
BLACK
6
CONTINUOUS
10
0.5414900787401574
20
0.6541253149606299
11
0.5399428346456693
21
0.655423622047244
0
LINE
8
BLACK
6
CONTINUOUS
10
0.5399428346456693
20
0.655423622047244
11
0.5395920866141732
21
0.6574127559055118
0
LINE
8
BLACK
6
CONTINUOUS
10
0.5395920866141732
20
0.6574127559055118
11
0.5406020078740157
21
0.6591619291338583
0
LINE
8
BLACK
6
CONTINUOUS
10
0.5406020078740157
20
0.6591619291338583
11
0.5425
21
0.6598527559055118
0
LINE
8
BLACK
6
CONTINUOUS
10
0.5425
20
0.6598527559055118
11
0.7786999999999999
21
0.6598527559055118
0
LINE
8
BLACK
6
CONTINUOUS
10
0.7786999999999999
20
0.6598527559055118
11
0.7797099212598425
21
0.6596746850393701
0
LINE
8
BLACK
6
CONTINUOUS
10
0.3873035826771654
20
0.6773302755905511
11
0.3879333070866142
21
0.67581
0
LINE
8
BLACK
6
CONTINUOUS
10
0.3879333070866142
20
0.67581
11
0.3879333070866142
21
0.65611
0
LINE
8
BLACK
6
CONTINUOUS
10
0.3879333070866142
20
0.65611
11
0.3873035826771654
21
0.6545897244094488
0
LINE
8
BLACK
6
CONTINUOUS
10
0.3873035826771654
20
0.6545897244094488
11
0.3857833070866142
21
0.65396
0
LINE
8
BLACK
6
CONTINUOUS
10
0.3857833070866142
20
0.65396
11
0.384263031496063
21
0.6545897244094488
0
LINE
8
BLACK
6
CONTINUOUS
10
0.384263031496063
20
0.6545897244094488
11
0.3836333070866141
21
0.65611
0
LINE
8
BLACK
6
CONTINUOUS
10
0.3836333070866141
20
0.65611
11
0.3836333070866141
21
0.6596663385826772
0
LINE
8
BLACK
6
CONTINUOUS
10
0.3836333070866141
20
0.6596663385826772
11
0.3799985433070866
21
0.65482
0
LINE
8
BLACK
6
CONTINUOUS
10
0.3799985433070866
20
0.65482
11
0.3785825984251968
21
0.6539816141732283
0
LINE
8
BLACK
6
CONTINUOUS
10
0.3785825984251968
20
0.6539816141732283
11
0.3769885433070866
21
0.65439
0
LINE
8
BLACK
6
CONTINUOUS
10
0.3769885433070866
20
0.65439
11
0.3761501574803149
21
0.6558059448818897
0
LINE
8
BLACK
6
CONTINUOUS
10
0.3761501574803149
20
0.6558059448818897
11
0.3765585433070866
21
0.6574
0
LINE
8
BLACK
6
CONTINUOUS
10
0.3765585433070866
20
0.6574
11
0.3810683070866142
21
0.6634129921259843
0
LINE
8
BLACK
6
CONTINUOUS
10
0.3810683070866142
20
0.6634129921259843
11
0.3767582677165354
21
0.6677230708661417
0
LINE
8
BLACK
6
CONTINUOUS
10
0.3767582677165354
20
0.6677230708661417
11
0.3761285433070866
21
0.6692433464566929
0
LINE
8
BLACK
6
CONTINUOUS
10
0.3761285433070866
20
0.6692433464566929
11
0.3767582677165354
21
0.670763622047244
0
LINE
8
BLACK
6
CONTINUOUS
10
0.3767582677165354
20
0.670763622047244
11
0.3782785433070866
21
0.6713933464566929
0
LINE
8
BLACK
6
CONTINUOUS
10
0.3782785433070866
20
0.6713933464566929
11
0.3797988188976378
21
0.670763622047244
0
LINE
8
BLACK
6
CONTINUOUS
10
0.3797988188976378
20
0.670763622047244
11
0.3836333070866141
21
0.6669291338582677
0
LINE
8
BLACK
6
CONTINUOUS
10
0.3836333070866141
20
0.6669291338582677
11
0.3836333070866141
21
0.67581
0
LINE
8
BLACK
6
CONTINUOUS
10
0.3836333070866141
20
0.67581
11
0.384263031496063
21
0.6773302755905511
0
LINE
8
BLACK
6
CONTINUOUS
10
0.384263031496063
20
0.6773302755905511
11
0.3857833070866142
21
0.67796
0
LINE
8
BLACK
6
CONTINUOUS
10
0.3857833070866142
20
0.67796
11
0.3873035826771654
21
0.6773302755905511
0
LINE
8
BLACK
6
CONTINUOUS
10
0.4017543307086614
20
0.6786711417322835
11
0.4028325196850394
21
0.6774279921259843
0
LINE
8
BLACK
6
CONTINUOUS
10
0.4028325196850394
20
0.6774279921259843
11
0.4075229527559055
21
0.6633565748031496
0
LINE
8
BLACK
6
CONTINUOUS
10
0.4075229527559055
20
0.6633565748031496
11
0.4074978346456693
21
0.6630036220472441
0
LINE
8
BLACK
6
CONTINUOUS
10
0.4074978346456693
20
0.6630036220472441
11
0.4076333070866142
21
0.6626766535433071
0
LINE
8
BLACK
6
CONTINUOUS
10
0.4076333070866142
20
0.6626766535433071
11
0.4074417322834645
21
0.6622142125984252
0
LINE
8
BLACK
6
CONTINUOUS
10
0.4074417322834645
20
0.6622142125984252
11
0.4074062992125984
21
0.661715157480315
0
LINE
8
BLACK
6
CONTINUOUS
10
0.4074062992125984
20
0.661715157480315
11
0.4071390157480315
21
0.6614833070866142
0
LINE
8
BLACK
6
CONTINUOUS
10
0.4071390157480315
20
0.6614833070866142
11
0.4070035826771654
21
0.6611563779527558
0
LINE
8
BLACK
6
CONTINUOUS
10
0.4070035826771654
20
0.6611563779527558
11
0.4065411811023622
21
0.660964842519685
0
LINE
8
BLACK
6
CONTINUOUS
10
0.4065411811023622
20
0.660964842519685
11
0.4061631889763779
21
0.6606370078740157
0
LINE
8
BLACK
6
CONTINUOUS
10
0.4061631889763779
20
0.6606370078740157
11
0.4058102755905512
21
0.6606620866141732
0
LINE
8
BLACK
6
CONTINUOUS
10
0.4058102755905512
20
0.6606620866141732
11
0.4054833070866142
21
0.6605266535433071
0
LINE
8
BLACK
6
CONTINUOUS
10
0.4054833070866142
20
0.6605266535433071
11
0.3982523622047244
21
0.6605266535433071
0
LINE
8
BLACK
6
CONTINUOUS
10
0.3982523622047244
20
0.6605266535433071
11
0.3982523622047244
21
0.65611
0
LINE
8
BLACK
6
CONTINUOUS
10
0.3982523622047244
20
0.65611
11
0.3976226377952756
21
0.6545897244094488
0
LINE
8
BLACK
6
CONTINUOUS
10
0.3976226377952756
20
0.6545897244094488
11
0.3961023622047244
21
0.65396
0
LINE
8
BLACK
6
CONTINUOUS
10
0.3961023622047244
20
0.65396
11
0.3945820866141732
21
0.6545897244094488
0
LINE
8
BLACK
6
CONTINUOUS
10
0.3945820866141732
20
0.6545897244094488
11
0.3939523622047244
21
0.65611
0
LINE
8
BLACK
6
CONTINUOUS
10
0.3939523622047244
20
0.65611
11
0.3939523622047244
21
0.6605266535433071
0
LINE
8
BLACK
6
CONTINUOUS
10
0.3939523622047244
20
0.6605266535433071
11
0.3932880708661417
21
0.6605266535433071
0
LINE
8
BLACK
6
CONTINUOUS
10
0.3932880708661417
20
0.6605266535433071
11
0.3917677952755905
21
0.6611563779527558
0
LINE
8
BLACK
6
CONTINUOUS
10
0.3917677952755905
20
0.6611563779527558
11
0.3911380708661417
21
0.6626766535433071
0
LINE
8
BLACK
6
CONTINUOUS
10
0.3911380708661417
20
0.6626766535433071
11
0.3917677952755905
21
0.6641969291338583
0
LINE
8
BLACK
6
CONTINUOUS
10
0.3917677952755905
20
0.6641969291338583
11
0.3932880708661417
21
0.6648266535433071
0
LINE
8
BLACK
6
CONTINUOUS
10
0.3932880708661417
20
0.6648266535433071
11
0.3939523622047244
21
0.6648266535433071
0
LINE
8
BLACK
6
CONTINUOUS
10
0.3939523622047244
20
0.6648266535433071
11
0.3939523622047244
21
0.6692433464566929
0
LINE
8
BLACK
6
CONTINUOUS
10
0.3939523622047244
20
0.6692433464566929
11
0.3945820866141732
21
0.670763622047244
0
LINE
8
BLACK
6
CONTINUOUS
10
0.3945820866141732
20
0.670763622047244
11
0.3961023622047244
21
0.6713933464566929
0
LINE
8
BLACK
6
CONTINUOUS
10
0.3961023622047244
20
0.6713933464566929
11
0.3976226377952756
21
0.670763622047244
0
LINE
8
BLACK
6
CONTINUOUS
10
0.3976226377952756
20
0.670763622047244
11
0.3982523622047244
21
0.6692433464566929
0
LINE
8
BLACK
6
CONTINUOUS
10
0.3982523622047244
20
0.6692433464566929
11
0.3982523622047244
21
0.6648266535433071
0
LINE
8
BLACK
6
CONTINUOUS
10
0.3982523622047244
20
0.6648266535433071
11
0.4025003149606299
21
0.6648266535433071
0
LINE
8
BLACK
6
CONTINUOUS
10
0.4025003149606299
20
0.6648266535433071
11
0.3987531496062992
21
0.6760682283464566
0
LINE
8
BLACK
6
CONTINUOUS
10
0.3987531496062992
20
0.6760682283464566
11
0.3988698031496063
21
0.6777096062992126
0
LINE
8
BLACK
6
CONTINUOUS
10
0.3988698031496063
20
0.6777096062992126
11
0.4001129527559055
21
0.6787877952755905
0
LINE
8
BLACK
6
CONTINUOUS
10
0.4001129527559055
20
0.6787877952755905
11
0.4017543307086614
21
0.6786711417322835
0
LINE
8
BLACK
6
CONTINUOUS
10
1.2001331102362205
20
0.6994818110236221
11
1.2023292519685038
21
0.6972856692913386
0
LINE
8
BLACK
6
CONTINUOUS
10
1.2023292519685038
20
0.6972856692913386
11
1.2031331102362204
21
0.6942856692913386
0
LINE
8
BLACK
6
CONTINUOUS
10
1.2031331102362204
20
0.6942856692913386
11
1.2031331102362204
21
0.6799999606299213
0
LINE
8
BLACK
6
CONTINUOUS
10
1.2031331102362204
20
0.6799999606299213
11
1.2028831102362205
21
0.679066968503937
0
LINE
8
BLACK
6
CONTINUOUS
10
1.2028831102362205
20
0.679066968503937
11
1.2028252362204723
21
0.6781025984251968
0
LINE
8
BLACK
6
CONTINUOUS
10
1.2028252362204723
20
0.6781025984251968
11
1.1999680708661418
21
0.6695311811023622
0
LINE
8
BLACK
6
CONTINUOUS
10
1.1999680708661418
20
0.6695311811023622
11
1.1992081889763779
21
0.6683802755905511
0
LINE
8
BLACK
6
CONTINUOUS
10
1.1992081889763779
20
0.6683802755905511
11
1.1985186220472441
21
0.667185905511811
0
LINE
8
BLACK
6
CONTINUOUS
10
1.1985186220472441
20
0.667185905511811
11
1.1928043307086613
21
0.6614716141732283
0
LINE
8
BLACK
6
CONTINUOUS
10
1.1928043307086613
20
0.6614716141732283
11
1.1919677559055117
21
0.6609886220472441
0
LINE
8
BLACK
6
CONTINUOUS
10
1.1919677559055117
20
0.6609886220472441
11
1.1912449606299211
21
0.6603476771653544
0
LINE
8
BLACK
6
CONTINUOUS
10
1.1912449606299211
20
0.6603476771653544
11
1.1855306692913385
21
0.6574905511811023
0
LINE
8
BLACK
6
CONTINUOUS
10
1.1855306692913385
20
0.6574905511811023
11
1.1848817716535434
21
0.6573577559055118
0
LINE
8
BLACK
6
CONTINUOUS
10
1.1848817716535434
20
0.6573577559055118
11
1.1843026377952757
21
0.6570362598425197
0
LINE
8
BLACK
6
CONTINUOUS
10
1.1843026377952757
20
0.6570362598425197
11
1.1728740551181103
21
0.654179094488189
0
LINE
8
BLACK
6
CONTINUOUS
10
1.1728740551181103
20
0.654179094488189
11
1.1721338188976378
21
0.6541915354330708
0
LINE
8
BLACK
6
CONTINUOUS
10
1.1721338188976378
20
0.6541915354330708
11
1.1714188188976378
21
0.6539999606299213
0
LINE
8
BLACK
6
CONTINUOUS
10
1.1714188188976378
20
0.6539999606299213
11
1.1628474015748032
21
0.6539999606299213
0
LINE
8
BLACK
6
CONTINUOUS
10
1.1628474015748032
20
0.6539999606299213
11
1.1621323622047244
21
0.6541915354330708
0
LINE
8
BLACK
6
CONTINUOUS
10
1.1621323622047244
20
0.6541915354330708
11
1.1613921653543307
21
0.654179094488189
0
LINE
8
BLACK
6
CONTINUOUS
10
1.1613921653543307
20
0.654179094488189
11
1.1499635826771653
21
0.6570362598425197
0
LINE
8
BLACK
6
CONTINUOUS
10
1.1499635826771653
20
0.6570362598425197
11
1.1493844094488188
21
0.6573577559055118
0
LINE
8
BLACK
6
CONTINUOUS
10
1.1493844094488188
20
0.6573577559055118
11
1.1487355511811024
21
0.6574905511811023
0
LINE
8
BLACK
6
CONTINUOUS
10
1.1487355511811024
20
0.6574905511811023
11
1.1430212598425196
21
0.6603476771653544
0
LINE
8
BLACK
6
CONTINUOUS
10
1.1430212598425196
20
0.6603476771653544
11
1.1422984645669292
21
0.6609885826771653
0
LINE
8
BLACK
6
CONTINUOUS
10
1.1422984645669292
20
0.6609885826771653
11
1.1414618897637796
21
0.6614716141732283
0
LINE
8
BLACK
6
CONTINUOUS
10
1.1414618897637796
20
0.6614716141732283
11
1.1357475984251968
21
0.667185905511811
0
LINE
8
BLACK
6
CONTINUOUS
10
1.1357475984251968
20
0.667185905511811
11
1.1350579921259842
21
0.6683802755905511
0
LINE
8
BLACK
6
CONTINUOUS
10
1.1350579921259842
20
0.6683802755905511
11
1.1342981496062992
21
0.6695311811023622
0
LINE
8
BLACK
6
CONTINUOUS
10
1.1342981496062992
20
0.6695311811023622
11
1.1314410236220471
21
0.6781025984251968
0
LINE
8
BLACK
6
CONTINUOUS
10
1.1314410236220471
20
0.6781025984251968
11
1.1313831102362204
21
0.679066811023622
0
LINE
8
BLACK
6
CONTINUOUS
10
1.1313831102362204
20
0.679066811023622
11
1.1311331102362205
21
0.6799999606299213
0
LINE
8
BLACK
6
CONTINUOUS
10
1.1311331102362205
20
0.6799999606299213
11
1.1311331102362205
21
0.6942856692913386
0
LINE
8
BLACK
6
CONTINUOUS
10
1.1311331102362205
20
0.6942856692913386
11
1.1319369685039369
21
0.6972856692913386
0
LINE
8
BLACK
6
CONTINUOUS
10
1.1319369685039369
20
0.6972856692913386
11
1.1341331102362204
21
0.6994818110236221
0
LINE
8
BLACK
6
CONTINUOUS
10
1.1341331102362204
20
0.6994818110236221
11
1.1371331102362205
21
0.7002856692913386
0
LINE
8
BLACK
6
CONTINUOUS
10
1.1371331102362205
20
0.7002856692913386
11
1.1971331102362204
21
0.7002856692913386
0
LINE
8
BLACK
6
CONTINUOUS
10
1.1971331102362204
20
0.7002856692913386
11
1.2001331102362205
21
0.6994818110236221
0
LINE
8
BLACK
6
CONTINUOUS
10
1.1431331102362206
20
0.6809735826771653
11
1.1452344488188977
21
0.6746695669291338
0
LINE
8
BLACK
6
CONTINUOUS
10
1.1452344488188977
20
0.6746695669291338
11
1.149258622047244
21
0.6706453937007874
0
LINE
8
BLACK
6
CONTINUOUS
10
1.149258622047244
20
0.6706453937007874
11
1.1535129133858268
21
0.6685182283464567
0
LINE
8
BLACK
6
CONTINUOUS
10
1.1535129133858268
20
0.6685182283464567
11
1.1635861023622047
21
0.6659999606299213
0
LINE
8
BLACK
6
CONTINUOUS
10
1.1635861023622047
20
0.6659999606299213
11
1.1706801181102362
21
0.6659999606299213
0
LINE
8
BLACK
6
CONTINUOUS
10
1.1706801181102362
20
0.6659999606299213
11
1.1807532677165353
21
0.6685182283464567
0
LINE
8
BLACK
6
CONTINUOUS
10
1.1807532677165353
20
0.6685182283464567
11
1.1850075590551181
21
0.6706453937007874
0
LINE
8
BLACK
6
CONTINUOUS
10
1.1850075590551181
20
0.6706453937007874
11
1.1890317716535432
21
0.6746696062992126
0
LINE
8
BLACK
6
CONTINUOUS
10
1.1890317716535432
20
0.6746696062992126
11
1.1911331102362204
21
0.6809735433070866
0
LINE
8
BLACK
6
CONTINUOUS
10
1.1911331102362204
20
0.6809735433070866
11
1.1911331102362204
21
0.6882856692913386
0
LINE
8
BLACK
6
CONTINUOUS
10
1.1911331102362204
20
0.6882856692913386
11
1.1431331102362206
21
0.6882856692913386
0
LINE
8
BLACK
6
CONTINUOUS
10
1.1431331102362206
20
0.6882856692913386
11
1.1431331102362206
21
0.6809735826771653
0
LINE
8
BLACK
6
CONTINUOUS
10
0.3732321653543307
20
0.6773302755905511
11
0.3738618897637795
21
0.67581
0
LINE
8
BLACK
6
CONTINUOUS
10
0.3738618897637795
20
0.67581
11
0.3732321653543307
21
0.6742897244094488
0
LINE
8
BLACK
6
CONTINUOUS
10
0.3732321653543307
20
0.6742897244094488
11
0.3717118897637795
21
0.67366
0
LINE
8
BLACK
6
CONTINUOUS
10
0.3717118897637795
20
0.67366
11
0.361839094488189
21
0.67366
0
LINE
8
BLACK
6
CONTINUOUS
10
0.361839094488189
20
0.67366
11
0.3689975590551181
21
0.6569569291338583
0
LINE
8
BLACK
6
CONTINUOUS
10
0.3689975590551181
20
0.6569569291338583
11
0.3690176377952756
21
0.6553115354330709
0
LINE
8
BLACK
6
CONTINUOUS
10
0.3690176377952756
20
0.6553115354330709
11
0.3678683464566929
21
0.6541338582677165
0
LINE
8
BLACK
6
CONTINUOUS
10
0.3678683464566929
20
0.6541338582677165
11
0.3662229133858267
21
0.654113779527559
0
LINE
8
BLACK
6
CONTINUOUS
10
0.3662229133858267
20
0.654113779527559
11
0.3650452362204724
21
0.6552630708661418
0
LINE
8
BLACK
6
CONTINUOUS
10
0.3650452362204724
20
0.6552630708661418
11
0.3566024015748032
21
0.6749630708661417
0
LINE
8
BLACK
6
CONTINUOUS
10
0.3566024015748032
20
0.6749630708661417
11
0.3565970078740157
21
0.6754032283464567
0
LINE
8
BLACK
6
CONTINUOUS
10
0.3565970078740157
20
0.6754032283464567
11
0.3564285433070866
21
0.67581
0
LINE
8
BLACK
6
CONTINUOUS
10
0.3564285433070866
20
0.67581
11
0.3565873622047244
21
0.6761934645669291
0
LINE
8
BLACK
6
CONTINUOUS
10
0.3565873622047244
20
0.6761934645669291
11
0.3565823228346456
21
0.6766085039370079
0
LINE
8
BLACK
6
CONTINUOUS
10
0.3565823228346456
20
0.6766085039370079
11
0.3568897637795275
21
0.6769235433070866
0
LINE
8
BLACK
6
CONTINUOUS
10
0.3568897637795275
20
0.6769235433070866
11
0.3570582677165354
21
0.6773302755905511
0
LINE
8
BLACK
6
CONTINUOUS
10
0.3570582677165354
20
0.6773302755905511
11
0.3574417322834645
21
0.6774890944881889
0
LINE
8
BLACK
6
CONTINUOUS
10
0.3574417322834645
20
0.6774890944881889
11
0.3577316141732284
21
0.6777861417322835
0
LINE
8
BLACK
6
CONTINUOUS
10
0.3577316141732284
20
0.6777861417322835
11
0.3581717716535433
21
0.6777914960629922
0
LINE
8
BLACK
6
CONTINUOUS
10
0.3581717716535433
20
0.6777914960629922
11
0.3585785433070866
21
0.67796
0
LINE
8
BLACK
6
CONTINUOUS
10
0.3585785433070866
20
0.67796
11
0.3717118897637795
21
0.67796
0
LINE
8
BLACK
6
CONTINUOUS
10
0.3717118897637795
20
0.67796
11
0.3732321653543307
21
0.6773302755905511
0
LINE
8
BLACK
6
CONTINUOUS
10
0.7120950393700787
20
0.8622496850393701
11
0.713207874015748
21
0.8605641338582677
0
LINE
8
BLACK
6
CONTINUOUS
10
0.713207874015748
20
0.8605641338582677
11
0.712976968503937
21
0.8585575984251969
0
LINE
8
BLACK
6
CONTINUOUS
10
0.712976968503937
20
0.8585575984251969
11
0.7111022047244094
21
0.8548080708661417
0
LINE
8
BLACK
6
CONTINUOUS
10
0.7111022047244094
20
0.8548080708661417
11
0.7105762598425197
21
0.8540989763779527
0
LINE
8
BLACK
6
CONTINUOUS
10
0.7105762598425197
20
0.8540989763779527
11
0.7105490944881889
21
0.8540406692913386
0
LINE
8
BLACK
6
CONTINUOUS
10
0.7105490944881889
20
0.8540406692913386
11
0.7080907086614173
21
0.8515822834645669
0
LINE
8
BLACK
6
CONTINUOUS
10
0.7080907086614173
20
0.8515822834645669
11
0.7355046850393701
21
0.8515822834645669
0
LINE
8
BLACK
6
CONTINUOUS
10
0.7355046850393701
20
0.8515822834645669
11
0.7355046850393701
21
0.8598781102362204
0
LINE
8
BLACK
6
CONTINUOUS
10
0.7355046850393701
20
0.8598781102362204
11
0.7356827559055118
21
0.860888031496063
0
LINE
8
BLACK
6
CONTINUOUS
10
0.7356827559055118
20
0.860888031496063
11
0.736981062992126
21
0.8624352755905511
0
LINE
8
BLACK
6
CONTINUOUS
10
0.736981062992126
20
0.8624352755905511
11
0.7389701968503937
21
0.8627860236220473
0
LINE
8
BLACK
6
CONTINUOUS
10
0.7389701968503937
20
0.8627860236220473
11
0.7407193700787401
21
0.8617761023622047
0
LINE
8
BLACK
6
CONTINUOUS
10
0.7407193700787401
20
0.8617761023622047
11
0.7414101968503937
21
0.8598781102362204
0
LINE
8
BLACK
6
CONTINUOUS
10
0.7414101968503937
20
0.8598781102362204
11
0.7414101968503937
21
0.8373809448818897
0
LINE
8
BLACK
6
CONTINUOUS
10
0.7414101968503937
20
0.8373809448818897
11
0.7412321259842519
21
0.8363710236220472
0
LINE
8
BLACK
6
CONTINUOUS
10
0.7412321259842519
20
0.8363710236220472
11
0.7399338188976378
21
0.834823779527559
0
LINE
8
BLACK
6
CONTINUOUS
10
0.7399338188976378
20
0.834823779527559
11
0.7379446850393701
21
0.834473031496063
0
LINE
8
BLACK
6
CONTINUOUS
10
0.7379446850393701
20
0.834473031496063
11
0.7361955118110236
21
0.8354829527559055
0
LINE
8
BLACK
6
CONTINUOUS
10
0.7361955118110236
20
0.8354829527559055
11
0.7355046850393701
21
0.8373809448818897
0
LINE
8
BLACK
6
CONTINUOUS
10
0.7355046850393701
20
0.8373809448818897
11
0.7355046850393701
21
0.8456767716535433
0
LINE
8
BLACK
6
CONTINUOUS
10
0.7355046850393701
20
0.8456767716535433
11
0.6990873622047243
21
0.8456767716535433
0
LINE
8
BLACK
6
CONTINUOUS
10
0.6990873622047243
20
0.8456767716535433
11
0.6980774409448819
21
0.845854842519685
0
LINE
8
BLACK
6
CONTINUOUS
10
0.6980774409448819
20
0.845854842519685
11
0.6979473622047244
21
0.845963937007874
0
LINE
8
BLACK
6
CONTINUOUS
10
0.6979473622047244
20
0.845963937007874
11
0.6977786220472441
21
0.8459826377952756
0
LINE
8
BLACK
6
CONTINUOUS
10
0.6977786220472441
20
0.8459826377952756
11
0.6971866929133859
21
0.8466022440944881
0
LINE
8
BLACK
6
CONTINUOUS
10
0.6971866929133859
20
0.8466022440944881
11
0.6965301968503936
21
0.8471531496062992
0
LINE
8
BLACK
6
CONTINUOUS
10
0.6965301968503936
20
0.8471531496062992
11
0.6965007086614173
21
0.8473203543307086
0
LINE
8
BLACK
6
CONTINUOUS
10
0.6965007086614173
20
0.8473203543307086
11
0.6963834251968504
21
0.8474431496062992
0
LINE
8
BLACK
6
CONTINUOUS
10
0.6963834251968504
20
0.8474431496062992
11
0.6963282677165354
21
0.8482982677165354
0
LINE
8
BLACK
6
CONTINUOUS
10
0.6963282677165354
20
0.8482982677165354
11
0.6961794488188976
21
0.8491422834645669
0
LINE
8
BLACK
6
CONTINUOUS
10
0.6961794488188976
20
0.8491422834645669
11
0.6962643307086614
21
0.8492893307086614
0
LINE
8
BLACK
6
CONTINUOUS
10
0.6962643307086614
20
0.8492893307086614
11
0.6962534251968504
21
0.8494587401574802
0
LINE
8
BLACK
6
CONTINUOUS
10
0.6962534251968504
20
0.8494587401574802
11
0.6967608661417323
21
0.8501493307086614
0
LINE
8
BLACK
6
CONTINUOUS
10
0.6967608661417323
20
0.8501493307086614
11
0.6971893700787402
21
0.8508914566929133
0
LINE
8
BLACK
6
CONTINUOUS
10
0.6971893700787402
20
0.8508914566929133
11
0.6973488582677165
21
0.8509494881889763
0
LINE
8
BLACK
6
CONTINUOUS
10
0.6973488582677165
20
0.8509494881889763
11
0.6974494488188976
21
0.8510863779527559
0
LINE
8
BLACK
6
CONTINUOUS
10
0.6974494488188976
20
0.8510863779527559
11
0.7028304724409449
21
0.8546737007874016
0
LINE
8
BLACK
6
CONTINUOUS
10
0.7028304724409449
20
0.8546737007874016
11
0.7060344488188977
21
0.8578776771653543
0
LINE
8
BLACK
6
CONTINUOUS
10
0.7060344488188977
20
0.8578776771653543
11
0.7076949212598425
21
0.8611986220472441
0
LINE
8
BLACK
6
CONTINUOUS
10
0.7076949212598425
20
0.8611986220472441
11
0.7083058267716535
21
0.8620222834645669
0
LINE
8
BLACK
6
CONTINUOUS
10
0.7083058267716535
20
0.8620222834645669
11
0.7101590157480315
21
0.8628255511811024
0
LINE
8
BLACK
6
CONTINUOUS
10
0.7101590157480315
20
0.8628255511811024
11
0.7120950393700787
21
0.8622496850393701
0
LINE
8
BLACK
6
CONTINUOUS
10
0.7319682677165354
20
0.902022874015748
11
0.7321035039370078
21
0.9019093700787402
0
LINE
8
BLACK
6
CONTINUOUS
10
0.7321035039370078
20
0.9019093700787402
11
0.7322788582677165
21
0.9018892125984251
0
LINE
8
BLACK
6
CONTINUOUS
10
0.7322788582677165
20
0.9018892125984251
11
0.7360283858267717
21
0.9000144488188976
0
LINE
8
BLACK
6
CONTINUOUS
10
0.7360283858267717
20
0.9000144488188976
11
0.7367373622047244
21
0.8994885826771654
0
LINE
8
BLACK
6
CONTINUOUS
10
0.7367373622047244
20
0.8994885826771654
11
0.7367957480314961
21
0.8994613779527559
0
LINE
8
BLACK
6
CONTINUOUS
10
0.7367957480314961
20
0.8994613779527559
11
0.7386705511811024
21
0.8975866141732284
0
LINE
8
BLACK
6
CONTINUOUS
10
0.7386705511811024
20
0.8975866141732284
11
0.7391769291338582
21
0.8968634251968504
0
LINE
8
BLACK
6
CONTINUOUS
10
0.7391769291338582
20
0.8968634251968504
11
0.7392237007874015
21
0.8968191732283465
0
LINE
8
BLACK
6
CONTINUOUS
10
0.7392237007874015
20
0.8968191732283465
11
0.7410984645669291
21
0.8930696456692914
0
LINE
8
BLACK
6
CONTINUOUS
10
0.7410984645669291
20
0.8930696456692914
11
0.7413908267716536
21
0.8920867322834646
0
LINE
8
BLACK
6
CONTINUOUS
10
0.7413908267716536
20
0.8920867322834646
11
0.7413498031496063
21
0.891915
0
LINE
8
BLACK
6
CONTINUOUS
10
0.7413498031496063
20
0.891915
11
0.7414101968503937
21
0.8917491338582677
0
LINE
8
BLACK
6
CONTINUOUS
10
0.7414101968503937
20
0.8917491338582677
11
0.7414101968503937
21
0.8842500787401575
0
LINE
8
BLACK
6
CONTINUOUS
10
0.7414101968503937
20
0.8842500787401575
11
0.7412321259842519
21
0.8832401574803149
0
LINE
8
BLACK
6
CONTINUOUS
10
0.7412321259842519
20
0.8832401574803149
11
0.7411186220472441
21
0.8831048818897638
0
LINE
8
BLACK
6
CONTINUOUS
10
0.7411186220472441
20
0.8831048818897638
11
0.7410984645669291
21
0.8829295669291338
0
LINE
8
BLACK
6
CONTINUOUS
10
0.7410984645669291
20
0.8829295669291338
11
0.7392237007874015
21
0.8791800393700787
0
LINE
8
BLACK
6
CONTINUOUS
10
0.7392237007874015
20
0.8791800393700787
11
0.738697716535433
21
0.878470905511811
0
LINE
8
BLACK
6
CONTINUOUS
10
0.738697716535433
20
0.878470905511811
11
0.7386705511811024
21
0.8784125984251968
0
LINE
8
BLACK
6
CONTINUOUS
10
0.7386705511811024
20
0.8784125984251968
11
0.7367957480314961
21
0.8765378346456693
0
LINE
8
BLACK
6
CONTINUOUS
10
0.7367957480314961
20
0.8765378346456693
11
0.7360726771653543
21
0.8760315354330709
0
LINE
8
BLACK
6
CONTINUOUS
10
0.7360726771653543
20
0.8760315354330709
11
0.7360283858267717
21
0.8759847637795275
0
LINE
8
BLACK
6
CONTINUOUS
10
0.7360283858267717
20
0.8759847637795275
11
0.7322788582677165
21
0.8741099999999999
0
LINE
8
BLACK
6
CONTINUOUS
10
0.7322788582677165
20
0.8741099999999999
11
0.731295905511811
21
0.8738176377952755
0
LINE
8
BLACK
6
CONTINUOUS
10
0.731295905511811
20
0.8738176377952755
11
0.7311242125984252
21
0.8738586220472441
0
LINE
8
BLACK
6
CONTINUOUS
10
0.7311242125984252
20
0.8738586220472441
11
0.7309583464566929
21
0.8737982677165355
0
LINE
8
BLACK
6
CONTINUOUS
10
0.7309583464566929
20
0.8737982677165355
11
0.6990873622047243
21
0.8737982677165355
0
LINE
8
BLACK
6
CONTINUOUS
10
0.6990873622047243
20
0.8737982677165355
11
0.6980774409448819
21
0.8739763385826771
0
LINE
8
BLACK
6
CONTINUOUS
10
0.6980774409448819
20
0.8739763385826771
11
0.6965301968503936
21
0.8752746456692914
0
LINE
8
BLACK
6
CONTINUOUS
10
0.6965301968503936
20
0.8752746456692914
11
0.6961794488188976
21
0.8772637795275591
0
LINE
8
BLACK
6
CONTINUOUS
10
0.6961794488188976
20
0.8772637795275591
11
0.6971893700787402
21
0.8790129527559055
0
LINE
8
BLACK
6
CONTINUOUS
10
0.6971893700787402
20
0.8790129527559055
11
0.6990873622047243
21
0.8797037795275591
0
LINE
8
BLACK
6
CONTINUOUS
10
0.6990873622047243
20
0.8797037795275591
11
0.7302612992125984
21
0.8797037795275591
0
LINE
8
BLACK
6
CONTINUOUS
10
0.7302612992125984
20
0.8797037795275591
11
0.7329587795275591
21
0.8810525196850394
0
LINE
8
BLACK
6
CONTINUOUS
10
0.7329587795275591
20
0.8810525196850394
11
0.7341559448818897
21
0.8822496456692913
0
LINE
8
BLACK
6
CONTINUOUS
10
0.7341559448818897
20
0.8822496456692913
11
0.7355046850393701
21
0.884947125984252
0
LINE
8
BLACK
6
CONTINUOUS
10
0.7355046850393701
20
0.884947125984252
11
0.7355046850393701
21
0.8910520866141732
0
LINE
8
BLACK
6
CONTINUOUS
10
0.7355046850393701
20
0.8910520866141732
11
0.7341559448818897
21
0.8937495275590551
0
LINE
8
BLACK
6
CONTINUOUS
10
0.7341559448818897
20
0.8937495275590551
11
0.7329587795275591
21
0.894946653543307
0
LINE
8
BLACK
6
CONTINUOUS
10
0.7329587795275591
20
0.894946653543307
11
0.7302612992125984
21
0.8962954330708661
0
LINE
8
BLACK
6
CONTINUOUS
10
0.7302612992125984
20
0.8962954330708661
11
0.6990873622047243
21
0.8962954330708661
0
LINE
8
BLACK
6
CONTINUOUS
10
0.6990873622047243
20
0.8962954330708661
11
0.6980774409448819
21
0.8964735039370079
0
LINE
8
BLACK
6
CONTINUOUS
10
0.6980774409448819
20
0.8964735039370079
11
0.6965301968503936
21
0.897771811023622
0
LINE
8
BLACK
6
CONTINUOUS
10
0.6965301968503936
20
0.897771811023622
11
0.6961794488188976
21
0.8997609448818897
0
LINE
8
BLACK
6
CONTINUOUS
10
0.6961794488188976
20
0.8997609448818897
11
0.6971893700787402
21
0.9015101181102362
0
LINE
8
BLACK
6
CONTINUOUS
10
0.6971893700787402
20
0.9015101181102362
11
0.6990873622047243
21
0.9022009448818897
0
LINE
8
BLACK
6
CONTINUOUS
10
0.6990873622047243
20
0.9022009448818897
11
0.7309583464566929
21
0.9022009448818897
0
LINE
8
BLACK
6
CONTINUOUS
10
0.7309583464566929
20
0.9022009448818897
11
0.7319682677165354
21
0.902022874015748
0
LINE
8
BLACK
6
CONTINUOUS
10
0.8292024015748032
20
1.0650504724409449
11
0.8293316535433071
21
1.0650732677165353
0
LINE
8
BLACK
6
CONTINUOUS
10
0.8293316535433071
20
1.0650732677165353
11
0.8294452362204724
21
1.0650076377952755
0
LINE
8
BLACK
6
CONTINUOUS
10
0.8294452362204724
20
1.0650076377952755
11
0.8298288188976378
21
1.0649400393700788
0
LINE
8
BLACK
6
CONTINUOUS
10
0.8298288188976378
20
1.0649400393700788
11
0.8304164960629921
21
1.0644468897637795
0
LINE
8
BLACK
6
CONTINUOUS
10
0.8304164960629921
20
1.0644468897637795
11
0.8310808267716535
21
1.0640633464566929
0
LINE
8
BLACK
6
CONTINUOUS
10
0.8310808267716535
20
1.0640633464566929
11
0.8311719291338583
21
1.0638129921259842
0
LINE
8
BLACK
6
CONTINUOUS
10
0.8311719291338583
20
1.0638129921259842
11
0.831376062992126
21
1.0636417322834646
0
LINE
8
BLACK
6
CONTINUOUS
10
0.831376062992126
20
1.0636417322834646
11
0.8315092913385826
21
1.0628861417322835
0
LINE
8
BLACK
6
CONTINUOUS
10
0.8315092913385826
20
1.0628861417322835
11
0.8317716535433071
21
1.0621653543307086
0
LINE
8
BLACK
6
CONTINUOUS
10
0.8317716535433071
20
1.0621653543307086
11
0.8317716535433071
21
0.6923629527559055
0
LINE
8
BLACK
6
CONTINUOUS
10
0.8317716535433071
20
0.6923629527559055
11
0.8320020078740157
21
0.6927619291338583
0
LINE
8
BLACK
6
CONTINUOUS
10
0.8320020078740157
20
0.6927619291338583
11
0.8339
21
0.6934527559055118
0
LINE
8
BLACK
6
CONTINUOUS
10
0.8339
20
0.6934527559055118
11
0.8513999606299213
21
0.6934527559055118
0
LINE
8
BLACK
6
CONTINUOUS
10
0.8513999606299213
20
0.6934527559055118
11
0.8513999606299213
21
0.7089811417322834
0
LINE
8
BLACK
6
CONTINUOUS
10
0.8513999606299213
20
0.7089811417322834
11
0.8522038188976377
21
0.7119811417322834
0
LINE
8
BLACK
6
CONTINUOUS
10
0.8522038188976377
20
0.7119811417322834
11
0.8543999606299213
21
0.7141772834645669
0
LINE
8
BLACK
6
CONTINUOUS
10
0.8543999606299213
20
0.7141772834645669
11
0.8573999606299212
21
0.7149811417322834
0
LINE
8
BLACK
6
CONTINUOUS
10
0.8573999606299212
20
0.7149811417322834
11
0.8603999606299212
21
0.7141772834645669
0
LINE
8
BLACK
6
CONTINUOUS
10
0.8603999606299212
20
0.7141772834645669
11
0.8625961023622047
21
0.7119811417322834
0
LINE
8
BLACK
6
CONTINUOUS
10
0.8625961023622047
20
0.7119811417322834
11
0.8633999606299212
21
0.7089811417322834
0
LINE
8
BLACK
6
CONTINUOUS
10
0.8633999606299212
20
0.7089811417322834
11
0.8633999606299212
21
0.6934527559055118
0
LINE
8
BLACK
6
CONTINUOUS
10
0.8633999606299212
20
0.6934527559055118
11
0.8811
21
0.6934527559055118
0
LINE
8
BLACK
6
CONTINUOUS
10
0.8811
20
0.6934527559055118
11
0.8821099212598424
21
0.6932746850393701
0
LINE
8
BLACK
6
CONTINUOUS
10
0.8821099212598424
20
0.6932746850393701
11
0.8836571653543307
21
0.6919763779527559
0
LINE
8
BLACK
6
CONTINUOUS
10
0.8836571653543307
20
0.6919763779527559
11
0.8838832677165354
21
0.690693937007874
0
LINE
8
BLACK
6
CONTINUOUS
10
0.8838832677165354
20
0.690693937007874
11
0.8854532283464567
21
0.6891240157480315
0
LINE
8
BLACK
6
CONTINUOUS
10
0.8854532283464567
20
0.6891240157480315
11
0.8862570866141732
21
0.6861240157480315
0
LINE
8
BLACK
6
CONTINUOUS
10
0.8862570866141732
20
0.6861240157480315
11
0.8854532283464567
21
0.6831240157480315
0
LINE
8
BLACK
6
CONTINUOUS
10
0.8854532283464567
20
0.6831240157480315
11
0.8832570866141732
21
0.6809278740157481
0
LINE
8
BLACK
6
CONTINUOUS
10
0.8832570866141732
20
0.6809278740157481
11
0.8802570866141732
21
0.6801240157480315
0
LINE
8
BLACK
6
CONTINUOUS
10
0.8802570866141732
20
0.6801240157480315
11
0.8633999606299212
21
0.6801240157480315
0
LINE
8
BLACK
6
CONTINUOUS
10
0.8633999606299212
20
0.6801240157480315
11
0.8633999606299212
21
0.6632668503937008
0
LINE
8
BLACK
6
CONTINUOUS
10
0.8633999606299212
20
0.6632668503937008
11
0.8625961023622047
21
0.6602668503937008
0
LINE
8
BLACK
6
CONTINUOUS
10
0.8625961023622047
20
0.6602668503937008
11
0.8603999606299212
21
0.6580707086614173
0
LINE
8
BLACK
6
CONTINUOUS
10
0.8603999606299212
20
0.6580707086614173
11
0.8573999606299212
21
0.6572668503937008
0
LINE
8
BLACK
6
CONTINUOUS
10
0.8573999606299212
20
0.6572668503937008
11
0.8543999606299213
21
0.6580707086614173
0
LINE
8
BLACK
6
CONTINUOUS
10
0.8543999606299213
20
0.6580707086614173
11
0.8522038188976377
21
0.6602668503937008
0
LINE
8
BLACK
6
CONTINUOUS
10
0.8522038188976377
20
0.6602668503937008
11
0.8513999606299213
21
0.6632668503937008
0
LINE
8
BLACK
6
CONTINUOUS
10
0.8513999606299213
20
0.6632668503937008
11
0.8513999606299213
21
0.6801240157480315
0
LINE
8
BLACK
6
CONTINUOUS
10
0.8513999606299213
20
0.6801240157480315
11
0.8345428346456693
21
0.6801240157480315
0
LINE
8
BLACK
6
CONTINUOUS
10
0.8345428346456693
20
0.6801240157480315
11
0.8317716535433071
21
0.6808665354330709
0
LINE
8
BLACK
6
CONTINUOUS
10
0.8317716535433071
20
0.6808665354330709
11
0.8317716535433071
21
0.6763385826771653
0
LINE
8
BLACK
6
CONTINUOUS
10
0.8317716535433071
20
0.6763385826771653
11
0.8317040157480314
21
0.6759550393700787
0
LINE
8
BLACK
6
CONTINUOUS
10
0.8317040157480314
20
0.6759550393700787
11
0.831726811023622
21
0.6758258267716535
0
LINE
8
BLACK
6
CONTINUOUS
10
0.831726811023622
20
0.6758258267716535
11
0.8316611811023622
21
0.6757122047244094
0
LINE
8
BLACK
6
CONTINUOUS
10
0.8316611811023622
20
0.6757122047244094
11
0.8315935826771653
21
0.6753286614173228
0
LINE
8
BLACK
6
CONTINUOUS
10
0.8315935826771653
20
0.6753286614173228
11
0.8311004330708661
21
0.6747409448818897
0
LINE
8
BLACK
6
CONTINUOUS
10
0.8311004330708661
20
0.6747409448818897
11
0.8307168897637796
21
0.674076653543307
0
LINE
8
BLACK
6
CONTINUOUS
10
0.8307168897637796
20
0.674076653543307
11
0.8304665354330708
21
0.6739855118110236
0
LINE
8
BLACK
6
CONTINUOUS
10
0.8304665354330708
20
0.6739855118110236
11
0.8302952755905512
21
0.6737814173228346
0
LINE
8
BLACK
6
CONTINUOUS
10
0.8302952755905512
20
0.6737814173228346
11
0.82953968503937
21
0.6736481496062992
0
LINE
8
BLACK
6
CONTINUOUS
10
0.82953968503937
20
0.6736481496062992
11
0.8288188976377953
21
0.6733858267716535
0
LINE
8
BLACK
6
CONTINUOUS
10
0.8288188976377953
20
0.6733858267716535
11
0.6516535433070866
21
0.6733858267716535
0
LINE
8
BLACK
6
CONTINUOUS
10
0.6516535433070866
20
0.6733858267716535
11
0.65127
21
0.6734534251968504
0
LINE
8
BLACK
6
CONTINUOUS
10
0.65127
20
0.6734534251968504
11
0.6511407874015748
21
0.6734306692913385
0
LINE
8
BLACK
6
CONTINUOUS
10
0.6511407874015748
20
0.6734306692913385
11
0.6510271653543307
21
0.6734962598425197
0
LINE
8
BLACK
6
CONTINUOUS
10
0.6510271653543307
20
0.6734962598425197
11
0.6506436220472441
21
0.6735638976377952
0
LINE
8
BLACK
6
CONTINUOUS
10
0.6506436220472441
20
0.6735638976377952
11
0.650055905511811
21
0.6740570078740157
0
LINE
8
BLACK
6
CONTINUOUS
10
0.650055905511811
20
0.6740570078740157
11
0.6493916141732283
21
0.6744405905511811
0
LINE
8
BLACK
6
CONTINUOUS
10
0.6493916141732283
20
0.6744405905511811
11
0.6493004724409449
21
0.674690905511811
0
LINE
8
BLACK
6
CONTINUOUS
10
0.6493004724409449
20
0.674690905511811
11
0.6490963779527559
21
0.6748622047244094
0
LINE
8
BLACK
6
CONTINUOUS
10
0.6490963779527559
20
0.6748622047244094
11
0.6489631102362204
21
0.6756177559055118
0
LINE
8
BLACK
6
CONTINUOUS
10
0.6489631102362204
20
0.6756177559055118
11
0.6487007874015748
21
0.6763385826771653
0
LINE
8
BLACK
6
CONTINUOUS
10
0.6487007874015748
20
0.6763385826771653
11
0.6487007874015748
21
1.0621653543307086
0
LINE
8
BLACK
6
CONTINUOUS
10
0.6487007874015748
20
1.0621653543307086
11
0.6487683858267717
21
1.0625488582677165
0
LINE
8
BLACK
6
CONTINUOUS
10
0.6487683858267717
20
1.0625488582677165
11
0.6487456299212598
21
1.0626781102362204
0
LINE
8
BLACK
6
CONTINUOUS
10
0.6487456299212598
20
1.0626781102362204
11
0.6488112204724409
21
1.0627916929133858
0
LINE
8
BLACK
6
CONTINUOUS
10
0.6488112204724409
20
1.0627916929133858
11
0.6488788582677165
21
1.0631752755905512
0
LINE
8
BLACK
6
CONTINUOUS
10
0.6488788582677165
20
1.0631752755905512
11
0.649371968503937
21
1.0637629527559054
0
LINE
8
BLACK
6
CONTINUOUS
10
0.649371968503937
20
1.0637629527559054
11
0.6497555511811024
21
1.0644272834645669
0
LINE
8
BLACK
6
CONTINUOUS
10
0.6497555511811024
20
1.0644272834645669
11
0.6500058661417323
21
1.0645183858267717
0
LINE
8
BLACK
6
CONTINUOUS
10
0.6500058661417323
20
1.0645183858267717
11
0.6501771653543307
21
1.0647225196850394
0
LINE
8
BLACK
6
CONTINUOUS
10
0.6501771653543307
20
1.0647225196850394
11
0.6509327165354331
21
1.064855748031496
0
LINE
8
BLACK
6
CONTINUOUS
10
0.6509327165354331
20
1.064855748031496
11
0.6516535433070866
21
1.0651181102362204
0
LINE
8
BLACK
6
CONTINUOUS
10
0.6516535433070866
20
1.0651181102362204
11
0.8288188976377953
21
1.0651181102362204
0
LINE
8
BLACK
6
CONTINUOUS
10
0.8288188976377953
20
1.0651181102362204
11
0.8292024015748032
21
1.0650504724409449
0
LINE
8
BLACK
6
CONTINUOUS
10
0.6546062992125984
20
1.0592125984251968
11
0.6546062992125984
21
0.7150494881889764
0
LINE
8
BLACK
6
CONTINUOUS
10
0.6546062992125984
20
0.7150494881889764
11
0.6548744094488189
21
0.7155138582677165
0
LINE
8
BLACK
6
CONTINUOUS
10
0.6548744094488189
20
0.7155138582677165
11
0.6567724015748031
21
0.7162046850393701
0
LINE
8
BLACK
6
CONTINUOUS
10
0.6567724015748031
20
0.7162046850393701
11
0.6617848818897638
21
0.7162046850393701
0
LINE
8
BLACK
6
CONTINUOUS
10
0.6617848818897638
20
0.7162046850393701
11
0.6596551181102362
21
0.7215291338582677
0
LINE
8
BLACK
6
CONTINUOUS
10
0.6596551181102362
20
0.7215291338582677
11
0.6594453937007874
21
0.7225329527559055
0
LINE
8
BLACK
6
CONTINUOUS
10
0.6594453937007874
20
0.7225329527559055
11
0.660076220472441
21
0.7244516929133858
0
LINE
8
BLACK
6
CONTINUOUS
10
0.660076220472441
20
0.7244516929133858
11
0.6617927952755905
21
0.7255161023622048
0
LINE
8
BLACK
6
CONTINUOUS
10
0.6617927952755905
20
0.7255161023622048
11
0.6637919291338582
21
0.725228031496063
0
LINE
8
BLACK
6
CONTINUOUS
10
0.6637919291338582
20
0.725228031496063
11
0.6651382677165354
21
0.7237223622047244
0
LINE
8
BLACK
6
CONTINUOUS
10
0.6651382677165354
20
0.7237223622047244
11
0.6674568503937007
21
0.7179258267716535
0
LINE
8
BLACK
6
CONTINUOUS
10
0.6674568503937007
20
0.7179258267716535
11
0.6718736220472441
21
0.7212384251968503
0
LINE
8
BLACK
6
CONTINUOUS
10
0.6718736220472441
20
0.7212384251968503
11
0.6727883858267716
21
0.7217019291338582
0
LINE
8
BLACK
6
CONTINUOUS
10
0.6727883858267716
20
0.7217019291338582
11
0.6748051968503936
21
0.7215916141732284
0
LINE
8
BLACK
6
CONTINUOUS
10
0.6748051968503936
20
0.7215916141732284
11
0.6762792519685039
21
0.7202107480314961
0
LINE
8
BLACK
6
CONTINUOUS
10
0.6762792519685039
20
0.7202107480314961
11
0.6765208267716535
21
0.7182054724409449
0
LINE
8
BLACK
6
CONTINUOUS
10
0.6765208267716535
20
0.7182054724409449
11
0.6754169291338582
21
0.7165140157480315
0
LINE
8
BLACK
6
CONTINUOUS
10
0.6754169291338582
20
0.7165140157480315
11
0.6710674803149607
21
0.7132519291338583
0
LINE
8
BLACK
6
CONTINUOUS
10
0.6710674803149607
20
0.7132519291338583
11
0.6754169291338582
21
0.709989842519685
0
LINE
8
BLACK
6
CONTINUOUS
10
0.6754169291338582
20
0.709989842519685
11
0.676118031496063
21
0.7092414173228346
0
LINE
8
BLACK
6
CONTINUOUS
10
0.676118031496063
20
0.7092414173228346
11
0.6765768503937007
21
0.7072744488188977
0
LINE
8
BLACK
6
CONTINUOUS
10
0.6765768503937007
20
0.7072744488188977
11
0.675663937007874
21
0.7054726771653543
0
LINE
8
BLACK
6
CONTINUOUS
10
0.675663937007874
20
0.7054726771653543
11
0.6738064960629921
21
0.7046792913385826
0
LINE
8
BLACK
6
CONTINUOUS
10
0.6738064960629921
20
0.7046792913385826
11
0.6718736220472441
21
0.7052654330708661
0
LINE
8
BLACK
6
CONTINUOUS
10
0.6718736220472441
20
0.7052654330708661
11
0.6674568503937007
21
0.7085779921259843
0
LINE
8
BLACK
6
CONTINUOUS
10
0.6674568503937007
20
0.7085779921259843
11
0.6651382677165354
21
0.7027814960629921
0
LINE
8
BLACK
6
CONTINUOUS
10
0.6651382677165354
20
0.7027814960629921
11
0.6645978346456692
21
0.7019099212598425
0
LINE
8
BLACK
6
CONTINUOUS
10
0.6645978346456692
20
0.7019099212598425
11
0.6628177559055118
21
0.7009555118110236
0
LINE
8
BLACK
6
CONTINUOUS
10
0.6628177559055118
20
0.7009555118110236
11
0.6608406299212598
21
0.701368622047244
0
LINE
8
BLACK
6
CONTINUOUS
10
0.6608406299212598
20
0.701368622047244
11
0.6595916535433071
21
0.7029559448818897
0
LINE
8
BLACK
6
CONTINUOUS
10
0.6595916535433071
20
0.7029559448818897
11
0.6596551181102362
21
0.7049747244094487
0
LINE
8
BLACK
6
CONTINUOUS
10
0.6596551181102362
20
0.7049747244094487
11
0.6617848818897638
21
0.7102991732283465
0
LINE
8
BLACK
6
CONTINUOUS
10
0.6617848818897638
20
0.7102991732283465
11
0.6567724015748031
21
0.7102991732283465
0
LINE
8
BLACK
6
CONTINUOUS
10
0.6567724015748031
20
0.7102991732283465
11
0.6557624803149606
21
0.7104772440944882
0
LINE
8
BLACK
6
CONTINUOUS
10
0.6557624803149606
20
0.7104772440944882
11
0.6546062992125984
21
0.7114474015748031
0
LINE
8
BLACK
6
CONTINUOUS
10
0.6546062992125984
20
0.7114474015748031
11
0.6546062992125984
21
0.6792913385826771
0
LINE
8
BLACK
6
CONTINUOUS
10
0.6546062992125984
20
0.6792913385826771
11
0.8258661417322835
21
0.6792913385826771
0
LINE
8
BLACK
6
CONTINUOUS
10
0.8258661417322835
20
0.6792913385826771
11
0.8258661417322835
21
1.0592125984251968
0
LINE
8
BLACK
6
CONTINUOUS
10
0.8258661417322835
20
1.0592125984251968
11
0.6546062992125984
21
1.0592125984251968
0
LINE
8
BLACK
6
CONTINUOUS
10
0.3830089763779527
20
0.7051830708661417
11
0.3837018897637795
21
0.7049740157480315
0
LINE
8
BLACK
6
CONTINUOUS
10
0.3837018897637795
20
0.7049740157480315
11
0.3837556299212598
21
0.704873779527559
0
LINE
8
BLACK
6
CONTINUOUS
10
0.3837556299212598
20
0.704873779527559
11
0.3838607086614173
21
0.7048302755905511
0
LINE
8
BLACK
6
CONTINUOUS
10
0.3838607086614173
20
0.7048302755905511
11
0.3841376377952756
21
0.7041616929133858
0
LINE
8
BLACK
6
CONTINUOUS
10
0.3841376377952756
20
0.7041616929133858
11
0.3844797637795275
21
0.703523937007874
0
LINE
8
BLACK
6
CONTINUOUS
10
0.3844797637795275
20
0.703523937007874
11
0.385417874015748
21
0.6941429921259842
0
LINE
8
BLACK
6
CONTINUOUS
10
0.385417874015748
20
0.6941429921259842
11
0.385385
21
0.6940341338582677
0
LINE
8
BLACK
6
CONTINUOUS
10
0.385385
20
0.6940341338582677
11
0.3854285433070866
21
0.693929094488189
0
LINE
8
BLACK
6
CONTINUOUS
10
0.3854285433070866
20
0.693929094488189
11
0.3851515748031496
21
0.6932604724409449
0
LINE
8
BLACK
6
CONTINUOUS
10
0.3851515748031496
20
0.6932604724409449
11
0.3849425590551181
21
0.6925675984251969
0
LINE
8
BLACK
6
CONTINUOUS
10
0.3849425590551181
20
0.6925675984251969
11
0.3848423228346456
21
0.6925138188976377
0
LINE
8
BLACK
6
CONTINUOUS
10
0.3848423228346456
20
0.6925138188976377
11
0.3847988582677165
21
0.6924088188976378
0
LINE
8
BLACK
6
CONTINUOUS
10
0.3847988582677165
20
0.6924088188976378
11
0.3841302755905512
21
0.6921318503937007
0
LINE
8
BLACK
6
CONTINUOUS
10
0.3841302755905512
20
0.6921318503937007
11
0.3834924803149606
21
0.6917897244094489
0
LINE
8
BLACK
6
CONTINUOUS
10
0.3834924803149606
20
0.6917897244094489
11
0.3833836220472441
21
0.6918225590551181
0
LINE
8
BLACK
6
CONTINUOUS
10
0.3833836220472441
20
0.6918225590551181
11
0.3832785826771654
21
0.6917790551181102
0
LINE
8
BLACK
6
CONTINUOUS
10
0.3832785826771654
20
0.6917790551181102
11
0.3826097637795275
21
0.692056062992126
0
LINE
8
BLACK
6
CONTINUOUS
10
0.3826097637795275
20
0.692056062992126
11
0.3819170866141732
21
0.6922650787401574
0
LINE
8
BLACK
6
CONTINUOUS
10
0.3819170866141732
20
0.6922650787401574
11
0.3818633464566929
21
0.6923651968503937
0
LINE
8
BLACK
6
CONTINUOUS
10
0.3818633464566929
20
0.6923651968503937
11
0.3817583070866142
21
0.6924087401574803
0
LINE
8
BLACK
6
CONTINUOUS
10
0.3817583070866142
20
0.6924087401574803
11
0.3810668503937008
21
0.6931001181102362
0
LINE
8
BLACK
6
CONTINUOUS
10
0.3810668503937008
20
0.6931001181102362
11
0.3799567322834645
21
0.6936552362204724
0
LINE
8
BLACK
6
CONTINUOUS
10
0.3799567322834645
20
0.6936552362204724
11
0.3762813779527559
21
0.6936552362204724
0
LINE
8
BLACK
6
CONTINUOUS
10
0.3762813779527559
20
0.6936552362204724
11
0.3751711417322834
21
0.6931001181102362
0
LINE
8
BLACK
6
CONTINUOUS
10
0.3751711417322834
20
0.6931001181102362
11
0.3747264566929134
21
0.6926554330708661
0
LINE
8
BLACK
6
CONTINUOUS
10
0.3747264566929134
20
0.6926554330708661
11
0.3741714173228347
21
0.6915452755905511
0
LINE
8
BLACK
6
CONTINUOUS
10
0.3741714173228347
20
0.6915452755905511
11
0.3741714173228347
21
0.6878698818897637
0
LINE
8
BLACK
6
CONTINUOUS
10
0.3741714173228347
20
0.6878698818897637
11
0.3747264566929134
21
0.6867597244094488
0
LINE
8
BLACK
6
CONTINUOUS
10
0.3747264566929134
20
0.6867597244094488
11
0.3751711417322834
21
0.6863150787401575
0
LINE
8
BLACK
6
CONTINUOUS
10
0.3751711417322834
20
0.6863150787401575
11
0.3762813779527559
21
0.68576
0
LINE
8
BLACK
6
CONTINUOUS
10
0.3762813779527559
20
0.68576
11
0.3799567322834645
21
0.68576
0
LINE
8
BLACK
6
CONTINUOUS
10
0.3799567322834645
20
0.68576
11
0.3810668503937008
21
0.6863150787401575
0
LINE
8
BLACK
6
CONTINUOUS
10
0.3810668503937008
20
0.6863150787401575
11
0.3817583070866142
21
0.6870064960629921
0
LINE
8
BLACK
6
CONTINUOUS
10
0.3817583070866142
20
0.6870064960629921
11
0.3832785826771654
21
0.6876361811023622
0
LINE
8
BLACK
6
CONTINUOUS
10
0.3832785826771654
20
0.6876361811023622
11
0.3847988582677165
21
0.6870064173228346
0
LINE
8
BLACK
6
CONTINUOUS
10
0.3847988582677165
20
0.6870064173228346
11
0.3854285433070866
21
0.6854861417322834
0
LINE
8
BLACK
6
CONTINUOUS
10
0.3854285433070866
20
0.6854861417322834
11
0.384798779527559
21
0.6839658661417323
0
LINE
8
BLACK
6
CONTINUOUS
10
0.384798779527559
20
0.6839658661417323
11
0.3838606692913386
21
0.6830277952755905
0
LINE
8
BLACK
6
CONTINUOUS
10
0.3838606692913386
20
0.6830277952755905
11
0.3835337795275591
21
0.6828924015748031
0
LINE
8
BLACK
6
CONTINUOUS
10
0.3835337795275591
20
0.6828924015748031
11
0.383301968503937
21
0.6826250787401574
0
LINE
8
BLACK
6
CONTINUOUS
10
0.383301968503937
20
0.6826250787401574
11
0.3814257874015748
21
0.6816870078740157
0
LINE
8
BLACK
6
CONTINUOUS
10
0.3814257874015748
20
0.6816870078740157
11
0.3809266141732283
21
0.6816514960629921
0
LINE
8
BLACK
6
CONTINUOUS
10
0.3809266141732283
20
0.6816514960629921
11
0.3804642519685039
21
0.68146
0
LINE
8
BLACK
6
CONTINUOUS
10
0.3804642519685039
20
0.68146
11
0.375773779527559
21
0.68146
0
LINE
8
BLACK
6
CONTINUOUS
10
0.375773779527559
20
0.68146
11
0.3753113779527559
21
0.6816514960629921
0
LINE
8
BLACK
6
CONTINUOUS
10
0.3753113779527559
20
0.6816514960629921
11
0.3748122440944882
21
0.6816870078740157
0
LINE
8
BLACK
6
CONTINUOUS
10
0.3748122440944882
20
0.6816870078740157
11
0.3729360629921259
21
0.6826251181102362
0
LINE
8
BLACK
6
CONTINUOUS
10
0.3729360629921259
20
0.6826251181102362
11
0.3727042125984252
21
0.6828924015748031
0
LINE
8
BLACK
6
CONTINUOUS
10
0.3727042125984252
20
0.6828924015748031
11
0.3723773622047244
21
0.6830277952755905
0
LINE
8
BLACK
6
CONTINUOUS
10
0.3723773622047244
20
0.6830277952755905
11
0.3714392519685039
21
0.6839658661417323
0
LINE
8
BLACK
6
CONTINUOUS
10
0.3714392519685039
20
0.6839658661417323
11
0.3713038188976378
21
0.6842927952755905
0
LINE
8
BLACK
6
CONTINUOUS
10
0.3713038188976378
20
0.6842927952755905
11
0.3710364566929134
21
0.68452468503937
0
LINE
8
BLACK
6
CONTINUOUS
10
0.3710364566929134
20
0.68452468503937
11
0.3700983858267716
21
0.6864008661417322
0
LINE
8
BLACK
6
CONTINUOUS
10
0.3700983858267716
20
0.6864008661417322
11
0.3700629133858268
21
0.6869
0
LINE
8
BLACK
6
CONTINUOUS
10
0.3700629133858268
20
0.6869
11
0.3698714173228346
21
0.6873623622047244
0
LINE
8
BLACK
6
CONTINUOUS
10
0.3698714173228346
20
0.6873623622047244
11
0.3698714173228346
21
0.6920528346456692
0
LINE
8
BLACK
6
CONTINUOUS
10
0.3698714173228346
20
0.6920528346456692
11
0.3700629133858268
21
0.6925151574803149
0
LINE
8
BLACK
6
CONTINUOUS
10
0.3700629133858268
20
0.6925151574803149
11
0.3700983858267716
21
0.6930143307086614
0
LINE
8
BLACK
6
CONTINUOUS
10
0.3700983858267716
20
0.6930143307086614
11
0.3710364566929134
21
0.6948905511811023
0
LINE
8
BLACK
6
CONTINUOUS
10
0.3710364566929134
20
0.6948905511811023
11
0.3713038188976378
21
0.6951224409448818
0
LINE
8
BLACK
6
CONTINUOUS
10
0.3713038188976378
20
0.6951224409448818
11
0.3714392519685039
21
0.6954493700787402
0
LINE
8
BLACK
6
CONTINUOUS
10
0.3714392519685039
20
0.6954493700787402
11
0.3723773622047244
21
0.6963874409448819
0
LINE
8
BLACK
6
CONTINUOUS
10
0.3723773622047244
20
0.6963874409448819
11
0.3727042125984252
21
0.6965227952755906
0
LINE
8
BLACK
6
CONTINUOUS
10
0.3727042125984252
20
0.6965227952755906
11
0.3729360629921259
21
0.6967901181102362
0
LINE
8
BLACK
6
CONTINUOUS
10
0.3729360629921259
20
0.6967901181102362
11
0.3748122440944882
21
0.6977282283464566
0
LINE
8
BLACK
6
CONTINUOUS
10
0.3748122440944882
20
0.6977282283464566
11
0.3753113779527559
21
0.6977637007874016
0
LINE
8
BLACK
6
CONTINUOUS
10
0.3753113779527559
20
0.6977637007874016
11
0.375773779527559
21
0.6979552362204724
0
LINE
8
BLACK
6
CONTINUOUS
10
0.375773779527559
20
0.6979552362204724
11
0.3804642519685039
21
0.6979552362204724
0
LINE
8
BLACK
6
CONTINUOUS
10
0.3804642519685039
20
0.6979552362204724
11
0.3807260236220472
21
0.6978467716535433
0
LINE
8
BLACK
6
CONTINUOUS
10
0.3807260236220472
20
0.6978467716535433
11
0.3803947244094488
21
0.70116
0
LINE
8
BLACK
6
CONTINUOUS
10
0.3803947244094488
20
0.70116
11
0.3729594881889764
21
0.70116
0
LINE
8
BLACK
6
CONTINUOUS
10
0.3729594881889764
20
0.70116
11
0.3714392125984252
21
0.7017897244094488
0
LINE
8
BLACK
6
CONTINUOUS
10
0.3714392125984252
20
0.7017897244094488
11
0.3708094881889764
21
0.70331
0
LINE
8
BLACK
6
CONTINUOUS
10
0.3708094881889764
20
0.70331
11
0.3714392125984252
21
0.7048302755905511
0
LINE
8
BLACK
6
CONTINUOUS
10
0.3714392125984252
20
0.7048302755905511
11
0.3729594881889764
21
0.70546
0
LINE
8
BLACK
6
CONTINUOUS
10
0.3729594881889764
20
0.70546
11
0.3823404330708661
21
0.70546
0
LINE
8
BLACK
6
CONTINUOUS
10
0.3823404330708661
20
0.70546
11
0.3830089763779527
21
0.7051830708661417
0
LINE
8
BLACK
6
CONTINUOUS
10
0.4035607086614173
20
0.7048302755905511
11
0.4041904330708661
21
0.70331
0
LINE
8
BLACK
6
CONTINUOUS
10
0.4041904330708661
20
0.70331
11
0.4041904330708661
21
0.6836099999999999
0
LINE
8
BLACK
6
CONTINUOUS
10
0.4041904330708661
20
0.6836099999999999
11
0.4035607086614173
21
0.6820897244094488
0
LINE
8
BLACK
6
CONTINUOUS
10
0.4035607086614173
20
0.6820897244094488
11
0.4020404330708661
21
0.68146
0
LINE
8
BLACK
6
CONTINUOUS
10
0.4020404330708661
20
0.68146
11
0.4005201574803149
21
0.6820897244094488
0
LINE
8
BLACK
6
CONTINUOUS
10
0.4005201574803149
20
0.6820897244094488
11
0.3998904330708661
21
0.6836099999999999
0
LINE
8
BLACK
6
CONTINUOUS
10
0.3998904330708661
20
0.6836099999999999
11
0.3998904330708661
21
0.6908409448818897
0
LINE
8
BLACK
6
CONTINUOUS
10
0.3998904330708661
20
0.6908409448818897
11
0.3984693700787402
21
0.6908409448818897
0
LINE
8
BLACK
6
CONTINUOUS
10
0.3984693700787402
20
0.6908409448818897
11
0.3925446456692913
21
0.6823770472440944
0
LINE
8
BLACK
6
CONTINUOUS
10
0.3925446456692913
20
0.6823770472440944
11
0.3911569291338582
21
0.6814927165354331
0
LINE
8
BLACK
6
CONTINUOUS
10
0.3911569291338582
20
0.6814927165354331
11
0.3895503543307087
21
0.6818486614173228
0
LINE
8
BLACK
6
CONTINUOUS
10
0.3895503543307087
20
0.6818486614173228
11
0.3886660236220472
21
0.6832363779527559
0
LINE
8
BLACK
6
CONTINUOUS
10
0.3886660236220472
20
0.6832363779527559
11
0.389021968503937
21
0.6848429527559055
0
LINE
8
BLACK
6
CONTINUOUS
10
0.389021968503937
20
0.6848429527559055
11
0.3934299212598425
21
0.6911400393700787
0
LINE
8
BLACK
6
CONTINUOUS
10
0.3934299212598425
20
0.6911400393700787
11
0.3916979527559055
21
0.692006062992126
0
LINE
8
BLACK
6
CONTINUOUS
10
0.3916979527559055
20
0.692006062992126
11
0.3914661023622047
21
0.6922733464566929
0
LINE
8
BLACK
6
CONTINUOUS
10
0.3914661023622047
20
0.6922733464566929
11
0.3911392125984252
21
0.6924087795275591
0
LINE
8
BLACK
6
CONTINUOUS
10
0.3911392125984252
20
0.6924087795275591
11
0.3902011417322834
21
0.6933468503937008
0
LINE
8
BLACK
6
CONTINUOUS
10
0.3902011417322834
20
0.6933468503937008
11
0.3900657086614173
21
0.6936737401574803
0
LINE
8
BLACK
6
CONTINUOUS
10
0.3900657086614173
20
0.6936737401574803
11
0.3897983858267716
21
0.6939056299212598
0
LINE
8
BLACK
6
CONTINUOUS
10
0.3897983858267716
20
0.6939056299212598
11
0.3888602755905512
21
0.6957818503937008
0
LINE
8
BLACK
6
CONTINUOUS
10
0.3888602755905512
20
0.6957818503937008
11
0.3888248031496063
21
0.6962809842519685
0
LINE
8
BLACK
6
CONTINUOUS
10
0.3888248031496063
20
0.6962809842519685
11
0.3886333070866141
21
0.6967433464566929
0
LINE
8
BLACK
6
CONTINUOUS
10
0.3886333070866141
20
0.6967433464566929
11
0.3886333070866141
21
0.6995575984251968
0
LINE
8
BLACK
6
CONTINUOUS
10
0.3886333070866141
20
0.6995575984251968
11
0.3888248031496063
21
0.7000199212598425
0
LINE
8
BLACK
6
CONTINUOUS
10
0.3888248031496063
20
0.7000199212598425
11
0.3888602755905512
21
0.7005190944881889
0
LINE
8
BLACK
6
CONTINUOUS
10
0.3888602755905512
20
0.7005190944881889
11
0.3897983858267716
21
0.7023953149606299
0
LINE
8
BLACK
6
CONTINUOUS
10
0.3897983858267716
20
0.7023953149606299
11
0.3900657086614173
21
0.7026271653543307
0
LINE
8
BLACK
6
CONTINUOUS
10
0.3900657086614173
20
0.7026271653543307
11
0.3902011417322834
21
0.7029540944881889
0
LINE
8
BLACK
6
CONTINUOUS
10
0.3902011417322834
20
0.7029540944881889
11
0.3911392125984252
21
0.7038921653543307
0
LINE
8
BLACK
6
CONTINUOUS
10
0.3911392125984252
20
0.7038921653543307
11
0.3914661023622047
21
0.704027559055118
0
LINE
8
BLACK
6
CONTINUOUS
10
0.3914661023622047
20
0.704027559055118
11
0.3916979527559055
21
0.7042948818897637
0
LINE
8
BLACK
6
CONTINUOUS
10
0.3916979527559055
20
0.7042948818897637
11
0.3935741338582677
21
0.7052329921259842
0
LINE
8
BLACK
6
CONTINUOUS
10
0.3935741338582677
20
0.7052329921259842
11
0.3940732677165354
21
0.7052684645669292
0
LINE
8
BLACK
6
CONTINUOUS
10
0.3940732677165354
20
0.7052684645669292
11
0.3945356692913386
21
0.70546
0
LINE
8
BLACK
6
CONTINUOUS
10
0.3945356692913386
20
0.70546
11
0.4020404330708661
21
0.70546
0
LINE
8
BLACK
6
CONTINUOUS
10
0.4020404330708661
20
0.70546
11
0.4035607086614173
21
0.7048302755905511
0
LINE
8
BLACK
6
CONTINUOUS
10
0.393933031496063
20
0.7006048818897638
11
0.3934884251968504
21
0.7001602755905512
0
LINE
8
BLACK
6
CONTINUOUS
10
0.3934884251968504
20
0.7001602755905512
11
0.3929333070866142
21
0.6990500393700787
0
LINE
8
BLACK
6
CONTINUOUS
10
0.3929333070866142
20
0.6990500393700787
11
0.3929333070866142
21
0.697250905511811
0
LINE
8
BLACK
6
CONTINUOUS
10
0.3929333070866142
20
0.697250905511811
11
0.3934884251968504
21
0.6961406692913386
0
LINE
8
BLACK
6
CONTINUOUS
10
0.3934884251968504
20
0.6961406692913386
11
0.393933031496063
21
0.6956960236220472
0
LINE
8
BLACK
6
CONTINUOUS
10
0.393933031496063
20
0.6956960236220472
11
0.3950432677165354
21
0.6951409448818897
0
LINE
8
BLACK
6
CONTINUOUS
10
0.3950432677165354
20
0.6951409448818897
11
0.3998904330708661
21
0.6951409448818897
0
LINE
8
BLACK
6
CONTINUOUS
10
0.3998904330708661
20
0.6951409448818897
11
0.3998904330708661
21
0.70116
0
LINE
8
BLACK
6
CONTINUOUS
10
0.3998904330708661
20
0.70116
11
0.3950432677165354
21
0.70116
0
LINE
8
BLACK
6
CONTINUOUS
10
0.3950432677165354
20
0.70116
11
0.393933031496063
21
0.7006048818897638
0
LINE
8
BLACK
6
CONTINUOUS
10
0.4478835039370079
20
0.7928851181102362
11
0.4480127559055118
21
0.7929079133858268
0
LINE
8
BLACK
6
CONTINUOUS
10
0.4480127559055118
20
0.7929079133858268
11
0.4481263385826771
21
0.7928422834645669
0
LINE
8
BLACK
6
CONTINUOUS
10
0.4481263385826771
20
0.7928422834645669
11
0.4485099212598425
21
0.7927746850393701
0
LINE
8
BLACK
6
CONTINUOUS
10
0.4485099212598425
20
0.7927746850393701
11
0.4490975984251969
21
0.7922815354330709
0
LINE
8
BLACK
6
CONTINUOUS
10
0.4490975984251969
20
0.7922815354330709
11
0.4497619291338583
21
0.7918979921259842
0
LINE
8
BLACK
6
CONTINUOUS
10
0.4497619291338583
20
0.7918979921259842
11
0.449853031496063
21
0.7916476377952756
0
LINE
8
BLACK
6
CONTINUOUS
10
0.449853031496063
20
0.7916476377952756
11
0.4500571653543307
21
0.7914763779527559
0
LINE
8
BLACK
6
CONTINUOUS
10
0.4500571653543307
20
0.7914763779527559
11
0.4501903937007874
21
0.7907207874015748
0
LINE
8
BLACK
6
CONTINUOUS
10
0.4501903937007874
20
0.7907207874015748
11
0.4504527559055118
21
0.79
0
LINE
8
BLACK
6
CONTINUOUS
10
0.4504527559055118
20
0.79
11
0.4504527559055118
21
0.7376196456692913
0
LINE
8
BLACK
6
CONTINUOUS
10
0.4504527559055118
20
0.7376196456692913
11
0.4507303543307086
21
0.7377533464566929
0
LINE
8
BLACK
6
CONTINUOUS
10
0.4507303543307086
20
0.7377533464566929
11
0.4542696456692913
21
0.7377533464566929
0
LINE
8
BLACK
6
CONTINUOUS
10
0.4542696456692913
20
0.7377533464566929
11
0.4574584645669291
21
0.7362177165354331
0
LINE
8
BLACK
6
CONTINUOUS
10
0.4574584645669291
20
0.7362177165354331
11
0.4596651968503937
21
0.7334505905511811
0
LINE
8
BLACK
6
CONTINUOUS
10
0.4596651968503937
20
0.7334505905511811
11
0.4604527559055118
21
0.73
0
LINE
8
BLACK
6
CONTINUOUS
10
0.4604527559055118
20
0.73
11
0.4596651968503937
21
0.7265494094488189
0
LINE
8
BLACK
6
CONTINUOUS
10
0.4596651968503937
20
0.7265494094488189
11
0.4574584645669291
21
0.723782283464567
0
LINE
8
BLACK
6
CONTINUOUS
10
0.4574584645669291
20
0.723782283464567
11
0.4542696456692913
21
0.7222466535433071
0
LINE
8
BLACK
6
CONTINUOUS
10
0.4542696456692913
20
0.7222466535433071
11
0.4507303543307086
21
0.7222466535433071
0
LINE
8
BLACK
6
CONTINUOUS
10
0.4507303543307086
20
0.7222466535433071
11
0.4475415354330708
21
0.723782283464567
0
LINE
8
BLACK
6
CONTINUOUS
10
0.4475415354330708
20
0.723782283464567
11
0.4453348031496063
21
0.7265494094488189
0
LINE
8
BLACK
6
CONTINUOUS
10
0.4453348031496063
20
0.7265494094488189
11
0.4452211811023622
21
0.7270472440944882
0
LINE
8
BLACK
6
CONTINUOUS
10
0.4452211811023622
20
0.7270472440944882
11
0.4075
21
0.7270472440944882
0
LINE
8
BLACK
6
CONTINUOUS
10
0.4075
20
0.7270472440944882
11
0.4064900787401575
21
0.7272253149606299
0
LINE
8
BLACK
6
CONTINUOUS
10
0.4064900787401575
20
0.7272253149606299
11
0.4049428346456693
21
0.7285236220472441
0
LINE
8
BLACK
6
CONTINUOUS
10
0.4049428346456693
20
0.7285236220472441
11
0.4045920866141732
21
0.7305127559055118
0
LINE
8
BLACK
6
CONTINUOUS
10
0.4045920866141732
20
0.7305127559055118
11
0.4056020078740157
21
0.7322619291338582
0
LINE
8
BLACK
6
CONTINUOUS
10
0.4056020078740157
20
0.7322619291338582
11
0.4075
21
0.7329527559055118
0
LINE
8
BLACK
6
CONTINUOUS
10
0.4075
20
0.7329527559055118
11
0.4445472440944882
21
0.7329527559055118
0
LINE
8
BLACK
6
CONTINUOUS
10
0.4445472440944882
20
0.7329527559055118
11
0.4445472440944882
21
0.7870472440944881
0
LINE
8
BLACK
6
CONTINUOUS
10
0.4445472440944882
20
0.7870472440944881
11
0.4075
21
0.7870472440944881
0
LINE
8
BLACK
6
CONTINUOUS
10
0.4075
20
0.7870472440944881
11
0.4064900787401575
21
0.7872253149606299
0
LINE
8
BLACK
6
CONTINUOUS
10
0.4064900787401575
20
0.7872253149606299
11
0.4049428346456693
21
0.788523622047244
0
LINE
8
BLACK
6
CONTINUOUS
10
0.4049428346456693
20
0.788523622047244
11
0.4045920866141732
21
0.7905127559055118
0
LINE
8
BLACK
6
CONTINUOUS
10
0.4045920866141732
20
0.7905127559055118
11
0.4056020078740157
21
0.7922619291338583
0
LINE
8
BLACK
6
CONTINUOUS
10
0.4056020078740157
20
0.7922619291338583
11
0.4075
21
0.7929527559055118
0
LINE
8
BLACK
6
CONTINUOUS
10
0.4075
20
0.7929527559055118
11
0.4475
21
0.7929527559055118
0
LINE
8
BLACK
6
CONTINUOUS
10
0.4475
20
0.7929527559055118
11
0.4478835039370079
21
0.7928851181102362
0
LINE
8
BLACK
6
CONTINUOUS
10
0.4509331102362205
20
0.7315668897637795
11
0.4504527559055118
21
0.7304071653543307
0
LINE
8
BLACK
6
CONTINUOUS
10
0.4504527559055118
20
0.7304071653543307
11
0.4504527559055118
21
0.73
0
LINE
8
BLACK
6
CONTINUOUS
10
0.4504527559055118
20
0.73
11
0.4504023622047244
21
0.7297143700787402
0
LINE
8
BLACK
6
CONTINUOUS
10
0.4504023622047244
20
0.7297143700787402
11
0.4509331102362205
21
0.7284331102362205
0
LINE
8
BLACK
6
CONTINUOUS
10
0.4509331102362205
20
0.7284331102362205
11
0.4525
21
0.7277840944881889
0
LINE
8
BLACK
6
CONTINUOUS
10
0.4525
20
0.7277840944881889
11
0.4540668897637795
21
0.7284331102362205
0
LINE
8
BLACK
6
CONTINUOUS
10
0.4540668897637795
20
0.7284331102362205
11
0.454715905511811
21
0.73
0
LINE
8
BLACK
6
CONTINUOUS
10
0.454715905511811
20
0.73
11
0.4540668897637795
21
0.7315668897637795
0
LINE
8
BLACK
6
CONTINUOUS
10
0.4540668897637795
20
0.7315668897637795
11
0.4525
21
0.732215905511811
0
LINE
8
BLACK
6
CONTINUOUS
10
0.4525
20
0.732215905511811
11
0.4509331102362205
21
0.7315668897637795
0
LINE
8
BLACK
6
CONTINUOUS
10
0.3685099212598425
20
0.7927746850393701
11
0.3700571653543307
21
0.7914763779527559
0
LINE
8
BLACK
6
CONTINUOUS
10
0.3700571653543307
20
0.7914763779527559
11
0.3704079133858267
21
0.7894872440944881
0
LINE
8
BLACK
6
CONTINUOUS
10
0.3704079133858267
20
0.7894872440944881
11
0.3693979921259842
21
0.7877380708661417
0
LINE
8
BLACK
6
CONTINUOUS
10
0.3693979921259842
20
0.7877380708661417
11
0.3675
21
0.7870472440944881
0
LINE
8
BLACK
6
CONTINUOUS
10
0.3675
20
0.7870472440944881
11
0.3304527559055118
21
0.7870472440944881
0
LINE
8
BLACK
6
CONTINUOUS
10
0.3304527559055118
20
0.7870472440944881
11
0.3304527559055118
21
0.7329527559055118
0
LINE
8
BLACK
6
CONTINUOUS
10
0.3304527559055118
20
0.7329527559055118
11
0.3675
21
0.7329527559055118
0
LINE
8
BLACK
6
CONTINUOUS
10
0.3675
20
0.7329527559055118
11
0.3685099212598425
21
0.73277468503937
0
LINE
8
BLACK
6
CONTINUOUS
10
0.3685099212598425
20
0.73277468503937
11
0.3700571653543307
21
0.7314763779527559
0
LINE
8
BLACK
6
CONTINUOUS
10
0.3700571653543307
20
0.7314763779527559
11
0.3704079133858267
21
0.7294872440944882
0
LINE
8
BLACK
6
CONTINUOUS
10
0.3704079133858267
20
0.7294872440944882
11
0.3693979921259842
21
0.7277380708661417
0
LINE
8
BLACK
6
CONTINUOUS
10
0.3693979921259842
20
0.7277380708661417
11
0.3675
21
0.7270472440944882
0
LINE
8
BLACK
6
CONTINUOUS
10
0.3675
20
0.7270472440944882
11
0.3275
21
0.7270472440944882
0
LINE
8
BLACK
6
CONTINUOUS
10
0.3275
20
0.7270472440944882
11
0.3271164566929134
21
0.7271148425196851
0
LINE
8
BLACK
6
CONTINUOUS
10
0.3271164566929134
20
0.7271148425196851
11
0.3269872440944882
21
0.7270920866141732
0
LINE
8
BLACK
6
CONTINUOUS
10
0.3269872440944882
20
0.7270920866141732
11
0.3268736220472441
21
0.7271576771653543
0
LINE
8
BLACK
6
CONTINUOUS
10
0.3268736220472441
20
0.7271576771653543
11
0.3264900787401575
21
0.7272253149606299
0
LINE
8
BLACK
6
CONTINUOUS
10
0.3264900787401575
20
0.7272253149606299
11
0.3259023622047244
21
0.7277184251968504
0
LINE
8
BLACK
6
CONTINUOUS
10
0.3259023622047244
20
0.7277184251968504
11
0.3252380708661417
21
0.7281020078740157
0
LINE
8
BLACK
6
CONTINUOUS
10
0.3252380708661417
20
0.7281020078740157
11
0.3251469291338583
21
0.7283523228346457
0
LINE
8
BLACK
6
CONTINUOUS
10
0.3251469291338583
20
0.7283523228346457
11
0.3249428346456693
21
0.7285236220472441
0
LINE
8
BLACK
6
CONTINUOUS
10
0.3249428346456693
20
0.7285236220472441
11
0.3248095669291339
21
0.7292791732283465
0
LINE
8
BLACK
6
CONTINUOUS
10
0.3248095669291339
20
0.7292791732283465
11
0.3245472440944882
21
0.73
0
LINE
8
BLACK
6
CONTINUOUS
10
0.3245472440944882
20
0.73
11
0.3245472440944882
21
0.79
0
LINE
8
BLACK
6
CONTINUOUS
10
0.3245472440944882
20
0.79
11
0.324614842519685
21
0.7903835039370078
0
LINE
8
BLACK
6
CONTINUOUS
10
0.324614842519685
20
0.7903835039370078
11
0.3245920866141732
21
0.7905127559055118
0
LINE
8
BLACK
6
CONTINUOUS
10
0.3245920866141732
20
0.7905127559055118
11
0.3246576771653543
21
0.7906263385826772
0
LINE
8
BLACK
6
CONTINUOUS
10
0.3246576771653543
20
0.7906263385826772
11
0.3247253149606299
21
0.7910099212598425
0
LINE
8
BLACK
6
CONTINUOUS
10
0.3247253149606299
20
0.7910099212598425
11
0.3252184251968504
21
0.7915975984251968
0
LINE
8
BLACK
6
CONTINUOUS
10
0.3252184251968504
20
0.7915975984251968
11
0.3256020078740157
21
0.7922619291338583
0
LINE
8
BLACK
6
CONTINUOUS
10
0.3256020078740157
20
0.7922619291338583
11
0.3258523228346457
21
0.792353031496063
0
LINE
8
BLACK
6
CONTINUOUS
10
0.3258523228346457
20
0.792353031496063
11
0.3260236220472441
21
0.7925571653543307
0
LINE
8
BLACK
6
CONTINUOUS
10
0.3260236220472441
20
0.7925571653543307
11
0.3267791732283464
21
0.7926903937007874
0
LINE
8
BLACK
6
CONTINUOUS
10
0.3267791732283464
20
0.7926903937007874
11
0.3275
21
0.7929527559055118
0
LINE
8
BLACK
6
CONTINUOUS
10
0.3275
20
0.7929527559055118
11
0.3675
21
0.7929527559055118
0
LINE
8
BLACK
6
CONTINUOUS
10
0.3675
20
0.7929527559055118
11
0.3685099212598425
21
0.7927746850393701
0
LINE
8
BLACK
6
CONTINUOUS
10
0.3873035826771654
20
0.7573302755905512
11
0.3879333070866142
21
0.75581
0
LINE
8
BLACK
6
CONTINUOUS
10
0.3879333070866142
20
0.75581
11
0.3879333070866142
21
0.7361099999999999
0
LINE
8
BLACK
6
CONTINUOUS
10
0.3879333070866142
20
0.7361099999999999
11
0.3873035826771654
21
0.7345897244094488
0
LINE
8
BLACK
6
CONTINUOUS
10
0.3873035826771654
20
0.7345897244094488
11
0.3857833070866142
21
0.7339599999999999
0
LINE
8
BLACK
6
CONTINUOUS
10
0.3857833070866142
20
0.7339599999999999
11
0.384263031496063
21
0.7345897244094488
0
LINE
8
BLACK
6
CONTINUOUS
10
0.384263031496063
20
0.7345897244094488
11
0.3836333070866141
21
0.7361099999999999
0
LINE
8
BLACK
6
CONTINUOUS
10
0.3836333070866141
20
0.7361099999999999
11
0.3836333070866141
21
0.7396663385826772
0
LINE
8
BLACK
6
CONTINUOUS
10
0.3836333070866141
20
0.7396663385826772
11
0.3799985433070866
21
0.73482
0
LINE
8
BLACK
6
CONTINUOUS
10
0.3799985433070866
20
0.73482
11
0.3785825984251968
21
0.7339816141732284
0
LINE
8
BLACK
6
CONTINUOUS
10
0.3785825984251968
20
0.7339816141732284
11
0.3769885433070866
21
0.73439
0
LINE
8
BLACK
6
CONTINUOUS
10
0.3769885433070866
20
0.73439
11
0.3761501574803149
21
0.7358059448818898
0
LINE
8
BLACK
6
CONTINUOUS
10
0.3761501574803149
20
0.7358059448818898
11
0.3765585433070866
21
0.7373999999999999
0
LINE
8
BLACK
6
CONTINUOUS
10
0.3765585433070866
20
0.7373999999999999
11
0.3810683070866142
21
0.7434129921259842
0
LINE
8
BLACK
6
CONTINUOUS
10
0.3810683070866142
20
0.7434129921259842
11
0.3767582677165354
21
0.7477230708661418
0
LINE
8
BLACK
6
CONTINUOUS
10
0.3767582677165354
20
0.7477230708661418
11
0.3761285433070866
21
0.7492433464566929
0
LINE
8
BLACK
6
CONTINUOUS
10
0.3761285433070866
20
0.7492433464566929
11
0.3767582677165354
21
0.7507636220472441
0
LINE
8
BLACK
6
CONTINUOUS
10
0.3767582677165354
20
0.7507636220472441
11
0.3782785433070866
21
0.7513933464566929
0
LINE
8
BLACK
6
CONTINUOUS
10
0.3782785433070866
20
0.7513933464566929
11
0.3797988188976378
21
0.7507636220472441
0
LINE
8
BLACK
6
CONTINUOUS
10
0.3797988188976378
20
0.7507636220472441
11
0.3836333070866141
21
0.7469291338582676
0
LINE
8
BLACK
6
CONTINUOUS
10
0.3836333070866141
20
0.7469291338582676
11
0.3836333070866141
21
0.75581
0
LINE
8
BLACK
6
CONTINUOUS
10
0.3836333070866141
20
0.75581
11
0.384263031496063
21
0.7573302755905512
0
LINE
8
BLACK
6
CONTINUOUS
10
0.384263031496063
20
0.7573302755905512
11
0.3857833070866142
21
0.75796
0
LINE
8
BLACK
6
CONTINUOUS
10
0.3857833070866142
20
0.75796
11
0.3873035826771654
21
0.7573302755905512
0
LINE
8
BLACK
6
CONTINUOUS
10
0.4017543307086614
20
0.7586711417322834
11
0.4028325196850394
21
0.7574279921259842
0
LINE
8
BLACK
6
CONTINUOUS
10
0.4028325196850394
20
0.7574279921259842
11
0.4075229527559055
21
0.7433565748031495
0
LINE
8
BLACK
6
CONTINUOUS
10
0.4075229527559055
20
0.7433565748031495
11
0.4074978346456693
21
0.7430036220472441
0
LINE
8
BLACK
6
CONTINUOUS
10
0.4074978346456693
20
0.7430036220472441
11
0.4076333070866142
21
0.742676653543307
0
LINE
8
BLACK
6
CONTINUOUS
10
0.4076333070866142
20
0.742676653543307
11
0.4074417322834645
21
0.7422142125984251
0
LINE
8
BLACK
6
CONTINUOUS
10
0.4074417322834645
20
0.7422142125984251
11
0.4074062992125984
21
0.7417151574803149
0
LINE
8
BLACK
6
CONTINUOUS
10
0.4074062992125984
20
0.7417151574803149
11
0.4071390157480315
21
0.7414833070866141
0
LINE
8
BLACK
6
CONTINUOUS
10
0.4071390157480315
20
0.7414833070866141
11
0.4070035826771654
21
0.7411563779527559
0
LINE
8
BLACK
6
CONTINUOUS
10
0.4070035826771654
20
0.7411563779527559
11
0.4065411811023622
21
0.740964842519685
0
LINE
8
BLACK
6
CONTINUOUS
10
0.4065411811023622
20
0.740964842519685
11
0.4061631889763779
21
0.7406370078740158
0
LINE
8
BLACK
6
CONTINUOUS
10
0.4061631889763779
20
0.7406370078740158
11
0.4058102755905512
21
0.7406620866141732
0
LINE
8
BLACK
6
CONTINUOUS
10
0.4058102755905512
20
0.7406620866141732
11
0.4054833070866142
21
0.740526653543307
0
LINE
8
BLACK
6
CONTINUOUS
10
0.4054833070866142
20
0.740526653543307
11
0.3982523622047244
21
0.740526653543307
0
LINE
8
BLACK
6
CONTINUOUS
10
0.3982523622047244
20
0.740526653543307
11
0.3982523622047244
21
0.7361099999999999
0
LINE
8
BLACK
6
CONTINUOUS
10
0.3982523622047244
20
0.7361099999999999
11
0.3976226377952756
21
0.7345897244094488
0
LINE
8
BLACK
6
CONTINUOUS
10
0.3976226377952756
20
0.7345897244094488
11
0.3961023622047244
21
0.7339599999999999
0
LINE
8
BLACK
6
CONTINUOUS
10
0.3961023622047244
20
0.7339599999999999
11
0.3945820866141732
21
0.7345897244094488
0
LINE
8
BLACK
6
CONTINUOUS
10
0.3945820866141732
20
0.7345897244094488
11
0.3939523622047244
21
0.7361099999999999
0
LINE
8
BLACK
6
CONTINUOUS
10
0.3939523622047244
20
0.7361099999999999
11
0.3939523622047244
21
0.740526653543307
0
LINE
8
BLACK
6
CONTINUOUS
10
0.3939523622047244
20
0.740526653543307
11
0.3932880708661417
21
0.740526653543307
0
LINE
8
BLACK
6
CONTINUOUS
10
0.3932880708661417
20
0.740526653543307
11
0.3917677952755905
21
0.7411563779527559
0
LINE
8
BLACK
6
CONTINUOUS
10
0.3917677952755905
20
0.7411563779527559
11
0.3911380708661417
21
0.742676653543307
0
LINE
8
BLACK
6
CONTINUOUS
10
0.3911380708661417
20
0.742676653543307
11
0.3917677952755905
21
0.7441969291338583
0
LINE
8
BLACK
6
CONTINUOUS
10
0.3917677952755905
20
0.7441969291338583
11
0.3932880708661417
21
0.744826653543307
0
LINE
8
BLACK
6
CONTINUOUS
10
0.3932880708661417
20
0.744826653543307
11
0.3939523622047244
21
0.744826653543307
0
LINE
8
BLACK
6
CONTINUOUS
10
0.3939523622047244
20
0.744826653543307
11
0.3939523622047244
21
0.7492433464566929
0
LINE
8
BLACK
6
CONTINUOUS
10
0.3939523622047244
20
0.7492433464566929
11
0.3945820866141732
21
0.7507636220472441
0
LINE
8
BLACK
6
CONTINUOUS
10
0.3945820866141732
20
0.7507636220472441
11
0.3961023622047244
21
0.7513933464566929
0
LINE
8
BLACK
6
CONTINUOUS
10
0.3961023622047244
20
0.7513933464566929
11
0.3976226377952756
21
0.7507636220472441
0
LINE
8
BLACK
6
CONTINUOUS
10
0.3976226377952756
20
0.7507636220472441
11
0.3982523622047244
21
0.7492433464566929
0
LINE
8
BLACK
6
CONTINUOUS
10
0.3982523622047244
20
0.7492433464566929
11
0.3982523622047244
21
0.744826653543307
0
LINE
8
BLACK
6
CONTINUOUS
10
0.3982523622047244
20
0.744826653543307
11
0.4025003149606299
21
0.744826653543307
0
LINE
8
BLACK
6
CONTINUOUS
10
0.4025003149606299
20
0.744826653543307
11
0.3987531496062992
21
0.7560682283464567
0
LINE
8
BLACK
6
CONTINUOUS
10
0.3987531496062992
20
0.7560682283464567
11
0.3988698031496063
21
0.7577096062992126
0
LINE
8
BLACK
6
CONTINUOUS
10
0.3988698031496063
20
0.7577096062992126
11
0.4001129527559055
21
0.7587877952755905
0
LINE
8
BLACK
6
CONTINUOUS
10
0.4001129527559055
20
0.7587877952755905
11
0.4017543307086614
21
0.7586711417322834
0
LINE
8
BLACK
6
CONTINUOUS
10
0.3732321653543307
20
0.7573302755905512
11
0.3738618897637795
21
0.75581
0
LINE
8
BLACK
6
CONTINUOUS
10
0.3738618897637795
20
0.75581
11
0.3732321653543307
21
0.7542897244094487
0
LINE
8
BLACK
6
CONTINUOUS
10
0.3732321653543307
20
0.7542897244094487
11
0.3717118897637795
21
0.75366
0
LINE
8
BLACK
6
CONTINUOUS
10
0.3717118897637795
20
0.75366
11
0.361839094488189
21
0.75366
0
LINE
8
BLACK
6
CONTINUOUS
10
0.361839094488189
20
0.75366
11
0.3689975590551181
21
0.7369569291338582
0
LINE
8
BLACK
6
CONTINUOUS
10
0.3689975590551181
20
0.7369569291338582
11
0.3690176377952756
21
0.7353115354330708
0
LINE
8
BLACK
6
CONTINUOUS
10
0.3690176377952756
20
0.7353115354330708
11
0.3678683464566929
21
0.7341338582677165
0
LINE
8
BLACK
6
CONTINUOUS
10
0.3678683464566929
20
0.7341338582677165
11
0.3662229133858267
21
0.7341137795275591
0
LINE
8
BLACK
6
CONTINUOUS
10
0.3662229133858267
20
0.7341137795275591
11
0.3650452362204724
21
0.7352630708661417
0
LINE
8
BLACK
6
CONTINUOUS
10
0.3650452362204724
20
0.7352630708661417
11
0.3566024015748032
21
0.7549630708661417
0
LINE
8
BLACK
6
CONTINUOUS
10
0.3566024015748032
20
0.7549630708661417
11
0.3565970078740157
21
0.7554032283464567
0
LINE
8
BLACK
6
CONTINUOUS
10
0.3565970078740157
20
0.7554032283464567
11
0.3564285433070866
21
0.75581
0
LINE
8
BLACK
6
CONTINUOUS
10
0.3564285433070866
20
0.75581
11
0.3565873622047244
21
0.7561934645669292
0
LINE
8
BLACK
6
CONTINUOUS
10
0.3565873622047244
20
0.7561934645669292
11
0.3565823228346456
21
0.7566085039370078
0
LINE
8
BLACK
6
CONTINUOUS
10
0.3565823228346456
20
0.7566085039370078
11
0.3568897637795275
21
0.7569235433070866
0
LINE
8
BLACK
6
CONTINUOUS
10
0.3568897637795275
20
0.7569235433070866
11
0.3570582677165354
21
0.7573302755905512
0
LINE
8
BLACK
6
CONTINUOUS
10
0.3570582677165354
20
0.7573302755905512
11
0.3574417322834645
21
0.7574890944881889
0
LINE
8
BLACK
6
CONTINUOUS
10
0.3574417322834645
20
0.7574890944881889
11
0.3577316141732284
21
0.7577861417322834
0
LINE
8
BLACK
6
CONTINUOUS
10
0.3577316141732284
20
0.7577861417322834
11
0.3581717716535433
21
0.7577914960629921
0
LINE
8
BLACK
6
CONTINUOUS
10
0.3581717716535433
20
0.7577914960629921
11
0.3585785433070866
21
0.75796
0
LINE
8
BLACK
6
CONTINUOUS
10
0.3585785433070866
20
0.75796
11
0.3717118897637795
21
0.75796
0
LINE
8
BLACK
6
CONTINUOUS
10
0.3717118897637795
20
0.75796
11
0.3732321653543307
21
0.7573302755905512
0
LINE
8
BLACK
6
CONTINUOUS
10
0.3781122834645669
20
0.7852684645669291
11
0.3786114566929134
21
0.7852330314960629
0
LINE
8
BLACK
6
CONTINUOUS
10
0.3786114566929134
20
0.7852330314960629
11
0.3804876771653543
21
0.7842949212598425
0
LINE
8
BLACK
6
CONTINUOUS
10
0.3804876771653543
20
0.7842949212598425
11
0.3807195275590551
21
0.7840275590551181
0
LINE
8
BLACK
6
CONTINUOUS
10
0.3807195275590551
20
0.7840275590551181
11
0.3810464566929134
21
0.7838921653543307
0
LINE
8
BLACK
6
CONTINUOUS
10
0.3810464566929134
20
0.7838921653543307
11
0.3819845275590551
21
0.782954094488189
0
LINE
8
BLACK
6
CONTINUOUS
10
0.3819845275590551
20
0.782954094488189
11
0.3820692125984252
21
0.7827495669291339
0
LINE
8
BLACK
6
CONTINUOUS
10
0.3820692125984252
20
0.7827495669291339
11
0.3822531496062992
21
0.7826264173228347
0
LINE
8
BLACK
6
CONTINUOUS
10
0.3822531496062992
20
0.7826264173228347
11
0.3841293700787402
21
0.779812125984252
0
LINE
8
BLACK
6
CONTINUOUS
10
0.3841293700787402
20
0.779812125984252
11
0.3842023622047244
21
0.7794430708661417
0
LINE
8
BLACK
6
CONTINUOUS
10
0.3842023622047244
20
0.7794430708661417
11
0.384426220472441
21
0.7791409842519685
0
LINE
8
BLACK
6
CONTINUOUS
10
0.384426220472441
20
0.7791409842519685
11
0.3853643307086614
21
0.7753885826771654
0
LINE
8
BLACK
6
CONTINUOUS
10
0.3853643307086614
20
0.7753885826771654
11
0.3853242125984252
21
0.7751189763779527
0
LINE
8
BLACK
6
CONTINUOUS
10
0.3853242125984252
20
0.7751189763779527
11
0.3854285433070866
21
0.774867125984252
0
LINE
8
BLACK
6
CONTINUOUS
10
0.3854285433070866
20
0.774867125984252
11
0.3854285433070866
21
0.7673623622047244
0
LINE
8
BLACK
6
CONTINUOUS
10
0.3854285433070866
20
0.7673623622047244
11
0.3852370078740157
21
0.7668999606299213
0
LINE
8
BLACK
6
CONTINUOUS
10
0.3852370078740157
20
0.7668999606299213
11
0.3852015354330708
21
0.7664008267716536
0
LINE
8
BLACK
6
CONTINUOUS
10
0.3852015354330708
20
0.7664008267716536
11
0.3842634251968504
21
0.7645246456692913
0
LINE
8
BLACK
6
CONTINUOUS
10
0.3842634251968504
20
0.7645246456692913
11
0.3839961023622047
21
0.7642927952755906
0
LINE
8
BLACK
6
CONTINUOUS
10
0.3839961023622047
20
0.7642927952755906
11
0.3838607086614173
21
0.763965905511811
0
LINE
8
BLACK
6
CONTINUOUS
10
0.3838607086614173
20
0.763965905511811
11
0.3829226377952756
21
0.7630278346456693
0
LINE
8
BLACK
6
CONTINUOUS
10
0.3829226377952756
20
0.7630278346456693
11
0.382595748031496
21
0.7628924015748031
0
LINE
8
BLACK
6
CONTINUOUS
10
0.382595748031496
20
0.7628924015748031
11
0.3823638976377953
21
0.7626250787401575
0
LINE
8
BLACK
6
CONTINUOUS
10
0.3823638976377953
20
0.7626250787401575
11
0.3804877165354331
21
0.7616870078740158
0
LINE
8
BLACK
6
CONTINUOUS
10
0.3804877165354331
20
0.7616870078740158
11
0.3799885433070866
21
0.7616514960629921
0
LINE
8
BLACK
6
CONTINUOUS
10
0.3799885433070866
20
0.7616514960629921
11
0.3795261811023622
21
0.76146
0
LINE
8
BLACK
6
CONTINUOUS
10
0.3795261811023622
20
0.76146
11
0.375773779527559
21
0.76146
0
LINE
8
BLACK
6
CONTINUOUS
10
0.375773779527559
20
0.76146
11
0.3753113779527559
21
0.7616514960629921
0
LINE
8
BLACK
6
CONTINUOUS
10
0.3753113779527559
20
0.7616514960629921
11
0.3748122440944882
21
0.7616870078740158
0
LINE
8
BLACK
6
CONTINUOUS
10
0.3748122440944882
20
0.7616870078740158
11
0.3729360629921259
21
0.7626251181102363
0
LINE
8
BLACK
6
CONTINUOUS
10
0.3729360629921259
20
0.7626251181102363
11
0.3727042125984252
21
0.7628924015748031
0
LINE
8
BLACK
6
CONTINUOUS
10
0.3727042125984252
20
0.7628924015748031
11
0.3723773622047244
21
0.7630277952755905
0
LINE
8
BLACK
6
CONTINUOUS
10
0.3723773622047244
20
0.7630277952755905
11
0.3714392519685039
21
0.7639658661417322
0
LINE
8
BLACK
6
CONTINUOUS
10
0.3714392519685039
20
0.7639658661417322
11
0.3713038188976378
21
0.7642927952755906
0
LINE
8
BLACK
6
CONTINUOUS
10
0.3713038188976378
20
0.7642927952755906
11
0.3710364566929134
21
0.7645246850393701
0
LINE
8
BLACK
6
CONTINUOUS
10
0.3710364566929134
20
0.7645246850393701
11
0.3700983858267716
21
0.7664008661417323
0
LINE
8
BLACK
6
CONTINUOUS
10
0.3700983858267716
20
0.7664008661417323
11
0.3700629133858268
21
0.7669
0
LINE
8
BLACK
6
CONTINUOUS
10
0.3700629133858268
20
0.7669
11
0.3698714173228346
21
0.7673623622047244
0
LINE
8
BLACK
6
CONTINUOUS
10
0.3698714173228346
20
0.7673623622047244
11
0.3698714173228346
21
0.7720528346456693
0
LINE
8
BLACK
6
CONTINUOUS
10
0.3698714173228346
20
0.7720528346456693
11
0.3700629133858268
21
0.772515157480315
0
LINE
8
BLACK
6
CONTINUOUS
10
0.3700629133858268
20
0.772515157480315
11
0.3700983858267716
21
0.7730143307086614
0
LINE
8
BLACK
6
CONTINUOUS
10
0.3700983858267716
20
0.7730143307086614
11
0.3710364566929134
21
0.7748905511811024
0
LINE
8
BLACK
6
CONTINUOUS
10
0.3710364566929134
20
0.7748905511811024
11
0.3713038188976378
21
0.7751224409448819
0
LINE
8
BLACK
6
CONTINUOUS
10
0.3713038188976378
20
0.7751224409448819
11
0.3714392519685039
21
0.7754493700787402
0
LINE
8
BLACK
6
CONTINUOUS
10
0.3714392519685039
20
0.7754493700787402
11
0.3723773622047244
21
0.7763874409448819
0
LINE
8
BLACK
6
CONTINUOUS
10
0.3723773622047244
20
0.7763874409448819
11
0.3727042125984252
21
0.7765227952755905
0
LINE
8
BLACK
6
CONTINUOUS
10
0.3727042125984252
20
0.7765227952755905
11
0.3729360629921259
21
0.7767901181102362
0
LINE
8
BLACK
6
CONTINUOUS
10
0.3729360629921259
20
0.7767901181102362
11
0.3748122440944882
21
0.7777282283464567
0
LINE
8
BLACK
6
CONTINUOUS
10
0.3748122440944882
20
0.7777282283464567
11
0.3753113779527559
21
0.7777637007874015
0
LINE
8
BLACK
6
CONTINUOUS
10
0.3753113779527559
20
0.7777637007874015
11
0.375773779527559
21
0.7779552362204725
0
LINE
8
BLACK
6
CONTINUOUS
10
0.375773779527559
20
0.7779552362204725
11
0.3795261811023622
21
0.7779552362204725
0
LINE
8
BLACK
6
CONTINUOUS
10
0.3795261811023622
20
0.7779552362204725
11
0.3799885433070866
21
0.7777637007874015
0
LINE
8
BLACK
6
CONTINUOUS
10
0.3799885433070866
20
0.7777637007874015
11
0.3803438188976378
21
0.7777384251968503
0
LINE
8
BLACK
6
CONTINUOUS
10
0.3803438188976378
20
0.7777384251968503
11
0.3787934251968504
21
0.7800640551181102
0
LINE
8
BLACK
6
CONTINUOUS
10
0.3787934251968504
20
0.7800640551181102
11
0.3782526377952756
21
0.7806048818897637
0
LINE
8
BLACK
6
CONTINUOUS
10
0.3782526377952756
20
0.7806048818897637
11
0.3771424015748032
21
0.78116
0
LINE
8
BLACK
6
CONTINUOUS
10
0.3771424015748032
20
0.78116
11
0.3738975984251968
21
0.78116
0
LINE
8
BLACK
6
CONTINUOUS
10
0.3738975984251968
20
0.78116
11
0.3723773228346456
21
0.7817897244094488
0
LINE
8
BLACK
6
CONTINUOUS
10
0.3723773228346456
20
0.7817897244094488
11
0.3717475984251968
21
0.78331
0
LINE
8
BLACK
6
CONTINUOUS
10
0.3717475984251968
20
0.78331
11
0.3723773228346456
21
0.7848302755905512
0
LINE
8
BLACK
6
CONTINUOUS
10
0.3723773228346456
20
0.7848302755905512
11
0.3738975984251968
21
0.7854599999999999
0
LINE
8
BLACK
6
CONTINUOUS
10
0.3738975984251968
20
0.7854599999999999
11
0.3776499606299212
21
0.7854599999999999
0
LINE
8
BLACK
6
CONTINUOUS
10
0.3776499606299212
20
0.7854599999999999
11
0.3781122834645669
21
0.7852684645669291
0
LINE
8
BLACK
6
CONTINUOUS
10
0.3751711417322834
20
0.7731001181102362
11
0.3747264566929134
21
0.7726554330708661
0
LINE
8
BLACK
6
CONTINUOUS
10
0.3747264566929134
20
0.7726554330708661
11
0.3741714173228347
21
0.7715452755905512
0
LINE
8
BLACK
6
CONTINUOUS
10
0.3741714173228347
20
0.7715452755905512
11
0.3741714173228347
21
0.7678698818897638
0
LINE
8
BLACK
6
CONTINUOUS
10
0.3741714173228347
20
0.7678698818897638
11
0.3747264566929134
21
0.7667597244094488
0
LINE
8
BLACK
6
CONTINUOUS
10
0.3747264566929134
20
0.7667597244094488
11
0.3751711417322834
21
0.7663150787401575
0
LINE
8
BLACK
6
CONTINUOUS
10
0.3751711417322834
20
0.7663150787401575
11
0.3762813779527559
21
0.76576
0
LINE
8
BLACK
6
CONTINUOUS
10
0.3762813779527559
20
0.76576
11
0.3790186614173228
21
0.76576
0
LINE
8
BLACK
6
CONTINUOUS
10
0.3790186614173228
20
0.76576
11
0.3801287401574803
21
0.7663150393700787
0
LINE
8
BLACK
6
CONTINUOUS
10
0.3801287401574803
20
0.7663150393700787
11
0.3805734251968504
21
0.7667597244094488
0
LINE
8
BLACK
6
CONTINUOUS
10
0.3805734251968504
20
0.7667597244094488
11
0.3811285433070866
21
0.7678699212598425
0
LINE
8
BLACK
6
CONTINUOUS
10
0.3811285433070866
20
0.7678699212598425
11
0.3811285433070866
21
0.7715452755905512
0
LINE
8
BLACK
6
CONTINUOUS
10
0.3811285433070866
20
0.7715452755905512
11
0.3805734251968504
21
0.7726555118110237
0
LINE
8
BLACK
6
CONTINUOUS
10
0.3805734251968504
20
0.7726555118110237
11
0.3801287401574803
21
0.7731001574803149
0
LINE
8
BLACK
6
CONTINUOUS
10
0.3801287401574803
20
0.7731001574803149
11
0.3790186614173228
21
0.7736552362204724
0
LINE
8
BLACK
6
CONTINUOUS
10
0.3790186614173228
20
0.7736552362204724
11
0.3762813779527559
21
0.7736552362204724
0
LINE
8
BLACK
6
CONTINUOUS
10
0.3762813779527559
20
0.7736552362204724
11
0.3751711417322834
21
0.7731001181102362
0
LINE
8
BLACK
6
CONTINUOUS
10
0.4035607086614173
20
0.7848302755905512
11
0.4041904330708661
21
0.78331
0
LINE
8
BLACK
6
CONTINUOUS
10
0.4041904330708661
20
0.78331
11
0.4041904330708661
21
0.76361
0
LINE
8
BLACK
6
CONTINUOUS
10
0.4041904330708661
20
0.76361
11
0.4035607086614173
21
0.7620897244094488
0
LINE
8
BLACK
6
CONTINUOUS
10
0.4035607086614173
20
0.7620897244094488
11
0.4020404330708661
21
0.76146
0
LINE
8
BLACK
6
CONTINUOUS
10
0.4020404330708661
20
0.76146
11
0.4005201574803149
21
0.7620897244094488
0
LINE
8
BLACK
6
CONTINUOUS
10
0.4005201574803149
20
0.7620897244094488
11
0.3998904330708661
21
0.76361
0
LINE
8
BLACK
6
CONTINUOUS
10
0.3998904330708661
20
0.76361
11
0.3998904330708661
21
0.7708409448818897
0
LINE
8
BLACK
6
CONTINUOUS
10
0.3998904330708661
20
0.7708409448818897
11
0.3984693700787402
21
0.7708409448818897
0
LINE
8
BLACK
6
CONTINUOUS
10
0.3984693700787402
20
0.7708409448818897
11
0.3925446456692913
21
0.7623770472440945
0
LINE
8
BLACK
6
CONTINUOUS
10
0.3925446456692913
20
0.7623770472440945
11
0.3911569291338582
21
0.761492716535433
0
LINE
8
BLACK
6
CONTINUOUS
10
0.3911569291338582
20
0.761492716535433
11
0.3895503543307087
21
0.7618486614173228
0
LINE
8
BLACK
6
CONTINUOUS
10
0.3895503543307087
20
0.7618486614173228
11
0.3886660236220472
21
0.7632363779527559
0
LINE
8
BLACK
6
CONTINUOUS
10
0.3886660236220472
20
0.7632363779527559
11
0.389021968503937
21
0.7648429527559055
0
LINE
8
BLACK
6
CONTINUOUS
10
0.389021968503937
20
0.7648429527559055
11
0.3934299212598425
21
0.7711400393700787
0
LINE
8
BLACK
6
CONTINUOUS
10
0.3934299212598425
20
0.7711400393700787
11
0.3916979527559055
21
0.7720060629921259
0
LINE
8
BLACK
6
CONTINUOUS
10
0.3916979527559055
20
0.7720060629921259
11
0.3914661023622047
21
0.7722733464566929
0
LINE
8
BLACK
6
CONTINUOUS
10
0.3914661023622047
20
0.7722733464566929
11
0.3911392125984252
21
0.772408779527559
0
LINE
8
BLACK
6
CONTINUOUS
10
0.3911392125984252
20
0.772408779527559
11
0.3902011417322834
21
0.7733468503937008
0
LINE
8
BLACK
6
CONTINUOUS
10
0.3902011417322834
20
0.7733468503937008
11
0.3900657086614173
21
0.7736737401574802
0
LINE
8
BLACK
6
CONTINUOUS
10
0.3900657086614173
20
0.7736737401574802
11
0.3897983858267716
21
0.7739056299212598
0
LINE
8
BLACK
6
CONTINUOUS
10
0.3897983858267716
20
0.7739056299212598
11
0.3888602755905512
21
0.7757818503937007
0
LINE
8
BLACK
6
CONTINUOUS
10
0.3888602755905512
20
0.7757818503937007
11
0.3888248031496063
21
0.7762809842519685
0
LINE
8
BLACK
6
CONTINUOUS
10
0.3888248031496063
20
0.7762809842519685
11
0.3886333070866141
21
0.7767433464566929
0
LINE
8
BLACK
6
CONTINUOUS
10
0.3886333070866141
20
0.7767433464566929
11
0.3886333070866141
21
0.7795575984251968
0
LINE
8
BLACK
6
CONTINUOUS
10
0.3886333070866141
20
0.7795575984251968
11
0.3888248031496063
21
0.7800199212598425
0
LINE
8
BLACK
6
CONTINUOUS
10
0.3888248031496063
20
0.7800199212598425
11
0.3888602755905512
21
0.780519094488189
0
LINE
8
BLACK
6
CONTINUOUS
10
0.3888602755905512
20
0.780519094488189
11
0.3897983858267716
21
0.7823953149606299
0
LINE
8
BLACK
6
CONTINUOUS
10
0.3897983858267716
20
0.7823953149606299
11
0.3900657086614173
21
0.7826271653543307
0
LINE
8
BLACK
6
CONTINUOUS
10
0.3900657086614173
20
0.7826271653543307
11
0.3902011417322834
21
0.782954094488189
0
LINE
8
BLACK
6
CONTINUOUS
10
0.3902011417322834
20
0.782954094488189
11
0.3911392125984252
21
0.7838921653543307
0
LINE
8
BLACK
6
CONTINUOUS
10
0.3911392125984252
20
0.7838921653543307
11
0.3914661023622047
21
0.7840275590551181
0
LINE
8
BLACK
6
CONTINUOUS
10
0.3914661023622047
20
0.7840275590551181
11
0.3916979527559055
21
0.7842948818897637
0
LINE
8
BLACK
6
CONTINUOUS
10
0.3916979527559055
20
0.7842948818897637
11
0.3935741338582677
21
0.7852329921259842
0
LINE
8
BLACK
6
CONTINUOUS
10
0.3935741338582677
20
0.7852329921259842
11
0.3940732677165354
21
0.7852684645669291
0
LINE
8
BLACK
6
CONTINUOUS
10
0.3940732677165354
20
0.7852684645669291
11
0.3945356692913386
21
0.7854599999999999
0
LINE
8
BLACK
6
CONTINUOUS
10
0.3945356692913386
20
0.7854599999999999
11
0.4020404330708661
21
0.7854599999999999
0
LINE
8
BLACK
6
CONTINUOUS
10
0.4020404330708661
20
0.7854599999999999
11
0.4035607086614173
21
0.7848302755905512
0
LINE
8
BLACK
6
CONTINUOUS
10
0.393933031496063
20
0.7806048818897637
11
0.3934884251968504
21
0.7801602755905511
0
LINE
8
BLACK
6
CONTINUOUS
10
0.3934884251968504
20
0.7801602755905511
11
0.3929333070866142
21
0.7790500393700788
0
LINE
8
BLACK
6
CONTINUOUS
10
0.3929333070866142
20
0.7790500393700788
11
0.3929333070866142
21
0.777250905511811
0
LINE
8
BLACK
6
CONTINUOUS
10
0.3929333070866142
20
0.777250905511811
11
0.3934884251968504
21
0.7761406692913385
0
LINE
8
BLACK
6
CONTINUOUS
10
0.3934884251968504
20
0.7761406692913385
11
0.393933031496063
21
0.7756960236220473
0
LINE
8
BLACK
6
CONTINUOUS
10
0.393933031496063
20
0.7756960236220473
11
0.3950432677165354
21
0.7751409448818898
0
LINE
8
BLACK
6
CONTINUOUS
10
0.3950432677165354
20
0.7751409448818898
11
0.3998904330708661
21
0.7751409448818898
0
LINE
8
BLACK
6
CONTINUOUS
10
0.3998904330708661
20
0.7751409448818898
11
0.3998904330708661
21
0.78116
0
LINE
8
BLACK
6
CONTINUOUS
10
0.3998904330708661
20
0.78116
11
0.3950432677165354
21
0.78116
0
LINE
8
BLACK
6
CONTINUOUS
10
0.3950432677165354
20
0.78116
11
0.393933031496063
21
0.7806048818897637
0
LINE
8
BLACK
6
CONTINUOUS
10
1.2565828346456693
20
0.784310748031496
11
1.2575607086614173
21
0.7831832677165355
0
LINE
8
BLACK
6
CONTINUOUS
10
1.2575607086614173
20
0.7831832677165355
11
1.2574548818897637
21
0.7816945669291339
0
LINE
8
BLACK
6
CONTINUOUS
10
1.2574548818897637
20
0.7816945669291339
11
1.2563274015748032
21
0.7807166929133859
0
LINE
8
BLACK
6
CONTINUOUS
10
1.2563274015748032
20
0.7807166929133859
11
1.2520321653543307
21
0.7792849212598425
0
LINE
8
BLACK
6
CONTINUOUS
10
1.2520321653543307
20
0.7792849212598425
11
1.2520321653543307
21
0.7727149606299213
0
LINE
8
BLACK
6
CONTINUOUS
10
1.2520321653543307
20
0.7727149606299213
11
1.2563274015748032
21
0.7712832283464567
0
LINE
8
BLACK
6
CONTINUOUS
10
1.2563274015748032
20
0.7712832283464567
11
1.2574548818897637
21
0.7703053543307087
0
LINE
8
BLACK
6
CONTINUOUS
10
1.2574548818897637
20
0.7703053543307087
11
1.2575607086614173
21
0.7688166535433071
0
LINE
8
BLACK
6
CONTINUOUS
10
1.2575607086614173
20
0.7688166535433071
11
1.2565828346456693
21
0.7676891732283464
0
LINE
8
BLACK
6
CONTINUOUS
10
1.2565828346456693
20
0.7676891732283464
11
1.2550941338582677
21
0.7675833858267717
0
LINE
8
BLACK
6
CONTINUOUS
10
1.2550941338582677
20
0.7675833858267717
11
1.2353940944881889
21
0.7741500393700788
0
LINE
8
BLACK
6
CONTINUOUS
10
1.2353940944881889
20
0.7741500393700788
11
1.2352840157480314
21
0.7742454724409449
0
LINE
8
BLACK
6
CONTINUOUS
10
1.2352840157480314
20
0.7742454724409449
11
1.2351386614173228
21
0.7742558267716535
0
LINE
8
BLACK
6
CONTINUOUS
10
1.2351386614173228
20
0.7742558267716535
11
1.234733622047244
21
0.7747228346456693
0
LINE
8
BLACK
6
CONTINUOUS
10
1.234733622047244
20
0.7747228346456693
11
1.2342666141732284
21
0.775127874015748
0
LINE
8
BLACK
6
CONTINUOUS
10
1.2342666141732284
20
0.775127874015748
11
1.2342562598425197
21
0.7752732283464566
0
LINE
8
BLACK
6
CONTINUOUS
10
1.2342562598425197
20
0.7752732283464566
11
1.2341608267716535
21
0.7753833070866142
0
LINE
8
BLACK
6
CONTINUOUS
10
1.2341608267716535
20
0.7753833070866142
11
1.2342046062992125
21
0.7759999606299213
0
LINE
8
BLACK
6
CONTINUOUS
10
1.2342046062992125
20
0.7759999606299213
11
1.2341608267716535
21
0.7766166141732284
0
LINE
8
BLACK
6
CONTINUOUS
10
1.2341608267716535
20
0.7766166141732284
11
1.2342562598425197
21
0.7767266535433071
0
LINE
8
BLACK
6
CONTINUOUS
10
1.2342562598425197
20
0.7767266535433071
11
1.2342666141732284
21
0.7768720472440944
0
LINE
8
BLACK
6
CONTINUOUS
10
1.2342666141732284
20
0.7768720472440944
11
1.234733622047244
21
0.7772770472440945
0
LINE
8
BLACK
6
CONTINUOUS
10
1.234733622047244
20
0.7772770472440945
11
1.2351386614173228
21
0.7777440944881889
0
LINE
8
BLACK
6
CONTINUOUS
10
1.2351386614173228
20
0.7777440944881889
11
1.2352840157480314
21
0.7777544094488189
0
LINE
8
BLACK
6
CONTINUOUS
10
1.2352840157480314
20
0.7777544094488189
11
1.2353940944881889
21
0.7778498818897638
0
LINE
8
BLACK
6
CONTINUOUS
10
1.2353940944881889
20
0.7778498818897638
11
1.2550941338582677
21
0.7844165354330709
0
LINE
8
BLACK
6
CONTINUOUS
10
1.2550941338582677
20
0.7844165354330709
11
1.2565828346456693
21
0.784310748031496
0
LINE
8
BLACK
6
CONTINUOUS
10
1.2421771653543308
20
0.7759999606299213
11
1.2481321653543307
21
0.7740149606299213
0
LINE
8
BLACK
6
CONTINUOUS
10
1.2481321653543307
20
0.7740149606299213
11
1.2481321653543307
21
0.7779849212598425
0
LINE
8
BLACK
6
CONTINUOUS
10
1.2481321653543307
20
0.7779849212598425
11
1.2421771653543308
21
0.7759999606299213
0
LINE
8
BLACK
6
CONTINUOUS
10
0.4503835039370079
20
0.8728851181102362
11
0.4505127559055118
21
0.8729079133858267
0
LINE
8
BLACK
6
CONTINUOUS
10
0.4505127559055118
20
0.8729079133858267
11
0.4506263385826771
21
0.8728422834645669
0
LINE
8
BLACK
6
CONTINUOUS
10
0.4506263385826771
20
0.8728422834645669
11
0.4510099212598425
21
0.8727746850393701
0
LINE
8
BLACK
6
CONTINUOUS
10
0.4510099212598425
20
0.8727746850393701
11
0.4515975984251969
21
0.8722815354330709
0
LINE
8
BLACK
6
CONTINUOUS
10
0.4515975984251969
20
0.8722815354330709
11
0.4522619291338583
21
0.8718979921259842
0
LINE
8
BLACK
6
CONTINUOUS
10
0.4522619291338583
20
0.8718979921259842
11
0.452353031496063
21
0.8716476377952755
0
LINE
8
BLACK
6
CONTINUOUS
10
0.452353031496063
20
0.8716476377952755
11
0.4525571653543307
21
0.8714763779527559
0
LINE
8
BLACK
6
CONTINUOUS
10
0.4525571653543307
20
0.8714763779527559
11
0.4526903937007874
21
0.8707207874015748
0
LINE
8
BLACK
6
CONTINUOUS
10
0.4526903937007874
20
0.8707207874015748
11
0.4529527559055118
21
0.87
0
LINE
8
BLACK
6
CONTINUOUS
10
0.4529527559055118
20
0.87
11
0.4529527559055118
21
0.8176196456692914
0
LINE
8
BLACK
6
CONTINUOUS
10
0.4529527559055118
20
0.8176196456692914
11
0.4532303543307086
21
0.8177533464566928
0
LINE
8
BLACK
6
CONTINUOUS
10
0.4532303543307086
20
0.8177533464566928
11
0.4567696456692913
21
0.8177533464566928
0
LINE
8
BLACK
6
CONTINUOUS
10
0.4567696456692913
20
0.8177533464566928
11
0.4599584645669291
21
0.8162177165354331
0
LINE
8
BLACK
6
CONTINUOUS
10
0.4599584645669291
20
0.8162177165354331
11
0.4621651968503937
21
0.8134505905511811
0
LINE
8
BLACK
6
CONTINUOUS
10
0.4621651968503937
20
0.8134505905511811
11
0.4629527559055118
21
0.8099999999999999
0
LINE
8
BLACK
6
CONTINUOUS
10
0.4629527559055118
20
0.8099999999999999
11
0.4621651968503937
21
0.8065494094488189
0
LINE
8
BLACK
6
CONTINUOUS
10
0.4621651968503937
20
0.8065494094488189
11
0.4599584645669291
21
0.8037822834645669
0
LINE
8
BLACK
6
CONTINUOUS
10
0.4599584645669291
20
0.8037822834645669
11
0.4567696456692913
21
0.802246653543307
0
LINE
8
BLACK
6
CONTINUOUS
10
0.4567696456692913
20
0.802246653543307
11
0.4532303543307086
21
0.802246653543307
0
LINE
8
BLACK
6
CONTINUOUS
10
0.4532303543307086
20
0.802246653543307
11
0.4500415354330708
21
0.8037822834645669
0
LINE
8
BLACK
6
CONTINUOUS
10
0.4500415354330708
20
0.8037822834645669
11
0.4478348031496063
21
0.8065494094488189
0
LINE
8
BLACK
6
CONTINUOUS
10
0.4478348031496063
20
0.8065494094488189
11
0.4477211811023622
21
0.8070472440944881
0
LINE
8
BLACK
6
CONTINUOUS
10
0.4477211811023622
20
0.8070472440944881
11
0.41
21
0.8070472440944881
0
LINE
8
BLACK
6
CONTINUOUS
10
0.41
20
0.8070472440944881
11
0.4089900787401575
21
0.8072253149606299
0
LINE
8
BLACK
6
CONTINUOUS
10
0.4089900787401575
20
0.8072253149606299
11
0.4074428346456693
21
0.808523622047244
0
LINE
8
BLACK
6
CONTINUOUS
10
0.4074428346456693
20
0.808523622047244
11
0.4070920866141732
21
0.8105127559055118
0
LINE
8
BLACK
6
CONTINUOUS
10
0.4070920866141732
20
0.8105127559055118
11
0.4081020078740157
21
0.8122619291338582
0
LINE
8
BLACK
6
CONTINUOUS
10
0.4081020078740157
20
0.8122619291338582
11
0.41
21
0.8129527559055117
0
LINE
8
BLACK
6
CONTINUOUS
10
0.41
20
0.8129527559055117
11
0.4470472440944882
21
0.8129527559055117
0
LINE
8
BLACK
6
CONTINUOUS
10
0.4470472440944882
20
0.8129527559055117
11
0.4470472440944882
21
0.8670472440944882
0
LINE
8
BLACK
6
CONTINUOUS
10
0.4470472440944882
20
0.8670472440944882
11
0.41
21
0.8670472440944882
0
LINE
8
BLACK
6
CONTINUOUS
10
0.41
20
0.8670472440944882
11
0.4089900787401575
21
0.8672253149606299
0
LINE
8
BLACK
6
CONTINUOUS
10
0.4089900787401575
20
0.8672253149606299
11
0.4074428346456693
21
0.8685236220472441
0
LINE
8
BLACK
6
CONTINUOUS
10
0.4074428346456693
20
0.8685236220472441
11
0.4070920866141732
21
0.8705127559055118
0
LINE
8
BLACK
6
CONTINUOUS
10
0.4070920866141732
20
0.8705127559055118
11
0.4081020078740157
21
0.8722619291338582
0
LINE
8
BLACK
6
CONTINUOUS
10
0.4081020078740157
20
0.8722619291338582
11
0.41
21
0.8729527559055118
0
LINE
8
BLACK
6
CONTINUOUS
10
0.41
20
0.8729527559055118
11
0.45
21
0.8729527559055118
0
LINE
8
BLACK
6
CONTINUOUS
10
0.45
20
0.8729527559055118
11
0.4503835039370079
21
0.8728851181102362
0
LINE
8
BLACK
6
CONTINUOUS
10
0.4534331102362205
20
0.8115668897637796
11
0.4529527559055118
21
0.8104071653543307
0
LINE
8
BLACK
6
CONTINUOUS
10
0.4529527559055118
20
0.8104071653543307
11
0.4529527559055118
21
0.8099999999999999
0
LINE
8
BLACK
6
CONTINUOUS
10
0.4529527559055118
20
0.8099999999999999
11
0.4529023622047244
21
0.8097143700787401
0
LINE
8
BLACK
6
CONTINUOUS
10
0.4529023622047244
20
0.8097143700787401
11
0.4534331102362205
21
0.8084331102362204
0
LINE
8
BLACK
6
CONTINUOUS
10
0.4534331102362205
20
0.8084331102362204
11
0.455
21
0.807784094488189
0
LINE
8
BLACK
6
CONTINUOUS
10
0.455
20
0.807784094488189
11
0.4565668897637795
21
0.8084331102362204
0
LINE
8
BLACK
6
CONTINUOUS
10
0.4565668897637795
20
0.8084331102362204
11
0.457215905511811
21
0.8099999999999999
0
LINE
8
BLACK
6
CONTINUOUS
10
0.457215905511811
20
0.8099999999999999
11
0.4565668897637795
21
0.8115668897637796
0
LINE
8
BLACK
6
CONTINUOUS
10
0.4565668897637795
20
0.8115668897637796
11
0.455
21
0.812215905511811
0
LINE
8
BLACK
6
CONTINUOUS
10
0.455
20
0.812215905511811
11
0.4534331102362205
21
0.8115668897637796
0
LINE
8
BLACK
6
CONTINUOUS
10
0.3710099212598425
20
0.8727746850393701
11
0.3725571653543307
21
0.8714763779527559
0
LINE
8
BLACK
6
CONTINUOUS
10
0.3725571653543307
20
0.8714763779527559
11
0.3729079133858267
21
0.8694872440944882
0
LINE
8
BLACK
6
CONTINUOUS
10
0.3729079133858267
20
0.8694872440944882
11
0.3718979921259842
21
0.8677380708661417
0
LINE
8
BLACK
6
CONTINUOUS
10
0.3718979921259842
20
0.8677380708661417
11
0.37
21
0.8670472440944882
0
LINE
8
BLACK
6
CONTINUOUS
10
0.37
20
0.8670472440944882
11
0.3329527559055118
21
0.8670472440944882
0
LINE
8
BLACK
6
CONTINUOUS
10
0.3329527559055118
20
0.8670472440944882
11
0.3329527559055118
21
0.8129527559055117
0
LINE
8
BLACK
6
CONTINUOUS
10
0.3329527559055118
20
0.8129527559055117
11
0.37
21
0.8129527559055117
0
LINE
8
BLACK
6
CONTINUOUS
10
0.37
20
0.8129527559055117
11
0.3710099212598425
21
0.8127746850393701
0
LINE
8
BLACK
6
CONTINUOUS
10
0.3710099212598425
20
0.8127746850393701
11
0.3725571653543307
21
0.8114763779527558
0
LINE
8
BLACK
6
CONTINUOUS
10
0.3725571653543307
20
0.8114763779527558
11
0.3729079133858267
21
0.8094872440944881
0
LINE
8
BLACK
6
CONTINUOUS
10
0.3729079133858267
20
0.8094872440944881
11
0.3718979921259842
21
0.8077380708661417
0
LINE
8
BLACK
6
CONTINUOUS
10
0.3718979921259842
20
0.8077380708661417
11
0.37
21
0.8070472440944881
0
LINE
8
BLACK
6
CONTINUOUS
10
0.37
20
0.8070472440944881
11
0.33
21
0.8070472440944881
0
LINE
8
BLACK
6
CONTINUOUS
10
0.33
20
0.8070472440944881
11
0.3296164566929134
21
0.807114842519685
0
LINE
8
BLACK
6
CONTINUOUS
10
0.3296164566929134
20
0.807114842519685
11
0.3294872440944882
21
0.8070920866141732
0
LINE
8
BLACK
6
CONTINUOUS
10
0.3294872440944882
20
0.8070920866141732
11
0.3293736220472441
21
0.8071576771653544
0
LINE
8
BLACK
6
CONTINUOUS
10
0.3293736220472441
20
0.8071576771653544
11
0.3289900787401575
21
0.8072253149606299
0
LINE
8
BLACK
6
CONTINUOUS
10
0.3289900787401575
20
0.8072253149606299
11
0.3284023622047244
21
0.8077184251968503
0
LINE
8
BLACK
6
CONTINUOUS
10
0.3284023622047244
20
0.8077184251968503
11
0.3277380708661417
21
0.8081020078740158
0
LINE
8
BLACK
6
CONTINUOUS
10
0.3277380708661417
20
0.8081020078740158
11
0.3276469291338582
21
0.8083523228346456
0
LINE
8
BLACK
6
CONTINUOUS
10
0.3276469291338582
20
0.8083523228346456
11
0.3274428346456693
21
0.808523622047244
0
LINE
8
BLACK
6
CONTINUOUS
10
0.3274428346456693
20
0.808523622047244
11
0.3273095669291339
21
0.8092791732283464
0
LINE
8
BLACK
6
CONTINUOUS
10
0.3273095669291339
20
0.8092791732283464
11
0.3270472440944882
21
0.8099999999999999
0
LINE
8
BLACK
6
CONTINUOUS
10
0.3270472440944882
20
0.8099999999999999
11
0.3270472440944882
21
0.87
0
LINE
8
BLACK
6
CONTINUOUS
10
0.3270472440944882
20
0.87
11
0.327114842519685
21
0.8703835039370078
0
LINE
8
BLACK
6
CONTINUOUS
10
0.327114842519685
20
0.8703835039370078
11
0.3270920866141732
21
0.8705127559055118
0
LINE
8
BLACK
6
CONTINUOUS
10
0.3270920866141732
20
0.8705127559055118
11
0.3271576771653543
21
0.8706263385826771
0
LINE
8
BLACK
6
CONTINUOUS
10
0.3271576771653543
20
0.8706263385826771
11
0.3272253149606299
21
0.8710099212598424
0
LINE
8
BLACK
6
CONTINUOUS
10
0.3272253149606299
20
0.8710099212598424
11
0.3277184251968504
21
0.8715975984251968
0
LINE
8
BLACK
6
CONTINUOUS
10
0.3277184251968504
20
0.8715975984251968
11
0.3281020078740157
21
0.8722619291338582
0
LINE
8
BLACK
6
CONTINUOUS
10
0.3281020078740157
20
0.8722619291338582
11
0.3283523228346457
21
0.872353031496063
0
LINE
8
BLACK
6
CONTINUOUS
10
0.3283523228346457
20
0.872353031496063
11
0.3285236220472441
21
0.8725571653543307
0
LINE
8
BLACK
6
CONTINUOUS
10
0.3285236220472441
20
0.8725571653543307
11
0.3292791732283464
21
0.8726903937007874
0
LINE
8
BLACK
6
CONTINUOUS
10
0.3292791732283464
20
0.8726903937007874
11
0.33
21
0.8729527559055118
0
LINE
8
BLACK
6
CONTINUOUS
10
0.33
20
0.8729527559055118
11
0.37
21
0.8729527559055118
0
LINE
8
BLACK
6
CONTINUOUS
10
0.37
20
0.8729527559055118
11
0.3710099212598425
21
0.8727746850393701
0
LINE
8
BLACK
6
CONTINUOUS
10
0.3898035826771654
20
0.8373302755905512
11
0.3904333070866142
21
0.8358099999999999
0
LINE
8
BLACK
6
CONTINUOUS
10
0.3904333070866142
20
0.8358099999999999
11
0.3904333070866142
21
0.81611
0
LINE
8
BLACK
6
CONTINUOUS
10
0.3904333070866142
20
0.81611
11
0.3898035826771654
21
0.8145897244094488
0
LINE
8
BLACK
6
CONTINUOUS
10
0.3898035826771654
20
0.8145897244094488
11
0.3882833070866142
21
0.81396
0
LINE
8
BLACK
6
CONTINUOUS
10
0.3882833070866142
20
0.81396
11
0.386763031496063
21
0.8145897244094488
0
LINE
8
BLACK
6
CONTINUOUS
10
0.386763031496063
20
0.8145897244094488
11
0.3861333070866141
21
0.81611
0
LINE
8
BLACK
6
CONTINUOUS
10
0.3861333070866141
20
0.81611
11
0.3861333070866141
21
0.8196663385826771
0
LINE
8
BLACK
6
CONTINUOUS
10
0.3861333070866141
20
0.8196663385826771
11
0.3824985433070866
21
0.81482
0
LINE
8
BLACK
6
CONTINUOUS
10
0.3824985433070866
20
0.81482
11
0.3810825984251968
21
0.8139816141732283
0
LINE
8
BLACK
6
CONTINUOUS
10
0.3810825984251968
20
0.8139816141732283
11
0.3794885433070866
21
0.8143899999999999
0
LINE
8
BLACK
6
CONTINUOUS
10
0.3794885433070866
20
0.8143899999999999
11
0.3786501574803149
21
0.8158059448818897
0
LINE
8
BLACK
6
CONTINUOUS
10
0.3786501574803149
20
0.8158059448818897
11
0.3790585433070866
21
0.8174
0
LINE
8
BLACK
6
CONTINUOUS
10
0.3790585433070866
20
0.8174
11
0.3835683070866142
21
0.8234129921259842
0
LINE
8
BLACK
6
CONTINUOUS
10
0.3835683070866142
20
0.8234129921259842
11
0.3792582677165354
21
0.8277230708661417
0
LINE
8
BLACK
6
CONTINUOUS
10
0.3792582677165354
20
0.8277230708661417
11
0.3786285433070866
21
0.8292433464566928
0
LINE
8
BLACK
6
CONTINUOUS
10
0.3786285433070866
20
0.8292433464566928
11
0.3792582677165354
21
0.8307636220472441
0
LINE
8
BLACK
6
CONTINUOUS
10
0.3792582677165354
20
0.8307636220472441
11
0.3807785433070866
21
0.8313933464566929
0
LINE
8
BLACK
6
CONTINUOUS
10
0.3807785433070866
20
0.8313933464566929
11
0.3822988188976378
21
0.8307636220472441
0
LINE
8
BLACK
6
CONTINUOUS
10
0.3822988188976378
20
0.8307636220472441
11
0.3861333070866141
21
0.8269291338582677
0
LINE
8
BLACK
6
CONTINUOUS
10
0.3861333070866141
20
0.8269291338582677
11
0.3861333070866141
21
0.8358099999999999
0
LINE
8
BLACK
6
CONTINUOUS
10
0.3861333070866141
20
0.8358099999999999
11
0.386763031496063
21
0.8373302755905512
0
LINE
8
BLACK
6
CONTINUOUS
10
0.386763031496063
20
0.8373302755905512
11
0.3882833070866142
21
0.8379599999999999
0
LINE
8
BLACK
6
CONTINUOUS
10
0.3882833070866142
20
0.8379599999999999
11
0.3898035826771654
21
0.8373302755905512
0
LINE
8
BLACK
6
CONTINUOUS
10
0.4042543307086614
20
0.8386711417322834
11
0.4053325196850394
21
0.8374279921259842
0
LINE
8
BLACK
6
CONTINUOUS
10
0.4053325196850394
20
0.8374279921259842
11
0.4100229527559055
21
0.8233565748031496
0
LINE
8
BLACK
6
CONTINUOUS
10
0.4100229527559055
20
0.8233565748031496
11
0.4099978346456693
21
0.8230036220472441
0
LINE
8
BLACK
6
CONTINUOUS
10
0.4099978346456693
20
0.8230036220472441
11
0.4101333070866142
21
0.8226766535433071
0
LINE
8
BLACK
6
CONTINUOUS
10
0.4101333070866142
20
0.8226766535433071
11
0.4099417322834645
21
0.8222142125984252
0
LINE
8
BLACK
6
CONTINUOUS
10
0.4099417322834645
20
0.8222142125984252
11
0.4099062992125984
21
0.821715157480315
0
LINE
8
BLACK
6
CONTINUOUS
10
0.4099062992125984
20
0.821715157480315
11
0.4096390157480315
21
0.8214833070866141
0
LINE
8
BLACK
6
CONTINUOUS
10
0.4096390157480315
20
0.8214833070866141
11
0.4095035826771654
21
0.8211563779527559
0
LINE
8
BLACK
6
CONTINUOUS
10
0.4095035826771654
20
0.8211563779527559
11
0.4090411811023622
21
0.820964842519685
0
LINE
8
BLACK
6
CONTINUOUS
10
0.4090411811023622
20
0.820964842519685
11
0.4086631889763779
21
0.8206370078740157
0
LINE
8
BLACK
6
CONTINUOUS
10
0.4086631889763779
20
0.8206370078740157
11
0.4083102755905512
21
0.8206620866141732
0
LINE
8
BLACK
6
CONTINUOUS
10
0.4083102755905512
20
0.8206620866141732
11
0.4079833070866142
21
0.8205266535433071
0
LINE
8
BLACK
6
CONTINUOUS
10
0.4079833070866142
20
0.8205266535433071
11
0.4007523622047244
21
0.8205266535433071
0
LINE
8
BLACK
6
CONTINUOUS
10
0.4007523622047244
20
0.8205266535433071
11
0.4007523622047244
21
0.81611
0
LINE
8
BLACK
6
CONTINUOUS
10
0.4007523622047244
20
0.81611
11
0.4001226377952756
21
0.8145897244094488
0
LINE
8
BLACK
6
CONTINUOUS
10
0.4001226377952756
20
0.8145897244094488
11
0.3986023622047244
21
0.81396
0
LINE
8
BLACK
6
CONTINUOUS
10
0.3986023622047244
20
0.81396
11
0.3970820866141732
21
0.8145897244094488
0
LINE
8
BLACK
6
CONTINUOUS
10
0.3970820866141732
20
0.8145897244094488
11
0.3964523622047244
21
0.81611
0
LINE
8
BLACK
6
CONTINUOUS
10
0.3964523622047244
20
0.81611
11
0.3964523622047244
21
0.8205266535433071
0
LINE
8
BLACK
6
CONTINUOUS
10
0.3964523622047244
20
0.8205266535433071
11
0.3957880708661417
21
0.8205266535433071
0
LINE
8
BLACK
6
CONTINUOUS
10
0.3957880708661417
20
0.8205266535433071
11
0.3942677952755905
21
0.8211563779527559
0
LINE
8
BLACK
6
CONTINUOUS
10
0.3942677952755905
20
0.8211563779527559
11
0.3936380708661417
21
0.8226766535433071
0
LINE
8
BLACK
6
CONTINUOUS
10
0.3936380708661417
20
0.8226766535433071
11
0.3942677952755905
21
0.8241969291338582
0
LINE
8
BLACK
6
CONTINUOUS
10
0.3942677952755905
20
0.8241969291338582
11
0.3957880708661417
21
0.8248266535433071
0
LINE
8
BLACK
6
CONTINUOUS
10
0.3957880708661417
20
0.8248266535433071
11
0.3964523622047244
21
0.8248266535433071
0
LINE
8
BLACK
6
CONTINUOUS
10
0.3964523622047244
20
0.8248266535433071
11
0.3964523622047244
21
0.8292433464566928
0
LINE
8
BLACK
6
CONTINUOUS
10
0.3964523622047244
20
0.8292433464566928
11
0.3970820866141732
21
0.8307636220472441
0
LINE
8
BLACK
6
CONTINUOUS
10
0.3970820866141732
20
0.8307636220472441
11
0.3986023622047244
21
0.8313933464566929
0
LINE
8
BLACK
6
CONTINUOUS
10
0.3986023622047244
20
0.8313933464566929
11
0.4001226377952756
21
0.8307636220472441
0
LINE
8
BLACK
6
CONTINUOUS
10
0.4001226377952756
20
0.8307636220472441
11
0.4007523622047244
21
0.8292433464566928
0
LINE
8
BLACK
6
CONTINUOUS
10
0.4007523622047244
20
0.8292433464566928
11
0.4007523622047244
21
0.8248266535433071
0
LINE
8
BLACK
6
CONTINUOUS
10
0.4007523622047244
20
0.8248266535433071
11
0.4050003149606299
21
0.8248266535433071
0
LINE
8
BLACK
6
CONTINUOUS
10
0.4050003149606299
20
0.8248266535433071
11
0.4012531496062992
21
0.8360682283464567
0
LINE
8
BLACK
6
CONTINUOUS
10
0.4012531496062992
20
0.8360682283464567
11
0.4013698031496063
21
0.8377096062992125
0
LINE
8
BLACK
6
CONTINUOUS
10
0.4013698031496063
20
0.8377096062992125
11
0.4026129527559055
21
0.8387877952755906
0
LINE
8
BLACK
6
CONTINUOUS
10
0.4026129527559055
20
0.8387877952755906
11
0.4042543307086614
21
0.8386711417322834
0
LINE
8
BLACK
6
CONTINUOUS
10
0.3757321653543307
20
0.8373302755905512
11
0.3763618897637795
21
0.8358099999999999
0
LINE
8
BLACK
6
CONTINUOUS
10
0.3763618897637795
20
0.8358099999999999
11
0.3757321653543307
21
0.8342897244094488
0
LINE
8
BLACK
6
CONTINUOUS
10
0.3757321653543307
20
0.8342897244094488
11
0.3742118897637795
21
0.83366
0
LINE
8
BLACK
6
CONTINUOUS
10
0.3742118897637795
20
0.83366
11
0.364339094488189
21
0.83366
0
LINE
8
BLACK
6
CONTINUOUS
10
0.364339094488189
20
0.83366
11
0.3714975590551181
21
0.8169569291338582
0
LINE
8
BLACK
6
CONTINUOUS
10
0.3714975590551181
20
0.8169569291338582
11
0.3715176377952756
21
0.8153115354330709
0
LINE
8
BLACK
6
CONTINUOUS
10
0.3715176377952756
20
0.8153115354330709
11
0.3703683464566929
21
0.8141338582677166
0
LINE
8
BLACK
6
CONTINUOUS
10
0.3703683464566929
20
0.8141338582677166
11
0.3687229133858267
21
0.814113779527559
0
LINE
8
BLACK
6
CONTINUOUS
10
0.3687229133858267
20
0.814113779527559
11
0.3675452362204724
21
0.8152630708661417
0
LINE
8
BLACK
6
CONTINUOUS
10
0.3675452362204724
20
0.8152630708661417
11
0.3591024015748032
21
0.8349630708661417
0
LINE
8
BLACK
6
CONTINUOUS
10
0.3591024015748032
20
0.8349630708661417
11
0.3590970078740157
21
0.8354032283464566
0
LINE
8
BLACK
6
CONTINUOUS
10
0.3590970078740157
20
0.8354032283464566
11
0.3589285433070866
21
0.8358099999999999
0
LINE
8
BLACK
6
CONTINUOUS
10
0.3589285433070866
20
0.8358099999999999
11
0.3590873622047244
21
0.8361934645669291
0
LINE
8
BLACK
6
CONTINUOUS
10
0.3590873622047244
20
0.8361934645669291
11
0.3590823228346456
21
0.8366085039370078
0
LINE
8
BLACK
6
CONTINUOUS
10
0.3590823228346456
20
0.8366085039370078
11
0.3593897637795275
21
0.8369235433070866
0
LINE
8
BLACK
6
CONTINUOUS
10
0.3593897637795275
20
0.8369235433070866
11
0.3595582677165354
21
0.8373302755905512
0
LINE
8
BLACK
6
CONTINUOUS
10
0.3595582677165354
20
0.8373302755905512
11
0.3599417322834645
21
0.837489094488189
0
LINE
8
BLACK
6
CONTINUOUS
10
0.3599417322834645
20
0.837489094488189
11
0.3602316141732284
21
0.8377861417322835
0
LINE
8
BLACK
6
CONTINUOUS
10
0.3602316141732284
20
0.8377861417322835
11
0.3606717716535433
21
0.8377914960629921
0
LINE
8
BLACK
6
CONTINUOUS
10
0.3606717716535433
20
0.8377914960629921
11
0.3610785433070866
21
0.8379599999999999
0
LINE
8
BLACK
6
CONTINUOUS
10
0.3610785433070866
20
0.8379599999999999
11
0.3742118897637795
21
0.8379599999999999
0
LINE
8
BLACK
6
CONTINUOUS
10
0.3742118897637795
20
0.8379599999999999
11
0.3757321653543307
21
0.8373302755905512
0
LINE
8
BLACK
6
CONTINUOUS
10
0.4060607086614173
20
0.8648302755905511
11
0.4066904330708661
21
0.86331
0
LINE
8
BLACK
6
CONTINUOUS
10
0.4066904330708661
20
0.86331
11
0.4066904330708661
21
0.84361
0
LINE
8
BLACK
6
CONTINUOUS
10
0.4066904330708661
20
0.84361
11
0.4060607086614173
21
0.8420897244094488
0
LINE
8
BLACK
6
CONTINUOUS
10
0.4060607086614173
20
0.8420897244094488
11
0.4045404330708661
21
0.84146
0
LINE
8
BLACK
6
CONTINUOUS
10
0.4045404330708661
20
0.84146
11
0.4030201574803149
21
0.8420897244094488
0
LINE
8
BLACK
6
CONTINUOUS
10
0.4030201574803149
20
0.8420897244094488
11
0.4023904330708661
21
0.84361
0
LINE
8
BLACK
6
CONTINUOUS
10
0.4023904330708661
20
0.84361
11
0.4023904330708661
21
0.8508409448818898
0
LINE
8
BLACK
6
CONTINUOUS
10
0.4023904330708661
20
0.8508409448818898
11
0.4009693700787402
21
0.8508409448818898
0
LINE
8
BLACK
6
CONTINUOUS
10
0.4009693700787402
20
0.8508409448818898
11
0.3950446456692913
21
0.8423770472440945
0
LINE
8
BLACK
6
CONTINUOUS
10
0.3950446456692913
20
0.8423770472440945
11
0.3936569291338582
21
0.841492716535433
0
LINE
8
BLACK
6
CONTINUOUS
10
0.3936569291338582
20
0.841492716535433
11
0.3920503543307087
21
0.8418486614173228
0
LINE
8
BLACK
6
CONTINUOUS
10
0.3920503543307087
20
0.8418486614173228
11
0.3911660236220472
21
0.8432363779527559
0
LINE
8
BLACK
6
CONTINUOUS
10
0.3911660236220472
20
0.8432363779527559
11
0.391521968503937
21
0.8448429527559055
0
LINE
8
BLACK
6
CONTINUOUS
10
0.391521968503937
20
0.8448429527559055
11
0.3959299212598425
21
0.8511400393700788
0
LINE
8
BLACK
6
CONTINUOUS
10
0.3959299212598425
20
0.8511400393700788
11
0.3941979527559055
21
0.852006062992126
0
LINE
8
BLACK
6
CONTINUOUS
10
0.3941979527559055
20
0.852006062992126
11
0.3939661023622047
21
0.8522733464566929
0
LINE
8
BLACK
6
CONTINUOUS
10
0.3939661023622047
20
0.8522733464566929
11
0.3936392125984252
21
0.852408779527559
0
LINE
8
BLACK
6
CONTINUOUS
10
0.3936392125984252
20
0.852408779527559
11
0.3927011417322834
21
0.8533468503937007
0
LINE
8
BLACK
6
CONTINUOUS
10
0.3927011417322834
20
0.8533468503937007
11
0.3925657086614173
21
0.8536737401574803
0
LINE
8
BLACK
6
CONTINUOUS
10
0.3925657086614173
20
0.8536737401574803
11
0.3922983858267716
21
0.8539056299212598
0
LINE
8
BLACK
6
CONTINUOUS
10
0.3922983858267716
20
0.8539056299212598
11
0.3913602755905512
21
0.8557818503937008
0
LINE
8
BLACK
6
CONTINUOUS
10
0.3913602755905512
20
0.8557818503937008
11
0.3913248031496063
21
0.8562809842519685
0
LINE
8
BLACK
6
CONTINUOUS
10
0.3913248031496063
20
0.8562809842519685
11
0.3911333070866141
21
0.8567433464566929
0
LINE
8
BLACK
6
CONTINUOUS
10
0.3911333070866141
20
0.8567433464566929
11
0.3911333070866141
21
0.8595575984251969
0
LINE
8
BLACK
6
CONTINUOUS
10
0.3911333070866141
20
0.8595575984251969
11
0.3913248031496063
21
0.8600199212598425
0
LINE
8
BLACK
6
CONTINUOUS
10
0.3913248031496063
20
0.8600199212598425
11
0.3913602755905512
21
0.860519094488189
0
LINE
8
BLACK
6
CONTINUOUS
10
0.3913602755905512
20
0.860519094488189
11
0.3922983858267716
21
0.8623953149606299
0
LINE
8
BLACK
6
CONTINUOUS
10
0.3922983858267716
20
0.8623953149606299
11
0.3925657086614173
21
0.8626271653543307
0
LINE
8
BLACK
6
CONTINUOUS
10
0.3925657086614173
20
0.8626271653543307
11
0.3927011417322834
21
0.8629540944881889
0
LINE
8
BLACK
6
CONTINUOUS
10
0.3927011417322834
20
0.8629540944881889
11
0.3936392125984252
21
0.8638921653543307
0
LINE
8
BLACK
6
CONTINUOUS
10
0.3936392125984252
20
0.8638921653543307
11
0.3939661023622047
21
0.8640275590551181
0
LINE
8
BLACK
6
CONTINUOUS
10
0.3939661023622047
20
0.8640275590551181
11
0.3941979527559055
21
0.8642948818897638
0
LINE
8
BLACK
6
CONTINUOUS
10
0.3941979527559055
20
0.8642948818897638
11
0.3960741338582677
21
0.8652329921259843
0
LINE
8
BLACK
6
CONTINUOUS
10
0.3960741338582677
20
0.8652329921259843
11
0.3965732677165354
21
0.8652684645669291
0
LINE
8
BLACK
6
CONTINUOUS
10
0.3965732677165354
20
0.8652684645669291
11
0.3970356692913386
21
0.86546
0
LINE
8
BLACK
6
CONTINUOUS
10
0.3970356692913386
20
0.86546
11
0.4045404330708661
21
0.86546
0
LINE
8
BLACK
6
CONTINUOUS
10
0.4045404330708661
20
0.86546
11
0.4060607086614173
21
0.8648302755905511
0
LINE
8
BLACK
6
CONTINUOUS
10
0.396433031496063
20
0.8606048818897638
11
0.3959884251968504
21
0.8601602755905512
0
LINE
8
BLACK
6
CONTINUOUS
10
0.3959884251968504
20
0.8601602755905512
11
0.3954333070866142
21
0.8590500393700787
0
LINE
8
BLACK
6
CONTINUOUS
10
0.3954333070866142
20
0.8590500393700787
11
0.3954333070866142
21
0.857250905511811
0
LINE
8
BLACK
6
CONTINUOUS
10
0.3954333070866142
20
0.857250905511811
11
0.3959884251968504
21
0.8561406692913386
0
LINE
8
BLACK
6
CONTINUOUS
10
0.3959884251968504
20
0.8561406692913386
11
0.396433031496063
21
0.8556960236220472
0
LINE
8
BLACK
6
CONTINUOUS
10
0.396433031496063
20
0.8556960236220472
11
0.3975432677165354
21
0.8551409448818897
0
LINE
8
BLACK
6
CONTINUOUS
10
0.3975432677165354
20
0.8551409448818897
11
0.4023904330708661
21
0.8551409448818897
0
LINE
8
BLACK
6
CONTINUOUS
10
0.4023904330708661
20
0.8551409448818897
11
0.4023904330708661
21
0.8611599999999999
0
LINE
8
BLACK
6
CONTINUOUS
10
0.4023904330708661
20
0.8611599999999999
11
0.3975432677165354
21
0.8611599999999999
0
LINE
8
BLACK
6
CONTINUOUS
10
0.3975432677165354
20
0.8611599999999999
11
0.396433031496063
21
0.8606048818897638
0
LINE
8
BLACK
6
CONTINUOUS
10
0.3882369291338583
20
0.8648302755905511
11
0.3888666535433071
21
0.86331
0
LINE
8
BLACK
6
CONTINUOUS
10
0.3888666535433071
20
0.86331
11
0.3882369291338583
21
0.8617897244094488
0
LINE
8
BLACK
6
CONTINUOUS
10
0.3882369291338583
20
0.8617897244094488
11
0.3867166535433071
21
0.8611599999999999
0
LINE
8
BLACK
6
CONTINUOUS
10
0.3867166535433071
20
0.8611599999999999
11
0.3768438582677165
21
0.8611599999999999
0
LINE
8
BLACK
6
CONTINUOUS
10
0.3768438582677165
20
0.8611599999999999
11
0.3840023228346456
21
0.8444569291338583
0
LINE
8
BLACK
6
CONTINUOUS
10
0.3840023228346456
20
0.8444569291338583
11
0.3840224015748032
21
0.8428115354330709
0
LINE
8
BLACK
6
CONTINUOUS
10
0.3840224015748032
20
0.8428115354330709
11
0.3828731102362204
21
0.8416338582677165
0
LINE
8
BLACK
6
CONTINUOUS
10
0.3828731102362204
20
0.8416338582677165
11
0.3812276771653543
21
0.841613779527559
0
LINE
8
BLACK
6
CONTINUOUS
10
0.3812276771653543
20
0.841613779527559
11
0.38005
21
0.8427630708661417
0
LINE
8
BLACK
6
CONTINUOUS
10
0.38005
20
0.8427630708661417
11
0.3716071653543307
21
0.8624630708661417
0
LINE
8
BLACK
6
CONTINUOUS
10
0.3716071653543307
20
0.8624630708661417
11
0.3716017716535433
21
0.8629032283464567
0
LINE
8
BLACK
6
CONTINUOUS
10
0.3716017716535433
20
0.8629032283464567
11
0.3714333070866142
21
0.86331
0
LINE
8
BLACK
6
CONTINUOUS
10
0.3714333070866142
20
0.86331
11
0.371592125984252
21
0.8636934645669291
0
LINE
8
BLACK
6
CONTINUOUS
10
0.371592125984252
20
0.8636934645669291
11
0.3715870866141732
21
0.8641085039370079
0
LINE
8
BLACK
6
CONTINUOUS
10
0.3715870866141732
20
0.8641085039370079
11
0.3718945275590551
21
0.8644235433070866
0
LINE
8
BLACK
6
CONTINUOUS
10
0.3718945275590551
20
0.8644235433070866
11
0.372063031496063
21
0.8648302755905511
0
LINE
8
BLACK
6
CONTINUOUS
10
0.372063031496063
20
0.8648302755905511
11
0.3724464960629921
21
0.8649890944881889
0
LINE
8
BLACK
6
CONTINUOUS
10
0.3724464960629921
20
0.8649890944881889
11
0.3727363779527559
21
0.8652861417322835
0
LINE
8
BLACK
6
CONTINUOUS
10
0.3727363779527559
20
0.8652861417322835
11
0.3731765354330708
21
0.8652914960629922
0
LINE
8
BLACK
6
CONTINUOUS
10
0.3731765354330708
20
0.8652914960629922
11
0.3735833070866142
21
0.86546
0
LINE
8
BLACK
6
CONTINUOUS
10
0.3735833070866142
20
0.86546
11
0.3867166535433071
21
0.86546
0
LINE
8
BLACK
6
CONTINUOUS
10
0.3867166535433071
20
0.86546
11
0.3882369291338583
21
0.8648302755905511
0
LINE
8
BLACK
6
CONTINUOUS
10
1.0522619291338582
20
0.9093979921259843
11
1.0529527559055119
21
0.9075
0
LINE
8
BLACK
6
CONTINUOUS
10
1.0529527559055119
20
0.9075
11
1.0529527559055119
21
0.8674999999999999
0
LINE
8
BLACK
6
CONTINUOUS
10
1.0529527559055119
20
0.8674999999999999
11
1.0528851181102361
21
0.8671164566929134
0
LINE
8
BLACK
6
CONTINUOUS
10
1.0528851181102361
20
0.8671164566929134
11
1.0529079133858268
21
0.8669872440944881
0
LINE
8
BLACK
6
CONTINUOUS
10
1.0529079133858268
20
0.8669872440944881
11
1.052842283464567
21
0.8668736220472441
0
LINE
8
BLACK
6
CONTINUOUS
10
1.052842283464567
20
0.8668736220472441
11
1.05277468503937
21
0.8664900787401575
0
LINE
8
BLACK
6
CONTINUOUS
10
1.05277468503937
20
0.8664900787401575
11
1.0522815354330708
21
0.8659023622047244
0
LINE
8
BLACK
6
CONTINUOUS
10
1.0522815354330708
20
0.8659023622047244
11
1.0518979921259843
21
0.8652380708661417
0
LINE
8
BLACK
6
CONTINUOUS
10
1.0518979921259843
20
0.8652380708661417
11
1.0516476377952755
21
0.8651469291338583
0
LINE
8
BLACK
6
CONTINUOUS
10
1.0516476377952755
20
0.8651469291338583
11
1.0514763779527558
21
0.8649428346456692
0
LINE
8
BLACK
6
CONTINUOUS
10
1.0514763779527558
20
0.8649428346456692
11
1.0507207874015747
21
0.8648095669291338
0
LINE
8
BLACK
6
CONTINUOUS
10
1.0507207874015747
20
0.8648095669291338
11
1.05
21
0.8645472440944881
0
LINE
8
BLACK
6
CONTINUOUS
10
1.05
20
0.8645472440944881
11
0.99
21
0.8645472440944881
0
LINE
8
BLACK
6
CONTINUOUS
10
0.99
20
0.8645472440944881
11
0.9896164566929133
21
0.864614842519685
0
LINE
8
BLACK
6
CONTINUOUS
10
0.9896164566929133
20
0.864614842519685
11
0.9894872440944882
21
0.8645920866141732
0
LINE
8
BLACK
6
CONTINUOUS
10
0.9894872440944882
20
0.8645920866141732
11
0.9893736220472441
21
0.8646576771653544
0
LINE
8
BLACK
6
CONTINUOUS
10
0.9893736220472441
20
0.8646576771653544
11
0.9889900787401574
21
0.8647253149606299
0
LINE
8
BLACK
6
CONTINUOUS
10
0.9889900787401574
20
0.8647253149606299
11
0.9884023622047244
21
0.8652184251968503
0
LINE
8
BLACK
6
CONTINUOUS
10
0.9884023622047244
20
0.8652184251968503
11
0.9877380708661417
21
0.8656020078740158
0
LINE
8
BLACK
6
CONTINUOUS
10
0.9877380708661417
20
0.8656020078740158
11
0.9876469291338582
21
0.8658523228346456
0
LINE
8
BLACK
6
CONTINUOUS
10
0.9876469291338582
20
0.8658523228346456
11
0.9874428346456693
21
0.866023622047244
0
LINE
8
BLACK
6
CONTINUOUS
10
0.9874428346456693
20
0.866023622047244
11
0.9873095669291339
21
0.8667791732283464
0
LINE
8
BLACK
6
CONTINUOUS
10
0.9873095669291339
20
0.8667791732283464
11
0.9870472440944882
21
0.8674999999999999
0
LINE
8
BLACK
6
CONTINUOUS
10
0.9870472440944882
20
0.8674999999999999
11
0.9870472440944882
21
0.9075
0
LINE
8
BLACK
6
CONTINUOUS
10
0.9870472440944882
20
0.9075
11
0.9872253149606299
21
0.9085099212598425
0
LINE
8
BLACK
6
CONTINUOUS
10
0.9872253149606299
20
0.9085099212598425
11
0.9885236220472441
21
0.9100571653543307
0
LINE
8
BLACK
6
CONTINUOUS
10
0.9885236220472441
20
0.9100571653543307
11
0.9905127559055118
21
0.9104079133858267
0
LINE
8
BLACK
6
CONTINUOUS
10
0.9905127559055118
20
0.9104079133858267
11
0.9922619291338582
21
0.9093979921259843
0
LINE
8
BLACK
6
CONTINUOUS
10
0.9922619291338582
20
0.9093979921259843
11
0.9929527559055118
21
0.9075
0
LINE
8
BLACK
6
CONTINUOUS
10
0.9929527559055118
20
0.9075
11
0.9929527559055118
21
0.8704527559055117
0
LINE
8
BLACK
6
CONTINUOUS
10
0.9929527559055118
20
0.8704527559055117
11
1.0470472440944882
21
0.8704527559055117
0
LINE
8
BLACK
6
CONTINUOUS
10
1.0470472440944882
20
0.8704527559055117
11
1.0470472440944882
21
0.9075
0
LINE
8
BLACK
6
CONTINUOUS
10
1.0470472440944882
20
0.9075
11
1.0472253149606299
21
0.9085099212598425
0
LINE
8
BLACK
6
CONTINUOUS
10
1.0472253149606299
20
0.9085099212598425
11
1.048523622047244
21
0.9100571653543307
0
LINE
8
BLACK
6
CONTINUOUS
10
1.048523622047244
20
0.9100571653543307
11
1.0505127559055119
21
0.9104079133858267
0
LINE
8
BLACK
6
CONTINUOUS
10
1.0505127559055119
20
0.9104079133858267
11
1.0522619291338582
21
0.9093979921259843
0
LINE
8
BLACK
6
CONTINUOUS
10
0.4503835039370079
20
0.9528851181102362
11
0.4505127559055118
21
0.9529079133858267
0
LINE
8
BLACK
6
CONTINUOUS
10
0.4505127559055118
20
0.9529079133858267
11
0.4506263385826771
21
0.9528422834645669
0
LINE
8
BLACK
6
CONTINUOUS
10
0.4506263385826771
20
0.9528422834645669
11
0.4510099212598425
21
0.95277468503937
0
LINE
8
BLACK
6
CONTINUOUS
10
0.4510099212598425
20
0.95277468503937
11
0.4515975984251969
21
0.9522815354330708
0
LINE
8
BLACK
6
CONTINUOUS
10
0.4515975984251969
20
0.9522815354330708
11
0.4522619291338583
21
0.9518979921259842
0
LINE
8
BLACK
6
CONTINUOUS
10
0.4522619291338583
20
0.9518979921259842
11
0.452353031496063
21
0.9516476377952756
0
LINE
8
BLACK
6
CONTINUOUS
10
0.452353031496063
20
0.9516476377952756
11
0.4525571653543307
21
0.9514763779527559
0
LINE
8
BLACK
6
CONTINUOUS
10
0.4525571653543307
20
0.9514763779527559
11
0.4526903937007874
21
0.9507207874015747
0
LINE
8
BLACK
6
CONTINUOUS
10
0.4526903937007874
20
0.9507207874015747
11
0.4529527559055118
21
0.95
0
LINE
8
BLACK
6
CONTINUOUS
10
0.4529527559055118
20
0.95
11
0.4529527559055118
21
0.8976196456692913
0
LINE
8
BLACK
6
CONTINUOUS
10
0.4529527559055118
20
0.8976196456692913
11
0.4532303543307086
21
0.8977533464566929
0
LINE
8
BLACK
6
CONTINUOUS
10
0.4532303543307086
20
0.8977533464566929
11
0.4567696456692913
21
0.8977533464566929
0
LINE
8
BLACK
6
CONTINUOUS
10
0.4567696456692913
20
0.8977533464566929
11
0.4599584645669291
21
0.896217716535433
0
LINE
8
BLACK
6
CONTINUOUS
10
0.4599584645669291
20
0.896217716535433
11
0.4621651968503937
21
0.893450590551181
0
LINE
8
BLACK
6
CONTINUOUS
10
0.4621651968503937
20
0.893450590551181
11
0.4629527559055118
21
0.89
0
LINE
8
BLACK
6
CONTINUOUS
10
0.4629527559055118
20
0.89
11
0.4621651968503937
21
0.8865494094488189
0
LINE
8
BLACK
6
CONTINUOUS
10
0.4621651968503937
20
0.8865494094488189
11
0.4599584645669291
21
0.8837822834645669
0
LINE
8
BLACK
6
CONTINUOUS
10
0.4599584645669291
20
0.8837822834645669
11
0.4567696456692913
21
0.8822466535433071
0
LINE
8
BLACK
6
CONTINUOUS
10
0.4567696456692913
20
0.8822466535433071
11
0.4532303543307086
21
0.8822466535433071
0
LINE
8
BLACK
6
CONTINUOUS
10
0.4532303543307086
20
0.8822466535433071
11
0.4500415354330708
21
0.8837822834645669
0
LINE
8
BLACK
6
CONTINUOUS
10
0.4500415354330708
20
0.8837822834645669
11
0.4478348031496063
21
0.8865494094488189
0
LINE
8
BLACK
6
CONTINUOUS
10
0.4478348031496063
20
0.8865494094488189
11
0.4477211811023622
21
0.8870472440944882
0
LINE
8
BLACK
6
CONTINUOUS
10
0.4477211811023622
20
0.8870472440944882
11
0.41
21
0.8870472440944882
0
LINE
8
BLACK
6
CONTINUOUS
10
0.41
20
0.8870472440944882
11
0.4089900787401575
21
0.88722531496063
0
LINE
8
BLACK
6
CONTINUOUS
10
0.4089900787401575
20
0.88722531496063
11
0.4074428346456693
21
0.8885236220472441
0
LINE
8
BLACK
6
CONTINUOUS
10
0.4074428346456693
20
0.8885236220472441
11
0.4070920866141732
21
0.8905127559055118
0
LINE
8
BLACK
6
CONTINUOUS
10
0.4070920866141732
20
0.8905127559055118
11
0.4081020078740157
21
0.8922619291338583
0
LINE
8
BLACK
6
CONTINUOUS
10
0.4081020078740157
20
0.8922619291338583
11
0.41
21
0.8929527559055118
0
LINE
8
BLACK
6
CONTINUOUS
10
0.41
20
0.8929527559055118
11
0.4470472440944882
21
0.8929527559055118
0
LINE
8
BLACK
6
CONTINUOUS
10
0.4470472440944882
20
0.8929527559055118
11
0.4470472440944882
21
0.9470472440944881
0
LINE
8
BLACK
6
CONTINUOUS
10
0.4470472440944882
20
0.9470472440944881
11
0.41
21
0.9470472440944881
0
LINE
8
BLACK
6
CONTINUOUS
10
0.41
20
0.9470472440944881
11
0.4089900787401575
21
0.9472253149606299
0
LINE
8
BLACK
6
CONTINUOUS
10
0.4089900787401575
20
0.9472253149606299
11
0.4074428346456693
21
0.9485236220472441
0
LINE
8
BLACK
6
CONTINUOUS
10
0.4074428346456693
20
0.9485236220472441
11
0.4070920866141732
21
0.9505127559055118
0
LINE
8
BLACK
6
CONTINUOUS
10
0.4070920866141732
20
0.9505127559055118
11
0.4081020078740157
21
0.9522619291338582
0
LINE
8
BLACK
6
CONTINUOUS
10
0.4081020078740157
20
0.9522619291338582
11
0.41
21
0.9529527559055118
0
LINE
8
BLACK
6
CONTINUOUS
10
0.41
20
0.9529527559055118
11
0.45
21
0.9529527559055118
0
LINE
8
BLACK
6
CONTINUOUS
10
0.45
20
0.9529527559055118
11
0.4503835039370079
21
0.9528851181102362
0
LINE
8
BLACK
6
CONTINUOUS
10
0.4534331102362205
20
0.8915668897637795
11
0.4529527559055118
21
0.8904071653543307
0
LINE
8
BLACK
6
CONTINUOUS
10
0.4529527559055118
20
0.8904071653543307
11
0.4529527559055118
21
0.89
0
LINE
8
BLACK
6
CONTINUOUS
10
0.4529527559055118
20
0.89
11
0.4529023622047244
21
0.8897143700787401
0
LINE
8
BLACK
6
CONTINUOUS
10
0.4529023622047244
20
0.8897143700787401
11
0.4534331102362205
21
0.8884331102362204
0
LINE
8
BLACK
6
CONTINUOUS
10
0.4534331102362205
20
0.8884331102362204
11
0.455
21
0.887784094488189
0
LINE
8
BLACK
6
CONTINUOUS
10
0.455
20
0.887784094488189
11
0.4565668897637795
21
0.8884331102362204
0
LINE
8
BLACK
6
CONTINUOUS
10
0.4565668897637795
20
0.8884331102362204
11
0.457215905511811
21
0.89
0
LINE
8
BLACK
6
CONTINUOUS
10
0.457215905511811
20
0.89
11
0.4565668897637795
21
0.8915668897637795
0
LINE
8
BLACK
6
CONTINUOUS
10
0.4565668897637795
20
0.8915668897637795
11
0.455
21
0.892215905511811
0
LINE
8
BLACK
6
CONTINUOUS
10
0.455
20
0.892215905511811
11
0.4534331102362205
21
0.8915668897637795
0
LINE
8
BLACK
6
CONTINUOUS
10
0.3710099212598425
20
0.95277468503937
11
0.3725571653543307
21
0.9514763779527559
0
LINE
8
BLACK
6
CONTINUOUS
10
0.3725571653543307
20
0.9514763779527559
11
0.3729079133858267
21
0.9494872440944881
0
LINE
8
BLACK
6
CONTINUOUS
10
0.3729079133858267
20
0.9494872440944881
11
0.3718979921259842
21
0.9477380708661417
0
LINE
8
BLACK
6
CONTINUOUS
10
0.3718979921259842
20
0.9477380708661417
11
0.37
21
0.9470472440944881
0
LINE
8
BLACK
6
CONTINUOUS
10
0.37
20
0.9470472440944881
11
0.3329527559055118
21
0.9470472440944881
0
LINE
8
BLACK
6
CONTINUOUS
10
0.3329527559055118
20
0.9470472440944881
11
0.3329527559055118
21
0.8929527559055118
0
LINE
8
BLACK
6
CONTINUOUS
10
0.3329527559055118
20
0.8929527559055118
11
0.37
21
0.8929527559055118
0
LINE
8
BLACK
6
CONTINUOUS
10
0.37
20
0.8929527559055118
11
0.3710099212598425
21
0.8927746850393701
0
LINE
8
BLACK
6
CONTINUOUS
10
0.3710099212598425
20
0.8927746850393701
11
0.3725571653543307
21
0.8914763779527559
0
LINE
8
BLACK
6
CONTINUOUS
10
0.3725571653543307
20
0.8914763779527559
11
0.3729079133858267
21
0.8894872440944882
0
LINE
8
BLACK
6
CONTINUOUS
10
0.3729079133858267
20
0.8894872440944882
11
0.3718979921259842
21
0.8877380708661418
0
LINE
8
BLACK
6
CONTINUOUS
10
0.3718979921259842
20
0.8877380708661418
11
0.37
21
0.8870472440944882
0
LINE
8
BLACK
6
CONTINUOUS
10
0.37
20
0.8870472440944882
11
0.33
21
0.8870472440944882
0
LINE
8
BLACK
6
CONTINUOUS
10
0.33
20
0.8870472440944882
11
0.3296164566929134
21
0.887114842519685
0
LINE
8
BLACK
6
CONTINUOUS
10
0.3296164566929134
20
0.887114842519685
11
0.3294872440944882
21
0.8870920866141732
0
LINE
8
BLACK
6
CONTINUOUS
10
0.3294872440944882
20
0.8870920866141732
11
0.3293736220472441
21
0.8871576771653543
0
LINE
8
BLACK
6
CONTINUOUS
10
0.3293736220472441
20
0.8871576771653543
11
0.3289900787401575
21
0.88722531496063
0
LINE
8
BLACK
6
CONTINUOUS
10
0.3289900787401575
20
0.88722531496063
11
0.3284023622047244
21
0.8877184251968504
0
LINE
8
BLACK
6
CONTINUOUS
10
0.3284023622047244
20
0.8877184251968504
11
0.3277380708661417
21
0.8881020078740157
0
LINE
8
BLACK
6
CONTINUOUS
10
0.3277380708661417
20
0.8881020078740157
11
0.3276469291338582
21
0.8883523228346456
0
LINE
8
BLACK
6
CONTINUOUS
10
0.3276469291338582
20
0.8883523228346456
11
0.3274428346456693
21
0.8885236220472441
0
LINE
8
BLACK
6
CONTINUOUS
10
0.3274428346456693
20
0.8885236220472441
11
0.3273095669291339
21
0.8892791732283465
0
LINE
8
BLACK
6
CONTINUOUS
10
0.3273095669291339
20
0.8892791732283465
11
0.3270472440944882
21
0.89
0
LINE
8
BLACK
6
CONTINUOUS
10
0.3270472440944882
20
0.89
11
0.3270472440944882
21
0.95
0
LINE
8
BLACK
6
CONTINUOUS
10
0.3270472440944882
20
0.95
11
0.327114842519685
21
0.9503835039370079
0
LINE
8
BLACK
6
CONTINUOUS
10
0.327114842519685
20
0.9503835039370079
11
0.3270920866141732
21
0.9505127559055118
0
LINE
8
BLACK
6
CONTINUOUS
10
0.3270920866141732
20
0.9505127559055118
11
0.3271576771653543
21
0.9506263385826771
0
LINE
8
BLACK
6
CONTINUOUS
10
0.3271576771653543
20
0.9506263385826771
11
0.3272253149606299
21
0.9510099212598425
0
LINE
8
BLACK
6
CONTINUOUS
10
0.3272253149606299
20
0.9510099212598425
11
0.3277184251968504
21
0.9515975984251969
0
LINE
8
BLACK
6
CONTINUOUS
10
0.3277184251968504
20
0.9515975984251969
11
0.3281020078740157
21
0.9522619291338582
0
LINE
8
BLACK
6
CONTINUOUS
10
0.3281020078740157
20
0.9522619291338582
11
0.3283523228346457
21
0.952353031496063
0
LINE
8
BLACK
6
CONTINUOUS
10
0.3283523228346457
20
0.952353031496063
11
0.3285236220472441
21
0.9525571653543307
0
LINE
8
BLACK
6
CONTINUOUS
10
0.3285236220472441
20
0.9525571653543307
11
0.3292791732283464
21
0.9526903937007873
0
LINE
8
BLACK
6
CONTINUOUS
10
0.3292791732283464
20
0.9526903937007873
11
0.33
21
0.9529527559055118
0
LINE
8
BLACK
6
CONTINUOUS
10
0.33
20
0.9529527559055118
11
0.37
21
0.9529527559055118
0
LINE
8
BLACK
6
CONTINUOUS
10
0.37
20
0.9529527559055118
11
0.3710099212598425
21
0.95277468503937
0
LINE
8
BLACK
6
CONTINUOUS
10
0.3898035826771654
20
0.9173302755905511
11
0.3904333070866142
21
0.91581
0
LINE
8
BLACK
6
CONTINUOUS
10
0.3904333070866142
20
0.91581
11
0.3904333070866142
21
0.89611
0
LINE
8
BLACK
6
CONTINUOUS
10
0.3904333070866142
20
0.89611
11
0.3898035826771654
21
0.8945897244094488
0
LINE
8
BLACK
6
CONTINUOUS
10
0.3898035826771654
20
0.8945897244094488
11
0.3882833070866142
21
0.89396
0
LINE
8
BLACK
6
CONTINUOUS
10
0.3882833070866142
20
0.89396
11
0.386763031496063
21
0.8945897244094488
0
LINE
8
BLACK
6
CONTINUOUS
10
0.386763031496063
20
0.8945897244094488
11
0.3861333070866141
21
0.89611
0
LINE
8
BLACK
6
CONTINUOUS
10
0.3861333070866141
20
0.89611
11
0.3861333070866141
21
0.8996663385826772
0
LINE
8
BLACK
6
CONTINUOUS
10
0.3861333070866141
20
0.8996663385826772
11
0.3824985433070866
21
0.8948199999999999
0
LINE
8
BLACK
6
CONTINUOUS
10
0.3824985433070866
20
0.8948199999999999
11
0.3810825984251968
21
0.8939816141732283
0
LINE
8
BLACK
6
CONTINUOUS
10
0.3810825984251968
20
0.8939816141732283
11
0.3794885433070866
21
0.89439
0
LINE
8
BLACK
6
CONTINUOUS
10
0.3794885433070866
20
0.89439
11
0.3786501574803149
21
0.8958059448818897
0
LINE
8
BLACK
6
CONTINUOUS
10
0.3786501574803149
20
0.8958059448818897
11
0.3790585433070866
21
0.8974
0
LINE
8
BLACK
6
CONTINUOUS
10
0.3790585433070866
20
0.8974
11
0.3835683070866142
21
0.9034129921259842
0
LINE
8
BLACK
6
CONTINUOUS
10
0.3835683070866142
20
0.9034129921259842
11
0.3792582677165354
21
0.9077230708661417
0
LINE
8
BLACK
6
CONTINUOUS
10
0.3792582677165354
20
0.9077230708661417
11
0.3786285433070866
21
0.9092433464566929
0
LINE
8
BLACK
6
CONTINUOUS
10
0.3786285433070866
20
0.9092433464566929
11
0.3792582677165354
21
0.910763622047244
0
LINE
8
BLACK
6
CONTINUOUS
10
0.3792582677165354
20
0.910763622047244
11
0.3807785433070866
21
0.9113933464566929
0
LINE
8
BLACK
6
CONTINUOUS
10
0.3807785433070866
20
0.9113933464566929
11
0.3822988188976378
21
0.910763622047244
0
LINE
8
BLACK
6
CONTINUOUS
10
0.3822988188976378
20
0.910763622047244
11
0.3861333070866141
21
0.9069291338582677
0
LINE
8
BLACK
6
CONTINUOUS
10
0.3861333070866141
20
0.9069291338582677
11
0.3861333070866141
21
0.91581
0
LINE
8
BLACK
6
CONTINUOUS
10
0.3861333070866141
20
0.91581
11
0.386763031496063
21
0.9173302755905511
0
LINE
8
BLACK
6
CONTINUOUS
10
0.386763031496063
20
0.9173302755905511
11
0.3882833070866142
21
0.91796
0
LINE
8
BLACK
6
CONTINUOUS
10
0.3882833070866142
20
0.91796
11
0.3898035826771654
21
0.9173302755905511
0
LINE
8
BLACK
6
CONTINUOUS
10
0.4042543307086614
20
0.9186711417322835
11
0.4053325196850394
21
0.9174279921259842
0
LINE
8
BLACK
6
CONTINUOUS
10
0.4053325196850394
20
0.9174279921259842
11
0.4100229527559055
21
0.9033565748031496
0
LINE
8
BLACK
6
CONTINUOUS
10
0.4100229527559055
20
0.9033565748031496
11
0.4099978346456693
21
0.903003622047244
0
LINE
8
BLACK
6
CONTINUOUS
10
0.4099978346456693
20
0.903003622047244
11
0.4101333070866142
21
0.9026766535433071
0
LINE
8
BLACK
6
CONTINUOUS
10
0.4101333070866142
20
0.9026766535433071
11
0.4099417322834645
21
0.9022142125984252
0
LINE
8
BLACK
6
CONTINUOUS
10
0.4099417322834645
20
0.9022142125984252
11
0.4099062992125984
21
0.9017151574803149
0
LINE
8
BLACK
6
CONTINUOUS
10
0.4099062992125984
20
0.9017151574803149
11
0.4096390157480315
21
0.9014833070866142
0
LINE
8
BLACK
6
CONTINUOUS
10
0.4096390157480315
20
0.9014833070866142
11
0.4095035826771654
21
0.9011563779527559
0
LINE
8
BLACK
6
CONTINUOUS
10
0.4095035826771654
20
0.9011563779527559
11
0.4090411811023622
21
0.900964842519685
0
LINE
8
BLACK
6
CONTINUOUS
10
0.4090411811023622
20
0.900964842519685
11
0.4086631889763779
21
0.9006370078740157
0
LINE
8
BLACK
6
CONTINUOUS
10
0.4086631889763779
20
0.9006370078740157
11
0.4083102755905512
21
0.9006620866141732
0
LINE
8
BLACK
6
CONTINUOUS
10
0.4083102755905512
20
0.9006620866141732
11
0.4079833070866142
21
0.9005266535433071
0
LINE
8
BLACK
6
CONTINUOUS
10
0.4079833070866142
20
0.9005266535433071
11
0.4007523622047244
21
0.9005266535433071
0
LINE
8
BLACK
6
CONTINUOUS
10
0.4007523622047244
20
0.9005266535433071
11
0.4007523622047244
21
0.89611
0
LINE
8
BLACK
6
CONTINUOUS
10
0.4007523622047244
20
0.89611
11
0.4001226377952756
21
0.8945897244094488
0
LINE
8
BLACK
6
CONTINUOUS
10
0.4001226377952756
20
0.8945897244094488
11
0.3986023622047244
21
0.89396
0
LINE
8
BLACK
6
CONTINUOUS
10
0.3986023622047244
20
0.89396
11
0.3970820866141732
21
0.8945897244094488
0
LINE
8
BLACK
6
CONTINUOUS
10
0.3970820866141732
20
0.8945897244094488
11
0.3964523622047244
21
0.89611
0
LINE
8
BLACK
6
CONTINUOUS
10
0.3964523622047244
20
0.89611
11
0.3964523622047244
21
0.9005266535433071
0
LINE
8
BLACK
6
CONTINUOUS
10
0.3964523622047244
20
0.9005266535433071
11
0.3957880708661417
21
0.9005266535433071
0
LINE
8
BLACK
6
CONTINUOUS
10
0.3957880708661417
20
0.9005266535433071
11
0.3942677952755905
21
0.9011563779527559
0
LINE
8
BLACK
6
CONTINUOUS
10
0.3942677952755905
20
0.9011563779527559
11
0.3936380708661417
21
0.9026766535433071
0
LINE
8
BLACK
6
CONTINUOUS
10
0.3936380708661417
20
0.9026766535433071
11
0.3942677952755905
21
0.9041969291338583
0
LINE
8
BLACK
6
CONTINUOUS
10
0.3942677952755905
20
0.9041969291338583
11
0.3957880708661417
21
0.904826653543307
0
LINE
8
BLACK
6
CONTINUOUS
10
0.3957880708661417
20
0.904826653543307
11
0.3964523622047244
21
0.904826653543307
0
LINE
8
BLACK
6
CONTINUOUS
10
0.3964523622047244
20
0.904826653543307
11
0.3964523622047244
21
0.9092433464566929
0
LINE
8
BLACK
6
CONTINUOUS
10
0.3964523622047244
20
0.9092433464566929
11
0.3970820866141732
21
0.910763622047244
0
LINE
8
BLACK
6
CONTINUOUS
10
0.3970820866141732
20
0.910763622047244
11
0.3986023622047244
21
0.9113933464566929
0
LINE
8
BLACK
6
CONTINUOUS
10
0.3986023622047244
20
0.9113933464566929
11
0.4001226377952756
21
0.910763622047244
0
LINE
8
BLACK
6
CONTINUOUS
10
0.4001226377952756
20
0.910763622047244
11
0.4007523622047244
21
0.9092433464566929
0
LINE
8
BLACK
6
CONTINUOUS
10
0.4007523622047244
20
0.9092433464566929
11
0.4007523622047244
21
0.904826653543307
0
LINE
8
BLACK
6
CONTINUOUS
10
0.4007523622047244
20
0.904826653543307
11
0.4050003149606299
21
0.904826653543307
0
LINE
8
BLACK
6
CONTINUOUS
10
0.4050003149606299
20
0.904826653543307
11
0.4012531496062992
21
0.9160682283464566
0
LINE
8
BLACK
6
CONTINUOUS
10
0.4012531496062992
20
0.9160682283464566
11
0.4013698031496063
21
0.9177096062992126
0
LINE
8
BLACK
6
CONTINUOUS
10
0.4013698031496063
20
0.9177096062992126
11
0.4026129527559055
21
0.9187877952755905
0
LINE
8
BLACK
6
CONTINUOUS
10
0.4026129527559055
20
0.9187877952755905
11
0.4042543307086614
21
0.9186711417322835
0
LINE
8
BLACK
6
CONTINUOUS
10
0.3757321653543307
20
0.9173302755905511
11
0.3763618897637795
21
0.91581
0
LINE
8
BLACK
6
CONTINUOUS
10
0.3763618897637795
20
0.91581
11
0.3757321653543307
21
0.9142897244094488
0
LINE
8
BLACK
6
CONTINUOUS
10
0.3757321653543307
20
0.9142897244094488
11
0.3742118897637795
21
0.91366
0
LINE
8
BLACK
6
CONTINUOUS
10
0.3742118897637795
20
0.91366
11
0.364339094488189
21
0.91366
0
LINE
8
BLACK
6
CONTINUOUS
10
0.364339094488189
20
0.91366
11
0.3714975590551181
21
0.8969569291338583
0
LINE
8
BLACK
6
CONTINUOUS
10
0.3714975590551181
20
0.8969569291338583
11
0.3715176377952756
21
0.8953115354330708
0
LINE
8
BLACK
6
CONTINUOUS
10
0.3715176377952756
20
0.8953115354330708
11
0.3703683464566929
21
0.8941338582677165
0
LINE
8
BLACK
6
CONTINUOUS
10
0.3703683464566929
20
0.8941338582677165
11
0.3687229133858267
21
0.894113779527559
0
LINE
8
BLACK
6
CONTINUOUS
10
0.3687229133858267
20
0.894113779527559
11
0.3675452362204724
21
0.8952630708661418
0
LINE
8
BLACK
6
CONTINUOUS
10
0.3675452362204724
20
0.8952630708661418
11
0.3591024015748032
21
0.9149630708661417
0
LINE
8
BLACK
6
CONTINUOUS
10
0.3591024015748032
20
0.9149630708661417
11
0.3590970078740157
21
0.9154032283464567
0
LINE
8
BLACK
6
CONTINUOUS
10
0.3590970078740157
20
0.9154032283464567
11
0.3589285433070866
21
0.91581
0
LINE
8
BLACK
6
CONTINUOUS
10
0.3589285433070866
20
0.91581
11
0.3590873622047244
21
0.9161934645669291
0
LINE
8
BLACK
6
CONTINUOUS
10
0.3590873622047244
20
0.9161934645669291
11
0.3590823228346456
21
0.9166085039370079
0
LINE
8
BLACK
6
CONTINUOUS
10
0.3590823228346456
20
0.9166085039370079
11
0.3593897637795275
21
0.9169235433070866
0
LINE
8
BLACK
6
CONTINUOUS
10
0.3593897637795275
20
0.9169235433070866
11
0.3595582677165354
21
0.9173302755905511
0
LINE
8
BLACK
6
CONTINUOUS
10
0.3595582677165354
20
0.9173302755905511
11
0.3599417322834645
21
0.9174890944881889
0
LINE
8
BLACK
6
CONTINUOUS
10
0.3599417322834645
20
0.9174890944881889
11
0.3602316141732284
21
0.9177861417322835
0
LINE
8
BLACK
6
CONTINUOUS
10
0.3602316141732284
20
0.9177861417322835
11
0.3606717716535433
21
0.9177914960629922
0
LINE
8
BLACK
6
CONTINUOUS
10
0.3606717716535433
20
0.9177914960629922
11
0.3610785433070866
21
0.91796
0
LINE
8
BLACK
6
CONTINUOUS
10
0.3610785433070866
20
0.91796
11
0.3742118897637795
21
0.91796
0
LINE
8
BLACK
6
CONTINUOUS
10
0.3742118897637795
20
0.91796
11
0.3757321653543307
21
0.9173302755905511
0
LINE
8
BLACK
6
CONTINUOUS
10
1.0454102362204725
20
0.9085416929133858
11
1.0460399606299213
21
0.9070214173228346
0
LINE
8
BLACK
6
CONTINUOUS
10
1.0460399606299213
20
0.9070214173228346
11
1.0454102362204725
21
0.9055011417322835
0
LINE
8
BLACK
6
CONTINUOUS
10
1.0454102362204725
20
0.9055011417322835
11
1.0438899606299212
21
0.9048714173228346
0
LINE
8
BLACK
6
CONTINUOUS
10
1.0438899606299212
20
0.9048714173228346
11
1.0403336220472441
21
0.9048714173228346
0
LINE
8
BLACK
6
CONTINUOUS
10
1.0403336220472441
20
0.9048714173228346
11
1.0451799606299212
21
0.9012366535433071
0
LINE
8
BLACK
6
CONTINUOUS
10
1.0451799606299212
20
0.9012366535433071
11
1.0460183464566928
21
0.8998207086614173
0
LINE
8
BLACK
6
CONTINUOUS
10
1.0460183464566928
20
0.8998207086614173
11
1.0456099606299212
21
0.8982266535433071
0
LINE
8
BLACK
6
CONTINUOUS
10
1.0456099606299212
20
0.8982266535433071
11
1.0441940157480314
21
0.8973882677165355
0
LINE
8
BLACK
6
CONTINUOUS
10
1.0441940157480314
20
0.8973882677165355
11
1.0425999606299212
21
0.8977966535433071
0
LINE
8
BLACK
6
CONTINUOUS
10
1.0425999606299212
20
0.8977966535433071
11
1.0365869291338583
21
0.9023064173228347
0
LINE
8
BLACK
6
CONTINUOUS
10
1.0365869291338583
20
0.9023064173228347
11
1.0322768897637795
21
0.8979963779527559
0
LINE
8
BLACK
6
CONTINUOUS
10
1.0322768897637795
20
0.8979963779527559
11
1.0307566141732283
21
0.897366653543307
0
LINE
8
BLACK
6
CONTINUOUS
10
1.0307566141732283
20
0.897366653543307
11
1.029236338582677
21
0.8979963779527559
0
LINE
8
BLACK
6
CONTINUOUS
10
1.029236338582677
20
0.8979963779527559
11
1.0286066141732284
21
0.8995166535433071
0
LINE
8
BLACK
6
CONTINUOUS
10
1.0286066141732284
20
0.8995166535433071
11
1.029236338582677
21
0.9010369291338582
0
LINE
8
BLACK
6
CONTINUOUS
10
1.029236338582677
20
0.9010369291338582
11
1.0330708267716535
21
0.9048714173228346
0
LINE
8
BLACK
6
CONTINUOUS
10
1.0330708267716535
20
0.9048714173228346
11
1.0241899606299212
21
0.9048714173228346
0
LINE
8
BLACK
6
CONTINUOUS
10
1.0241899606299212
20
0.9048714173228346
11
1.0226696850393699
21
0.9055011417322835
0
LINE
8
BLACK
6
CONTINUOUS
10
1.0226696850393699
20
0.9055011417322835
11
1.0220399606299213
21
0.9070214173228346
0
LINE
8
BLACK
6
CONTINUOUS
10
1.0220399606299213
20
0.9070214173228346
11
1.0226696850393699
21
0.9085416929133858
0
LINE
8
BLACK
6
CONTINUOUS
10
1.0226696850393699
20
0.9085416929133858
11
1.0241899606299212
21
0.9091714173228346
0
LINE
8
BLACK
6
CONTINUOUS
10
1.0241899606299212
20
0.9091714173228346
11
1.0438899606299212
21
0.9091714173228346
0
LINE
8
BLACK
6
CONTINUOUS
10
1.0438899606299212
20
0.9091714173228346
11
1.0454102362204725
21
0.9085416929133858
0
LINE
8
BLACK
6
CONTINUOUS
10
1.0130999606299211
20
0.915856062992126
11
1.0135991338582677
21
0.915820590551181
0
LINE
8
BLACK
6
CONTINUOUS
10
1.0135991338582677
20
0.915820590551181
11
1.0154753149606299
21
0.9148825196850393
0
LINE
8
BLACK
6
CONTINUOUS
10
1.0154753149606299
20
0.9148825196850393
11
1.0157071259842518
21
0.914615157480315
0
LINE
8
BLACK
6
CONTINUOUS
10
1.0157071259842518
20
0.914615157480315
11
1.0160340157480314
21
0.9144798031496063
0
LINE
8
BLACK
6
CONTINUOUS
10
1.0160340157480314
20
0.9144798031496063
11
1.0169721259842519
21
0.9135417322834646
0
LINE
8
BLACK
6
CONTINUOUS
10
1.0169721259842519
20
0.9135417322834646
11
1.0171075196850394
21
0.9132147637795275
0
LINE
8
BLACK
6
CONTINUOUS
10
1.0171075196850394
20
0.9132147637795275
11
1.0173749212598424
21
0.9129829133858267
0
LINE
8
BLACK
6
CONTINUOUS
10
1.0173749212598424
20
0.9129829133858267
11
1.0183129921259841
21
0.9111067322834645
0
LINE
8
BLACK
6
CONTINUOUS
10
1.0183129921259841
20
0.9111067322834645
11
1.0183484251968504
21
0.9106075590551181
0
LINE
8
BLACK
6
CONTINUOUS
10
1.0183484251968504
20
0.9106075590551181
11
1.0185399606299212
21
0.9101452362204724
0
LINE
8
BLACK
6
CONTINUOUS
10
1.0185399606299212
20
0.9101452362204724
11
1.0185399606299212
21
0.9063928346456692
0
LINE
8
BLACK
6
CONTINUOUS
10
1.0185399606299212
20
0.9063928346456692
11
1.0183484251968504
21
0.9059304724409448
0
LINE
8
BLACK
6
CONTINUOUS
10
1.0183484251968504
20
0.9059304724409448
11
1.0183129921259841
21
0.9054313385826771
0
LINE
8
BLACK
6
CONTINUOUS
10
1.0183129921259841
20
0.9054313385826771
11
1.0173749212598424
21
0.9035551574803149
0
LINE
8
BLACK
6
CONTINUOUS
10
1.0173749212598424
20
0.9035551574803149
11
1.0171075590551182
21
0.9033232677165354
0
LINE
8
BLACK
6
CONTINUOUS
10
1.0171075590551182
20
0.9033232677165354
11
1.0169721653543307
21
0.9029963779527559
0
LINE
8
BLACK
6
CONTINUOUS
10
1.0169721653543307
20
0.9029963779527559
11
1.0160340551181102
21
0.9020582677165354
0
LINE
8
BLACK
6
CONTINUOUS
10
1.0160340551181102
20
0.9020582677165354
11
1.0157071259842518
21
0.9019228346456692
0
LINE
8
BLACK
6
CONTINUOUS
10
1.0157071259842518
20
0.9019228346456692
11
1.0154752755905512
21
0.9016555118110235
0
LINE
8
BLACK
6
CONTINUOUS
10
1.0154752755905512
20
0.9016555118110235
11
1.013599094488189
21
0.9007174409448818
0
LINE
8
BLACK
6
CONTINUOUS
10
1.013599094488189
20
0.9007174409448818
11
1.0130999212598426
21
0.900681968503937
0
LINE
8
BLACK
6
CONTINUOUS
10
1.0130999212598426
20
0.900681968503937
11
1.0126375984251967
21
0.9004904724409448
0
LINE
8
BLACK
6
CONTINUOUS
10
1.0126375984251967
20
0.9004904724409448
11
1.0079471259842518
21
0.9004904724409448
0
LINE
8
BLACK
6
CONTINUOUS
10
1.0079471259842518
20
0.9004904724409448
11
1.0074847637795274
21
0.900681968503937
0
LINE
8
BLACK
6
CONTINUOUS
10
1.0074847637795274
20
0.900681968503937
11
1.0069856692913386
21
0.9007174409448818
0
LINE
8
BLACK
6
CONTINUOUS
10
1.0069856692913386
20
0.9007174409448818
11
1.0051094094488189
21
0.9016555118110235
0
LINE
8
BLACK
6
CONTINUOUS
10
1.0051094094488189
20
0.9016555118110235
11
1.0048775196850392
21
0.901922874015748
0
LINE
8
BLACK
6
CONTINUOUS
10
1.0048775196850392
20
0.901922874015748
11
1.0045505905511811
21
0.9020583070866142
0
LINE
8
BLACK
6
CONTINUOUS
10
1.0045505905511811
20
0.9020583070866142
11
1.0036125196850394
21
0.9029964173228346
0
LINE
8
BLACK
6
CONTINUOUS
10
1.0036125196850394
20
0.9029964173228346
11
1.0034771259842519
21
0.9033232677165354
0
LINE
8
BLACK
6
CONTINUOUS
10
1.0034771259842519
20
0.9033232677165354
11
1.0032098031496062
21
0.9035551181102363
0
LINE
8
BLACK
6
CONTINUOUS
10
1.0032098031496062
20
0.9035551181102363
11
1.0022717322834644
21
0.9054312992125984
0
LINE
8
BLACK
6
CONTINUOUS
10
1.0022717322834644
20
0.9054312992125984
11
1.0022362204724409
21
0.9059304330708661
0
LINE
8
BLACK
6
CONTINUOUS
10
1.0022362204724409
20
0.9059304330708661
11
1.0020447244094488
21
0.9063928346456692
0
LINE
8
BLACK
6
CONTINUOUS
10
1.0020447244094488
20
0.9063928346456692
11
1.0020447244094488
21
0.9101452362204724
0
LINE
8
BLACK
6
CONTINUOUS
10
1.0020447244094488
20
0.9101452362204724
11
1.0022362204724409
21
0.9106075984251968
0
LINE
8
BLACK
6
CONTINUOUS
10
1.0022362204724409
20
0.9106075984251968
11
1.0022614960629921
21
0.910962874015748
0
LINE
8
BLACK
6
CONTINUOUS
10
1.0022614960629921
20
0.910962874015748
11
0.9999358661417322
21
0.9094124803149606
0
LINE
8
BLACK
6
CONTINUOUS
10
0.9999358661417322
20
0.9094124803149606
11
0.9993950787401574
21
0.9088716929133858
0
LINE
8
BLACK
6
CONTINUOUS
10
0.9993950787401574
20
0.9088716929133858
11
0.9988399606299212
21
0.9077614566929134
0
LINE
8
BLACK
6
CONTINUOUS
10
0.9988399606299212
20
0.9077614566929134
11
0.9988399606299212
21
0.904516653543307
0
LINE
8
BLACK
6
CONTINUOUS
10
0.9988399606299212
20
0.904516653543307
11
0.9982102362204724
21
0.9029963779527559
0
LINE
8
BLACK
6
CONTINUOUS
10
0.9982102362204724
20
0.9029963779527559
11
0.9966899606299212
21
0.902366653543307
0
LINE
8
BLACK
6
CONTINUOUS
10
0.9966899606299212
20
0.902366653543307
11
0.9951696850393701
21
0.9029963779527559
0
LINE
8
BLACK
6
CONTINUOUS
10
0.9951696850393701
20
0.9029963779527559
11
0.9945399606299212
21
0.904516653543307
0
LINE
8
BLACK
6
CONTINUOUS
10
0.9945399606299212
20
0.904516653543307
11
0.9945399606299212
21
0.9082690157480314
0
LINE
8
BLACK
6
CONTINUOUS
10
0.9945399606299212
20
0.9082690157480314
11
0.9947314566929134
21
0.9087313385826772
0
LINE
8
BLACK
6
CONTINUOUS
10
0.9947314566929134
20
0.9087313385826772
11
0.9947669291338582
21
0.9092305118110237
0
LINE
8
BLACK
6
CONTINUOUS
10
0.9947669291338582
20
0.9092305118110237
11
0.9957050393700787
21
0.9111067322834645
0
LINE
8
BLACK
6
CONTINUOUS
10
0.9957050393700787
20
0.9111067322834645
11
0.9959723622047244
21
0.9113385826771654
0
LINE
8
BLACK
6
CONTINUOUS
10
0.9959723622047244
20
0.9113385826771654
11
0.9961077952755906
21
0.9116655118110236
0
LINE
8
BLACK
6
CONTINUOUS
10
0.9961077952755906
20
0.9116655118110236
11
0.9970458661417323
21
0.9126035826771653
0
LINE
8
BLACK
6
CONTINUOUS
10
0.9970458661417323
20
0.9126035826771653
11
0.9972503543307086
21
0.9126882677165354
0
LINE
8
BLACK
6
CONTINUOUS
10
0.9972503543307086
20
0.9126882677165354
11
0.9973735433070866
21
0.9128722047244094
0
LINE
8
BLACK
6
CONTINUOUS
10
0.9973735433070866
20
0.9128722047244094
11
1.0001878346456692
21
0.9147484251968504
0
LINE
8
BLACK
6
CONTINUOUS
10
1.0001878346456692
20
0.9147484251968504
11
1.0005568503937008
21
0.9148214173228346
0
LINE
8
BLACK
6
CONTINUOUS
10
1.0005568503937008
20
0.9148214173228346
11
1.0008589763779527
21
0.9150452755905512
0
LINE
8
BLACK
6
CONTINUOUS
10
1.0008589763779527
20
0.9150452755905512
11
1.0046113779527559
21
0.9159833858267716
0
LINE
8
BLACK
6
CONTINUOUS
10
1.0046113779527559
20
0.9159833858267716
11
1.0048809448818898
21
0.9159432677165354
0
LINE
8
BLACK
6
CONTINUOUS
10
1.0048809448818898
20
0.9159432677165354
11
1.0051328346456692
21
0.9160475984251968
0
LINE
8
BLACK
6
CONTINUOUS
10
1.0051328346456692
20
0.9160475984251968
11
1.0126375984251967
21
0.9160475984251968
0
LINE
8
BLACK
6
CONTINUOUS
10
1.0126375984251967
20
0.9160475984251968
11
1.0130999606299211
21
0.915856062992126
0
LINE
8
BLACK
6
CONTINUOUS
10
1.0073444488188976
20
0.9111924803149606
11
1.0068997637795276
21
0.9107477952755906
0
LINE
8
BLACK
6
CONTINUOUS
10
1.0068997637795276
20
0.9107477952755906
11
1.0063447244094488
21
0.9096376771653543
0
LINE
8
BLACK
6
CONTINUOUS
10
1.0063447244094488
20
0.9096376771653543
11
1.0063447244094488
21
0.9069003543307086
0
LINE
8
BLACK
6
CONTINUOUS
10
1.0063447244094488
20
0.9069003543307086
11
1.0068998031496064
21
0.9057901968503936
0
LINE
8
BLACK
6
CONTINUOUS
10
1.0068998031496064
20
0.9057901968503936
11
1.0073444488188976
21
0.9053455511811024
0
LINE
8
BLACK
6
CONTINUOUS
10
1.0073444488188976
20
0.9053455511811024
11
1.0084546850393701
21
0.9047904724409449
0
LINE
8
BLACK
6
CONTINUOUS
10
1.0084546850393701
20
0.9047904724409449
11
1.0121300393700787
21
0.9047904724409449
0
LINE
8
BLACK
6
CONTINUOUS
10
1.0121300393700787
20
0.9047904724409449
11
1.0132402362204724
21
0.9053455511811024
0
LINE
8
BLACK
6
CONTINUOUS
10
1.0132402362204724
20
0.9053455511811024
11
1.0136848425196849
21
0.905790157480315
0
LINE
8
BLACK
6
CONTINUOUS
10
1.0136848425196849
20
0.905790157480315
11
1.0142399606299213
21
0.9069003543307086
0
LINE
8
BLACK
6
CONTINUOUS
10
1.0142399606299213
20
0.9069003543307086
11
1.0142399606299213
21
0.9096376771653543
0
LINE
8
BLACK
6
CONTINUOUS
10
1.0142399606299213
20
0.9096376771653543
11
1.0136848818897637
21
0.9107478346456692
0
LINE
8
BLACK
6
CONTINUOUS
10
1.0136848818897637
20
0.9107478346456692
11
1.0132401968503937
21
0.9111924803149606
0
LINE
8
BLACK
6
CONTINUOUS
10
1.0132401968503937
20
0.9111924803149606
11
1.0121300787401575
21
0.9117475984251968
0
LINE
8
BLACK
6
CONTINUOUS
10
1.0121300787401575
20
0.9117475984251968
11
1.0084546850393701
21
0.9117475984251968
0
LINE
8
BLACK
6
CONTINUOUS
10
1.0084546850393701
20
0.9117475984251968
11
1.0073444488188976
21
0.9111924803149606
0
LINE
8
BLACK
6
CONTINUOUS
10
1.0366370472440944
20
0.9287670866141732
11
1.0369066535433071
21
0.9288072047244095
0
LINE
8
BLACK
6
CONTINUOUS
10
1.0369066535433071
20
0.9288072047244095
11
1.0406590551181103
21
0.9278691338582677
0
LINE
8
BLACK
6
CONTINUOUS
10
1.0406590551181103
20
0.9278691338582677
11
1.0408553937007874
21
0.9277236220472441
0
LINE
8
BLACK
6
CONTINUOUS
10
1.0408553937007874
20
0.9277236220472441
11
1.041099094488189
21
0.9277063385826771
0
LINE
8
BLACK
6
CONTINUOUS
10
1.041099094488189
20
0.9277063385826771
11
1.0429752755905513
21
0.9267682677165354
0
LINE
8
BLACK
6
CONTINUOUS
10
1.0429752755905513
20
0.9267682677165354
11
1.0432071259842519
21
0.926500905511811
0
LINE
8
BLACK
6
CONTINUOUS
10
1.0432071259842519
20
0.926500905511811
11
1.0435340551181103
21
0.9263655118110236
0
LINE
8
BLACK
6
CONTINUOUS
10
1.0435340551181103
20
0.9263655118110236
11
1.0444721653543307
21
0.9254274015748031
0
LINE
8
BLACK
6
CONTINUOUS
10
1.0444721653543307
20
0.9254274015748031
11
1.044607559055118
21
0.9251004724409448
0
LINE
8
BLACK
6
CONTINUOUS
10
1.044607559055118
20
0.9251004724409448
11
1.0448749212598425
21
0.9248686220472441
0
LINE
8
BLACK
6
CONTINUOUS
10
1.0448749212598425
20
0.9248686220472441
11
1.0458129921259842
21
0.9229924409448819
0
LINE
8
BLACK
6
CONTINUOUS
10
1.0458129921259842
20
0.9229924409448819
11
1.0458484251968503
21
0.9224932677165354
0
LINE
8
BLACK
6
CONTINUOUS
10
1.0458484251968503
20
0.9224932677165354
11
1.0460399606299213
21
0.9220309448818897
0
LINE
8
BLACK
6
CONTINUOUS
10
1.0460399606299213
20
0.9220309448818897
11
1.0460399606299213
21
0.9201547637795275
0
LINE
8
BLACK
6
CONTINUOUS
10
1.0460399606299213
20
0.9201547637795275
11
1.0458484251968503
21
0.9196924015748031
0
LINE
8
BLACK
6
CONTINUOUS
10
1.0458484251968503
20
0.9196924015748031
11
1.0458129921259842
21
0.9191933070866142
0
LINE
8
BLACK
6
CONTINUOUS
10
1.0458129921259842
20
0.9191933070866142
11
1.0448749212598425
21
0.9173170472440945
0
LINE
8
BLACK
6
CONTINUOUS
10
1.0448749212598425
20
0.9173170472440945
11
1.0446075196850393
21
0.9170851574803149
0
LINE
8
BLACK
6
CONTINUOUS
10
1.0446075196850393
20
0.9170851574803149
11
1.044472125984252
21
0.9167582283464567
0
LINE
8
BLACK
6
CONTINUOUS
10
1.044472125984252
20
0.9167582283464567
11
1.0435340157480315
21
0.915820157480315
0
LINE
8
BLACK
6
CONTINUOUS
10
1.0435340157480315
20
0.915820157480315
11
1.0432071259842519
21
0.9156847637795276
0
LINE
8
BLACK
6
CONTINUOUS
10
1.0432071259842519
20
0.9156847637795276
11
1.04297531496063
21
0.9154174409448819
0
LINE
8
BLACK
6
CONTINUOUS
10
1.04297531496063
20
0.9154174409448819
11
1.0410991338582678
21
0.9144793700787401
0
LINE
8
BLACK
6
CONTINUOUS
10
1.0410991338582678
20
0.9144793700787401
11
1.0408553937007874
21
0.9144620078740158
0
LINE
8
BLACK
6
CONTINUOUS
10
1.0408553937007874
20
0.9144620078740158
11
1.0406590157480315
21
0.9143165354330709
0
LINE
8
BLACK
6
CONTINUOUS
10
1.0406590157480315
20
0.9143165354330709
11
1.0369066141732284
21
0.9133784645669291
0
LINE
8
BLACK
6
CONTINUOUS
10
1.0369066141732284
20
0.9133784645669291
11
1.0366369685039369
21
0.9134185826771654
0
LINE
8
BLACK
6
CONTINUOUS
10
1.0366369685039369
20
0.9134185826771654
11
1.0363851968503937
21
0.9133142913385827
0
LINE
8
BLACK
6
CONTINUOUS
10
1.0363851968503937
20
0.9133142913385827
11
1.0316947244094488
21
0.9133142913385827
0
LINE
8
BLACK
6
CONTINUOUS
10
1.0316947244094488
20
0.9133142913385827
11
1.031442874015748
21
0.9134185826771654
0
LINE
8
BLACK
6
CONTINUOUS
10
1.031442874015748
20
0.9134185826771654
11
1.0311732677165355
21
0.9133784645669291
0
LINE
8
BLACK
6
CONTINUOUS
10
1.0311732677165355
20
0.9133784645669291
11
1.0274209055118111
21
0.9143165354330709
0
LINE
8
BLACK
6
CONTINUOUS
10
1.0274209055118111
20
0.9143165354330709
11
1.027224527559055
21
0.9144620078740158
0
LINE
8
BLACK
6
CONTINUOUS
10
1.027224527559055
20
0.9144620078740158
11
1.0269808661417323
21
0.9144793307086614
0
LINE
8
BLACK
6
CONTINUOUS
10
1.0269808661417323
20
0.9144793307086614
11
1.0251046456692914
21
0.9154174409448819
0
LINE
8
BLACK
6
CONTINUOUS
10
1.0251046456692914
20
0.9154174409448819
11
1.0248727559055117
21
0.9156847637795276
0
LINE
8
BLACK
6
CONTINUOUS
10
1.0248727559055117
20
0.9156847637795276
11
1.0245458661417322
21
0.9158201968503937
0
LINE
8
BLACK
6
CONTINUOUS
10
1.0245458661417322
20
0.9158201968503937
11
1.0236077952755904
21
0.9167582677165355
0
LINE
8
BLACK
6
CONTINUOUS
10
1.0236077952755904
20
0.9167582677165355
11
1.0234723622047244
21
0.9170851574803149
0
LINE
8
BLACK
6
CONTINUOUS
10
1.0234723622047244
20
0.9170851574803149
11
1.0232050393700787
21
0.9173170472440945
0
LINE
8
BLACK
6
CONTINUOUS
10
1.0232050393700787
20
0.9173170472440945
11
1.0222669291338582
21
0.9191932677165354
0
LINE
8
BLACK
6
CONTINUOUS
10
1.0222669291338582
20
0.9191932677165354
11
1.0222314566929134
21
0.9196924015748031
0
LINE
8
BLACK
6
CONTINUOUS
10
1.0222314566929134
20
0.9196924015748031
11
1.0220399606299213
21
0.9201547637795275
0
LINE
8
BLACK
6
CONTINUOUS
10
1.0220399606299213
20
0.9201547637795275
11
1.0220399606299213
21
0.9220309448818897
0
LINE
8
BLACK
6
CONTINUOUS
10
1.0220399606299213
20
0.9220309448818897
11
1.0222314566929134
21
0.9224933070866141
0
LINE
8
BLACK
6
CONTINUOUS
10
1.0222314566929134
20
0.9224933070866141
11
1.0222669685039369
21
0.9229924803149606
0
LINE
8
BLACK
6
CONTINUOUS
10
1.0222669685039369
20
0.9229924803149606
11
1.0232050393700787
21
0.9248686614173228
0
LINE
8
BLACK
6
CONTINUOUS
10
1.0232050393700787
20
0.9248686614173228
11
1.0234723622047244
21
0.9251004724409448
0
LINE
8
BLACK
6
CONTINUOUS
10
1.0234723622047244
20
0.9251004724409448
11
1.0236077559055119
21
0.9254273622047244
0
LINE
8
BLACK
6
CONTINUOUS
10
1.0236077559055119
20
0.9254273622047244
11
1.0245458267716536
21
0.9263654724409449
0
LINE
8
BLACK
6
CONTINUOUS
10
1.0245458267716536
20
0.9263654724409449
11
1.0248727559055117
21
0.9265008661417322
0
LINE
8
BLACK
6
CONTINUOUS
10
1.0248727559055117
20
0.9265008661417322
11
1.0251046456692914
21
0.9267682677165354
0
LINE
8
BLACK
6
CONTINUOUS
10
1.0251046456692914
20
0.9267682677165354
11
1.0269809055118111
21
0.9277063385826771
0
LINE
8
BLACK
6
CONTINUOUS
10
1.0269809055118111
20
0.9277063385826771
11
1.0272246062992125
21
0.9277236220472441
0
LINE
8
BLACK
6
CONTINUOUS
10
1.0272246062992125
20
0.9277236220472441
11
1.0274209055118111
21
0.927869094488189
0
LINE
8
BLACK
6
CONTINUOUS
10
1.0274209055118111
20
0.927869094488189
11
1.0311732283464567
21
0.9288072047244095
0
LINE
8
BLACK
6
CONTINUOUS
10
1.0311732283464567
20
0.9288072047244095
11
1.0314428346456692
21
0.9287670866141732
0
LINE
8
BLACK
6
CONTINUOUS
10
1.0314428346456692
20
0.9287670866141732
11
1.0316947244094488
21
0.9288714173228346
0
LINE
8
BLACK
6
CONTINUOUS
10
1.0316947244094488
20
0.9288714173228346
11
1.0363851968503937
21
0.9288714173228346
0
LINE
8
BLACK
6
CONTINUOUS
10
1.0363851968503937
20
0.9288714173228346
11
1.0366370472440944
21
0.9287670866141732
0
LINE
8
BLACK
6
CONTINUOUS
10
1.0286928346456692
20
0.9237547637795276
11
1.0273396850393701
21
0.9230781889763779
0
LINE
8
BLACK
6
CONTINUOUS
10
1.0273396850393701
20
0.9230781889763779
11
1.0268950393700786
21
0.9226335433070866
0
LINE
8
BLACK
6
CONTINUOUS
10
1.0268950393700786
20
0.9226335433070866
11
1.0263399606299213
21
0.9215233858267716
0
LINE
8
BLACK
6
CONTINUOUS
10
1.0263399606299213
20
0.9215233858267716
11
1.0263399606299213
21
0.9206623228346457
0
LINE
8
BLACK
6
CONTINUOUS
10
1.0263399606299213
20
0.9206623228346457
11
1.0268950787401574
21
0.9195520866141732
0
LINE
8
BLACK
6
CONTINUOUS
10
1.0268950787401574
20
0.9195520866141732
11
1.0273396850393701
21
0.9191074803149606
0
LINE
8
BLACK
6
CONTINUOUS
10
1.0273396850393701
20
0.9191074803149606
11
1.0286926771653544
21
0.9184309448818897
0
LINE
8
BLACK
6
CONTINUOUS
10
1.0286926771653544
20
0.9184309448818897
11
1.0319594488188977
21
0.9176142913385826
0
LINE
8
BLACK
6
CONTINUOUS
10
1.0319594488188977
20
0.9176142913385826
11
1.036120472440945
21
0.9176142913385826
0
LINE
8
BLACK
6
CONTINUOUS
10
1.036120472440945
20
0.9176142913385826
11
1.039387283464567
21
0.9184309842519685
0
LINE
8
BLACK
6
CONTINUOUS
10
1.039387283464567
20
0.9184309842519685
11
1.0407401968503938
21
0.9191074409448818
0
LINE
8
BLACK
6
CONTINUOUS
10
1.0407401968503938
20
0.9191074409448818
11
1.041184842519685
21
0.9195520866141732
0
LINE
8
BLACK
6
CONTINUOUS
10
1.041184842519685
20
0.9195520866141732
11
1.0417399606299211
21
0.9206622834645669
0
LINE
8
BLACK
6
CONTINUOUS
10
1.0417399606299211
20
0.9206622834645669
11
1.0417399606299211
21
0.9215233858267716
0
LINE
8
BLACK
6
CONTINUOUS
10
1.0417399606299211
20
0.9215233858267716
11
1.041184842519685
21
0.9226335826771653
0
LINE
8
BLACK
6
CONTINUOUS
10
1.041184842519685
20
0.9226335826771653
11
1.0407402362204725
21
0.9230781889763779
0
LINE
8
BLACK
6
CONTINUOUS
10
1.0407402362204725
20
0.9230781889763779
11
1.0393870866141732
21
0.9237547637795276
0
LINE
8
BLACK
6
CONTINUOUS
10
1.0393870866141732
20
0.9237547637795276
11
1.036120590551181
21
0.9245714173228347
0
LINE
8
BLACK
6
CONTINUOUS
10
1.036120590551181
20
0.9245714173228347
11
1.0319594881889764
21
0.9245714173228347
0
LINE
8
BLACK
6
CONTINUOUS
10
1.0319594881889764
20
0.9245714173228347
11
1.0286928346456692
21
0.9237547637795276
0
LINE
8
BLACK
6
CONTINUOUS
10
1.0179102362204724
20
0.9341797637795275
11
1.0185399606299212
21
0.9326594881889764
0
LINE
8
BLACK
6
CONTINUOUS
10
1.0185399606299212
20
0.9326594881889764
11
1.0185399606299212
21
0.9214023622047244
0
LINE
8
BLACK
6
CONTINUOUS
10
1.0185399606299212
20
0.9214023622047244
11
1.0179102362204724
21
0.9198820866141733
0
LINE
8
BLACK
6
CONTINUOUS
10
1.0179102362204724
20
0.9198820866141733
11
1.0163899606299212
21
0.9192523622047244
0
LINE
8
BLACK
6
CONTINUOUS
10
1.0163899606299212
20
0.9192523622047244
11
1.0148696850393701
21
0.9198820866141733
0
LINE
8
BLACK
6
CONTINUOUS
10
1.0148696850393701
20
0.9198820866141733
11
1.0142399606299213
21
0.9214023622047244
0
LINE
8
BLACK
6
CONTINUOUS
10
1.0142399606299213
20
0.9214023622047244
11
1.0142399606299213
21
0.924880905511811
0
LINE
8
BLACK
6
CONTINUOUS
10
1.0142399606299213
20
0.924880905511811
11
0.9966899606299212
21
0.924880905511811
0
LINE
8
BLACK
6
CONTINUOUS
10
0.9966899606299212
20
0.924880905511811
11
0.9964853937007874
21
0.9249655905511811
0
LINE
8
BLACK
6
CONTINUOUS
10
0.9964853937007874
20
0.9249655905511811
11
0.9962683070866142
21
0.9249226771653543
0
LINE
8
BLACK
6
CONTINUOUS
10
0.9962683070866142
20
0.9249226771653543
11
0.9957481496062992
21
0.9252709842519685
0
LINE
8
BLACK
6
CONTINUOUS
10
0.9957481496062992
20
0.9252709842519685
11
0.9951696850393701
21
0.9255106299212599
0
LINE
8
BLACK
6
CONTINUOUS
10
0.9951696850393701
20
0.9255106299212599
11
0.9950849606299212
21
0.9257151181102362
0
LINE
8
BLACK
6
CONTINUOUS
10
0.9950849606299212
20
0.9257151181102362
11
0.994901062992126
21
0.9258383070866142
0
LINE
8
BLACK
6
CONTINUOUS
10
0.994901062992126
20
0.9258383070866142
11
0.9947795669291338
21
0.9264524015748031
0
LINE
8
BLACK
6
CONTINUOUS
10
0.9947795669291338
20
0.9264524015748031
11
0.9945399606299212
21
0.927030905511811
0
LINE
8
BLACK
6
CONTINUOUS
10
0.9945399606299212
20
0.927030905511811
11
0.9946246456692913
21
0.9272354330708661
0
LINE
8
BLACK
6
CONTINUOUS
10
0.9946246456692913
20
0.9272354330708661
11
0.9945817322834646
21
0.9274525590551181
0
LINE
8
BLACK
6
CONTINUOUS
10
0.9945817322834646
20
0.9274525590551181
11
0.9949300393700787
21
0.9279726771653544
0
LINE
8
BLACK
6
CONTINUOUS
10
0.9949300393700787
20
0.9279726771653544
11
0.9951696850393701
21
0.9285511811023622
0
LINE
8
BLACK
6
CONTINUOUS
10
0.9951696850393701
20
0.9285511811023622
11
0.9953741732283464
21
0.9286358661417322
0
LINE
8
BLACK
6
CONTINUOUS
10
0.9953741732283464
20
0.9286358661417322
11
0.9954973622047244
21
0.9288198031496063
0
LINE
8
BLACK
6
CONTINUOUS
10
0.9954973622047244
20
0.9288198031496063
11
0.9981345275590551
21
0.9305779527559055
0
LINE
8
BLACK
6
CONTINUOUS
10
0.9981345275590551
20
0.9305779527559055
11
0.9996134251968504
21
0.9320568503937008
0
LINE
8
BLACK
6
CONTINUOUS
10
0.9996134251968504
20
0.9320568503937008
11
1.0003955118110237
21
0.9336210236220472
0
LINE
8
BLACK
6
CONTINUOUS
10
1.0003955118110237
20
0.9336210236220472
11
1.0016386614173227
21
0.9346991338582677
0
LINE
8
BLACK
6
CONTINUOUS
10
1.0016386614173227
20
0.9346991338582677
11
1.0032800787401575
21
0.9345824803149606
0
LINE
8
BLACK
6
CONTINUOUS
10
1.0032800787401575
20
0.9345824803149606
11
1.0043582283464567
21
0.9333393700787401
0
LINE
8
BLACK
6
CONTINUOUS
10
1.0043582283464567
20
0.9333393700787401
11
1.0042415354330709
21
0.9316979527559055
0
LINE
8
BLACK
6
CONTINUOUS
10
1.0042415354330709
20
0.9316979527559055
11
1.0033034251968505
21
0.9298217716535433
0
LINE
8
BLACK
6
CONTINUOUS
10
1.0033034251968505
20
0.9298217716535433
11
1.0030361023622048
21
0.9295899212598425
0
LINE
8
BLACK
6
CONTINUOUS
10
1.0030361023622048
20
0.9295899212598425
11
1.0029007086614172
21
0.9292630314960629
0
LINE
8
BLACK
6
CONTINUOUS
10
1.0029007086614172
20
0.9292630314960629
11
1.0028185826771654
21
0.929180905511811
0
LINE
8
BLACK
6
CONTINUOUS
10
1.0028185826771654
20
0.929180905511811
11
1.0142399606299213
21
0.929180905511811
0
LINE
8
BLACK
6
CONTINUOUS
10
1.0142399606299213
20
0.929180905511811
11
1.0142399606299213
21
0.9326594881889764
0
LINE
8
BLACK
6
CONTINUOUS
10
1.0142399606299213
20
0.9326594881889764
11
1.0148696850393701
21
0.9341797637795275
0
LINE
8
BLACK
6
CONTINUOUS
10
1.0148696850393701
20
0.9341797637795275
11
1.0163899606299212
21
0.9348094881889764
0
LINE
8
BLACK
6
CONTINUOUS
10
1.0163899606299212
20
0.9348094881889764
11
1.0179102362204724
21
0.9341797637795275
0
LINE
8
BLACK
6
CONTINUOUS
10
0.3824885433070866
20
0.9452684645669291
11
0.3829877165354331
21
0.9452329921259842
0
LINE
8
BLACK
6
CONTINUOUS
10
0.3829877165354331
20
0.9452329921259842
11
0.3848638976377953
21
0.9442949212598425
0
LINE
8
BLACK
6
CONTINUOUS
10
0.3848638976377953
20
0.9442949212598425
11
0.385095748031496
21
0.944027559055118
0
LINE
8
BLACK
6
CONTINUOUS
10
0.385095748031496
20
0.944027559055118
11
0.3854226377952756
21
0.9438921653543307
0
LINE
8
BLACK
6
CONTINUOUS
10
0.3854226377952756
20
0.9438921653543307
11
0.3863607086614173
21
0.942954094488189
0
LINE
8
BLACK
6
CONTINUOUS
10
0.3863607086614173
20
0.942954094488189
11
0.3864961023622047
21
0.9426271653543307
0
LINE
8
BLACK
6
CONTINUOUS
10
0.3864961023622047
20
0.9426271653543307
11
0.3867634645669291
21
0.9423953149606299
0
LINE
8
BLACK
6
CONTINUOUS
10
0.3867634645669291
20
0.9423953149606299
11
0.3877015748031496
21
0.9405190944881889
0
LINE
8
BLACK
6
CONTINUOUS
10
0.3877015748031496
20
0.9405190944881889
11
0.3877370078740157
21
0.9400199212598425
0
LINE
8
BLACK
6
CONTINUOUS
10
0.3877370078740157
20
0.9400199212598425
11
0.3879285433070866
21
0.9395575984251968
0
LINE
8
BLACK
6
CONTINUOUS
10
0.3879285433070866
20
0.9395575984251968
11
0.3879285433070866
21
0.9386195275590551
0
LINE
8
BLACK
6
CONTINUOUS
10
0.3879285433070866
20
0.9386195275590551
11
0.3877370078740157
21
0.9381571259842519
0
LINE
8
BLACK
6
CONTINUOUS
10
0.3877370078740157
20
0.9381571259842519
11
0.3877015354330708
21
0.9376579921259842
0
LINE
8
BLACK
6
CONTINUOUS
10
0.3877015354330708
20
0.9376579921259842
11
0.3867634251968504
21
0.935781811023622
0
LINE
8
BLACK
6
CONTINUOUS
10
0.3867634251968504
20
0.935781811023622
11
0.3864961023622047
21
0.9355499606299212
0
LINE
8
BLACK
6
CONTINUOUS
10
0.3864961023622047
20
0.9355499606299212
11
0.3863607480314961
21
0.9352231102362204
0
LINE
8
BLACK
6
CONTINUOUS
10
0.3863607480314961
20
0.9352231102362204
11
0.3860047637795275
21
0.9348671259842519
0
LINE
8
BLACK
6
CONTINUOUS
10
0.3860047637795275
20
0.9348671259842519
11
0.3863607480314961
21
0.9345111811023622
0
LINE
8
BLACK
6
CONTINUOUS
10
0.3863607480314961
20
0.9345111811023622
11
0.3864961023622047
21
0.9341842913385826
0
LINE
8
BLACK
6
CONTINUOUS
10
0.3864961023622047
20
0.9341842913385826
11
0.3867634251968504
21
0.9339524803149606
0
LINE
8
BLACK
6
CONTINUOUS
10
0.3867634251968504
20
0.9339524803149606
11
0.3877015354330708
21
0.9320762992125984
0
LINE
8
BLACK
6
CONTINUOUS
10
0.3877015354330708
20
0.9320762992125984
11
0.3877370078740157
21
0.9315771259842519
0
LINE
8
BLACK
6
CONTINUOUS
10
0.3877370078740157
20
0.9315771259842519
11
0.3879285433070866
21
0.9311147637795275
0
LINE
8
BLACK
6
CONTINUOUS
10
0.3879285433070866
20
0.9311147637795275
11
0.3879285433070866
21
0.9273623622047243
0
LINE
8
BLACK
6
CONTINUOUS
10
0.3879285433070866
20
0.9273623622047243
11
0.3877370078740157
21
0.9268999606299212
0
LINE
8
BLACK
6
CONTINUOUS
10
0.3877370078740157
20
0.9268999606299212
11
0.3877015354330708
21
0.9264008267716535
0
LINE
8
BLACK
6
CONTINUOUS
10
0.3877015354330708
20
0.9264008267716535
11
0.3867634251968504
21
0.9245246456692913
0
LINE
8
BLACK
6
CONTINUOUS
10
0.3867634251968504
20
0.9245246456692913
11
0.3864961023622047
21
0.9242927952755905
0
LINE
8
BLACK
6
CONTINUOUS
10
0.3864961023622047
20
0.9242927952755905
11
0.3863607086614173
21
0.923965905511811
0
LINE
8
BLACK
6
CONTINUOUS
10
0.3863607086614173
20
0.923965905511811
11
0.3854226377952756
21
0.9230278346456693
0
LINE
8
BLACK
6
CONTINUOUS
10
0.3854226377952756
20
0.9230278346456693
11
0.385095748031496
21
0.9228924015748031
0
LINE
8
BLACK
6
CONTINUOUS
10
0.385095748031496
20
0.9228924015748031
11
0.3848638976377953
21
0.9226250787401574
0
LINE
8
BLACK
6
CONTINUOUS
10
0.3848638976377953
20
0.9226250787401574
11
0.3829877165354331
21
0.9216870078740157
0
LINE
8
BLACK
6
CONTINUOUS
10
0.3829877165354331
20
0.9216870078740157
11
0.3824885433070866
21
0.9216514960629921
0
LINE
8
BLACK
6
CONTINUOUS
10
0.3824885433070866
20
0.9216514960629921
11
0.3820261811023622
21
0.9214599999999999
0
LINE
8
BLACK
6
CONTINUOUS
10
0.3820261811023622
20
0.9214599999999999
11
0.378273779527559
21
0.9214599999999999
0
LINE
8
BLACK
6
CONTINUOUS
10
0.378273779527559
20
0.9214599999999999
11
0.3778113779527559
21
0.9216514960629921
0
LINE
8
BLACK
6
CONTINUOUS
10
0.3778113779527559
20
0.9216514960629921
11
0.3773122440944882
21
0.9216870078740157
0
LINE
8
BLACK
6
CONTINUOUS
10
0.3773122440944882
20
0.9216870078740157
11
0.375436062992126
21
0.9226251181102362
0
LINE
8
BLACK
6
CONTINUOUS
10
0.375436062992126
20
0.9226251181102362
11
0.3752042125984252
21
0.9228924015748031
0
LINE
8
BLACK
6
CONTINUOUS
10
0.3752042125984252
20
0.9228924015748031
11
0.3748773622047244
21
0.9230277952755905
0
LINE
8
BLACK
6
CONTINUOUS
10
0.3748773622047244
20
0.9230277952755905
11
0.3739392519685039
21
0.9239658661417323
0
LINE
8
BLACK
6
CONTINUOUS
10
0.3739392519685039
20
0.9239658661417323
11
0.3738038188976378
21
0.9242927952755905
0
LINE
8
BLACK
6
CONTINUOUS
10
0.3738038188976378
20
0.9242927952755905
11
0.3735364566929134
21
0.92452468503937
0
LINE
8
BLACK
6
CONTINUOUS
10
0.3735364566929134
20
0.92452468503937
11
0.3725983858267716
21
0.9264008661417322
0
LINE
8
BLACK
6
CONTINUOUS
10
0.3725983858267716
20
0.9264008661417322
11
0.3725629133858268
21
0.9268999999999999
0
LINE
8
BLACK
6
CONTINUOUS
10
0.3725629133858268
20
0.9268999999999999
11
0.3723714173228346
21
0.9273623622047243
0
LINE
8
BLACK
6
CONTINUOUS
10
0.3723714173228346
20
0.9273623622047243
11
0.3723714173228346
21
0.9311147637795275
0
LINE
8
BLACK
6
CONTINUOUS
10
0.3723714173228346
20
0.9311147637795275
11
0.3725629133858268
21
0.9315770866141732
0
LINE
8
BLACK
6
CONTINUOUS
10
0.3725629133858268
20
0.9315770866141732
11
0.3725983858267716
21
0.9320762598425196
0
LINE
8
BLACK
6
CONTINUOUS
10
0.3725983858267716
20
0.9320762598425196
11
0.3735364566929134
21
0.9339524409448818
0
LINE
8
BLACK
6
CONTINUOUS
10
0.3735364566929134
20
0.9339524409448818
11
0.3738037795275591
21
0.9341842913385826
0
LINE
8
BLACK
6
CONTINUOUS
10
0.3738037795275591
20
0.9341842913385826
11
0.3739392125984252
21
0.934511220472441
0
LINE
8
BLACK
6
CONTINUOUS
10
0.3739392125984252
20
0.934511220472441
11
0.3742951181102362
21
0.9348671259842519
0
LINE
8
BLACK
6
CONTINUOUS
10
0.3742951181102362
20
0.9348671259842519
11
0.3739392125984252
21
0.9352230708661418
0
LINE
8
BLACK
6
CONTINUOUS
10
0.3739392125984252
20
0.9352230708661418
11
0.3738037795275591
21
0.9355499606299212
0
LINE
8
BLACK
6
CONTINUOUS
10
0.3738037795275591
20
0.9355499606299212
11
0.3735364566929134
21
0.9357818503937008
0
LINE
8
BLACK
6
CONTINUOUS
10
0.3735364566929134
20
0.9357818503937008
11
0.3725983858267716
21
0.937658031496063
0
LINE
8
BLACK
6
CONTINUOUS
10
0.3725983858267716
20
0.937658031496063
11
0.3725629133858268
21
0.9381571653543307
0
LINE
8
BLACK
6
CONTINUOUS
10
0.3725629133858268
20
0.9381571653543307
11
0.3723714173228346
21
0.9386195275590551
0
LINE
8
BLACK
6
CONTINUOUS
10
0.3723714173228346
20
0.9386195275590551
11
0.3723714173228346
21
0.9395575984251968
0
LINE
8
BLACK
6
CONTINUOUS
10
0.3723714173228346
20
0.9395575984251968
11
0.3725629133858268
21
0.9400199212598425
0
LINE
8
BLACK
6
CONTINUOUS
10
0.3725629133858268
20
0.9400199212598425
11
0.3725983858267716
21
0.9405190944881889
0
LINE
8
BLACK
6
CONTINUOUS
10
0.3725983858267716
20
0.9405190944881889
11
0.3735364566929134
21
0.9423953149606299
0
LINE
8
BLACK
6
CONTINUOUS
10
0.3735364566929134
20
0.9423953149606299
11
0.3738038188976378
21
0.9426272047244094
0
LINE
8
BLACK
6
CONTINUOUS
10
0.3738038188976378
20
0.9426272047244094
11
0.3739392519685039
21
0.9429541338582677
0
LINE
8
BLACK
6
CONTINUOUS
10
0.3739392519685039
20
0.9429541338582677
11
0.3748773622047244
21
0.9438922047244094
0
LINE
8
BLACK
6
CONTINUOUS
10
0.3748773622047244
20
0.9438922047244094
11
0.3752042125984252
21
0.944027559055118
0
LINE
8
BLACK
6
CONTINUOUS
10
0.3752042125984252
20
0.944027559055118
11
0.375436062992126
21
0.9442948818897637
0
LINE
8
BLACK
6
CONTINUOUS
10
0.375436062992126
20
0.9442948818897637
11
0.3773122440944882
21
0.9452329921259842
0
LINE
8
BLACK
6
CONTINUOUS
10
0.3773122440944882
20
0.9452329921259842
11
0.3778113779527559
21
0.9452684645669291
0
LINE
8
BLACK
6
CONTINUOUS
10
0.3778113779527559
20
0.9452684645669291
11
0.378273779527559
21
0.94546
0
LINE
8
BLACK
6
CONTINUOUS
10
0.378273779527559
20
0.94546
11
0.3820261811023622
21
0.94546
0
LINE
8
BLACK
6
CONTINUOUS
10
0.3820261811023622
20
0.94546
11
0.3824885433070866
21
0.9452684645669291
0
LINE
8
BLACK
6
CONTINUOUS
10
0.3776711023622047
20
0.9321620078740157
11
0.3772264960629921
21
0.9317174015748031
0
LINE
8
BLACK
6
CONTINUOUS
10
0.3772264960629921
20
0.9317174015748031
11
0.3766714173228347
21
0.9306072047244094
0
LINE
8
BLACK
6
CONTINUOUS
10
0.3766714173228347
20
0.9306072047244094
11
0.3766714173228347
21
0.9278698818897637
0
LINE
8
BLACK
6
CONTINUOUS
10
0.3766714173228347
20
0.9278698818897637
11
0.3772264566929134
21
0.9267597244094488
0
LINE
8
BLACK
6
CONTINUOUS
10
0.3772264566929134
20
0.9267597244094488
11
0.3776711417322834
21
0.9263150787401575
0
LINE
8
BLACK
6
CONTINUOUS
10
0.3776711417322834
20
0.9263150787401575
11
0.3787813779527559
21
0.92576
0
LINE
8
BLACK
6
CONTINUOUS
10
0.3787813779527559
20
0.92576
11
0.3815186614173228
21
0.92576
0
LINE
8
BLACK
6
CONTINUOUS
10
0.3815186614173228
20
0.92576
11
0.3826287401574803
21
0.9263150393700788
0
LINE
8
BLACK
6
CONTINUOUS
10
0.3826287401574803
20
0.9263150393700788
11
0.3830734251968504
21
0.9267597244094488
0
LINE
8
BLACK
6
CONTINUOUS
10
0.3830734251968504
20
0.9267597244094488
11
0.3836285433070866
21
0.9278699212598425
0
LINE
8
BLACK
6
CONTINUOUS
10
0.3836285433070866
20
0.9278699212598425
11
0.3836285433070866
21
0.9306071653543306
0
LINE
8
BLACK
6
CONTINUOUS
10
0.3836285433070866
20
0.9306071653543306
11
0.3830734251968504
21
0.9317173622047243
0
LINE
8
BLACK
6
CONTINUOUS
10
0.3830734251968504
20
0.9317173622047243
11
0.382628779527559
21
0.9321620472440945
0
LINE
8
BLACK
6
CONTINUOUS
10
0.382628779527559
20
0.9321620472440945
11
0.3815186220472441
21
0.9327171259842519
0
LINE
8
BLACK
6
CONTINUOUS
10
0.3815186220472441
20
0.9327171259842519
11
0.3787813385826772
21
0.9327171259842519
0
LINE
8
BLACK
6
CONTINUOUS
10
0.3787813385826772
20
0.9327171259842519
11
0.3776711023622047
21
0.9321620078740157
0
LINE
8
BLACK
6
CONTINUOUS
10
0.3776711417322834
20
0.9406048818897638
11
0.3772264566929134
21
0.9401601968503936
0
LINE
8
BLACK
6
CONTINUOUS
10
0.3772264566929134
20
0.9401601968503936
11
0.3766906299212598
21
0.9390885433070866
0
LINE
8
BLACK
6
CONTINUOUS
10
0.3766906299212598
20
0.9390885433070866
11
0.3772264960629921
21
0.9380168503937008
0
LINE
8
BLACK
6
CONTINUOUS
10
0.3772264960629921
20
0.9380168503937008
11
0.3776711417322834
21
0.9375722047244094
0
LINE
8
BLACK
6
CONTINUOUS
10
0.3776711417322834
20
0.9375722047244094
11
0.3787813779527559
21
0.9370171259842519
0
LINE
8
BLACK
6
CONTINUOUS
10
0.3787813779527559
20
0.9370171259842519
11
0.3815186614173228
21
0.9370171259842519
0
LINE
8
BLACK
6
CONTINUOUS
10
0.3815186614173228
20
0.9370171259842519
11
0.3826287401574803
21
0.9375721653543306
0
LINE
8
BLACK
6
CONTINUOUS
10
0.3826287401574803
20
0.9375721653543306
11
0.3830734251968504
21
0.9380168897637795
0
LINE
8
BLACK
6
CONTINUOUS
10
0.3830734251968504
20
0.9380168897637795
11
0.3836092519685039
21
0.9390885433070866
0
LINE
8
BLACK
6
CONTINUOUS
10
0.3836092519685039
20
0.9390885433070866
11
0.3830734251968504
21
0.9401602755905512
0
LINE
8
BLACK
6
CONTINUOUS
10
0.3830734251968504
20
0.9401602755905512
11
0.3826287401574803
21
0.9406049212598425
0
LINE
8
BLACK
6
CONTINUOUS
10
0.3826287401574803
20
0.9406049212598425
11
0.3815186614173228
21
0.94116
0
LINE
8
BLACK
6
CONTINUOUS
10
0.3815186614173228
20
0.94116
11
0.3787813779527559
21
0.94116
0
LINE
8
BLACK
6
CONTINUOUS
10
0.3787813779527559
20
0.94116
11
0.3776711417322834
21
0.9406048818897638
0
LINE
8
BLACK
6
CONTINUOUS
10
0.4060607086614173
20
0.9448302755905511
11
0.4066904330708661
21
0.94331
0
LINE
8
BLACK
6
CONTINUOUS
10
0.4066904330708661
20
0.94331
11
0.4066904330708661
21
0.9236099999999999
0
LINE
8
BLACK
6
CONTINUOUS
10
0.4066904330708661
20
0.9236099999999999
11
0.4060607086614173
21
0.9220897244094488
0
LINE
8
BLACK
6
CONTINUOUS
10
0.4060607086614173
20
0.9220897244094488
11
0.4045404330708661
21
0.9214599999999999
0
LINE
8
BLACK
6
CONTINUOUS
10
0.4045404330708661
20
0.9214599999999999
11
0.4030201574803149
21
0.9220897244094488
0
LINE
8
BLACK
6
CONTINUOUS
10
0.4030201574803149
20
0.9220897244094488
11
0.4023904330708661
21
0.9236099999999999
0
LINE
8
BLACK
6
CONTINUOUS
10
0.4023904330708661
20
0.9236099999999999
11
0.4023904330708661
21
0.9308409448818897
0
LINE
8
BLACK
6
CONTINUOUS
10
0.4023904330708661
20
0.9308409448818897
11
0.4009693700787402
21
0.9308409448818897
0
LINE
8
BLACK
6
CONTINUOUS
10
0.4009693700787402
20
0.9308409448818897
11
0.3950446456692913
21
0.9223770472440944
0
LINE
8
BLACK
6
CONTINUOUS
10
0.3950446456692913
20
0.9223770472440944
11
0.3936569291338582
21
0.9214927165354331
0
LINE
8
BLACK
6
CONTINUOUS
10
0.3936569291338582
20
0.9214927165354331
11
0.3920503543307087
21
0.9218486614173228
0
LINE
8
BLACK
6
CONTINUOUS
10
0.3920503543307087
20
0.9218486614173228
11
0.3911660236220472
21
0.9232363779527559
0
LINE
8
BLACK
6
CONTINUOUS
10
0.3911660236220472
20
0.9232363779527559
11
0.391521968503937
21
0.9248429527559054
0
LINE
8
BLACK
6
CONTINUOUS
10
0.391521968503937
20
0.9248429527559054
11
0.3959299212598425
21
0.9311400393700787
0
LINE
8
BLACK
6
CONTINUOUS
10
0.3959299212598425
20
0.9311400393700787
11
0.3941979527559055
21
0.932006062992126
0
LINE
8
BLACK
6
CONTINUOUS
10
0.3941979527559055
20
0.932006062992126
11
0.3939661023622047
21
0.9322733464566929
0
LINE
8
BLACK
6
CONTINUOUS
10
0.3939661023622047
20
0.9322733464566929
11
0.3936392125984252
21
0.9324087795275591
0
LINE
8
BLACK
6
CONTINUOUS
10
0.3936392125984252
20
0.9324087795275591
11
0.3927011417322834
21
0.9333468503937008
0
LINE
8
BLACK
6
CONTINUOUS
10
0.3927011417322834
20
0.9333468503937008
11
0.3925657086614173
21
0.9336737401574803
0
LINE
8
BLACK
6
CONTINUOUS
10
0.3925657086614173
20
0.9336737401574803
11
0.3922983858267716
21
0.9339056299212598
0
LINE
8
BLACK
6
CONTINUOUS
10
0.3922983858267716
20
0.9339056299212598
11
0.3913602755905512
21
0.9357818503937008
0
LINE
8
BLACK
6
CONTINUOUS
10
0.3913602755905512
20
0.9357818503937008
11
0.3913248031496063
21
0.9362809842519685
0
LINE
8
BLACK
6
CONTINUOUS
10
0.3913248031496063
20
0.9362809842519685
11
0.3911333070866141
21
0.9367433464566929
0
LINE
8
BLACK
6
CONTINUOUS
10
0.3911333070866141
20
0.9367433464566929
11
0.3911333070866141
21
0.9395575984251968
0
LINE
8
BLACK
6
CONTINUOUS
10
0.3911333070866141
20
0.9395575984251968
11
0.3913248031496063
21
0.9400199212598425
0
LINE
8
BLACK
6
CONTINUOUS
10
0.3913248031496063
20
0.9400199212598425
11
0.3913602755905512
21
0.9405190944881889
0
LINE
8
BLACK
6
CONTINUOUS
10
0.3913602755905512
20
0.9405190944881889
11
0.3922983858267716
21
0.9423953149606299
0
LINE
8
BLACK
6
CONTINUOUS
10
0.3922983858267716
20
0.9423953149606299
11
0.3925657086614173
21
0.9426271653543307
0
LINE
8
BLACK
6
CONTINUOUS
10
0.3925657086614173
20
0.9426271653543307
11
0.3927011417322834
21
0.942954094488189
0
LINE
8
BLACK
6
CONTINUOUS
10
0.3927011417322834
20
0.942954094488189
11
0.3936392125984252
21
0.9438921653543307
0
LINE
8
BLACK
6
CONTINUOUS
10
0.3936392125984252
20
0.9438921653543307
11
0.3939661023622047
21
0.944027559055118
0
LINE
8
BLACK
6
CONTINUOUS
10
0.3939661023622047
20
0.944027559055118
11
0.3941979527559055
21
0.9442948818897637
0
LINE
8
BLACK
6
CONTINUOUS
10
0.3941979527559055
20
0.9442948818897637
11
0.3960741338582677
21
0.9452329921259842
0
LINE
8
BLACK
6
CONTINUOUS
10
0.3960741338582677
20
0.9452329921259842
11
0.3965732677165354
21
0.9452684645669291
0
LINE
8
BLACK
6
CONTINUOUS
10
0.3965732677165354
20
0.9452684645669291
11
0.3970356692913386
21
0.94546
0
LINE
8
BLACK
6
CONTINUOUS
10
0.3970356692913386
20
0.94546
11
0.4045404330708661
21
0.94546
0
LINE
8
BLACK
6
CONTINUOUS
10
0.4045404330708661
20
0.94546
11
0.4060607086614173
21
0.9448302755905511
0
LINE
8
BLACK
6
CONTINUOUS
10
0.396433031496063
20
0.9406048818897638
11
0.3959884251968504
21
0.9401602755905512
0
LINE
8
BLACK
6
CONTINUOUS
10
0.3959884251968504
20
0.9401602755905512
11
0.3954333070866142
21
0.9390500393700787
0
LINE
8
BLACK
6
CONTINUOUS
10
0.3954333070866142
20
0.9390500393700787
11
0.3954333070866142
21
0.937250905511811
0
LINE
8
BLACK
6
CONTINUOUS
10
0.3954333070866142
20
0.937250905511811
11
0.3959884251968504
21
0.9361406692913385
0
LINE
8
BLACK
6
CONTINUOUS
10
0.3959884251968504
20
0.9361406692913385
11
0.396433031496063
21
0.9356960236220472
0
LINE
8
BLACK
6
CONTINUOUS
10
0.396433031496063
20
0.9356960236220472
11
0.3975432677165354
21
0.9351409448818897
0
LINE
8
BLACK
6
CONTINUOUS
10
0.3975432677165354
20
0.9351409448818897
11
0.4023904330708661
21
0.9351409448818897
0
LINE
8
BLACK
6
CONTINUOUS
10
0.4023904330708661
20
0.9351409448818897
11
0.4023904330708661
21
0.94116
0
LINE
8
BLACK
6
CONTINUOUS
10
0.4023904330708661
20
0.94116
11
0.3975432677165354
21
0.94116
0
LINE
8
BLACK
6
CONTINUOUS
10
0.3975432677165354
20
0.94116
11
0.396433031496063
21
0.9406048818897638
0
LINE
8
BLACK
6
CONTINUOUS
10
1.0454102362204725
20
0.9479416929133858
11
1.0460399606299213
21
0.9464214173228346
0
LINE
8
BLACK
6
CONTINUOUS
10
1.0460399606299213
20
0.9464214173228346
11
1.0460399606299213
21
0.9342261811023622
0
LINE
8
BLACK
6
CONTINUOUS
10
1.0460399606299213
20
0.9342261811023622
11
1.0454102362204725
21
0.932705905511811
0
LINE
8
BLACK
6
CONTINUOUS
10
1.0454102362204725
20
0.932705905511811
11
1.0438899606299212
21
0.9320761811023622
0
LINE
8
BLACK
6
CONTINUOUS
10
1.0438899606299212
20
0.9320761811023622
11
1.04236968503937
21
0.932705905511811
0
LINE
8
BLACK
6
CONTINUOUS
10
1.04236968503937
20
0.932705905511811
11
1.0417399606299211
21
0.9342261811023622
0
LINE
8
BLACK
6
CONTINUOUS
10
1.0417399606299211
20
0.9342261811023622
11
1.0417399606299211
21
0.9412308267716535
0
LINE
8
BLACK
6
CONTINUOUS
10
1.0417399606299211
20
0.9412308267716535
11
1.0341531102362205
21
0.9336439763779527
0
LINE
8
BLACK
6
CONTINUOUS
10
1.0341531102362205
20
0.9336439763779527
11
1.0336907480314961
21
0.9334524409448819
0
LINE
8
BLACK
6
CONTINUOUS
10
1.0336907480314961
20
0.9334524409448819
11
1.0333126771653542
21
0.9331245669291338
0
LINE
8
BLACK
6
CONTINUOUS
10
1.0333126771653542
20
0.9331245669291338
11
1.0304984251968503
21
0.9321864960629921
0
LINE
8
BLACK
6
CONTINUOUS
10
1.0304984251968503
20
0.9321864960629921
11
1.0301454330708661
21
0.9322115748031495
0
LINE
8
BLACK
6
CONTINUOUS
10
1.0301454330708661
20
0.9322115748031495
11
1.0298185433070866
21
0.9320761811023622
0
LINE
8
BLACK
6
CONTINUOUS
10
1.0298185433070866
20
0.9320761811023622
11
1.0279423622047243
21
0.9320761811023622
0
LINE
8
BLACK
6
CONTINUOUS
10
1.0279423622047243
20
0.9320761811023622
11
1.0274799999999999
21
0.9322676771653543
0
LINE
8
BLACK
6
CONTINUOUS
10
1.0274799999999999
20
0.9322676771653543
11
1.0269809055118111
21
0.9323031496062992
0
LINE
8
BLACK
6
CONTINUOUS
10
1.0269809055118111
20
0.9323031496062992
11
1.0251046456692914
21
0.933241220472441
0
LINE
8
BLACK
6
CONTINUOUS
10
1.0251046456692914
20
0.933241220472441
11
1.0248727559055117
21
0.9335085826771653
0
LINE
8
BLACK
6
CONTINUOUS
10
1.0248727559055117
20
0.9335085826771653
11
1.0245458267716536
21
0.9336440157480315
0
LINE
8
BLACK
6
CONTINUOUS
10
1.0245458267716536
20
0.9336440157480315
11
1.0236077559055119
21
0.9345821259842519
0
LINE
8
BLACK
6
CONTINUOUS
10
1.0236077559055119
20
0.9345821259842519
11
1.0234723622047244
21
0.9349089763779528
0
LINE
8
BLACK
6
CONTINUOUS
10
1.0234723622047244
20
0.9349089763779528
11
1.0232050393700787
21
0.9351408267716536
0
LINE
8
BLACK
6
CONTINUOUS
10
1.0232050393700787
20
0.9351408267716536
11
1.0222669685039369
21
0.9370170078740158
0
LINE
8
BLACK
6
CONTINUOUS
10
1.0222669685039369
20
0.9370170078740158
11
1.0222314566929134
21
0.9375161417322835
0
LINE
8
BLACK
6
CONTINUOUS
10
1.0222314566929134
20
0.9375161417322835
11
1.0220399606299213
21
0.9379785433070866
0
LINE
8
BLACK
6
CONTINUOUS
10
1.0220399606299213
20
0.9379785433070866
11
1.0220399606299213
21
0.9426690157480315
0
LINE
8
BLACK
6
CONTINUOUS
10
1.0220399606299213
20
0.9426690157480315
11
1.0222314566929134
21
0.9431313779527559
0
LINE
8
BLACK
6
CONTINUOUS
10
1.0222314566929134
20
0.9431313779527559
11
1.0222669685039369
21
0.9436305511811024
0
LINE
8
BLACK
6
CONTINUOUS
10
1.0222669685039369
20
0.9436305511811024
11
1.0232050393700787
21
0.9455067322834645
0
LINE
8
BLACK
6
CONTINUOUS
10
1.0232050393700787
20
0.9455067322834645
11
1.0234723622047244
21
0.9457385433070866
0
LINE
8
BLACK
6
CONTINUOUS
10
1.0234723622047244
20
0.9457385433070866
11
1.0236077559055119
21
0.9460654330708661
0
LINE
8
BLACK
6
CONTINUOUS
10
1.0236077559055119
20
0.9460654330708661
11
1.0245458267716536
21
0.9470035433070866
0
LINE
8
BLACK
6
CONTINUOUS
10
1.0245458267716536
20
0.9470035433070866
11
1.0260661023622046
21
0.9476333070866142
0
LINE
8
BLACK
6
CONTINUOUS
10
1.0260661023622046
20
0.9476333070866142
11
1.0275863779527559
21
0.9470036220472441
0
LINE
8
BLACK
6
CONTINUOUS
10
1.0275863779527559
20
0.9470036220472441
11
1.0282161417322835
21
0.9454833464566929
0
LINE
8
BLACK
6
CONTINUOUS
10
1.0282161417322835
20
0.9454833464566929
11
1.0275864566929134
21
0.9439630708661417
0
LINE
8
BLACK
6
CONTINUOUS
10
1.0275864566929134
20
0.9439630708661417
11
1.0268950393700786
21
0.9432716141732284
0
LINE
8
BLACK
6
CONTINUOUS
10
1.0268950393700786
20
0.9432716141732284
11
1.0263399606299213
21
0.9421614566929134
0
LINE
8
BLACK
6
CONTINUOUS
10
1.0263399606299213
20
0.9421614566929134
11
1.0263399606299213
21
0.938486062992126
0
LINE
8
BLACK
6
CONTINUOUS
10
1.0263399606299213
20
0.938486062992126
11
1.0268950393700786
21
0.937375905511811
0
LINE
8
BLACK
6
CONTINUOUS
10
1.0268950393700786
20
0.937375905511811
11
1.0273396850393701
21
0.9369312598425197
0
LINE
8
BLACK
6
CONTINUOUS
10
1.0273396850393701
20
0.9369312598425197
11
1.0284499212598426
21
0.9363761811023622
0
LINE
8
BLACK
6
CONTINUOUS
10
1.0284499212598426
20
0.9363761811023622
11
1.0294696062992126
21
0.9363761811023622
0
LINE
8
BLACK
6
CONTINUOUS
10
1.0294696062992126
20
0.9363761811023622
11
1.0314714566929133
21
0.9370434251968504
0
LINE
8
BLACK
6
CONTINUOUS
10
1.0314714566929133
20
0.9370434251968504
11
1.04236968503937
21
0.9479416929133858
0
LINE
8
BLACK
6
CONTINUOUS
10
1.04236968503937
20
0.9479416929133858
11
1.0438899606299212
21
0.9485714173228347
0
LINE
8
BLACK
6
CONTINUOUS
10
1.0438899606299212
20
0.9485714173228347
11
1.0454102362204725
21
0.9479416929133858
0
LINE
8
BLACK
6
CONTINUOUS
10
1.0179102362204724
20
0.9529416535433071
11
1.0185399606299212
21
0.9514213779527558
0
LINE
8
BLACK
6
CONTINUOUS
10
1.0185399606299212
20
0.9514213779527558
11
1.0179102362204724
21
0.9499011023622047
0
LINE
8
BLACK
6
CONTINUOUS
10
1.0179102362204724
20
0.9499011023622047
11
1.0163899606299212
21
0.9492713779527558
0
LINE
8
BLACK
6
CONTINUOUS
10
1.0163899606299212
20
0.9492713779527558
11
1.0091590157480315
21
0.9492713779527558
0
LINE
8
BLACK
6
CONTINUOUS
10
1.0091590157480315
20
0.9492713779527558
11
1.0091590157480315
21
0.9478502755905511
0
LINE
8
BLACK
6
CONTINUOUS
10
1.0091590157480315
20
0.9478502755905511
11
1.0176229133858268
21
0.9419255905511811
0
LINE
8
BLACK
6
CONTINUOUS
10
1.0176229133858268
20
0.9419255905511811
11
1.0185072440944882
21
0.9405378740157481
0
LINE
8
BLACK
6
CONTINUOUS
10
1.0185072440944882
20
0.9405378740157481
11
1.0181512992125985
21
0.9389312992125984
0
LINE
8
BLACK
6
CONTINUOUS
10
1.0181512992125985
20
0.9389312992125984
11
1.016763622047244
21
0.938046968503937
0
LINE
8
BLACK
6
CONTINUOUS
10
1.016763622047244
20
0.938046968503937
11
1.0151570078740157
21
0.9384029133858267
0
LINE
8
BLACK
6
CONTINUOUS
10
1.0151570078740157
20
0.9384029133858267
11
1.0088598818897638
21
0.9428108661417323
0
LINE
8
BLACK
6
CONTINUOUS
10
1.0088598818897638
20
0.9428108661417323
11
1.0079938976377953
21
0.9410788976377953
0
LINE
8
BLACK
6
CONTINUOUS
10
1.0079938976377953
20
0.9410788976377953
11
1.0077265748031496
21
0.9408470472440945
0
LINE
8
BLACK
6
CONTINUOUS
10
1.0077265748031496
20
0.9408470472440945
11
1.0075911811023621
21
0.9405201574803149
0
LINE
8
BLACK
6
CONTINUOUS
10
1.0075911811023621
20
0.9405201574803149
11
1.0066531102362204
21
0.9395820866141732
0
LINE
8
BLACK
6
CONTINUOUS
10
1.0066531102362204
20
0.9395820866141732
11
1.0063261811023623
21
0.939446653543307
0
LINE
8
BLACK
6
CONTINUOUS
10
1.0063261811023623
20
0.939446653543307
11
1.0060943307086614
21
0.9391793307086614
0
LINE
8
BLACK
6
CONTINUOUS
10
1.0060943307086614
20
0.9391793307086614
11
1.0042181102362204
21
0.938241220472441
0
LINE
8
BLACK
6
CONTINUOUS
10
1.0042181102362204
20
0.938241220472441
11
1.0037189370078741
21
0.938205748031496
0
LINE
8
BLACK
6
CONTINUOUS
10
1.0037189370078741
20
0.938205748031496
11
1.0032566141732284
21
0.938014251968504
0
LINE
8
BLACK
6
CONTINUOUS
10
1.0032566141732284
20
0.938014251968504
11
1.0004423622047245
21
0.938014251968504
0
LINE
8
BLACK
6
CONTINUOUS
10
1.0004423622047245
20
0.938014251968504
11
0.99998
21
0.938205748031496
0
LINE
8
BLACK
6
CONTINUOUS
10
0.99998
20
0.938205748031496
11
0.9994808661417323
21
0.938241220472441
0
LINE
8
BLACK
6
CONTINUOUS
10
0.9994808661417323
20
0.938241220472441
11
0.9976046456692913
21
0.9391793307086614
0
LINE
8
BLACK
6
CONTINUOUS
10
0.9976046456692913
20
0.9391793307086614
11
0.9973727559055118
21
0.939446653543307
0
LINE
8
BLACK
6
CONTINUOUS
10
0.9973727559055118
20
0.939446653543307
11
0.9970458661417323
21
0.9395820866141732
0
LINE
8
BLACK
6
CONTINUOUS
10
0.9970458661417323
20
0.9395820866141732
11
0.9961077952755906
21
0.9405201574803149
0
LINE
8
BLACK
6
CONTINUOUS
10
0.9961077952755906
20
0.9405201574803149
11
0.9959723622047244
21
0.9408470078740158
0
LINE
8
BLACK
6
CONTINUOUS
10
0.9959723622047244
20
0.9408470078740158
11
0.9957050393700787
21
0.9410788976377953
0
LINE
8
BLACK
6
CONTINUOUS
10
0.9957050393700787
20
0.9410788976377953
11
0.994766968503937
21
0.9429550787401575
0
LINE
8
BLACK
6
CONTINUOUS
10
0.994766968503937
20
0.9429550787401575
11
0.9947314566929134
21
0.9434542125984252
0
LINE
8
BLACK
6
CONTINUOUS
10
0.9947314566929134
20
0.9434542125984252
11
0.9945399606299212
21
0.9439166141732284
0
LINE
8
BLACK
6
CONTINUOUS
10
0.9945399606299212
20
0.9439166141732284
11
0.9945399606299212
21
0.9514213779527558
0
LINE
8
BLACK
6
CONTINUOUS
10
0.9945399606299212
20
0.9514213779527558
11
0.9951696850393701
21
0.9529416535433071
0
LINE
8
BLACK
6
CONTINUOUS
10
0.9951696850393701
20
0.9529416535433071
11
0.9966899606299212
21
0.9535713779527559
0
LINE
8
BLACK
6
CONTINUOUS
10
0.9966899606299212
20
0.9535713779527559
11
1.0163899606299212
21
0.9535713779527559
0
LINE
8
BLACK
6
CONTINUOUS
10
1.0163899606299212
20
0.9535713779527559
11
1.0179102362204724
21
0.9529416535433071
0
LINE
8
BLACK
6
CONTINUOUS
10
0.9988399606299212
20
0.9444241338582677
11
0.9993949999999999
21
0.9433140157480314
0
LINE
8
BLACK
6
CONTINUOUS
10
0.9993949999999999
20
0.9433140157480314
11
0.99983968503937
21
0.9428693700787402
0
LINE
8
BLACK
6
CONTINUOUS
10
0.99983968503937
20
0.9428693700787402
11
1.0009499212598425
21
0.9423142519685039
0
LINE
8
BLACK
6
CONTINUOUS
10
1.0009499212598425
20
0.9423142519685039
11
1.0027490551181102
21
0.9423142519685039
0
LINE
8
BLACK
6
CONTINUOUS
10
1.0027490551181102
20
0.9423142519685039
11
1.0038592913385826
21
0.9428693700787402
0
LINE
8
BLACK
6
CONTINUOUS
10
1.0038592913385826
20
0.9428693700787402
11
1.0043038976377952
21
0.9433139763779528
0
LINE
8
BLACK
6
CONTINUOUS
10
1.0043038976377952
20
0.9433139763779528
11
1.0048590157480315
21
0.9444241732283465
0
LINE
8
BLACK
6
CONTINUOUS
10
1.0048590157480315
20
0.9444241732283465
11
1.0048590157480315
21
0.9492713779527558
0
LINE
8
BLACK
6
CONTINUOUS
10
1.0048590157480315
20
0.9492713779527558
11
0.9988399606299212
21
0.9492713779527558
0
LINE
8
BLACK
6
CONTINUOUS
10
0.9988399606299212
20
0.9492713779527558
11
0.9988399606299212
21
0.9444241338582677
0
LINE
8
BLACK
6
CONTINUOUS
10
1.2770896062992125
20
0.9584383464566929
11
1.2776607480314961
21
0.9570594881889763
0
LINE
8
BLACK
6
CONTINUOUS
10
1.2776607480314961
20
0.9570594881889763
11
1.2770896062992125
21
0.9556806299212598
0
LINE
8
BLACK
6
CONTINUOUS
10
1.2770896062992125
20
0.9556806299212598
11
1.275710748031496
21
0.9551094881889763
0
LINE
8
BLACK
6
CONTINUOUS
10
1.275710748031496
20
0.9551094881889763
11
1.2680756299212599
21
0.9551094881889763
0
LINE
8
BLACK
6
CONTINUOUS
10
1.2680756299212599
20
0.9551094881889763
11
1.2674223228346457
21
0.9544561811023622
0
LINE
8
BLACK
6
CONTINUOUS
10
1.2674223228346457
20
0.9544561811023622
11
1.2768807480314961
21
0.9473623622047244
0
LINE
8
BLACK
6
CONTINUOUS
10
1.2768807480314961
20
0.9473623622047244
11
1.2776411417322835
21
0.9460781496062992
0
LINE
8
BLACK
6
CONTINUOUS
10
1.2776411417322835
20
0.9460781496062992
11
1.277270748031496
21
0.9446323622047244
0
LINE
8
BLACK
6
CONTINUOUS
10
1.277270748031496
20
0.9446323622047244
11
1.2759864960629921
21
0.943871968503937
0
LINE
8
BLACK
6
CONTINUOUS
10
1.2759864960629921
20
0.943871968503937
11
1.2745407480314961
21
0.9442423622047244
0
LINE
8
BLACK
6
CONTINUOUS
10
1.2745407480314961
20
0.9442423622047244
11
1.2646366141732284
21
0.9516704724409448
0
LINE
8
BLACK
6
CONTINUOUS
10
1.2646366141732284
20
0.9516704724409448
11
1.2573896062992125
21
0.9444235039370078
0
LINE
8
BLACK
6
CONTINUOUS
10
1.2573896062992125
20
0.9444235039370078
11
1.2560107480314959
21
0.9438523622047243
0
LINE
8
BLACK
6
CONTINUOUS
10
1.2560107480314959
20
0.9438523622047243
11
1.2546318897637796
21
0.9444235039370078
0
LINE
8
BLACK
6
CONTINUOUS
10
1.2546318897637796
20
0.9444235039370078
11
1.254060748031496
21
0.9458023622047244
0
LINE
8
BLACK
6
CONTINUOUS
10
1.254060748031496
20
0.9458023622047244
11
1.2546318897637796
21
0.9471812204724409
0
LINE
8
BLACK
6
CONTINUOUS
10
1.2546318897637796
20
0.9471812204724409
11
1.2625601968503937
21
0.9551094881889763
0
LINE
8
BLACK
6
CONTINUOUS
10
1.2625601968503937
20
0.9551094881889763
11
1.2560107480314959
21
0.9551094881889763
0
LINE
8
BLACK
6
CONTINUOUS
10
1.2560107480314959
20
0.9551094881889763
11
1.2546318897637796
21
0.9556806299212598
0
LINE
8
BLACK
6
CONTINUOUS
10
1.2546318897637796
20
0.9556806299212598
11
1.254060748031496
21
0.9570594881889763
0
LINE
8
BLACK
6
CONTINUOUS
10
1.254060748031496
20
0.9570594881889763
11
1.2546318897637796
21
0.9584383464566929
0
LINE
8
BLACK
6
CONTINUOUS
10
1.2546318897637796
20
0.9584383464566929
11
1.2560107480314959
21
0.9590094881889764
0
LINE
8
BLACK
6
CONTINUOUS
10
1.2560107480314959
20
0.9590094881889764
11
1.275710748031496
21
0.9590094881889764
0
LINE
8
BLACK
6
CONTINUOUS
10
1.275710748031496
20
0.9590094881889764
11
1.2770896062992125
21
0.9584383464566929
0
LINE
8
BLACK
6
CONTINUOUS
10
1.0549584645669292
20
0.9987177165354331
11
1.0571651968503937
21
0.9959505905511811
0
LINE
8
BLACK
6
CONTINUOUS
10
1.0571651968503937
20
0.9959505905511811
11
1.0579527559055117
21
0.9924999999999999
0
LINE
8
BLACK
6
CONTINUOUS
10
1.0579527559055117
20
0.9924999999999999
11
1.0571651968503937
21
0.9890494094488189
0
LINE
8
BLACK
6
CONTINUOUS
10
1.0571651968503937
20
0.9890494094488189
11
1.0549584645669292
21
0.9862822834645669
0
LINE
8
BLACK
6
CONTINUOUS
10
1.0549584645669292
20
0.9862822834645669
11
1.0529527559055119
21
0.9853163779527558
0
LINE
8
BLACK
6
CONTINUOUS
10
1.0529527559055119
20
0.9853163779527558
11
1.0529527559055119
21
0.9475
0
LINE
8
BLACK
6
CONTINUOUS
10
1.0529527559055119
20
0.9475
11
1.05277468503937
21
0.9464900787401574
0
LINE
8
BLACK
6
CONTINUOUS
10
1.05277468503937
20
0.9464900787401574
11
1.0514763779527558
21
0.9449428346456693
0
LINE
8
BLACK
6
CONTINUOUS
10
1.0514763779527558
20
0.9449428346456693
11
1.0494872440944882
21
0.9445920866141732
0
LINE
8
BLACK
6
CONTINUOUS
10
1.0494872440944882
20
0.9445920866141732
11
1.0477380708661417
21
0.9456020078740157
0
LINE
8
BLACK
6
CONTINUOUS
10
1.0477380708661417
20
0.9456020078740157
11
1.0470472440944882
21
0.9475
0
LINE
8
BLACK
6
CONTINUOUS
10
1.0470472440944882
20
0.9475
11
1.0470472440944882
21
0.9845472440944881
0
LINE
8
BLACK
6
CONTINUOUS
10
1.0470472440944882
20
0.9845472440944881
11
0.9929527559055118
21
0.9845472440944881
0
LINE
8
BLACK
6
CONTINUOUS
10
0.9929527559055118
20
0.9845472440944881
11
0.9929527559055118
21
0.9475
0
LINE
8
BLACK
6
CONTINUOUS
10
0.9929527559055118
20
0.9475
11
0.9927746850393701
21
0.9464900787401574
0
LINE
8
BLACK
6
CONTINUOUS
10
0.9927746850393701
20
0.9464900787401574
11
0.9914763779527559
21
0.9449428346456693
0
LINE
8
BLACK
6
CONTINUOUS
10
0.9914763779527559
20
0.9449428346456693
11
0.9894872440944882
21
0.9445920866141732
0
LINE
8
BLACK
6
CONTINUOUS
10
0.9894872440944882
20
0.9445920866141732
11
0.9877380708661417
21
0.9456020078740157
0
LINE
8
BLACK
6
CONTINUOUS
10
0.9877380708661417
20
0.9456020078740157
11
0.9870472440944882
21
0.9475
0
LINE
8
BLACK
6
CONTINUOUS
10
0.9870472440944882
20
0.9475
11
0.9870472440944882
21
0.9874999999999999
0
LINE
8
BLACK
6
CONTINUOUS
10
0.9870472440944882
20
0.9874999999999999
11
0.9871148425196851
21
0.9878835039370079
0
LINE
8
BLACK
6
CONTINUOUS
10
0.9871148425196851
20
0.9878835039370079
11
0.9870920866141732
21
0.9880127559055117
0
LINE
8
BLACK
6
CONTINUOUS
10
0.9870920866141732
20
0.9880127559055117
11
0.9871576771653543
21
0.9881263385826772
0
LINE
8
BLACK
6
CONTINUOUS
10
0.9871576771653543
20
0.9881263385826772
11
0.9872253149606299
21
0.9885099212598425
0
LINE
8
BLACK
6
CONTINUOUS
10
0.9872253149606299
20
0.9885099212598425
11
0.9877184251968504
21
0.9890975984251968
0
LINE
8
BLACK
6
CONTINUOUS
10
0.9877184251968504
20
0.9890975984251968
11
0.9881020078740157
21
0.9897619291338583
0
LINE
8
BLACK
6
CONTINUOUS
10
0.9881020078740157
20
0.9897619291338583
11
0.9883523228346457
21
0.989853031496063
0
LINE
8
BLACK
6
CONTINUOUS
10
0.9883523228346457
20
0.989853031496063
11
0.9885236220472441
21
0.9900571653543306
0
LINE
8
BLACK
6
CONTINUOUS
10
0.9885236220472441
20
0.9900571653543306
11
0.9892791732283465
21
0.9901903937007874
0
LINE
8
BLACK
6
CONTINUOUS
10
0.9892791732283465
20
0.9901903937007874
11
0.99
21
0.9904527559055117
0
LINE
8
BLACK
6
CONTINUOUS
10
0.99
20
0.9904527559055117
11
1.0425144881889763
21
0.9904527559055117
0
LINE
8
BLACK
6
CONTINUOUS
10
1.0425144881889763
20
0.9904527559055117
11
1.0420472440944881
21
0.9924999999999999
0
LINE
8
BLACK
6
CONTINUOUS
10
1.0420472440944881
20
0.9924999999999999
11
1.0428348031496062
21
0.9959505905511811
0
LINE
8
BLACK
6
CONTINUOUS
10
1.0428348031496062
20
0.9959505905511811
11
1.0450415354330709
21
0.9987177165354331
0
LINE
8
BLACK
6
CONTINUOUS
10
1.0450415354330709
20
0.9987177165354331
11
1.0482303543307085
21
1.0002533464566929
0
LINE
8
BLACK
6
CONTINUOUS
10
1.0482303543307085
20
1.0002533464566929
11
1.0517696456692913
21
1.0002533464566929
0
LINE
8
BLACK
6
CONTINUOUS
10
1.0517696456692913
20
1.0002533464566929
11
1.0549584645669292
21
0.9987177165354331
0
LINE
8
BLACK
6
CONTINUOUS
10
1.0484331102362205
20
0.9909331102362204
11
1.0495927952755906
21
0.9904527559055117
0
LINE
8
BLACK
6
CONTINUOUS
10
1.0495927952755906
20
0.9904527559055117
11
1.05
21
0.9904527559055117
0
LINE
8
BLACK
6
CONTINUOUS
10
1.05
20
0.9904527559055117
11
1.050285590551181
21
0.9904023622047244
0
LINE
8
BLACK
6
CONTINUOUS
10
1.050285590551181
20
0.9904023622047244
11
1.0515668897637795
21
0.9909331102362204
0
LINE
8
BLACK
6
CONTINUOUS
10
1.0515668897637795
20
0.9909331102362204
11
1.052215905511811
21
0.9924999999999999
0
LINE
8
BLACK
6
CONTINUOUS
10
1.052215905511811
20
0.9924999999999999
11
1.0515668897637795
21
0.9940668897637795
0
LINE
8
BLACK
6
CONTINUOUS
10
1.0515668897637795
20
0.9940668897637795
11
1.05
21
0.994715905511811
0
LINE
8
BLACK
6
CONTINUOUS
10
1.05
20
0.994715905511811
11
1.0484331102362205
21
0.9940668897637795
0
LINE
8
BLACK
6
CONTINUOUS
10
1.0484331102362205
20
0.9940668897637795
11
1.0477840944881889
21
0.9924999999999999
0
LINE
8
BLACK
6
CONTINUOUS
10
1.0477840944881889
20
0.9924999999999999
11
1.0484331102362205
21
0.9909331102362204
0
LINE
8
BLACK
6
CONTINUOUS
10
0.4503835039370079
20
1.0328851181102361
11
0.4505127559055118
21
1.0329079133858268
0
LINE
8
BLACK
6
CONTINUOUS
10
0.4505127559055118
20
1.0329079133858268
11
0.4506263385826771
21
1.032842283464567
0
LINE
8
BLACK
6
CONTINUOUS
10
0.4506263385826771
20
1.032842283464567
11
0.4510099212598425
21
1.03277468503937
0
LINE
8
BLACK
6
CONTINUOUS
10
0.4510099212598425
20
1.03277468503937
11
0.4515975984251969
21
1.0322815354330708
0
LINE
8
BLACK
6
CONTINUOUS
10
0.4515975984251969
20
1.0322815354330708
11
0.4522619291338583
21
1.0318979921259843
0
LINE
8
BLACK
6
CONTINUOUS
10
0.4522619291338583
20
1.0318979921259843
11
0.452353031496063
21
1.0316476377952755
0
LINE
8
BLACK
6
CONTINUOUS
10
0.452353031496063
20
1.0316476377952755
11
0.4525571653543307
21
1.0314763779527558
0
LINE
8
BLACK
6
CONTINUOUS
10
0.4525571653543307
20
1.0314763779527558
11
0.4526903937007874
21
1.0307207874015747
0
LINE
8
BLACK
6
CONTINUOUS
10
0.4526903937007874
20
1.0307207874015747
11
0.4529527559055118
21
1.03
0
LINE
8
BLACK
6
CONTINUOUS
10
0.4529527559055118
20
1.03
11
0.4529527559055118
21
0.9776196456692913
0
LINE
8
BLACK
6
CONTINUOUS
10
0.4529527559055118
20
0.9776196456692913
11
0.4532303543307086
21
0.9777533464566929
0
LINE
8
BLACK
6
CONTINUOUS
10
0.4532303543307086
20
0.9777533464566929
11
0.4567696456692913
21
0.9777533464566929
0
LINE
8
BLACK
6
CONTINUOUS
10
0.4567696456692913
20
0.9777533464566929
11
0.4599584645669291
21
0.9762177165354331
0
LINE
8
BLACK
6
CONTINUOUS
10
0.4599584645669291
20
0.9762177165354331
11
0.4621651968503937
21
0.9734505905511811
0
LINE
8
BLACK
6
CONTINUOUS
10
0.4621651968503937
20
0.9734505905511811
11
0.4629527559055118
21
0.97
0
LINE
8
BLACK
6
CONTINUOUS
10
0.4629527559055118
20
0.97
11
0.4621651968503937
21
0.9665494094488188
0
LINE
8
BLACK
6
CONTINUOUS
10
0.4621651968503937
20
0.9665494094488188
11
0.4599584645669291
21
0.963782283464567
0
LINE
8
BLACK
6
CONTINUOUS
10
0.4599584645669291
20
0.963782283464567
11
0.4567696456692913
21
0.9622466535433071
0
LINE
8
BLACK
6
CONTINUOUS
10
0.4567696456692913
20
0.9622466535433071
11
0.4532303543307086
21
0.9622466535433071
0
LINE
8
BLACK
6
CONTINUOUS
10
0.4532303543307086
20
0.9622466535433071
11
0.4500415354330708
21
0.963782283464567
0
LINE
8
BLACK
6
CONTINUOUS
10
0.4500415354330708
20
0.963782283464567
11
0.4478348031496063
21
0.9665494094488188
0
LINE
8
BLACK
6
CONTINUOUS
10
0.4478348031496063
20
0.9665494094488188
11
0.4477211811023622
21
0.9670472440944882
0
LINE
8
BLACK
6
CONTINUOUS
10
0.4477211811023622
20
0.9670472440944882
11
0.41
21
0.9670472440944882
0
LINE
8
BLACK
6
CONTINUOUS
10
0.41
20
0.9670472440944882
11
0.4089900787401575
21
0.9672253149606299
0
LINE
8
BLACK
6
CONTINUOUS
10
0.4089900787401575
20
0.9672253149606299
11
0.4074428346456693
21
0.9685236220472441
0
LINE
8
BLACK
6
CONTINUOUS
10
0.4074428346456693
20
0.9685236220472441
11
0.4070920866141732
21
0.9705127559055118
0
LINE
8
BLACK
6
CONTINUOUS
10
0.4070920866141732
20
0.9705127559055118
11
0.4081020078740157
21
0.9722619291338582
0
LINE
8
BLACK
6
CONTINUOUS
10
0.4081020078740157
20
0.9722619291338582
11
0.41
21
0.9729527559055118
0
LINE
8
BLACK
6
CONTINUOUS
10
0.41
20
0.9729527559055118
11
0.4470472440944882
21
0.9729527559055118
0
LINE
8
BLACK
6
CONTINUOUS
10
0.4470472440944882
20
0.9729527559055118
11
0.4470472440944882
21
1.0270472440944882
0
LINE
8
BLACK
6
CONTINUOUS
10
0.4470472440944882
20
1.0270472440944882
11
0.41
21
1.0270472440944882
0
LINE
8
BLACK
6
CONTINUOUS
10
0.41
20
1.0270472440944882
11
0.4089900787401575
21
1.0272253149606299
0
LINE
8
BLACK
6
CONTINUOUS
10
0.4089900787401575
20
1.0272253149606299
11
0.4074428346456693
21
1.028523622047244
0
LINE
8
BLACK
6
CONTINUOUS
10
0.4074428346456693
20
1.028523622047244
11
0.4070920866141732
21
1.0305127559055118
0
LINE
8
BLACK
6
CONTINUOUS
10
0.4070920866141732
20
1.0305127559055118
11
0.4081020078740157
21
1.0322619291338582
0
LINE
8
BLACK
6
CONTINUOUS
10
0.4081020078740157
20
1.0322619291338582
11
0.41
21
1.0329527559055118
0
LINE
8
BLACK
6
CONTINUOUS
10
0.41
20
1.0329527559055118
11
0.45
21
1.0329527559055118
0
LINE
8
BLACK
6
CONTINUOUS
10
0.45
20
1.0329527559055118
11
0.4503835039370079
21
1.0328851181102361
0
LINE
8
BLACK
6
CONTINUOUS
10
0.4534331102362205
20
0.9715668897637795
11
0.4529527559055118
21
0.9704071653543307
0
LINE
8
BLACK
6
CONTINUOUS
10
0.4529527559055118
20
0.9704071653543307
11
0.4529527559055118
21
0.97
0
LINE
8
BLACK
6
CONTINUOUS
10
0.4529527559055118
20
0.97
11
0.4529023622047244
21
0.9697143700787402
0
LINE
8
BLACK
6
CONTINUOUS
10
0.4529023622047244
20
0.9697143700787402
11
0.4534331102362205
21
0.9684331102362205
0
LINE
8
BLACK
6
CONTINUOUS
10
0.4534331102362205
20
0.9684331102362205
11
0.455
21
0.9677840944881889
0
LINE
8
BLACK
6
CONTINUOUS
10
0.455
20
0.9677840944881889
11
0.4565668897637795
21
0.9684331102362205
0
LINE
8
BLACK
6
CONTINUOUS
10
0.4565668897637795
20
0.9684331102362205
11
0.457215905511811
21
0.97
0
LINE
8
BLACK
6
CONTINUOUS
10
0.457215905511811
20
0.97
11
0.4565668897637795
21
0.9715668897637795
0
LINE
8
BLACK
6
CONTINUOUS
10
0.4565668897637795
20
0.9715668897637795
11
0.455
21
0.972215905511811
0
LINE
8
BLACK
6
CONTINUOUS
10
0.455
20
0.972215905511811
11
0.4534331102362205
21
0.9715668897637795
0
LINE
8
BLACK
6
CONTINUOUS
10
0.3710099212598425
20
1.03277468503937
11
0.3725571653543307
21
1.0314763779527558
0
LINE
8
BLACK
6
CONTINUOUS
10
0.3725571653543307
20
1.0314763779527558
11
0.3729079133858267
21
1.0294872440944882
0
LINE
8
BLACK
6
CONTINUOUS
10
0.3729079133858267
20
1.0294872440944882
11
0.3718979921259842
21
1.0277380708661417
0
LINE
8
BLACK
6
CONTINUOUS
10
0.3718979921259842
20
1.0277380708661417
11
0.37
21
1.0270472440944882
0
LINE
8
BLACK
6
CONTINUOUS
10
0.37
20
1.0270472440944882
11
0.3329527559055118
21
1.0270472440944882
0
LINE
8
BLACK
6
CONTINUOUS
10
0.3329527559055118
20
1.0270472440944882
11
0.3329527559055118
21
0.9729527559055118
0
LINE
8
BLACK
6
CONTINUOUS
10
0.3329527559055118
20
0.9729527559055118
11
0.37
21
0.9729527559055118
0
LINE
8
BLACK
6
CONTINUOUS
10
0.37
20
0.9729527559055118
11
0.3710099212598425
21
0.97277468503937
0
LINE
8
BLACK
6
CONTINUOUS
10
0.3710099212598425
20
0.97277468503937
11
0.3725571653543307
21
0.9714763779527559
0
LINE
8
BLACK
6
CONTINUOUS
10
0.3725571653543307
20
0.9714763779527559
11
0.3729079133858267
21
0.9694872440944882
0
LINE
8
BLACK
6
CONTINUOUS
10
0.3729079133858267
20
0.9694872440944882
11
0.3718979921259842
21
0.9677380708661417
0
LINE
8
BLACK
6
CONTINUOUS
10
0.3718979921259842
20
0.9677380708661417
11
0.37
21
0.9670472440944882
0
LINE
8
BLACK
6
CONTINUOUS
10
0.37
20
0.9670472440944882
11
0.33
21
0.9670472440944882
0
LINE
8
BLACK
6
CONTINUOUS
10
0.33
20
0.9670472440944882
11
0.3296164566929134
21
0.967114842519685
0
LINE
8
BLACK
6
CONTINUOUS
10
0.3296164566929134
20
0.967114842519685
11
0.3294872440944882
21
0.9670920866141732
0
LINE
8
BLACK
6
CONTINUOUS
10
0.3294872440944882
20
0.9670920866141732
11
0.3293736220472441
21
0.9671576771653543
0
LINE
8
BLACK
6
CONTINUOUS
10
0.3293736220472441
20
0.9671576771653543
11
0.3289900787401575
21
0.9672253149606299
0
LINE
8
BLACK
6
CONTINUOUS
10
0.3289900787401575
20
0.9672253149606299
11
0.3284023622047244
21
0.9677184251968504
0
LINE
8
BLACK
6
CONTINUOUS
10
0.3284023622047244
20
0.9677184251968504
11
0.3277380708661417
21
0.9681020078740157
0
LINE
8
BLACK
6
CONTINUOUS
10
0.3277380708661417
20
0.9681020078740157
11
0.3276469291338582
21
0.9683523228346457
0
LINE
8
BLACK
6
CONTINUOUS
10
0.3276469291338582
20
0.9683523228346457
11
0.3274428346456693
21
0.9685236220472441
0
LINE
8
BLACK
6
CONTINUOUS
10
0.3274428346456693
20
0.9685236220472441
11
0.3273095669291339
21
0.9692791732283464
0
LINE
8
BLACK
6
CONTINUOUS
10
0.3273095669291339
20
0.9692791732283464
11
0.3270472440944882
21
0.97
0
LINE
8
BLACK
6
CONTINUOUS
10
0.3270472440944882
20
0.97
11
0.3270472440944882
21
1.03
0
LINE
8
BLACK
6
CONTINUOUS
10
0.3270472440944882
20
1.03
11
0.327114842519685
21
1.0303835039370079
0
LINE
8
BLACK
6
CONTINUOUS
10
0.327114842519685
20
1.0303835039370079
11
0.3270920866141732
21
1.0305127559055118
0
LINE
8
BLACK
6
CONTINUOUS
10
0.3270920866141732
20
1.0305127559055118
11
0.3271576771653543
21
1.030626338582677
0
LINE
8
BLACK
6
CONTINUOUS
10
0.3271576771653543
20
1.030626338582677
11
0.3272253149606299
21
1.0310099212598425
0
LINE
8
BLACK
6
CONTINUOUS
10
0.3272253149606299
20
1.0310099212598425
11
0.3277184251968504
21
1.0315975984251968
0
LINE
8
BLACK
6
CONTINUOUS
10
0.3277184251968504
20
1.0315975984251968
11
0.3281020078740157
21
1.0322619291338582
0
LINE
8
BLACK
6
CONTINUOUS
10
0.3281020078740157
20
1.0322619291338582
11
0.3283523228346457
21
1.0323530314960629
0
LINE
8
BLACK
6
CONTINUOUS
10
0.3283523228346457
20
1.0323530314960629
11
0.3285236220472441
21
1.0325571653543306
0
LINE
8
BLACK
6
CONTINUOUS
10
0.3285236220472441
20
1.0325571653543306
11
0.3292791732283464
21
1.0326903937007874
0
LINE
8
BLACK
6
CONTINUOUS
10
0.3292791732283464
20
1.0326903937007874
11
0.33
21
1.0329527559055118
0
LINE
8
BLACK
6
CONTINUOUS
10
0.33
20
1.0329527559055118
11
0.37
21
1.0329527559055118
0
LINE
8
BLACK
6
CONTINUOUS
10
0.37
20
1.0329527559055118
11
0.3710099212598425
21
1.03277468503937
0
LINE
8
BLACK
6
CONTINUOUS
10
0.3898035826771654
20
0.9973302755905512
11
0.3904333070866142
21
0.99581
0
LINE
8
BLACK
6
CONTINUOUS
10
0.3904333070866142
20
0.99581
11
0.3904333070866142
21
0.97611
0
LINE
8
BLACK
6
CONTINUOUS
10
0.3904333070866142
20
0.97611
11
0.3898035826771654
21
0.9745897244094488
0
LINE
8
BLACK
6
CONTINUOUS
10
0.3898035826771654
20
0.9745897244094488
11
0.3882833070866142
21
0.9739599999999999
0
LINE
8
BLACK
6
CONTINUOUS
10
0.3882833070866142
20
0.9739599999999999
11
0.386763031496063
21
0.9745897244094488
0
LINE
8
BLACK
6
CONTINUOUS
10
0.386763031496063
20
0.9745897244094488
11
0.3861333070866141
21
0.97611
0
LINE
8
BLACK
6
CONTINUOUS
10
0.3861333070866141
20
0.97611
11
0.3861333070866141
21
0.9796663385826772
0
LINE
8
BLACK
6
CONTINUOUS
10
0.3861333070866141
20
0.9796663385826772
11
0.3824985433070866
21
0.97482
0
LINE
8
BLACK
6
CONTINUOUS
10
0.3824985433070866
20
0.97482
11
0.3810825984251968
21
0.9739816141732284
0
LINE
8
BLACK
6
CONTINUOUS
10
0.3810825984251968
20
0.9739816141732284
11
0.3794885433070866
21
0.97439
0
LINE
8
BLACK
6
CONTINUOUS
10
0.3794885433070866
20
0.97439
11
0.3786501574803149
21
0.9758059448818898
0
LINE
8
BLACK
6
CONTINUOUS
10
0.3786501574803149
20
0.9758059448818898
11
0.3790585433070866
21
0.9773999999999999
0
LINE
8
BLACK
6
CONTINUOUS
10
0.3790585433070866
20
0.9773999999999999
11
0.3835683070866142
21
0.9834129921259842
0
LINE
8
BLACK
6
CONTINUOUS
10
0.3835683070866142
20
0.9834129921259842
11
0.3792582677165354
21
0.9877230708661418
0
LINE
8
BLACK
6
CONTINUOUS
10
0.3792582677165354
20
0.9877230708661418
11
0.3786285433070866
21
0.9892433464566929
0
LINE
8
BLACK
6
CONTINUOUS
10
0.3786285433070866
20
0.9892433464566929
11
0.3792582677165354
21
0.9907636220472441
0
LINE
8
BLACK
6
CONTINUOUS
10
0.3792582677165354
20
0.9907636220472441
11
0.3807785433070866
21
0.9913933464566929
0
LINE
8
BLACK
6
CONTINUOUS
10
0.3807785433070866
20
0.9913933464566929
11
0.3822988188976378
21
0.9907636220472441
0
LINE
8
BLACK
6
CONTINUOUS
10
0.3822988188976378
20
0.9907636220472441
11
0.3861333070866141
21
0.9869291338582677
0
LINE
8
BLACK
6
CONTINUOUS
10
0.3861333070866141
20
0.9869291338582677
11
0.3861333070866141
21
0.99581
0
LINE
8
BLACK
6
CONTINUOUS
10
0.3861333070866141
20
0.99581
11
0.386763031496063
21
0.9973302755905512
0
LINE
8
BLACK
6
CONTINUOUS
10
0.386763031496063
20
0.9973302755905512
11
0.3882833070866142
21
0.99796
0
LINE
8
BLACK
6
CONTINUOUS
10
0.3882833070866142
20
0.99796
11
0.3898035826771654
21
0.9973302755905512
0
LINE
8
BLACK
6
CONTINUOUS
10
0.4042543307086614
20
0.9986711417322834
11
0.4053325196850394
21
0.9974279921259842
0
LINE
8
BLACK
6
CONTINUOUS
10
0.4053325196850394
20
0.9974279921259842
11
0.4100229527559055
21
0.9833565748031495
0
LINE
8
BLACK
6
CONTINUOUS
10
0.4100229527559055
20
0.9833565748031495
11
0.4099978346456693
21
0.9830036220472441
0
LINE
8
BLACK
6
CONTINUOUS
10
0.4099978346456693
20
0.9830036220472441
11
0.4101333070866142
21
0.982676653543307
0
LINE
8
BLACK
6
CONTINUOUS
10
0.4101333070866142
20
0.982676653543307
11
0.4099417322834645
21
0.9822142125984252
0
LINE
8
BLACK
6
CONTINUOUS
10
0.4099417322834645
20
0.9822142125984252
11
0.4099062992125984
21
0.9817151574803149
0
LINE
8
BLACK
6
CONTINUOUS
10
0.4099062992125984
20
0.9817151574803149
11
0.4096390157480315
21
0.9814833070866141
0
LINE
8
BLACK
6
CONTINUOUS
10
0.4096390157480315
20
0.9814833070866141
11
0.4095035826771654
21
0.9811563779527559
0
LINE
8
BLACK
6
CONTINUOUS
10
0.4095035826771654
20
0.9811563779527559
11
0.4090411811023622
21
0.980964842519685
0
LINE
8
BLACK
6
CONTINUOUS
10
0.4090411811023622
20
0.980964842519685
11
0.4086631889763779
21
0.9806370078740158
0
LINE
8
BLACK
6
CONTINUOUS
10
0.4086631889763779
20
0.9806370078740158
11
0.4083102755905512
21
0.9806620866141732
0
LINE
8
BLACK
6
CONTINUOUS
10
0.4083102755905512
20
0.9806620866141732
11
0.4079833070866142
21
0.980526653543307
0
LINE
8
BLACK
6
CONTINUOUS
10
0.4079833070866142
20
0.980526653543307
11
0.4007523622047244
21
0.980526653543307
0
LINE
8
BLACK
6
CONTINUOUS
10
0.4007523622047244
20
0.980526653543307
11
0.4007523622047244
21
0.97611
0
LINE
8
BLACK
6
CONTINUOUS
10
0.4007523622047244
20
0.97611
11
0.4001226377952756
21
0.9745897244094488
0
LINE
8
BLACK
6
CONTINUOUS
10
0.4001226377952756
20
0.9745897244094488
11
0.3986023622047244
21
0.9739599999999999
0
LINE
8
BLACK
6
CONTINUOUS
10
0.3986023622047244
20
0.9739599999999999
11
0.3970820866141732
21
0.9745897244094488
0
LINE
8
BLACK
6
CONTINUOUS
10
0.3970820866141732
20
0.9745897244094488
11
0.3964523622047244
21
0.97611
0
LINE
8
BLACK
6
CONTINUOUS
10
0.3964523622047244
20
0.97611
11
0.3964523622047244
21
0.980526653543307
0
LINE
8
BLACK
6
CONTINUOUS
10
0.3964523622047244
20
0.980526653543307
11
0.3957880708661417
21
0.980526653543307
0
LINE
8
BLACK
6
CONTINUOUS
10
0.3957880708661417
20
0.980526653543307
11
0.3942677952755905
21
0.9811563779527559
0
LINE
8
BLACK
6
CONTINUOUS
10
0.3942677952755905
20
0.9811563779527559
11
0.3936380708661417
21
0.982676653543307
0
LINE
8
BLACK
6
CONTINUOUS
10
0.3936380708661417
20
0.982676653543307
11
0.3942677952755905
21
0.9841969291338583
0
LINE
8
BLACK
6
CONTINUOUS
10
0.3942677952755905
20
0.9841969291338583
11
0.3957880708661417
21
0.9848266535433071
0
LINE
8
BLACK
6
CONTINUOUS
10
0.3957880708661417
20
0.9848266535433071
11
0.3964523622047244
21
0.9848266535433071
0
LINE
8
BLACK
6
CONTINUOUS
10
0.3964523622047244
20
0.9848266535433071
11
0.3964523622047244
21
0.9892433464566929
0
LINE
8
BLACK
6
CONTINUOUS
10
0.3964523622047244
20
0.9892433464566929
11
0.3970820866141732
21
0.9907636220472441
0
LINE
8
BLACK
6
CONTINUOUS
10
0.3970820866141732
20
0.9907636220472441
11
0.3986023622047244
21
0.9913933464566929
0
LINE
8
BLACK
6
CONTINUOUS
10
0.3986023622047244
20
0.9913933464566929
11
0.4001226377952756
21
0.9907636220472441
0
LINE
8
BLACK
6
CONTINUOUS
10
0.4001226377952756
20
0.9907636220472441
11
0.4007523622047244
21
0.9892433464566929
0
LINE
8
BLACK
6
CONTINUOUS
10
0.4007523622047244
20
0.9892433464566929
11
0.4007523622047244
21
0.9848266535433071
0
LINE
8
BLACK
6
CONTINUOUS
10
0.4007523622047244
20
0.9848266535433071
11
0.4050003149606299
21
0.9848266535433071
0
LINE
8
BLACK
6
CONTINUOUS
10
0.4050003149606299
20
0.9848266535433071
11
0.4012531496062992
21
0.9960682283464567
0
LINE
8
BLACK
6
CONTINUOUS
10
0.4012531496062992
20
0.9960682283464567
11
0.4013698031496063
21
0.9977096062992126
0
LINE
8
BLACK
6
CONTINUOUS
10
0.4013698031496063
20
0.9977096062992126
11
0.4026129527559055
21
0.9987877952755905
0
LINE
8
BLACK
6
CONTINUOUS
10
0.4026129527559055
20
0.9987877952755905
11
0.4042543307086614
21
0.9986711417322834
0
LINE
8
BLACK
6
CONTINUOUS
10
0.3757321653543307
20
0.9973302755905512
11
0.3763618897637795
21
0.99581
0
LINE
8
BLACK
6
CONTINUOUS
10
0.3763618897637795
20
0.99581
11
0.3757321653543307
21
0.9942897244094488
0
LINE
8
BLACK
6
CONTINUOUS
10
0.3757321653543307
20
0.9942897244094488
11
0.3742118897637795
21
0.99366
0
LINE
8
BLACK
6
CONTINUOUS
10
0.3742118897637795
20
0.99366
11
0.364339094488189
21
0.99366
0
LINE
8
BLACK
6
CONTINUOUS
10
0.364339094488189
20
0.99366
11
0.3714975590551181
21
0.9769569291338582
0
LINE
8
BLACK
6
CONTINUOUS
10
0.3714975590551181
20
0.9769569291338582
11
0.3715176377952756
21
0.9753115354330708
0
LINE
8
BLACK
6
CONTINUOUS
10
0.3715176377952756
20
0.9753115354330708
11
0.3703683464566929
21
0.9741338582677165
0
LINE
8
BLACK
6
CONTINUOUS
10
0.3703683464566929
20
0.9741338582677165
11
0.3687229133858267
21
0.9741137795275591
0
LINE
8
BLACK
6
CONTINUOUS
10
0.3687229133858267
20
0.9741137795275591
11
0.3675452362204724
21
0.9752630708661417
0
LINE
8
BLACK
6
CONTINUOUS
10
0.3675452362204724
20
0.9752630708661417
11
0.3591024015748032
21
0.9949630708661417
0
LINE
8
BLACK
6
CONTINUOUS
10
0.3591024015748032
20
0.9949630708661417
11
0.3590970078740157
21
0.9954032283464567
0
LINE
8
BLACK
6
CONTINUOUS
10
0.3590970078740157
20
0.9954032283464567
11
0.3589285433070866
21
0.99581
0
LINE
8
BLACK
6
CONTINUOUS
10
0.3589285433070866
20
0.99581
11
0.3590873622047244
21
0.9961934645669291
0
LINE
8
BLACK
6
CONTINUOUS
10
0.3590873622047244
20
0.9961934645669291
11
0.3590823228346456
21
0.9966085039370078
0
LINE
8
BLACK
6
CONTINUOUS
10
0.3590823228346456
20
0.9966085039370078
11
0.3593897637795275
21
0.9969235433070865
0
LINE
8
BLACK
6
CONTINUOUS
10
0.3593897637795275
20
0.9969235433070865
11
0.3595582677165354
21
0.9973302755905512
0
LINE
8
BLACK
6
CONTINUOUS
10
0.3595582677165354
20
0.9973302755905512
11
0.3599417322834645
21
0.9974890944881889
0
LINE
8
BLACK
6
CONTINUOUS
10
0.3599417322834645
20
0.9974890944881889
11
0.3602316141732284
21
0.9977861417322834
0
LINE
8
BLACK
6
CONTINUOUS
10
0.3602316141732284
20
0.9977861417322834
11
0.3606717716535433
21
0.9977914960629921
0
LINE
8
BLACK
6
CONTINUOUS
10
0.3606717716535433
20
0.9977914960629921
11
0.3610785433070866
21
0.99796
0
LINE
8
BLACK
6
CONTINUOUS
10
0.3610785433070866
20
0.99796
11
0.3742118897637795
21
0.99796
0
LINE
8
BLACK
6
CONTINUOUS
10
0.3742118897637795
20
0.99796
11
0.3757321653543307
21
0.9973302755905512
0
LINE
8
BLACK
6
CONTINUOUS
10
1.1201099212598424
20
1.16337468503937
11
1.1202614173228347
21
1.1632475196850394
0
LINE
8
BLACK
6
CONTINUOUS
10
1.1202614173228347
20
1.1632475196850394
11
1.1211
21
1.1635527559055119
0
LINE
8
BLACK
6
CONTINUOUS
10
1.1211
20
1.1635527559055119
11
1.125
21
1.1635527559055119
0
LINE
8
BLACK
6
CONTINUOUS
10
1.125
20
1.1635527559055119
11
1.1260099212598425
21
1.16337468503937
0
LINE
8
BLACK
6
CONTINUOUS
10
1.1260099212598425
20
1.16337468503937
11
1.1275571653543306
21
1.1620763779527559
0
LINE
8
BLACK
6
CONTINUOUS
10
1.1275571653543306
20
1.1620763779527559
11
1.1279079133858267
21
1.1600872440944883
0
LINE
8
BLACK
6
CONTINUOUS
10
1.1279079133858267
20
1.1600872440944883
11
1.1268979921259843
21
1.1583380708661417
0
LINE
8
BLACK
6
CONTINUOUS
10
1.1268979921259843
20
1.1583380708661417
11
1.125
21
1.1576472440944883
0
LINE
8
BLACK
6
CONTINUOUS
10
1.125
20
1.1576472440944883
11
1.1211
21
1.1576472440944883
0
LINE
8
BLACK
6
CONTINUOUS
10
1.1211
20
1.1576472440944883
11
1.1200900787401575
21
1.1578253149606299
0
LINE
8
BLACK
6
CONTINUOUS
10
1.1200900787401575
20
1.1578253149606299
11
1.1199385433070865
21
1.1579524409448818
0
LINE
8
BLACK
6
CONTINUOUS
10
1.1199385433070865
20
1.1579524409448818
11
1.1191
21
1.1576472440944883
0
LINE
8
BLACK
6
CONTINUOUS
10
1.1191
20
1.1576472440944883
11
1.1142527559055118
21
1.1576472440944883
0
LINE
8
BLACK
6
CONTINUOUS
10
1.1142527559055118
20
1.1576472440944883
11
1.1142527559055118
21
0.9961527559055118
0
LINE
8
BLACK
6
CONTINUOUS
10
1.1142527559055118
20
0.9961527559055118
11
1.1191
21
0.9961527559055118
0
LINE
8
BLACK
6
CONTINUOUS
10
1.1191
20
0.9961527559055118
11
1.1201099212598424
21
0.99597468503937
0
LINE
8
BLACK
6
CONTINUOUS
10
1.1201099212598424
20
0.99597468503937
11
1.1202614173228347
21
0.9958475196850394
0
LINE
8
BLACK
6
CONTINUOUS
10
1.1202614173228347
20
0.9958475196850394
11
1.1211
21
0.9961527559055118
0
LINE
8
BLACK
6
CONTINUOUS
10
1.1211
20
0.9961527559055118
11
1.125
21
0.9961527559055118
0
LINE
8
BLACK
6
CONTINUOUS
10
1.125
20
0.9961527559055118
11
1.1260099212598425
21
0.99597468503937
0
LINE
8
BLACK
6
CONTINUOUS
10
1.1260099212598425
20
0.99597468503937
11
1.1275571653543306
21
0.9946763779527559
0
LINE
8
BLACK
6
CONTINUOUS
10
1.1275571653543306
20
0.9946763779527559
11
1.1279079133858267
21
0.9926872440944882
0
LINE
8
BLACK
6
CONTINUOUS
10
1.1279079133858267
20
0.9926872440944882
11
1.1268979921259843
21
0.9909380708661417
0
LINE
8
BLACK
6
CONTINUOUS
10
1.1268979921259843
20
0.9909380708661417
11
1.125
21
0.9902472440944882
0
LINE
8
BLACK
6
CONTINUOUS
10
1.125
20
0.9902472440944882
11
1.1211
21
0.9902472440944882
0
LINE
8
BLACK
6
CONTINUOUS
10
1.1211
20
0.9902472440944882
11
1.1200900787401575
21
0.9904253149606299
0
LINE
8
BLACK
6
CONTINUOUS
10
1.1200900787401575
20
0.9904253149606299
11
1.1199385433070865
21
0.9905524409448818
0
LINE
8
BLACK
6
CONTINUOUS
10
1.1199385433070865
20
0.9905524409448818
11
1.1191
21
0.9902472440944882
0
LINE
8
BLACK
6
CONTINUOUS
10
1.1191
20
0.9902472440944882
11
1.1142527559055118
21
0.9902472440944882
0
LINE
8
BLACK
6
CONTINUOUS
10
1.1142527559055118
20
0.9902472440944882
11
1.1142527559055118
21
0.9823527559055117
0
LINE
8
BLACK
6
CONTINUOUS
10
1.1142527559055118
20
0.9823527559055117
11
1.1191
21
0.9823527559055117
0
LINE
8
BLACK
6
CONTINUOUS
10
1.1191
20
0.9823527559055117
11
1.1201099212598424
21
0.9821746850393701
0
LINE
8
BLACK
6
CONTINUOUS
10
1.1201099212598424
20
0.9821746850393701
11
1.1202614173228347
21
0.9820475196850393
0
LINE
8
BLACK
6
CONTINUOUS
10
1.1202614173228347
20
0.9820475196850393
11
1.1211
21
0.9823527559055117
0
LINE
8
BLACK
6
CONTINUOUS
10
1.1211
20
0.9823527559055117
11
1.125
21
0.9823527559055117
0
LINE
8
BLACK
6
CONTINUOUS
10
1.125
20
0.9823527559055117
11
1.1260099212598425
21
0.9821746850393701
0
LINE
8
BLACK
6
CONTINUOUS
10
1.1260099212598425
20
0.9821746850393701
11
1.1275571653543306
21
0.9808763779527558
0
LINE
8
BLACK
6
CONTINUOUS
10
1.1275571653543306
20
0.9808763779527558
11
1.1279079133858267
21
0.9788872440944881
0
LINE
8
BLACK
6
CONTINUOUS
10
1.1279079133858267
20
0.9788872440944881
11
1.1268979921259843
21
0.9771380708661417
0
LINE
8
BLACK
6
CONTINUOUS
10
1.1268979921259843
20
0.9771380708661417
11
1.125
21
0.9764472440944881
0
LINE
8
BLACK
6
CONTINUOUS
10
1.125
20
0.9764472440944881
11
1.1211
21
0.9764472440944881
0
LINE
8
BLACK
6
CONTINUOUS
10
1.1211
20
0.9764472440944881
11
1.1200900787401575
21
0.9766253149606299
0
LINE
8
BLACK
6
CONTINUOUS
10
1.1200900787401575
20
0.9766253149606299
11
1.1199385433070865
21
0.9767524409448819
0
LINE
8
BLACK
6
CONTINUOUS
10
1.1199385433070865
20
0.9767524409448819
11
1.1191
21
0.9764472440944881
0
LINE
8
BLACK
6
CONTINUOUS
10
1.1191
20
0.9764472440944881
11
1.1113
21
0.9764472440944881
0
LINE
8
BLACK
6
CONTINUOUS
10
1.1113
20
0.9764472440944881
11
1.1109164566929133
21
0.976514842519685
0
LINE
8
BLACK
6
CONTINUOUS
10
1.1109164566929133
20
0.976514842519685
11
1.1107872440944881
21
0.9764920866141732
0
LINE
8
BLACK
6
CONTINUOUS
10
1.1107872440944881
20
0.9764920866141732
11
1.1106736220472442
21
0.9765576771653544
0
LINE
8
BLACK
6
CONTINUOUS
10
1.1106736220472442
20
0.9765576771653544
11
1.1102900787401575
21
0.9766253149606299
0
LINE
8
BLACK
6
CONTINUOUS
10
1.1102900787401575
20
0.9766253149606299
11
1.1097023622047244
21
0.9771184251968503
0
LINE
8
BLACK
6
CONTINUOUS
10
1.1097023622047244
20
0.9771184251968503
11
1.1090380708661418
21
0.9775020078740158
0
LINE
8
BLACK
6
CONTINUOUS
10
1.1090380708661418
20
0.9775020078740158
11
1.1089469291338583
21
0.9777523228346456
0
LINE
8
BLACK
6
CONTINUOUS
10
1.1089469291338583
20
0.9777523228346456
11
1.1087428346456694
21
0.977923622047244
0
LINE
8
BLACK
6
CONTINUOUS
10
1.1087428346456694
20
0.977923622047244
11
1.1086095669291338
21
0.9786791732283464
0
LINE
8
BLACK
6
CONTINUOUS
10
1.1086095669291338
20
0.9786791732283464
11
1.1083472440944881
21
0.9793999999999999
0
LINE
8
BLACK
6
CONTINUOUS
10
1.1083472440944881
20
0.9793999999999999
11
1.1083472440944881
21
1.0924560236220473
0
LINE
8
BLACK
6
CONTINUOUS
10
1.1083472440944881
20
1.0924560236220473
11
1.1070945669291339
21
1.0925450787401574
0
LINE
8
BLACK
6
CONTINUOUS
10
1.1070945669291339
20
1.0925450787401574
11
1.1061166929133859
21
1.0936725590551182
0
LINE
8
BLACK
6
CONTINUOUS
10
1.1061166929133859
20
1.0936725590551182
11
1.1046849606299212
21
1.0979677952755906
0
LINE
8
BLACK
6
CONTINUOUS
10
1.1046849606299212
20
1.0979677952755906
11
1.0981149606299212
21
1.0979677952755906
0
LINE
8
BLACK
6
CONTINUOUS
10
1.0981149606299212
20
1.0979677952755906
11
1.0966832283464567
21
1.0936725590551182
0
LINE
8
BLACK
6
CONTINUOUS
10
1.0966832283464567
20
1.0936725590551182
11
1.0957053937007875
21
1.0925450787401574
0
LINE
8
BLACK
6
CONTINUOUS
10
1.0957053937007875
20
1.0925450787401574
11
1.0942166535433071
21
1.0924392913385828
0
LINE
8
BLACK
6
CONTINUOUS
10
1.0942166535433071
20
1.0924392913385828
11
1.0930891732283465
21
1.093417125984252
0
LINE
8
BLACK
6
CONTINUOUS
10
1.0930891732283465
20
1.093417125984252
11
1.0929833858267717
21
1.0949058661417324
0
LINE
8
BLACK
6
CONTINUOUS
10
1.0929833858267717
20
1.0949058661417324
11
1.0995500393700788
21
1.1146058661417322
0
LINE
8
BLACK
6
CONTINUOUS
10
1.0995500393700788
20
1.1146058661417322
11
1.0996454724409448
21
1.114715905511811
0
LINE
8
BLACK
6
CONTINUOUS
10
1.0996454724409448
20
1.114715905511811
11
1.0996558267716534
21
1.1148612992125984
0
LINE
8
BLACK
6
CONTINUOUS
10
1.0996558267716534
20
1.1148612992125984
11
1.1001229133858268
21
1.1152663779527558
0
LINE
8
BLACK
6
CONTINUOUS
10
1.1001229133858268
20
1.1152663779527558
11
1.1005279133858268
21
1.115733346456693
0
LINE
8
BLACK
6
CONTINUOUS
10
1.1005279133858268
20
1.115733346456693
11
1.1006732283464566
21
1.1157436614173228
0
LINE
8
BLACK
6
CONTINUOUS
10
1.1006732283464566
20
1.1157436614173228
11
1.1007833070866142
21
1.1158391338582676
0
LINE
8
BLACK
6
CONTINUOUS
10
1.1007833070866142
20
1.1158391338582676
11
1.1013998031496062
21
1.1157953149606299
0
LINE
8
BLACK
6
CONTINUOUS
10
1.1013998031496062
20
1.1157953149606299
11
1.1020166141732284
21
1.1158391732283464
0
LINE
8
BLACK
6
CONTINUOUS
10
1.1020166141732284
20
1.1158391732283464
11
1.1021266929133857
21
1.1157436614173228
0
LINE
8
BLACK
6
CONTINUOUS
10
1.1021266929133857
20
1.1157436614173228
11
1.1022720472440946
21
1.115733346456693
0
LINE
8
BLACK
6
CONTINUOUS
10
1.1022720472440946
20
1.115733346456693
11
1.1026770078740158
21
1.1152663779527558
0
LINE
8
BLACK
6
CONTINUOUS
10
1.1026770078740158
20
1.1152663779527558
11
1.103144094488189
21
1.1148612992125984
0
LINE
8
BLACK
6
CONTINUOUS
10
1.103144094488189
20
1.1148612992125984
11
1.1031544094488188
21
1.114715905511811
0
LINE
8
BLACK
6
CONTINUOUS
10
1.1031544094488188
20
1.114715905511811
11
1.1032498818897638
21
1.1146058661417322
0
LINE
8
BLACK
6
CONTINUOUS
10
1.1032498818897638
20
1.1146058661417322
11
1.1083472440944881
21
1.0993137007874016
0
LINE
8
BLACK
6
CONTINUOUS
10
1.1083472440944881
20
1.0993137007874016
11
1.1083472440944881
21
1.1606000000000001
0
LINE
8
BLACK
6
CONTINUOUS
10
1.1083472440944881
20
1.1606000000000001
11
1.1084148425196849
21
1.1609835039370078
0
LINE
8
BLACK
6
CONTINUOUS
10
1.1084148425196849
20
1.1609835039370078
11
1.1083920866141732
21
1.1611127559055119
0
LINE
8
BLACK
6
CONTINUOUS
10
1.1083920866141732
20
1.1611127559055119
11
1.1084576771653543
21
1.1612263385826771
0
LINE
8
BLACK
6
CONTINUOUS
10
1.1084576771653543
20
1.1612263385826771
11
1.10852531496063
21
1.1616099212598425
0
LINE
8
BLACK
6
CONTINUOUS
10
1.10852531496063
20
1.1616099212598425
11
1.1090184251968505
21
1.1621975984251969
0
LINE
8
BLACK
6
CONTINUOUS
10
1.1090184251968505
20
1.1621975984251969
11
1.1094020078740157
21
1.1628619291338582
0
LINE
8
BLACK
6
CONTINUOUS
10
1.1094020078740157
20
1.1628619291338582
11
1.1096523228346455
21
1.162953031496063
0
LINE
8
BLACK
6
CONTINUOUS
10
1.1096523228346455
20
1.162953031496063
11
1.1098236220472442
21
1.1631571653543307
0
LINE
8
BLACK
6
CONTINUOUS
10
1.1098236220472442
20
1.1631571653543307
11
1.1105791732283465
21
1.1632903937007875
0
LINE
8
BLACK
6
CONTINUOUS
10
1.1105791732283465
20
1.1632903937007875
11
1.1113
21
1.1635527559055119
0
LINE
8
BLACK
6
CONTINUOUS
10
1.1113
20
1.1635527559055119
11
1.1191
21
1.1635527559055119
0
LINE
8
BLACK
6
CONTINUOUS
10
1.1191
20
1.1635527559055119
11
1.1201099212598424
21
1.16337468503937
0
LINE
8
BLACK
6
CONTINUOUS
10
1.0994149606299213
20
1.1018677952755904
11
1.1033849606299213
21
1.1018677952755904
0
LINE
8
BLACK
6
CONTINUOUS
10
1.1033849606299213
20
1.1018677952755904
11
1.1013999212598424
21
1.1078227952755906
0
LINE
8
BLACK
6
CONTINUOUS
10
1.1013999212598424
20
1.1078227952755906
11
1.0994149606299213
21
1.1018677952755904
0
LINE
8
BLACK
6
CONTINUOUS
10
1.2689835039370079
20
1.1636851181102361
11
1.2691127559055118
21
1.1637079133858268
0
LINE
8
BLACK
6
CONTINUOUS
10
1.2691127559055118
20
1.1637079133858268
11
1.2692263385826772
21
1.163642283464567
0
LINE
8
BLACK
6
CONTINUOUS
10
1.2692263385826772
20
1.163642283464567
11
1.2696099212598424
21
1.16357468503937
0
LINE
8
BLACK
6
CONTINUOUS
10
1.2696099212598424
20
1.16357468503937
11
1.2701975984251967
21
1.1630815354330708
0
LINE
8
BLACK
6
CONTINUOUS
10
1.2701975984251967
20
1.1630815354330708
11
1.2708619291338583
21
1.1626979921259841
0
LINE
8
BLACK
6
CONTINUOUS
10
1.2708619291338583
20
1.1626979921259841
11
1.2709530314960629
21
1.1624476377952755
0
LINE
8
BLACK
6
CONTINUOUS
10
1.2709530314960629
20
1.1624476377952755
11
1.2711571653543308
21
1.1622763779527558
0
LINE
8
BLACK
6
CONTINUOUS
10
1.2711571653543308
20
1.1622763779527558
11
1.2712903937007873
21
1.1615207874015747
0
LINE
8
BLACK
6
CONTINUOUS
10
1.2712903937007873
20
1.1615207874015747
11
1.2715527559055118
21
1.1608000000000001
0
LINE
8
BLACK
6
CONTINUOUS
10
1.2715527559055118
20
1.1608000000000001
11
1.2715527559055118
21
0.9930000393700787
0
LINE
8
BLACK
6
CONTINUOUS
10
1.2715527559055118
20
0.9930000393700787
11
1.2716079133858267
21
0.9926872440944882
0
LINE
8
BLACK
6
CONTINUOUS
10
1.2716079133858267
20
0.9926872440944882
11
1.2715527559055118
21
0.9925916929133858
0
LINE
8
BLACK
6
CONTINUOUS
10
1.2715527559055118
20
0.9925916929133858
11
1.2715527559055118
21
0.9796
0
LINE
8
BLACK
6
CONTINUOUS
10
1.2715527559055118
20
0.9796
11
1.2714851181102362
21
0.9792164566929134
0
LINE
8
BLACK
6
CONTINUOUS
10
1.2714851181102362
20
0.9792164566929134
11
1.2715079133858267
21
0.9790872440944882
0
LINE
8
BLACK
6
CONTINUOUS
10
1.2715079133858267
20
0.9790872440944882
11
1.2714422834645669
21
0.978973622047244
0
LINE
8
BLACK
6
CONTINUOUS
10
1.2714422834645669
20
0.978973622047244
11
1.2713746850393701
21
0.9785900787401575
0
LINE
8
BLACK
6
CONTINUOUS
10
1.2713746850393701
20
0.9785900787401575
11
1.2708815354330709
21
0.9780023622047244
0
LINE
8
BLACK
6
CONTINUOUS
10
1.2708815354330709
20
0.9780023622047244
11
1.2704979921259842
21
0.9773380708661417
0
LINE
8
BLACK
6
CONTINUOUS
10
1.2704979921259842
20
0.9773380708661417
11
1.2702476377952756
21
0.9772469291338582
0
LINE
8
BLACK
6
CONTINUOUS
10
1.2702476377952756
20
0.9772469291338582
11
1.270076377952756
21
0.9770428346456693
0
LINE
8
BLACK
6
CONTINUOUS
10
1.270076377952756
20
0.9770428346456693
11
1.2693207874015748
21
0.9769095669291339
0
LINE
8
BLACK
6
CONTINUOUS
10
1.2693207874015748
20
0.9769095669291339
11
1.2685999999999999
21
0.9766472440944882
0
LINE
8
BLACK
6
CONTINUOUS
10
1.2685999999999999
20
0.9766472440944882
11
1.2607999999999999
21
0.9766472440944882
0
LINE
8
BLACK
6
CONTINUOUS
10
1.2607999999999999
20
0.9766472440944882
11
1.2598901968503937
21
0.9768076377952756
0
LINE
8
BLACK
6
CONTINUOUS
10
1.2598901968503937
20
0.9768076377952756
11
1.2588999999999999
21
0.9764472440944881
0
LINE
8
BLACK
6
CONTINUOUS
10
1.2588999999999999
20
0.9764472440944881
11
1.2549999999999999
21
0.9764472440944881
0
LINE
8
BLACK
6
CONTINUOUS
10
1.2549999999999999
20
0.9764472440944881
11
1.2539900787401574
21
0.9766253149606299
0
LINE
8
BLACK
6
CONTINUOUS
10
1.2539900787401574
20
0.9766253149606299
11
1.2524428346456693
21
0.977923622047244
0
LINE
8
BLACK
6
CONTINUOUS
10
1.2524428346456693
20
0.977923622047244
11
1.2520920866141731
21
0.9799127559055117
0
LINE
8
BLACK
6
CONTINUOUS
10
1.2520920866141731
20
0.9799127559055117
11
1.2531020078740158
21
0.9816619291338582
0
LINE
8
BLACK
6
CONTINUOUS
10
1.2531020078740158
20
0.9816619291338582
11
1.2549999999999999
21
0.9823527559055117
0
LINE
8
BLACK
6
CONTINUOUS
10
1.2549999999999999
20
0.9823527559055117
11
1.2588999999999999
21
0.9823527559055117
0
LINE
8
BLACK
6
CONTINUOUS
10
1.2588999999999999
20
0.9823527559055117
11
1.2598097637795276
21
0.9821923228346456
0
LINE
8
BLACK
6
CONTINUOUS
10
1.2598097637795276
20
0.9821923228346456
11
1.2607999999999999
21
0.9825527559055118
0
LINE
8
BLACK
6
CONTINUOUS
10
1.2607999999999999
20
0.9825527559055118
11
1.2656472440944881
21
0.9825527559055118
0
LINE
8
BLACK
6
CONTINUOUS
10
1.2656472440944881
20
0.9825527559055118
11
1.2656472440944881
21
0.9902472440944882
0
LINE
8
BLACK
6
CONTINUOUS
10
1.2656472440944881
20
0.9902472440944882
11
1.2608999999999999
21
0.9902472440944882
0
LINE
8
BLACK
6
CONTINUOUS
10
1.2608999999999999
20
0.9902472440944882
11
1.2598900787401575
21
0.9904253149606299
0
LINE
8
BLACK
6
CONTINUOUS
10
1.2598900787401575
20
0.9904253149606299
11
1.2597385433070867
21
0.9905524409448818
0
LINE
8
BLACK
6
CONTINUOUS
10
1.2597385433070867
20
0.9905524409448818
11
1.2588999999999999
21
0.9902472440944882
0
LINE
8
BLACK
6
CONTINUOUS
10
1.2588999999999999
20
0.9902472440944882
11
1.2549999999999999
21
0.9902472440944882
0
LINE
8
BLACK
6
CONTINUOUS
10
1.2549999999999999
20
0.9902472440944882
11
1.2539900787401574
21
0.9904253149606299
0
LINE
8
BLACK
6
CONTINUOUS
10
1.2539900787401574
20
0.9904253149606299
11
1.2524428346456693
21
0.9917236220472441
0
LINE
8
BLACK
6
CONTINUOUS
10
1.2524428346456693
20
0.9917236220472441
11
1.2520920866141731
21
0.9937127559055118
0
LINE
8
BLACK
6
CONTINUOUS
10
1.2520920866141731
20
0.9937127559055118
11
1.2531020078740158
21
0.9954619291338582
0
LINE
8
BLACK
6
CONTINUOUS
10
1.2531020078740158
20
0.9954619291338582
11
1.2549999999999999
21
0.9961527559055118
0
LINE
8
BLACK
6
CONTINUOUS
10
1.2549999999999999
20
0.9961527559055118
11
1.2588999999999999
21
0.9961527559055118
0
LINE
8
BLACK
6
CONTINUOUS
10
1.2588999999999999
20
0.9961527559055118
11
1.2599099212598426
21
0.99597468503937
0
LINE
8
BLACK
6
CONTINUOUS
10
1.2599099212598426
20
0.99597468503937
11
1.2600614173228346
21
0.9958475196850394
0
LINE
8
BLACK
6
CONTINUOUS
10
1.2600614173228346
20
0.9958475196850394
11
1.2608999999999999
21
0.9961527559055118
0
LINE
8
BLACK
6
CONTINUOUS
10
1.2608999999999999
20
0.9961527559055118
11
1.2656472440944881
21
0.9961527559055118
0
LINE
8
BLACK
6
CONTINUOUS
10
1.2656472440944881
20
0.9961527559055118
11
1.2656472440944881
21
1.1578472440944882
0
LINE
8
BLACK
6
CONTINUOUS
10
1.2656472440944881
20
1.1578472440944882
11
1.2607999999999999
21
1.1578472440944882
0
LINE
8
BLACK
6
CONTINUOUS
10
1.2607999999999999
20
1.1578472440944882
11
1.2598901968503937
21
1.1580076377952755
0
LINE
8
BLACK
6
CONTINUOUS
10
1.2598901968503937
20
1.1580076377952755
11
1.2588999999999999
21
1.1576472440944883
0
LINE
8
BLACK
6
CONTINUOUS
10
1.2588999999999999
20
1.1576472440944883
11
1.2529999999999999
21
1.1576472440944883
0
LINE
8
BLACK
6
CONTINUOUS
10
1.2529999999999999
20
1.1576472440944883
11
1.2519900787401574
21
1.1578253149606299
0
LINE
8
BLACK
6
CONTINUOUS
10
1.2519900787401574
20
1.1578253149606299
11
1.2504428346456693
21
1.1591236220472441
0
LINE
8
BLACK
6
CONTINUOUS
10
1.2504428346456693
20
1.1591236220472441
11
1.2500920866141731
21
1.1611127559055119
0
LINE
8
BLACK
6
CONTINUOUS
10
1.2500920866141731
20
1.1611127559055119
11
1.2511020078740158
21
1.1628619291338582
0
LINE
8
BLACK
6
CONTINUOUS
10
1.2511020078740158
20
1.1628619291338582
11
1.2529999999999999
21
1.1635527559055119
0
LINE
8
BLACK
6
CONTINUOUS
10
1.2529999999999999
20
1.1635527559055119
11
1.2588999999999999
21
1.1635527559055119
0
LINE
8
BLACK
6
CONTINUOUS
10
1.2588999999999999
20
1.1635527559055119
11
1.2598097637795276
21
1.1633923228346457
0
LINE
8
BLACK
6
CONTINUOUS
10
1.2598097637795276
20
1.1633923228346457
11
1.2607999999999999
21
1.1637527559055119
0
LINE
8
BLACK
6
CONTINUOUS
10
1.2607999999999999
20
1.1637527559055119
11
1.2685999999999999
21
1.1637527559055119
0
LINE
8
BLACK
6
CONTINUOUS
10
1.2685999999999999
20
1.1637527559055119
11
1.2689835039370079
21
1.1636851181102361
0
LINE
8
BLACK
6
CONTINUOUS
10
0.3824885433070866
20
1.0252684645669292
11
0.3829877165354331
21
1.0252329921259842
0
LINE
8
BLACK
6
CONTINUOUS
10
0.3829877165354331
20
1.0252329921259842
11
0.3848638976377953
21
1.0242949212598425
0
LINE
8
BLACK
6
CONTINUOUS
10
0.3848638976377953
20
1.0242949212598425
11
0.385095748031496
21
1.024027559055118
0
LINE
8
BLACK
6
CONTINUOUS
10
0.385095748031496
20
1.024027559055118
11
0.3854226377952756
21
1.0238921653543307
0
LINE
8
BLACK
6
CONTINUOUS
10
0.3854226377952756
20
1.0238921653543307
11
0.3863607086614173
21
1.022954094488189
0
LINE
8
BLACK
6
CONTINUOUS
10
0.3863607086614173
20
1.022954094488189
11
0.3864961023622047
21
1.0226271653543306
0
LINE
8
BLACK
6
CONTINUOUS
10
0.3864961023622047
20
1.0226271653543306
11
0.3867634645669291
21
1.02239531496063
0
LINE
8
BLACK
6
CONTINUOUS
10
0.3867634645669291
20
1.02239531496063
11
0.3877015748031496
21
1.020519094488189
0
LINE
8
BLACK
6
CONTINUOUS
10
0.3877015748031496
20
1.020519094488189
11
0.3877370078740157
21
1.0200199212598424
0
LINE
8
BLACK
6
CONTINUOUS
10
0.3877370078740157
20
1.0200199212598424
11
0.3879285433070866
21
1.0195575984251968
0
LINE
8
BLACK
6
CONTINUOUS
10
0.3879285433070866
20
1.0195575984251968
11
0.3879285433070866
21
1.0148671259842519
0
LINE
8
BLACK
6
CONTINUOUS
10
0.3879285433070866
20
1.0148671259842519
11
0.3877370078740157
21
1.0144047244094487
0
LINE
8
BLACK
6
CONTINUOUS
10
0.3877370078740157
20
1.0144047244094487
11
0.3877015354330708
21
1.0139055905511811
0
LINE
8
BLACK
6
CONTINUOUS
10
0.3877015354330708
20
1.0139055905511811
11
0.3867634251968504
21
1.0120294094488189
0
LINE
8
BLACK
6
CONTINUOUS
10
0.3867634251968504
20
1.0120294094488189
11
0.3864961023622047
21
1.011797559055118
0
LINE
8
BLACK
6
CONTINUOUS
10
0.3864961023622047
20
1.011797559055118
11
0.3863607480314961
21
1.0114707086614172
0
LINE
8
BLACK
6
CONTINUOUS
10
0.3863607480314961
20
1.0114707086614172
11
0.3854226771653543
21
1.0105325984251969
0
LINE
8
BLACK
6
CONTINUOUS
10
0.3854226771653543
20
1.0105325984251969
11
0.3850957086614173
21
1.0103971653543307
0
LINE
8
BLACK
6
CONTINUOUS
10
0.3850957086614173
20
1.0103971653543307
11
0.3848638582677165
21
1.0101298031496062
0
LINE
8
BLACK
6
CONTINUOUS
10
0.3848638582677165
20
1.0101298031496062
11
0.3829876771653543
21
1.0091917322834645
0
LINE
8
BLACK
6
CONTINUOUS
10
0.3829876771653543
20
1.0091917322834645
11
0.3824885039370078
21
1.0091562598425197
0
LINE
8
BLACK
6
CONTINUOUS
10
0.3824885039370078
20
1.0091562598425197
11
0.3820261811023622
21
1.0089647637795276
0
LINE
8
BLACK
6
CONTINUOUS
10
0.3820261811023622
20
1.0089647637795276
11
0.378273779527559
21
1.0089647637795276
0
LINE
8
BLACK
6
CONTINUOUS
10
0.378273779527559
20
1.0089647637795276
11
0.3778114173228346
21
1.0091562598425197
0
LINE
8
BLACK
6
CONTINUOUS
10
0.3778114173228346
20
1.0091562598425197
11
0.377456062992126
21
1.0091814960629921
0
LINE
8
BLACK
6
CONTINUOUS
10
0.377456062992126
20
1.0091814960629921
11
0.3790065354330708
21
1.0068558267716534
0
LINE
8
BLACK
6
CONTINUOUS
10
0.3790065354330708
20
1.0068558267716534
11
0.3795473228346457
21
1.0063150787401574
0
LINE
8
BLACK
6
CONTINUOUS
10
0.3795473228346457
20
1.0063150787401574
11
0.3806575590551181
21
1.00576
0
LINE
8
BLACK
6
CONTINUOUS
10
0.3806575590551181
20
1.00576
11
0.3839023622047244
21
1.00576
0
LINE
8
BLACK
6
CONTINUOUS
10
0.3839023622047244
20
1.00576
11
0.3854226377952756
21
1.0051302755905511
0
LINE
8
BLACK
6
CONTINUOUS
10
0.3854226377952756
20
1.0051302755905511
11
0.3860523622047244
21
1.0036099999999999
0
LINE
8
BLACK
6
CONTINUOUS
10
0.3860523622047244
20
1.0036099999999999
11
0.3854226377952756
21
1.0020897244094489
0
LINE
8
BLACK
6
CONTINUOUS
10
0.3854226377952756
20
1.0020897244094489
11
0.3839023622047244
21
1.00146
0
LINE
8
BLACK
6
CONTINUOUS
10
0.3839023622047244
20
1.00146
11
0.3801499606299212
21
1.00146
0
LINE
8
BLACK
6
CONTINUOUS
10
0.3801499606299212
20
1.00146
11
0.3796875590551181
21
1.0016514960629921
0
LINE
8
BLACK
6
CONTINUOUS
10
0.3796875590551181
20
1.0016514960629921
11
0.3791884251968504
21
1.0016870078740157
0
LINE
8
BLACK
6
CONTINUOUS
10
0.3791884251968504
20
1.0016870078740157
11
0.3773122440944882
21
1.0026251181102361
0
LINE
8
BLACK
6
CONTINUOUS
10
0.3773122440944882
20
1.0026251181102361
11
0.3770803937007874
21
1.0028924015748031
0
LINE
8
BLACK
6
CONTINUOUS
10
0.3770803937007874
20
1.0028924015748031
11
0.3767535433070866
21
1.0030277952755906
0
LINE
8
BLACK
6
CONTINUOUS
10
0.3767535433070866
20
1.0030277952755906
11
0.3758154330708661
21
1.0039658661417323
0
LINE
8
BLACK
6
CONTINUOUS
10
0.3758154330708661
20
1.0039658661417323
11
0.3757306692913386
21
1.0041703937007873
0
LINE
8
BLACK
6
CONTINUOUS
10
0.3757306692913386
20
1.0041703937007873
11
0.3755467716535433
21
1.0042935826771653
0
LINE
8
BLACK
6
CONTINUOUS
10
0.3755467716535433
20
1.0042935826771653
11
0.3736705905511811
21
1.007107874015748
0
LINE
8
BLACK
6
CONTINUOUS
10
0.3736705905511811
20
1.007107874015748
11
0.3735975984251969
21
1.0074767716535433
0
LINE
8
BLACK
6
CONTINUOUS
10
0.3735975984251969
20
1.0074767716535433
11
0.3733736614173228
21
1.0077790551181103
0
LINE
8
BLACK
6
CONTINUOUS
10
0.3733736614173228
20
1.0077790551181103
11
0.3724355905511811
21
1.0115313779527559
0
LINE
8
BLACK
6
CONTINUOUS
10
0.3724355905511811
20
1.0115313779527559
11
0.3724757086614173
21
1.0118009842519684
0
LINE
8
BLACK
6
CONTINUOUS
10
0.3724757086614173
20
1.0118009842519684
11
0.3723714173228346
21
1.0120528346456692
0
LINE
8
BLACK
6
CONTINUOUS
10
0.3723714173228346
20
1.0120528346456692
11
0.3723714173228346
21
1.0195575984251968
0
LINE
8
BLACK
6
CONTINUOUS
10
0.3723714173228346
20
1.0195575984251968
11
0.3725629133858268
21
1.0200199212598424
0
LINE
8
BLACK
6
CONTINUOUS
10
0.3725629133858268
20
1.0200199212598424
11
0.3725983858267716
21
1.020519094488189
0
LINE
8
BLACK
6
CONTINUOUS
10
0.3725983858267716
20
1.020519094488189
11
0.3735364566929134
21
1.02239531496063
0
LINE
8
BLACK
6
CONTINUOUS
10
0.3735364566929134
20
1.02239531496063
11
0.3738038188976378
21
1.0226272047244094
0
LINE
8
BLACK
6
CONTINUOUS
10
0.3738038188976378
20
1.0226272047244094
11
0.3739392519685039
21
1.0229541338582677
0
LINE
8
BLACK
6
CONTINUOUS
10
0.3739392519685039
20
1.0229541338582677
11
0.3748773622047244
21
1.0238922047244094
0
LINE
8
BLACK
6
CONTINUOUS
10
0.3748773622047244
20
1.0238922047244094
11
0.3752042125984252
21
1.024027559055118
0
LINE
8
BLACK
6
CONTINUOUS
10
0.3752042125984252
20
1.024027559055118
11
0.375436062992126
21
1.0242948818897637
0
LINE
8
BLACK
6
CONTINUOUS
10
0.375436062992126
20
1.0242948818897637
11
0.3773122440944882
21
1.0252329921259842
0
LINE
8
BLACK
6
CONTINUOUS
10
0.3773122440944882
20
1.0252329921259842
11
0.3778113779527559
21
1.0252684645669292
0
LINE
8
BLACK
6
CONTINUOUS
10
0.3778113779527559
20
1.0252684645669292
11
0.378273779527559
21
1.02546
0
LINE
8
BLACK
6
CONTINUOUS
10
0.378273779527559
20
1.02546
11
0.3820261811023622
21
1.02546
0
LINE
8
BLACK
6
CONTINUOUS
10
0.3820261811023622
20
1.02546
11
0.3824885433070866
21
1.0252684645669292
0
LINE
8
BLACK
6
CONTINUOUS
10
0.3776711417322834
20
1.0206048818897637
11
0.3772264566929134
21
1.0201601968503937
0
LINE
8
BLACK
6
CONTINUOUS
10
0.3772264566929134
20
1.0201601968503937
11
0.3766714173228347
21
1.0190500393700788
0
LINE
8
BLACK
6
CONTINUOUS
10
0.3766714173228347
20
1.0190500393700788
11
0.3766714173228347
21
1.0153746456692914
0
LINE
8
BLACK
6
CONTINUOUS
10
0.3766714173228347
20
1.0153746456692914
11
0.3772264960629921
21
1.0142644488188977
0
LINE
8
BLACK
6
CONTINUOUS
10
0.3772264960629921
20
1.0142644488188977
11
0.3776711023622047
21
1.0138198425196849
0
LINE
8
BLACK
6
CONTINUOUS
10
0.3776711023622047
20
1.0138198425196849
11
0.3787813385826772
21
1.0132647637795276
0
LINE
8
BLACK
6
CONTINUOUS
10
0.3787813385826772
20
1.0132647637795276
11
0.3815186220472441
21
1.0132647637795276
0
LINE
8
BLACK
6
CONTINUOUS
10
0.3815186220472441
20
1.0132647637795276
11
0.382628779527559
21
1.0138198031496062
0
LINE
8
BLACK
6
CONTINUOUS
10
0.382628779527559
20
1.0138198031496062
11
0.3830734251968504
21
1.0142644881889764
0
LINE
8
BLACK
6
CONTINUOUS
10
0.3830734251968504
20
1.0142644881889764
11
0.3836285433070866
21
1.0153746850393701
0
LINE
8
BLACK
6
CONTINUOUS
10
0.3836285433070866
20
1.0153746850393701
11
0.3836285433070866
21
1.0190500393700788
0
LINE
8
BLACK
6
CONTINUOUS
10
0.3836285433070866
20
1.0190500393700788
11
0.3830734251968504
21
1.0201602755905512
0
LINE
8
BLACK
6
CONTINUOUS
10
0.3830734251968504
20
1.0201602755905512
11
0.3826287401574803
21
1.0206049212598425
0
LINE
8
BLACK
6
CONTINUOUS
10
0.3826287401574803
20
1.0206049212598425
11
0.3815186614173228
21
1.0211600000000001
0
LINE
8
BLACK
6
CONTINUOUS
10
0.3815186614173228
20
1.0211600000000001
11
0.3787813779527559
21
1.0211600000000001
0
LINE
8
BLACK
6
CONTINUOUS
10
0.3787813779527559
20
1.0211600000000001
11
0.3776711417322834
21
1.0206048818897637
0
LINE
8
BLACK
6
CONTINUOUS
10
0.4060607086614173
20
1.0248302755905512
11
0.4066904330708661
21
1.0233099999999999
0
LINE
8
BLACK
6
CONTINUOUS
10
0.4066904330708661
20
1.0233099999999999
11
0.4066904330708661
21
1.0036099999999999
0
LINE
8
BLACK
6
CONTINUOUS
10
0.4066904330708661
20
1.0036099999999999
11
0.4060607086614173
21
1.0020897244094489
0
LINE
8
BLACK
6
CONTINUOUS
10
0.4060607086614173
20
1.0020897244094489
11
0.4045404330708661
21
1.00146
0
LINE
8
BLACK
6
CONTINUOUS
10
0.4045404330708661
20
1.00146
11
0.4030201574803149
21
1.0020897244094489
0
LINE
8
BLACK
6
CONTINUOUS
10
0.4030201574803149
20
1.0020897244094489
11
0.4023904330708661
21
1.0036099999999999
0
LINE
8
BLACK
6
CONTINUOUS
10
0.4023904330708661
20
1.0036099999999999
11
0.4023904330708661
21
1.0108409448818898
0
LINE
8
BLACK
6
CONTINUOUS
10
0.4023904330708661
20
1.0108409448818898
11
0.4009693700787402
21
1.0108409448818898
0
LINE
8
BLACK
6
CONTINUOUS
10
0.4009693700787402
20
1.0108409448818898
11
0.3950446456692913
21
1.0023770472440945
0
LINE
8
BLACK
6
CONTINUOUS
10
0.3950446456692913
20
1.0023770472440945
11
0.3936569291338582
21
1.001492716535433
0
LINE
8
BLACK
6
CONTINUOUS
10
0.3936569291338582
20
1.001492716535433
11
0.3920503543307087
21
1.0018486614173228
0
LINE
8
BLACK
6
CONTINUOUS
10
0.3920503543307087
20
1.0018486614173228
11
0.3911660236220472
21
1.0032363779527558
0
LINE
8
BLACK
6
CONTINUOUS
10
0.3911660236220472
20
1.0032363779527558
11
0.391521968503937
21
1.0048429527559055
0
LINE
8
BLACK
6
CONTINUOUS
10
0.391521968503937
20
1.0048429527559055
11
0.3959299212598425
21
1.0111400393700787
0
LINE
8
BLACK
6
CONTINUOUS
10
0.3959299212598425
20
1.0111400393700787
11
0.3941979527559055
21
1.0120060629921259
0
LINE
8
BLACK
6
CONTINUOUS
10
0.3941979527559055
20
1.0120060629921259
11
0.3939661023622047
21
1.0122733464566929
0
LINE
8
BLACK
6
CONTINUOUS
10
0.3939661023622047
20
1.0122733464566929
11
0.3936392125984252
21
1.0124087795275589
0
LINE
8
BLACK
6
CONTINUOUS
10
0.3936392125984252
20
1.0124087795275589
11
0.3927011417322834
21
1.0133468503937009
0
LINE
8
BLACK
6
CONTINUOUS
10
0.3927011417322834
20
1.0133468503937009
11
0.3925657086614173
21
1.0136737401574802
0
LINE
8
BLACK
6
CONTINUOUS
10
0.3925657086614173
20
1.0136737401574802
11
0.3922983858267716
21
1.0139056299212599
0
LINE
8
BLACK
6
CONTINUOUS
10
0.3922983858267716
20
1.0139056299212599
11
0.3913602755905512
21
1.0157818503937008
0
LINE
8
BLACK
6
CONTINUOUS
10
0.3913602755905512
20
1.0157818503937008
11
0.3913248031496063
21
1.0162809842519684
0
LINE
8
BLACK
6
CONTINUOUS
10
0.3913248031496063
20
1.0162809842519684
11
0.3911333070866141
21
1.0167433464566928
0
LINE
8
BLACK
6
CONTINUOUS
10
0.3911333070866141
20
1.0167433464566928
11
0.3911333070866141
21
1.0195575984251968
0
LINE
8
BLACK
6
CONTINUOUS
10
0.3911333070866141
20
1.0195575984251968
11
0.3913248031496063
21
1.0200199212598424
0
LINE
8
BLACK
6
CONTINUOUS
10
0.3913248031496063
20
1.0200199212598424
11
0.3913602755905512
21
1.020519094488189
0
LINE
8
BLACK
6
CONTINUOUS
10
0.3913602755905512
20
1.020519094488189
11
0.3922983858267716
21
1.02239531496063
0
LINE
8
BLACK
6
CONTINUOUS
10
0.3922983858267716
20
1.02239531496063
11
0.3925657086614173
21
1.0226271653543306
0
LINE
8
BLACK
6
CONTINUOUS
10
0.3925657086614173
20
1.0226271653543306
11
0.3927011417322834
21
1.022954094488189
0
LINE
8
BLACK
6
CONTINUOUS
10
0.3927011417322834
20
1.022954094488189
11
0.3936392125984252
21
1.0238921653543307
0
LINE
8
BLACK
6
CONTINUOUS
10
0.3936392125984252
20
1.0238921653543307
11
0.3939661023622047
21
1.024027559055118
0
LINE
8
BLACK
6
CONTINUOUS
10
0.3939661023622047
20
1.024027559055118
11
0.3941979527559055
21
1.0242948818897637
0
LINE
8
BLACK
6
CONTINUOUS
10
0.3941979527559055
20
1.0242948818897637
11
0.3960741338582677
21
1.0252329921259842
0
LINE
8
BLACK
6
CONTINUOUS
10
0.3960741338582677
20
1.0252329921259842
11
0.3965732677165354
21
1.0252684645669292
0
LINE
8
BLACK
6
CONTINUOUS
10
0.3965732677165354
20
1.0252684645669292
11
0.3970356692913386
21
1.02546
0
LINE
8
BLACK
6
CONTINUOUS
10
0.3970356692913386
20
1.02546
11
0.4045404330708661
21
1.02546
0
LINE
8
BLACK
6
CONTINUOUS
10
0.4045404330708661
20
1.02546
11
0.4060607086614173
21
1.0248302755905512
0
LINE
8
BLACK
6
CONTINUOUS
10
0.396433031496063
20
1.0206048818897637
11
0.3959884251968504
21
1.0201602755905512
0
LINE
8
BLACK
6
CONTINUOUS
10
0.3959884251968504
20
1.0201602755905512
11
0.3954333070866142
21
1.0190500393700788
0
LINE
8
BLACK
6
CONTINUOUS
10
0.3954333070866142
20
1.0190500393700788
11
0.3954333070866142
21
1.0172509055118111
0
LINE
8
BLACK
6
CONTINUOUS
10
0.3954333070866142
20
1.0172509055118111
11
0.3959884251968504
21
1.0161406692913386
0
LINE
8
BLACK
6
CONTINUOUS
10
0.3959884251968504
20
1.0161406692913386
11
0.396433031496063
21
1.0156960236220471
0
LINE
8
BLACK
6
CONTINUOUS
10
0.396433031496063
20
1.0156960236220471
11
0.3975432677165354
21
1.0151409448818898
0
LINE
8
BLACK
6
CONTINUOUS
10
0.3975432677165354
20
1.0151409448818898
11
0.4023904330708661
21
1.0151409448818898
0
LINE
8
BLACK
6
CONTINUOUS
10
0.4023904330708661
20
1.0151409448818898
11
0.4023904330708661
21
1.0211600000000001
0
LINE
8
BLACK
6
CONTINUOUS
10
0.4023904330708661
20
1.0211600000000001
11
0.3975432677165354
21
1.0211600000000001
0
LINE
8
BLACK
6
CONTINUOUS
10
0.3975432677165354
20
1.0211600000000001
11
0.396433031496063
21
1.0206048818897637
0
LINE
8
BLACK
6
CONTINUOUS
10
1.1977246456692914
20
1.0629842913385827
11
1.1983360236220473
21
1.0630210236220472
0
LINE
8
BLACK
6
CONTINUOUS
10
1.1983360236220473
20
1.0630210236220472
11
1.1992000787401575
21
1.0625889763779528
0
LINE
8
BLACK
6
CONTINUOUS
10
1.1992000787401575
20
1.0625889763779528
11
1.2001331102362205
21
1.0623389763779527
0
LINE
8
BLACK
6
CONTINUOUS
10
1.2001331102362205
20
1.0623389763779527
11
1.2005661023622047
21
1.0619059448818897
0
LINE
8
BLACK
6
CONTINUOUS
10
1.2005661023622047
20
1.0619059448818897
11
1.2011139370078741
21
1.0616320472440945
0
LINE
8
BLACK
6
CONTINUOUS
10
1.2011139370078741
20
1.0616320472440945
11
1.201646220472441
21
1.0608258267716535
0
LINE
8
BLACK
6
CONTINUOUS
10
1.201646220472441
20
1.0608258267716535
11
1.2023292519685038
21
1.0601428346456692
0
LINE
8
BLACK
6
CONTINUOUS
10
1.2023292519685038
20
1.0601428346456692
11
1.2024877165354331
21
1.0595513385826771
0
LINE
8
BLACK
6
CONTINUOUS
10
1.2024877165354331
20
1.0595513385826771
11
1.2028252362204723
21
1.0590401968503937
0
LINE
8
BLACK
6
CONTINUOUS
10
1.2028252362204723
20
1.0590401968503937
11
1.2028831102362205
21
1.0580757874015747
0
LINE
8
BLACK
6
CONTINUOUS
10
1.2028831102362205
20
1.0580757874015747
11
1.2031331102362204
21
1.0571428346456693
0
LINE
8
BLACK
6
CONTINUOUS
10
1.2031331102362204
20
1.0571428346456693
11
1.2031331102362204
21
1.0345714173228346
0
LINE
8
BLACK
6
CONTINUOUS
10
1.2031331102362204
20
1.0345714173228346
11
1.2171331102362204
21
1.0345714173228346
0
LINE
8
BLACK
6
CONTINUOUS
10
1.2171331102362204
20
1.0345714173228346
11
1.2201331102362205
21
1.0337675590551181
0
LINE
8
BLACK
6
CONTINUOUS
10
1.2201331102362205
20
1.0337675590551181
11
1.2223292519685038
21
1.0315714173228345
0
LINE
8
BLACK
6
CONTINUOUS
10
1.2223292519685038
20
1.0315714173228345
11
1.2231331102362204
21
1.0285714173228346
0
LINE
8
BLACK
6
CONTINUOUS
10
1.2231331102362204
20
1.0285714173228346
11
1.2223292519685038
21
1.0255714173228345
0
LINE
8
BLACK
6
CONTINUOUS
10
1.2223292519685038
20
1.0255714173228345
11
1.2201331102362205
21
1.0233752755905512
0
LINE
8
BLACK
6
CONTINUOUS
10
1.2201331102362205
20
1.0233752755905512
11
1.2171331102362204
21
1.0225714173228346
0
LINE
8
BLACK
6
CONTINUOUS
10
1.2171331102362204
20
1.0225714173228346
11
1.2031331102362204
21
1.0225714173228346
0
LINE
8
BLACK
6
CONTINUOUS
10
1.2031331102362204
20
1.0225714173228346
11
1.2031331102362204
21
1.0199999606299213
0
LINE
8
BLACK
6
CONTINUOUS
10
1.2031331102362204
20
1.0199999606299213
11
1.2023292519685038
21
1.0169999606299212
0
LINE
8
BLACK
6
CONTINUOUS
10
1.2023292519685038
20
1.0169999606299212
11
1.2001331102362205
21
1.0148038188976378
0
LINE
8
BLACK
6
CONTINUOUS
10
1.2001331102362205
20
1.0148038188976378
11
1.1971331102362204
21
1.0139999606299213
0
LINE
8
BLACK
6
CONTINUOUS
10
1.1971331102362204
20
1.0139999606299213
11
1.1941331102362205
21
1.0148038188976378
0
LINE
8
BLACK
6
CONTINUOUS
10
1.1941331102362205
20
1.0148038188976378
11
1.1919369685039369
21
1.0169999606299212
0
LINE
8
BLACK
6
CONTINUOUS
10
1.1919369685039369
20
1.0169999606299212
11
1.1911331102362204
21
1.0199999606299213
0
LINE
8
BLACK
6
CONTINUOUS
10
1.1911331102362204
20
1.0199999606299213
11
1.1911331102362204
21
1.0225714173228346
0
LINE
8
BLACK
6
CONTINUOUS
10
1.1911331102362204
20
1.0225714173228346
11
1.1771331102362204
21
1.0225714173228346
0
LINE
8
BLACK
6
CONTINUOUS
10
1.1771331102362204
20
1.0225714173228346
11
1.1741331102362205
21
1.0233752755905512
0
LINE
8
BLACK
6
CONTINUOUS
10
1.1741331102362205
20
1.0233752755905512
11
1.1719369685039369
21
1.0255714173228345
0
LINE
8
BLACK
6
CONTINUOUS
10
1.1719369685039369
20
1.0255714173228345
11
1.1711331102362204
21
1.0285714173228346
0
LINE
8
BLACK
6
CONTINUOUS
10
1.1711331102362204
20
1.0285714173228346
11
1.1719369685039369
21
1.0315714173228345
0
LINE
8
BLACK
6
CONTINUOUS
10
1.1719369685039369
20
1.0315714173228345
11
1.1741331102362205
21
1.0337675590551181
0
LINE
8
BLACK
6
CONTINUOUS
10
1.1741331102362205
20
1.0337675590551181
11
1.1771331102362204
21
1.0345714173228346
0
LINE
8
BLACK
6
CONTINUOUS
10
1.1771331102362204
20
1.0345714173228346
11
1.1911331102362204
21
1.0345714173228346
0
LINE
8
BLACK
6
CONTINUOUS
10
1.1911331102362204
20
1.0345714173228346
11
1.1911331102362204
21
1.0488182677165354
0
LINE
8
BLACK
6
CONTINUOUS
10
1.1911331102362204
20
1.0488182677165354
11
1.1561733464566928
21
1.0371650393700786
0
LINE
8
BLACK
6
CONTINUOUS
10
1.1561733464566928
20
1.0371650393700786
11
1.1530731102362204
21
1.0369789370078739
0
LINE
8
BLACK
6
CONTINUOUS
10
1.1530731102362204
20
1.0369789370078739
11
1.1502951574803149
21
1.0383679133858268
0
LINE
8
BLACK
6
CONTINUOUS
10
1.1502951574803149
20
1.0383679133858268
11
1.1485838976377953
21
1.0409597637795276
0
LINE
8
BLACK
6
CONTINUOUS
10
1.1485838976377953
20
1.0409597637795276
11
1.1483977952755906
21
1.04406
0
LINE
8
BLACK
6
CONTINUOUS
10
1.1483977952755906
20
1.04406
11
1.1497867716535433
21
1.0468379527559055
0
LINE
8
BLACK
6
CONTINUOUS
10
1.1497867716535433
20
1.0468379527559055
11
1.1523786220472441
21
1.0485492125984253
0
LINE
8
BLACK
6
CONTINUOUS
10
1.1523786220472441
20
1.0485492125984253
11
1.1952357480314961
21
1.0628349212598425
0
LINE
8
BLACK
6
CONTINUOUS
10
1.1952357480314961
20
1.0628349212598425
11
1.1961999606299212
21
1.0628927952755904
0
LINE
8
BLACK
6
CONTINUOUS
10
1.1961999606299212
20
1.0628927952755904
11
1.1971331102362204
21
1.0631428346456693
0
LINE
8
BLACK
6
CONTINUOUS
10
1.1971331102362204
20
1.0631428346456693
11
1.1977246456692914
21
1.0629842913385827
0
LINE
8
BLACK
6
CONTINUOUS
10
0.9099584645669291
20
1.0887177165354331
11
0.9121651968503937
21
1.085950590551181
0
LINE
8
BLACK
6
CONTINUOUS
10
0.9121651968503937
20
1.085950590551181
11
0.9122788188976377
21
1.0854527559055118
0
LINE
8
BLACK
6
CONTINUOUS
10
0.9122788188976377
20
1.0854527559055118
11
0.95
21
1.0854527559055118
0
LINE
8
BLACK
6
CONTINUOUS
10
0.95
20
1.0854527559055118
11
0.9510099212598425
21
1.08527468503937
0
LINE
8
BLACK
6
CONTINUOUS
10
0.9510099212598425
20
1.08527468503937
11
0.9525571653543307
21
1.0839763779527558
0
LINE
8
BLACK
6
CONTINUOUS
10
0.9525571653543307
20
1.0839763779527558
11
0.9529079133858267
21
1.0819872440944882
0
LINE
8
BLACK
6
CONTINUOUS
10
0.9529079133858267
20
1.0819872440944882
11
0.9518979921259842
21
1.0802380708661417
0
LINE
8
BLACK
6
CONTINUOUS
10
0.9518979921259842
20
1.0802380708661417
11
0.95
21
1.0795472440944882
0
LINE
8
BLACK
6
CONTINUOUS
10
0.95
20
1.0795472440944882
11
0.9129527559055118
21
1.0795472440944882
0
LINE
8
BLACK
6
CONTINUOUS
10
0.9129527559055118
20
1.0795472440944882
11
0.9129527559055118
21
1.0254527559055118
0
LINE
8
BLACK
6
CONTINUOUS
10
0.9129527559055118
20
1.0254527559055118
11
0.95
21
1.0254527559055118
0
LINE
8
BLACK
6
CONTINUOUS
10
0.95
20
1.0254527559055118
11
0.9510099212598425
21
1.0252746850393701
0
LINE
8
BLACK
6
CONTINUOUS
10
0.9510099212598425
20
1.0252746850393701
11
0.9525571653543307
21
1.023976377952756
0
LINE
8
BLACK
6
CONTINUOUS
10
0.9525571653543307
20
1.023976377952756
11
0.9529079133858267
21
1.0219872440944882
0
LINE
8
BLACK
6
CONTINUOUS
10
0.9529079133858267
20
1.0219872440944882
11
0.9518979921259842
21
1.0202380708661416
0
LINE
8
BLACK
6
CONTINUOUS
10
0.9518979921259842
20
1.0202380708661416
11
0.95
21
1.0195472440944882
0
LINE
8
BLACK
6
CONTINUOUS
10
0.95
20
1.0195472440944882
11
0.91
21
1.0195472440944882
0
LINE
8
BLACK
6
CONTINUOUS
10
0.91
20
1.0195472440944882
11
0.9096164566929134
21
1.0196148425196849
0
LINE
8
BLACK
6
CONTINUOUS
10
0.9096164566929134
20
1.0196148425196849
11
0.9094872440944882
21
1.0195920866141732
0
LINE
8
BLACK
6
CONTINUOUS
10
0.9094872440944882
20
1.0195920866141732
11
0.909373622047244
21
1.0196576771653543
0
LINE
8
BLACK
6
CONTINUOUS
10
0.909373622047244
20
1.0196576771653543
11
0.9089900787401575
21
1.0197253149606298
0
LINE
8
BLACK
6
CONTINUOUS
10
0.9089900787401575
20
1.0197253149606298
11
0.9084023622047244
21
1.0202184251968505
0
LINE
8
BLACK
6
CONTINUOUS
10
0.9084023622047244
20
1.0202184251968505
11
0.9077380708661417
21
1.0206020078740157
0
LINE
8
BLACK
6
CONTINUOUS
10
0.9077380708661417
20
1.0206020078740157
11
0.9076469291338582
21
1.0208523228346456
0
LINE
8
BLACK
6
CONTINUOUS
10
0.9076469291338582
20
1.0208523228346456
11
0.9074428346456692
21
1.0210236220472442
0
LINE
8
BLACK
6
CONTINUOUS
10
0.9074428346456692
20
1.0210236220472442
11
0.9073095669291339
21
1.0217791732283463
0
LINE
8
BLACK
6
CONTINUOUS
10
0.9073095669291339
20
1.0217791732283463
11
0.9070472440944881
21
1.0225
0
LINE
8
BLACK
6
CONTINUOUS
10
0.9070472440944881
20
1.0225
11
0.9070472440944881
21
1.0748803149606299
0
LINE
8
BLACK
6
CONTINUOUS
10
0.9070472440944881
20
1.0748803149606299
11
0.9067696456692913
21
1.074746653543307
0
LINE
8
BLACK
6
CONTINUOUS
10
0.9067696456692913
20
1.074746653543307
11
0.9032303543307086
21
1.074746653543307
0
LINE
8
BLACK
6
CONTINUOUS
10
0.9032303543307086
20
1.074746653543307
11
0.9000415354330709
21
1.0762822834645669
0
LINE
8
BLACK
6
CONTINUOUS
10
0.9000415354330709
20
1.0762822834645669
11
0.8978348031496063
21
1.0790494094488188
0
LINE
8
BLACK
6
CONTINUOUS
10
0.8978348031496063
20
1.0790494094488188
11
0.8970472440944882
21
1.0825
0
LINE
8
BLACK
6
CONTINUOUS
10
0.8970472440944882
20
1.0825
11
0.8978348031496063
21
1.085950590551181
0
LINE
8
BLACK
6
CONTINUOUS
10
0.8978348031496063
20
1.085950590551181
11
0.9000415354330709
21
1.0887177165354331
0
LINE
8
BLACK
6
CONTINUOUS
10
0.9000415354330709
20
1.0887177165354331
11
0.9032303543307086
21
1.0902533464566928
0
LINE
8
BLACK
6
CONTINUOUS
10
0.9032303543307086
20
1.0902533464566928
11
0.9067696456692913
21
1.0902533464566928
0
LINE
8
BLACK
6
CONTINUOUS
10
0.9067696456692913
20
1.0902533464566928
11
0.9099584645669291
21
1.0887177165354331
0
LINE
8
BLACK
6
CONTINUOUS
10
0.9034331102362204
20
1.0809331102362205
11
0.905
21
1.0802840944881889
0
LINE
8
BLACK
6
CONTINUOUS
10
0.905
20
1.0802840944881889
11
0.9065668897637795
21
1.0809331102362205
0
LINE
8
BLACK
6
CONTINUOUS
10
0.9065668897637795
20
1.0809331102362205
11
0.9070472440944881
21
1.0820927952755905
0
LINE
8
BLACK
6
CONTINUOUS
10
0.9070472440944881
20
1.0820927952755905
11
0.9070472440944881
21
1.0825
0
LINE
8
BLACK
6
CONTINUOUS
10
0.9070472440944881
20
1.0825
11
0.9070975984251969
21
1.0827855905511812
0
LINE
8
BLACK
6
CONTINUOUS
10
0.9070975984251969
20
1.0827855905511812
11
0.9065668897637795
21
1.0840668897637795
0
LINE
8
BLACK
6
CONTINUOUS
10
0.9065668897637795
20
1.0840668897637795
11
0.905
21
1.084715905511811
0
LINE
8
BLACK
6
CONTINUOUS
10
0.905
20
1.084715905511811
11
0.9034331102362204
21
1.0840668897637795
0
LINE
8
BLACK
6
CONTINUOUS
10
0.9034331102362204
20
1.0840668897637795
11
0.902784094488189
21
1.0825
0
LINE
8
BLACK
6
CONTINUOUS
10
0.902784094488189
20
1.0825
11
0.9034331102362204
21
1.0809331102362205
0
LINE
8
BLACK
6
CONTINUOUS
10
1.0303835039370079
20
1.0853851181102363
11
1.0305127559055118
21
1.0854079133858268
0
LINE
8
BLACK
6
CONTINUOUS
10
1.0305127559055118
20
1.0854079133858268
11
1.030626338582677
21
1.085342283464567
0
LINE
8
BLACK
6
CONTINUOUS
10
1.030626338582677
20
1.085342283464567
11
1.0310099212598425
21
1.08527468503937
0
LINE
8
BLACK
6
CONTINUOUS
10
1.0310099212598425
20
1.08527468503937
11
1.0315975984251968
21
1.0847815354330708
0
LINE
8
BLACK
6
CONTINUOUS
10
1.0315975984251968
20
1.0847815354330708
11
1.0322619291338582
21
1.0843979921259843
0
LINE
8
BLACK
6
CONTINUOUS
10
1.0322619291338582
20
1.0843979921259843
11
1.0323530314960629
21
1.0841476377952757
0
LINE
8
BLACK
6
CONTINUOUS
10
1.0323530314960629
20
1.0841476377952757
11
1.0325571653543306
21
1.0839763779527558
0
LINE
8
BLACK
6
CONTINUOUS
10
1.0325571653543306
20
1.0839763779527558
11
1.0326903937007874
21
1.0832207874015747
0
LINE
8
BLACK
6
CONTINUOUS
10
1.0326903937007874
20
1.0832207874015747
11
1.0329527559055118
21
1.0825
0
LINE
8
BLACK
6
CONTINUOUS
10
1.0329527559055118
20
1.0825
11
1.0329527559055118
21
1.0225
0
LINE
8
BLACK
6
CONTINUOUS
10
1.0329527559055118
20
1.0225
11
1.0328851181102361
21
1.0221164566929133
0
LINE
8
BLACK
6
CONTINUOUS
10
1.0328851181102361
20
1.0221164566929133
11
1.0329079133858268
21
1.0219872440944882
0
LINE
8
BLACK
6
CONTINUOUS
10
1.0329079133858268
20
1.0219872440944882
11
1.032842283464567
21
1.021873622047244
0
LINE
8
BLACK
6
CONTINUOUS
10
1.032842283464567
20
1.021873622047244
11
1.03277468503937
21
1.0214900787401575
0
LINE
8
BLACK
6
CONTINUOUS
10
1.03277468503937
20
1.0214900787401575
11
1.0322815354330708
21
1.0209023622047244
0
LINE
8
BLACK
6
CONTINUOUS
10
1.0322815354330708
20
1.0209023622047244
11
1.0318979921259843
21
1.0202380708661416
0
LINE
8
BLACK
6
CONTINUOUS
10
1.0318979921259843
20
1.0202380708661416
11
1.0316476377952755
21
1.0201469291338583
0
LINE
8
BLACK
6
CONTINUOUS
10
1.0316476377952755
20
1.0201469291338583
11
1.0314763779527558
21
1.0199428346456694
0
LINE
8
BLACK
6
CONTINUOUS
10
1.0314763779527558
20
1.0199428346456694
11
1.0307207874015747
21
1.0198095669291338
0
LINE
8
BLACK
6
CONTINUOUS
10
1.0307207874015747
20
1.0198095669291338
11
1.03
21
1.0195472440944882
0
LINE
8
BLACK
6
CONTINUOUS
10
1.03
20
1.0195472440944882
11
0.99
21
1.0195472440944882
0
LINE
8
BLACK
6
CONTINUOUS
10
0.99
20
1.0195472440944882
11
0.9889900787401574
21
1.0197253149606298
0
LINE
8
BLACK
6
CONTINUOUS
10
0.9889900787401574
20
1.0197253149606298
11
0.9874428346456693
21
1.0210236220472442
0
LINE
8
BLACK
6
CONTINUOUS
10
0.9874428346456693
20
1.0210236220472442
11
0.9870920866141732
21
1.0230127559055118
0
LINE
8
BLACK
6
CONTINUOUS
10
0.9870920866141732
20
1.0230127559055118
11
0.9881020078740157
21
1.0247619291338583
0
LINE
8
BLACK
6
CONTINUOUS
10
0.9881020078740157
20
1.0247619291338583
11
0.99
21
1.0254527559055118
0
LINE
8
BLACK
6
CONTINUOUS
10
0.99
20
1.0254527559055118
11
1.0270472440944882
21
1.0254527559055118
0
LINE
8
BLACK
6
CONTINUOUS
10
1.0270472440944882
20
1.0254527559055118
11
1.0270472440944882
21
1.0795472440944882
0
LINE
8
BLACK
6
CONTINUOUS
10
1.0270472440944882
20
1.0795472440944882
11
0.9975020866141732
21
1.0795472440944882
0
LINE
8
BLACK
6
CONTINUOUS
10
0.9975020866141732
20
1.0795472440944882
11
0.9980067322834646
21
1.0792949212598424
0
LINE
8
BLACK
6
CONTINUOUS
10
0.9980067322834646
20
1.0792949212598424
11
0.9982385433070866
21
1.0790275590551182
0
LINE
8
BLACK
6
CONTINUOUS
10
0.9982385433070866
20
1.0790275590551182
11
0.9985654330708661
21
1.0788922047244094
0
LINE
8
BLACK
6
CONTINUOUS
10
0.9985654330708661
20
1.0788922047244094
11
0.9995035433070866
21
1.0779541338582677
0
LINE
8
BLACK
6
CONTINUOUS
10
0.9995035433070866
20
1.0779541338582677
11
1.0001333070866141
21
1.0764338582677164
0
LINE
8
BLACK
6
CONTINUOUS
10
1.0001333070866141
20
1.0764338582677164
11
0.9995036220472441
21
1.0749135826771654
0
LINE
8
BLACK
6
CONTINUOUS
10
0.9995036220472441
20
1.0749135826771654
11
0.9979833464566928
21
1.0742838188976378
0
LINE
8
BLACK
6
CONTINUOUS
10
0.9979833464566928
20
1.0742838188976378
11
0.9964630708661417
21
1.0749135039370079
0
LINE
8
BLACK
6
CONTINUOUS
10
0.9964630708661417
20
1.0749135039370079
11
0.9957716141732283
21
1.0756048818897637
0
LINE
8
BLACK
6
CONTINUOUS
10
0.9957716141732283
20
1.0756048818897637
11
0.9946614960629921
21
1.07616
0
LINE
8
BLACK
6
CONTINUOUS
10
0.9946614960629921
20
1.07616
11
0.9909861417322834
21
1.07616
0
LINE
8
BLACK
6
CONTINUOUS
10
0.9909861417322834
20
1.07616
11
0.989875905511811
21
1.0756048818897637
0
LINE
8
BLACK
6
CONTINUOUS
10
0.989875905511811
20
1.0756048818897637
11
0.9894312204724409
21
1.0751601968503937
0
LINE
8
BLACK
6
CONTINUOUS
10
0.9894312204724409
20
1.0751601968503937
11
0.9888761811023622
21
1.0740500393700787
0
LINE
8
BLACK
6
CONTINUOUS
10
0.9888761811023622
20
1.0740500393700787
11
0.9888761811023622
21
1.0730303149606299
0
LINE
8
BLACK
6
CONTINUOUS
10
0.9888761811023622
20
1.0730303149606299
11
0.9895434251968503
21
1.071028464566929
0
LINE
8
BLACK
6
CONTINUOUS
10
0.9895434251968503
20
1.071028464566929
11
1.0004416929133857
21
1.0601302755905511
0
LINE
8
BLACK
6
CONTINUOUS
10
1.0004416929133857
20
1.0601302755905511
11
1.0010714173228346
21
1.0586100000000001
0
LINE
8
BLACK
6
CONTINUOUS
10
1.0010714173228346
20
1.0586100000000001
11
1.0004416929133857
21
1.0570897244094488
0
LINE
8
BLACK
6
CONTINUOUS
10
1.0004416929133857
20
1.0570897244094488
11
0.9989214173228346
21
1.05646
0
LINE
8
BLACK
6
CONTINUOUS
10
0.9989214173228346
20
1.05646
11
0.9867261811023622
21
1.05646
0
LINE
8
BLACK
6
CONTINUOUS
10
0.9867261811023622
20
1.05646
11
0.985205905511811
21
1.0570897244094488
0
LINE
8
BLACK
6
CONTINUOUS
10
0.985205905511811
20
1.0570897244094488
11
0.9845761811023622
21
1.0586100000000001
0
LINE
8
BLACK
6
CONTINUOUS
10
0.9845761811023622
20
1.0586100000000001
11
0.985205905511811
21
1.0601302755905511
0
LINE
8
BLACK
6
CONTINUOUS
10
0.985205905511811
20
1.0601302755905511
11
0.9867261811023622
21
1.0607599999999999
0
LINE
8
BLACK
6
CONTINUOUS
10
0.9867261811023622
20
1.0607599999999999
11
0.9937308661417322
21
1.0607599999999999
0
LINE
8
BLACK
6
CONTINUOUS
10
0.9937308661417322
20
1.0607599999999999
11
0.9861439763779527
21
1.0683468503937008
0
LINE
8
BLACK
6
CONTINUOUS
10
0.9861439763779527
20
1.0683468503937008
11
0.9859524409448819
21
1.0688091732283465
0
LINE
8
BLACK
6
CONTINUOUS
10
0.9859524409448819
20
1.0688091732283465
11
0.9856245669291338
21
1.0691872834645668
0
LINE
8
BLACK
6
CONTINUOUS
10
0.9856245669291338
20
1.0691872834645668
11
0.9846864960629921
21
1.0720015354330708
0
LINE
8
BLACK
6
CONTINUOUS
10
0.9846864960629921
20
1.0720015354330708
11
0.9847115748031496
21
1.0723544881889764
0
LINE
8
BLACK
6
CONTINUOUS
10
0.9847115748031496
20
1.0723544881889764
11
0.9845761811023622
21
1.0726814173228347
0
LINE
8
BLACK
6
CONTINUOUS
10
0.9845761811023622
20
1.0726814173228347
11
0.9845761811023622
21
1.0745575984251969
0
LINE
8
BLACK
6
CONTINUOUS
10
0.9845761811023622
20
1.0745575984251969
11
0.9847676771653543
21
1.0750199212598426
0
LINE
8
BLACK
6
CONTINUOUS
10
0.9847676771653543
20
1.0750199212598426
11
0.9848031496062992
21
1.0755190944881889
0
LINE
8
BLACK
6
CONTINUOUS
10
0.9848031496062992
20
1.0755190944881889
11
0.9857412204724409
21
1.0773953149606299
0
LINE
8
BLACK
6
CONTINUOUS
10
0.9857412204724409
20
1.0773953149606299
11
0.9860085826771653
21
1.0776272047244093
0
LINE
8
BLACK
6
CONTINUOUS
10
0.9860085826771653
20
1.0776272047244093
11
0.9861440157480315
21
1.0779541338582677
0
LINE
8
BLACK
6
CONTINUOUS
10
0.9861440157480315
20
1.0779541338582677
11
0.9870821259842519
21
1.0788922047244094
0
LINE
8
BLACK
6
CONTINUOUS
10
0.9870821259842519
20
1.0788922047244094
11
0.9874089763779528
21
1.0790275590551182
0
LINE
8
BLACK
6
CONTINUOUS
10
0.9874089763779528
20
1.0790275590551182
11
0.9876408267716535
21
1.0792948818897639
0
LINE
8
BLACK
6
CONTINUOUS
10
0.9876408267716535
20
1.0792948818897639
11
0.9888076771653543
21
1.0798783070866143
0
LINE
8
BLACK
6
CONTINUOUS
10
0.9888076771653543
20
1.0798783070866143
11
0.9874428346456693
21
1.081023622047244
0
LINE
8
BLACK
6
CONTINUOUS
10
0.9874428346456693
20
1.081023622047244
11
0.9870920866141732
21
1.0830127559055118
0
LINE
8
BLACK
6
CONTINUOUS
10
0.9870920866141732
20
1.0830127559055118
11
0.9881020078740157
21
1.0847619291338582
0
LINE
8
BLACK
6
CONTINUOUS
10
0.9881020078740157
20
1.0847619291338582
11
0.99
21
1.0854527559055118
0
LINE
8
BLACK
6
CONTINUOUS
10
0.99
20
1.0854527559055118
11
1.03
21
1.0854527559055118
0
LINE
8
BLACK
6
CONTINUOUS
10
1.03
20
1.0854527559055118
11
1.0303835039370079
21
1.0853851181102363
0
LINE
8
BLACK
6
CONTINUOUS
10
0.9697354330708661
20
1.0528752755905511
11
0.9699525590551181
21
1.0529182283464567
0
LINE
8
BLACK
6
CONTINUOUS
10
0.9699525590551181
20
1.0529182283464567
11
0.9704726771653543
21
1.0525698818897637
0
LINE
8
BLACK
6
CONTINUOUS
10
0.9704726771653543
20
1.0525698818897637
11
0.9710511811023622
21
1.0523302755905513
0
LINE
8
BLACK
6
CONTINUOUS
10
0.9710511811023622
20
1.0523302755905513
11
0.9711358661417323
21
1.0521257480314961
0
LINE
8
BLACK
6
CONTINUOUS
10
0.9711358661417323
20
1.0521257480314961
11
0.9713198031496063
21
1.0520025984251968
0
LINE
8
BLACK
6
CONTINUOUS
10
0.9713198031496063
20
1.0520025984251968
11
0.9730779527559055
21
1.0493653937007874
0
LINE
8
BLACK
6
CONTINUOUS
10
0.9730779527559055
20
1.0493653937007874
11
0.9745568503937008
21
1.0478864960629921
0
LINE
8
BLACK
6
CONTINUOUS
10
0.9745568503937008
20
1.0478864960629921
11
0.9761210236220472
21
1.0471044488188976
0
LINE
8
BLACK
6
CONTINUOUS
10
0.9761210236220472
20
1.0471044488188976
11
0.9771991338582677
21
1.0458612992125984
0
LINE
8
BLACK
6
CONTINUOUS
10
0.9771991338582677
20
1.0458612992125984
11
0.9770824803149606
21
1.0442198818897637
0
LINE
8
BLACK
6
CONTINUOUS
10
0.9770824803149606
20
1.0442198818897637
11
0.9758393700787401
21
1.0431417322834646
0
LINE
8
BLACK
6
CONTINUOUS
10
0.9758393700787401
20
1.0431417322834646
11
0.9741979527559055
21
1.0432584251968504
0
LINE
8
BLACK
6
CONTINUOUS
10
0.9741979527559055
20
1.0432584251968504
11
0.9723217716535433
21
1.0441965354330709
0
LINE
8
BLACK
6
CONTINUOUS
10
0.9723217716535433
20
1.0441965354330709
11
0.9720899212598425
21
1.0444638188976378
0
LINE
8
BLACK
6
CONTINUOUS
10
0.9720899212598425
20
1.0444638188976378
11
0.971763031496063
21
1.0445992519685039
0
LINE
8
BLACK
6
CONTINUOUS
10
0.971763031496063
20
1.0445992519685039
11
0.971680905511811
21
1.044681377952756
0
LINE
8
BLACK
6
CONTINUOUS
10
0.971680905511811
20
1.044681377952756
11
0.971680905511811
21
1.0332600000000001
0
LINE
8
BLACK
6
CONTINUOUS
10
0.971680905511811
20
1.0332600000000001
11
0.9751594881889764
21
1.0332600000000001
0
LINE
8
BLACK
6
CONTINUOUS
10
0.9751594881889764
20
1.0332600000000001
11
0.9766797637795276
21
1.0326302755905512
0
LINE
8
BLACK
6
CONTINUOUS
10
0.9766797637795276
20
1.0326302755905512
11
0.9773094881889763
21
1.03111
0
LINE
8
BLACK
6
CONTINUOUS
10
0.9773094881889763
20
1.03111
11
0.9766797637795276
21
1.0295897244094487
0
LINE
8
BLACK
6
CONTINUOUS
10
0.9766797637795276
20
1.0295897244094487
11
0.9751594881889764
21
1.0289599999999999
0
LINE
8
BLACK
6
CONTINUOUS
10
0.9751594881889764
20
1.0289599999999999
11
0.969530905511811
21
1.0289599999999999
0
LINE
8
BLACK
6
CONTINUOUS
10
0.969530905511811
20
1.0289599999999999
11
0.9639023622047244
21
1.0289599999999999
0
LINE
8
BLACK
6
CONTINUOUS
10
0.9639023622047244
20
1.0289599999999999
11
0.9623820866141732
21
1.0295897244094487
0
LINE
8
BLACK
6
CONTINUOUS
10
0.9623820866141732
20
1.0295897244094487
11
0.9617523622047244
21
1.03111
0
LINE
8
BLACK
6
CONTINUOUS
10
0.9617523622047244
20
1.03111
11
0.9623820866141732
21
1.0326302755905512
0
LINE
8
BLACK
6
CONTINUOUS
10
0.9623820866141732
20
1.0326302755905512
11
0.9639023622047244
21
1.0332600000000001
0
LINE
8
BLACK
6
CONTINUOUS
10
0.9639023622047244
20
1.0332600000000001
11
0.967380905511811
21
1.0332600000000001
0
LINE
8
BLACK
6
CONTINUOUS
10
0.967380905511811
20
1.0332600000000001
11
0.967380905511811
21
1.05081
0
LINE
8
BLACK
6
CONTINUOUS
10
0.967380905511811
20
1.05081
11
0.9674655905511811
21
1.051014527559055
0
LINE
8
BLACK
6
CONTINUOUS
10
0.9674655905511811
20
1.051014527559055
11
0.9674226771653543
21
1.0512316535433071
0
LINE
8
BLACK
6
CONTINUOUS
10
0.9674226771653543
20
1.0512316535433071
11
0.9677709842519685
21
1.0517517716535434
0
LINE
8
BLACK
6
CONTINUOUS
10
0.9677709842519685
20
1.0517517716535434
11
0.9680106299212599
21
1.0523302755905513
0
LINE
8
BLACK
6
CONTINUOUS
10
0.9680106299212599
20
1.0523302755905513
11
0.9682151181102362
21
1.0524149606299211
0
LINE
8
BLACK
6
CONTINUOUS
10
0.9682151181102362
20
1.0524149606299211
11
0.9683383070866142
21
1.0525988976377953
0
LINE
8
BLACK
6
CONTINUOUS
10
0.9683383070866142
20
1.0525988976377953
11
0.9689524015748031
21
1.0527203543307087
0
LINE
8
BLACK
6
CONTINUOUS
10
0.9689524015748031
20
1.0527203543307087
11
0.969530905511811
21
1.0529599999999999
0
LINE
8
BLACK
6
CONTINUOUS
10
0.969530905511811
20
1.0529599999999999
11
0.9697354330708661
21
1.0528752755905511
0
LINE
8
BLACK
6
CONTINUOUS
10
0.995441653543307
20
1.0523302755905513
11
0.9960713779527559
21
1.05081
0
LINE
8
BLACK
6
CONTINUOUS
10
0.9960713779527559
20
1.05081
11
0.9960713779527559
21
1.03111
0
LINE
8
BLACK
6
CONTINUOUS
10
0.9960713779527559
20
1.03111
11
0.995441653543307
21
1.0295897244094487
0
LINE
8
BLACK
6
CONTINUOUS
10
0.995441653543307
20
1.0295897244094487
11
0.9939213779527559
21
1.0289599999999999
0
LINE
8
BLACK
6
CONTINUOUS
10
0.9939213779527559
20
1.0289599999999999
11
0.9924011023622047
21
1.0295897244094487
0
LINE
8
BLACK
6
CONTINUOUS
10
0.9924011023622047
20
1.0295897244094487
11
0.9917713779527558
21
1.03111
0
LINE
8
BLACK
6
CONTINUOUS
10
0.9917713779527558
20
1.03111
11
0.9917713779527558
21
1.0383409448818897
0
LINE
8
BLACK
6
CONTINUOUS
10
0.9917713779527558
20
1.0383409448818897
11
0.9903503149606299
21
1.0383409448818897
0
LINE
8
BLACK
6
CONTINUOUS
10
0.9903503149606299
20
1.0383409448818897
11
0.9844255905511811
21
1.0298770472440946
0
LINE
8
BLACK
6
CONTINUOUS
10
0.9844255905511811
20
1.0298770472440946
11
0.983037874015748
21
1.0289927165354331
0
LINE
8
BLACK
6
CONTINUOUS
10
0.983037874015748
20
1.0289927165354331
11
0.9814312992125984
21
1.0293486614173228
0
LINE
8
BLACK
6
CONTINUOUS
10
0.9814312992125984
20
1.0293486614173228
11
0.980546968503937
21
1.0307363779527559
0
LINE
8
BLACK
6
CONTINUOUS
10
0.980546968503937
20
1.0307363779527559
11
0.9809029133858268
21
1.0323429527559056
0
LINE
8
BLACK
6
CONTINUOUS
10
0.9809029133858268
20
1.0323429527559056
11
0.9853108661417322
21
1.0386400393700788
0
LINE
8
BLACK
6
CONTINUOUS
10
0.9853108661417322
20
1.0386400393700788
11
0.9835788976377953
21
1.039506062992126
0
LINE
8
BLACK
6
CONTINUOUS
10
0.9835788976377953
20
1.039506062992126
11
0.9833470472440945
21
1.0397733464566929
0
LINE
8
BLACK
6
CONTINUOUS
10
0.9833470472440945
20
1.0397733464566929
11
0.9830201574803149
21
1.039908779527559
0
LINE
8
BLACK
6
CONTINUOUS
10
0.9830201574803149
20
1.039908779527559
11
0.9820820866141732
21
1.0408468503937007
0
LINE
8
BLACK
6
CONTINUOUS
10
0.9820820866141732
20
1.0408468503937007
11
0.981946653543307
21
1.0411737401574803
0
LINE
8
BLACK
6
CONTINUOUS
10
0.981946653543307
20
1.0411737401574803
11
0.9816793307086614
21
1.0414056299212597
0
LINE
8
BLACK
6
CONTINUOUS
10
0.9816793307086614
20
1.0414056299212597
11
0.9807412204724409
21
1.0432818503937007
0
LINE
8
BLACK
6
CONTINUOUS
10
0.9807412204724409
20
1.0432818503937007
11
0.980705748031496
21
1.0437809842519685
0
LINE
8
BLACK
6
CONTINUOUS
10
0.980705748031496
20
1.0437809842519685
11
0.9805142519685039
21
1.0442433464566929
0
LINE
8
BLACK
6
CONTINUOUS
10
0.9805142519685039
20
1.0442433464566929
11
0.9805142519685039
21
1.0470575984251969
0
LINE
8
BLACK
6
CONTINUOUS
10
0.9805142519685039
20
1.0470575984251969
11
0.980705748031496
21
1.0475199212598425
0
LINE
8
BLACK
6
CONTINUOUS
10
0.980705748031496
20
1.0475199212598425
11
0.9807412204724409
21
1.0480190944881889
0
LINE
8
BLACK
6
CONTINUOUS
10
0.9807412204724409
20
1.0480190944881889
11
0.9816793307086614
21
1.0498953149606298
0
LINE
8
BLACK
6
CONTINUOUS
10
0.9816793307086614
20
1.0498953149606298
11
0.981946653543307
21
1.0501271653543307
0
LINE
8
BLACK
6
CONTINUOUS
10
0.981946653543307
20
1.0501271653543307
11
0.9820820866141732
21
1.050454094488189
0
LINE
8
BLACK
6
CONTINUOUS
10
0.9820820866141732
20
1.050454094488189
11
0.9830201574803149
21
1.0513921653543308
0
LINE
8
BLACK
6
CONTINUOUS
10
0.9830201574803149
20
1.0513921653543308
11
0.9833470472440945
21
1.0515275590551181
0
LINE
8
BLACK
6
CONTINUOUS
10
0.9833470472440945
20
1.0515275590551181
11
0.9835788976377953
21
1.0517948818897638
0
LINE
8
BLACK
6
CONTINUOUS
10
0.9835788976377953
20
1.0517948818897638
11
0.9854550787401575
21
1.0527329921259843
0
LINE
8
BLACK
6
CONTINUOUS
10
0.9854550787401575
20
1.0527329921259843
11
0.9859542125984252
21
1.0527684645669291
0
LINE
8
BLACK
6
CONTINUOUS
10
0.9859542125984252
20
1.0527684645669291
11
0.9864166141732283
21
1.0529599999999999
0
LINE
8
BLACK
6
CONTINUOUS
10
0.9864166141732283
20
1.0529599999999999
11
0.9939213779527559
21
1.0529599999999999
0
LINE
8
BLACK
6
CONTINUOUS
10
0.9939213779527559
20
1.0529599999999999
11
0.995441653543307
21
1.0523302755905513
0
LINE
8
BLACK
6
CONTINUOUS
10
0.9858139763779528
20
1.0481048818897638
11
0.9853693700787401
21
1.0476602755905511
0
LINE
8
BLACK
6
CONTINUOUS
10
0.9853693700787401
20
1.0476602755905511
11
0.9848142519685039
21
1.0465500393700786
0
LINE
8
BLACK
6
CONTINUOUS
10
0.9848142519685039
20
1.0465500393700786
11
0.9848142519685039
21
1.0447509055118109
0
LINE
8
BLACK
6
CONTINUOUS
10
0.9848142519685039
20
1.0447509055118109
11
0.9853693700787401
21
1.0436406692913385
0
LINE
8
BLACK
6
CONTINUOUS
10
0.9853693700787401
20
1.0436406692913385
11
0.9858139763779528
21
1.0431960236220472
0
LINE
8
BLACK
6
CONTINUOUS
10
0.9858139763779528
20
1.0431960236220472
11
0.9869242125984252
21
1.0426409448818896
0
LINE
8
BLACK
6
CONTINUOUS
10
0.9869242125984252
20
1.0426409448818896
11
0.9917713779527558
21
1.0426409448818896
0
LINE
8
BLACK
6
CONTINUOUS
10
0.9917713779527558
20
1.0426409448818896
11
0.9917713779527558
21
1.0486599999999999
0
LINE
8
BLACK
6
CONTINUOUS
10
0.9917713779527558
20
1.0486599999999999
11
0.9869242125984252
21
1.0486599999999999
0
LINE
8
BLACK
6
CONTINUOUS
10
0.9869242125984252
20
1.0486599999999999
11
0.9858139763779528
21
1.0481048818897638
0
LINE
8
BLACK
6
CONTINUOUS
10
0.9588559842519685
20
1.0523302755905513
11
0.9594857086614172
21
1.05081
0
LINE
8
BLACK
6
CONTINUOUS
10
0.9594857086614172
20
1.05081
11
0.9588559842519685
21
1.0492897244094488
0
LINE
8
BLACK
6
CONTINUOUS
10
0.9588559842519685
20
1.0492897244094488
11
0.9573357086614173
21
1.0486599999999999
0
LINE
8
BLACK
6
CONTINUOUS
10
0.9573357086614173
20
1.0486599999999999
11
0.9474629133858268
21
1.0486599999999999
0
LINE
8
BLACK
6
CONTINUOUS
10
0.9474629133858268
20
1.0486599999999999
11
0.9546213779527559
21
1.0319569291338582
0
LINE
8
BLACK
6
CONTINUOUS
10
0.9546213779527559
20
1.0319569291338582
11
0.9546414566929133
21
1.0303115354330707
0
LINE
8
BLACK
6
CONTINUOUS
10
0.9546414566929133
20
1.0303115354330707
11
0.9534921653543307
21
1.0291338582677165
0
LINE
8
BLACK
6
CONTINUOUS
10
0.9534921653543307
20
1.0291338582677165
11
0.9518467322834645
21
1.0291137795275591
0
LINE
8
BLACK
6
CONTINUOUS
10
0.9518467322834645
20
1.0291137795275591
11
0.9506690551181102
21
1.0302630708661418
0
LINE
8
BLACK
6
CONTINUOUS
10
0.9506690551181102
20
1.0302630708661418
11
0.942226220472441
21
1.0499630708661416
0
LINE
8
BLACK
6
CONTINUOUS
10
0.942226220472441
20
1.0499630708661416
11
0.9422208267716535
21
1.0504032283464566
0
LINE
8
BLACK
6
CONTINUOUS
10
0.9422208267716535
20
1.0504032283464566
11
0.9420523622047244
21
1.05081
0
LINE
8
BLACK
6
CONTINUOUS
10
0.9420523622047244
20
1.05081
11
0.9422111811023622
21
1.0511934645669292
0
LINE
8
BLACK
6
CONTINUOUS
10
0.9422111811023622
20
1.0511934645669292
11
0.9422061417322835
21
1.0516085039370078
0
LINE
8
BLACK
6
CONTINUOUS
10
0.9422061417322835
20
1.0516085039370078
11
0.9425135826771653
21
1.0519235433070866
0
LINE
8
BLACK
6
CONTINUOUS
10
0.9425135826771653
20
1.0519235433070866
11
0.9426820866141732
21
1.0523302755905513
0
LINE
8
BLACK
6
CONTINUOUS
10
0.9426820866141732
20
1.0523302755905513
11
0.9430655511811024
21
1.0524890944881891
0
LINE
8
BLACK
6
CONTINUOUS
10
0.9430655511811024
20
1.0524890944881891
11
0.9433554330708661
21
1.0527861417322835
0
LINE
8
BLACK
6
CONTINUOUS
10
0.9433554330708661
20
1.0527861417322835
11
0.9437955905511811
21
1.052791496062992
0
LINE
8
BLACK
6
CONTINUOUS
10
0.9437955905511811
20
1.052791496062992
11
0.9442023622047244
21
1.0529599999999999
0
LINE
8
BLACK
6
CONTINUOUS
10
0.9442023622047244
20
1.0529599999999999
11
0.9573357086614173
21
1.0529599999999999
0
LINE
8
BLACK
6
CONTINUOUS
10
0.9573357086614173
20
1.0529599999999999
11
0.9588559842519685
21
1.0523302755905513
0
LINE
8
BLACK
6
CONTINUOUS
10
0.4503835039370079
20
1.1128851181102362
11
0.4505127559055118
21
1.1129079133858268
0
LINE
8
BLACK
6
CONTINUOUS
10
0.4505127559055118
20
1.1129079133858268
11
0.4506263385826771
21
1.1128422834645668
0
LINE
8
BLACK
6
CONTINUOUS
10
0.4506263385826771
20
1.1128422834645668
11
0.4510099212598425
21
1.11277468503937
0
LINE
8
BLACK
6
CONTINUOUS
10
0.4510099212598425
20
1.11277468503937
11
0.4515975984251969
21
1.1122815354330708
0
LINE
8
BLACK
6
CONTINUOUS
10
0.4515975984251969
20
1.1122815354330708
11
0.4522619291338583
21
1.1118979921259842
0
LINE
8
BLACK
6
CONTINUOUS
10
0.4522619291338583
20
1.1118979921259842
11
0.452353031496063
21
1.1116476377952755
0
LINE
8
BLACK
6
CONTINUOUS
10
0.452353031496063
20
1.1116476377952755
11
0.4525571653543307
21
1.1114763779527559
0
LINE
8
BLACK
6
CONTINUOUS
10
0.4525571653543307
20
1.1114763779527559
11
0.4526903937007874
21
1.1107207874015748
0
LINE
8
BLACK
6
CONTINUOUS
10
0.4526903937007874
20
1.1107207874015748
11
0.4529527559055118
21
1.1099999999999999
0
LINE
8
BLACK
6
CONTINUOUS
10
0.4529527559055118
20
1.1099999999999999
11
0.4529527559055118
21
1.0576196456692912
0
LINE
8
BLACK
6
CONTINUOUS
10
0.4529527559055118
20
1.0576196456692912
11
0.4532303543307086
21
1.0577533464566928
0
LINE
8
BLACK
6
CONTINUOUS
10
0.4532303543307086
20
1.0577533464566928
11
0.4567696456692913
21
1.0577533464566928
0
LINE
8
BLACK
6
CONTINUOUS
10
0.4567696456692913
20
1.0577533464566928
11
0.4599584645669291
21
1.0562177165354329
0
LINE
8
BLACK
6
CONTINUOUS
10
0.4599584645669291
20
1.0562177165354329
11
0.4621651968503937
21
1.0534505905511811
0
LINE
8
BLACK
6
CONTINUOUS
10
0.4621651968503937
20
1.0534505905511811
11
0.4629527559055118
21
1.05
0
LINE
8
BLACK
6
CONTINUOUS
10
0.4629527559055118
20
1.05
11
0.4621651968503937
21
1.0465494094488188
0
LINE
8
BLACK
6
CONTINUOUS
10
0.4621651968503937
20
1.0465494094488188
11
0.4599584645669291
21
1.0437822834645669
0
LINE
8
BLACK
6
CONTINUOUS
10
0.4599584645669291
20
1.0437822834645669
11
0.4567696456692913
21
1.042246653543307
0
LINE
8
BLACK
6
CONTINUOUS
10
0.4567696456692913
20
1.042246653543307
11
0.4532303543307086
21
1.042246653543307
0
LINE
8
BLACK
6
CONTINUOUS
10
0.4532303543307086
20
1.042246653543307
11
0.4500415354330708
21
1.0437822834645669
0
LINE
8
BLACK
6
CONTINUOUS
10
0.4500415354330708
20
1.0437822834645669
11
0.4478348031496063
21
1.0465494094488188
0
LINE
8
BLACK
6
CONTINUOUS
10
0.4478348031496063
20
1.0465494094488188
11
0.4477211811023622
21
1.0470472440944882
0
LINE
8
BLACK
6
CONTINUOUS
10
0.4477211811023622
20
1.0470472440944882
11
0.41
21
1.0470472440944882
0
LINE
8
BLACK
6
CONTINUOUS
10
0.41
20
1.0470472440944882
11
0.4089900787401575
21
1.0472253149606299
0
LINE
8
BLACK
6
CONTINUOUS
10
0.4089900787401575
20
1.0472253149606299
11
0.4074428346456693
21
1.048523622047244
0
LINE
8
BLACK
6
CONTINUOUS
10
0.4074428346456693
20
1.048523622047244
11
0.4070920866141732
21
1.0505127559055119
0
LINE
8
BLACK
6
CONTINUOUS
10
0.4070920866141732
20
1.0505127559055119
11
0.4081020078740157
21
1.0522619291338582
0
LINE
8
BLACK
6
CONTINUOUS
10
0.4081020078740157
20
1.0522619291338582
11
0.41
21
1.0529527559055119
0
LINE
8
BLACK
6
CONTINUOUS
10
0.41
20
1.0529527559055119
11
0.4470472440944882
21
1.0529527559055119
0
LINE
8
BLACK
6
CONTINUOUS
10
0.4470472440944882
20
1.0529527559055119
11
0.4470472440944882
21
1.1070472440944881
0
LINE
8
BLACK
6
CONTINUOUS
10
0.4470472440944882
20
1.1070472440944881
11
0.41
21
1.1070472440944881
0
LINE
8
BLACK
6
CONTINUOUS
10
0.41
20
1.1070472440944881
11
0.4089900787401575
21
1.1072253149606299
0
LINE
8
BLACK
6
CONTINUOUS
10
0.4089900787401575
20
1.1072253149606299
11
0.4074428346456693
21
1.1085236220472441
0
LINE
8
BLACK
6
CONTINUOUS
10
0.4074428346456693
20
1.1085236220472441
11
0.4070920866141732
21
1.1105127559055117
0
LINE
8
BLACK
6
CONTINUOUS
10
0.4070920866141732
20
1.1105127559055117
11
0.4081020078740157
21
1.1122619291338582
0
LINE
8
BLACK
6
CONTINUOUS
10
0.4081020078740157
20
1.1122619291338582
11
0.41
21
1.1129527559055117
0
LINE
8
BLACK
6
CONTINUOUS
10
0.41
20
1.1129527559055117
11
0.45
21
1.1129527559055117
0
LINE
8
BLACK
6
CONTINUOUS
10
0.45
20
1.1129527559055117
11
0.4503835039370079
21
1.1128851181102362
0
LINE
8
BLACK
6
CONTINUOUS
10
0.4534331102362205
20
1.0515668897637795
11
0.4529527559055118
21
1.0504071653543308
0
LINE
8
BLACK
6
CONTINUOUS
10
0.4529527559055118
20
1.0504071653543308
11
0.4529527559055118
21
1.05
0
LINE
8
BLACK
6
CONTINUOUS
10
0.4529527559055118
20
1.05
11
0.4529023622047244
21
1.0497143700787401
0
LINE
8
BLACK
6
CONTINUOUS
10
0.4529023622047244
20
1.0497143700787401
11
0.4534331102362205
21
1.0484331102362205
0
LINE
8
BLACK
6
CONTINUOUS
10
0.4534331102362205
20
1.0484331102362205
11
0.455
21
1.0477840944881889
0
LINE
8
BLACK
6
CONTINUOUS
10
0.455
20
1.0477840944881889
11
0.4565668897637795
21
1.0484331102362205
0
LINE
8
BLACK
6
CONTINUOUS
10
0.4565668897637795
20
1.0484331102362205
11
0.457215905511811
21
1.05
0
LINE
8
BLACK
6
CONTINUOUS
10
0.457215905511811
20
1.05
11
0.4565668897637795
21
1.0515668897637795
0
LINE
8
BLACK
6
CONTINUOUS
10
0.4565668897637795
20
1.0515668897637795
11
0.455
21
1.052215905511811
0
LINE
8
BLACK
6
CONTINUOUS
10
0.455
20
1.052215905511811
11
0.4534331102362205
21
1.0515668897637795
0
LINE
8
BLACK
6
CONTINUOUS
10
0.3710099212598425
20
1.11277468503937
11
0.3725571653543307
21
1.1114763779527559
0
LINE
8
BLACK
6
CONTINUOUS
10
0.3725571653543307
20
1.1114763779527559
11
0.3729079133858267
21
1.1094872440944881
0
LINE
8
BLACK
6
CONTINUOUS
10
0.3729079133858267
20
1.1094872440944881
11
0.3718979921259842
21
1.1077380708661417
0
LINE
8
BLACK
6
CONTINUOUS
10
0.3718979921259842
20
1.1077380708661417
11
0.37
21
1.1070472440944881
0
LINE
8
BLACK
6
CONTINUOUS
10
0.37
20
1.1070472440944881
11
0.3329527559055118
21
1.1070472440944881
0
LINE
8
BLACK
6
CONTINUOUS
10
0.3329527559055118
20
1.1070472440944881
11
0.3329527559055118
21
1.0529527559055119
0
LINE
8
BLACK
6
CONTINUOUS
10
0.3329527559055118
20
1.0529527559055119
11
0.37
21
1.0529527559055119
0
LINE
8
BLACK
6
CONTINUOUS
10
0.37
20
1.0529527559055119
11
0.3710099212598425
21
1.05277468503937
0
LINE
8
BLACK
6
CONTINUOUS
10
0.3710099212598425
20
1.05277468503937
11
0.3725571653543307
21
1.0514763779527558
0
LINE
8
BLACK
6
CONTINUOUS
10
0.3725571653543307
20
1.0514763779527558
11
0.3729079133858267
21
1.0494872440944882
0
LINE
8
BLACK
6
CONTINUOUS
10
0.3729079133858267
20
1.0494872440944882
11
0.3718979921259842
21
1.0477380708661417
0
LINE
8
BLACK
6
CONTINUOUS
10
0.3718979921259842
20
1.0477380708661417
11
0.37
21
1.0470472440944882
0
LINE
8
BLACK
6
CONTINUOUS
10
0.37
20
1.0470472440944882
11
0.33
21
1.0470472440944882
0
LINE
8
BLACK
6
CONTINUOUS
10
0.33
20
1.0470472440944882
11
0.3296164566929134
21
1.047114842519685
0
LINE
8
BLACK
6
CONTINUOUS
10
0.3296164566929134
20
1.047114842519685
11
0.3294872440944882
21
1.0470920866141733
0
LINE
8
BLACK
6
CONTINUOUS
10
0.3294872440944882
20
1.0470920866141733
11
0.3293736220472441
21
1.0471576771653544
0
LINE
8
BLACK
6
CONTINUOUS
10
0.3293736220472441
20
1.0471576771653544
11
0.3289900787401575
21
1.0472253149606299
0
LINE
8
BLACK
6
CONTINUOUS
10
0.3289900787401575
20
1.0472253149606299
11
0.3284023622047244
21
1.0477184251968503
0
LINE
8
BLACK
6
CONTINUOUS
10
0.3284023622047244
20
1.0477184251968503
11
0.3277380708661417
21
1.0481020078740158
0
LINE
8
BLACK
6
CONTINUOUS
10
0.3277380708661417
20
1.0481020078740158
11
0.3276469291338582
21
1.0483523228346456
0
LINE
8
BLACK
6
CONTINUOUS
10
0.3276469291338582
20
1.0483523228346456
11
0.3274428346456693
21
1.048523622047244
0
LINE
8
BLACK
6
CONTINUOUS
10
0.3274428346456693
20
1.048523622047244
11
0.3273095669291339
21
1.0492791732283464
0
LINE
8
BLACK
6
CONTINUOUS
10
0.3273095669291339
20
1.0492791732283464
11
0.3270472440944882
21
1.05
0
LINE
8
BLACK
6
CONTINUOUS
10
0.3270472440944882
20
1.05
11
0.3270472440944882
21
1.1099999999999999
0
LINE
8
BLACK
6
CONTINUOUS
10
0.3270472440944882
20
1.1099999999999999
11
0.327114842519685
21
1.1103835039370078
0
LINE
8
BLACK
6
CONTINUOUS
10
0.327114842519685
20
1.1103835039370078
11
0.3270920866141732
21
1.1105127559055117
0
LINE
8
BLACK
6
CONTINUOUS
10
0.3270920866141732
20
1.1105127559055117
11
0.3271576771653543
21
1.1106263385826771
0
LINE
8
BLACK
6
CONTINUOUS
10
0.3271576771653543
20
1.1106263385826771
11
0.3272253149606299
21
1.1110099212598425
0
LINE
8
BLACK
6
CONTINUOUS
10
0.3272253149606299
20
1.1110099212598425
11
0.3277184251968504
21
1.1115975984251969
0
LINE
8
BLACK
6
CONTINUOUS
10
0.3277184251968504
20
1.1115975984251969
11
0.3281020078740157
21
1.1122619291338582
0
LINE
8
BLACK
6
CONTINUOUS
10
0.3281020078740157
20
1.1122619291338582
11
0.3283523228346457
21
1.112353031496063
0
LINE
8
BLACK
6
CONTINUOUS
10
0.3283523228346457
20
1.112353031496063
11
0.3285236220472441
21
1.1125571653543307
0
LINE
8
BLACK
6
CONTINUOUS
10
0.3285236220472441
20
1.1125571653543307
11
0.3292791732283464
21
1.1126903937007875
0
LINE
8
BLACK
6
CONTINUOUS
10
0.3292791732283464
20
1.1126903937007875
11
0.33
21
1.1129527559055117
0
LINE
8
BLACK
6
CONTINUOUS
10
0.33
20
1.1129527559055117
11
0.37
21
1.1129527559055117
0
LINE
8
BLACK
6
CONTINUOUS
10
0.37
20
1.1129527559055117
11
0.3710099212598425
21
1.11277468503937
0
LINE
8
BLACK
6
CONTINUOUS
10
0.3898035826771654
20
1.0773302755905512
11
0.3904333070866142
21
1.0758099999999999
0
LINE
8
BLACK
6
CONTINUOUS
10
0.3904333070866142
20
1.0758099999999999
11
0.3904333070866142
21
1.0561099999999999
0
LINE
8
BLACK
6
CONTINUOUS
10
0.3904333070866142
20
1.0561099999999999
11
0.3898035826771654
21
1.0545897244094489
0
LINE
8
BLACK
6
CONTINUOUS
10
0.3898035826771654
20
1.0545897244094489
11
0.3882833070866142
21
1.05396
0
LINE
8
BLACK
6
CONTINUOUS
10
0.3882833070866142
20
1.05396
11
0.386763031496063
21
1.0545897244094489
0
LINE
8
BLACK
6
CONTINUOUS
10
0.386763031496063
20
1.0545897244094489
11
0.3861333070866141
21
1.0561099999999999
0
LINE
8
BLACK
6
CONTINUOUS
10
0.3861333070866141
20
1.0561099999999999
11
0.3861333070866141
21
1.0596663385826772
0
LINE
8
BLACK
6
CONTINUOUS
10
0.3861333070866141
20
1.0596663385826772
11
0.3824985433070866
21
1.0548199999999999
0
LINE
8
BLACK
6
CONTINUOUS
10
0.3824985433070866
20
1.0548199999999999
11
0.3810825984251968
21
1.0539816141732283
0
LINE
8
BLACK
6
CONTINUOUS
10
0.3810825984251968
20
1.0539816141732283
11
0.3794885433070866
21
1.0543899999999999
0
LINE
8
BLACK
6
CONTINUOUS
10
0.3794885433070866
20
1.0543899999999999
11
0.3786501574803149
21
1.0558059448818897
0
LINE
8
BLACK
6
CONTINUOUS
10
0.3786501574803149
20
1.0558059448818897
11
0.3790585433070866
21
1.0573999999999999
0
LINE
8
BLACK
6
CONTINUOUS
10
0.3790585433070866
20
1.0573999999999999
11
0.3835683070866142
21
1.0634129921259843
0
LINE
8
BLACK
6
CONTINUOUS
10
0.3835683070866142
20
1.0634129921259843
11
0.3792582677165354
21
1.0677230708661416
0
LINE
8
BLACK
6
CONTINUOUS
10
0.3792582677165354
20
1.0677230708661416
11
0.3786285433070866
21
1.0692433464566928
0
LINE
8
BLACK
6
CONTINUOUS
10
0.3786285433070866
20
1.0692433464566928
11
0.3792582677165354
21
1.0707636220472441
0
LINE
8
BLACK
6
CONTINUOUS
10
0.3792582677165354
20
1.0707636220472441
11
0.3807785433070866
21
1.0713933464566929
0
LINE
8
BLACK
6
CONTINUOUS
10
0.3807785433070866
20
1.0713933464566929
11
0.3822988188976378
21
1.0707636220472441
0
LINE
8
BLACK
6
CONTINUOUS
10
0.3822988188976378
20
1.0707636220472441
11
0.3861333070866141
21
1.0669291338582676
0
LINE
8
BLACK
6
CONTINUOUS
10
0.3861333070866141
20
1.0669291338582676
11
0.3861333070866141
21
1.0758099999999999
0
LINE
8
BLACK
6
CONTINUOUS
10
0.3861333070866141
20
1.0758099999999999
11
0.386763031496063
21
1.0773302755905512
0
LINE
8
BLACK
6
CONTINUOUS
10
0.386763031496063
20
1.0773302755905512
11
0.3882833070866142
21
1.07796
0
LINE
8
BLACK
6
CONTINUOUS
10
0.3882833070866142
20
1.07796
11
0.3898035826771654
21
1.0773302755905512
0
LINE
8
BLACK
6
CONTINUOUS
10
0.4042543307086614
20
1.0786711417322834
11
0.4053325196850394
21
1.0774279921259842
0
LINE
8
BLACK
6
CONTINUOUS
10
0.4053325196850394
20
1.0774279921259842
11
0.4100229527559055
21
1.0633565748031495
0
LINE
8
BLACK
6
CONTINUOUS
10
0.4100229527559055
20
1.0633565748031495
11
0.4099978346456693
21
1.0630036220472441
0
LINE
8
BLACK
6
CONTINUOUS
10
0.4099978346456693
20
1.0630036220472441
11
0.4101333070866142
21
1.062676653543307
0
LINE
8
BLACK
6
CONTINUOUS
10
0.4101333070866142
20
1.062676653543307
11
0.4099417322834645
21
1.0622142125984251
0
LINE
8
BLACK
6
CONTINUOUS
10
0.4099417322834645
20
1.0622142125984251
11
0.4099062992125984
21
1.061715157480315
0
LINE
8
BLACK
6
CONTINUOUS
10
0.4099062992125984
20
1.061715157480315
11
0.4096390157480315
21
1.0614833070866141
0
LINE
8
BLACK
6
CONTINUOUS
10
0.4096390157480315
20
1.0614833070866141
11
0.4095035826771654
21
1.061156377952756
0
LINE
8
BLACK
6
CONTINUOUS
10
0.4095035826771654
20
1.061156377952756
11
0.4090411811023622
21
1.0609648425196849
0
LINE
8
BLACK
6
CONTINUOUS
10
0.4090411811023622
20
1.0609648425196849
11
0.4086631889763779
21
1.0606370078740157
0
LINE
8
BLACK
6
CONTINUOUS
10
0.4086631889763779
20
1.0606370078740157
11
0.4083102755905512
21
1.0606620866141732
0
LINE
8
BLACK
6
CONTINUOUS
10
0.4083102755905512
20
1.0606620866141732
11
0.4079833070866142
21
1.0605266535433071
0
LINE
8
BLACK
6
CONTINUOUS
10
0.4079833070866142
20
1.0605266535433071
11
0.4007523622047244
21
1.0605266535433071
0
LINE
8
BLACK
6
CONTINUOUS
10
0.4007523622047244
20
1.0605266535433071
11
0.4007523622047244
21
1.0561099999999999
0
LINE
8
BLACK
6
CONTINUOUS
10
0.4007523622047244
20
1.0561099999999999
11
0.4001226377952756
21
1.0545897244094489
0
LINE
8
BLACK
6
CONTINUOUS
10
0.4001226377952756
20
1.0545897244094489
11
0.3986023622047244
21
1.05396
0
LINE
8
BLACK
6
CONTINUOUS
10
0.3986023622047244
20
1.05396
11
0.3970820866141732
21
1.0545897244094489
0
LINE
8
BLACK
6
CONTINUOUS
10
0.3970820866141732
20
1.0545897244094489
11
0.3964523622047244
21
1.0561099999999999
0
LINE
8
BLACK
6
CONTINUOUS
10
0.3964523622047244
20
1.0561099999999999
11
0.3964523622047244
21
1.0605266535433071
0
LINE
8
BLACK
6
CONTINUOUS
10
0.3964523622047244
20
1.0605266535433071
11
0.3957880708661417
21
1.0605266535433071
0
LINE
8
BLACK
6
CONTINUOUS
10
0.3957880708661417
20
1.0605266535433071
11
0.3942677952755905
21
1.061156377952756
0
LINE
8
BLACK
6
CONTINUOUS
10
0.3942677952755905
20
1.061156377952756
11
0.3936380708661417
21
1.062676653543307
0
LINE
8
BLACK
6
CONTINUOUS
10
0.3936380708661417
20
1.062676653543307
11
0.3942677952755905
21
1.0641969291338582
0
LINE
8
BLACK
6
CONTINUOUS
10
0.3942677952755905
20
1.0641969291338582
11
0.3957880708661417
21
1.0648266535433071
0
LINE
8
BLACK
6
CONTINUOUS
10
0.3957880708661417
20
1.0648266535433071
11
0.3964523622047244
21
1.0648266535433071
0
LINE
8
BLACK
6
CONTINUOUS
10
0.3964523622047244
20
1.0648266535433071
11
0.3964523622047244
21
1.0692433464566928
0
LINE
8
BLACK
6
CONTINUOUS
10
0.3964523622047244
20
1.0692433464566928
11
0.3970820866141732
21
1.0707636220472441
0
LINE
8
BLACK
6
CONTINUOUS
10
0.3970820866141732
20
1.0707636220472441
11
0.3986023622047244
21
1.0713933464566929
0
LINE
8
BLACK
6
CONTINUOUS
10
0.3986023622047244
20
1.0713933464566929
11
0.4001226377952756
21
1.0707636220472441
0
LINE
8
BLACK
6
CONTINUOUS
10
0.4001226377952756
20
1.0707636220472441
11
0.4007523622047244
21
1.0692433464566928
0
LINE
8
BLACK
6
CONTINUOUS
10
0.4007523622047244
20
1.0692433464566928
11
0.4007523622047244
21
1.0648266535433071
0
LINE
8
BLACK
6
CONTINUOUS
10
0.4007523622047244
20
1.0648266535433071
11
0.4050003149606299
21
1.0648266535433071
0
LINE
8
BLACK
6
CONTINUOUS
10
0.4050003149606299
20
1.0648266535433071
11
0.4012531496062992
21
1.0760682283464567
0
LINE
8
BLACK
6
CONTINUOUS
10
0.4012531496062992
20
1.0760682283464567
11
0.4013698031496063
21
1.0777096062992126
0
LINE
8
BLACK
6
CONTINUOUS
10
0.4013698031496063
20
1.0777096062992126
11
0.4026129527559055
21
1.0787877952755904
0
LINE
8
BLACK
6
CONTINUOUS
10
0.4026129527559055
20
1.0787877952755904
11
0.4042543307086614
21
1.0786711417322834
0
LINE
8
BLACK
6
CONTINUOUS
10
0.3757321653543307
20
1.0773302755905512
11
0.3763618897637795
21
1.0758099999999999
0
LINE
8
BLACK
6
CONTINUOUS
10
0.3763618897637795
20
1.0758099999999999
11
0.3757321653543307
21
1.0742897244094487
0
LINE
8
BLACK
6
CONTINUOUS
10
0.3757321653543307
20
1.0742897244094487
11
0.3742118897637795
21
1.0736600000000001
0
LINE
8
BLACK
6
CONTINUOUS
10
0.3742118897637795
20
1.0736600000000001
11
0.364339094488189
21
1.0736600000000001
0
LINE
8
BLACK
6
CONTINUOUS
10
0.364339094488189
20
1.0736600000000001
11
0.3714975590551181
21
1.0569569291338583
0
LINE
8
BLACK
6
CONTINUOUS
10
0.3714975590551181
20
1.0569569291338583
11
0.3715176377952756
21
1.0553115354330709
0
LINE
8
BLACK
6
CONTINUOUS
10
0.3715176377952756
20
1.0553115354330709
11
0.3703683464566929
21
1.0541338582677164
0
LINE
8
BLACK
6
CONTINUOUS
10
0.3703683464566929
20
1.0541338582677164
11
0.3687229133858267
21
1.054113779527559
0
LINE
8
BLACK
6
CONTINUOUS
10
0.3687229133858267
20
1.054113779527559
11
0.3675452362204724
21
1.0552630708661417
0
LINE
8
BLACK
6
CONTINUOUS
10
0.3675452362204724
20
1.0552630708661417
11
0.3591024015748032
21
1.0749630708661417
0
LINE
8
BLACK
6
CONTINUOUS
10
0.3591024015748032
20
1.0749630708661417
11
0.3590970078740157
21
1.0754032283464567
0
LINE
8
BLACK
6
CONTINUOUS
10
0.3590970078740157
20
1.0754032283464567
11
0.3589285433070866
21
1.0758099999999999
0
LINE
8
BLACK
6
CONTINUOUS
10
0.3589285433070866
20
1.0758099999999999
11
0.3590873622047244
21
1.0761934645669291
0
LINE
8
BLACK
6
CONTINUOUS
10
0.3590873622047244
20
1.0761934645669291
11
0.3590823228346456
21
1.0766085039370079
0
LINE
8
BLACK
6
CONTINUOUS
10
0.3590823228346456
20
1.0766085039370079
11
0.3593897637795275
21
1.0769235433070865
0
LINE
8
BLACK
6
CONTINUOUS
10
0.3593897637795275
20
1.0769235433070865
11
0.3595582677165354
21
1.0773302755905512
0
LINE
8
BLACK
6
CONTINUOUS
10
0.3595582677165354
20
1.0773302755905512
11
0.3599417322834645
21
1.077489094488189
0
LINE
8
BLACK
6
CONTINUOUS
10
0.3599417322834645
20
1.077489094488189
11
0.3602316141732284
21
1.0777861417322834
0
LINE
8
BLACK
6
CONTINUOUS
10
0.3602316141732284
20
1.0777861417322834
11
0.3606717716535433
21
1.0777914960629922
0
LINE
8
BLACK
6
CONTINUOUS
10
0.3606717716535433
20
1.0777914960629922
11
0.3610785433070866
21
1.07796
0
LINE
8
BLACK
6
CONTINUOUS
10
0.3610785433070866
20
1.07796
11
0.3742118897637795
21
1.07796
0
LINE
8
BLACK
6
CONTINUOUS
10
0.3742118897637795
20
1.07796
11
0.3757321653543307
21
1.0773302755905512
0
LINE
8
BLACK
6
CONTINUOUS
10
0.9610416929133858
20
1.0798302755905511
11
0.9616714173228347
21
1.0783099999999999
0
LINE
8
BLACK
6
CONTINUOUS
10
0.9616714173228347
20
1.0783099999999999
11
0.9616714173228347
21
1.0586100000000001
0
LINE
8
BLACK
6
CONTINUOUS
10
0.9616714173228347
20
1.0586100000000001
11
0.9610416929133858
21
1.0570897244094488
0
LINE
8
BLACK
6
CONTINUOUS
10
0.9610416929133858
20
1.0570897244094488
11
0.9595214173228346
21
1.05646
0
LINE
8
BLACK
6
CONTINUOUS
10
0.9595214173228346
20
1.05646
11
0.9580011417322835
21
1.0570897244094488
0
LINE
8
BLACK
6
CONTINUOUS
10
0.9580011417322835
20
1.0570897244094488
11
0.9573714173228346
21
1.0586100000000001
0
LINE
8
BLACK
6
CONTINUOUS
10
0.9573714173228346
20
1.0586100000000001
11
0.9573714173228346
21
1.0621663385826772
0
LINE
8
BLACK
6
CONTINUOUS
10
0.9573714173228346
20
1.0621663385826772
11
0.9537366535433071
21
1.05732
0
LINE
8
BLACK
6
CONTINUOUS
10
0.9537366535433071
20
1.05732
11
0.9523207086614173
21
1.0564816141732283
0
LINE
8
BLACK
6
CONTINUOUS
10
0.9523207086614173
20
1.0564816141732283
11
0.9507266535433071
21
1.0568899999999999
0
LINE
8
BLACK
6
CONTINUOUS
10
0.9507266535433071
20
1.0568899999999999
11
0.9498882677165355
21
1.0583059448818897
0
LINE
8
BLACK
6
CONTINUOUS
10
0.9498882677165355
20
1.0583059448818897
11
0.9502966535433071
21
1.0599000000000001
0
LINE
8
BLACK
6
CONTINUOUS
10
0.9502966535433071
20
1.0599000000000001
11
0.9548064173228347
21
1.0659129921259842
0
LINE
8
BLACK
6
CONTINUOUS
10
0.9548064173228347
20
1.0659129921259842
11
0.9504963779527559
21
1.0702230708661418
0
LINE
8
BLACK
6
CONTINUOUS
10
0.9504963779527559
20
1.0702230708661418
11
0.949866653543307
21
1.0717433464566928
0
LINE
8
BLACK
6
CONTINUOUS
10
0.949866653543307
20
1.0717433464566928
11
0.9504963779527559
21
1.073263622047244
0
LINE
8
BLACK
6
CONTINUOUS
10
0.9504963779527559
20
1.073263622047244
11
0.9520166535433071
21
1.0738933464566929
0
LINE
8
BLACK
6
CONTINUOUS
10
0.9520166535433071
20
1.0738933464566929
11
0.9535369291338582
21
1.073263622047244
0
LINE
8
BLACK
6
CONTINUOUS
10
0.9535369291338582
20
1.073263622047244
11
0.9573714173228346
21
1.0694291338582678
0
LINE
8
BLACK
6
CONTINUOUS
10
0.9573714173228346
20
1.0694291338582678
11
0.9573714173228346
21
1.0783099999999999
0
LINE
8
BLACK
6
CONTINUOUS
10
0.9573714173228346
20
1.0783099999999999
11
0.9580011417322835
21
1.0798302755905511
0
LINE
8
BLACK
6
CONTINUOUS
10
0.9580011417322835
20
1.0798302755905511
11
0.9595214173228346
21
1.08046
0
LINE
8
BLACK
6
CONTINUOUS
10
0.9595214173228346
20
1.08046
11
0.9610416929133858
21
1.0798302755905511
0
LINE
8
BLACK
6
CONTINUOUS
10
0.9749933070866141
20
1.0802684645669292
11
0.9754924803149606
21
1.0802329921259843
0
LINE
8
BLACK
6
CONTINUOUS
10
0.9754924803149606
20
1.0802329921259843
11
0.9773686614173228
21
1.0792949212598424
0
LINE
8
BLACK
6
CONTINUOUS
10
0.9773686614173228
20
1.0792949212598424
11
0.9776004724409448
21
1.0790275590551182
0
LINE
8
BLACK
6
CONTINUOUS
10
0.9776004724409448
20
1.0790275590551182
11
0.9779273622047244
21
1.0788922047244094
0
LINE
8
BLACK
6
CONTINUOUS
10
0.9779273622047244
20
1.0788922047244094
11
0.9788654724409449
21
1.0779541338582677
0
LINE
8
BLACK
6
CONTINUOUS
10
0.9788654724409449
20
1.0779541338582677
11
0.9790008661417322
21
1.0776271653543308
0
LINE
8
BLACK
6
CONTINUOUS
10
0.9790008661417322
20
1.0776271653543308
11
0.9792682677165354
21
1.0773953149606299
0
LINE
8
BLACK
6
CONTINUOUS
10
0.9792682677165354
20
1.0773953149606299
11
0.9802063385826771
21
1.0755190551181102
0
LINE
8
BLACK
6
CONTINUOUS
10
0.9802063385826771
20
1.0755190551181102
11
0.9802236220472441
21
1.07527531496063
0
LINE
8
BLACK
6
CONTINUOUS
10
0.9802236220472441
20
1.07527531496063
11
0.980369094488189
21
1.0750790551181102
0
LINE
8
BLACK
6
CONTINUOUS
10
0.980369094488189
20
1.0750790551181102
11
0.9813072047244095
21
1.0713267322834645
0
LINE
8
BLACK
6
CONTINUOUS
10
0.9813072047244095
20
1.0713267322834645
11
0.9812670866141732
21
1.0710570866141733
0
LINE
8
BLACK
6
CONTINUOUS
10
0.9812670866141732
20
1.0710570866141733
11
0.9813714173228346
21
1.0708052362204725
0
LINE
8
BLACK
6
CONTINUOUS
10
0.9813714173228346
20
1.0708052362204725
11
0.9813714173228346
21
1.0661147637795276
0
LINE
8
BLACK
6
CONTINUOUS
10
0.9813714173228346
20
1.0661147637795276
11
0.9812670866141732
21
1.0658628740157481
0
LINE
8
BLACK
6
CONTINUOUS
10
0.9812670866141732
20
1.0658628740157481
11
0.9813072047244095
21
1.0655933070866141
0
LINE
8
BLACK
6
CONTINUOUS
10
0.9813072047244095
20
1.0655933070866141
11
0.980369094488189
21
1.061840905511811
0
LINE
8
BLACK
6
CONTINUOUS
10
0.980369094488189
20
1.061840905511811
11
0.9802236220472441
21
1.0616446062992126
0
LINE
8
BLACK
6
CONTINUOUS
10
0.9802236220472441
20
1.0616446062992126
11
0.9802063385826771
21
1.0614008661417322
0
LINE
8
BLACK
6
CONTINUOUS
10
0.9802063385826771
20
1.0614008661417322
11
0.9792682677165354
21
1.05952468503937
0
LINE
8
BLACK
6
CONTINUOUS
10
0.9792682677165354
20
1.05952468503937
11
0.9790008661417322
21
1.0592927952755906
0
LINE
8
BLACK
6
CONTINUOUS
10
0.9790008661417322
20
1.0592927952755906
11
0.9788654724409449
21
1.0589658661417323
0
LINE
8
BLACK
6
CONTINUOUS
10
0.9788654724409449
20
1.0589658661417323
11
0.9779273622047244
21
1.0580277952755905
0
LINE
8
BLACK
6
CONTINUOUS
10
0.9779273622047244
20
1.0580277952755905
11
0.9776004724409448
21
1.057892401574803
0
LINE
8
BLACK
6
CONTINUOUS
10
0.9776004724409448
20
1.057892401574803
11
0.9773686614173228
21
1.0576250787401575
0
LINE
8
BLACK
6
CONTINUOUS
10
0.9773686614173228
20
1.0576250787401575
11
0.9754924803149606
21
1.0566870078740158
0
LINE
8
BLACK
6
CONTINUOUS
10
0.9754924803149606
20
1.0566870078740158
11
0.9749933070866141
21
1.056651496062992
0
LINE
8
BLACK
6
CONTINUOUS
10
0.9749933070866141
20
1.056651496062992
11
0.9745309448818897
21
1.05646
0
LINE
8
BLACK
6
CONTINUOUS
10
0.9745309448818897
20
1.05646
11
0.9726547637795275
21
1.05646
0
LINE
8
BLACK
6
CONTINUOUS
10
0.9726547637795275
20
1.05646
11
0.9721924015748031
21
1.056651496062992
0
LINE
8
BLACK
6
CONTINUOUS
10
0.9721924015748031
20
1.056651496062992
11
0.9716932677165354
21
1.0566869685039371
0
LINE
8
BLACK
6
CONTINUOUS
10
0.9716932677165354
20
1.0566869685039371
11
0.9698170472440945
21
1.0576250787401575
0
LINE
8
BLACK
6
CONTINUOUS
10
0.9698170472440945
20
1.0576250787401575
11
0.9695851574803149
21
1.057892401574803
0
LINE
8
BLACK
6
CONTINUOUS
10
0.9695851574803149
20
1.057892401574803
11
0.9692582677165354
21
1.0580278346456693
0
LINE
8
BLACK
6
CONTINUOUS
10
0.9692582677165354
20
1.0580278346456693
11
0.9683201968503937
21
1.058965905511811
0
LINE
8
BLACK
6
CONTINUOUS
10
0.9683201968503937
20
1.058965905511811
11
0.9681847637795276
21
1.0592927559055119
0
LINE
8
BLACK
6
CONTINUOUS
10
0.9681847637795276
20
1.0592927559055119
11
0.9679174409448819
21
1.0595246456692913
0
LINE
8
BLACK
6
CONTINUOUS
10
0.9679174409448819
20
1.0595246456692913
11
0.9669793700787401
21
1.0614008267716535
0
LINE
8
BLACK
6
CONTINUOUS
10
0.9669793700787401
20
1.0614008267716535
11
0.9669620078740158
21
1.0616445275590551
0
LINE
8
BLACK
6
CONTINUOUS
10
0.9669620078740158
20
1.0616445275590551
11
0.9668165354330709
21
1.0618409448818897
0
LINE
8
BLACK
6
CONTINUOUS
10
0.9668165354330709
20
1.0618409448818897
11
0.9658784645669292
21
1.0655933464566929
0
LINE
8
BLACK
6
CONTINUOUS
10
0.9658784645669292
20
1.0655933464566929
11
0.9659185826771653
21
1.0658629527559056
0
LINE
8
BLACK
6
CONTINUOUS
10
0.9659185826771653
20
1.0658629527559056
11
0.9658142913385827
21
1.0661147637795276
0
LINE
8
BLACK
6
CONTINUOUS
10
0.9658142913385827
20
1.0661147637795276
11
0.9658142913385827
21
1.0708052362204725
0
LINE
8
BLACK
6
CONTINUOUS
10
0.9658142913385827
20
1.0708052362204725
11
0.9659185826771653
21
1.0710570472440946
0
LINE
8
BLACK
6
CONTINUOUS
10
0.9659185826771653
20
1.0710570472440946
11
0.9658784645669292
21
1.0713266929133858
0
LINE
8
BLACK
6
CONTINUOUS
10
0.9658784645669292
20
1.0713266929133858
11
0.9668165354330709
21
1.0750790157480314
0
LINE
8
BLACK
6
CONTINUOUS
10
0.9668165354330709
20
1.0750790157480314
11
0.9669620078740158
21
1.0752753543307085
0
LINE
8
BLACK
6
CONTINUOUS
10
0.9669620078740158
20
1.0752753543307085
11
0.9669793307086614
21
1.0755190944881889
0
LINE
8
BLACK
6
CONTINUOUS
10
0.9669793307086614
20
1.0755190944881889
11
0.9679174409448819
21
1.0773953149606299
0
LINE
8
BLACK
6
CONTINUOUS
10
0.9679174409448819
20
1.0773953149606299
11
0.9681847637795276
21
1.0776271653543308
0
LINE
8
BLACK
6
CONTINUOUS
10
0.9681847637795276
20
1.0776271653543308
11
0.9683201968503937
21
1.0779540944881889
0
LINE
8
BLACK
6
CONTINUOUS
10
0.9683201968503937
20
1.0779540944881889
11
0.9692582677165354
21
1.0788921653543306
0
LINE
8
BLACK
6
CONTINUOUS
10
0.9692582677165354
20
1.0788921653543306
11
0.9695851574803149
21
1.0790275590551182
0
LINE
8
BLACK
6
CONTINUOUS
10
0.9695851574803149
20
1.0790275590551182
11
0.9698170472440945
21
1.0792949212598424
0
LINE
8
BLACK
6
CONTINUOUS
10
0.9698170472440945
20
1.0792949212598424
11
0.9716932677165354
21
1.0802330314960629
0
LINE
8
BLACK
6
CONTINUOUS
10
0.9716932677165354
20
1.0802330314960629
11
0.9721924015748031
21
1.0802684645669292
0
LINE
8
BLACK
6
CONTINUOUS
10
0.9721924015748031
20
1.0802684645669292
11
0.9726547637795275
21
1.08046
0
LINE
8
BLACK
6
CONTINUOUS
10
0.9726547637795275
20
1.08046
11
0.9745309448818897
21
1.08046
0
LINE
8
BLACK
6
CONTINUOUS
10
0.9745309448818897
20
1.08046
11
0.9749933070866141
21
1.0802684645669292
0
LINE
8
BLACK
6
CONTINUOUS
10
0.9720520866141732
20
1.0756048818897637
11
0.9716074803149606
21
1.0751602755905512
0
LINE
8
BLACK
6
CONTINUOUS
10
0.9716074803149606
20
1.0751602755905512
11
0.9709309448818897
21
1.0738072440944881
0
LINE
8
BLACK
6
CONTINUOUS
10
0.9709309448818897
20
1.0738072440944881
11
0.9701142913385826
21
1.0705404724409449
0
LINE
8
BLACK
6
CONTINUOUS
10
0.9701142913385826
20
1.0705404724409449
11
0.9701142913385826
21
1.0663794488188976
0
LINE
8
BLACK
6
CONTINUOUS
10
0.9701142913385826
20
1.0663794488188976
11
0.9709309842519684
21
1.0631126377952755
0
LINE
8
BLACK
6
CONTINUOUS
10
0.9709309842519684
20
1.0631126377952755
11
0.9716074015748031
21
1.0617597637795275
0
LINE
8
BLACK
6
CONTINUOUS
10
0.9716074015748031
20
1.0617597637795275
11
0.9720520866141732
21
1.0613151181102363
0
LINE
8
BLACK
6
CONTINUOUS
10
0.9720520866141732
20
1.0613151181102363
11
0.9731623228346457
21
1.0607599999999999
0
LINE
8
BLACK
6
CONTINUOUS
10
0.9731623228346457
20
1.0607599999999999
11
0.9740234251968504
21
1.0607599999999999
0
LINE
8
BLACK
6
CONTINUOUS
10
0.9740234251968504
20
1.0607599999999999
11
0.9751335433070866
21
1.0613150787401575
0
LINE
8
BLACK
6
CONTINUOUS
10
0.9751335433070866
20
1.0613150787401575
11
0.9755782283464567
21
1.0617597244094488
0
LINE
8
BLACK
6
CONTINUOUS
10
0.9755782283464567
20
1.0617597244094488
11
0.9762547637795276
21
1.0631128346456693
0
LINE
8
BLACK
6
CONTINUOUS
10
0.9762547637795276
20
1.0631128346456693
11
0.9770714173228346
21
1.0663794881889763
0
LINE
8
BLACK
6
CONTINUOUS
10
0.9770714173228346
20
1.0663794881889763
11
0.9770714173228346
21
1.0705404724409449
0
LINE
8
BLACK
6
CONTINUOUS
10
0.9770714173228346
20
1.0705404724409449
11
0.9762547637795276
21
1.0738070866141731
0
LINE
8
BLACK
6
CONTINUOUS
10
0.9762547637795276
20
1.0738070866141731
11
0.9755781889763779
21
1.0751602362204724
0
LINE
8
BLACK
6
CONTINUOUS
10
0.9755781889763779
20
1.0751602362204724
11
0.9751335433070866
21
1.0756048818897637
0
LINE
8
BLACK
6
CONTINUOUS
10
0.9751335433070866
20
1.0756048818897637
11
0.9740234251968504
21
1.07616
0
LINE
8
BLACK
6
CONTINUOUS
10
0.9740234251968504
20
1.07616
11
0.9731623228346457
21
1.07616
0
LINE
8
BLACK
6
CONTINUOUS
10
0.9731623228346457
20
1.07616
11
0.9720520866141732
21
1.0756048818897637
0
LINE
8
BLACK
6
CONTINUOUS
10
0.6157102362204724
20
1.1332321653543307
11
0.6163399606299212
21
1.1317118897637795
0
LINE
8
BLACK
6
CONTINUOUS
10
0.6163399606299212
20
1.1317118897637795
11
0.6163399606299212
21
1.1218390551181101
0
LINE
8
BLACK
6
CONTINUOUS
10
0.6163399606299212
20
1.1218390551181101
11
0.633043031496063
21
1.128997559055118
0
LINE
8
BLACK
6
CONTINUOUS
10
0.633043031496063
20
1.128997559055118
11
0.6346884251968504
21
1.1290176377952756
0
LINE
8
BLACK
6
CONTINUOUS
10
0.6346884251968504
20
1.1290176377952756
11
0.6358661023622048
21
1.127868346456693
0
LINE
8
BLACK
6
CONTINUOUS
10
0.6358661023622048
20
1.127868346456693
11
0.6358861811023622
21
1.1262229133858268
0
LINE
8
BLACK
6
CONTINUOUS
10
0.6358861811023622
20
1.1262229133858268
11
0.6347368897637795
21
1.1250452362204724
0
LINE
8
BLACK
6
CONTINUOUS
10
0.6347368897637795
20
1.1250452362204724
11
0.6150368897637795
21
1.1166024015748031
0
LINE
8
BLACK
6
CONTINUOUS
10
0.6150368897637795
20
1.1166024015748031
11
0.6145966929133858
21
1.1165970078740157
0
LINE
8
BLACK
6
CONTINUOUS
10
0.6145966929133858
20
1.1165970078740157
11
0.6141899606299213
21
1.1164285433070866
0
LINE
8
BLACK
6
CONTINUOUS
10
0.6141899606299213
20
1.1164285433070866
11
0.6138064566929133
21
1.1165873622047244
0
LINE
8
BLACK
6
CONTINUOUS
10
0.6138064566929133
20
1.1165873622047244
11
0.6133914566929134
21
1.1165823228346456
0
LINE
8
BLACK
6
CONTINUOUS
10
0.6133914566929134
20
1.1165823228346456
11
0.6130763779527559
21
1.1168897637795276
0
LINE
8
BLACK
6
CONTINUOUS
10
0.6130763779527559
20
1.1168897637795276
11
0.6129527559055118
21
1.1169409448818897
0
LINE
8
BLACK
6
CONTINUOUS
10
0.6129527559055118
20
1.1169409448818897
11
0.6129527559055118
21
1.0804527559055117
0
LINE
8
BLACK
6
CONTINUOUS
10
0.6129527559055118
20
1.0804527559055117
11
0.6670472440944881
21
1.0804527559055117
0
LINE
8
BLACK
6
CONTINUOUS
10
0.6670472440944881
20
1.0804527559055117
11
0.6670472440944881
21
1.1174999999999999
0
LINE
8
BLACK
6
CONTINUOUS
10
0.6670472440944881
20
1.1174999999999999
11
0.6672253149606299
21
1.1185099212598424
0
LINE
8
BLACK
6
CONTINUOUS
10
0.6672253149606299
20
1.1185099212598424
11
0.668523622047244
21
1.1200571653543308
0
LINE
8
BLACK
6
CONTINUOUS
10
0.668523622047244
20
1.1200571653543308
11
0.6705127559055118
21
1.1204079133858267
0
LINE
8
BLACK
6
CONTINUOUS
10
0.6705127559055118
20
1.1204079133858267
11
0.6722619291338583
21
1.1193979921259842
0
LINE
8
BLACK
6
CONTINUOUS
10
0.6722619291338583
20
1.1193979921259842
11
0.6729527559055118
21
1.1174999999999999
0
LINE
8
BLACK
6
CONTINUOUS
10
0.6729527559055118
20
1.1174999999999999
11
0.6729527559055118
21
1.0774999999999999
0
LINE
8
BLACK
6
CONTINUOUS
10
0.6729527559055118
20
1.0774999999999999
11
0.6728851181102362
21
1.0771164566929134
0
LINE
8
BLACK
6
CONTINUOUS
10
0.6728851181102362
20
1.0771164566929134
11
0.6729079133858268
21
1.0769872440944881
0
LINE
8
BLACK
6
CONTINUOUS
10
0.6729079133858268
20
1.0769872440944881
11
0.6728422834645669
21
1.0768736220472441
0
LINE
8
BLACK
6
CONTINUOUS
10
0.6728422834645669
20
1.0768736220472441
11
0.6727746850393701
21
1.0764900787401575
0
LINE
8
BLACK
6
CONTINUOUS
10
0.6727746850393701
20
1.0764900787401575
11
0.6722815354330709
21
1.0759023622047243
0
LINE
8
BLACK
6
CONTINUOUS
10
0.6722815354330709
20
1.0759023622047243
11
0.6718979921259842
21
1.0752380708661418
0
LINE
8
BLACK
6
CONTINUOUS
10
0.6718979921259842
20
1.0752380708661418
11
0.6716476377952756
21
1.0751469291338582
0
LINE
8
BLACK
6
CONTINUOUS
10
0.6716476377952756
20
1.0751469291338582
11
0.6714763779527559
21
1.0749428346456693
0
LINE
8
BLACK
6
CONTINUOUS
10
0.6714763779527559
20
1.0749428346456693
11
0.6707207874015748
21
1.0748095669291338
0
LINE
8
BLACK
6
CONTINUOUS
10
0.6707207874015748
20
1.0748095669291338
11
0.67
21
1.0745472440944881
0
LINE
8
BLACK
6
CONTINUOUS
10
0.67
20
1.0745472440944881
11
0.6174855118110236
21
1.0745472440944881
0
LINE
8
BLACK
6
CONTINUOUS
10
0.6174855118110236
20
1.0745472440944881
11
0.6179527559055118
21
1.0725
0
LINE
8
BLACK
6
CONTINUOUS
10
0.6179527559055118
20
1.0725
11
0.6171651968503937
21
1.0690494094488188
0
LINE
8
BLACK
6
CONTINUOUS
10
0.6171651968503937
20
1.0690494094488188
11
0.6149584645669292
21
1.0662822834645669
0
LINE
8
BLACK
6
CONTINUOUS
10
0.6149584645669292
20
1.0662822834645669
11
0.6117696456692914
21
1.064746653543307
0
LINE
8
BLACK
6
CONTINUOUS
10
0.6117696456692914
20
1.064746653543307
11
0.6082303543307086
21
1.064746653543307
0
LINE
8
BLACK
6
CONTINUOUS
10
0.6082303543307086
20
1.064746653543307
11
0.6050415354330708
21
1.0662822834645669
0
LINE
8
BLACK
6
CONTINUOUS
10
0.6050415354330708
20
1.0662822834645669
11
0.6028348031496062
21
1.0690494094488188
0
LINE
8
BLACK
6
CONTINUOUS
10
0.6028348031496062
20
1.0690494094488188
11
0.6020472440944882
21
1.0725
0
LINE
8
BLACK
6
CONTINUOUS
10
0.6020472440944882
20
1.0725
11
0.6028348031496062
21
1.075950590551181
0
LINE
8
BLACK
6
CONTINUOUS
10
0.6028348031496062
20
1.075950590551181
11
0.6050415354330708
21
1.0787177165354331
0
LINE
8
BLACK
6
CONTINUOUS
10
0.6050415354330708
20
1.0787177165354331
11
0.6070472440944882
21
1.0796835826771654
0
LINE
8
BLACK
6
CONTINUOUS
10
0.6070472440944882
20
1.0796835826771654
11
0.6070472440944882
21
1.1174999999999999
0
LINE
8
BLACK
6
CONTINUOUS
10
0.6070472440944882
20
1.1174999999999999
11
0.6072253149606299
21
1.1185099212598424
0
LINE
8
BLACK
6
CONTINUOUS
10
0.6072253149606299
20
1.1185099212598424
11
0.6085236220472441
21
1.1200571653543308
0
LINE
8
BLACK
6
CONTINUOUS
10
0.6085236220472441
20
1.1200571653543308
11
0.6105127559055118
21
1.1204079133858267
0
LINE
8
BLACK
6
CONTINUOUS
10
0.6105127559055118
20
1.1204079133858267
11
0.6120399606299213
21
1.1195261417322835
0
LINE
8
BLACK
6
CONTINUOUS
10
0.6120399606299213
20
1.1195261417322835
11
0.6120399606299213
21
1.1317118897637795
0
LINE
8
BLACK
6
CONTINUOUS
10
0.6120399606299213
20
1.1317118897637795
11
0.61266968503937
21
1.1332321653543307
0
LINE
8
BLACK
6
CONTINUOUS
10
0.61266968503937
20
1.1332321653543307
11
0.6141899606299213
21
1.1338618897637796
0
LINE
8
BLACK
6
CONTINUOUS
10
0.6141899606299213
20
1.1338618897637796
11
0.6157102362204724
21
1.1332321653543307
0
LINE
8
BLACK
6
CONTINUOUS
10
0.6084331102362205
20
1.0709331102362205
11
0.61
21
1.0702840944881888
0
LINE
8
BLACK
6
CONTINUOUS
10
0.61
20
1.0702840944881888
11
0.6115668897637795
21
1.0709331102362205
0
LINE
8
BLACK
6
CONTINUOUS
10
0.6115668897637795
20
1.0709331102362205
11
0.612215905511811
21
1.0725
0
LINE
8
BLACK
6
CONTINUOUS
10
0.612215905511811
20
1.0725
11
0.6115668897637795
21
1.0740668897637795
0
LINE
8
BLACK
6
CONTINUOUS
10
0.6115668897637795
20
1.0740668897637795
11
0.6104072047244095
21
1.0745472440944881
0
LINE
8
BLACK
6
CONTINUOUS
10
0.6104072047244095
20
1.0745472440944881
11
0.61
21
1.0745472440944881
0
LINE
8
BLACK
6
CONTINUOUS
10
0.61
20
1.0745472440944881
11
0.6097143700787402
21
1.0745975984251968
0
LINE
8
BLACK
6
CONTINUOUS
10
0.6097143700787402
20
1.0745975984251968
11
0.6084331102362205
21
1.0740668897637795
0
LINE
8
BLACK
6
CONTINUOUS
10
0.6084331102362205
20
1.0740668897637795
11
0.6077840944881889
21
1.0725
0
LINE
8
BLACK
6
CONTINUOUS
10
0.6077840944881889
20
1.0725
11
0.6084331102362205
21
1.0709331102362205
0
LINE
8
BLACK
6
CONTINUOUS
10
1.2201331102362205
20
1.119481811023622
11
1.2223292519685038
21
1.1172856692913387
0
LINE
8
BLACK
6
CONTINUOUS
10
1.2223292519685038
20
1.1172856692913387
11
1.2231331102362204
21
1.1142856692913385
0
LINE
8
BLACK
6
CONTINUOUS
10
1.2231331102362204
20
1.1142856692913385
11
1.2231331102362204
21
1.0999999606299213
0
LINE
8
BLACK
6
CONTINUOUS
10
1.2231331102362204
20
1.0999999606299213
11
1.2228831102362205
21
1.0990669685039369
0
LINE
8
BLACK
6
CONTINUOUS
10
1.2228831102362205
20
1.0990669685039369
11
1.2228252362204723
21
1.0981025984251969
0
LINE
8
BLACK
6
CONTINUOUS
10
1.2228252362204723
20
1.0981025984251969
11
1.2199680708661418
21
1.0895311811023622
0
LINE
8
BLACK
6
CONTINUOUS
10
1.2199680708661418
20
1.0895311811023622
11
1.2192081889763779
21
1.0883802755905512
0
LINE
8
BLACK
6
CONTINUOUS
10
1.2192081889763779
20
1.0883802755905512
11
1.2185186220472441
21
1.0871859055118109
0
LINE
8
BLACK
6
CONTINUOUS
10
1.2185186220472441
20
1.0871859055118109
11
1.2128043307086613
21
1.0814716141732283
0
LINE
8
BLACK
6
CONTINUOUS
10
1.2128043307086613
20
1.0814716141732283
11
1.2119677559055118
21
1.080988622047244
0
LINE
8
BLACK
6
CONTINUOUS
10
1.2119677559055118
20
1.080988622047244
11
1.2112449606299212
21
1.0803476771653544
0
LINE
8
BLACK
6
CONTINUOUS
10
1.2112449606299212
20
1.0803476771653544
11
1.2055306692913386
21
1.0774905511811024
0
LINE
8
BLACK
6
CONTINUOUS
10
1.2055306692913386
20
1.0774905511811024
11
1.2048817716535434
21
1.0773577559055119
0
LINE
8
BLACK
6
CONTINUOUS
10
1.2048817716535434
20
1.0773577559055119
11
1.2043026377952755
21
1.0770362598425196
0
LINE
8
BLACK
6
CONTINUOUS
10
1.2043026377952755
20
1.0770362598425196
11
1.1928740551181103
21
1.074179094488189
0
LINE
8
BLACK
6
CONTINUOUS
10
1.1928740551181103
20
1.074179094488189
11
1.1921338188976378
21
1.0741915354330709
0
LINE
8
BLACK
6
CONTINUOUS
10
1.1921338188976378
20
1.0741915354330709
11
1.1914188188976378
21
1.0739999606299213
0
LINE
8
BLACK
6
CONTINUOUS
10
1.1914188188976378
20
1.0739999606299213
11
1.1828474015748032
21
1.0739999606299213
0
LINE
8
BLACK
6
CONTINUOUS
10
1.1828474015748032
20
1.0739999606299213
11
1.1821323622047244
21
1.0741915354330709
0
LINE
8
BLACK
6
CONTINUOUS
10
1.1821323622047244
20
1.0741915354330709
11
1.1813921653543307
21
1.074179094488189
0
LINE
8
BLACK
6
CONTINUOUS
10
1.1813921653543307
20
1.074179094488189
11
1.1699635826771653
21
1.0770362598425196
0
LINE
8
BLACK
6
CONTINUOUS
10
1.1699635826771653
20
1.0770362598425196
11
1.1693844094488188
21
1.0773577559055119
0
LINE
8
BLACK
6
CONTINUOUS
10
1.1693844094488188
20
1.0773577559055119
11
1.1687355511811024
21
1.0774905511811024
0
LINE
8
BLACK
6
CONTINUOUS
10
1.1687355511811024
20
1.0774905511811024
11
1.1630212598425196
21
1.0803476771653544
0
LINE
8
BLACK
6
CONTINUOUS
10
1.1630212598425196
20
1.0803476771653544
11
1.1622984645669292
21
1.0809885826771652
0
LINE
8
BLACK
6
CONTINUOUS
10
1.1622984645669292
20
1.0809885826771652
11
1.1614618897637794
21
1.0814716141732283
0
LINE
8
BLACK
6
CONTINUOUS
10
1.1614618897637794
20
1.0814716141732283
11
1.1557475984251968
21
1.0871859055118109
0
LINE
8
BLACK
6
CONTINUOUS
10
1.1557475984251968
20
1.0871859055118109
11
1.1550579921259843
21
1.0883802755905512
0
LINE
8
BLACK
6
CONTINUOUS
10
1.1550579921259843
20
1.0883802755905512
11
1.1542981496062992
21
1.0895311811023622
0
LINE
8
BLACK
6
CONTINUOUS
10
1.1542981496062992
20
1.0895311811023622
11
1.1514410236220471
21
1.0981025984251969
0
LINE
8
BLACK
6
CONTINUOUS
10
1.1514410236220471
20
1.0981025984251969
11
1.1513831102362204
21
1.0990668110236219
0
LINE
8
BLACK
6
CONTINUOUS
10
1.1513831102362204
20
1.0990668110236219
11
1.1511331102362203
21
1.0999999606299213
0
LINE
8
BLACK
6
CONTINUOUS
10
1.1511331102362203
20
1.0999999606299213
11
1.1511331102362203
21
1.1142856692913385
0
LINE
8
BLACK
6
CONTINUOUS
10
1.1511331102362203
20
1.1142856692913385
11
1.1519369685039369
21
1.1172856692913387
0
LINE
8
BLACK
6
CONTINUOUS
10
1.1519369685039369
20
1.1172856692913387
11
1.1541331102362204
21
1.119481811023622
0
LINE
8
BLACK
6
CONTINUOUS
10
1.1541331102362204
20
1.119481811023622
11
1.1571331102362203
21
1.1202856692913385
0
LINE
8
BLACK
6
CONTINUOUS
10
1.1571331102362203
20
1.1202856692913385
11
1.2171331102362204
21
1.1202856692913385
0
LINE
8
BLACK
6
CONTINUOUS
10
1.2171331102362204
20
1.1202856692913385
11
1.2201331102362205
21
1.119481811023622
0
LINE
8
BLACK
6
CONTINUOUS
10
1.1631331102362203
20
1.1009735826771654
11
1.1652344488188977
21
1.0946695669291338
0
LINE
8
BLACK
6
CONTINUOUS
10
1.1652344488188977
20
1.0946695669291338
11
1.1692586220472441
21
1.0906453937007874
0
LINE
8
BLACK
6
CONTINUOUS
10
1.1692586220472441
20
1.0906453937007874
11
1.1735129133858266
21
1.0885182283464567
0
LINE
8
BLACK
6
CONTINUOUS
10
1.1735129133858266
20
1.0885182283464567
11
1.1835861023622047
21
1.0859999606299213
0
LINE
8
BLACK
6
CONTINUOUS
10
1.1835861023622047
20
1.0859999606299213
11
1.1906801181102362
21
1.0859999606299213
0
LINE
8
BLACK
6
CONTINUOUS
10
1.1906801181102362
20
1.0859999606299213
11
1.2007532677165353
21
1.0885182283464567
0
LINE
8
BLACK
6
CONTINUOUS
10
1.2007532677165353
20
1.0885182283464567
11
1.2050075590551181
21
1.0906453937007874
0
LINE
8
BLACK
6
CONTINUOUS
10
1.2050075590551181
20
1.0906453937007874
11
1.2090317716535433
21
1.0946696062992125
0
LINE
8
BLACK
6
CONTINUOUS
10
1.2090317716535433
20
1.0946696062992125
11
1.2111331102362204
21
1.1009735433070866
0
LINE
8
BLACK
6
CONTINUOUS
10
1.2111331102362204
20
1.1009735433070866
11
1.2111331102362204
21
1.1082856692913385
0
LINE
8
BLACK
6
CONTINUOUS
10
1.2111331102362204
20
1.1082856692913385
11
1.1631331102362203
21
1.1082856692913385
0
LINE
8
BLACK
6
CONTINUOUS
10
1.1631331102362203
20
1.1082856692913385
11
1.1631331102362203
21
1.1009735826771654
0
LINE
8
BLACK
6
CONTINUOUS
10
0.5622619291338583
20
1.1218979921259842
11
0.5629527559055117
21
1.1199999999999999
0
LINE
8
BLACK
6
CONTINUOUS
10
0.5629527559055117
20
1.1199999999999999
11
0.5629527559055117
21
1.0800000000000001
0
LINE
8
BLACK
6
CONTINUOUS
10
0.5629527559055117
20
1.0800000000000001
11
0.5628851181102362
21
1.0796164566929134
0
LINE
8
BLACK
6
CONTINUOUS
10
0.5628851181102362
20
1.0796164566929134
11
0.5629079133858268
21
1.0794872440944883
0
LINE
8
BLACK
6
CONTINUOUS
10
0.5629079133858268
20
1.0794872440944883
11
0.5628422834645669
21
1.0793736220472441
0
LINE
8
BLACK
6
CONTINUOUS
10
0.5628422834645669
20
1.0793736220472441
11
0.5627746850393701
21
1.0789900787401574
0
LINE
8
BLACK
6
CONTINUOUS
10
0.5627746850393701
20
1.0789900787401574
11
0.5622815354330708
21
1.0784023622047243
0
LINE
8
BLACK
6
CONTINUOUS
10
0.5622815354330708
20
1.0784023622047243
11
0.5618979921259842
21
1.0777380708661417
0
LINE
8
BLACK
6
CONTINUOUS
10
0.5618979921259842
20
1.0777380708661417
11
0.5616476377952756
21
1.0776469291338582
0
LINE
8
BLACK
6
CONTINUOUS
10
0.5616476377952756
20
1.0776469291338582
11
0.5614763779527558
21
1.0774428346456693
0
LINE
8
BLACK
6
CONTINUOUS
10
0.5614763779527558
20
1.0774428346456693
11
0.5607207874015748
21
1.0773095669291339
0
LINE
8
BLACK
6
CONTINUOUS
10
0.5607207874015748
20
1.0773095669291339
11
0.5599999999999999
21
1.0770472440944883
0
LINE
8
BLACK
6
CONTINUOUS
10
0.5599999999999999
20
1.0770472440944883
11
0.5
21
1.0770472440944883
0
LINE
8
BLACK
6
CONTINUOUS
10
0.5
20
1.0770472440944883
11
0.4996164566929134
21
1.077114842519685
0
LINE
8
BLACK
6
CONTINUOUS
10
0.4996164566929134
20
1.077114842519685
11
0.4994872440944882
21
1.0770920866141731
0
LINE
8
BLACK
6
CONTINUOUS
10
0.4994872440944882
20
1.0770920866141731
11
0.4993736220472441
21
1.0771576771653544
0
LINE
8
BLACK
6
CONTINUOUS
10
0.4993736220472441
20
1.0771576771653544
11
0.4989900787401575
21
1.0772253149606299
0
LINE
8
BLACK
6
CONTINUOUS
10
0.4989900787401575
20
1.0772253149606299
11
0.4984023622047244
21
1.0777184251968503
0
LINE
8
BLACK
6
CONTINUOUS
10
0.4984023622047244
20
1.0777184251968503
11
0.4977380708661417
21
1.0781020078740158
0
LINE
8
BLACK
6
CONTINUOUS
10
0.4977380708661417
20
1.0781020078740158
11
0.4976469291338583
21
1.0783523228346457
0
LINE
8
BLACK
6
CONTINUOUS
10
0.4976469291338583
20
1.0783523228346457
11
0.4974428346456693
21
1.0785236220472441
0
LINE
8
BLACK
6
CONTINUOUS
10
0.4974428346456693
20
1.0785236220472441
11
0.4973095669291339
21
1.0792791732283464
0
LINE
8
BLACK
6
CONTINUOUS
10
0.4973095669291339
20
1.0792791732283464
11
0.4970472440944882
21
1.0800000000000001
0
LINE
8
BLACK
6
CONTINUOUS
10
0.4970472440944882
20
1.0800000000000001
11
0.4970472440944882
21
1.1199999999999999
0
LINE
8
BLACK
6
CONTINUOUS
10
0.4970472440944882
20
1.1199999999999999
11
0.4972253149606299
21
1.1210099212598426
0
LINE
8
BLACK
6
CONTINUOUS
10
0.4972253149606299
20
1.1210099212598426
11
0.4985236220472441
21
1.1225571653543307
0
LINE
8
BLACK
6
CONTINUOUS
10
0.4985236220472441
20
1.1225571653543307
11
0.5005127559055118
21
1.1229079133858269
0
LINE
8
BLACK
6
CONTINUOUS
10
0.5005127559055118
20
1.1229079133858269
11
0.5022619291338583
21
1.1218979921259842
0
LINE
8
BLACK
6
CONTINUOUS
10
0.5022619291338583
20
1.1218979921259842
11
0.5029527559055118
21
1.1199999999999999
0
LINE
8
BLACK
6
CONTINUOUS
10
0.5029527559055118
20
1.1199999999999999
11
0.5029527559055118
21
1.0829527559055119
0
LINE
8
BLACK
6
CONTINUOUS
10
0.5029527559055118
20
1.0829527559055119
11
0.5570472440944881
21
1.0829527559055119
0
LINE
8
BLACK
6
CONTINUOUS
10
0.5570472440944881
20
1.0829527559055119
11
0.5570472440944881
21
1.1199999999999999
0
LINE
8
BLACK
6
CONTINUOUS
10
0.5570472440944881
20
1.1199999999999999
11
0.5572253149606299
21
1.1210099212598426
0
LINE
8
BLACK
6
CONTINUOUS
10
0.5572253149606299
20
1.1210099212598426
11
0.558523622047244
21
1.1225571653543307
0
LINE
8
BLACK
6
CONTINUOUS
10
0.558523622047244
20
1.1225571653543307
11
0.5605127559055118
21
1.1229079133858269
0
LINE
8
BLACK
6
CONTINUOUS
10
0.5605127559055118
20
1.1229079133858269
11
0.5622619291338583
21
1.1218979921259842
0
LINE
8
BLACK
6
CONTINUOUS
10
0.3834266141732283
20
1.1052684645669291
11
0.3839257874015748
21
1.1052329921259842
0
LINE
8
BLACK
6
CONTINUOUS
10
0.3839257874015748
20
1.1052329921259842
11
0.385801968503937
21
1.1042949212598425
0
LINE
8
BLACK
6
CONTINUOUS
10
0.385801968503937
20
1.1042949212598425
11
0.3860337795275591
21
1.1040275590551181
0
LINE
8
BLACK
6
CONTINUOUS
10
0.3860337795275591
20
1.1040275590551181
11
0.3863606692913386
21
1.1038922047244095
0
LINE
8
BLACK
6
CONTINUOUS
10
0.3863606692913386
20
1.1038922047244095
11
0.387298779527559
21
1.1029541338582678
0
LINE
8
BLACK
6
CONTINUOUS
10
0.387298779527559
20
1.1029541338582678
11
0.3879285433070866
21
1.1014338582677166
0
LINE
8
BLACK
6
CONTINUOUS
10
0.3879285433070866
20
1.1014338582677166
11
0.3872988582677165
21
1.0999135826771653
0
LINE
8
BLACK
6
CONTINUOUS
10
0.3872988582677165
20
1.0999135826771653
11
0.3857785826771654
21
1.0992838188976377
0
LINE
8
BLACK
6
CONTINUOUS
10
0.3857785826771654
20
1.0992838188976377
11
0.3842583070866142
21
1.0999135039370078
0
LINE
8
BLACK
6
CONTINUOUS
10
0.3842583070866142
20
1.0999135039370078
11
0.3835668503937008
21
1.1006048818897638
0
LINE
8
BLACK
6
CONTINUOUS
10
0.3835668503937008
20
1.1006048818897638
11
0.3824567322834646
21
1.1011599999999999
0
LINE
8
BLACK
6
CONTINUOUS
10
0.3824567322834646
20
1.1011599999999999
11
0.3787813779527559
21
1.1011599999999999
0
LINE
8
BLACK
6
CONTINUOUS
10
0.3787813779527559
20
1.1011599999999999
11
0.3776711417322834
21
1.1006048818897638
0
LINE
8
BLACK
6
CONTINUOUS
10
0.3776711417322834
20
1.1006048818897638
11
0.3772264566929134
21
1.1001601968503936
0
LINE
8
BLACK
6
CONTINUOUS
10
0.3772264566929134
20
1.1001601968503936
11
0.3766714173228347
21
1.0990500393700786
0
LINE
8
BLACK
6
CONTINUOUS
10
0.3766714173228347
20
1.0990500393700786
11
0.3766714173228347
21
1.0980303149606299
0
LINE
8
BLACK
6
CONTINUOUS
10
0.3766714173228347
20
1.0980303149606299
11
0.3773386614173228
21
1.0960284645669292
0
LINE
8
BLACK
6
CONTINUOUS
10
0.3773386614173228
20
1.0960284645669292
11
0.3882369291338583
21
1.0851302755905512
0
LINE
8
BLACK
6
CONTINUOUS
10
0.3882369291338583
20
1.0851302755905512
11
0.3888666535433071
21
1.08361
0
LINE
8
BLACK
6
CONTINUOUS
10
0.3888666535433071
20
1.08361
11
0.3882369291338583
21
1.0820897244094487
0
LINE
8
BLACK
6
CONTINUOUS
10
0.3882369291338583
20
1.0820897244094487
11
0.3867166535433071
21
1.0814599999999999
0
LINE
8
BLACK
6
CONTINUOUS
10
0.3867166535433071
20
1.0814599999999999
11
0.3745214173228346
21
1.0814599999999999
0
LINE
8
BLACK
6
CONTINUOUS
10
0.3745214173228346
20
1.0814599999999999
11
0.3730011417322834
21
1.0820897244094487
0
LINE
8
BLACK
6
CONTINUOUS
10
0.3730011417322834
20
1.0820897244094487
11
0.3723714173228346
21
1.08361
0
LINE
8
BLACK
6
CONTINUOUS
10
0.3723714173228346
20
1.08361
11
0.3730011417322834
21
1.0851302755905512
0
LINE
8
BLACK
6
CONTINUOUS
10
0.3730011417322834
20
1.0851302755905512
11
0.3745214173228346
21
1.0857600000000001
0
LINE
8
BLACK
6
CONTINUOUS
10
0.3745214173228346
20
1.0857600000000001
11
0.3815261023622047
21
1.0857600000000001
0
LINE
8
BLACK
6
CONTINUOUS
10
0.3815261023622047
20
1.0857600000000001
11
0.3739392125984252
21
1.0933468503937007
0
LINE
8
BLACK
6
CONTINUOUS
10
0.3739392125984252
20
1.0933468503937007
11
0.3737476771653543
21
1.0938091732283464
0
LINE
8
BLACK
6
CONTINUOUS
10
0.3737476771653543
20
1.0938091732283464
11
0.3734198031496063
21
1.094187283464567
0
LINE
8
BLACK
6
CONTINUOUS
10
0.3734198031496063
20
1.094187283464567
11
0.3724817322834645
21
1.0970015354330709
0
LINE
8
BLACK
6
CONTINUOUS
10
0.3724817322834645
20
1.0970015354330709
11
0.372506811023622
21
1.0973544881889763
0
LINE
8
BLACK
6
CONTINUOUS
10
0.372506811023622
20
1.0973544881889763
11
0.3723714173228346
21
1.0976814173228346
0
LINE
8
BLACK
6
CONTINUOUS
10
0.3723714173228346
20
1.0976814173228346
11
0.3723714173228346
21
1.0995575984251968
0
LINE
8
BLACK
6
CONTINUOUS
10
0.3723714173228346
20
1.0995575984251968
11
0.3725629133858268
21
1.1000199212598425
0
LINE
8
BLACK
6
CONTINUOUS
10
0.3725629133858268
20
1.1000199212598425
11
0.3725983858267716
21
1.1005190944881889
0
LINE
8
BLACK
6
CONTINUOUS
10
0.3725983858267716
20
1.1005190944881889
11
0.3735364566929134
21
1.1023953149606298
0
LINE
8
BLACK
6
CONTINUOUS
10
0.3735364566929134
20
1.1023953149606298
11
0.3738038188976378
21
1.1026272047244094
0
LINE
8
BLACK
6
CONTINUOUS
10
0.3738038188976378
20
1.1026272047244094
11
0.3739392519685039
21
1.1029541338582678
0
LINE
8
BLACK
6
CONTINUOUS
10
0.3739392519685039
20
1.1029541338582678
11
0.3748773622047244
21
1.1038922047244095
0
LINE
8
BLACK
6
CONTINUOUS
10
0.3748773622047244
20
1.1038922047244095
11
0.3752042125984252
21
1.1040275590551181
0
LINE
8
BLACK
6
CONTINUOUS
10
0.3752042125984252
20
1.1040275590551181
11
0.375436062992126
21
1.1042948818897638
0
LINE
8
BLACK
6
CONTINUOUS
10
0.375436062992126
20
1.1042948818897638
11
0.3773122440944882
21
1.1052329921259842
0
LINE
8
BLACK
6
CONTINUOUS
10
0.3773122440944882
20
1.1052329921259842
11
0.3778113779527559
21
1.1052684645669291
0
LINE
8
BLACK
6
CONTINUOUS
10
0.3778113779527559
20
1.1052684645669291
11
0.378273779527559
21
1.1054599999999999
0
LINE
8
BLACK
6
CONTINUOUS
10
0.378273779527559
20
1.1054599999999999
11
0.3829642519685039
21
1.1054599999999999
0
LINE
8
BLACK
6
CONTINUOUS
10
0.3829642519685039
20
1.1054599999999999
11
0.3834266141732283
21
1.1052684645669291
0
LINE
8
BLACK
6
CONTINUOUS
10
0.4060607086614173
20
1.1048302755905512
11
0.4066904330708661
21
1.10331
0
LINE
8
BLACK
6
CONTINUOUS
10
0.4066904330708661
20
1.10331
11
0.4066904330708661
21
1.08361
0
LINE
8
BLACK
6
CONTINUOUS
10
0.4066904330708661
20
1.08361
11
0.4060607086614173
21
1.0820897244094487
0
LINE
8
BLACK
6
CONTINUOUS
10
0.4060607086614173
20
1.0820897244094487
11
0.4045404330708661
21
1.0814599999999999
0
LINE
8
BLACK
6
CONTINUOUS
10
0.4045404330708661
20
1.0814599999999999
11
0.4030201574803149
21
1.0820897244094487
0
LINE
8
BLACK
6
CONTINUOUS
10
0.4030201574803149
20
1.0820897244094487
11
0.4023904330708661
21
1.08361
0
LINE
8
BLACK
6
CONTINUOUS
10
0.4023904330708661
20
1.08361
11
0.4023904330708661
21
1.0908409448818897
0
LINE
8
BLACK
6
CONTINUOUS
10
0.4023904330708661
20
1.0908409448818897
11
0.4009693700787402
21
1.0908409448818897
0
LINE
8
BLACK
6
CONTINUOUS
10
0.4009693700787402
20
1.0908409448818897
11
0.3950446456692913
21
1.0823770472440946
0
LINE
8
BLACK
6
CONTINUOUS
10
0.3950446456692913
20
1.0823770472440946
11
0.3936569291338582
21
1.0814927165354331
0
LINE
8
BLACK
6
CONTINUOUS
10
0.3936569291338582
20
1.0814927165354331
11
0.3920503543307087
21
1.0818486614173228
0
LINE
8
BLACK
6
CONTINUOUS
10
0.3920503543307087
20
1.0818486614173228
11
0.3911660236220472
21
1.0832363779527558
0
LINE
8
BLACK
6
CONTINUOUS
10
0.3911660236220472
20
1.0832363779527558
11
0.391521968503937
21
1.0848429527559056
0
LINE
8
BLACK
6
CONTINUOUS
10
0.391521968503937
20
1.0848429527559056
11
0.3959299212598425
21
1.0911400393700788
0
LINE
8
BLACK
6
CONTINUOUS
10
0.3959299212598425
20
1.0911400393700788
11
0.3941979527559055
21
1.092006062992126
0
LINE
8
BLACK
6
CONTINUOUS
10
0.3941979527559055
20
1.092006062992126
11
0.3939661023622047
21
1.0922733464566929
0
LINE
8
BLACK
6
CONTINUOUS
10
0.3939661023622047
20
1.0922733464566929
11
0.3936392125984252
21
1.092408779527559
0
LINE
8
BLACK
6
CONTINUOUS
10
0.3936392125984252
20
1.092408779527559
11
0.3927011417322834
21
1.0933468503937007
0
LINE
8
BLACK
6
CONTINUOUS
10
0.3927011417322834
20
1.0933468503937007
11
0.3925657086614173
21
1.0936737401574803
0
LINE
8
BLACK
6
CONTINUOUS
10
0.3925657086614173
20
1.0936737401574803
11
0.3922983858267716
21
1.0939056299212597
0
LINE
8
BLACK
6
CONTINUOUS
10
0.3922983858267716
20
1.0939056299212597
11
0.3913602755905512
21
1.0957818503937007
0
LINE
8
BLACK
6
CONTINUOUS
10
0.3913602755905512
20
1.0957818503937007
11
0.3913248031496063
21
1.0962809842519685
0
LINE
8
BLACK
6
CONTINUOUS
10
0.3913248031496063
20
1.0962809842519685
11
0.3911333070866141
21
1.0967433464566929
0
LINE
8
BLACK
6
CONTINUOUS
10
0.3911333070866141
20
1.0967433464566929
11
0.3911333070866141
21
1.0995575984251968
0
LINE
8
BLACK
6
CONTINUOUS
10
0.3911333070866141
20
1.0995575984251968
11
0.3913248031496063
21
1.1000199212598425
0
LINE
8
BLACK
6
CONTINUOUS
10
0.3913248031496063
20
1.1000199212598425
11
0.3913602755905512
21
1.1005190944881889
0
LINE
8
BLACK
6
CONTINUOUS
10
0.3913602755905512
20
1.1005190944881889
11
0.3922983858267716
21
1.1023953149606298
0
LINE
8
BLACK
6
CONTINUOUS
10
0.3922983858267716
20
1.1023953149606298
11
0.3925657086614173
21
1.1026271653543307
0
LINE
8
BLACK
6
CONTINUOUS
10
0.3925657086614173
20
1.1026271653543307
11
0.3927011417322834
21
1.102954094488189
0
LINE
8
BLACK
6
CONTINUOUS
10
0.3927011417322834
20
1.102954094488189
11
0.3936392125984252
21
1.1038921653543308
0
LINE
8
BLACK
6
CONTINUOUS
10
0.3936392125984252
20
1.1038921653543308
11
0.3939661023622047
21
1.1040275590551181
0
LINE
8
BLACK
6
CONTINUOUS
10
0.3939661023622047
20
1.1040275590551181
11
0.3941979527559055
21
1.1042948818897638
0
LINE
8
BLACK
6
CONTINUOUS
10
0.3941979527559055
20
1.1042948818897638
11
0.3960741338582677
21
1.1052329921259842
0
LINE
8
BLACK
6
CONTINUOUS
10
0.3960741338582677
20
1.1052329921259842
11
0.3965732677165354
21
1.1052684645669291
0
LINE
8
BLACK
6
CONTINUOUS
10
0.3965732677165354
20
1.1052684645669291
11
0.3970356692913386
21
1.1054599999999999
0
LINE
8
BLACK
6
CONTINUOUS
10
0.3970356692913386
20
1.1054599999999999
11
0.4045404330708661
21
1.1054599999999999
0
LINE
8
BLACK
6
CONTINUOUS
10
0.4045404330708661
20
1.1054599999999999
11
0.4060607086614173
21
1.1048302755905512
0
LINE
8
BLACK
6
CONTINUOUS
10
0.396433031496063
20
1.1006048818897638
11
0.3959884251968504
21
1.1001602755905511
0
LINE
8
BLACK
6
CONTINUOUS
10
0.3959884251968504
20
1.1001602755905511
11
0.3954333070866142
21
1.0990500393700786
0
LINE
8
BLACK
6
CONTINUOUS
10
0.3954333070866142
20
1.0990500393700786
11
0.3954333070866142
21
1.0972509055118109
0
LINE
8
BLACK
6
CONTINUOUS
10
0.3954333070866142
20
1.0972509055118109
11
0.3959884251968504
21
1.0961406692913385
0
LINE
8
BLACK
6
CONTINUOUS
10
0.3959884251968504
20
1.0961406692913385
11
0.396433031496063
21
1.0956960236220472
0
LINE
8
BLACK
6
CONTINUOUS
10
0.396433031496063
20
1.0956960236220472
11
0.3975432677165354
21
1.0951409448818898
0
LINE
8
BLACK
6
CONTINUOUS
10
0.3975432677165354
20
1.0951409448818898
11
0.4023904330708661
21
1.0951409448818898
0
LINE
8
BLACK
6
CONTINUOUS
10
0.4023904330708661
20
1.0951409448818898
11
0.4023904330708661
21
1.1011599999999999
0
LINE
8
BLACK
6
CONTINUOUS
10
0.4023904330708661
20
1.1011599999999999
11
0.3975432677165354
21
1.1011599999999999
0
LINE
8
BLACK
6
CONTINUOUS
10
0.3975432677165354
20
1.1011599999999999
11
0.396433031496063
21
1.1006048818897638
0
LINE
8
BLACK
6
CONTINUOUS
10
0.8638383464566929
20
1.1153680708661418
11
0.8644094881889763
21
1.1139892125984252
0
LINE
8
BLACK
6
CONTINUOUS
10
0.8644094881889763
20
1.1139892125984252
11
0.8644094881889763
21
1.0942892125984252
0
LINE
8
BLACK
6
CONTINUOUS
10
0.8644094881889763
20
1.0942892125984252
11
0.8638383464566929
21
1.0929103543307086
0
LINE
8
BLACK
6
CONTINUOUS
10
0.8638383464566929
20
1.0929103543307086
11
0.8624594881889763
21
1.0923392125984253
0
LINE
8
BLACK
6
CONTINUOUS
10
0.8624594881889763
20
1.0923392125984253
11
0.8610806299212598
21
1.0929103543307086
0
LINE
8
BLACK
6
CONTINUOUS
10
0.8610806299212598
20
1.0929103543307086
11
0.8605094881889763
21
1.0942892125984252
0
LINE
8
BLACK
6
CONTINUOUS
10
0.8605094881889763
20
1.0942892125984252
11
0.8605094881889763
21
1.1019243307086615
0
LINE
8
BLACK
6
CONTINUOUS
10
0.8605094881889763
20
1.1019243307086615
11
0.8598561811023622
21
1.1025775984251969
0
LINE
8
BLACK
6
CONTINUOUS
10
0.8598561811023622
20
1.1025775984251969
11
0.8527623622047243
21
1.0931192125984253
0
LINE
8
BLACK
6
CONTINUOUS
10
0.8527623622047243
20
1.0931192125984253
11
0.8514781496062992
21
1.0923588188976379
0
LINE
8
BLACK
6
CONTINUOUS
10
0.8514781496062992
20
1.0923588188976379
11
0.8500323622047244
21
1.0927292125984251
0
LINE
8
BLACK
6
CONTINUOUS
10
0.8500323622047244
20
1.0927292125984251
11
0.8492719685039369
21
1.0940134251968503
0
LINE
8
BLACK
6
CONTINUOUS
10
0.8492719685039369
20
1.0940134251968503
11
0.8496423622047244
21
1.0954592125984253
0
LINE
8
BLACK
6
CONTINUOUS
10
0.8496423622047244
20
1.0954592125984253
11
0.8570704724409448
21
1.1053633070866142
0
LINE
8
BLACK
6
CONTINUOUS
10
0.8570704724409448
20
1.1053633070866142
11
0.8498235039370079
21
1.1126103543307087
0
LINE
8
BLACK
6
CONTINUOUS
10
0.8498235039370079
20
1.1126103543307087
11
0.8492523622047244
21
1.1139892125984252
0
LINE
8
BLACK
6
CONTINUOUS
10
0.8492523622047244
20
1.1139892125984252
11
0.8498235039370079
21
1.1153680708661418
0
LINE
8
BLACK
6
CONTINUOUS
10
0.8498235039370079
20
1.1153680708661418
11
0.8512023622047243
21
1.1159392125984251
0
LINE
8
BLACK
6
CONTINUOUS
10
0.8512023622047243
20
1.1159392125984251
11
0.8525812204724409
21
1.1153680708661418
0
LINE
8
BLACK
6
CONTINUOUS
10
0.8525812204724409
20
1.1153680708661418
11
0.8605094881889763
21
1.1074397637795275
0
LINE
8
BLACK
6
CONTINUOUS
10
0.8605094881889763
20
1.1074397637795275
11
0.8605094881889763
21
1.1139892125984252
0
LINE
8
BLACK
6
CONTINUOUS
10
0.8605094881889763
20
1.1139892125984252
11
0.8610806299212598
21
1.1153680708661418
0
LINE
8
BLACK
6
CONTINUOUS
10
0.8610806299212598
20
1.1153680708661418
11
0.8624594881889763
21
1.1159392125984251
0
LINE
8
BLACK
6
CONTINUOUS
10
0.8624594881889763
20
1.1159392125984251
11
0.8638383464566929
21
1.1153680708661418
0
LINE
8
BLACK
6
CONTINUOUS
10
1.0682619291338582
20
1.1188979921259843
11
1.0689527559055119
21
1.117
0
LINE
8
BLACK
6
CONTINUOUS
10
1.0689527559055119
20
1.117
11
1.0689527559055119
21
1.1111
0
LINE
8
BLACK
6
CONTINUOUS
10
1.0689527559055119
20
1.1111
11
1.0687923228346456
21
1.1101901968503938
0
LINE
8
BLACK
6
CONTINUOUS
10
1.0687923228346456
20
1.1101901968503938
11
1.0691527559055118
21
1.1092
0
LINE
8
BLACK
6
CONTINUOUS
10
1.0691527559055118
20
1.1092
11
1.0691527559055118
21
1.1013999999999999
0
LINE
8
BLACK
6
CONTINUOUS
10
1.0691527559055118
20
1.1013999999999999
11
1.0690851181102361
21
1.1010164566929133
0
LINE
8
BLACK
6
CONTINUOUS
10
1.0690851181102361
20
1.1010164566929133
11
1.0691079133858268
21
1.1008872440944881
0
LINE
8
BLACK
6
CONTINUOUS
10
1.0691079133858268
20
1.1008872440944881
11
1.069042283464567
21
1.1007736220472442
0
LINE
8
BLACK
6
CONTINUOUS
10
1.069042283464567
20
1.1007736220472442
11
1.06897468503937
21
1.1003900787401575
0
LINE
8
BLACK
6
CONTINUOUS
10
1.06897468503937
20
1.1003900787401575
11
1.0684815354330708
21
1.0998023622047244
0
LINE
8
BLACK
6
CONTINUOUS
10
1.0684815354330708
20
1.0998023622047244
11
1.0680979921259843
21
1.0991380708661418
0
LINE
8
BLACK
6
CONTINUOUS
10
1.0680979921259843
20
1.0991380708661418
11
1.0678476377952755
21
1.0990469291338583
0
LINE
8
BLACK
6
CONTINUOUS
10
1.0678476377952755
20
1.0990469291338583
11
1.0676763779527558
21
1.0988428346456693
0
LINE
8
BLACK
6
CONTINUOUS
10
1.0676763779527558
20
1.0988428346456693
11
1.0669207874015747
21
1.0987095669291338
0
LINE
8
BLACK
6
CONTINUOUS
10
1.0669207874015747
20
1.0987095669291338
11
1.0662
21
1.0984472440944881
0
LINE
8
BLACK
6
CONTINUOUS
10
1.0662
20
1.0984472440944881
11
0.8984000393700787
21
1.0984472440944881
0
LINE
8
BLACK
6
CONTINUOUS
10
0.8984000393700787
20
1.0984472440944881
11
0.8980872440944881
21
1.0983920866141732
0
LINE
8
BLACK
6
CONTINUOUS
10
0.8980872440944881
20
1.0983920866141732
11
0.8979916929133858
21
1.0984472440944881
0
LINE
8
BLACK
6
CONTINUOUS
10
0.8979916929133858
20
1.0984472440944881
11
0.885
21
1.0984472440944881
0
LINE
8
BLACK
6
CONTINUOUS
10
0.885
20
1.0984472440944881
11
0.8846164566929133
21
1.0985148425196851
0
LINE
8
BLACK
6
CONTINUOUS
10
0.8846164566929133
20
1.0985148425196851
11
0.8844872440944882
21
1.0984920866141732
0
LINE
8
BLACK
6
CONTINUOUS
10
0.8844872440944882
20
1.0984920866141732
11
0.8843736220472441
21
1.0985576771653542
0
LINE
8
BLACK
6
CONTINUOUS
10
0.8843736220472441
20
1.0985576771653542
11
0.8839900787401574
21
1.09862531496063
0
LINE
8
BLACK
6
CONTINUOUS
10
0.8839900787401574
20
1.09862531496063
11
0.8834023622047243
21
1.0991184251968504
0
LINE
8
BLACK
6
CONTINUOUS
10
0.8834023622047243
20
1.0991184251968504
11
0.8827380708661418
21
1.0995020078740156
0
LINE
8
BLACK
6
CONTINUOUS
10
0.8827380708661418
20
1.0995020078740156
11
0.8826469291338582
21
1.0997523228346457
0
LINE
8
BLACK
6
CONTINUOUS
10
0.8826469291338582
20
1.0997523228346457
11
0.8824428346456693
21
1.0999236220472441
0
LINE
8
BLACK
6
CONTINUOUS
10
0.8824428346456693
20
1.0999236220472441
11
0.8823095669291339
21
1.1006791732283465
0
LINE
8
BLACK
6
CONTINUOUS
10
0.8823095669291339
20
1.1006791732283465
11
0.8820472440944882
21
1.1013999999999999
0
LINE
8
BLACK
6
CONTINUOUS
10
0.8820472440944882
20
1.1013999999999999
11
0.8820472440944882
21
1.1092
0
LINE
8
BLACK
6
CONTINUOUS
10
0.8820472440944882
20
1.1092
11
0.8822076377952756
21
1.1101097637795276
0
LINE
8
BLACK
6
CONTINUOUS
10
0.8822076377952756
20
1.1101097637795276
11
0.8818472440944881
21
1.1111
0
LINE
8
BLACK
6
CONTINUOUS
10
0.8818472440944881
20
1.1111
11
0.8818472440944881
21
1.115
0
LINE
8
BLACK
6
CONTINUOUS
10
0.8818472440944881
20
1.115
11
0.8820253149606299
21
1.1160099212598424
0
LINE
8
BLACK
6
CONTINUOUS
10
0.8820253149606299
20
1.1160099212598424
11
0.8833236220472441
21
1.1175571653543306
0
LINE
8
BLACK
6
CONTINUOUS
10
0.8833236220472441
20
1.1175571653543306
11
0.8853127559055118
21
1.1179079133858267
0
LINE
8
BLACK
6
CONTINUOUS
10
0.8853127559055118
20
1.1179079133858267
11
0.8870619291338583
21
1.1168979921259843
0
LINE
8
BLACK
6
CONTINUOUS
10
0.8870619291338583
20
1.1168979921259843
11
0.8877527559055118
21
1.115
0
LINE
8
BLACK
6
CONTINUOUS
10
0.8877527559055118
20
1.115
11
0.8877527559055118
21
1.1111
0
LINE
8
BLACK
6
CONTINUOUS
10
0.8877527559055118
20
1.1111
11
0.8875923228346456
21
1.1101901968503938
0
LINE
8
BLACK
6
CONTINUOUS
10
0.8875923228346456
20
1.1101901968503938
11
0.8879527559055118
21
1.1092
0
LINE
8
BLACK
6
CONTINUOUS
10
0.8879527559055118
20
1.1092
11
0.8879527559055118
21
1.1043527559055117
0
LINE
8
BLACK
6
CONTINUOUS
10
0.8879527559055118
20
1.1043527559055117
11
0.8956472440944881
21
1.1043527559055117
0
LINE
8
BLACK
6
CONTINUOUS
10
0.8956472440944881
20
1.1043527559055117
11
0.8956472440944881
21
1.1091
0
LINE
8
BLACK
6
CONTINUOUS
10
0.8956472440944881
20
1.1091
11
0.8958253149606299
21
1.1101099212598424
0
LINE
8
BLACK
6
CONTINUOUS
10
0.8958253149606299
20
1.1101099212598424
11
0.8959524409448819
21
1.1102614173228347
0
LINE
8
BLACK
6
CONTINUOUS
10
0.8959524409448819
20
1.1102614173228347
11
0.8956472440944881
21
1.1111
0
LINE
8
BLACK
6
CONTINUOUS
10
0.8956472440944881
20
1.1111
11
0.8956472440944881
21
1.115
0
LINE
8
BLACK
6
CONTINUOUS
10
0.8956472440944881
20
1.115
11
0.8958253149606299
21
1.1160099212598424
0
LINE
8
BLACK
6
CONTINUOUS
10
0.8958253149606299
20
1.1160099212598424
11
0.8971236220472441
21
1.1175571653543306
0
LINE
8
BLACK
6
CONTINUOUS
10
0.8971236220472441
20
1.1175571653543306
11
0.8991127559055118
21
1.1179079133858267
0
LINE
8
BLACK
6
CONTINUOUS
10
0.8991127559055118
20
1.1179079133858267
11
0.9008619291338582
21
1.1168979921259843
0
LINE
8
BLACK
6
CONTINUOUS
10
0.9008619291338582
20
1.1168979921259843
11
0.9015527559055118
21
1.115
0
LINE
8
BLACK
6
CONTINUOUS
10
0.9015527559055118
20
1.115
11
0.9015527559055118
21
1.1111
0
LINE
8
BLACK
6
CONTINUOUS
10
0.9015527559055118
20
1.1111
11
0.90137468503937
21
1.1100900787401575
0
LINE
8
BLACK
6
CONTINUOUS
10
0.90137468503937
20
1.1100900787401575
11
0.9012475196850394
21
1.1099385433070865
0
LINE
8
BLACK
6
CONTINUOUS
10
0.9012475196850394
20
1.1099385433070865
11
0.9015527559055118
21
1.1091
0
LINE
8
BLACK
6
CONTINUOUS
10
0.9015527559055118
20
1.1091
11
0.9015527559055118
21
1.1043527559055117
0
LINE
8
BLACK
6
CONTINUOUS
10
0.9015527559055118
20
1.1043527559055117
11
1.0632472440944882
21
1.1043527559055117
0
LINE
8
BLACK
6
CONTINUOUS
10
1.0632472440944882
20
1.1043527559055117
11
1.0632472440944882
21
1.1092
0
LINE
8
BLACK
6
CONTINUOUS
10
1.0632472440944882
20
1.1092
11
1.0634076377952755
21
1.1101097637795276
0
LINE
8
BLACK
6
CONTINUOUS
10
1.0634076377952755
20
1.1101097637795276
11
1.0630472440944883
21
1.1111
0
LINE
8
BLACK
6
CONTINUOUS
10
1.0630472440944883
20
1.1111
11
1.0630472440944883
21
1.117
0
LINE
8
BLACK
6
CONTINUOUS
10
1.0630472440944883
20
1.117
11
1.0632253149606299
21
1.1180099212598424
0
LINE
8
BLACK
6
CONTINUOUS
10
1.0632253149606299
20
1.1180099212598424
11
1.064523622047244
21
1.1195571653543306
0
LINE
8
BLACK
6
CONTINUOUS
10
1.064523622047244
20
1.1195571653543306
11
1.0665127559055119
21
1.1199079133858267
0
LINE
8
BLACK
6
CONTINUOUS
10
1.0665127559055119
20
1.1199079133858267
11
1.0682619291338582
21
1.1188979921259843
0
LINE
8
BLACK
6
CONTINUOUS
10
0.5554102362204725
20
1.1135369291338582
11
0.5560399606299212
21
1.1120166535433071
0
LINE
8
BLACK
6
CONTINUOUS
10
0.5560399606299212
20
1.1120166535433071
11
0.5554102362204725
21
1.1104963779527559
0
LINE
8
BLACK
6
CONTINUOUS
10
0.5554102362204725
20
1.1104963779527559
11
0.5538899606299212
21
1.109866653543307
0
LINE
8
BLACK
6
CONTINUOUS
10
0.5538899606299212
20
1.109866653543307
11
0.5466590157480314
21
1.109866653543307
0
LINE
8
BLACK
6
CONTINUOUS
10
0.5466590157480314
20
1.109866653543307
11
0.5466590157480314
21
1.1084455511811024
0
LINE
8
BLACK
6
CONTINUOUS
10
0.5466590157480314
20
1.1084455511811024
11
0.5551229133858268
21
1.1025208661417323
0
LINE
8
BLACK
6
CONTINUOUS
10
0.5551229133858268
20
1.1025208661417323
11
0.5560072440944882
21
1.1011331496062993
0
LINE
8
BLACK
6
CONTINUOUS
10
0.5560072440944882
20
1.1011331496062993
11
0.5556512992125984
21
1.0995265748031495
0
LINE
8
BLACK
6
CONTINUOUS
10
0.5556512992125984
20
1.0995265748031495
11
0.5542636220472441
21
1.0986422440944881
0
LINE
8
BLACK
6
CONTINUOUS
10
0.5542636220472441
20
1.0986422440944881
11
0.5526570078740157
21
1.098998188976378
0
LINE
8
BLACK
6
CONTINUOUS
10
0.5526570078740157
20
1.098998188976378
11
0.5463598818897638
21
1.1034061417322834
0
LINE
8
BLACK
6
CONTINUOUS
10
0.5463598818897638
20
1.1034061417322834
11
0.5454938976377952
21
1.1016741732283464
0
LINE
8
BLACK
6
CONTINUOUS
10
0.5454938976377952
20
1.1016741732283464
11
0.5452265748031496
21
1.1014423228346457
0
LINE
8
BLACK
6
CONTINUOUS
10
0.5452265748031496
20
1.1014423228346457
11
0.5450911811023622
21
1.1011154330708661
0
LINE
8
BLACK
6
CONTINUOUS
10
0.5450911811023622
20
1.1011154330708661
11
0.5441531102362205
21
1.1001773622047244
0
LINE
8
BLACK
6
CONTINUOUS
10
0.5441531102362205
20
1.1001773622047244
11
0.5438261811023621
21
1.1000419291338583
0
LINE
8
BLACK
6
CONTINUOUS
10
0.5438261811023621
20
1.1000419291338583
11
0.5435943307086614
21
1.0997746062992126
0
LINE
8
BLACK
6
CONTINUOUS
10
0.5435943307086614
20
1.0997746062992126
11
0.5417181102362204
21
1.0988364960629922
0
LINE
8
BLACK
6
CONTINUOUS
10
0.5417181102362204
20
1.0988364960629922
11
0.541218937007874
21
1.0988010236220471
0
LINE
8
BLACK
6
CONTINUOUS
10
0.541218937007874
20
1.0988010236220471
11
0.5407566141732283
21
1.0986095275590551
0
LINE
8
BLACK
6
CONTINUOUS
10
0.5407566141732283
20
1.0986095275590551
11
0.5379423622047244
21
1.0986095275590551
0
LINE
8
BLACK
6
CONTINUOUS
10
0.5379423622047244
20
1.0986095275590551
11
0.53748
21
1.0988010236220471
0
LINE
8
BLACK
6
CONTINUOUS
10
0.53748
20
1.0988010236220471
11
0.5369808661417322
21
1.0988364960629922
0
LINE
8
BLACK
6
CONTINUOUS
10
0.5369808661417322
20
1.0988364960629922
11
0.5351046456692913
21
1.0997746062992126
0
LINE
8
BLACK
6
CONTINUOUS
10
0.5351046456692913
20
1.0997746062992126
11
0.5348727559055118
21
1.1000419291338583
0
LINE
8
BLACK
6
CONTINUOUS
10
0.5348727559055118
20
1.1000419291338583
11
0.5345458661417323
21
1.1001773622047244
0
LINE
8
BLACK
6
CONTINUOUS
10
0.5345458661417323
20
1.1001773622047244
11
0.5336077952755905
21
1.1011154330708661
0
LINE
8
BLACK
6
CONTINUOUS
10
0.5336077952755905
20
1.1011154330708661
11
0.5334723622047244
21
1.101442283464567
0
LINE
8
BLACK
6
CONTINUOUS
10
0.5334723622047244
20
1.101442283464567
11
0.5332050393700787
21
1.1016741732283464
0
LINE
8
BLACK
6
CONTINUOUS
10
0.5332050393700787
20
1.1016741732283464
11
0.532266968503937
21
1.1035503543307086
0
LINE
8
BLACK
6
CONTINUOUS
10
0.532266968503937
20
1.1035503543307086
11
0.5322314566929134
21
1.1040494881889764
0
LINE
8
BLACK
6
CONTINUOUS
10
0.5322314566929134
20
1.1040494881889764
11
0.5320399606299212
21
1.1045118897637796
0
LINE
8
BLACK
6
CONTINUOUS
10
0.5320399606299212
20
1.1045118897637796
11
0.5320399606299212
21
1.1120166535433071
0
LINE
8
BLACK
6
CONTINUOUS
10
0.5320399606299212
20
1.1120166535433071
11
0.5326696850393701
21
1.1135369291338582
0
LINE
8
BLACK
6
CONTINUOUS
10
0.5326696850393701
20
1.1135369291338582
11
0.5341899606299213
21
1.114166653543307
0
LINE
8
BLACK
6
CONTINUOUS
10
0.5341899606299213
20
1.114166653543307
11
0.5538899606299212
21
1.114166653543307
0
LINE
8
BLACK
6
CONTINUOUS
10
0.5538899606299212
20
1.114166653543307
11
0.5554102362204725
21
1.1135369291338582
0
LINE
8
BLACK
6
CONTINUOUS
10
0.5363399606299213
20
1.1050194094488188
11
0.536895
21
1.1039092913385826
0
LINE
8
BLACK
6
CONTINUOUS
10
0.536895
20
1.1039092913385826
11
0.53733968503937
21
1.1034646456692914
0
LINE
8
BLACK
6
CONTINUOUS
10
0.53733968503937
20
1.1034646456692914
11
0.5384499212598425
21
1.102909527559055
0
LINE
8
BLACK
6
CONTINUOUS
10
0.5384499212598425
20
1.102909527559055
11
0.5402490551181103
21
1.102909527559055
0
LINE
8
BLACK
6
CONTINUOUS
10
0.5402490551181103
20
1.102909527559055
11
0.5413592913385826
21
1.1034646456692914
0
LINE
8
BLACK
6
CONTINUOUS
10
0.5413592913385826
20
1.1034646456692914
11
0.5418038976377952
21
1.1039092519685039
0
LINE
8
BLACK
6
CONTINUOUS
10
0.5418038976377952
20
1.1039092519685039
11
0.5423590157480315
21
1.1050194488188976
0
LINE
8
BLACK
6
CONTINUOUS
10
0.5423590157480315
20
1.1050194488188976
11
0.5423590157480315
21
1.109866653543307
0
LINE
8
BLACK
6
CONTINUOUS
10
0.5423590157480315
20
1.109866653543307
11
0.5363399606299213
21
1.109866653543307
0
LINE
8
BLACK
6
CONTINUOUS
10
0.5363399606299213
20
1.109866653543307
11
0.5363399606299213
21
1.1050194094488188
0
LINE
8
BLACK
6
CONTINUOUS
10
0.6541370472440945
20
1.1259432677165353
11
0.6544066535433071
21
1.1259833858267716
0
LINE
8
BLACK
6
CONTINUOUS
10
0.6544066535433071
20
1.1259833858267716
11
0.6581590551181102
21
1.1250453149606299
0
LINE
8
BLACK
6
CONTINUOUS
10
0.6581590551181102
20
1.1250453149606299
11
0.6583553937007874
21
1.1248998031496062
0
LINE
8
BLACK
6
CONTINUOUS
10
0.6583553937007874
20
1.1248998031496062
11
0.658599094488189
21
1.1248825196850394
0
LINE
8
BLACK
6
CONTINUOUS
10
0.658599094488189
20
1.1248825196850394
11
0.6604752755905512
21
1.1239444488188977
0
LINE
8
BLACK
6
CONTINUOUS
10
0.6604752755905512
20
1.1239444488188977
11
0.660707125984252
21
1.1236770866141732
0
LINE
8
BLACK
6
CONTINUOUS
10
0.660707125984252
20
1.1236770866141732
11
0.6610340551181102
21
1.1235416929133859
0
LINE
8
BLACK
6
CONTINUOUS
10
0.6610340551181102
20
1.1235416929133859
11
0.6619721653543307
21
1.1226035826771654
0
LINE
8
BLACK
6
CONTINUOUS
10
0.6619721653543307
20
1.1226035826771654
11
0.6621075590551181
21
1.1222766535433071
0
LINE
8
BLACK
6
CONTINUOUS
10
0.6621075590551181
20
1.1222766535433071
11
0.6623749212598425
21
1.1220448031496062
0
LINE
8
BLACK
6
CONTINUOUS
10
0.6623749212598425
20
1.1220448031496062
11
0.6633129921259843
21
1.120168622047244
0
LINE
8
BLACK
6
CONTINUOUS
10
0.6633129921259843
20
1.120168622047244
11
0.6633484251968503
21
1.1196694488188976
0
LINE
8
BLACK
6
CONTINUOUS
10
0.6633484251968503
20
1.1196694488188976
11
0.6635399606299213
21
1.119207125984252
0
LINE
8
BLACK
6
CONTINUOUS
10
0.6635399606299213
20
1.119207125984252
11
0.6635399606299213
21
1.1173309448818898
0
LINE
8
BLACK
6
CONTINUOUS
10
0.6635399606299213
20
1.1173309448818898
11
0.6633484251968503
21
1.1168685826771654
0
LINE
8
BLACK
6
CONTINUOUS
10
0.6633484251968503
20
1.1168685826771654
11
0.6633129921259843
21
1.1163694881889763
0
LINE
8
BLACK
6
CONTINUOUS
10
0.6633129921259843
20
1.1163694881889763
11
0.6623749212598425
21
1.1144932283464566
0
LINE
8
BLACK
6
CONTINUOUS
10
0.6623749212598425
20
1.1144932283464566
11
0.6621075196850393
21
1.1142613385826772
0
LINE
8
BLACK
6
CONTINUOUS
10
0.6621075196850393
20
1.1142613385826772
11
0.6619721259842519
21
1.1139344094488188
0
LINE
8
BLACK
6
CONTINUOUS
10
0.6619721259842519
20
1.1139344094488188
11
0.6610340157480314
21
1.1129963385826771
0
LINE
8
BLACK
6
CONTINUOUS
10
0.6610340157480314
20
1.1129963385826771
11
0.660707125984252
21
1.1128609448818898
0
LINE
8
BLACK
6
CONTINUOUS
10
0.660707125984252
20
1.1128609448818898
11
0.6604753149606299
21
1.1125936220472441
0
LINE
8
BLACK
6
CONTINUOUS
10
0.6604753149606299
20
1.1125936220472441
11
0.6585991338582677
21
1.1116555511811024
0
LINE
8
BLACK
6
CONTINUOUS
10
0.6585991338582677
20
1.1116555511811024
11
0.6583553937007874
21
1.111638188976378
0
LINE
8
BLACK
6
CONTINUOUS
10
0.6583553937007874
20
1.111638188976378
11
0.6581590157480315
21
1.1114927165354331
0
LINE
8
BLACK
6
CONTINUOUS
10
0.6581590157480315
20
1.1114927165354331
11
0.6544066141732283
21
1.1105546456692914
0
LINE
8
BLACK
6
CONTINUOUS
10
0.6544066141732283
20
1.1105546456692914
11
0.654136968503937
21
1.1105947637795275
0
LINE
8
BLACK
6
CONTINUOUS
10
0.654136968503937
20
1.1105947637795275
11
0.6538851968503937
21
1.1104904724409448
0
LINE
8
BLACK
6
CONTINUOUS
10
0.6538851968503937
20
1.1104904724409448
11
0.6491947244094488
21
1.1104904724409448
0
LINE
8
BLACK
6
CONTINUOUS
10
0.6491947244094488
20
1.1104904724409448
11
0.648942874015748
21
1.1105947637795275
0
LINE
8
BLACK
6
CONTINUOUS
10
0.648942874015748
20
1.1105947637795275
11
0.6486732677165354
21
1.1105546456692914
0
LINE
8
BLACK
6
CONTINUOUS
10
0.6486732677165354
20
1.1105546456692914
11
0.644920905511811
21
1.1114927165354331
0
LINE
8
BLACK
6
CONTINUOUS
10
0.644920905511811
20
1.1114927165354331
11
0.6447245275590551
21
1.111638188976378
0
LINE
8
BLACK
6
CONTINUOUS
10
0.6447245275590551
20
1.111638188976378
11
0.6444808661417323
21
1.1116555118110236
0
LINE
8
BLACK
6
CONTINUOUS
10
0.6444808661417323
20
1.1116555118110236
11
0.6426046456692913
21
1.1125936220472441
0
LINE
8
BLACK
6
CONTINUOUS
10
0.6426046456692913
20
1.1125936220472441
11
0.6423727559055118
21
1.1128609448818898
0
LINE
8
BLACK
6
CONTINUOUS
10
0.6423727559055118
20
1.1128609448818898
11
0.6420458661417323
21
1.1129963779527559
0
LINE
8
BLACK
6
CONTINUOUS
10
0.6420458661417323
20
1.1129963779527559
11
0.6411077952755906
21
1.1139344488188976
0
LINE
8
BLACK
6
CONTINUOUS
10
0.6411077952755906
20
1.1139344488188976
11
0.6409723622047244
21
1.1142613385826772
0
LINE
8
BLACK
6
CONTINUOUS
10
0.6409723622047244
20
1.1142613385826772
11
0.6407050393700787
21
1.1144932283464566
0
LINE
8
BLACK
6
CONTINUOUS
10
0.6407050393700787
20
1.1144932283464566
11
0.6397669291338582
21
1.1163694488188975
0
LINE
8
BLACK
6
CONTINUOUS
10
0.6397669291338582
20
1.1163694488188975
11
0.6397314566929134
21
1.1168685826771654
0
LINE
8
BLACK
6
CONTINUOUS
10
0.6397314566929134
20
1.1168685826771654
11
0.6395399606299212
21
1.1173309448818898
0
LINE
8
BLACK
6
CONTINUOUS
10
0.6395399606299212
20
1.1173309448818898
11
0.6395399606299212
21
1.119207125984252
0
LINE
8
BLACK
6
CONTINUOUS
10
0.6395399606299212
20
1.119207125984252
11
0.6397314566929134
21
1.1196694881889764
0
LINE
8
BLACK
6
CONTINUOUS
10
0.6397314566929134
20
1.1196694881889764
11
0.639766968503937
21
1.1201686614173227
0
LINE
8
BLACK
6
CONTINUOUS
10
0.639766968503937
20
1.1201686614173227
11
0.6407050393700787
21
1.1220448425196849
0
LINE
8
BLACK
6
CONTINUOUS
10
0.6407050393700787
20
1.1220448425196849
11
0.6409723622047244
21
1.1222766535433071
0
LINE
8
BLACK
6
CONTINUOUS
10
0.6409723622047244
20
1.1222766535433071
11
0.6411077559055118
21
1.1226035433070867
0
LINE
8
BLACK
6
CONTINUOUS
10
0.6411077559055118
20
1.1226035433070867
11
0.6420458267716536
21
1.1235416535433072
0
LINE
8
BLACK
6
CONTINUOUS
10
0.6420458267716536
20
1.1235416535433072
11
0.6423727559055118
21
1.1236770472440945
0
LINE
8
BLACK
6
CONTINUOUS
10
0.6423727559055118
20
1.1236770472440945
11
0.6426046456692913
21
1.1239444488188977
0
LINE
8
BLACK
6
CONTINUOUS
10
0.6426046456692913
20
1.1239444488188977
11
0.644480905511811
21
1.1248825196850394
0
LINE
8
BLACK
6
CONTINUOUS
10
0.644480905511811
20
1.1248825196850394
11
0.6447246062992126
21
1.1248998031496062
0
LINE
8
BLACK
6
CONTINUOUS
10
0.6447246062992126
20
1.1248998031496062
11
0.644920905511811
21
1.1250452755905511
0
LINE
8
BLACK
6
CONTINUOUS
10
0.644920905511811
20
1.1250452755905511
11
0.6486732283464567
21
1.1259833858267716
0
LINE
8
BLACK
6
CONTINUOUS
10
0.6486732283464567
20
1.1259833858267716
11
0.6489428346456693
21
1.1259432677165353
0
LINE
8
BLACK
6
CONTINUOUS
10
0.6489428346456693
20
1.1259432677165353
11
0.6491947244094488
21
1.1260475984251967
0
LINE
8
BLACK
6
CONTINUOUS
10
0.6491947244094488
20
1.1260475984251967
11
0.6538851968503937
21
1.1260475984251967
0
LINE
8
BLACK
6
CONTINUOUS
10
0.6538851968503937
20
1.1260475984251967
11
0.6541370472440945
21
1.1259432677165353
0
LINE
8
BLACK
6
CONTINUOUS
10
0.6461928346456692
20
1.1209309448818898
11
0.6448396850393701
21
1.1202543700787402
0
LINE
8
BLACK
6
CONTINUOUS
10
0.6448396850393701
20
1.1202543700787402
11
0.6443950393700787
21
1.1198097244094487
0
LINE
8
BLACK
6
CONTINUOUS
10
0.6443950393700787
20
1.1198097244094487
11
0.6438399606299212
21
1.1186995669291337
0
LINE
8
BLACK
6
CONTINUOUS
10
0.6438399606299212
20
1.1186995669291337
11
0.6438399606299212
21
1.1178385039370078
0
LINE
8
BLACK
6
CONTINUOUS
10
0.6438399606299212
20
1.1178385039370078
11
0.6443950787401574
21
1.1167282677165353
0
LINE
8
BLACK
6
CONTINUOUS
10
0.6443950787401574
20
1.1167282677165353
11
0.6448396850393701
21
1.1162836614173228
0
LINE
8
BLACK
6
CONTINUOUS
10
0.6448396850393701
20
1.1162836614173228
11
0.6461926771653543
21
1.1156071259842519
0
LINE
8
BLACK
6
CONTINUOUS
10
0.6461926771653543
20
1.1156071259842519
11
0.6494594488188976
21
1.1147904724409448
0
LINE
8
BLACK
6
CONTINUOUS
10
0.6494594488188976
20
1.1147904724409448
11
0.6536204724409449
21
1.1147904724409448
0
LINE
8
BLACK
6
CONTINUOUS
10
0.6536204724409449
20
1.1147904724409448
11
0.6568872834645669
21
1.1156071653543307
0
LINE
8
BLACK
6
CONTINUOUS
10
0.6568872834645669
20
1.1156071653543307
11
0.6582401968503937
21
1.1162836220472441
0
LINE
8
BLACK
6
CONTINUOUS
10
0.6582401968503937
20
1.1162836220472441
11
0.6586848425196851
21
1.1167282677165353
0
LINE
8
BLACK
6
CONTINUOUS
10
0.6586848425196851
20
1.1167282677165353
11
0.6592399606299213
21
1.117838464566929
0
LINE
8
BLACK
6
CONTINUOUS
10
0.6592399606299213
20
1.117838464566929
11
0.6592399606299213
21
1.1186995669291337
0
LINE
8
BLACK
6
CONTINUOUS
10
0.6592399606299213
20
1.1186995669291337
11
0.6586848425196851
21
1.1198097637795275
0
LINE
8
BLACK
6
CONTINUOUS
10
0.6586848425196851
20
1.1198097637795275
11
0.6582402362204725
21
1.1202543700787402
0
LINE
8
BLACK
6
CONTINUOUS
10
0.6582402362204725
20
1.1202543700787402
11
0.6568870866141732
21
1.1209309448818898
0
LINE
8
BLACK
6
CONTINUOUS
10
0.6568870866141732
20
1.1209309448818898
11
0.653620590551181
21
1.1217475984251968
0
LINE
8
BLACK
6
CONTINUOUS
10
0.653620590551181
20
1.1217475984251968
11
0.6494594881889764
21
1.1217475984251968
0
LINE
8
BLACK
6
CONTINUOUS
10
0.6494594881889764
20
1.1217475984251968
11
0.6461928346456692
21
1.1209309448818898
0
LINE
8
BLACK
6
CONTINUOUS
10
0.5279102362204724
20
1.1288559842519685
11
0.5285399606299213
21
1.1273357086614173
0
LINE
8
BLACK
6
CONTINUOUS
10
0.5285399606299213
20
1.1273357086614173
11
0.5285399606299213
21
1.1151404724409448
0
LINE
8
BLACK
6
CONTINUOUS
10
0.5285399606299213
20
1.1151404724409448
11
0.5279102362204724
21
1.1136201968503936
0
LINE
8
BLACK
6
CONTINUOUS
10
0.5279102362204724
20
1.1136201968503936
11
0.5263899606299213
21
1.112990472440945
0
LINE
8
BLACK
6
CONTINUOUS
10
0.5263899606299213
20
1.112990472440945
11
0.52486968503937
21
1.1136201968503936
0
LINE
8
BLACK
6
CONTINUOUS
10
0.52486968503937
20
1.1136201968503936
11
0.5242399606299213
21
1.1151404724409448
0
LINE
8
BLACK
6
CONTINUOUS
10
0.5242399606299213
20
1.1151404724409448
11
0.5242399606299213
21
1.1221451181102362
0
LINE
8
BLACK
6
CONTINUOUS
10
0.5242399606299213
20
1.1221451181102362
11
0.5166531102362205
21
1.1145582677165353
0
LINE
8
BLACK
6
CONTINUOUS
10
0.5166531102362205
20
1.1145582677165353
11
0.516190748031496
21
1.1143667322834645
0
LINE
8
BLACK
6
CONTINUOUS
10
0.516190748031496
20
1.1143667322834645
11
0.5158126771653543
21
1.1140388582677165
0
LINE
8
BLACK
6
CONTINUOUS
10
0.5158126771653543
20
1.1140388582677165
11
0.5129984251968503
21
1.1131007874015748
0
LINE
8
BLACK
6
CONTINUOUS
10
0.5129984251968503
20
1.1131007874015748
11
0.5126454330708662
21
1.1131258661417323
0
LINE
8
BLACK
6
CONTINUOUS
10
0.5126454330708662
20
1.1131258661417323
11
0.5123185433070866
21
1.112990472440945
0
LINE
8
BLACK
6
CONTINUOUS
10
0.5123185433070866
20
1.112990472440945
11
0.5104423622047244
21
1.112990472440945
0
LINE
8
BLACK
6
CONTINUOUS
10
0.5104423622047244
20
1.112990472440945
11
0.50998
21
1.113181968503937
0
LINE
8
BLACK
6
CONTINUOUS
10
0.50998
20
1.113181968503937
11
0.509480905511811
21
1.1132174409448818
0
LINE
8
BLACK
6
CONTINUOUS
10
0.509480905511811
20
1.1132174409448818
11
0.5076046456692913
21
1.1141555118110236
0
LINE
8
BLACK
6
CONTINUOUS
10
0.5076046456692913
20
1.1141555118110236
11
0.5073727559055118
21
1.114422874015748
0
LINE
8
BLACK
6
CONTINUOUS
10
0.5073727559055118
20
1.114422874015748
11
0.5070458267716536
21
1.1145583070866141
0
LINE
8
BLACK
6
CONTINUOUS
10
0.5070458267716536
20
1.1145583070866141
11
0.5061077559055118
21
1.1154964173228346
0
LINE
8
BLACK
6
CONTINUOUS
10
0.5061077559055118
20
1.1154964173228346
11
0.5059723622047244
21
1.1158232677165354
0
LINE
8
BLACK
6
CONTINUOUS
10
0.5059723622047244
20
1.1158232677165354
11
0.5057050393700787
21
1.1160551181102363
0
LINE
8
BLACK
6
CONTINUOUS
10
0.5057050393700787
20
1.1160551181102363
11
0.504766968503937
21
1.1179312992125985
0
LINE
8
BLACK
6
CONTINUOUS
10
0.504766968503937
20
1.1179312992125985
11
0.5047314566929134
21
1.1184304330708661
0
LINE
8
BLACK
6
CONTINUOUS
10
0.5047314566929134
20
1.1184304330708661
11
0.5045399606299212
21
1.1188928346456692
0
LINE
8
BLACK
6
CONTINUOUS
10
0.5045399606299212
20
1.1188928346456692
11
0.5045399606299212
21
1.1235833070866141
0
LINE
8
BLACK
6
CONTINUOUS
10
0.5045399606299212
20
1.1235833070866141
11
0.5047314566929134
21
1.1240456692913385
0
LINE
8
BLACK
6
CONTINUOUS
10
0.5047314566929134
20
1.1240456692913385
11
0.504766968503937
21
1.1245448425196851
0
LINE
8
BLACK
6
CONTINUOUS
10
0.504766968503937
20
1.1245448425196851
11
0.5057050393700787
21
1.1264210236220473
0
LINE
8
BLACK
6
CONTINUOUS
10
0.5057050393700787
20
1.1264210236220473
11
0.5059723622047244
21
1.1266528346456692
0
LINE
8
BLACK
6
CONTINUOUS
10
0.5059723622047244
20
1.1266528346456692
11
0.5061077559055118
21
1.1269797244094488
0
LINE
8
BLACK
6
CONTINUOUS
10
0.5061077559055118
20
1.1269797244094488
11
0.5070458267716536
21
1.1279178346456693
0
LINE
8
BLACK
6
CONTINUOUS
10
0.5070458267716536
20
1.1279178346456693
11
0.5085661023622047
21
1.1285475984251969
0
LINE
8
BLACK
6
CONTINUOUS
10
0.5085661023622047
20
1.1285475984251969
11
0.5100863779527559
21
1.1279179133858268
0
LINE
8
BLACK
6
CONTINUOUS
10
0.5100863779527559
20
1.1279179133858268
11
0.5107161417322834
21
1.1263976377952756
0
LINE
8
BLACK
6
CONTINUOUS
10
0.5107161417322834
20
1.1263976377952756
11
0.5100864566929134
21
1.1248773622047243
0
LINE
8
BLACK
6
CONTINUOUS
10
0.5100864566929134
20
1.1248773622047243
11
0.5093950393700787
21
1.1241859055118111
0
LINE
8
BLACK
6
CONTINUOUS
10
0.5093950393700787
20
1.1241859055118111
11
0.5088399606299212
21
1.1230757480314961
0
LINE
8
BLACK
6
CONTINUOUS
10
0.5088399606299212
20
1.1230757480314961
11
0.5088399606299212
21
1.1194003543307087
0
LINE
8
BLACK
6
CONTINUOUS
10
0.5088399606299212
20
1.1194003543307087
11
0.5093950393700787
21
1.1182901968503938
0
LINE
8
BLACK
6
CONTINUOUS
10
0.5093950393700787
20
1.1182901968503938
11
0.50983968503937
21
1.1178455511811023
0
LINE
8
BLACK
6
CONTINUOUS
10
0.50983968503937
20
1.1178455511811023
11
0.5109499212598425
21
1.1172904724409449
0
LINE
8
BLACK
6
CONTINUOUS
10
0.5109499212598425
20
1.1172904724409449
11
0.5119696062992126
21
1.1172904724409449
0
LINE
8
BLACK
6
CONTINUOUS
10
0.5119696062992126
20
1.1172904724409449
11
0.5139714566929133
21
1.1179577165354331
0
LINE
8
BLACK
6
CONTINUOUS
10
0.5139714566929133
20
1.1179577165354331
11
0.52486968503937
21
1.1288559842519685
0
LINE
8
BLACK
6
CONTINUOUS
10
0.52486968503937
20
1.1288559842519685
11
0.5263899606299213
21
1.1294857086614174
0
LINE
8
BLACK
6
CONTINUOUS
10
0.5263899606299213
20
1.1294857086614174
11
0.5279102362204724
21
1.1288559842519685
0
LINE
8
BLACK
6
CONTINUOUS
10
0.5466370472440945
20
1.1337623228346456
11
0.546906653543307
21
1.1338024409448819
0
LINE
8
BLACK
6
CONTINUOUS
10
0.546906653543307
20
1.1338024409448819
11
0.5506590551181102
21
1.1328643700787402
0
LINE
8
BLACK
6
CONTINUOUS
10
0.5506590551181102
20
1.1328643700787402
11
0.5508553937007874
21
1.1327188582677166
0
LINE
8
BLACK
6
CONTINUOUS
10
0.5508553937007874
20
1.1327188582677166
11
0.5510990944881889
21
1.1327015748031495
0
LINE
8
BLACK
6
CONTINUOUS
10
0.5510990944881889
20
1.1327015748031495
11
0.5529752755905512
21
1.1317635039370078
0
LINE
8
BLACK
6
CONTINUOUS
10
0.5529752755905512
20
1.1317635039370078
11
0.5532071259842519
21
1.1314961417322835
0
LINE
8
BLACK
6
CONTINUOUS
10
0.5532071259842519
20
1.1314961417322835
11
0.5535340551181103
21
1.131360748031496
0
LINE
8
BLACK
6
CONTINUOUS
10
0.5535340551181103
20
1.131360748031496
11
0.5544721653543307
21
1.1304226377952755
0
LINE
8
BLACK
6
CONTINUOUS
10
0.5544721653543307
20
1.1304226377952755
11
0.554607559055118
21
1.1300957086614174
0
LINE
8
BLACK
6
CONTINUOUS
10
0.554607559055118
20
1.1300957086614174
11
0.5548749212598425
21
1.1298638582677165
0
LINE
8
BLACK
6
CONTINUOUS
10
0.5548749212598425
20
1.1298638582677165
11
0.5558129921259842
21
1.1279876771653543
0
LINE
8
BLACK
6
CONTINUOUS
10
0.5558129921259842
20
1.1279876771653543
11
0.5558484251968504
21
1.1274885039370079
0
LINE
8
BLACK
6
CONTINUOUS
10
0.5558484251968504
20
1.1274885039370079
11
0.5560399606299212
21
1.1270261811023621
0
LINE
8
BLACK
6
CONTINUOUS
10
0.5560399606299212
20
1.1270261811023621
11
0.5560399606299212
21
1.1251499999999999
0
LINE
8
BLACK
6
CONTINUOUS
10
0.5560399606299212
20
1.1251499999999999
11
0.5558484251968504
21
1.1246876377952755
0
LINE
8
BLACK
6
CONTINUOUS
10
0.5558484251968504
20
1.1246876377952755
11
0.5558129921259842
21
1.1241885433070866
0
LINE
8
BLACK
6
CONTINUOUS
10
0.5558129921259842
20
1.1241885433070866
11
0.5548749212598425
21
1.1223122834645669
0
LINE
8
BLACK
6
CONTINUOUS
10
0.5548749212598425
20
1.1223122834645669
11
0.5546075196850394
21
1.1220803937007873
0
LINE
8
BLACK
6
CONTINUOUS
10
0.5546075196850394
20
1.1220803937007873
11
0.554472125984252
21
1.1217534645669291
0
LINE
8
BLACK
6
CONTINUOUS
10
0.554472125984252
20
1.1217534645669291
11
0.5535340157480315
21
1.1208153937007874
0
LINE
8
BLACK
6
CONTINUOUS
10
0.5535340157480315
20
1.1208153937007874
11
0.5532071259842519
21
1.1206799999999999
0
LINE
8
BLACK
6
CONTINUOUS
10
0.5532071259842519
20
1.1206799999999999
11
0.5529753149606299
21
1.1204126771653542
0
LINE
8
BLACK
6
CONTINUOUS
10
0.5529753149606299
20
1.1204126771653542
11
0.5510991338582677
21
1.1194746062992125
0
LINE
8
BLACK
6
CONTINUOUS
10
0.5510991338582677
20
1.1194746062992125
11
0.5508553937007874
21
1.1194572440944881
0
LINE
8
BLACK
6
CONTINUOUS
10
0.5508553937007874
20
1.1194572440944881
11
0.5506590157480314
21
1.1193117716535432
0
LINE
8
BLACK
6
CONTINUOUS
10
0.5506590157480314
20
1.1193117716535432
11
0.5469066141732284
21
1.1183737007874015
0
LINE
8
BLACK
6
CONTINUOUS
10
0.5469066141732284
20
1.1183737007874015
11
0.5466369685039369
21
1.1184138188976378
0
LINE
8
BLACK
6
CONTINUOUS
10
0.5466369685039369
20
1.1184138188976378
11
0.5463851968503937
21
1.1183095275590551
0
LINE
8
BLACK
6
CONTINUOUS
10
0.5463851968503937
20
1.1183095275590551
11
0.5416947244094488
21
1.1183095275590551
0
LINE
8
BLACK
6
CONTINUOUS
10
0.5416947244094488
20
1.1183095275590551
11
0.541442874015748
21
1.1184138188976378
0
LINE
8
BLACK
6
CONTINUOUS
10
0.541442874015748
20
1.1184138188976378
11
0.5411732677165354
21
1.1183737007874015
0
LINE
8
BLACK
6
CONTINUOUS
10
0.5411732677165354
20
1.1183737007874015
11
0.537420905511811
21
1.1193117716535432
0
LINE
8
BLACK
6
CONTINUOUS
10
0.537420905511811
20
1.1193117716535432
11
0.5372245275590551
21
1.1194572440944881
0
LINE
8
BLACK
6
CONTINUOUS
10
0.5372245275590551
20
1.1194572440944881
11
0.5369808661417322
21
1.1194745669291339
0
LINE
8
BLACK
6
CONTINUOUS
10
0.5369808661417322
20
1.1194745669291339
11
0.5351046456692913
21
1.1204126771653542
0
LINE
8
BLACK
6
CONTINUOUS
10
0.5351046456692913
20
1.1204126771653542
11
0.5348727559055118
21
1.1206799999999999
0
LINE
8
BLACK
6
CONTINUOUS
10
0.5348727559055118
20
1.1206799999999999
11
0.5345458661417323
21
1.1208154330708662
0
LINE
8
BLACK
6
CONTINUOUS
10
0.5345458661417323
20
1.1208154330708662
11
0.5336077952755905
21
1.1217535039370079
0
LINE
8
BLACK
6
CONTINUOUS
10
0.5336077952755905
20
1.1217535039370079
11
0.5334723622047244
21
1.1220803937007873
0
LINE
8
BLACK
6
CONTINUOUS
10
0.5334723622047244
20
1.1220803937007873
11
0.5332050393700787
21
1.1223122834645669
0
LINE
8
BLACK
6
CONTINUOUS
10
0.5332050393700787
20
1.1223122834645669
11
0.5322669291338582
21
1.1241885039370079
0
LINE
8
BLACK
6
CONTINUOUS
10
0.5322669291338582
20
1.1241885039370079
11
0.5322314566929134
21
1.1246876377952755
0
LINE
8
BLACK
6
CONTINUOUS
10
0.5322314566929134
20
1.1246876377952755
11
0.5320399606299212
21
1.1251499999999999
0
LINE
8
BLACK
6
CONTINUOUS
10
0.5320399606299212
20
1.1251499999999999
11
0.5320399606299212
21
1.1270261811023621
0
LINE
8
BLACK
6
CONTINUOUS
10
0.5320399606299212
20
1.1270261811023621
11
0.5322314566929134
21
1.1274885433070867
0
LINE
8
BLACK
6
CONTINUOUS
10
0.5322314566929134
20
1.1274885433070867
11
0.532266968503937
21
1.1279877165354331
0
LINE
8
BLACK
6
CONTINUOUS
10
0.532266968503937
20
1.1279877165354331
11
0.5332050393700787
21
1.1298638976377953
0
LINE
8
BLACK
6
CONTINUOUS
10
0.5332050393700787
20
1.1298638976377953
11
0.5334723622047244
21
1.1300957086614174
0
LINE
8
BLACK
6
CONTINUOUS
10
0.5334723622047244
20
1.1300957086614174
11
0.5336077559055118
21
1.1304225984251968
0
LINE
8
BLACK
6
CONTINUOUS
10
0.5336077559055118
20
1.1304225984251968
11
0.5345458267716535
21
1.1313607086614172
0
LINE
8
BLACK
6
CONTINUOUS
10
0.5345458267716535
20
1.1313607086614172
11
0.5348727559055118
21
1.1314961023622048
0
LINE
8
BLACK
6
CONTINUOUS
10
0.5348727559055118
20
1.1314961023622048
11
0.5351046456692913
21
1.1317635039370078
0
LINE
8
BLACK
6
CONTINUOUS
10
0.5351046456692913
20
1.1317635039370078
11
0.536980905511811
21
1.1327015748031495
0
LINE
8
BLACK
6
CONTINUOUS
10
0.536980905511811
20
1.1327015748031495
11
0.5372246062992125
21
1.1327188582677166
0
LINE
8
BLACK
6
CONTINUOUS
10
0.5372246062992125
20
1.1327188582677166
11
0.537420905511811
21
1.1328643307086614
0
LINE
8
BLACK
6
CONTINUOUS
10
0.537420905511811
20
1.1328643307086614
11
0.5411732283464566
21
1.1338024409448819
0
LINE
8
BLACK
6
CONTINUOUS
10
0.5411732283464566
20
1.1338024409448819
11
0.5414428346456692
21
1.1337623228346456
0
LINE
8
BLACK
6
CONTINUOUS
10
0.5414428346456692
20
1.1337623228346456
11
0.5416947244094488
21
1.1338666535433071
0
LINE
8
BLACK
6
CONTINUOUS
10
0.5416947244094488
20
1.1338666535433071
11
0.5463851968503937
21
1.1338666535433071
0
LINE
8
BLACK
6
CONTINUOUS
10
0.5463851968503937
20
1.1338666535433071
11
0.5466370472440945
21
1.1337623228346456
0
LINE
8
BLACK
6
CONTINUOUS
10
0.5386928346456693
20
1.1287499999999999
11
0.53733968503937
21
1.1280734251968503
0
LINE
8
BLACK
6
CONTINUOUS
10
0.53733968503937
20
1.1280734251968503
11
0.5368950393700788
21
1.127628779527559
0
LINE
8
BLACK
6
CONTINUOUS
10
0.5368950393700788
20
1.127628779527559
11
0.5363399606299213
21
1.1265186220472441
0
LINE
8
BLACK
6
CONTINUOUS
10
0.5363399606299213
20
1.1265186220472441
11
0.5363399606299213
21
1.1256575590551181
0
LINE
8
BLACK
6
CONTINUOUS
10
0.5363399606299213
20
1.1256575590551181
11
0.5368950787401575
21
1.1245473228346456
0
LINE
8
BLACK
6
CONTINUOUS
10
0.5368950787401575
20
1.1245473228346456
11
0.53733968503937
21
1.1241027165354331
0
LINE
8
BLACK
6
CONTINUOUS
10
0.53733968503937
20
1.1241027165354331
11
0.5386926771653543
21
1.1234261811023623
0
LINE
8
BLACK
6
CONTINUOUS
10
0.5386926771653543
20
1.1234261811023623
11
0.5419594488188976
21
1.1226095275590551
0
LINE
8
BLACK
6
CONTINUOUS
10
0.5419594488188976
20
1.1226095275590551
11
0.5461204724409449
21
1.1226095275590551
0
LINE
8
BLACK
6
CONTINUOUS
10
0.5461204724409449
20
1.1226095275590551
11
0.5493872834645669
21
1.123426220472441
0
LINE
8
BLACK
6
CONTINUOUS
10
0.5493872834645669
20
1.123426220472441
11
0.5507401968503937
21
1.1241026771653544
0
LINE
8
BLACK
6
CONTINUOUS
10
0.5507401968503937
20
1.1241026771653544
11
0.551184842519685
21
1.1245473228346456
0
LINE
8
BLACK
6
CONTINUOUS
10
0.551184842519685
20
1.1245473228346456
11
0.5517399606299213
21
1.1256575196850394
0
LINE
8
BLACK
6
CONTINUOUS
10
0.5517399606299213
20
1.1256575196850394
11
0.5517399606299213
21
1.1265186220472441
0
LINE
8
BLACK
6
CONTINUOUS
10
0.5517399606299213
20
1.1265186220472441
11
0.551184842519685
21
1.1276288188976378
0
LINE
8
BLACK
6
CONTINUOUS
10
0.551184842519685
20
1.1276288188976378
11
0.5507402362204724
21
1.1280734251968503
0
LINE
8
BLACK
6
CONTINUOUS
10
0.5507402362204724
20
1.1280734251968503
11
0.5493870866141732
21
1.1287499999999999
0
LINE
8
BLACK
6
CONTINUOUS
10
0.5493870866141732
20
1.1287499999999999
11
0.5461205905511811
21
1.1295666535433071
0
LINE
8
BLACK
6
CONTINUOUS
10
0.5461205905511811
20
1.1295666535433071
11
0.5419594881889763
21
1.1295666535433071
0
LINE
8
BLACK
6
CONTINUOUS
10
0.5419594881889763
20
1.1295666535433071
11
0.5386928346456693
21
1.1287499999999999
0
LINE
8
BLACK
6
CONTINUOUS
10
0.4503835039370079
20
1.1928851181102362
11
0.4505127559055118
21
1.1929079133858267
0
LINE
8
BLACK
6
CONTINUOUS
10
0.4505127559055118
20
1.1929079133858267
11
0.4506263385826771
21
1.1928422834645669
0
LINE
8
BLACK
6
CONTINUOUS
10
0.4506263385826771
20
1.1928422834645669
11
0.4510099212598425
21
1.1927746850393701
0
LINE
8
BLACK
6
CONTINUOUS
10
0.4510099212598425
20
1.1927746850393701
11
0.4515975984251969
21
1.1922815354330709
0
LINE
8
BLACK
6
CONTINUOUS
10
0.4515975984251969
20
1.1922815354330709
11
0.4522619291338583
21
1.1918979921259842
0
LINE
8
BLACK
6
CONTINUOUS
10
0.4522619291338583
20
1.1918979921259842
11
0.452353031496063
21
1.1916476377952756
0
LINE
8
BLACK
6
CONTINUOUS
10
0.452353031496063
20
1.1916476377952756
11
0.4525571653543307
21
1.191476377952756
0
LINE
8
BLACK
6
CONTINUOUS
10
0.4525571653543307
20
1.191476377952756
11
0.4526903937007874
21
1.1907207874015748
0
LINE
8
BLACK
6
CONTINUOUS
10
0.4526903937007874
20
1.1907207874015748
11
0.4529527559055118
21
1.1899999999999999
0
LINE
8
BLACK
6
CONTINUOUS
10
0.4529527559055118
20
1.1899999999999999
11
0.4529527559055118
21
1.1376196456692913
0
LINE
8
BLACK
6
CONTINUOUS
10
0.4529527559055118
20
1.1376196456692913
11
0.4532303543307086
21
1.1377533464566929
0
LINE
8
BLACK
6
CONTINUOUS
10
0.4532303543307086
20
1.1377533464566929
11
0.4567696456692913
21
1.1377533464566929
0
LINE
8
BLACK
6
CONTINUOUS
10
0.4567696456692913
20
1.1377533464566929
11
0.4599584645669291
21
1.136217716535433
0
LINE
8
BLACK
6
CONTINUOUS
10
0.4599584645669291
20
1.136217716535433
11
0.4621651968503937
21
1.1334505905511811
0
LINE
8
BLACK
6
CONTINUOUS
10
0.4621651968503937
20
1.1334505905511811
11
0.4629527559055118
21
1.1299999999999999
0
LINE
8
BLACK
6
CONTINUOUS
10
0.4629527559055118
20
1.1299999999999999
11
0.4621651968503937
21
1.1265494094488189
0
LINE
8
BLACK
6
CONTINUOUS
10
0.4621651968503937
20
1.1265494094488189
11
0.4599584645669291
21
1.123782283464567
0
LINE
8
BLACK
6
CONTINUOUS
10
0.4599584645669291
20
1.123782283464567
11
0.4567696456692913
21
1.1222466535433071
0
LINE
8
BLACK
6
CONTINUOUS
10
0.4567696456692913
20
1.1222466535433071
11
0.4532303543307086
21
1.1222466535433071
0
LINE
8
BLACK
6
CONTINUOUS
10
0.4532303543307086
20
1.1222466535433071
11
0.4500415354330708
21
1.123782283464567
0
LINE
8
BLACK
6
CONTINUOUS
10
0.4500415354330708
20
1.123782283464567
11
0.4478348031496063
21
1.1265494094488189
0
LINE
8
BLACK
6
CONTINUOUS
10
0.4478348031496063
20
1.1265494094488189
11
0.4477211811023622
21
1.1270472440944881
0
LINE
8
BLACK
6
CONTINUOUS
10
0.4477211811023622
20
1.1270472440944881
11
0.41
21
1.1270472440944881
0
LINE
8
BLACK
6
CONTINUOUS
10
0.41
20
1.1270472440944881
11
0.4089900787401575
21
1.1272253149606299
0
LINE
8
BLACK
6
CONTINUOUS
10
0.4089900787401575
20
1.1272253149606299
11
0.4074428346456693
21
1.1285236220472441
0
LINE
8
BLACK
6
CONTINUOUS
10
0.4074428346456693
20
1.1285236220472441
11
0.4070920866141732
21
1.1305127559055117
0
LINE
8
BLACK
6
CONTINUOUS
10
0.4070920866141732
20
1.1305127559055117
11
0.4081020078740157
21
1.1322619291338583
0
LINE
8
BLACK
6
CONTINUOUS
10
0.4081020078740157
20
1.1322619291338583
11
0.41
21
1.1329527559055117
0
LINE
8
BLACK
6
CONTINUOUS
10
0.41
20
1.1329527559055117
11
0.4470472440944882
21
1.1329527559055117
0
LINE
8
BLACK
6
CONTINUOUS
10
0.4470472440944882
20
1.1329527559055117
11
0.4470472440944882
21
1.1870472440944881
0
LINE
8
BLACK
6
CONTINUOUS
10
0.4470472440944882
20
1.1870472440944881
11
0.41
21
1.1870472440944881
0
LINE
8
BLACK
6
CONTINUOUS
10
0.41
20
1.1870472440944881
11
0.4089900787401575
21
1.18722531496063
0
LINE
8
BLACK
6
CONTINUOUS
10
0.4089900787401575
20
1.18722531496063
11
0.4074428346456693
21
1.1885236220472442
0
LINE
8
BLACK
6
CONTINUOUS
10
0.4074428346456693
20
1.1885236220472442
11
0.4070920866141732
21
1.1905127559055118
0
LINE
8
BLACK
6
CONTINUOUS
10
0.4070920866141732
20
1.1905127559055118
11
0.4081020078740157
21
1.1922619291338583
0
LINE
8
BLACK
6
CONTINUOUS
10
0.4081020078740157
20
1.1922619291338583
11
0.41
21
1.1929527559055118
0
LINE
8
BLACK
6
CONTINUOUS
10
0.41
20
1.1929527559055118
11
0.45
21
1.1929527559055118
0
LINE
8
BLACK
6
CONTINUOUS
10
0.45
20
1.1929527559055118
11
0.4503835039370079
21
1.1928851181102362
0
LINE
8
BLACK
6
CONTINUOUS
10
0.4534331102362205
20
1.1315668897637794
11
0.4529527559055118
21
1.1304071653543306
0
LINE
8
BLACK
6
CONTINUOUS
10
0.4529527559055118
20
1.1304071653543306
11
0.4529527559055118
21
1.1299999999999999
0
LINE
8
BLACK
6
CONTINUOUS
10
0.4529527559055118
20
1.1299999999999999
11
0.4529023622047244
21
1.1297143700787402
0
LINE
8
BLACK
6
CONTINUOUS
10
0.4529023622047244
20
1.1297143700787402
11
0.4534331102362205
21
1.1284331102362204
0
LINE
8
BLACK
6
CONTINUOUS
10
0.4534331102362205
20
1.1284331102362204
11
0.455
21
1.1277840944881889
0
LINE
8
BLACK
6
CONTINUOUS
10
0.455
20
1.1277840944881889
11
0.4565668897637795
21
1.1284331102362204
0
LINE
8
BLACK
6
CONTINUOUS
10
0.4565668897637795
20
1.1284331102362204
11
0.457215905511811
21
1.1299999999999999
0
LINE
8
BLACK
6
CONTINUOUS
10
0.457215905511811
20
1.1299999999999999
11
0.4565668897637795
21
1.1315668897637794
0
LINE
8
BLACK
6
CONTINUOUS
10
0.4565668897637795
20
1.1315668897637794
11
0.455
21
1.1322159055118111
0
LINE
8
BLACK
6
CONTINUOUS
10
0.455
20
1.1322159055118111
11
0.4534331102362205
21
1.1315668897637794
0
LINE
8
BLACK
6
CONTINUOUS
10
0.3710099212598425
20
1.1927746850393701
11
0.3725571653543307
21
1.191476377952756
0
LINE
8
BLACK
6
CONTINUOUS
10
0.3725571653543307
20
1.191476377952756
11
0.3729079133858267
21
1.1894872440944881
0
LINE
8
BLACK
6
CONTINUOUS
10
0.3729079133858267
20
1.1894872440944881
11
0.3718979921259842
21
1.1877380708661418
0
LINE
8
BLACK
6
CONTINUOUS
10
0.3718979921259842
20
1.1877380708661418
11
0.37
21
1.1870472440944881
0
LINE
8
BLACK
6
CONTINUOUS
10
0.37
20
1.1870472440944881
11
0.3329527559055118
21
1.1870472440944881
0
LINE
8
BLACK
6
CONTINUOUS
10
0.3329527559055118
20
1.1870472440944881
11
0.3329527559055118
21
1.1329527559055117
0
LINE
8
BLACK
6
CONTINUOUS
10
0.3329527559055118
20
1.1329527559055117
11
0.37
21
1.1329527559055117
0
LINE
8
BLACK
6
CONTINUOUS
10
0.37
20
1.1329527559055117
11
0.3710099212598425
21
1.1327746850393701
0
LINE
8
BLACK
6
CONTINUOUS
10
0.3710099212598425
20
1.1327746850393701
11
0.3725571653543307
21
1.1314763779527559
0
LINE
8
BLACK
6
CONTINUOUS
10
0.3725571653543307
20
1.1314763779527559
11
0.3729079133858267
21
1.1294872440944881
0
LINE
8
BLACK
6
CONTINUOUS
10
0.3729079133858267
20
1.1294872440944881
11
0.3718979921259842
21
1.1277380708661418
0
LINE
8
BLACK
6
CONTINUOUS
10
0.3718979921259842
20
1.1277380708661418
11
0.37
21
1.1270472440944881
0
LINE
8
BLACK
6
CONTINUOUS
10
0.37
20
1.1270472440944881
11
0.33
21
1.1270472440944881
0
LINE
8
BLACK
6
CONTINUOUS
10
0.33
20
1.1270472440944881
11
0.3296164566929134
21
1.1271148425196851
0
LINE
8
BLACK
6
CONTINUOUS
10
0.3296164566929134
20
1.1271148425196851
11
0.3294872440944882
21
1.1270920866141731
0
LINE
8
BLACK
6
CONTINUOUS
10
0.3294872440944882
20
1.1270920866141731
11
0.3293736220472441
21
1.1271576771653542
0
LINE
8
BLACK
6
CONTINUOUS
10
0.3293736220472441
20
1.1271576771653542
11
0.3289900787401575
21
1.1272253149606299
0
LINE
8
BLACK
6
CONTINUOUS
10
0.3289900787401575
20
1.1272253149606299
11
0.3284023622047244
21
1.1277184251968504
0
LINE
8
BLACK
6
CONTINUOUS
10
0.3284023622047244
20
1.1277184251968504
11
0.3277380708661417
21
1.1281020078740158
0
LINE
8
BLACK
6
CONTINUOUS
10
0.3277380708661417
20
1.1281020078740158
11
0.3276469291338582
21
1.1283523228346457
0
LINE
8
BLACK
6
CONTINUOUS
10
0.3276469291338582
20
1.1283523228346457
11
0.3274428346456693
21
1.1285236220472441
0
LINE
8
BLACK
6
CONTINUOUS
10
0.3274428346456693
20
1.1285236220472441
11
0.3273095669291339
21
1.1292791732283465
0
LINE
8
BLACK
6
CONTINUOUS
10
0.3273095669291339
20
1.1292791732283465
11
0.3270472440944882
21
1.1299999999999999
0
LINE
8
BLACK
6
CONTINUOUS
10
0.3270472440944882
20
1.1299999999999999
11
0.3270472440944882
21
1.1899999999999999
0
LINE
8
BLACK
6
CONTINUOUS
10
0.3270472440944882
20
1.1899999999999999
11
0.327114842519685
21
1.1903835039370079
0
LINE
8
BLACK
6
CONTINUOUS
10
0.327114842519685
20
1.1903835039370079
11
0.3270920866141732
21
1.1905127559055118
0
LINE
8
BLACK
6
CONTINUOUS
10
0.3270920866141732
20
1.1905127559055118
11
0.3271576771653543
21
1.1906263385826772
0
LINE
8
BLACK
6
CONTINUOUS
10
0.3271576771653543
20
1.1906263385826772
11
0.3272253149606299
21
1.1910099212598424
0
LINE
8
BLACK
6
CONTINUOUS
10
0.3272253149606299
20
1.1910099212598424
11
0.3277184251968504
21
1.1915975984251967
0
LINE
8
BLACK
6
CONTINUOUS
10
0.3277184251968504
20
1.1915975984251967
11
0.3281020078740157
21
1.1922619291338583
0
LINE
8
BLACK
6
CONTINUOUS
10
0.3281020078740157
20
1.1922619291338583
11
0.3283523228346457
21
1.1923530314960629
0
LINE
8
BLACK
6
CONTINUOUS
10
0.3283523228346457
20
1.1923530314960629
11
0.3285236220472441
21
1.1925571653543308
0
LINE
8
BLACK
6
CONTINUOUS
10
0.3285236220472441
20
1.1925571653543308
11
0.3292791732283464
21
1.1926903937007873
0
LINE
8
BLACK
6
CONTINUOUS
10
0.3292791732283464
20
1.1926903937007873
11
0.33
21
1.1929527559055118
0
LINE
8
BLACK
6
CONTINUOUS
10
0.33
20
1.1929527559055118
11
0.37
21
1.1929527559055118
0
LINE
8
BLACK
6
CONTINUOUS
10
0.37
20
1.1929527559055118
11
0.3710099212598425
21
1.1927746850393701
0
LINE
8
BLACK
6
CONTINUOUS
10
0.6629102362204724
20
1.1441797637795275
11
0.6635399606299213
21
1.1426594881889764
0
LINE
8
BLACK
6
CONTINUOUS
10
0.6635399606299213
20
1.1426594881889764
11
0.6635399606299213
21
1.1314023622047245
0
LINE
8
BLACK
6
CONTINUOUS
10
0.6635399606299213
20
1.1314023622047245
11
0.6629102362204724
21
1.1298820866141732
0
LINE
8
BLACK
6
CONTINUOUS
10
0.6629102362204724
20
1.1298820866141732
11
0.6613899606299213
21
1.1292523622047244
0
LINE
8
BLACK
6
CONTINUOUS
10
0.6613899606299213
20
1.1292523622047244
11
0.65986968503937
21
1.1298820866141732
0
LINE
8
BLACK
6
CONTINUOUS
10
0.65986968503937
20
1.1298820866141732
11
0.6592399606299213
21
1.1314023622047245
0
LINE
8
BLACK
6
CONTINUOUS
10
0.6592399606299213
20
1.1314023622047245
11
0.6592399606299213
21
1.134880905511811
0
LINE
8
BLACK
6
CONTINUOUS
10
0.6592399606299213
20
1.134880905511811
11
0.6416899606299212
21
1.134880905511811
0
LINE
8
BLACK
6
CONTINUOUS
10
0.6416899606299212
20
1.134880905511811
11
0.6414853937007874
21
1.1349655905511811
0
LINE
8
BLACK
6
CONTINUOUS
10
0.6414853937007874
20
1.1349655905511811
11
0.6412683070866142
21
1.1349226771653542
0
LINE
8
BLACK
6
CONTINUOUS
10
0.6412683070866142
20
1.1349226771653542
11
0.6407481496062992
21
1.1352709842519684
0
LINE
8
BLACK
6
CONTINUOUS
10
0.6407481496062992
20
1.1352709842519684
11
0.6401696850393701
21
1.1355106299212598
0
LINE
8
BLACK
6
CONTINUOUS
10
0.6401696850393701
20
1.1355106299212598
11
0.6400849606299213
21
1.1357151181102363
0
LINE
8
BLACK
6
CONTINUOUS
10
0.6400849606299213
20
1.1357151181102363
11
0.639901062992126
21
1.135838307086614
0
LINE
8
BLACK
6
CONTINUOUS
10
0.639901062992126
20
1.135838307086614
11
0.6397795669291338
21
1.1364524015748032
0
LINE
8
BLACK
6
CONTINUOUS
10
0.6397795669291338
20
1.1364524015748032
11
0.6395399606299212
21
1.1370309055118111
0
LINE
8
BLACK
6
CONTINUOUS
10
0.6395399606299212
20
1.1370309055118111
11
0.6396246456692913
21
1.1372354330708661
0
LINE
8
BLACK
6
CONTINUOUS
10
0.6396246456692913
20
1.1372354330708661
11
0.6395817322834646
21
1.1374525590551181
0
LINE
8
BLACK
6
CONTINUOUS
10
0.6395817322834646
20
1.1374525590551181
11
0.6399300393700788
21
1.1379726771653542
0
LINE
8
BLACK
6
CONTINUOUS
10
0.6399300393700788
20
1.1379726771653542
11
0.6401696850393701
21
1.1385511811023621
0
LINE
8
BLACK
6
CONTINUOUS
10
0.6401696850393701
20
1.1385511811023621
11
0.6403741732283464
21
1.1386358661417322
0
LINE
8
BLACK
6
CONTINUOUS
10
0.6403741732283464
20
1.1386358661417322
11
0.6404973622047244
21
1.1388198031496062
0
LINE
8
BLACK
6
CONTINUOUS
10
0.6404973622047244
20
1.1388198031496062
11
0.6431345275590551
21
1.1405779527559055
0
LINE
8
BLACK
6
CONTINUOUS
10
0.6431345275590551
20
1.1405779527559055
11
0.6446134251968504
21
1.1420568503937008
0
LINE
8
BLACK
6
CONTINUOUS
10
0.6446134251968504
20
1.1420568503937008
11
0.6453955118110236
21
1.1436210236220472
0
LINE
8
BLACK
6
CONTINUOUS
10
0.6453955118110236
20
1.1436210236220472
11
0.6466386614173228
21
1.1446991338582677
0
LINE
8
BLACK
6
CONTINUOUS
10
0.6466386614173228
20
1.1446991338582677
11
0.6482800787401575
21
1.1445824803149607
0
LINE
8
BLACK
6
CONTINUOUS
10
0.6482800787401575
20
1.1445824803149607
11
0.6493582283464566
21
1.1433393700787402
0
LINE
8
BLACK
6
CONTINUOUS
10
0.6493582283464566
20
1.1433393700787402
11
0.6492415354330708
21
1.1416979527559055
0
LINE
8
BLACK
6
CONTINUOUS
10
0.6492415354330708
20
1.1416979527559055
11
0.6483034251968504
21
1.1398217716535433
0
LINE
8
BLACK
6
CONTINUOUS
10
0.6483034251968504
20
1.1398217716535433
11
0.6480361023622047
21
1.1395899212598426
0
LINE
8
BLACK
6
CONTINUOUS
10
0.6480361023622047
20
1.1395899212598426
11
0.6479007086614174
21
1.139263031496063
0
LINE
8
BLACK
6
CONTINUOUS
10
0.6479007086614174
20
1.139263031496063
11
0.6478185826771653
21
1.1391809055118109
0
LINE
8
BLACK
6
CONTINUOUS
10
0.6478185826771653
20
1.1391809055118109
11
0.6592399606299213
21
1.1391809055118109
0
LINE
8
BLACK
6
CONTINUOUS
10
0.6592399606299213
20
1.1391809055118109
11
0.6592399606299213
21
1.1426594881889764
0
LINE
8
BLACK
6
CONTINUOUS
10
0.6592399606299213
20
1.1426594881889764
11
0.65986968503937
21
1.1441797637795275
0
LINE
8
BLACK
6
CONTINUOUS
10
0.65986968503937
20
1.1441797637795275
11
0.6613899606299213
21
1.1448094881889763
0
LINE
8
BLACK
6
CONTINUOUS
10
0.6613899606299213
20
1.1448094881889763
11
0.6629102362204724
21
1.1441797637795275
0
LINE
8
BLACK
6
CONTINUOUS
10
0.5279102362204724
20
1.1466797637795276
11
0.5285399606299213
21
1.1451594881889764
0
LINE
8
BLACK
6
CONTINUOUS
10
0.5285399606299213
20
1.1451594881889764
11
0.5285399606299213
21
1.1339023622047244
0
LINE
8
BLACK
6
CONTINUOUS
10
0.5285399606299213
20
1.1339023622047244
11
0.5279102362204724
21
1.1323820866141732
0
LINE
8
BLACK
6
CONTINUOUS
10
0.5279102362204724
20
1.1323820866141732
11
0.5263899606299213
21
1.1317523622047243
0
LINE
8
BLACK
6
CONTINUOUS
10
0.5263899606299213
20
1.1317523622047243
11
0.52486968503937
21
1.1323820866141732
0
LINE
8
BLACK
6
CONTINUOUS
10
0.52486968503937
20
1.1323820866141732
11
0.5242399606299213
21
1.1339023622047244
0
LINE
8
BLACK
6
CONTINUOUS
10
0.5242399606299213
20
1.1339023622047244
11
0.5242399606299213
21
1.1373809055118109
0
LINE
8
BLACK
6
CONTINUOUS
10
0.5242399606299213
20
1.1373809055118109
11
0.5066899606299212
21
1.1373809055118109
0
LINE
8
BLACK
6
CONTINUOUS
10
0.5066899606299212
20
1.1373809055118109
11
0.5064853937007874
21
1.137465590551181
0
LINE
8
BLACK
6
CONTINUOUS
10
0.5064853937007874
20
1.137465590551181
11
0.5062683070866142
21
1.1374226771653544
0
LINE
8
BLACK
6
CONTINUOUS
10
0.5062683070866142
20
1.1374226771653544
11
0.5057481496062992
21
1.1377709842519685
0
LINE
8
BLACK
6
CONTINUOUS
10
0.5057481496062992
20
1.1377709842519685
11
0.5051696850393701
21
1.1380106299212598
0
LINE
8
BLACK
6
CONTINUOUS
10
0.5051696850393701
20
1.1380106299212598
11
0.5050849606299213
21
1.1382151181102362
0
LINE
8
BLACK
6
CONTINUOUS
10
0.5050849606299213
20
1.1382151181102362
11
0.504901062992126
21
1.1383383070866142
0
LINE
8
BLACK
6
CONTINUOUS
10
0.504901062992126
20
1.1383383070866142
11
0.5047795669291338
21
1.1389524015748032
0
LINE
8
BLACK
6
CONTINUOUS
10
0.5047795669291338
20
1.1389524015748032
11
0.5045399606299212
21
1.139530905511811
0
LINE
8
BLACK
6
CONTINUOUS
10
0.5045399606299212
20
1.139530905511811
11
0.5046246456692913
21
1.1397354330708662
0
LINE
8
BLACK
6
CONTINUOUS
10
0.5046246456692913
20
1.1397354330708662
11
0.5045817322834646
21
1.1399525590551181
0
LINE
8
BLACK
6
CONTINUOUS
10
0.5045817322834646
20
1.1399525590551181
11
0.5049300393700787
21
1.1404726771653544
0
LINE
8
BLACK
6
CONTINUOUS
10
0.5049300393700787
20
1.1404726771653544
11
0.5051696850393701
21
1.1410511811023623
0
LINE
8
BLACK
6
CONTINUOUS
10
0.5051696850393701
20
1.1410511811023623
11
0.5053741732283464
21
1.1411358661417323
0
LINE
8
BLACK
6
CONTINUOUS
10
0.5053741732283464
20
1.1411358661417323
11
0.5054973622047244
21
1.1413198031496063
0
LINE
8
BLACK
6
CONTINUOUS
10
0.5054973622047244
20
1.1413198031496063
11
0.5081345275590551
21
1.1430779527559054
0
LINE
8
BLACK
6
CONTINUOUS
10
0.5081345275590551
20
1.1430779527559054
11
0.5096134251968504
21
1.1445568503937007
0
LINE
8
BLACK
6
CONTINUOUS
10
0.5096134251968504
20
1.1445568503937007
11
0.5103955118110236
21
1.1461210236220472
0
LINE
8
BLACK
6
CONTINUOUS
10
0.5103955118110236
20
1.1461210236220472
11
0.5116386614173228
21
1.1471991338582677
0
LINE
8
BLACK
6
CONTINUOUS
10
0.5116386614173228
20
1.1471991338582677
11
0.5132800787401575
21
1.1470824803149606
0
LINE
8
BLACK
6
CONTINUOUS
10
0.5132800787401575
20
1.1470824803149606
11
0.5143582283464567
21
1.1458393700787401
0
LINE
8
BLACK
6
CONTINUOUS
10
0.5143582283464567
20
1.1458393700787401
11
0.5142415354330708
21
1.1441979527559054
0
LINE
8
BLACK
6
CONTINUOUS
10
0.5142415354330708
20
1.1441979527559054
11
0.5133034251968503
21
1.1423217716535432
0
LINE
8
BLACK
6
CONTINUOUS
10
0.5133034251968503
20
1.1423217716535432
11
0.5130361023622048
21
1.1420899212598425
0
LINE
8
BLACK
6
CONTINUOUS
10
0.5130361023622048
20
1.1420899212598425
11
0.5129007086614173
21
1.141763031496063
0
LINE
8
BLACK
6
CONTINUOUS
10
0.5129007086614173
20
1.141763031496063
11
0.5128185826771653
21
1.1416809055118109
0
LINE
8
BLACK
6
CONTINUOUS
10
0.5128185826771653
20
1.1416809055118109
11
0.5242399606299213
21
1.1416809055118109
0
LINE
8
BLACK
6
CONTINUOUS
10
0.5242399606299213
20
1.1416809055118109
11
0.5242399606299213
21
1.1451594881889764
0
LINE
8
BLACK
6
CONTINUOUS
10
0.5242399606299213
20
1.1451594881889764
11
0.52486968503937
21
1.1466797637795276
0
LINE
8
BLACK
6
CONTINUOUS
10
0.52486968503937
20
1.1466797637795276
11
0.5263899606299213
21
1.1473094881889763
0
LINE
8
BLACK
6
CONTINUOUS
10
0.5263899606299213
20
1.1473094881889763
11
0.5279102362204724
21
1.1466797637795276
0
LINE
8
BLACK
6
CONTINUOUS
10
0.3898035826771654
20
1.1573302755905512
11
0.3904333070866142
21
1.15581
0
LINE
8
BLACK
6
CONTINUOUS
10
0.3904333070866142
20
1.15581
11
0.3904333070866142
21
1.13611
0
LINE
8
BLACK
6
CONTINUOUS
10
0.3904333070866142
20
1.13611
11
0.3898035826771654
21
1.1345897244094487
0
LINE
8
BLACK
6
CONTINUOUS
10
0.3898035826771654
20
1.1345897244094487
11
0.3882833070866142
21
1.1339600000000001
0
LINE
8
BLACK
6
CONTINUOUS
10
0.3882833070866142
20
1.1339600000000001
11
0.386763031496063
21
1.1345897244094487
0
LINE
8
BLACK
6
CONTINUOUS
10
0.386763031496063
20
1.1345897244094487
11
0.3861333070866141
21
1.13611
0
LINE
8
BLACK
6
CONTINUOUS
10
0.3861333070866141
20
1.13611
11
0.3861333070866141
21
1.1396663385826771
0
LINE
8
BLACK
6
CONTINUOUS
10
0.3861333070866141
20
1.1396663385826771
11
0.3824985433070866
21
1.1348199999999999
0
LINE
8
BLACK
6
CONTINUOUS
10
0.3824985433070866
20
1.1348199999999999
11
0.3810825984251968
21
1.1339816141732284
0
LINE
8
BLACK
6
CONTINUOUS
10
0.3810825984251968
20
1.1339816141732284
11
0.3794885433070866
21
1.13439
0
LINE
8
BLACK
6
CONTINUOUS
10
0.3794885433070866
20
1.13439
11
0.3786501574803149
21
1.1358059448818898
0
LINE
8
BLACK
6
CONTINUOUS
10
0.3786501574803149
20
1.1358059448818898
11
0.3790585433070866
21
1.1374
0
LINE
8
BLACK
6
CONTINUOUS
10
0.3790585433070866
20
1.1374
11
0.3835683070866142
21
1.1434129921259841
0
LINE
8
BLACK
6
CONTINUOUS
10
0.3835683070866142
20
1.1434129921259841
11
0.3792582677165354
21
1.1477230708661417
0
LINE
8
BLACK
6
CONTINUOUS
10
0.3792582677165354
20
1.1477230708661417
11
0.3786285433070866
21
1.1492433464566929
0
LINE
8
BLACK
6
CONTINUOUS
10
0.3786285433070866
20
1.1492433464566929
11
0.3792582677165354
21
1.1507636220472441
0
LINE
8
BLACK
6
CONTINUOUS
10
0.3792582677165354
20
1.1507636220472441
11
0.3807785433070866
21
1.1513933464566928
0
LINE
8
BLACK
6
CONTINUOUS
10
0.3807785433070866
20
1.1513933464566928
11
0.3822988188976378
21
1.1507636220472441
0
LINE
8
BLACK
6
CONTINUOUS
10
0.3822988188976378
20
1.1507636220472441
11
0.3861333070866141
21
1.1469291338582677
0
LINE
8
BLACK
6
CONTINUOUS
10
0.3861333070866141
20
1.1469291338582677
11
0.3861333070866141
21
1.15581
0
LINE
8
BLACK
6
CONTINUOUS
10
0.3861333070866141
20
1.15581
11
0.386763031496063
21
1.1573302755905512
0
LINE
8
BLACK
6
CONTINUOUS
10
0.386763031496063
20
1.1573302755905512
11
0.3882833070866142
21
1.1579599999999999
0
LINE
8
BLACK
6
CONTINUOUS
10
0.3882833070866142
20
1.1579599999999999
11
0.3898035826771654
21
1.1573302755905512
0
LINE
8
BLACK
6
CONTINUOUS
10
0.4042543307086614
20
1.1586711417322835
11
0.4053325196850394
21
1.1574279921259842
0
LINE
8
BLACK
6
CONTINUOUS
10
0.4053325196850394
20
1.1574279921259842
11
0.4100229527559055
21
1.1433565748031496
0
LINE
8
BLACK
6
CONTINUOUS
10
0.4100229527559055
20
1.1433565748031496
11
0.4099978346456693
21
1.1430036220472441
0
LINE
8
BLACK
6
CONTINUOUS
10
0.4099978346456693
20
1.1430036220472441
11
0.4101333070866142
21
1.1426766535433071
0
LINE
8
BLACK
6
CONTINUOUS
10
0.4101333070866142
20
1.1426766535433071
11
0.4099417322834645
21
1.1422142125984251
0
LINE
8
BLACK
6
CONTINUOUS
10
0.4099417322834645
20
1.1422142125984251
11
0.4099062992125984
21
1.1417151574803148
0
LINE
8
BLACK
6
CONTINUOUS
10
0.4099062992125984
20
1.1417151574803148
11
0.4096390157480315
21
1.1414833070866142
0
LINE
8
BLACK
6
CONTINUOUS
10
0.4096390157480315
20
1.1414833070866142
11
0.4095035826771654
21
1.1411563779527558
0
LINE
8
BLACK
6
CONTINUOUS
10
0.4095035826771654
20
1.1411563779527558
11
0.4090411811023622
21
1.140964842519685
0
LINE
8
BLACK
6
CONTINUOUS
10
0.4090411811023622
20
1.140964842519685
11
0.4086631889763779
21
1.1406370078740158
0
LINE
8
BLACK
6
CONTINUOUS
10
0.4086631889763779
20
1.1406370078740158
11
0.4083102755905512
21
1.1406620866141732
0
LINE
8
BLACK
6
CONTINUOUS
10
0.4083102755905512
20
1.1406620866141732
11
0.4079833070866142
21
1.140526653543307
0
LINE
8
BLACK
6
CONTINUOUS
10
0.4079833070866142
20
1.140526653543307
11
0.4007523622047244
21
1.140526653543307
0
LINE
8
BLACK
6
CONTINUOUS
10
0.4007523622047244
20
1.140526653543307
11
0.4007523622047244
21
1.13611
0
LINE
8
BLACK
6
CONTINUOUS
10
0.4007523622047244
20
1.13611
11
0.4001226377952756
21
1.1345897244094487
0
LINE
8
BLACK
6
CONTINUOUS
10
0.4001226377952756
20
1.1345897244094487
11
0.3986023622047244
21
1.1339600000000001
0
LINE
8
BLACK
6
CONTINUOUS
10
0.3986023622047244
20
1.1339600000000001
11
0.3970820866141732
21
1.1345897244094487
0
LINE
8
BLACK
6
CONTINUOUS
10
0.3970820866141732
20
1.1345897244094487
11
0.3964523622047244
21
1.13611
0
LINE
8
BLACK
6
CONTINUOUS
10
0.3964523622047244
20
1.13611
11
0.3964523622047244
21
1.140526653543307
0
LINE
8
BLACK
6
CONTINUOUS
10
0.3964523622047244
20
1.140526653543307
11
0.3957880708661417
21
1.140526653543307
0
LINE
8
BLACK
6
CONTINUOUS
10
0.3957880708661417
20
1.140526653543307
11
0.3942677952755905
21
1.1411563779527558
0
LINE
8
BLACK
6
CONTINUOUS
10
0.3942677952755905
20
1.1411563779527558
11
0.3936380708661417
21
1.1426766535433071
0
LINE
8
BLACK
6
CONTINUOUS
10
0.3936380708661417
20
1.1426766535433071
11
0.3942677952755905
21
1.1441969291338583
0
LINE
8
BLACK
6
CONTINUOUS
10
0.3942677952755905
20
1.1441969291338583
11
0.3957880708661417
21
1.1448266535433071
0
LINE
8
BLACK
6
CONTINUOUS
10
0.3957880708661417
20
1.1448266535433071
11
0.3964523622047244
21
1.1448266535433071
0
LINE
8
BLACK
6
CONTINUOUS
10
0.3964523622047244
20
1.1448266535433071
11
0.3964523622047244
21
1.1492433464566929
0
LINE
8
BLACK
6
CONTINUOUS
10
0.3964523622047244
20
1.1492433464566929
11
0.3970820866141732
21
1.1507636220472441
0
LINE
8
BLACK
6
CONTINUOUS
10
0.3970820866141732
20
1.1507636220472441
11
0.3986023622047244
21
1.1513933464566928
0
LINE
8
BLACK
6
CONTINUOUS
10
0.3986023622047244
20
1.1513933464566928
11
0.4001226377952756
21
1.1507636220472441
0
LINE
8
BLACK
6
CONTINUOUS
10
0.4001226377952756
20
1.1507636220472441
11
0.4007523622047244
21
1.1492433464566929
0
LINE
8
BLACK
6
CONTINUOUS
10
0.4007523622047244
20
1.1492433464566929
11
0.4007523622047244
21
1.1448266535433071
0
LINE
8
BLACK
6
CONTINUOUS
10
0.4007523622047244
20
1.1448266535433071
11
0.4050003149606299
21
1.1448266535433071
0
LINE
8
BLACK
6
CONTINUOUS
10
0.4050003149606299
20
1.1448266535433071
11
0.4012531496062992
21
1.1560682283464567
0
LINE
8
BLACK
6
CONTINUOUS
10
0.4012531496062992
20
1.1560682283464567
11
0.4013698031496063
21
1.1577096062992125
0
LINE
8
BLACK
6
CONTINUOUS
10
0.4013698031496063
20
1.1577096062992125
11
0.4026129527559055
21
1.1587877952755905
0
LINE
8
BLACK
6
CONTINUOUS
10
0.4026129527559055
20
1.1587877952755905
11
0.4042543307086614
21
1.1586711417322835
0
LINE
8
BLACK
6
CONTINUOUS
10
0.3757321653543307
20
1.1573302755905512
11
0.3763618897637795
21
1.15581
0
LINE
8
BLACK
6
CONTINUOUS
10
0.3763618897637795
20
1.15581
11
0.3757321653543307
21
1.1542897244094488
0
LINE
8
BLACK
6
CONTINUOUS
10
0.3757321653543307
20
1.1542897244094488
11
0.3742118897637795
21
1.1536599999999999
0
LINE
8
BLACK
6
CONTINUOUS
10
0.3742118897637795
20
1.1536599999999999
11
0.364339094488189
21
1.1536599999999999
0
LINE
8
BLACK
6
CONTINUOUS
10
0.364339094488189
20
1.1536599999999999
11
0.3714975590551181
21
1.1369569291338582
0
LINE
8
BLACK
6
CONTINUOUS
10
0.3714975590551181
20
1.1369569291338582
11
0.3715176377952756
21
1.135311535433071
0
LINE
8
BLACK
6
CONTINUOUS
10
0.3715176377952756
20
1.135311535433071
11
0.3703683464566929
21
1.1341338582677165
0
LINE
8
BLACK
6
CONTINUOUS
10
0.3703683464566929
20
1.1341338582677165
11
0.3687229133858267
21
1.1341137795275591
0
LINE
8
BLACK
6
CONTINUOUS
10
0.3687229133858267
20
1.1341137795275591
11
0.3675452362204724
21
1.1352630708661418
0
LINE
8
BLACK
6
CONTINUOUS
10
0.3675452362204724
20
1.1352630708661418
11
0.3591024015748032
21
1.1549630708661418
0
LINE
8
BLACK
6
CONTINUOUS
10
0.3591024015748032
20
1.1549630708661418
11
0.3590970078740157
21
1.1554032283464566
0
LINE
8
BLACK
6
CONTINUOUS
10
0.3590970078740157
20
1.1554032283464566
11
0.3589285433070866
21
1.15581
0
LINE
8
BLACK
6
CONTINUOUS
10
0.3589285433070866
20
1.15581
11
0.3590873622047244
21
1.1561934645669292
0
LINE
8
BLACK
6
CONTINUOUS
10
0.3590873622047244
20
1.1561934645669292
11
0.3590823228346456
21
1.1566085039370078
0
LINE
8
BLACK
6
CONTINUOUS
10
0.3590823228346456
20
1.1566085039370078
11
0.3593897637795275
21
1.1569235433070866
0
LINE
8
BLACK
6
CONTINUOUS
10
0.3593897637795275
20
1.1569235433070866
11
0.3595582677165354
21
1.1573302755905512
0
LINE
8
BLACK
6
CONTINUOUS
10
0.3595582677165354
20
1.1573302755905512
11
0.3599417322834645
21
1.157489094488189
0
LINE
8
BLACK
6
CONTINUOUS
10
0.3599417322834645
20
1.157489094488189
11
0.3602316141732284
21
1.1577861417322834
0
LINE
8
BLACK
6
CONTINUOUS
10
0.3602316141732284
20
1.1577861417322834
11
0.3606717716535433
21
1.157791496062992
0
LINE
8
BLACK
6
CONTINUOUS
10
0.3606717716535433
20
1.157791496062992
11
0.3610785433070866
21
1.1579599999999999
0
LINE
8
BLACK
6
CONTINUOUS
10
0.3610785433070866
20
1.1579599999999999
11
0.3742118897637795
21
1.1579599999999999
0
LINE
8
BLACK
6
CONTINUOUS
10
0.3742118897637795
20
1.1579599999999999
11
0.3757321653543307
21
1.1573302755905512
0
LINE
8
BLACK
6
CONTINUOUS
10
0.6354102362204724
20
1.1473035826771654
11
0.6360399606299213
21
1.1457833070866141
0
LINE
8
BLACK
6
CONTINUOUS
10
0.6360399606299213
20
1.1457833070866141
11
0.6354102362204724
21
1.1442630314960629
0
LINE
8
BLACK
6
CONTINUOUS
10
0.6354102362204724
20
1.1442630314960629
11
0.6338899606299212
21
1.143633307086614
0
LINE
8
BLACK
6
CONTINUOUS
10
0.6338899606299212
20
1.143633307086614
11
0.6303336220472441
21
1.143633307086614
0
LINE
8
BLACK
6
CONTINUOUS
10
0.6303336220472441
20
1.143633307086614
11
0.6351799606299212
21
1.1399985433070865
0
LINE
8
BLACK
6
CONTINUOUS
10
0.6351799606299212
20
1.1399985433070865
11
0.6360183464566929
21
1.1385825984251969
0
LINE
8
BLACK
6
CONTINUOUS
10
0.6360183464566929
20
1.1385825984251969
11
0.6356099606299213
21
1.1369885433070865
0
LINE
8
BLACK
6
CONTINUOUS
10
0.6356099606299213
20
1.1369885433070865
11
0.6341940157480315
21
1.136150157480315
0
LINE
8
BLACK
6
CONTINUOUS
10
0.6341940157480315
20
1.136150157480315
11
0.6325999606299213
21
1.1365585433070866
0
LINE
8
BLACK
6
CONTINUOUS
10
0.6325999606299213
20
1.1365585433070866
11
0.6265869291338583
21
1.1410683070866141
0
LINE
8
BLACK
6
CONTINUOUS
10
0.6265869291338583
20
1.1410683070866141
11
0.6222768897637795
21
1.1367582677165353
0
LINE
8
BLACK
6
CONTINUOUS
10
0.6222768897637795
20
1.1367582677165353
11
0.6207566141732284
21
1.1361285433070867
0
LINE
8
BLACK
6
CONTINUOUS
10
0.6207566141732284
20
1.1361285433070867
11
0.6192363385826771
21
1.1367582677165353
0
LINE
8
BLACK
6
CONTINUOUS
10
0.6192363385826771
20
1.1367582677165353
11
0.6186066141732284
21
1.1382785433070866
0
LINE
8
BLACK
6
CONTINUOUS
10
0.6186066141732284
20
1.1382785433070866
11
0.6192363385826771
21
1.1397988188976378
0
LINE
8
BLACK
6
CONTINUOUS
10
0.6192363385826771
20
1.1397988188976378
11
0.6230708267716535
21
1.143633307086614
0
LINE
8
BLACK
6
CONTINUOUS
10
0.6230708267716535
20
1.143633307086614
11
0.6141899606299213
21
1.143633307086614
0
LINE
8
BLACK
6
CONTINUOUS
10
0.6141899606299213
20
1.143633307086614
11
0.61266968503937
21
1.1442630314960629
0
LINE
8
BLACK
6
CONTINUOUS
10
0.61266968503937
20
1.1442630314960629
11
0.6120399606299213
21
1.1457833070866141
0
LINE
8
BLACK
6
CONTINUOUS
10
0.6120399606299213
20
1.1457833070866141
11
0.61266968503937
21
1.1473035826771654
0
LINE
8
BLACK
6
CONTINUOUS
10
0.61266968503937
20
1.1473035826771654
11
0.6141899606299213
21
1.1479333070866142
0
LINE
8
BLACK
6
CONTINUOUS
10
0.6141899606299213
20
1.1479333070866142
11
0.6338899606299212
21
1.1479333070866142
0
LINE
8
BLACK
6
CONTINUOUS
10
0.6338899606299212
20
1.1479333070866142
11
0.6354102362204724
21
1.1473035826771654
0
LINE
8
BLACK
6
CONTINUOUS
10
0.5554102362204725
20
1.1529369291338583
11
0.5560399606299212
21
1.151416653543307
0
LINE
8
BLACK
6
CONTINUOUS
10
0.5560399606299212
20
1.151416653543307
11
0.5560399606299212
21
1.1392214173228346
0
LINE
8
BLACK
6
CONTINUOUS
10
0.5560399606299212
20
1.1392214173228346
11
0.5554102362204725
21
1.1377011417322835
0
LINE
8
BLACK
6
CONTINUOUS
10
0.5554102362204725
20
1.1377011417322835
11
0.5538899606299212
21
1.1370714173228347
0
LINE
8
BLACK
6
CONTINUOUS
10
0.5538899606299212
20
1.1370714173228347
11
0.5523696850393701
21
1.1377011417322835
0
LINE
8
BLACK
6
CONTINUOUS
10
0.5523696850393701
20
1.1377011417322835
11
0.5517399606299213
21
1.1392214173228346
0
LINE
8
BLACK
6
CONTINUOUS
10
0.5517399606299213
20
1.1392214173228346
11
0.5517399606299213
21
1.1462260629921259
0
LINE
8
BLACK
6
CONTINUOUS
10
0.5517399606299213
20
1.1462260629921259
11
0.5441531102362205
21
1.1386392125984253
0
LINE
8
BLACK
6
CONTINUOUS
10
0.5441531102362205
20
1.1386392125984253
11
0.5436907480314961
21
1.1384476771653542
0
LINE
8
BLACK
6
CONTINUOUS
10
0.5436907480314961
20
1.1384476771653542
11
0.5433126771653544
21
1.1381198031496063
0
LINE
8
BLACK
6
CONTINUOUS
10
0.5433126771653544
20
1.1381198031496063
11
0.5404984251968504
21
1.1371817322834645
0
LINE
8
BLACK
6
CONTINUOUS
10
0.5404984251968504
20
1.1371817322834645
11
0.5401454330708662
21
1.137206811023622
0
LINE
8
BLACK
6
CONTINUOUS
10
0.5401454330708662
20
1.137206811023622
11
0.5398185433070866
21
1.1370714173228347
0
LINE
8
BLACK
6
CONTINUOUS
10
0.5398185433070866
20
1.1370714173228347
11
0.5379423622047244
21
1.1370714173228347
0
LINE
8
BLACK
6
CONTINUOUS
10
0.5379423622047244
20
1.1370714173228347
11
0.53748
21
1.1372629133858267
0
LINE
8
BLACK
6
CONTINUOUS
10
0.53748
20
1.1372629133858267
11
0.536980905511811
21
1.1372983858267716
0
LINE
8
BLACK
6
CONTINUOUS
10
0.536980905511811
20
1.1372983858267716
11
0.5351046456692913
21
1.1382364566929133
0
LINE
8
BLACK
6
CONTINUOUS
10
0.5351046456692913
20
1.1382364566929133
11
0.5348727559055118
21
1.1385038188976377
0
LINE
8
BLACK
6
CONTINUOUS
10
0.5348727559055118
20
1.1385038188976377
11
0.5345458267716535
21
1.138639251968504
0
LINE
8
BLACK
6
CONTINUOUS
10
0.5345458267716535
20
1.138639251968504
11
0.5336077559055118
21
1.1395773622047243
0
LINE
8
BLACK
6
CONTINUOUS
10
0.5336077559055118
20
1.1395773622047243
11
0.5334723622047244
21
1.1399042125984251
0
LINE
8
BLACK
6
CONTINUOUS
10
0.5334723622047244
20
1.1399042125984251
11
0.5332050393700787
21
1.140136062992126
0
LINE
8
BLACK
6
CONTINUOUS
10
0.5332050393700787
20
1.140136062992126
11
0.532266968503937
21
1.1420122440944882
0
LINE
8
BLACK
6
CONTINUOUS
10
0.532266968503937
20
1.1420122440944882
11
0.5322314566929134
21
1.1425113779527558
0
LINE
8
BLACK
6
CONTINUOUS
10
0.5322314566929134
20
1.1425113779527558
11
0.5320399606299212
21
1.142973779527559
0
LINE
8
BLACK
6
CONTINUOUS
10
0.5320399606299212
20
1.142973779527559
11
0.5320399606299212
21
1.1476642519685039
0
LINE
8
BLACK
6
CONTINUOUS
10
0.5320399606299212
20
1.1476642519685039
11
0.5322314566929134
21
1.1481266141732283
0
LINE
8
BLACK
6
CONTINUOUS
10
0.5322314566929134
20
1.1481266141732283
11
0.532266968503937
21
1.1486257874015748
0
LINE
8
BLACK
6
CONTINUOUS
10
0.532266968503937
20
1.1486257874015748
11
0.5332050393700787
21
1.150501968503937
0
LINE
8
BLACK
6
CONTINUOUS
10
0.5332050393700787
20
1.150501968503937
11
0.5334723622047244
21
1.150733779527559
0
LINE
8
BLACK
6
CONTINUOUS
10
0.5334723622047244
20
1.150733779527559
11
0.5336077559055118
21
1.1510606692913385
0
LINE
8
BLACK
6
CONTINUOUS
10
0.5336077559055118
20
1.1510606692913385
11
0.5345458267716535
21
1.151998779527559
0
LINE
8
BLACK
6
CONTINUOUS
10
0.5345458267716535
20
1.151998779527559
11
0.5360661023622048
21
1.1526285433070866
0
LINE
8
BLACK
6
CONTINUOUS
10
0.5360661023622048
20
1.1526285433070866
11
0.5375863779527559
21
1.1519988582677165
0
LINE
8
BLACK
6
CONTINUOUS
10
0.5375863779527559
20
1.1519988582677165
11
0.5382161417322835
21
1.1504785826771653
0
LINE
8
BLACK
6
CONTINUOUS
10
0.5382161417322835
20
1.1504785826771653
11
0.5375864566929134
21
1.1489583070866141
0
LINE
8
BLACK
6
CONTINUOUS
10
0.5375864566929134
20
1.1489583070866141
11
0.5368950393700788
21
1.1482668503937008
0
LINE
8
BLACK
6
CONTINUOUS
10
0.5368950393700788
20
1.1482668503937008
11
0.5363399606299213
21
1.1471566929133858
0
LINE
8
BLACK
6
CONTINUOUS
10
0.5363399606299213
20
1.1471566929133858
11
0.5363399606299213
21
1.1434812992125984
0
LINE
8
BLACK
6
CONTINUOUS
10
0.5363399606299213
20
1.1434812992125984
11
0.5368950393700788
21
1.1423711417322835
0
LINE
8
BLACK
6
CONTINUOUS
10
0.5368950393700788
20
1.1423711417322835
11
0.53733968503937
21
1.141926496062992
0
LINE
8
BLACK
6
CONTINUOUS
10
0.53733968503937
20
1.141926496062992
11
0.5384499212598425
21
1.1413714173228346
0
LINE
8
BLACK
6
CONTINUOUS
10
0.5384499212598425
20
1.1413714173228346
11
0.5394696062992126
21
1.1413714173228346
0
LINE
8
BLACK
6
CONTINUOUS
10
0.5394696062992126
20
1.1413714173228346
11
0.5414714566929134
21
1.1420386614173228
0
LINE
8
BLACK
6
CONTINUOUS
10
0.5414714566929134
20
1.1420386614173228
11
0.5523696850393701
21
1.1529369291338583
0
LINE
8
BLACK
6
CONTINUOUS
10
0.5523696850393701
20
1.1529369291338583
11
0.5538899606299212
21
1.1535666535433071
0
LINE
8
BLACK
6
CONTINUOUS
10
0.5538899606299212
20
1.1535666535433071
11
0.5554102362204725
21
1.1529369291338583
0
LINE
8
BLACK
6
CONTINUOUS
10
0.9609064566929134
20
1.2185397244094487
11
0.9621537401574803
21
1.2183357086614173
0
LINE
8
BLACK
6
CONTINUOUS
10
0.9621537401574803
20
1.2183357086614173
11
0.9623903149606299
21
1.2181420866141732
0
LINE
8
BLACK
6
CONTINUOUS
10
0.9623903149606299
20
1.2181420866141732
11
0.9626856692913386
21
1.2180629921259842
0
LINE
8
BLACK
6
CONTINUOUS
10
0.9626856692913386
20
1.2180629921259842
11
0.9635792913385827
21
1.2171693307086613
0
LINE
8
BLACK
6
CONTINUOUS
10
0.9635792913385827
20
1.2171693307086613
11
0.9645575196850393
21
1.2163690157480316
0
LINE
8
BLACK
6
CONTINUOUS
10
0.9645575196850393
20
1.2163690157480316
11
0.9646656299212598
21
1.2160829921259841
0
LINE
8
BLACK
6
CONTINUOUS
10
0.9646656299212598
20
1.2160829921259841
11
0.964881811023622
21
1.2158668503937007
0
LINE
8
BLACK
6
CONTINUOUS
10
0.964881811023622
20
1.2158668503937007
11
0.9652088582677165
21
1.2146461417322834
0
LINE
8
BLACK
6
CONTINUOUS
10
0.9652088582677165
20
1.2146461417322834
11
0.965655905511811
21
1.2134638582677164
0
LINE
8
BLACK
6
CONTINUOUS
10
0.965655905511811
20
1.2134638582677164
11
0.9685130708661417
21
1.1848924409448818
0
LINE
8
BLACK
6
CONTINUOUS
10
0.9685130708661417
20
1.1848924409448818
11
0.9683383858267717
21
1.1838245275590551
0
LINE
8
BLACK
6
CONTINUOUS
10
0.9683383858267717
20
1.1838245275590551
11
0.9683383858267717
21
1.1827425590551182
0
LINE
8
BLACK
6
CONTINUOUS
10
0.9683383858267717
20
1.1827425590551182
11
0.9680914173228347
21
1.1823147637795275
0
LINE
8
BLACK
6
CONTINUOUS
10
0.9680914173228347
20
1.1823147637795275
11
0.9680116929133858
21
1.1818273622047244
0
LINE
8
BLACK
6
CONTINUOUS
10
0.9680116929133858
20
1.1818273622047244
11
0.9673265354330708
21
1.1809899606299212
0
LINE
8
BLACK
6
CONTINUOUS
10
0.9673265354330708
20
1.1809899606299212
11
0.9667855118110236
21
1.1800527952755906
0
LINE
8
BLACK
6
CONTINUOUS
10
0.9667855118110236
20
1.1800527952755906
11
0.966357716535433
21
1.1798057874015748
0
LINE
8
BLACK
6
CONTINUOUS
10
0.966357716535433
20
1.1798057874015748
11
0.9660449999999999
21
1.1794235826771653
0
LINE
8
BLACK
6
CONTINUOUS
10
0.9660449999999999
20
1.1794235826771653
11
0.965032874015748
21
1.179040905511811
0
LINE
8
BLACK
6
CONTINUOUS
10
0.965032874015748
20
1.179040905511811
11
0.9640957874015748
21
1.1784998818897638
0
LINE
8
BLACK
6
CONTINUOUS
10
0.9640957874015748
20
1.1784998818897638
11
0.9636018897637795
21
1.1784998818897638
0
LINE
8
BLACK
6
CONTINUOUS
10
0.9636018897637795
20
1.1784998818897638
11
0.9631398818897637
21
1.1783251968503936
0
LINE
8
BLACK
6
CONTINUOUS
10
0.9631398818897637
20
1.1783251968503936
11
0.9620718897637796
21
1.1784998818897638
0
LINE
8
BLACK
6
CONTINUOUS
10
0.9620718897637796
20
1.1784998818897638
11
0.9609899606299213
21
1.1784998818897638
0
LINE
8
BLACK
6
CONTINUOUS
10
0.9609899606299213
20
1.1784998818897638
11
0.9605622440944882
21
1.1787467716535434
0
LINE
8
BLACK
6
CONTINUOUS
10
0.9605622440944882
20
1.1787467716535434
11
0.9600747637795275
21
1.1788265354330709
0
LINE
8
BLACK
6
CONTINUOUS
10
0.9600747637795275
20
1.1788265354330709
11
0.9592372047244094
21
1.1795117716535433
0
LINE
8
BLACK
6
CONTINUOUS
10
0.9592372047244094
20
1.1795117716535433
11
0.9583002362204724
21
1.1800527559055118
0
LINE
8
BLACK
6
CONTINUOUS
10
0.9583002362204724
20
1.1800527559055118
11
0.9561314960629921
21
1.1822214566929135
0
LINE
8
BLACK
6
CONTINUOUS
10
0.9561314960629921
20
1.1822214566929135
11
0.9525550393700787
21
1.1840097244094487
0
LINE
8
BLACK
6
CONTINUOUS
10
0.9525550393700787
20
1.1840097244094487
11
0.9411020472440945
21
1.1840097244094487
0
LINE
8
BLACK
6
CONTINUOUS
10
0.9411020472440945
20
1.1840097244094487
11
0.9375256299212599
21
1.1822214566929135
0
LINE
8
BLACK
6
CONTINUOUS
10
0.9375256299212599
20
1.1822214566929135
11
0.9360453543307087
21
1.1807412598425198
0
LINE
8
BLACK
6
CONTINUOUS
10
0.9360453543307087
20
1.1807412598425198
11
0.9342571259842519
21
1.1771647244094487
0
LINE
8
BLACK
6
CONTINUOUS
10
0.9342571259842519
20
1.1771647244094487
11
0.9342571259842519
21
1.165711811023622
0
LINE
8
BLACK
6
CONTINUOUS
10
0.9342571259842519
20
1.165711811023622
11
0.9360453543307087
21
1.1621352755905512
0
LINE
8
BLACK
6
CONTINUOUS
10
0.9360453543307087
20
1.1621352755905512
11
0.9375256299212599
21
1.1606550787401575
0
LINE
8
BLACK
6
CONTINUOUS
10
0.9375256299212599
20
1.1606550787401575
11
0.9411020472440945
21
1.1588668503937007
0
LINE
8
BLACK
6
CONTINUOUS
10
0.9411020472440945
20
1.1588668503937007
11
0.9525550393700787
21
1.1588668503937007
0
LINE
8
BLACK
6
CONTINUOUS
10
0.9525550393700787
20
1.1588668503937007
11
0.9561314960629921
21
1.1606550787401575
0
LINE
8
BLACK
6
CONTINUOUS
10
0.9561314960629921
20
1.1606550787401575
11
0.9583002362204724
21
1.1628238188976379
0
LINE
8
BLACK
6
CONTINUOUS
10
0.9583002362204724
20
1.1628238188976379
11
0.9609899606299213
21
1.1643766929133859
0
LINE
8
BLACK
6
CONTINUOUS
10
0.9609899606299213
20
1.1643766929133859
11
0.9640957874015748
21
1.1643766929133859
0
LINE
8
BLACK
6
CONTINUOUS
10
0.9640957874015748
20
1.1643766929133859
11
0.9667855118110236
21
1.1628237795275591
0
LINE
8
BLACK
6
CONTINUOUS
10
0.9667855118110236
20
1.1628237795275591
11
0.9683383858267717
21
1.1601340157480315
0
LINE
8
BLACK
6
CONTINUOUS
10
0.9683383858267717
20
1.1601340157480315
11
0.9683383858267717
21
1.1570281889763778
0
LINE
8
BLACK
6
CONTINUOUS
10
0.9683383858267717
20
1.1570281889763778
11
0.9667854724409448
21
1.154338464566929
0
LINE
8
BLACK
6
CONTINUOUS
10
0.9667854724409448
20
1.154338464566929
11
0.9639282677165354
21
1.1514813385826772
0
LINE
8
BLACK
6
CONTINUOUS
10
0.9639282677165354
20
1.1514813385826772
11
0.9630916535433071
21
1.1509983464566929
0
LINE
8
BLACK
6
CONTINUOUS
10
0.9630916535433071
20
1.1509983464566929
11
0.9623689763779527
21
1.1503574803149605
0
LINE
8
BLACK
6
CONTINUOUS
10
0.9623689763779527
20
1.1503574803149605
11
0.9566547244094488
21
1.14750031496063
0
LINE
8
BLACK
6
CONTINUOUS
10
0.9566547244094488
20
1.14750031496063
11
0.9553036614173228
21
1.1472238188976378
0
LINE
8
BLACK
6
CONTINUOUS
10
0.9553036614173228
20
1.1472238188976378
11
0.9539714173228346
21
1.1468668503937007
0
LINE
8
BLACK
6
CONTINUOUS
10
0.9539714173228346
20
1.1468668503937007
11
0.9396856692913386
21
1.1468668503937007
0
LINE
8
BLACK
6
CONTINUOUS
10
0.9396856692913386
20
1.1468668503937007
11
0.9383533858267716
21
1.1472238188976378
0
LINE
8
BLACK
6
CONTINUOUS
10
0.9383533858267716
20
1.1472238188976378
11
0.9370023622047244
21
1.14750031496063
0
LINE
8
BLACK
6
CONTINUOUS
10
0.9370023622047244
20
1.14750031496063
11
0.9312881102362205
21
1.1503574803149605
0
LINE
8
BLACK
6
CONTINUOUS
10
0.9312881102362205
20
1.1503574803149605
11
0.9305653937007874
21
1.1509983464566929
0
LINE
8
BLACK
6
CONTINUOUS
10
0.9305653937007874
20
1.1509983464566929
11
0.9297288188976378
21
1.1514813385826772
0
LINE
8
BLACK
6
CONTINUOUS
10
0.9297288188976378
20
1.1514813385826772
11
0.926871653543307
21
1.154338464566929
0
LINE
8
BLACK
6
CONTINUOUS
10
0.926871653543307
20
1.154338464566929
11
0.926388622047244
21
1.1551750393700788
0
LINE
8
BLACK
6
CONTINUOUS
10
0.926388622047244
20
1.1551750393700788
11
0.9257476771653543
21
1.155897874015748
0
LINE
8
BLACK
6
CONTINUOUS
10
0.9257476771653543
20
1.155897874015748
11
0.9228905511811023
21
1.1616121653543308
0
LINE
8
BLACK
6
CONTINUOUS
10
0.9228905511811023
20
1.1616121653543308
11
0.9226140551181102
21
1.1629633070866141
0
LINE
8
BLACK
6
CONTINUOUS
10
0.9226140551181102
20
1.1629633070866141
11
0.9222571259842519
21
1.1642954330708661
0
LINE
8
BLACK
6
CONTINUOUS
10
0.9222571259842519
20
1.1642954330708661
11
0.9222571259842519
21
1.1785811417322833
0
LINE
8
BLACK
6
CONTINUOUS
10
0.9222571259842519
20
1.1785811417322833
11
0.9226140551181102
21
1.1799132283464566
0
LINE
8
BLACK
6
CONTINUOUS
10
0.9226140551181102
20
1.1799132283464566
11
0.9228905511811023
21
1.1812644094488189
0
LINE
8
BLACK
6
CONTINUOUS
10
0.9228905511811023
20
1.1812644094488189
11
0.9257476771653543
21
1.1869787007874015
0
LINE
8
BLACK
6
CONTINUOUS
10
0.9257476771653543
20
1.1869787007874015
11
0.926388622047244
21
1.1877014960629921
0
LINE
8
BLACK
6
CONTINUOUS
10
0.926388622047244
20
1.1877014960629921
11
0.926871653543307
21
1.1885381102362205
0
LINE
8
BLACK
6
CONTINUOUS
10
0.926871653543307
20
1.1885381102362205
11
0.9297288188976378
21
1.1913952362204725
0
LINE
8
BLACK
6
CONTINUOUS
10
0.9297288188976378
20
1.1913952362204725
11
0.9305653937007874
21
1.1918781889763779
0
LINE
8
BLACK
6
CONTINUOUS
10
0.9305653937007874
20
1.1918781889763779
11
0.9312881102362205
21
1.1925190944881889
0
LINE
8
BLACK
6
CONTINUOUS
10
0.9312881102362205
20
1.1925190944881889
11
0.9370023622047244
21
1.1953762598425197
0
LINE
8
BLACK
6
CONTINUOUS
10
0.9370023622047244
20
1.1953762598425197
11
0.9383533858267716
21
1.1956527165354331
0
LINE
8
BLACK
6
CONTINUOUS
10
0.9383533858267716
20
1.1956527165354331
11
0.9396856692913386
21
1.1960097244094487
0
LINE
8
BLACK
6
CONTINUOUS
10
0.9396856692913386
20
1.1960097244094487
11
0.9539714173228346
21
1.1960097244094487
0
LINE
8
BLACK
6
CONTINUOUS
10
0.9539714173228346
20
1.1960097244094487
11
0.9553036614173228
21
1.1956527165354331
0
LINE
8
BLACK
6
CONTINUOUS
10
0.9553036614173228
20
1.1956527165354331
11
0.9553786614173229
21
1.1956373622047243
0
LINE
8
BLACK
6
CONTINUOUS
10
0.9553786614173229
20
1.1956373622047243
11
0.954255748031496
21
1.2068668503937008
0
LINE
8
BLACK
6
CONTINUOUS
10
0.954255748031496
20
1.2068668503937008
11
0.9311142519685039
21
1.2068668503937008
0
LINE
8
BLACK
6
CONTINUOUS
10
0.9311142519685039
20
1.2068668503937008
11
0.9281142519685039
21
1.2076707086614173
0
LINE
8
BLACK
6
CONTINUOUS
10
0.9281142519685039
20
1.2076707086614173
11
0.9259181102362205
21
1.2098668503937007
0
LINE
8
BLACK
6
CONTINUOUS
10
0.9259181102362205
20
1.2098668503937007
11
0.9251142519685039
21
1.2128668503937008
0
LINE
8
BLACK
6
CONTINUOUS
10
0.9251142519685039
20
1.2128668503937008
11
0.9259181102362205
21
1.2158668503937007
0
LINE
8
BLACK
6
CONTINUOUS
10
0.9259181102362205
20
1.2158668503937007
11
0.9281142519685039
21
1.2180629921259842
0
LINE
8
BLACK
6
CONTINUOUS
10
0.9281142519685039
20
1.2180629921259842
11
0.9311142519685039
21
1.2188668503937008
0
LINE
8
BLACK
6
CONTINUOUS
10
0.9311142519685039
20
1.2188668503937008
11
0.9596856692913386
21
1.2188668503937008
0
LINE
8
BLACK
6
CONTINUOUS
10
0.9596856692913386
20
1.2188668503937008
11
0.9609064566929134
21
1.2185397244094487
0
LINE
8
BLACK
6
CONTINUOUS
10
1.0226856692913386
20
1.2180629921259842
11
1.024881811023622
21
1.2158668503937007
0
LINE
8
BLACK
6
CONTINUOUS
10
1.024881811023622
20
1.2158668503937007
11
1.0256856692913385
21
1.2128668503937008
0
LINE
8
BLACK
6
CONTINUOUS
10
1.0256856692913385
20
1.2128668503937008
11
1.0256856692913385
21
1.1528668503937007
0
LINE
8
BLACK
6
CONTINUOUS
10
1.0256856692913385
20
1.1528668503937007
11
1.024881811023622
21
1.1498668503937008
0
LINE
8
BLACK
6
CONTINUOUS
10
1.024881811023622
20
1.1498668503937008
11
1.0226856692913386
21
1.1476707086614173
0
LINE
8
BLACK
6
CONTINUOUS
10
1.0226856692913386
20
1.1476707086614173
11
1.0196856692913385
21
1.1468668503937007
0
LINE
8
BLACK
6
CONTINUOUS
10
1.0196856692913385
20
1.1468668503937007
11
1.0053999606299213
21
1.1468668503937007
0
LINE
8
BLACK
6
CONTINUOUS
10
1.0053999606299213
20
1.1468668503937007
11
1.0044668110236221
21
1.1471168503937008
0
LINE
8
BLACK
6
CONTINUOUS
10
1.0044668110236221
20
1.1471168503937008
11
1.0035025984251968
21
1.1471747637795275
0
LINE
8
BLACK
6
CONTINUOUS
10
1.0035025984251968
20
1.1471747637795275
11
0.9949311417322835
21
1.1500319291338583
0
LINE
8
BLACK
6
CONTINUOUS
10
0.9949311417322835
20
1.1500319291338583
11
0.9937803149606299
21
1.1507917322834644
0
LINE
8
BLACK
6
CONTINUOUS
10
0.9937803149606299
20
1.1507917322834644
11
0.992585905511811
21
1.151481377952756
0
LINE
8
BLACK
6
CONTINUOUS
10
0.992585905511811
20
1.151481377952756
11
0.9868716141732283
21
1.1571956299212598
0
LINE
8
BLACK
6
CONTINUOUS
10
0.9868716141732283
20
1.1571956299212598
11
0.9863886220472441
21
1.1580321653543306
0
LINE
8
BLACK
6
CONTINUOUS
10
0.9863886220472441
20
1.1580321653543306
11
0.9857476771653543
21
1.158755
0
LINE
8
BLACK
6
CONTINUOUS
10
0.9857476771653543
20
1.158755
11
0.9828905511811024
21
1.1644692913385826
0
LINE
8
BLACK
6
CONTINUOUS
10
0.9828905511811024
20
1.1644692913385826
11
0.9827577559055118
21
1.1651181496062992
0
LINE
8
BLACK
6
CONTINUOUS
10
0.9827577559055118
20
1.1651181496062992
11
0.9824362598425197
21
1.1656973228346457
0
LINE
8
BLACK
6
CONTINUOUS
10
0.9824362598425197
20
1.1656973228346457
11
0.9795790944881889
21
1.1771259055118111
0
LINE
8
BLACK
6
CONTINUOUS
10
0.9795790944881889
20
1.1771259055118111
11
0.9795915354330709
21
1.1778661023622048
0
LINE
8
BLACK
6
CONTINUOUS
10
0.9795915354330709
20
1.1778661023622048
11
0.9793999606299212
21
1.1785811417322833
0
LINE
8
BLACK
6
CONTINUOUS
10
0.9793999606299212
20
1.1785811417322833
11
0.9793999606299212
21
1.1871525590551182
0
LINE
8
BLACK
6
CONTINUOUS
10
0.9793999606299212
20
1.1871525590551182
11
0.9795915354330709
21
1.187867559055118
0
LINE
8
BLACK
6
CONTINUOUS
10
0.9795915354330709
20
1.187867559055118
11
0.9795790944881889
21
1.1886077952755905
0
LINE
8
BLACK
6
CONTINUOUS
10
0.9795790944881889
20
1.1886077952755905
11
0.9824362598425197
21
1.2000363779527559
0
LINE
8
BLACK
6
CONTINUOUS
10
0.9824362598425197
20
1.2000363779527559
11
0.9827577559055118
21
1.2006155118110236
0
LINE
8
BLACK
6
CONTINUOUS
10
0.9827577559055118
20
1.2006155118110236
11
0.9828905511811024
21
1.201264409448819
0
LINE
8
BLACK
6
CONTINUOUS
10
0.9828905511811024
20
1.201264409448819
11
0.9857476771653543
21
1.2069787007874015
0
LINE
8
BLACK
6
CONTINUOUS
10
0.9857476771653543
20
1.2069787007874015
11
0.9863886220472441
21
1.2077014960629922
0
LINE
8
BLACK
6
CONTINUOUS
10
0.9863886220472441
20
1.2077014960629922
11
0.9868716141732283
21
1.2085380708661417
0
LINE
8
BLACK
6
CONTINUOUS
10
0.9868716141732283
20
1.2085380708661417
11
0.992585905511811
21
1.2142523622047243
0
LINE
8
BLACK
6
CONTINUOUS
10
0.992585905511811
20
1.2142523622047243
11
0.9937802755905512
21
1.2149419291338583
0
LINE
8
BLACK
6
CONTINUOUS
10
0.9937802755905512
20
1.2149419291338583
11
0.9949311811023622
21
1.215701811023622
0
LINE
8
BLACK
6
CONTINUOUS
10
0.9949311811023622
20
1.215701811023622
11
1.0035025984251968
21
1.2185589763779527
0
LINE
8
BLACK
6
CONTINUOUS
10
1.0035025984251968
20
1.2185589763779527
11
1.0044669685039369
21
1.2186168503937007
0
LINE
8
BLACK
6
CONTINUOUS
10
1.0044669685039369
20
1.2186168503937007
11
1.0053999606299213
21
1.2188668503937008
0
LINE
8
BLACK
6
CONTINUOUS
10
1.0053999606299213
20
1.2188668503937008
11
1.0196856692913385
21
1.2188668503937008
0
LINE
8
BLACK
6
CONTINUOUS
10
1.0196856692913385
20
1.2188668503937008
11
1.0226856692913386
21
1.2180629921259842
0
LINE
8
BLACK
6
CONTINUOUS
10
1.0000696062992125
20
1.2047655118110236
11
0.9960453937007874
21
1.2007412992125983
0
LINE
8
BLACK
6
CONTINUOUS
10
0.9960453937007874
20
1.2007412992125983
11
0.9939182283464567
21
1.1964870078740157
0
LINE
8
BLACK
6
CONTINUOUS
10
0.9939182283464567
20
1.1964870078740157
11
0.9913999606299212
21
1.1864138188976379
0
LINE
8
BLACK
6
CONTINUOUS
10
0.9913999606299212
20
1.1864138188976379
11
0.9913999606299212
21
1.1793198425196849
0
LINE
8
BLACK
6
CONTINUOUS
10
0.9913999606299212
20
1.1793198425196849
11
0.9939182283464567
21
1.169246653543307
0
LINE
8
BLACK
6
CONTINUOUS
10
0.9939182283464567
20
1.169246653543307
11
0.9960453937007874
21
1.1649924015748032
0
LINE
8
BLACK
6
CONTINUOUS
10
0.9960453937007874
20
1.1649924015748032
11
1.0000696062992125
21
1.1609681889763779
0
LINE
8
BLACK
6
CONTINUOUS
10
1.0000696062992125
20
1.1609681889763779
11
1.0063736220472441
21
1.1588668503937007
0
LINE
8
BLACK
6
CONTINUOUS
10
1.0063736220472441
20
1.1588668503937007
11
1.0136856692913385
21
1.1588668503937007
0
LINE
8
BLACK
6
CONTINUOUS
10
1.0136856692913385
20
1.1588668503937007
11
1.0136856692913385
21
1.2068668503937008
0
LINE
8
BLACK
6
CONTINUOUS
10
1.0136856692913385
20
1.2068668503937008
11
1.0063735826771654
21
1.2068668503937008
0
LINE
8
BLACK
6
CONTINUOUS
10
1.0063735826771654
20
1.2068668503937008
11
1.0000696062992125
21
1.2047655118110236
0
LINE
8
BLACK
6
CONTINUOUS
10
0.6629102362204724
20
1.162941653543307
11
0.6635399606299213
21
1.1614213779527558
0
LINE
8
BLACK
6
CONTINUOUS
10
0.6635399606299213
20
1.1614213779527558
11
0.6629102362204724
21
1.1599011023622048
0
LINE
8
BLACK
6
CONTINUOUS
10
0.6629102362204724
20
1.1599011023622048
11
0.6613899606299213
21
1.1592713779527559
0
LINE
8
BLACK
6
CONTINUOUS
10
0.6613899606299213
20
1.1592713779527559
11
0.6541590157480315
21
1.1592713779527559
0
LINE
8
BLACK
6
CONTINUOUS
10
0.6541590157480315
20
1.1592713779527559
11
0.6541590157480315
21
1.1578502755905511
0
LINE
8
BLACK
6
CONTINUOUS
10
0.6541590157480315
20
1.1578502755905511
11
0.6626229133858268
21
1.1519255905511812
0
LINE
8
BLACK
6
CONTINUOUS
10
0.6626229133858268
20
1.1519255905511812
11
0.6635072440944881
21
1.1505378740157479
0
LINE
8
BLACK
6
CONTINUOUS
10
0.6635072440944881
20
1.1505378740157479
11
0.6631512992125984
21
1.1489312992125984
0
LINE
8
BLACK
6
CONTINUOUS
10
0.6631512992125984
20
1.1489312992125984
11
0.661763622047244
21
1.1480469685039369
0
LINE
8
BLACK
6
CONTINUOUS
10
0.661763622047244
20
1.1480469685039369
11
0.6601570078740158
21
1.1484029133858267
0
LINE
8
BLACK
6
CONTINUOUS
10
0.6601570078740158
20
1.1484029133858267
11
0.6538598818897637
21
1.1528108661417322
0
LINE
8
BLACK
6
CONTINUOUS
10
0.6538598818897637
20
1.1528108661417322
11
0.6529938976377953
21
1.1510788976377953
0
LINE
8
BLACK
6
CONTINUOUS
10
0.6529938976377953
20
1.1510788976377953
11
0.6527265748031496
21
1.1508470472440944
0
LINE
8
BLACK
6
CONTINUOUS
10
0.6527265748031496
20
1.1508470472440944
11
0.6525911811023621
21
1.150520157480315
0
LINE
8
BLACK
6
CONTINUOUS
10
0.6525911811023621
20
1.150520157480315
11
0.6516531102362204
21
1.1495820866141733
0
LINE
8
BLACK
6
CONTINUOUS
10
0.6516531102362204
20
1.1495820866141733
11
0.6513261811023622
21
1.149446653543307
0
LINE
8
BLACK
6
CONTINUOUS
10
0.6513261811023622
20
1.149446653543307
11
0.6510943307086614
21
1.1491793307086613
0
LINE
8
BLACK
6
CONTINUOUS
10
0.6510943307086614
20
1.1491793307086613
11
0.6492181102362204
21
1.1482412204724408
0
LINE
8
BLACK
6
CONTINUOUS
10
0.6492181102362204
20
1.1482412204724408
11
0.648718937007874
21
1.148205748031496
0
LINE
8
BLACK
6
CONTINUOUS
10
0.648718937007874
20
1.148205748031496
11
0.6482566141732283
21
1.1480142519685039
0
LINE
8
BLACK
6
CONTINUOUS
10
0.6482566141732283
20
1.1480142519685039
11
0.6454423622047244
21
1.1480142519685039
0
LINE
8
BLACK
6
CONTINUOUS
10
0.6454423622047244
20
1.1480142519685039
11
0.64498
21
1.148205748031496
0
LINE
8
BLACK
6
CONTINUOUS
10
0.64498
20
1.148205748031496
11
0.6444808661417323
21
1.1482412204724408
0
LINE
8
BLACK
6
CONTINUOUS
10
0.6444808661417323
20
1.1482412204724408
11
0.6426046456692913
21
1.1491793307086613
0
LINE
8
BLACK
6
CONTINUOUS
10
0.6426046456692913
20
1.1491793307086613
11
0.6423727559055118
21
1.149446653543307
0
LINE
8
BLACK
6
CONTINUOUS
10
0.6423727559055118
20
1.149446653543307
11
0.6420458661417323
21
1.1495820866141733
0
LINE
8
BLACK
6
CONTINUOUS
10
0.6420458661417323
20
1.1495820866141733
11
0.6411077952755906
21
1.150520157480315
0
LINE
8
BLACK
6
CONTINUOUS
10
0.6411077952755906
20
1.150520157480315
11
0.6409723622047244
21
1.1508470078740156
0
LINE
8
BLACK
6
CONTINUOUS
10
0.6409723622047244
20
1.1508470078740156
11
0.6407050393700787
21
1.1510788976377953
0
LINE
8
BLACK
6
CONTINUOUS
10
0.6407050393700787
20
1.1510788976377953
11
0.639766968503937
21
1.1529550787401575
0
LINE
8
BLACK
6
CONTINUOUS
10
0.639766968503937
20
1.1529550787401575
11
0.6397314566929134
21
1.1534542125984251
0
LINE
8
BLACK
6
CONTINUOUS
10
0.6397314566929134
20
1.1534542125984251
11
0.6395399606299212
21
1.1539166141732282
0
LINE
8
BLACK
6
CONTINUOUS
10
0.6395399606299212
20
1.1539166141732282
11
0.6395399606299212
21
1.1614213779527558
0
LINE
8
BLACK
6
CONTINUOUS
10
0.6395399606299212
20
1.1614213779527558
11
0.6401696850393701
21
1.162941653543307
0
LINE
8
BLACK
6
CONTINUOUS
10
0.6401696850393701
20
1.162941653543307
11
0.6416899606299212
21
1.1635713779527559
0
LINE
8
BLACK
6
CONTINUOUS
10
0.6416899606299212
20
1.1635713779527559
11
0.6613899606299213
21
1.1635713779527559
0
LINE
8
BLACK
6
CONTINUOUS
10
0.6613899606299213
20
1.1635713779527559
11
0.6629102362204724
21
1.162941653543307
0
LINE
8
BLACK
6
CONTINUOUS
10
0.6438399606299212
20
1.1544241338582677
11
0.6443949999999999
21
1.1533140157480315
0
LINE
8
BLACK
6
CONTINUOUS
10
0.6443949999999999
20
1.1533140157480315
11
0.6448396850393701
21
1.1528693700787402
0
LINE
8
BLACK
6
CONTINUOUS
10
0.6448396850393701
20
1.1528693700787402
11
0.6459499212598425
21
1.1523142519685039
0
LINE
8
BLACK
6
CONTINUOUS
10
0.6459499212598425
20
1.1523142519685039
11
0.6477490551181102
21
1.1523142519685039
0
LINE
8
BLACK
6
CONTINUOUS
10
0.6477490551181102
20
1.1523142519685039
11
0.6488592913385827
21
1.1528693700787402
0
LINE
8
BLACK
6
CONTINUOUS
10
0.6488592913385827
20
1.1528693700787402
11
0.6493038976377953
21
1.1533139763779527
0
LINE
8
BLACK
6
CONTINUOUS
10
0.6493038976377953
20
1.1533139763779527
11
0.6498590157480315
21
1.1544241732283465
0
LINE
8
BLACK
6
CONTINUOUS
10
0.6498590157480315
20
1.1544241732283465
11
0.6498590157480315
21
1.1592713779527559
0
LINE
8
BLACK
6
CONTINUOUS
10
0.6498590157480315
20
1.1592713779527559
11
0.6438399606299212
21
1.1592713779527559
0
LINE
8
BLACK
6
CONTINUOUS
10
0.6438399606299212
20
1.1592713779527559
11
0.6438399606299212
21
1.1544241338582677
0
LINE
8
BLACK
6
CONTINUOUS
10
0.5279102362204724
20
1.165441653543307
11
0.5285399606299213
21
1.163921377952756
0
LINE
8
BLACK
6
CONTINUOUS
10
0.5285399606299213
20
1.163921377952756
11
0.5279102362204724
21
1.1624011023622047
0
LINE
8
BLACK
6
CONTINUOUS
10
0.5279102362204724
20
1.1624011023622047
11
0.5263899606299213
21
1.1617713779527559
0
LINE
8
BLACK
6
CONTINUOUS
10
0.5263899606299213
20
1.1617713779527559
11
0.5191590157480315
21
1.1617713779527559
0
LINE
8
BLACK
6
CONTINUOUS
10
0.5191590157480315
20
1.1617713779527559
11
0.5191590157480315
21
1.1603502755905513
0
LINE
8
BLACK
6
CONTINUOUS
10
0.5191590157480315
20
1.1603502755905513
11
0.5276229133858268
21
1.1544255905511811
0
LINE
8
BLACK
6
CONTINUOUS
10
0.5276229133858268
20
1.1544255905511811
11
0.5285072440944881
21
1.1530378740157481
0
LINE
8
BLACK
6
CONTINUOUS
10
0.5285072440944881
20
1.1530378740157481
11
0.5281512992125984
21
1.1514312992125983
0
LINE
8
BLACK
6
CONTINUOUS
10
0.5281512992125984
20
1.1514312992125983
11
0.526763622047244
21
1.1505469685039369
0
LINE
8
BLACK
6
CONTINUOUS
10
0.526763622047244
20
1.1505469685039369
11
0.5251570078740158
21
1.1509029133858268
0
LINE
8
BLACK
6
CONTINUOUS
10
0.5251570078740158
20
1.1509029133858268
11
0.5188598818897637
21
1.1553108661417322
0
LINE
8
BLACK
6
CONTINUOUS
10
0.5188598818897637
20
1.1553108661417322
11
0.5179938976377952
21
1.1535788976377952
0
LINE
8
BLACK
6
CONTINUOUS
10
0.5179938976377952
20
1.1535788976377952
11
0.5177265748031495
21
1.1533470472440945
0
LINE
8
BLACK
6
CONTINUOUS
10
0.5177265748031495
20
1.1533470472440945
11
0.5175911811023622
21
1.1530201574803149
0
LINE
8
BLACK
6
CONTINUOUS
10
0.5175911811023622
20
1.1530201574803149
11
0.5166531102362205
21
1.1520820866141732
0
LINE
8
BLACK
6
CONTINUOUS
10
0.5166531102362205
20
1.1520820866141732
11
0.5163261811023622
21
1.1519466535433072
0
LINE
8
BLACK
6
CONTINUOUS
10
0.5163261811023622
20
1.1519466535433072
11
0.5160943307086614
21
1.1516793307086615
0
LINE
8
BLACK
6
CONTINUOUS
10
0.5160943307086614
20
1.1516793307086615
11
0.5142181102362204
21
1.150741220472441
0
LINE
8
BLACK
6
CONTINUOUS
10
0.5142181102362204
20
1.150741220472441
11
0.513718937007874
21
1.1507057480314959
0
LINE
8
BLACK
6
CONTINUOUS
10
0.513718937007874
20
1.1507057480314959
11
0.5132566141732283
21
1.1505142519685039
0
LINE
8
BLACK
6
CONTINUOUS
10
0.5132566141732283
20
1.1505142519685039
11
0.5104423622047244
21
1.1505142519685039
0
LINE
8
BLACK
6
CONTINUOUS
10
0.5104423622047244
20
1.1505142519685039
11
0.50998
21
1.1507057480314959
0
LINE
8
BLACK
6
CONTINUOUS
10
0.50998
20
1.1507057480314959
11
0.5094808661417323
21
1.150741220472441
0
LINE
8
BLACK
6
CONTINUOUS
10
0.5094808661417323
20
1.150741220472441
11
0.5076046456692913
21
1.1516793307086615
0
LINE
8
BLACK
6
CONTINUOUS
10
0.5076046456692913
20
1.1516793307086615
11
0.5073727559055118
21
1.1519466535433072
0
LINE
8
BLACK
6
CONTINUOUS
10
0.5073727559055118
20
1.1519466535433072
11
0.5070458661417323
21
1.1520820866141732
0
LINE
8
BLACK
6
CONTINUOUS
10
0.5070458661417323
20
1.1520820866141732
11
0.5061077952755906
21
1.1530201574803149
0
LINE
8
BLACK
6
CONTINUOUS
10
0.5061077952755906
20
1.1530201574803149
11
0.5059723622047244
21
1.1533470078740158
0
LINE
8
BLACK
6
CONTINUOUS
10
0.5059723622047244
20
1.1533470078740158
11
0.5057050393700787
21
1.1535788976377952
0
LINE
8
BLACK
6
CONTINUOUS
10
0.5057050393700787
20
1.1535788976377952
11
0.504766968503937
21
1.1554550787401574
0
LINE
8
BLACK
6
CONTINUOUS
10
0.504766968503937
20
1.1554550787401574
11
0.5047314566929134
21
1.1559542125984252
0
LINE
8
BLACK
6
CONTINUOUS
10
0.5047314566929134
20
1.1559542125984252
11
0.5045399606299212
21
1.1564166141732284
0
LINE
8
BLACK
6
CONTINUOUS
10
0.5045399606299212
20
1.1564166141732284
11
0.5045399606299212
21
1.163921377952756
0
LINE
8
BLACK
6
CONTINUOUS
10
0.5045399606299212
20
1.163921377952756
11
0.5051696850393701
21
1.165441653543307
0
LINE
8
BLACK
6
CONTINUOUS
10
0.5051696850393701
20
1.165441653543307
11
0.5066899606299212
21
1.1660713779527558
0
LINE
8
BLACK
6
CONTINUOUS
10
0.5066899606299212
20
1.1660713779527558
11
0.5263899606299213
21
1.1660713779527558
0
LINE
8
BLACK
6
CONTINUOUS
10
0.5263899606299213
20
1.1660713779527558
11
0.5279102362204724
21
1.165441653543307
0
LINE
8
BLACK
6
CONTINUOUS
10
0.5088399606299212
20
1.1569241338582676
11
0.509395
21
1.1558140157480314
0
LINE
8
BLACK
6
CONTINUOUS
10
0.509395
20
1.1558140157480314
11
0.50983968503937
21
1.1553693700787402
0
LINE
8
BLACK
6
CONTINUOUS
10
0.50983968503937
20
1.1553693700787402
11
0.5109499212598425
21
1.1548142519685038
0
LINE
8
BLACK
6
CONTINUOUS
10
0.5109499212598425
20
1.1548142519685038
11
0.5127490551181102
21
1.1548142519685038
0
LINE
8
BLACK
6
CONTINUOUS
10
0.5127490551181102
20
1.1548142519685038
11
0.5138592913385827
21
1.1553693700787402
0
LINE
8
BLACK
6
CONTINUOUS
10
0.5138592913385827
20
1.1553693700787402
11
0.5143038976377953
21
1.1558139763779527
0
LINE
8
BLACK
6
CONTINUOUS
10
0.5143038976377953
20
1.1558139763779527
11
0.5148590157480315
21
1.1569241732283464
0
LINE
8
BLACK
6
CONTINUOUS
10
0.5148590157480315
20
1.1569241732283464
11
0.5148590157480315
21
1.1617713779527559
0
LINE
8
BLACK
6
CONTINUOUS
10
0.5148590157480315
20
1.1617713779527559
11
0.5088399606299212
21
1.1617713779527559
0
LINE
8
BLACK
6
CONTINUOUS
10
0.5088399606299212
20
1.1617713779527559
11
0.5088399606299212
21
1.1569241338582676
0
LINE
8
BLACK
6
CONTINUOUS
10
0.6703835039370079
20
1.2003851181102363
11
0.6705127559055118
21
1.2004079133858268
0
LINE
8
BLACK
6
CONTINUOUS
10
0.6705127559055118
20
1.2004079133858268
11
0.6706263385826772
21
1.200342283464567
0
LINE
8
BLACK
6
CONTINUOUS
10
0.6706263385826772
20
1.200342283464567
11
0.6710099212598425
21
1.20027468503937
0
LINE
8
BLACK
6
CONTINUOUS
10
0.6710099212598425
20
1.20027468503937
11
0.6715975984251968
21
1.1997815354330708
0
LINE
8
BLACK
6
CONTINUOUS
10
0.6715975984251968
20
1.1997815354330708
11
0.6722619291338583
21
1.1993979921259843
0
LINE
8
BLACK
6
CONTINUOUS
10
0.6722619291338583
20
1.1993979921259843
11
0.672353031496063
21
1.1991476377952757
0
LINE
8
BLACK
6
CONTINUOUS
10
0.672353031496063
20
1.1991476377952757
11
0.6725571653543307
21
1.1989763779527558
0
LINE
8
BLACK
6
CONTINUOUS
10
0.6725571653543307
20
1.1989763779527558
11
0.6726903937007874
21
1.1982207874015747
0
LINE
8
BLACK
6
CONTINUOUS
10
0.6726903937007874
20
1.1982207874015747
11
0.6729527559055118
21
1.1975
0
LINE
8
BLACK
6
CONTINUOUS
10
0.6729527559055118
20
1.1975
11
0.6729527559055118
21
1.1575
0
LINE
8
BLACK
6
CONTINUOUS
10
0.6729527559055118
20
1.1575
11
0.6727746850393701
21
1.1564900787401575
0
LINE
8
BLACK
6
CONTINUOUS
10
0.6727746850393701
20
1.1564900787401575
11
0.6714763779527559
21
1.1549428346456692
0
LINE
8
BLACK
6
CONTINUOUS
10
0.6714763779527559
20
1.1549428346456692
11
0.6694872440944881
21
1.1545920866141732
0
LINE
8
BLACK
6
CONTINUOUS
10
0.6694872440944881
20
1.1545920866141732
11
0.6677380708661417
21
1.1556020078740157
0
LINE
8
BLACK
6
CONTINUOUS
10
0.6677380708661417
20
1.1556020078740157
11
0.6670472440944881
21
1.1575
0
LINE
8
BLACK
6
CONTINUOUS
10
0.6670472440944881
20
1.1575
11
0.6670472440944881
21
1.1945472440944882
0
LINE
8
BLACK
6
CONTINUOUS
10
0.6670472440944881
20
1.1945472440944882
11
0.6129527559055118
21
1.1945472440944882
0
LINE
8
BLACK
6
CONTINUOUS
10
0.6129527559055118
20
1.1945472440944882
11
0.6129527559055118
21
1.1629594094488189
0
LINE
8
BLACK
6
CONTINUOUS
10
0.6129527559055118
20
1.1629594094488189
11
0.6266433858267716
21
1.1675229527559055
0
LINE
8
BLACK
6
CONTINUOUS
10
0.6266433858267716
20
1.1675229527559055
11
0.6269962992125984
21
1.1674978346456693
0
LINE
8
BLACK
6
CONTINUOUS
10
0.6269962992125984
20
1.1674978346456693
11
0.6273233070866142
21
1.1676333070866141
0
LINE
8
BLACK
6
CONTINUOUS
10
0.6273233070866142
20
1.1676333070866141
11
0.6277857086614174
21
1.1674417322834645
0
LINE
8
BLACK
6
CONTINUOUS
10
0.6277857086614174
20
1.1674417322834645
11
0.6282848031496063
21
1.1674062992125984
0
LINE
8
BLACK
6
CONTINUOUS
10
0.6282848031496063
20
1.1674062992125984
11
0.6285166141732283
21
1.1671390157480315
0
LINE
8
BLACK
6
CONTINUOUS
10
0.6285166141732283
20
1.1671390157480315
11
0.6288435826771653
21
1.1670035826771654
0
LINE
8
BLACK
6
CONTINUOUS
10
0.6288435826771653
20
1.1670035826771654
11
0.6290350787401575
21
1.1665411811023623
0
LINE
8
BLACK
6
CONTINUOUS
10
0.6290350787401575
20
1.1665411811023623
11
0.6293629527559055
21
1.1661631889763779
0
LINE
8
BLACK
6
CONTINUOUS
10
0.6293629527559055
20
1.1661631889763779
11
0.6293378346456693
21
1.1658102755905511
0
LINE
8
BLACK
6
CONTINUOUS
10
0.6293378346456693
20
1.1658102755905511
11
0.6294733070866142
21
1.1654833070866142
0
LINE
8
BLACK
6
CONTINUOUS
10
0.6294733070866142
20
1.1654833070866142
11
0.6294733070866142
21
1.1582523622047243
0
LINE
8
BLACK
6
CONTINUOUS
10
0.6294733070866142
20
1.1582523622047243
11
0.6338899606299212
21
1.1582523622047243
0
LINE
8
BLACK
6
CONTINUOUS
10
0.6338899606299212
20
1.1582523622047243
11
0.6354102362204724
21
1.1576226377952756
0
LINE
8
BLACK
6
CONTINUOUS
10
0.6354102362204724
20
1.1576226377952756
11
0.6360399606299213
21
1.1561023622047244
0
LINE
8
BLACK
6
CONTINUOUS
10
0.6360399606299213
20
1.1561023622047244
11
0.6354102362204724
21
1.1545820866141732
0
LINE
8
BLACK
6
CONTINUOUS
10
0.6354102362204724
20
1.1545820866141732
11
0.6338899606299212
21
1.1539523622047243
0
LINE
8
BLACK
6
CONTINUOUS
10
0.6338899606299212
20
1.1539523622047243
11
0.6294733070866142
21
1.1539523622047243
0
LINE
8
BLACK
6
CONTINUOUS
10
0.6294733070866142
20
1.1539523622047243
11
0.6294733070866142
21
1.1532880708661417
0
LINE
8
BLACK
6
CONTINUOUS
10
0.6294733070866142
20
1.1532880708661417
11
0.6288435826771653
21
1.1517677952755905
0
LINE
8
BLACK
6
CONTINUOUS
10
0.6288435826771653
20
1.1517677952755905
11
0.6273233070866142
21
1.1511380708661416
0
LINE
8
BLACK
6
CONTINUOUS
10
0.6273233070866142
20
1.1511380708661416
11
0.625803031496063
21
1.1517677952755905
0
LINE
8
BLACK
6
CONTINUOUS
10
0.625803031496063
20
1.1517677952755905
11
0.6251733070866141
21
1.1532880708661417
0
LINE
8
BLACK
6
CONTINUOUS
10
0.6251733070866141
20
1.1532880708661417
11
0.6251733070866141
21
1.1539523622047243
0
LINE
8
BLACK
6
CONTINUOUS
10
0.6251733070866141
20
1.1539523622047243
11
0.6207566141732284
21
1.1539523622047243
0
LINE
8
BLACK
6
CONTINUOUS
10
0.6207566141732284
20
1.1539523622047243
11
0.6192363385826771
21
1.1545820866141732
0
LINE
8
BLACK
6
CONTINUOUS
10
0.6192363385826771
20
1.1545820866141732
11
0.6186066141732284
21
1.1561023622047244
0
LINE
8
BLACK
6
CONTINUOUS
10
0.6186066141732284
20
1.1561023622047244
11
0.6192363385826771
21
1.1576226377952756
0
LINE
8
BLACK
6
CONTINUOUS
10
0.6192363385826771
20
1.1576226377952756
11
0.6207566141732284
21
1.1582523622047243
0
LINE
8
BLACK
6
CONTINUOUS
10
0.6207566141732284
20
1.1582523622047243
11
0.6251733070866141
21
1.1582523622047243
0
LINE
8
BLACK
6
CONTINUOUS
10
0.6251733070866141
20
1.1582523622047243
11
0.6251733070866141
21
1.1625003149606299
0
LINE
8
BLACK
6
CONTINUOUS
10
0.6251733070866141
20
1.1625003149606299
11
0.6139317716535433
21
1.1587531496062993
0
LINE
8
BLACK
6
CONTINUOUS
10
0.6139317716535433
20
1.1587531496062993
11
0.6129527559055118
21
1.158822716535433
0
LINE
8
BLACK
6
CONTINUOUS
10
0.6129527559055118
20
1.158822716535433
11
0.6129527559055118
21
1.1575
0
LINE
8
BLACK
6
CONTINUOUS
10
0.6129527559055118
20
1.1575
11
0.61277468503937
21
1.1564900787401575
0
LINE
8
BLACK
6
CONTINUOUS
10
0.61277468503937
20
1.1564900787401575
11
0.6114763779527559
21
1.1549428346456692
0
LINE
8
BLACK
6
CONTINUOUS
10
0.6114763779527559
20
1.1549428346456692
11
0.6094872440944882
21
1.1545920866141732
0
LINE
8
BLACK
6
CONTINUOUS
10
0.6094872440944882
20
1.1545920866141732
11
0.6077380708661417
21
1.1556020078740157
0
LINE
8
BLACK
6
CONTINUOUS
10
0.6077380708661417
20
1.1556020078740157
11
0.6070472440944882
21
1.1575
0
LINE
8
BLACK
6
CONTINUOUS
10
0.6070472440944882
20
1.1575
11
0.6070472440944882
21
1.1975
0
LINE
8
BLACK
6
CONTINUOUS
10
0.6070472440944882
20
1.1975
11
0.6071148425196851
21
1.1978835039370079
0
LINE
8
BLACK
6
CONTINUOUS
10
0.6071148425196851
20
1.1978835039370079
11
0.6070920866141732
21
1.1980127559055118
0
LINE
8
BLACK
6
CONTINUOUS
10
0.6070920866141732
20
1.1980127559055118
11
0.6071576771653543
21
1.198126338582677
0
LINE
8
BLACK
6
CONTINUOUS
10
0.6071576771653543
20
1.198126338582677
11
0.6072253149606299
21
1.1985099212598425
0
LINE
8
BLACK
6
CONTINUOUS
10
0.6072253149606299
20
1.1985099212598425
11
0.6077184251968504
21
1.1990975984251968
0
LINE
8
BLACK
6
CONTINUOUS
10
0.6077184251968504
20
1.1990975984251968
11
0.6081020078740157
21
1.1997619291338582
0
LINE
8
BLACK
6
CONTINUOUS
10
0.6081020078740157
20
1.1997619291338582
11
0.6083523228346457
21
1.1998530314960629
0
LINE
8
BLACK
6
CONTINUOUS
10
0.6083523228346457
20
1.1998530314960629
11
0.6085236220472441
21
1.2000571653543306
0
LINE
8
BLACK
6
CONTINUOUS
10
0.6085236220472441
20
1.2000571653543306
11
0.6092791732283465
21
1.2001903937007874
0
LINE
8
BLACK
6
CONTINUOUS
10
0.6092791732283465
20
1.2001903937007874
11
0.61
21
1.2004527559055118
0
LINE
8
BLACK
6
CONTINUOUS
10
0.61
20
1.2004527559055118
11
0.67
21
1.2004527559055118
0
LINE
8
BLACK
6
CONTINUOUS
10
0.67
20
1.2004527559055118
11
0.6703835039370079
21
1.2003851181102363
0
LINE
8
BLACK
6
CONTINUOUS
10
0.5393427952755906
20
1.1711988976377952
11
0.539841968503937
21
1.1711634251968503
0
LINE
8
BLACK
6
CONTINUOUS
10
0.539841968503937
20
1.1711634251968503
11
0.5417181496062992
21
1.1702253543307086
0
LINE
8
BLACK
6
CONTINUOUS
10
0.5417181496062992
20
1.1702253543307086
11
0.5419499606299213
21
1.1699579921259842
0
LINE
8
BLACK
6
CONTINUOUS
10
0.5419499606299213
20
1.1699579921259842
11
0.5422768503937008
21
1.1698226377952756
0
LINE
8
BLACK
6
CONTINUOUS
10
0.5422768503937008
20
1.1698226377952756
11
0.5426327952755905
21
1.1694666535433071
0
LINE
8
BLACK
6
CONTINUOUS
10
0.5426327952755905
20
1.1694666535433071
11
0.5429887795275591
21
1.1698226377952756
0
LINE
8
BLACK
6
CONTINUOUS
10
0.5429887795275591
20
1.1698226377952756
11
0.5433156299212598
21
1.1699579921259842
0
LINE
8
BLACK
6
CONTINUOUS
10
0.5433156299212598
20
1.1699579921259842
11
0.5435474803149606
21
1.1702253149606299
0
LINE
8
BLACK
6
CONTINUOUS
10
0.5435474803149606
20
1.1702253149606299
11
0.5454236614173228
21
1.1711634251968503
0
LINE
8
BLACK
6
CONTINUOUS
10
0.5454236614173228
20
1.1711634251968503
11
0.5459227952755905
21
1.1711988976377952
0
LINE
8
BLACK
6
CONTINUOUS
10
0.5459227952755905
20
1.1711988976377952
11
0.5463851968503937
21
1.1713904330708662
0
LINE
8
BLACK
6
CONTINUOUS
10
0.5463851968503937
20
1.1713904330708662
11
0.5501375984251968
21
1.1713904330708662
0
LINE
8
BLACK
6
CONTINUOUS
10
0.5501375984251968
20
1.1713904330708662
11
0.5505999606299212
21
1.1711988976377952
0
LINE
8
BLACK
6
CONTINUOUS
10
0.5505999606299212
20
1.1711988976377952
11
0.5510991338582677
21
1.1711634251968503
0
LINE
8
BLACK
6
CONTINUOUS
10
0.5510991338582677
20
1.1711634251968503
11
0.5529753149606299
21
1.1702253543307086
0
LINE
8
BLACK
6
CONTINUOUS
10
0.5529753149606299
20
1.1702253543307086
11
0.5532071259842519
21
1.1699579921259842
0
LINE
8
BLACK
6
CONTINUOUS
10
0.5532071259842519
20
1.1699579921259842
11
0.5535340157480315
21
1.1698226377952756
0
LINE
8
BLACK
6
CONTINUOUS
10
0.5535340157480315
20
1.1698226377952756
11
0.554472125984252
21
1.1688845669291339
0
LINE
8
BLACK
6
CONTINUOUS
10
0.554472125984252
20
1.1688845669291339
11
0.5546075196850394
21
1.1685575984251968
0
LINE
8
BLACK
6
CONTINUOUS
10
0.5546075196850394
20
1.1685575984251968
11
0.5548749212598425
21
1.1683257480314961
0
LINE
8
BLACK
6
CONTINUOUS
10
0.5548749212598425
20
1.1683257480314961
11
0.5558129921259842
21
1.1664495669291339
0
LINE
8
BLACK
6
CONTINUOUS
10
0.5558129921259842
20
1.1664495669291339
11
0.5558484251968504
21
1.1659503937007873
0
LINE
8
BLACK
6
CONTINUOUS
10
0.5558484251968504
20
1.1659503937007873
11
0.5560399606299212
21
1.1654880708661417
0
LINE
8
BLACK
6
CONTINUOUS
10
0.5560399606299212
20
1.1654880708661417
11
0.5560399606299212
21
1.1617356692913385
0
LINE
8
BLACK
6
CONTINUOUS
10
0.5560399606299212
20
1.1617356692913385
11
0.5558484251968504
21
1.1612733070866141
0
LINE
8
BLACK
6
CONTINUOUS
10
0.5558484251968504
20
1.1612733070866141
11
0.5558129921259842
21
1.1607741732283465
0
LINE
8
BLACK
6
CONTINUOUS
10
0.5558129921259842
20
1.1607741732283465
11
0.5548749212598425
21
1.1588979921259843
0
LINE
8
BLACK
6
CONTINUOUS
10
0.5548749212598425
20
1.1588979921259843
11
0.554607559055118
21
1.1586661023622047
0
LINE
8
BLACK
6
CONTINUOUS
10
0.554607559055118
20
1.1586661023622047
11
0.5544721653543307
21
1.1583392125984251
0
LINE
8
BLACK
6
CONTINUOUS
10
0.5544721653543307
20
1.1583392125984251
11
0.5535340551181103
21
1.1574011023622046
0
LINE
8
BLACK
6
CONTINUOUS
10
0.5535340551181103
20
1.1574011023622046
11
0.5532071259842519
21
1.1572656692913386
0
LINE
8
BLACK
6
CONTINUOUS
10
0.5532071259842519
20
1.1572656692913386
11
0.5529752755905512
21
1.1569983464566929
0
LINE
8
BLACK
6
CONTINUOUS
10
0.5529752755905512
20
1.1569983464566929
11
0.5510990944881889
21
1.1560602755905511
0
LINE
8
BLACK
6
CONTINUOUS
10
0.5510990944881889
20
1.1560602755905511
11
0.5505999212598425
21
1.1560248031496063
0
LINE
8
BLACK
6
CONTINUOUS
10
0.5505999212598425
20
1.1560248031496063
11
0.5501375984251968
21
1.1558333070866142
0
LINE
8
BLACK
6
CONTINUOUS
10
0.5501375984251968
20
1.1558333070866142
11
0.5463851968503937
21
1.1558333070866142
0
LINE
8
BLACK
6
CONTINUOUS
10
0.5463851968503937
20
1.1558333070866142
11
0.5459228346456693
21
1.1560248031496063
0
LINE
8
BLACK
6
CONTINUOUS
10
0.5459228346456693
20
1.1560248031496063
11
0.5454237007874015
21
1.1560602755905511
0
LINE
8
BLACK
6
CONTINUOUS
10
0.5454237007874015
20
1.1560602755905511
11
0.5435475196850393
21
1.1569983464566929
0
LINE
8
BLACK
6
CONTINUOUS
10
0.5435475196850393
20
1.1569983464566929
11
0.5433156299212598
21
1.1572656692913386
0
LINE
8
BLACK
6
CONTINUOUS
10
0.5433156299212598
20
1.1572656692913386
11
0.5429887401574803
21
1.1574011023622046
0
LINE
8
BLACK
6
CONTINUOUS
10
0.5429887401574803
20
1.1574011023622046
11
0.5426327952755905
21
1.1577570078740158
0
LINE
8
BLACK
6
CONTINUOUS
10
0.5426327952755905
20
1.1577570078740158
11
0.5422768897637795
21
1.1574011023622046
0
LINE
8
BLACK
6
CONTINUOUS
10
0.5422768897637795
20
1.1574011023622046
11
0.5419499606299213
21
1.1572656692913386
0
LINE
8
BLACK
6
CONTINUOUS
10
0.5419499606299213
20
1.1572656692913386
11
0.5417181102362204
21
1.1569983464566929
0
LINE
8
BLACK
6
CONTINUOUS
10
0.5417181102362204
20
1.1569983464566929
11
0.5398419291338582
21
1.1560602755905511
0
LINE
8
BLACK
6
CONTINUOUS
10
0.5398419291338582
20
1.1560602755905511
11
0.5393427559055118
21
1.1560248031496063
0
LINE
8
BLACK
6
CONTINUOUS
10
0.5393427559055118
20
1.1560248031496063
11
0.5388804330708661
21
1.1558333070866142
0
LINE
8
BLACK
6
CONTINUOUS
10
0.5388804330708661
20
1.1558333070866142
11
0.5379423622047244
21
1.1558333070866142
0
LINE
8
BLACK
6
CONTINUOUS
10
0.5379423622047244
20
1.1558333070866142
11
0.53748
21
1.1560248031496063
0
LINE
8
BLACK
6
CONTINUOUS
10
0.53748
20
1.1560248031496063
11
0.536980905511811
21
1.1560602755905511
0
LINE
8
BLACK
6
CONTINUOUS
10
0.536980905511811
20
1.1560602755905511
11
0.5351046456692913
21
1.1569983464566929
0
LINE
8
BLACK
6
CONTINUOUS
10
0.5351046456692913
20
1.1569983464566929
11
0.5348727559055118
21
1.1572657086614173
0
LINE
8
BLACK
6
CONTINUOUS
10
0.5348727559055118
20
1.1572657086614173
11
0.5345458267716535
21
1.1574011417322834
0
LINE
8
BLACK
6
CONTINUOUS
10
0.5345458267716535
20
1.1574011417322834
11
0.5336077559055118
21
1.1583392519685038
0
LINE
8
BLACK
6
CONTINUOUS
10
0.5336077559055118
20
1.1583392519685038
11
0.5334723622047244
21
1.1586661023622047
0
LINE
8
BLACK
6
CONTINUOUS
10
0.5334723622047244
20
1.1586661023622047
11
0.5332050393700787
21
1.1588979527559056
0
LINE
8
BLACK
6
CONTINUOUS
10
0.5332050393700787
20
1.1588979527559056
11
0.532266968503937
21
1.1607741338582678
0
LINE
8
BLACK
6
CONTINUOUS
10
0.532266968503937
20
1.1607741338582678
11
0.5322314566929134
21
1.1612732677165354
0
LINE
8
BLACK
6
CONTINUOUS
10
0.5322314566929134
20
1.1612732677165354
11
0.5320399606299212
21
1.1617356692913385
0
LINE
8
BLACK
6
CONTINUOUS
10
0.5320399606299212
20
1.1617356692913385
11
0.5320399606299212
21
1.1654880708661417
0
LINE
8
BLACK
6
CONTINUOUS
10
0.5320399606299212
20
1.1654880708661417
11
0.5322314566929134
21
1.1659504330708661
0
LINE
8
BLACK
6
CONTINUOUS
10
0.5322314566929134
20
1.1659504330708661
11
0.532266968503937
21
1.1664496062992127
0
LINE
8
BLACK
6
CONTINUOUS
10
0.532266968503937
20
1.1664496062992127
11
0.5332050393700787
21
1.1683257874015747
0
LINE
8
BLACK
6
CONTINUOUS
10
0.5332050393700787
20
1.1683257874015747
11
0.5334723622047244
21
1.1685576377952756
0
LINE
8
BLACK
6
CONTINUOUS
10
0.5334723622047244
20
1.1685576377952756
11
0.5336077952755905
21
1.1688845275590551
0
LINE
8
BLACK
6
CONTINUOUS
10
0.5336077952755905
20
1.1688845275590551
11
0.5345458661417323
21
1.1698225984251969
0
LINE
8
BLACK
6
CONTINUOUS
10
0.5345458661417323
20
1.1698225984251969
11
0.5348727559055118
21
1.1699579921259842
0
LINE
8
BLACK
6
CONTINUOUS
10
0.5348727559055118
20
1.1699579921259842
11
0.5351046456692913
21
1.1702253543307086
0
LINE
8
BLACK
6
CONTINUOUS
10
0.5351046456692913
20
1.1702253543307086
11
0.5369808661417322
21
1.1711634645669291
0
LINE
8
BLACK
6
CONTINUOUS
10
0.5369808661417322
20
1.1711634645669291
11
0.53748
21
1.1711988976377952
0
LINE
8
BLACK
6
CONTINUOUS
10
0.53748
20
1.1711988976377952
11
0.5379423622047244
21
1.1713904330708662
0
LINE
8
BLACK
6
CONTINUOUS
10
0.5379423622047244
20
1.1713904330708662
11
0.5388804330708661
21
1.1713904330708662
0
LINE
8
BLACK
6
CONTINUOUS
10
0.5388804330708661
20
1.1713904330708662
11
0.5393427952755906
21
1.1711988976377952
0
LINE
8
BLACK
6
CONTINUOUS
10
0.5457825590551181
20
1.1665353149606299
11
0.5453378740157481
21
1.1660906692913386
0
LINE
8
BLACK
6
CONTINUOUS
10
0.5453378740157481
20
1.1660906692913386
11
0.5447828346456692
21
1.1649805118110237
0
LINE
8
BLACK
6
CONTINUOUS
10
0.5447828346456692
20
1.1649805118110237
11
0.5447828346456692
21
1.162243188976378
0
LINE
8
BLACK
6
CONTINUOUS
10
0.5447828346456692
20
1.162243188976378
11
0.5453379133858267
21
1.1611329921259843
0
LINE
8
BLACK
6
CONTINUOUS
10
0.5453379133858267
20
1.1611329921259843
11
0.5457825196850393
21
1.1606883858267716
0
LINE
8
BLACK
6
CONTINUOUS
10
0.5457825196850393
20
1.1606883858267716
11
0.5468927559055118
21
1.1601333070866142
0
LINE
8
BLACK
6
CONTINUOUS
10
0.5468927559055118
20
1.1601333070866142
11
0.5496300393700787
21
1.1601333070866142
0
LINE
8
BLACK
6
CONTINUOUS
10
0.5496300393700787
20
1.1601333070866142
11
0.5507402362204724
21
1.1606883858267716
0
LINE
8
BLACK
6
CONTINUOUS
10
0.5507402362204724
20
1.1606883858267716
11
0.551184842519685
21
1.1611329921259843
0
LINE
8
BLACK
6
CONTINUOUS
10
0.551184842519685
20
1.1611329921259843
11
0.5517399606299213
21
1.162243188976378
0
LINE
8
BLACK
6
CONTINUOUS
10
0.5517399606299213
20
1.162243188976378
11
0.5517399606299213
21
1.1649805118110237
0
LINE
8
BLACK
6
CONTINUOUS
10
0.5517399606299213
20
1.1649805118110237
11
0.5511848818897638
21
1.1660906692913386
0
LINE
8
BLACK
6
CONTINUOUS
10
0.5511848818897638
20
1.1660906692913386
11
0.5507401968503937
21
1.1665353149606299
0
LINE
8
BLACK
6
CONTINUOUS
10
0.5507401968503937
20
1.1665353149606299
11
0.5496300787401575
21
1.167090433070866
0
LINE
8
BLACK
6
CONTINUOUS
10
0.5496300787401575
20
1.167090433070866
11
0.5468927952755905
21
1.167090433070866
0
LINE
8
BLACK
6
CONTINUOUS
10
0.5468927952755905
20
1.167090433070866
11
0.5457825590551181
21
1.1665353149606299
0
LINE
8
BLACK
6
CONTINUOUS
10
0.53733968503937
20
1.1665353149606299
11
0.536895
21
1.1660906299212599
0
LINE
8
BLACK
6
CONTINUOUS
10
0.536895
20
1.1660906299212599
11
0.5363399606299213
21
1.1649805118110237
0
LINE
8
BLACK
6
CONTINUOUS
10
0.5363399606299213
20
1.1649805118110237
11
0.5363399606299213
21
1.162243188976378
0
LINE
8
BLACK
6
CONTINUOUS
10
0.5363399606299213
20
1.162243188976378
11
0.5368950393700788
21
1.1611330314960631
0
LINE
8
BLACK
6
CONTINUOUS
10
0.5368950393700788
20
1.1611330314960631
11
0.53733968503937
21
1.1606883858267716
0
LINE
8
BLACK
6
CONTINUOUS
10
0.53733968503937
20
1.1606883858267716
11
0.5384113779527558
21
1.160152559055118
0
LINE
8
BLACK
6
CONTINUOUS
10
0.5384113779527558
20
1.160152559055118
11
0.5394830708661417
21
1.1606883858267716
0
LINE
8
BLACK
6
CONTINUOUS
10
0.5394830708661417
20
1.1606883858267716
11
0.539927716535433
21
1.1611330314960631
0
LINE
8
BLACK
6
CONTINUOUS
10
0.539927716535433
20
1.1611330314960631
11
0.5404828346456693
21
1.1622432283464568
0
LINE
8
BLACK
6
CONTINUOUS
10
0.5404828346456693
20
1.1622432283464568
11
0.5404828346456693
21
1.1649804724409449
0
LINE
8
BLACK
6
CONTINUOUS
10
0.5404828346456693
20
1.1649804724409449
11
0.5399277559055118
21
1.1660906299212599
0
LINE
8
BLACK
6
CONTINUOUS
10
0.5399277559055118
20
1.1660906299212599
11
0.539483031496063
21
1.1665353149606299
0
LINE
8
BLACK
6
CONTINUOUS
10
0.539483031496063
20
1.1665353149606299
11
0.5384113779527558
21
1.1670711417322834
0
LINE
8
BLACK
6
CONTINUOUS
10
0.5384113779527558
20
1.1670711417322834
11
0.53733968503937
21
1.1665353149606299
0
LINE
8
BLACK
6
CONTINUOUS
10
0.5649584645669291
20
1.211217716535433
11
0.5671651968503937
21
1.2084505905511811
0
LINE
8
BLACK
6
CONTINUOUS
10
0.5671651968503937
20
1.2084505905511811
11
0.5679527559055118
21
1.2050000000000001
0
LINE
8
BLACK
6
CONTINUOUS
10
0.5679527559055118
20
1.2050000000000001
11
0.5671651968503937
21
1.2015494094488188
0
LINE
8
BLACK
6
CONTINUOUS
10
0.5671651968503937
20
1.2015494094488188
11
0.5649584645669291
21
1.1987822834645669
0
LINE
8
BLACK
6
CONTINUOUS
10
0.5649584645669291
20
1.1987822834645669
11
0.5629527559055117
21
1.197816377952756
0
LINE
8
BLACK
6
CONTINUOUS
10
0.5629527559055117
20
1.197816377952756
11
0.5629527559055117
21
1.1599999999999999
0
LINE
8
BLACK
6
CONTINUOUS
10
0.5629527559055117
20
1.1599999999999999
11
0.5627746850393701
21
1.1589900787401575
0
LINE
8
BLACK
6
CONTINUOUS
10
0.5627746850393701
20
1.1589900787401575
11
0.5614763779527558
21
1.1574428346456693
0
LINE
8
BLACK
6
CONTINUOUS
10
0.5614763779527558
20
1.1574428346456693
11
0.5594872440944881
21
1.1570920866141732
0
LINE
8
BLACK
6
CONTINUOUS
10
0.5594872440944881
20
1.1570920866141732
11
0.5577380708661417
21
1.1581020078740156
0
LINE
8
BLACK
6
CONTINUOUS
10
0.5577380708661417
20
1.1581020078740156
11
0.5570472440944881
21
1.1599999999999999
0
LINE
8
BLACK
6
CONTINUOUS
10
0.5570472440944881
20
1.1599999999999999
11
0.5570472440944881
21
1.1970472440944881
0
LINE
8
BLACK
6
CONTINUOUS
10
0.5570472440944881
20
1.1970472440944881
11
0.5029527559055118
21
1.1970472440944881
0
LINE
8
BLACK
6
CONTINUOUS
10
0.5029527559055118
20
1.1970472440944881
11
0.5029527559055118
21
1.1599999999999999
0
LINE
8
BLACK
6
CONTINUOUS
10
0.5029527559055118
20
1.1599999999999999
11
0.5027746850393701
21
1.1589900787401575
0
LINE
8
BLACK
6
CONTINUOUS
10
0.5027746850393701
20
1.1589900787401575
11
0.5014763779527559
21
1.1574428346456693
0
LINE
8
BLACK
6
CONTINUOUS
10
0.5014763779527559
20
1.1574428346456693
11
0.4994872440944882
21
1.1570920866141732
0
LINE
8
BLACK
6
CONTINUOUS
10
0.4994872440944882
20
1.1570920866141732
11
0.4977380708661417
21
1.1581020078740156
0
LINE
8
BLACK
6
CONTINUOUS
10
0.4977380708661417
20
1.1581020078740156
11
0.4970472440944882
21
1.1599999999999999
0
LINE
8
BLACK
6
CONTINUOUS
10
0.4970472440944882
20
1.1599999999999999
11
0.4970472440944882
21
1.2
0
LINE
8
BLACK
6
CONTINUOUS
10
0.4970472440944882
20
1.2
11
0.497114842519685
21
1.2003835039370079
0
LINE
8
BLACK
6
CONTINUOUS
10
0.497114842519685
20
1.2003835039370079
11
0.4970920866141732
21
1.2005127559055118
0
LINE
8
BLACK
6
CONTINUOUS
10
0.4970920866141732
20
1.2005127559055118
11
0.4971576771653543
21
1.2006263385826772
0
LINE
8
BLACK
6
CONTINUOUS
10
0.4971576771653543
20
1.2006263385826772
11
0.4972253149606299
21
1.2010099212598424
0
LINE
8
BLACK
6
CONTINUOUS
10
0.4972253149606299
20
1.2010099212598424
11
0.4977184251968504
21
1.2015975984251968
0
LINE
8
BLACK
6
CONTINUOUS
10
0.4977184251968504
20
1.2015975984251968
11
0.4981020078740158
21
1.2022619291338583
0
LINE
8
BLACK
6
CONTINUOUS
10
0.4981020078740158
20
1.2022619291338583
11
0.4983523228346456
21
1.2023530314960629
0
LINE
8
BLACK
6
CONTINUOUS
10
0.4983523228346456
20
1.2023530314960629
11
0.4985236220472441
21
1.2025571653543308
0
LINE
8
BLACK
6
CONTINUOUS
10
0.4985236220472441
20
1.2025571653543308
11
0.4992791732283464
21
1.2026903937007873
0
LINE
8
BLACK
6
CONTINUOUS
10
0.4992791732283464
20
1.2026903937007873
11
0.5
21
1.2029527559055118
0
LINE
8
BLACK
6
CONTINUOUS
10
0.5
20
1.2029527559055118
11
0.5525144881889764
21
1.2029527559055118
0
LINE
8
BLACK
6
CONTINUOUS
10
0.5525144881889764
20
1.2029527559055118
11
0.5520472440944881
21
1.2050000000000001
0
LINE
8
BLACK
6
CONTINUOUS
10
0.5520472440944881
20
1.2050000000000001
11
0.5528348031496063
21
1.2084505905511811
0
LINE
8
BLACK
6
CONTINUOUS
10
0.5528348031496063
20
1.2084505905511811
11
0.5550415354330709
21
1.211217716535433
0
LINE
8
BLACK
6
CONTINUOUS
10
0.5550415354330709
20
1.211217716535433
11
0.5582303543307087
21
1.2127533464566929
0
LINE
8
BLACK
6
CONTINUOUS
10
0.5582303543307087
20
1.2127533464566929
11
0.5617696456692913
21
1.2127533464566929
0
LINE
8
BLACK
6
CONTINUOUS
10
0.5617696456692913
20
1.2127533464566929
11
0.5649584645669291
21
1.211217716535433
0
LINE
8
BLACK
6
CONTINUOUS
10
0.5584331102362204
20
1.2034331102362203
11
0.5595927952755906
21
1.2029527559055118
0
LINE
8
BLACK
6
CONTINUOUS
10
0.5595927952755906
20
1.2029527559055118
11
0.5599999999999999
21
1.2029527559055118
0
LINE
8
BLACK
6
CONTINUOUS
10
0.5599999999999999
20
1.2029527559055118
11
0.5602855905511811
21
1.2029023622047244
0
LINE
8
BLACK
6
CONTINUOUS
10
0.5602855905511811
20
1.2029023622047244
11
0.5615668897637796
21
1.2034331102362203
0
LINE
8
BLACK
6
CONTINUOUS
10
0.5615668897637796
20
1.2034331102362203
11
0.562215905511811
21
1.2050000000000001
0
LINE
8
BLACK
6
CONTINUOUS
10
0.562215905511811
20
1.2050000000000001
11
0.5615668897637796
21
1.2065668897637796
0
LINE
8
BLACK
6
CONTINUOUS
10
0.5615668897637796
20
1.2065668897637796
11
0.5599999999999999
21
1.207215905511811
0
LINE
8
BLACK
6
CONTINUOUS
10
0.5599999999999999
20
1.207215905511811
11
0.5584331102362204
21
1.2065668897637796
0
LINE
8
BLACK
6
CONTINUOUS
10
0.5584331102362204
20
1.2065668897637796
11
0.557784094488189
21
1.2050000000000001
0
LINE
8
BLACK
6
CONTINUOUS
10
0.557784094488189
20
1.2050000000000001
11
0.5584331102362204
21
1.2034331102362203
0
LINE
8
BLACK
6
CONTINUOUS
10
0.3709735433070866
20
1.1853752755905511
11
0.3711906692913386
21
1.1854182283464567
0
LINE
8
BLACK
6
CONTINUOUS
10
0.3711906692913386
20
1.1854182283464567
11
0.3717107874015748
21
1.1850698818897638
0
LINE
8
BLACK
6
CONTINUOUS
10
0.3717107874015748
20
1.1850698818897638
11
0.3722892913385827
21
1.1848302755905511
0
LINE
8
BLACK
6
CONTINUOUS
10
0.3722892913385827
20
1.1848302755905511
11
0.3723739763779527
21
1.1846257480314961
0
LINE
8
BLACK
6
CONTINUOUS
10
0.3723739763779527
20
1.1846257480314961
11
0.3725579133858268
21
1.1845025984251969
0
LINE
8
BLACK
6
CONTINUOUS
10
0.3725579133858268
20
1.1845025984251969
11
0.374316062992126
21
1.1818653937007875
0
LINE
8
BLACK
6
CONTINUOUS
10
0.374316062992126
20
1.1818653937007875
11
0.3757949606299212
21
1.1803864960629922
0
LINE
8
BLACK
6
CONTINUOUS
10
0.3757949606299212
20
1.1803864960629922
11
0.3773591338582677
21
1.1796044488188977
0
LINE
8
BLACK
6
CONTINUOUS
10
0.3773591338582677
20
1.1796044488188977
11
0.3784372440944882
21
1.1783612992125985
0
LINE
8
BLACK
6
CONTINUOUS
10
0.3784372440944882
20
1.1783612992125985
11
0.3783205905511811
21
1.1767198818897637
0
LINE
8
BLACK
6
CONTINUOUS
10
0.3783205905511811
20
1.1767198818897637
11
0.3770774803149606
21
1.1756417322834645
0
LINE
8
BLACK
6
CONTINUOUS
10
0.3770774803149606
20
1.1756417322834645
11
0.375436062992126
21
1.1757584251968505
0
LINE
8
BLACK
6
CONTINUOUS
10
0.375436062992126
20
1.1757584251968505
11
0.3735598818897637
21
1.1766965354330707
0
LINE
8
BLACK
6
CONTINUOUS
10
0.3735598818897637
20
1.1766965354330707
11
0.373328031496063
21
1.1769638188976377
0
LINE
8
BLACK
6
CONTINUOUS
10
0.373328031496063
20
1.1769638188976377
11
0.3730011417322834
21
1.177099251968504
0
LINE
8
BLACK
6
CONTINUOUS
10
0.3730011417322834
20
1.177099251968504
11
0.3729190157480315
21
1.1771813779527558
0
LINE
8
BLACK
6
CONTINUOUS
10
0.3729190157480315
20
1.1771813779527558
11
0.3729190157480315
21
1.1657599999999999
0
LINE
8
BLACK
6
CONTINUOUS
10
0.3729190157480315
20
1.1657599999999999
11
0.3763975984251968
21
1.1657599999999999
0
LINE
8
BLACK
6
CONTINUOUS
10
0.3763975984251968
20
1.1657599999999999
11
0.377917874015748
21
1.165130275590551
0
LINE
8
BLACK
6
CONTINUOUS
10
0.377917874015748
20
1.165130275590551
11
0.3785475984251969
21
1.16361
0
LINE
8
BLACK
6
CONTINUOUS
10
0.3785475984251969
20
1.16361
11
0.377917874015748
21
1.1620897244094488
0
LINE
8
BLACK
6
CONTINUOUS
10
0.377917874015748
20
1.1620897244094488
11
0.3763975984251968
21
1.1614599999999999
0
LINE
8
BLACK
6
CONTINUOUS
10
0.3763975984251968
20
1.1614599999999999
11
0.3707690157480315
21
1.1614599999999999
0
LINE
8
BLACK
6
CONTINUOUS
10
0.3707690157480315
20
1.1614599999999999
11
0.3651404724409449
21
1.1614599999999999
0
LINE
8
BLACK
6
CONTINUOUS
10
0.3651404724409449
20
1.1614599999999999
11
0.3636201968503937
21
1.1620897244094488
0
LINE
8
BLACK
6
CONTINUOUS
10
0.3636201968503937
20
1.1620897244094488
11
0.3629904724409449
21
1.16361
0
LINE
8
BLACK
6
CONTINUOUS
10
0.3629904724409449
20
1.16361
11
0.3636201968503937
21
1.165130275590551
0
LINE
8
BLACK
6
CONTINUOUS
10
0.3636201968503937
20
1.165130275590551
11
0.3651404724409449
21
1.1657599999999999
0
LINE
8
BLACK
6
CONTINUOUS
10
0.3651404724409449
20
1.1657599999999999
11
0.3686190157480315
21
1.1657599999999999
0
LINE
8
BLACK
6
CONTINUOUS
10
0.3686190157480315
20
1.1657599999999999
11
0.3686190157480315
21
1.1833100000000001
0
LINE
8
BLACK
6
CONTINUOUS
10
0.3686190157480315
20
1.1833100000000001
11
0.3687037007874016
21
1.1835145275590551
0
LINE
8
BLACK
6
CONTINUOUS
10
0.3687037007874016
20
1.1835145275590551
11
0.3686607874015748
21
1.1837316535433071
0
LINE
8
BLACK
6
CONTINUOUS
10
0.3686607874015748
20
1.1837316535433071
11
0.369009094488189
21
1.1842517716535432
0
LINE
8
BLACK
6
CONTINUOUS
10
0.369009094488189
20
1.1842517716535432
11
0.3692487401574803
21
1.1848302755905511
0
LINE
8
BLACK
6
CONTINUOUS
10
0.3692487401574803
20
1.1848302755905511
11
0.3694532283464567
21
1.1849149606299212
0
LINE
8
BLACK
6
CONTINUOUS
10
0.3694532283464567
20
1.1849149606299212
11
0.3695764173228346
21
1.1850988976377952
0
LINE
8
BLACK
6
CONTINUOUS
10
0.3695764173228346
20
1.1850988976377952
11
0.3701905118110236
21
1.1852203543307087
0
LINE
8
BLACK
6
CONTINUOUS
10
0.3701905118110236
20
1.1852203543307087
11
0.3707690157480315
21
1.18546
0
LINE
8
BLACK
6
CONTINUOUS
10
0.3707690157480315
20
1.18546
11
0.3709735433070866
21
1.1853752755905511
0
LINE
8
BLACK
6
CONTINUOUS
10
0.3897354330708661
20
1.1853752755905511
11
0.3899525590551181
21
1.1854182283464567
0
LINE
8
BLACK
6
CONTINUOUS
10
0.3899525590551181
20
1.1854182283464567
11
0.3904726771653543
21
1.1850698818897638
0
LINE
8
BLACK
6
CONTINUOUS
10
0.3904726771653543
20
1.1850698818897638
11
0.3910511811023622
21
1.1848302755905511
0
LINE
8
BLACK
6
CONTINUOUS
10
0.3910511811023622
20
1.1848302755905511
11
0.3911358661417323
21
1.1846257480314961
0
LINE
8
BLACK
6
CONTINUOUS
10
0.3911358661417323
20
1.1846257480314961
11
0.3913198031496063
21
1.1845025984251969
0
LINE
8
BLACK
6
CONTINUOUS
10
0.3913198031496063
20
1.1845025984251969
11
0.3930779527559055
21
1.1818653937007875
0
LINE
8
BLACK
6
CONTINUOUS
10
0.3930779527559055
20
1.1818653937007875
11
0.3945568503937008
21
1.1803864960629922
0
LINE
8
BLACK
6
CONTINUOUS
10
0.3945568503937008
20
1.1803864960629922
11
0.3961210236220472
21
1.1796044488188977
0
LINE
8
BLACK
6
CONTINUOUS
10
0.3961210236220472
20
1.1796044488188977
11
0.3971991338582677
21
1.1783612992125985
0
LINE
8
BLACK
6
CONTINUOUS
10
0.3971991338582677
20
1.1783612992125985
11
0.3970824803149606
21
1.1767198818897637
0
LINE
8
BLACK
6
CONTINUOUS
10
0.3970824803149606
20
1.1767198818897637
11
0.3958393700787401
21
1.1756417322834645
0
LINE
8
BLACK
6
CONTINUOUS
10
0.3958393700787401
20
1.1756417322834645
11
0.3941979527559055
21
1.1757584251968505
0
LINE
8
BLACK
6
CONTINUOUS
10
0.3941979527559055
20
1.1757584251968505
11
0.3923217716535433
21
1.1766965354330707
0
LINE
8
BLACK
6
CONTINUOUS
10
0.3923217716535433
20
1.1766965354330707
11
0.3920899212598425
21
1.1769638188976377
0
LINE
8
BLACK
6
CONTINUOUS
10
0.3920899212598425
20
1.1769638188976377
11
0.391763031496063
21
1.177099251968504
0
LINE
8
BLACK
6
CONTINUOUS
10
0.391763031496063
20
1.177099251968504
11
0.391680905511811
21
1.1771813779527558
0
LINE
8
BLACK
6
CONTINUOUS
10
0.391680905511811
20
1.1771813779527558
11
0.391680905511811
21
1.1657599999999999
0
LINE
8
BLACK
6
CONTINUOUS
10
0.391680905511811
20
1.1657599999999999
11
0.3951594881889764
21
1.1657599999999999
0
LINE
8
BLACK
6
CONTINUOUS
10
0.3951594881889764
20
1.1657599999999999
11
0.3966797637795276
21
1.165130275590551
0
LINE
8
BLACK
6
CONTINUOUS
10
0.3966797637795276
20
1.165130275590551
11
0.3973094881889764
21
1.16361
0
LINE
8
BLACK
6
CONTINUOUS
10
0.3973094881889764
20
1.16361
11
0.3966797637795276
21
1.1620897244094488
0
LINE
8
BLACK
6
CONTINUOUS
10
0.3966797637795276
20
1.1620897244094488
11
0.3951594881889764
21
1.1614599999999999
0
LINE
8
BLACK
6
CONTINUOUS
10
0.3951594881889764
20
1.1614599999999999
11
0.389530905511811
21
1.1614599999999999
0
LINE
8
BLACK
6
CONTINUOUS
10
0.389530905511811
20
1.1614599999999999
11
0.3839023622047244
21
1.1614599999999999
0
LINE
8
BLACK
6
CONTINUOUS
10
0.3839023622047244
20
1.1614599999999999
11
0.3823820866141732
21
1.1620897244094488
0
LINE
8
BLACK
6
CONTINUOUS
10
0.3823820866141732
20
1.1620897244094488
11
0.3817523622047244
21
1.16361
0
LINE
8
BLACK
6
CONTINUOUS
10
0.3817523622047244
20
1.16361
11
0.3823820866141732
21
1.165130275590551
0
LINE
8
BLACK
6
CONTINUOUS
10
0.3823820866141732
20
1.165130275590551
11
0.3839023622047244
21
1.1657599999999999
0
LINE
8
BLACK
6
CONTINUOUS
10
0.3839023622047244
20
1.1657599999999999
11
0.387380905511811
21
1.1657599999999999
0
LINE
8
BLACK
6
CONTINUOUS
10
0.387380905511811
20
1.1657599999999999
11
0.387380905511811
21
1.1833100000000001
0
LINE
8
BLACK
6
CONTINUOUS
10
0.387380905511811
20
1.1833100000000001
11
0.3874655905511811
21
1.1835145275590551
0
LINE
8
BLACK
6
CONTINUOUS
10
0.3874655905511811
20
1.1835145275590551
11
0.3874226771653543
21
1.1837316535433071
0
LINE
8
BLACK
6
CONTINUOUS
10
0.3874226771653543
20
1.1837316535433071
11
0.3877709842519685
21
1.1842517716535432
0
LINE
8
BLACK
6
CONTINUOUS
10
0.3877709842519685
20
1.1842517716535432
11
0.3880106299212598
21
1.1848302755905511
0
LINE
8
BLACK
6
CONTINUOUS
10
0.3880106299212598
20
1.1848302755905511
11
0.3882151181102362
21
1.1849149606299212
0
LINE
8
BLACK
6
CONTINUOUS
10
0.3882151181102362
20
1.1849149606299212
11
0.3883383070866142
21
1.1850988976377952
0
LINE
8
BLACK
6
CONTINUOUS
10
0.3883383070866142
20
1.1850988976377952
11
0.3889524015748032
21
1.1852203543307087
0
LINE
8
BLACK
6
CONTINUOUS
10
0.3889524015748032
20
1.1852203543307087
11
0.389530905511811
21
1.18546
0
LINE
8
BLACK
6
CONTINUOUS
10
0.389530905511811
20
1.18546
11
0.3897354330708661
21
1.1853752755905511
0
LINE
8
BLACK
6
CONTINUOUS
10
0.4154416535433071
20
1.1848302755905511
11
0.4160713779527559
21
1.1833100000000001
0
LINE
8
BLACK
6
CONTINUOUS
10
0.4160713779527559
20
1.1833100000000001
11
0.4160713779527559
21
1.16361
0
LINE
8
BLACK
6
CONTINUOUS
10
0.4160713779527559
20
1.16361
11
0.4154416535433071
21
1.1620897244094488
0
LINE
8
BLACK
6
CONTINUOUS
10
0.4154416535433071
20
1.1620897244094488
11
0.4139213779527559
21
1.1614599999999999
0
LINE
8
BLACK
6
CONTINUOUS
10
0.4139213779527559
20
1.1614599999999999
11
0.4124011023622047
21
1.1620897244094488
0
LINE
8
BLACK
6
CONTINUOUS
10
0.4124011023622047
20
1.1620897244094488
11
0.4117713779527559
21
1.16361
0
LINE
8
BLACK
6
CONTINUOUS
10
0.4117713779527559
20
1.16361
11
0.4117713779527559
21
1.1708409448818897
0
LINE
8
BLACK
6
CONTINUOUS
10
0.4117713779527559
20
1.1708409448818897
11
0.4103503149606299
21
1.1708409448818897
0
LINE
8
BLACK
6
CONTINUOUS
10
0.4103503149606299
20
1.1708409448818897
11
0.4044255905511811
21
1.1623770472440944
0
LINE
8
BLACK
6
CONTINUOUS
10
0.4044255905511811
20
1.1623770472440944
11
0.403037874015748
21
1.161492716535433
0
LINE
8
BLACK
6
CONTINUOUS
10
0.403037874015748
20
1.161492716535433
11
0.4014312992125984
21
1.1618486614173229
0
LINE
8
BLACK
6
CONTINUOUS
10
0.4014312992125984
20
1.1618486614173229
11
0.400546968503937
21
1.1632363779527559
0
LINE
8
BLACK
6
CONTINUOUS
10
0.400546968503937
20
1.1632363779527559
11
0.4009029133858268
21
1.1648429527559054
0
LINE
8
BLACK
6
CONTINUOUS
10
0.4009029133858268
20
1.1648429527559054
11
0.4053108661417323
21
1.1711400393700788
0
LINE
8
BLACK
6
CONTINUOUS
10
0.4053108661417323
20
1.1711400393700788
11
0.4035788976377953
21
1.1720060629921261
0
LINE
8
BLACK
6
CONTINUOUS
10
0.4035788976377953
20
1.1720060629921261
11
0.4033470472440945
21
1.1722733464566928
0
LINE
8
BLACK
6
CONTINUOUS
10
0.4033470472440945
20
1.1722733464566928
11
0.4030201574803149
21
1.1724087795275591
0
LINE
8
BLACK
6
CONTINUOUS
10
0.4030201574803149
20
1.1724087795275591
11
0.4020820866141732
21
1.1733468503937008
0
LINE
8
BLACK
6
CONTINUOUS
10
0.4020820866141732
20
1.1733468503937008
11
0.4019466535433071
21
1.1736737401574804
0
LINE
8
BLACK
6
CONTINUOUS
10
0.4019466535433071
20
1.1736737401574804
11
0.4016793307086614
21
1.1739056299212598
0
LINE
8
BLACK
6
CONTINUOUS
10
0.4016793307086614
20
1.1739056299212598
11
0.4007412204724409
21
1.1757818503937008
0
LINE
8
BLACK
6
CONTINUOUS
10
0.4007412204724409
20
1.1757818503937008
11
0.4007057480314961
21
1.1762809842519686
0
LINE
8
BLACK
6
CONTINUOUS
10
0.4007057480314961
20
1.1762809842519686
11
0.4005142519685039
21
1.176743346456693
0
LINE
8
BLACK
6
CONTINUOUS
10
0.4005142519685039
20
1.176743346456693
11
0.4005142519685039
21
1.1795575984251969
0
LINE
8
BLACK
6
CONTINUOUS
10
0.4005142519685039
20
1.1795575984251969
11
0.4007057480314961
21
1.1800199212598426
0
LINE
8
BLACK
6
CONTINUOUS
10
0.4007057480314961
20
1.1800199212598426
11
0.4007412204724409
21
1.1805190944881889
0
LINE
8
BLACK
6
CONTINUOUS
10
0.4007412204724409
20
1.1805190944881889
11
0.4016793307086614
21
1.1823953149606299
0
LINE
8
BLACK
6
CONTINUOUS
10
0.4016793307086614
20
1.1823953149606299
11
0.4019466535433071
21
1.1826271653543308
0
LINE
8
BLACK
6
CONTINUOUS
10
0.4019466535433071
20
1.1826271653543308
11
0.4020820866141732
21
1.1829540944881889
0
LINE
8
BLACK
6
CONTINUOUS
10
0.4020820866141732
20
1.1829540944881889
11
0.4030201574803149
21
1.1838921653543306
0
LINE
8
BLACK
6
CONTINUOUS
10
0.4030201574803149
20
1.1838921653543306
11
0.4033470472440945
21
1.1840275590551181
0
LINE
8
BLACK
6
CONTINUOUS
10
0.4033470472440945
20
1.1840275590551181
11
0.4035788976377953
21
1.1842948818897638
0
LINE
8
BLACK
6
CONTINUOUS
10
0.4035788976377953
20
1.1842948818897638
11
0.4054550787401575
21
1.1852329921259843
0
LINE
8
BLACK
6
CONTINUOUS
10
0.4054550787401575
20
1.1852329921259843
11
0.4059542125984252
21
1.1852684645669291
0
LINE
8
BLACK
6
CONTINUOUS
10
0.4059542125984252
20
1.1852684645669291
11
0.4064166141732283
21
1.18546
0
LINE
8
BLACK
6
CONTINUOUS
10
0.4064166141732283
20
1.18546
11
0.4139213779527559
21
1.18546
0
LINE
8
BLACK
6
CONTINUOUS
10
0.4139213779527559
20
1.18546
11
0.4154416535433071
21
1.1848302755905511
0
LINE
8
BLACK
6
CONTINUOUS
10
0.4058139763779527
20
1.1806048818897636
11
0.4053693700787401
21
1.1801602755905511
0
LINE
8
BLACK
6
CONTINUOUS
10
0.4053693700787401
20
1.1801602755905511
11
0.4048142519685039
21
1.1790500393700787
0
LINE
8
BLACK
6
CONTINUOUS
10
0.4048142519685039
20
1.1790500393700787
11
0.4048142519685039
21
1.177250905511811
0
LINE
8
BLACK
6
CONTINUOUS
10
0.4048142519685039
20
1.177250905511811
11
0.4053693700787401
21
1.1761406692913385
0
LINE
8
BLACK
6
CONTINUOUS
10
0.4053693700787401
20
1.1761406692913385
11
0.4058139763779527
21
1.1756960236220473
0
LINE
8
BLACK
6
CONTINUOUS
10
0.4058139763779527
20
1.1756960236220473
11
0.4069242125984252
21
1.1751409448818897
0
LINE
8
BLACK
6
CONTINUOUS
10
0.4069242125984252
20
1.1751409448818897
11
0.4117713779527559
21
1.1751409448818897
0
LINE
8
BLACK
6
CONTINUOUS
10
0.4117713779527559
20
1.1751409448818897
11
0.4117713779527559
21
1.18116
0
LINE
8
BLACK
6
CONTINUOUS
10
0.4117713779527559
20
1.18116
11
0.4069242125984252
21
1.18116
0
LINE
8
BLACK
6
CONTINUOUS
10
0.4069242125984252
20
1.18116
11
0.4058139763779527
21
1.1806048818897636
0
LINE
8
BLACK
6
CONTINUOUS
10
1.2765828346456694
20
1.2043107480314961
11
1.2775607086614174
21
1.2031832677165355
0
LINE
8
BLACK
6
CONTINUOUS
10
1.2775607086614174
20
1.2031832677165355
11
1.2774548818897637
21
1.2016945669291339
0
LINE
8
BLACK
6
CONTINUOUS
10
1.2774548818897637
20
1.2016945669291339
11
1.2763274015748032
21
1.2007166929133859
0
LINE
8
BLACK
6
CONTINUOUS
10
1.2763274015748032
20
1.2007166929133859
11
1.2720321653543307
21
1.1992849212598424
0
LINE
8
BLACK
6
CONTINUOUS
10
1.2720321653543307
20
1.1992849212598424
11
1.2720321653543307
21
1.1927149606299212
0
LINE
8
BLACK
6
CONTINUOUS
10
1.2720321653543307
20
1.1927149606299212
11
1.2763274015748032
21
1.1912832283464567
0
LINE
8
BLACK
6
CONTINUOUS
10
1.2763274015748032
20
1.1912832283464567
11
1.2774548818897637
21
1.1903053543307087
0
LINE
8
BLACK
6
CONTINUOUS
10
1.2774548818897637
20
1.1903053543307087
11
1.2775607086614174
21
1.1888166535433071
0
LINE
8
BLACK
6
CONTINUOUS
10
1.2775607086614174
20
1.1888166535433071
11
1.2765828346456694
21
1.1876891732283463
0
LINE
8
BLACK
6
CONTINUOUS
10
1.2765828346456694
20
1.1876891732283463
11
1.2750941338582678
21
1.1875833858267717
0
LINE
8
BLACK
6
CONTINUOUS
10
1.2750941338582678
20
1.1875833858267717
11
1.2553940944881889
21
1.1941500393700788
0
LINE
8
BLACK
6
CONTINUOUS
10
1.2553940944881889
20
1.1941500393700788
11
1.2552840157480314
21
1.1942454724409448
0
LINE
8
BLACK
6
CONTINUOUS
10
1.2552840157480314
20
1.1942454724409448
11
1.2551386614173228
21
1.1942558267716534
0
LINE
8
BLACK
6
CONTINUOUS
10
1.2551386614173228
20
1.1942558267716534
11
1.254733622047244
21
1.1947228346456693
0
LINE
8
BLACK
6
CONTINUOUS
10
1.254733622047244
20
1.1947228346456693
11
1.2542666141732284
21
1.195127874015748
0
LINE
8
BLACK
6
CONTINUOUS
10
1.2542666141732284
20
1.195127874015748
11
1.2542562598425198
21
1.1952732283464567
0
LINE
8
BLACK
6
CONTINUOUS
10
1.2542562598425198
20
1.1952732283464567
11
1.2541608267716535
21
1.1953833070866142
0
LINE
8
BLACK
6
CONTINUOUS
10
1.2541608267716535
20
1.1953833070866142
11
1.2542046062992125
21
1.1959999606299212
0
LINE
8
BLACK
6
CONTINUOUS
10
1.2542046062992125
20
1.1959999606299212
11
1.2541608267716535
21
1.1966166141732284
0
LINE
8
BLACK
6
CONTINUOUS
10
1.2541608267716535
20
1.1966166141732284
11
1.2542562598425198
21
1.196726653543307
0
LINE
8
BLACK
6
CONTINUOUS
10
1.2542562598425198
20
1.196726653543307
11
1.2542666141732284
21
1.1968720472440944
0
LINE
8
BLACK
6
CONTINUOUS
10
1.2542666141732284
20
1.1968720472440944
11
1.254733622047244
21
1.1972770472440946
0
LINE
8
BLACK
6
CONTINUOUS
10
1.254733622047244
20
1.1972770472440946
11
1.2551386614173228
21
1.197744094488189
0
LINE
8
BLACK
6
CONTINUOUS
10
1.2551386614173228
20
1.197744094488189
11
1.2552840157480314
21
1.1977544094488188
0
LINE
8
BLACK
6
CONTINUOUS
10
1.2552840157480314
20
1.1977544094488188
11
1.2553940944881889
21
1.1978498818897638
0
LINE
8
BLACK
6
CONTINUOUS
10
1.2553940944881889
20
1.1978498818897638
11
1.2750941338582678
21
1.2044165354330709
0
LINE
8
BLACK
6
CONTINUOUS
10
1.2750941338582678
20
1.2044165354330709
11
1.2765828346456694
21
1.2043107480314961
0
LINE
8
BLACK
6
CONTINUOUS
10
1.2621771653543308
20
1.1959999606299212
11
1.2681321653543307
21
1.1940149606299213
0
LINE
8
BLACK
6
CONTINUOUS
10
1.2681321653543307
20
1.1940149606299213
11
1.2681321653543307
21
1.1979849212598426
0
LINE
8
BLACK
6
CONTINUOUS
10
1.2681321653543307
20
1.1979849212598426
11
1.2621771653543308
21
1.1959999606299212
0
LINE
8
BLACK
6
CONTINUOUS
10
0.7303835039370079
20
1.2853851181102363
11
0.7305127559055118
21
1.2854079133858267
0
LINE
8
BLACK
6
CONTINUOUS
10
0.7305127559055118
20
1.2854079133858267
11
0.7306263385826771
21
1.2853422834645669
0
LINE
8
BLACK
6
CONTINUOUS
10
0.7306263385826771
20
1.2853422834645669
11
0.7310099212598425
21
1.2852746850393701
0
LINE
8
BLACK
6
CONTINUOUS
10
0.7310099212598425
20
1.2852746850393701
11
0.7315975984251968
21
1.2847815354330709
0
LINE
8
BLACK
6
CONTINUOUS
10
0.7315975984251968
20
1.2847815354330709
11
0.7322619291338582
21
1.2843979921259843
0
LINE
8
BLACK
6
CONTINUOUS
10
0.7322619291338582
20
1.2843979921259843
11
0.732353031496063
21
1.2841476377952756
0
LINE
8
BLACK
6
CONTINUOUS
10
0.732353031496063
20
1.2841476377952756
11
0.7325571653543307
21
1.283976377952756
0
LINE
8
BLACK
6
CONTINUOUS
10
0.7325571653543307
20
1.283976377952756
11
0.7326903937007874
21
1.2832207874015749
0
LINE
8
BLACK
6
CONTINUOUS
10
0.7326903937007874
20
1.2832207874015749
11
0.7329527559055118
21
1.2825
0
LINE
8
BLACK
6
CONTINUOUS
10
0.7329527559055118
20
1.2825
11
0.7329527559055118
21
1.2301196456692913
0
LINE
8
BLACK
6
CONTINUOUS
10
0.7329527559055118
20
1.2301196456692913
11
0.7332303543307086
21
1.2302533464566929
0
LINE
8
BLACK
6
CONTINUOUS
10
0.7332303543307086
20
1.2302533464566929
11
0.7367696456692914
21
1.2302533464566929
0
LINE
8
BLACK
6
CONTINUOUS
10
0.7367696456692914
20
1.2302533464566929
11
0.7399584645669292
21
1.228717716535433
0
LINE
8
BLACK
6
CONTINUOUS
10
0.7399584645669292
20
1.228717716535433
11
0.7421651968503937
21
1.2259505905511812
0
LINE
8
BLACK
6
CONTINUOUS
10
0.7421651968503937
20
1.2259505905511812
11
0.7429527559055118
21
1.2224999999999999
0
LINE
8
BLACK
6
CONTINUOUS
10
0.7429527559055118
20
1.2224999999999999
11
0.7421651968503937
21
1.2190494094488189
0
LINE
8
BLACK
6
CONTINUOUS
10
0.7421651968503937
20
1.2190494094488189
11
0.7399584645669292
21
1.2162822834645668
0
LINE
8
BLACK
6
CONTINUOUS
10
0.7399584645669292
20
1.2162822834645668
11
0.7367696456692914
21
1.2147466535433071
0
LINE
8
BLACK
6
CONTINUOUS
10
0.7367696456692914
20
1.2147466535433071
11
0.7332303543307086
21
1.2147466535433071
0
LINE
8
BLACK
6
CONTINUOUS
10
0.7332303543307086
20
1.2147466535433071
11
0.7300415354330708
21
1.2162822834645668
0
LINE
8
BLACK
6
CONTINUOUS
10
0.7300415354330708
20
1.2162822834645668
11
0.7278348031496062
21
1.2190494094488189
0
LINE
8
BLACK
6
CONTINUOUS
10
0.7278348031496062
20
1.2190494094488189
11
0.7277211811023622
21
1.2195472440944881
0
LINE
8
BLACK
6
CONTINUOUS
10
0.7277211811023622
20
1.2195472440944881
11
0.6899999999999999
21
1.2195472440944881
0
LINE
8
BLACK
6
CONTINUOUS
10
0.6899999999999999
20
1.2195472440944881
11
0.6889900787401575
21
1.21972531496063
0
LINE
8
BLACK
6
CONTINUOUS
10
0.6889900787401575
20
1.21972531496063
11
0.6874428346456692
21
1.2210236220472441
0
LINE
8
BLACK
6
CONTINUOUS
10
0.6874428346456692
20
1.2210236220472441
11
0.6870920866141732
21
1.2230127559055117
0
LINE
8
BLACK
6
CONTINUOUS
10
0.6870920866141732
20
1.2230127559055117
11
0.6881020078740158
21
1.2247619291338583
0
LINE
8
BLACK
6
CONTINUOUS
10
0.6881020078740158
20
1.2247619291338583
11
0.6899999999999999
21
1.2254527559055117
0
LINE
8
BLACK
6
CONTINUOUS
10
0.6899999999999999
20
1.2254527559055117
11
0.7270472440944882
21
1.2254527559055117
0
LINE
8
BLACK
6
CONTINUOUS
10
0.7270472440944882
20
1.2254527559055117
11
0.7270472440944882
21
1.2795472440944882
0
LINE
8
BLACK
6
CONTINUOUS
10
0.7270472440944882
20
1.2795472440944882
11
0.6899999999999999
21
1.2795472440944882
0
LINE
8
BLACK
6
CONTINUOUS
10
0.6899999999999999
20
1.2795472440944882
11
0.6889900787401575
21
1.2797253149606298
0
LINE
8
BLACK
6
CONTINUOUS
10
0.6889900787401575
20
1.2797253149606298
11
0.6874428346456692
21
1.281023622047244
0
LINE
8
BLACK
6
CONTINUOUS
10
0.6874428346456692
20
1.281023622047244
11
0.6870920866141732
21
1.2830127559055118
0
LINE
8
BLACK
6
CONTINUOUS
10
0.6870920866141732
20
1.2830127559055118
11
0.6881020078740158
21
1.2847619291338583
0
LINE
8
BLACK
6
CONTINUOUS
10
0.6881020078740158
20
1.2847619291338583
11
0.6899999999999999
21
1.2854527559055118
0
LINE
8
BLACK
6
CONTINUOUS
10
0.6899999999999999
20
1.2854527559055118
11
0.73
21
1.2854527559055118
0
LINE
8
BLACK
6
CONTINUOUS
10
0.73
20
1.2854527559055118
11
0.7303835039370079
21
1.2853851181102363
0
LINE
8
BLACK
6
CONTINUOUS
10
0.7334331102362205
20
1.2240668897637794
11
0.7329527559055118
21
1.2229071653543306
0
LINE
8
BLACK
6
CONTINUOUS
10
0.7329527559055118
20
1.2229071653543306
11
0.7329527559055118
21
1.2224999999999999
0
LINE
8
BLACK
6
CONTINUOUS
10
0.7329527559055118
20
1.2224999999999999
11
0.7329023622047244
21
1.2222143700787402
0
LINE
8
BLACK
6
CONTINUOUS
10
0.7329023622047244
20
1.2222143700787402
11
0.7334331102362205
21
1.2209331102362204
0
LINE
8
BLACK
6
CONTINUOUS
10
0.7334331102362205
20
1.2209331102362204
11
0.735
21
1.220284094488189
0
LINE
8
BLACK
6
CONTINUOUS
10
0.735
20
1.220284094488189
11
0.7365668897637795
21
1.2209331102362204
0
LINE
8
BLACK
6
CONTINUOUS
10
0.7365668897637795
20
1.2209331102362204
11
0.737215905511811
21
1.2224999999999999
0
LINE
8
BLACK
6
CONTINUOUS
10
0.737215905511811
20
1.2224999999999999
11
0.7365668897637795
21
1.2240668897637794
0
LINE
8
BLACK
6
CONTINUOUS
10
0.7365668897637795
20
1.2240668897637794
11
0.735
21
1.2247159055118111
0
LINE
8
BLACK
6
CONTINUOUS
10
0.735
20
1.2247159055118111
11
0.7334331102362205
21
1.2240668897637794
0
LINE
8
BLACK
6
CONTINUOUS
10
0.3199584645669291
20
1.2862177165354329
11
0.3221651968503937
21
1.283450590551181
0
LINE
8
BLACK
6
CONTINUOUS
10
0.3221651968503937
20
1.283450590551181
11
0.3222788188976378
21
1.2829527559055118
0
LINE
8
BLACK
6
CONTINUOUS
10
0.3222788188976378
20
1.2829527559055118
11
0.36
21
1.2829527559055118
0
LINE
8
BLACK
6
CONTINUOUS
10
0.36
20
1.2829527559055118
11
0.3610099212598425
21
1.28277468503937
0
LINE
8
BLACK
6
CONTINUOUS
10
0.3610099212598425
20
1.28277468503937
11
0.3625571653543307
21
1.2814763779527558
0
LINE
8
BLACK
6
CONTINUOUS
10
0.3625571653543307
20
1.2814763779527558
11
0.3629079133858268
21
1.2794872440944882
0
LINE
8
BLACK
6
CONTINUOUS
10
0.3629079133858268
20
1.2794872440944882
11
0.3618979921259842
21
1.2777380708661417
0
LINE
8
BLACK
6
CONTINUOUS
10
0.3618979921259842
20
1.2777380708661417
11
0.36
21
1.2770472440944882
0
LINE
8
BLACK
6
CONTINUOUS
10
0.36
20
1.2770472440944882
11
0.3229527559055118
21
1.2770472440944882
0
LINE
8
BLACK
6
CONTINUOUS
10
0.3229527559055118
20
1.2770472440944882
11
0.3229527559055118
21
1.2229527559055118
0
LINE
8
BLACK
6
CONTINUOUS
10
0.3229527559055118
20
1.2229527559055118
11
0.36
21
1.2229527559055118
0
LINE
8
BLACK
6
CONTINUOUS
10
0.36
20
1.2229527559055118
11
0.3610099212598425
21
1.2227746850393701
0
LINE
8
BLACK
6
CONTINUOUS
10
0.3610099212598425
20
1.2227746850393701
11
0.3625571653543307
21
1.221476377952756
0
LINE
8
BLACK
6
CONTINUOUS
10
0.3625571653543307
20
1.221476377952756
11
0.3629079133858268
21
1.2194872440944882
0
LINE
8
BLACK
6
CONTINUOUS
10
0.3629079133858268
20
1.2194872440944882
11
0.3618979921259842
21
1.2177380708661416
0
LINE
8
BLACK
6
CONTINUOUS
10
0.3618979921259842
20
1.2177380708661416
11
0.36
21
1.2170472440944882
0
LINE
8
BLACK
6
CONTINUOUS
10
0.36
20
1.2170472440944882
11
0.32
21
1.2170472440944882
0
LINE
8
BLACK
6
CONTINUOUS
10
0.32
20
1.2170472440944882
11
0.3196164566929134
21
1.2171148425196849
0
LINE
8
BLACK
6
CONTINUOUS
10
0.3196164566929134
20
1.2171148425196849
11
0.3194872440944882
21
1.2170920866141732
0
LINE
8
BLACK
6
CONTINUOUS
10
0.3194872440944882
20
1.2170920866141732
11
0.3193736220472441
21
1.2171576771653543
0
LINE
8
BLACK
6
CONTINUOUS
10
0.3193736220472441
20
1.2171576771653543
11
0.3189900787401574
21
1.2172253149606298
0
LINE
8
BLACK
6
CONTINUOUS
10
0.3189900787401574
20
1.2172253149606298
11
0.3184023622047244
21
1.2177184251968505
0
LINE
8
BLACK
6
CONTINUOUS
10
0.3184023622047244
20
1.2177184251968505
11
0.3177380708661417
21
1.2181020078740157
0
LINE
8
BLACK
6
CONTINUOUS
10
0.3177380708661417
20
1.2181020078740157
11
0.3176469291338583
21
1.2183523228346456
0
LINE
8
BLACK
6
CONTINUOUS
10
0.3176469291338583
20
1.2183523228346456
11
0.3174428346456693
21
1.218523622047244
0
LINE
8
BLACK
6
CONTINUOUS
10
0.3174428346456693
20
1.218523622047244
11
0.3173095669291339
21
1.2192791732283463
0
LINE
8
BLACK
6
CONTINUOUS
10
0.3173095669291339
20
1.2192791732283463
11
0.3170472440944882
21
1.22
0
LINE
8
BLACK
6
CONTINUOUS
10
0.3170472440944882
20
1.22
11
0.3170472440944882
21
1.2723803149606299
0
LINE
8
BLACK
6
CONTINUOUS
10
0.3170472440944882
20
1.2723803149606299
11
0.3167696456692913
21
1.272246653543307
0
LINE
8
BLACK
6
CONTINUOUS
10
0.3167696456692913
20
1.272246653543307
11
0.3132303543307087
21
1.272246653543307
0
LINE
8
BLACK
6
CONTINUOUS
10
0.3132303543307087
20
1.272246653543307
11
0.3100415354330708
21
1.2737822834645669
0
LINE
8
BLACK
6
CONTINUOUS
10
0.3100415354330708
20
1.2737822834645669
11
0.3078348031496063
21
1.2765494094488188
0
LINE
8
BLACK
6
CONTINUOUS
10
0.3078348031496063
20
1.2765494094488188
11
0.3070472440944882
21
1.28
0
LINE
8
BLACK
6
CONTINUOUS
10
0.3070472440944882
20
1.28
11
0.3078348031496063
21
1.283450590551181
0
LINE
8
BLACK
6
CONTINUOUS
10
0.3078348031496063
20
1.283450590551181
11
0.3100415354330708
21
1.2862177165354329
0
LINE
8
BLACK
6
CONTINUOUS
10
0.3100415354330708
20
1.2862177165354329
11
0.3132303543307087
21
1.2877533464566928
0
LINE
8
BLACK
6
CONTINUOUS
10
0.3132303543307087
20
1.2877533464566928
11
0.3167696456692913
21
1.2877533464566928
0
LINE
8
BLACK
6
CONTINUOUS
10
0.3167696456692913
20
1.2877533464566928
11
0.3199584645669291
21
1.2862177165354329
0
LINE
8
BLACK
6
CONTINUOUS
10
0.3134331102362204
20
1.2784331102362205
11
0.315
21
1.2777840944881889
0
LINE
8
BLACK
6
CONTINUOUS
10
0.315
20
1.2777840944881889
11
0.3165668897637795
21
1.2784331102362205
0
LINE
8
BLACK
6
CONTINUOUS
10
0.3165668897637795
20
1.2784331102362205
11
0.3170472440944882
21
1.2795927952755906
0
LINE
8
BLACK
6
CONTINUOUS
10
0.3170472440944882
20
1.2795927952755906
11
0.3170472440944882
21
1.28
0
LINE
8
BLACK
6
CONTINUOUS
10
0.3170472440944882
20
1.28
11
0.3170975984251969
21
1.280285590551181
0
LINE
8
BLACK
6
CONTINUOUS
10
0.3170975984251969
20
1.280285590551181
11
0.3165668897637795
21
1.2815668897637795
0
LINE
8
BLACK
6
CONTINUOUS
10
0.3165668897637795
20
1.2815668897637795
11
0.315
21
1.282215905511811
0
LINE
8
BLACK
6
CONTINUOUS
10
0.315
20
1.282215905511811
11
0.3134331102362204
21
1.2815668897637795
0
LINE
8
BLACK
6
CONTINUOUS
10
0.3134331102362204
20
1.2815668897637795
11
0.3127840944881889
21
1.28
0
LINE
8
BLACK
6
CONTINUOUS
10
0.3127840944881889
20
1.28
11
0.3134331102362204
21
1.2784331102362205
0
LINE
8
BLACK
6
CONTINUOUS
10
0.4403835039370079
20
1.2828851181102361
11
0.4405127559055118
21
1.2829079133858268
0
LINE
8
BLACK
6
CONTINUOUS
10
0.4405127559055118
20
1.2829079133858268
11
0.4406263385826771
21
1.282842283464567
0
LINE
8
BLACK
6
CONTINUOUS
10
0.4406263385826771
20
1.282842283464567
11
0.4410099212598425
21
1.28277468503937
0
LINE
8
BLACK
6
CONTINUOUS
10
0.4410099212598425
20
1.28277468503937
11
0.4415975984251969
21
1.2822815354330708
0
LINE
8
BLACK
6
CONTINUOUS
10
0.4415975984251969
20
1.2822815354330708
11
0.4422619291338583
21
1.2818979921259843
0
LINE
8
BLACK
6
CONTINUOUS
10
0.4422619291338583
20
1.2818979921259843
11
0.442353031496063
21
1.2816476377952755
0
LINE
8
BLACK
6
CONTINUOUS
10
0.442353031496063
20
1.2816476377952755
11
0.4425571653543307
21
1.2814763779527558
0
LINE
8
BLACK
6
CONTINUOUS
10
0.4425571653543307
20
1.2814763779527558
11
0.4426903937007874
21
1.2807207874015747
0
LINE
8
BLACK
6
CONTINUOUS
10
0.4426903937007874
20
1.2807207874015747
11
0.4429527559055118
21
1.28
0
LINE
8
BLACK
6
CONTINUOUS
10
0.4429527559055118
20
1.28
11
0.4429527559055118
21
1.22
0
LINE
8
BLACK
6
CONTINUOUS
10
0.4429527559055118
20
1.22
11
0.4428851181102362
21
1.2196164566929133
0
LINE
8
BLACK
6
CONTINUOUS
10
0.4428851181102362
20
1.2196164566929133
11
0.4429079133858267
21
1.2194872440944882
0
LINE
8
BLACK
6
CONTINUOUS
10
0.4429079133858267
20
1.2194872440944882
11
0.4428422834645669
21
1.219373622047244
0
LINE
8
BLACK
6
CONTINUOUS
10
0.4428422834645669
20
1.219373622047244
11
0.4427746850393701
21
1.2189900787401575
0
LINE
8
BLACK
6
CONTINUOUS
10
0.4427746850393701
20
1.2189900787401575
11
0.4422815354330709
21
1.2184023622047244
0
LINE
8
BLACK
6
CONTINUOUS
10
0.4422815354330709
20
1.2184023622047244
11
0.4418979921259842
21
1.2177380708661416
0
LINE
8
BLACK
6
CONTINUOUS
10
0.4418979921259842
20
1.2177380708661416
11
0.4416476377952756
21
1.2176469291338583
0
LINE
8
BLACK
6
CONTINUOUS
10
0.4416476377952756
20
1.2176469291338583
11
0.4414763779527559
21
1.2174428346456692
0
LINE
8
BLACK
6
CONTINUOUS
10
0.4414763779527559
20
1.2174428346456692
11
0.4407207874015748
21
1.2173095669291338
0
LINE
8
BLACK
6
CONTINUOUS
10
0.4407207874015748
20
1.2173095669291338
11
0.44
21
1.2170472440944882
0
LINE
8
BLACK
6
CONTINUOUS
10
0.44
20
1.2170472440944882
11
0.4
21
1.2170472440944882
0
LINE
8
BLACK
6
CONTINUOUS
10
0.4
20
1.2170472440944882
11
0.3989900787401575
21
1.2172253149606298
0
LINE
8
BLACK
6
CONTINUOUS
10
0.3989900787401575
20
1.2172253149606298
11
0.3974428346456693
21
1.218523622047244
0
LINE
8
BLACK
6
CONTINUOUS
10
0.3974428346456693
20
1.218523622047244
11
0.3970920866141732
21
1.2205127559055118
0
LINE
8
BLACK
6
CONTINUOUS
10
0.3970920866141732
20
1.2205127559055118
11
0.3981020078740157
21
1.2222619291338583
0
LINE
8
BLACK
6
CONTINUOUS
10
0.3981020078740157
20
1.2222619291338583
11
0.4
21
1.2229527559055118
0
LINE
8
BLACK
6
CONTINUOUS
10
0.4
20
1.2229527559055118
11
0.4370472440944882
21
1.2229527559055118
0
LINE
8
BLACK
6
CONTINUOUS
10
0.4370472440944882
20
1.2229527559055118
11
0.4370472440944882
21
1.2770472440944882
0
LINE
8
BLACK
6
CONTINUOUS
10
0.4370472440944882
20
1.2770472440944882
11
0.4040769291338582
21
1.2770472440944882
0
LINE
8
BLACK
6
CONTINUOUS
10
0.4040769291338582
20
1.2770472440944882
11
0.4041436220472441
21
1.2770025984251969
0
LINE
8
BLACK
6
CONTINUOUS
10
0.4041436220472441
20
1.2770025984251969
11
0.4059017716535433
21
1.2743653937007873
0
LINE
8
BLACK
6
CONTINUOUS
10
0.4059017716535433
20
1.2743653937007873
11
0.4073806692913386
21
1.2728864960629922
0
LINE
8
BLACK
6
CONTINUOUS
10
0.4073806692913386
20
1.2728864960629922
11
0.408944842519685
21
1.2721044488188975
0
LINE
8
BLACK
6
CONTINUOUS
10
0.408944842519685
20
1.2721044488188975
11
0.4100229527559055
21
1.2708612992125985
0
LINE
8
BLACK
6
CONTINUOUS
10
0.4100229527559055
20
1.2708612992125985
11
0.4099062992125984
21
1.2692198818897638
0
LINE
8
BLACK
6
CONTINUOUS
10
0.4099062992125984
20
1.2692198818897638
11
0.4086631889763779
21
1.2681417322834645
0
LINE
8
BLACK
6
CONTINUOUS
10
0.4086631889763779
20
1.2681417322834645
11
0.4070217716535433
21
1.2682584251968503
0
LINE
8
BLACK
6
CONTINUOUS
10
0.4070217716535433
20
1.2682584251968503
11
0.4051455905511811
21
1.2691965354330708
0
LINE
8
BLACK
6
CONTINUOUS
10
0.4051455905511811
20
1.2691965354330708
11
0.4049137401574803
21
1.2694638188976377
0
LINE
8
BLACK
6
CONTINUOUS
10
0.4049137401574803
20
1.2694638188976377
11
0.4045868503937008
21
1.269599251968504
0
LINE
8
BLACK
6
CONTINUOUS
10
0.4045868503937008
20
1.269599251968504
11
0.4045047244094488
21
1.2696813779527558
0
LINE
8
BLACK
6
CONTINUOUS
10
0.4045047244094488
20
1.2696813779527558
11
0.4045047244094488
21
1.2582599999999999
0
LINE
8
BLACK
6
CONTINUOUS
10
0.4045047244094488
20
1.2582599999999999
11
0.4079833070866142
21
1.2582599999999999
0
LINE
8
BLACK
6
CONTINUOUS
10
0.4079833070866142
20
1.2582599999999999
11
0.4095035826771654
21
1.2576302755905511
0
LINE
8
BLACK
6
CONTINUOUS
10
0.4095035826771654
20
1.2576302755905511
11
0.4101333070866142
21
1.2561100000000001
0
LINE
8
BLACK
6
CONTINUOUS
10
0.4101333070866142
20
1.2561100000000001
11
0.4095035826771654
21
1.2545897244094488
0
LINE
8
BLACK
6
CONTINUOUS
10
0.4095035826771654
20
1.2545897244094488
11
0.4079833070866142
21
1.25396
0
LINE
8
BLACK
6
CONTINUOUS
10
0.4079833070866142
20
1.25396
11
0.4023547244094488
21
1.25396
0
LINE
8
BLACK
6
CONTINUOUS
10
0.4023547244094488
20
1.25396
11
0.3967261811023622
21
1.25396
0
LINE
8
BLACK
6
CONTINUOUS
10
0.3967261811023622
20
1.25396
11
0.395205905511811
21
1.2545897244094488
0
LINE
8
BLACK
6
CONTINUOUS
10
0.395205905511811
20
1.2545897244094488
11
0.3945761811023622
21
1.2561100000000001
0
LINE
8
BLACK
6
CONTINUOUS
10
0.3945761811023622
20
1.2561100000000001
11
0.395205905511811
21
1.2576302755905511
0
LINE
8
BLACK
6
CONTINUOUS
10
0.395205905511811
20
1.2576302755905511
11
0.3967261811023622
21
1.2582599999999999
0
LINE
8
BLACK
6
CONTINUOUS
10
0.3967261811023622
20
1.2582599999999999
11
0.4002047244094488
21
1.2582599999999999
0
LINE
8
BLACK
6
CONTINUOUS
10
0.4002047244094488
20
1.2582599999999999
11
0.4002047244094488
21
1.2758099999999999
0
LINE
8
BLACK
6
CONTINUOUS
10
0.4002047244094488
20
1.2758099999999999
11
0.4002894094488189
21
1.2760145275590551
0
LINE
8
BLACK
6
CONTINUOUS
10
0.4002894094488189
20
1.2760145275590551
11
0.4002464960629921
21
1.2762316535433071
0
LINE
8
BLACK
6
CONTINUOUS
10
0.4002464960629921
20
1.2762316535433071
11
0.4005948031496063
21
1.2767517716535433
0
LINE
8
BLACK
6
CONTINUOUS
10
0.4005948031496063
20
1.2767517716535433
11
0.4007172047244094
21
1.2770472440944882
0
LINE
8
BLACK
6
CONTINUOUS
10
0.4007172047244094
20
1.2770472440944882
11
0.4
21
1.2770472440944882
0
LINE
8
BLACK
6
CONTINUOUS
10
0.4
20
1.2770472440944882
11
0.3989900787401575
21
1.2772253149606299
0
LINE
8
BLACK
6
CONTINUOUS
10
0.3989900787401575
20
1.2772253149606299
11
0.3974428346456693
21
1.278523622047244
0
LINE
8
BLACK
6
CONTINUOUS
10
0.3974428346456693
20
1.278523622047244
11
0.3970920866141732
21
1.2805127559055118
0
LINE
8
BLACK
6
CONTINUOUS
10
0.3970920866141732
20
1.2805127559055118
11
0.3981020078740157
21
1.2822619291338582
0
LINE
8
BLACK
6
CONTINUOUS
10
0.3981020078740157
20
1.2822619291338582
11
0.4
21
1.2829527559055118
0
LINE
8
BLACK
6
CONTINUOUS
10
0.4
20
1.2829527559055118
11
0.44
21
1.2829527559055118
0
LINE
8
BLACK
6
CONTINUOUS
10
0.44
20
1.2829527559055118
11
0.4403835039370079
21
1.2828851181102361
0
LINE
8
BLACK
6
CONTINUOUS
10
0.4599584645669291
20
1.2862177165354329
11
0.4621651968503937
21
1.283450590551181
0
LINE
8
BLACK
6
CONTINUOUS
10
0.4621651968503937
20
1.283450590551181
11
0.4622788188976378
21
1.2829527559055118
0
LINE
8
BLACK
6
CONTINUOUS
10
0.4622788188976378
20
1.2829527559055118
11
0.5
21
1.2829527559055118
0
LINE
8
BLACK
6
CONTINUOUS
10
0.5
20
1.2829527559055118
11
0.5010099212598426
21
1.28277468503937
0
LINE
8
BLACK
6
CONTINUOUS
10
0.5010099212598426
20
1.28277468503937
11
0.5025571653543307
21
1.2814763779527558
0
LINE
8
BLACK
6
CONTINUOUS
10
0.5025571653543307
20
1.2814763779527558
11
0.5029079133858267
21
1.2794872440944882
0
LINE
8
BLACK
6
CONTINUOUS
10
0.5029079133858267
20
1.2794872440944882
11
0.5020261417322834
21
1.27796
0
LINE
8
BLACK
6
CONTINUOUS
10
0.5020261417322834
20
1.27796
11
0.5142118897637795
21
1.27796
0
LINE
8
BLACK
6
CONTINUOUS
10
0.5142118897637795
20
1.27796
11
0.5157321653543308
21
1.2773302755905511
0
LINE
8
BLACK
6
CONTINUOUS
10
0.5157321653543308
20
1.2773302755905511
11
0.5163618897637795
21
1.2758099999999999
0
LINE
8
BLACK
6
CONTINUOUS
10
0.5163618897637795
20
1.2758099999999999
11
0.5157321653543308
21
1.2742897244094489
0
LINE
8
BLACK
6
CONTINUOUS
10
0.5157321653543308
20
1.2742897244094489
11
0.5142118897637795
21
1.27366
0
LINE
8
BLACK
6
CONTINUOUS
10
0.5142118897637795
20
1.27366
11
0.5043390944881889
21
1.27366
0
LINE
8
BLACK
6
CONTINUOUS
10
0.5043390944881889
20
1.27366
11
0.5114975590551181
21
1.2569569291338583
0
LINE
8
BLACK
6
CONTINUOUS
10
0.5114975590551181
20
1.2569569291338583
11
0.5115176377952756
21
1.2553115354330708
0
LINE
8
BLACK
6
CONTINUOUS
10
0.5115176377952756
20
1.2553115354330708
11
0.5103683464566929
21
1.2541338582677166
0
LINE
8
BLACK
6
CONTINUOUS
10
0.5103683464566929
20
1.2541338582677166
11
0.5087229133858268
21
1.254113779527559
0
LINE
8
BLACK
6
CONTINUOUS
10
0.5087229133858268
20
1.254113779527559
11
0.5075452362204724
21
1.2552630708661416
0
LINE
8
BLACK
6
CONTINUOUS
10
0.5075452362204724
20
1.2552630708661416
11
0.4991024015748031
21
1.2749630708661417
0
LINE
8
BLACK
6
CONTINUOUS
10
0.4991024015748031
20
1.2749630708661417
11
0.4990970078740157
21
1.2754032283464567
0
LINE
8
BLACK
6
CONTINUOUS
10
0.4990970078740157
20
1.2754032283464567
11
0.4989285433070866
21
1.2758099999999999
0
LINE
8
BLACK
6
CONTINUOUS
10
0.4989285433070866
20
1.2758099999999999
11
0.4990873622047244
21
1.2761934645669291
0
LINE
8
BLACK
6
CONTINUOUS
10
0.4990873622047244
20
1.2761934645669291
11
0.4990823228346457
21
1.2766085039370079
0
LINE
8
BLACK
6
CONTINUOUS
10
0.4990823228346457
20
1.2766085039370079
11
0.4993897637795275
21
1.2769235433070867
0
LINE
8
BLACK
6
CONTINUOUS
10
0.4993897637795275
20
1.2769235433070867
11
0.4994410236220472
21
1.2770472440944882
0
LINE
8
BLACK
6
CONTINUOUS
10
0.4994410236220472
20
1.2770472440944882
11
0.4629527559055118
21
1.2770472440944882
0
LINE
8
BLACK
6
CONTINUOUS
10
0.4629527559055118
20
1.2770472440944882
11
0.4629527559055118
21
1.2229527559055118
0
LINE
8
BLACK
6
CONTINUOUS
10
0.4629527559055118
20
1.2229527559055118
11
0.5
21
1.2229527559055118
0
LINE
8
BLACK
6
CONTINUOUS
10
0.5
20
1.2229527559055118
11
0.5010099212598426
21
1.2227746850393701
0
LINE
8
BLACK
6
CONTINUOUS
10
0.5010099212598426
20
1.2227746850393701
11
0.5025571653543307
21
1.221476377952756
0
LINE
8
BLACK
6
CONTINUOUS
10
0.5025571653543307
20
1.221476377952756
11
0.5029079133858267
21
1.2194872440944882
0
LINE
8
BLACK
6
CONTINUOUS
10
0.5029079133858267
20
1.2194872440944882
11
0.5018979921259843
21
1.2177380708661416
0
LINE
8
BLACK
6
CONTINUOUS
10
0.5018979921259843
20
1.2177380708661416
11
0.5
21
1.2170472440944882
0
LINE
8
BLACK
6
CONTINUOUS
10
0.5
20
1.2170472440944882
11
0.46
21
1.2170472440944882
0
LINE
8
BLACK
6
CONTINUOUS
10
0.46
20
1.2170472440944882
11
0.4596164566929134
21
1.2171148425196849
0
LINE
8
BLACK
6
CONTINUOUS
10
0.4596164566929134
20
1.2171148425196849
11
0.4594872440944882
21
1.2170920866141732
0
LINE
8
BLACK
6
CONTINUOUS
10
0.4594872440944882
20
1.2170920866141732
11
0.4593736220472441
21
1.2171576771653543
0
LINE
8
BLACK
6
CONTINUOUS
10
0.4593736220472441
20
1.2171576771653543
11
0.4589900787401575
21
1.2172253149606298
0
LINE
8
BLACK
6
CONTINUOUS
10
0.4589900787401575
20
1.2172253149606298
11
0.4584023622047244
21
1.2177184251968505
0
LINE
8
BLACK
6
CONTINUOUS
10
0.4584023622047244
20
1.2177184251968505
11
0.4577380708661417
21
1.2181020078740157
0
LINE
8
BLACK
6
CONTINUOUS
10
0.4577380708661417
20
1.2181020078740157
11
0.4576469291338582
21
1.2183523228346456
0
LINE
8
BLACK
6
CONTINUOUS
10
0.4576469291338582
20
1.2183523228346456
11
0.4574428346456693
21
1.218523622047244
0
LINE
8
BLACK
6
CONTINUOUS
10
0.4574428346456693
20
1.218523622047244
11
0.4573095669291338
21
1.2192791732283463
0
LINE
8
BLACK
6
CONTINUOUS
10
0.4573095669291338
20
1.2192791732283463
11
0.4570472440944882
21
1.22
0
LINE
8
BLACK
6
CONTINUOUS
10
0.4570472440944882
20
1.22
11
0.4570472440944882
21
1.2723803149606299
0
LINE
8
BLACK
6
CONTINUOUS
10
0.4570472440944882
20
1.2723803149606299
11
0.4567696456692913
21
1.272246653543307
0
LINE
8
BLACK
6
CONTINUOUS
10
0.4567696456692913
20
1.272246653543307
11
0.4532303543307086
21
1.272246653543307
0
LINE
8
BLACK
6
CONTINUOUS
10
0.4532303543307086
20
1.272246653543307
11
0.4500415354330708
21
1.2737822834645669
0
LINE
8
BLACK
6
CONTINUOUS
10
0.4500415354330708
20
1.2737822834645669
11
0.4478348031496063
21
1.2765494094488188
0
LINE
8
BLACK
6
CONTINUOUS
10
0.4478348031496063
20
1.2765494094488188
11
0.4470472440944882
21
1.28
0
LINE
8
BLACK
6
CONTINUOUS
10
0.4470472440944882
20
1.28
11
0.4478348031496063
21
1.283450590551181
0
LINE
8
BLACK
6
CONTINUOUS
10
0.4478348031496063
20
1.283450590551181
11
0.4500415354330708
21
1.2862177165354329
0
LINE
8
BLACK
6
CONTINUOUS
10
0.4500415354330708
20
1.2862177165354329
11
0.4532303543307086
21
1.2877533464566928
0
LINE
8
BLACK
6
CONTINUOUS
10
0.4532303543307086
20
1.2877533464566928
11
0.4567696456692913
21
1.2877533464566928
0
LINE
8
BLACK
6
CONTINUOUS
10
0.4567696456692913
20
1.2877533464566928
11
0.4599584645669291
21
1.2862177165354329
0
LINE
8
BLACK
6
CONTINUOUS
10
0.4534331102362205
20
1.2784331102362205
11
0.455
21
1.2777840944881889
0
LINE
8
BLACK
6
CONTINUOUS
10
0.455
20
1.2777840944881889
11
0.4565668897637795
21
1.2784331102362205
0
LINE
8
BLACK
6
CONTINUOUS
10
0.4565668897637795
20
1.2784331102362205
11
0.4570472440944882
21
1.2795927952755906
0
LINE
8
BLACK
6
CONTINUOUS
10
0.4570472440944882
20
1.2795927952755906
11
0.4570472440944882
21
1.28
0
LINE
8
BLACK
6
CONTINUOUS
10
0.4570472440944882
20
1.28
11
0.4570975984251968
21
1.280285590551181
0
LINE
8
BLACK
6
CONTINUOUS
10
0.4570975984251968
20
1.280285590551181
11
0.4565668897637795
21
1.2815668897637795
0
LINE
8
BLACK
6
CONTINUOUS
10
0.4565668897637795
20
1.2815668897637795
11
0.455
21
1.282215905511811
0
LINE
8
BLACK
6
CONTINUOUS
10
0.455
20
1.282215905511811
11
0.4534331102362205
21
1.2815668897637795
0
LINE
8
BLACK
6
CONTINUOUS
10
0.4534331102362205
20
1.2815668897637795
11
0.452784094488189
21
1.28
0
LINE
8
BLACK
6
CONTINUOUS
10
0.452784094488189
20
1.28
11
0.4534331102362205
21
1.2784331102362205
0
LINE
8
BLACK
6
CONTINUOUS
10
0.5803835039370079
20
1.2828851181102361
11
0.5805127559055118
21
1.2829079133858268
0
LINE
8
BLACK
6
CONTINUOUS
10
0.5805127559055118
20
1.2829079133858268
11
0.5806263385826772
21
1.282842283464567
0
LINE
8
BLACK
6
CONTINUOUS
10
0.5806263385826772
20
1.282842283464567
11
0.5810099212598425
21
1.28277468503937
0
LINE
8
BLACK
6
CONTINUOUS
10
0.5810099212598425
20
1.28277468503937
11
0.5815975984251969
21
1.2822815354330708
0
LINE
8
BLACK
6
CONTINUOUS
10
0.5815975984251969
20
1.2822815354330708
11
0.5822619291338582
21
1.2818979921259843
0
LINE
8
BLACK
6
CONTINUOUS
10
0.5822619291338582
20
1.2818979921259843
11
0.582353031496063
21
1.2816476377952755
0
LINE
8
BLACK
6
CONTINUOUS
10
0.582353031496063
20
1.2816476377952755
11
0.5825571653543307
21
1.2814763779527558
0
LINE
8
BLACK
6
CONTINUOUS
10
0.5825571653543307
20
1.2814763779527558
11
0.5826903937007873
21
1.2807207874015747
0
LINE
8
BLACK
6
CONTINUOUS
10
0.5826903937007873
20
1.2807207874015747
11
0.5829527559055118
21
1.28
0
LINE
8
BLACK
6
CONTINUOUS
10
0.5829527559055118
20
1.28
11
0.5829527559055118
21
1.22
0
LINE
8
BLACK
6
CONTINUOUS
10
0.5829527559055118
20
1.22
11
0.5828851181102362
21
1.2196164566929133
0
LINE
8
BLACK
6
CONTINUOUS
10
0.5828851181102362
20
1.2196164566929133
11
0.5829079133858267
21
1.2194872440944882
0
LINE
8
BLACK
6
CONTINUOUS
10
0.5829079133858267
20
1.2194872440944882
11
0.5828422834645669
21
1.219373622047244
0
LINE
8
BLACK
6
CONTINUOUS
10
0.5828422834645669
20
1.219373622047244
11
0.58277468503937
21
1.2189900787401575
0
LINE
8
BLACK
6
CONTINUOUS
10
0.58277468503937
20
1.2189900787401575
11
0.5822815354330708
21
1.2184023622047244
0
LINE
8
BLACK
6
CONTINUOUS
10
0.5822815354330708
20
1.2184023622047244
11
0.5818979921259843
21
1.2177380708661416
0
LINE
8
BLACK
6
CONTINUOUS
10
0.5818979921259843
20
1.2177380708661416
11
0.5816476377952756
21
1.2176469291338583
0
LINE
8
BLACK
6
CONTINUOUS
10
0.5816476377952756
20
1.2176469291338583
11
0.5814763779527559
21
1.2174428346456692
0
LINE
8
BLACK
6
CONTINUOUS
10
0.5814763779527559
20
1.2174428346456692
11
0.5807207874015748
21
1.2173095669291338
0
LINE
8
BLACK
6
CONTINUOUS
10
0.5807207874015748
20
1.2173095669291338
11
0.58
21
1.2170472440944882
0
LINE
8
BLACK
6
CONTINUOUS
10
0.58
20
1.2170472440944882
11
0.54
21
1.2170472440944882
0
LINE
8
BLACK
6
CONTINUOUS
10
0.54
20
1.2170472440944882
11
0.5389900787401575
21
1.2172253149606298
0
LINE
8
BLACK
6
CONTINUOUS
10
0.5389900787401575
20
1.2172253149606298
11
0.5374428346456693
21
1.218523622047244
0
LINE
8
BLACK
6
CONTINUOUS
10
0.5374428346456693
20
1.218523622047244
11
0.5370920866141732
21
1.2205127559055118
0
LINE
8
BLACK
6
CONTINUOUS
10
0.5370920866141732
20
1.2205127559055118
11
0.5381020078740157
21
1.2222619291338583
0
LINE
8
BLACK
6
CONTINUOUS
10
0.5381020078740157
20
1.2222619291338583
11
0.54
21
1.2229527559055118
0
LINE
8
BLACK
6
CONTINUOUS
10
0.54
20
1.2229527559055118
11
0.5770472440944882
21
1.2229527559055118
0
LINE
8
BLACK
6
CONTINUOUS
10
0.5770472440944882
20
1.2229527559055118
11
0.5770472440944882
21
1.2770472440944882
0
LINE
8
BLACK
6
CONTINUOUS
10
0.5770472440944882
20
1.2770472440944882
11
0.5454594488188976
21
1.2770472440944882
0
LINE
8
BLACK
6
CONTINUOUS
10
0.5454594488188976
20
1.2770472440944882
11
0.5500229527559055
21
1.2633565748031497
0
LINE
8
BLACK
6
CONTINUOUS
10
0.5500229527559055
20
1.2633565748031497
11
0.5499978346456693
21
1.263003622047244
0
LINE
8
BLACK
6
CONTINUOUS
10
0.5499978346456693
20
1.263003622047244
11
0.5501333070866141
21
1.2626766535433072
0
LINE
8
BLACK
6
CONTINUOUS
10
0.5501333070866141
20
1.2626766535433072
11
0.5499417322834645
21
1.2622142125984253
0
LINE
8
BLACK
6
CONTINUOUS
10
0.5499417322834645
20
1.2622142125984253
11
0.5499062992125984
21
1.2617151574803149
0
LINE
8
BLACK
6
CONTINUOUS
10
0.5499062992125984
20
1.2617151574803149
11
0.5496390157480315
21
1.261483307086614
0
LINE
8
BLACK
6
CONTINUOUS
10
0.5496390157480315
20
1.261483307086614
11
0.5495035826771654
21
1.2611563779527559
0
LINE
8
BLACK
6
CONTINUOUS
10
0.5495035826771654
20
1.2611563779527559
11
0.5490411811023622
21
1.2609648425196851
0
LINE
8
BLACK
6
CONTINUOUS
10
0.5490411811023622
20
1.2609648425196851
11
0.5486631889763779
21
1.2606370078740157
0
LINE
8
BLACK
6
CONTINUOUS
10
0.5486631889763779
20
1.2606370078740157
11
0.5483102755905511
21
1.2606620866141731
0
LINE
8
BLACK
6
CONTINUOUS
10
0.5483102755905511
20
1.2606620866141731
11
0.5479833070866141
21
1.2605266535433071
0
LINE
8
BLACK
6
CONTINUOUS
10
0.5479833070866141
20
1.2605266535433071
11
0.5407523622047244
21
1.2605266535433071
0
LINE
8
BLACK
6
CONTINUOUS
10
0.5407523622047244
20
1.2605266535433071
11
0.5407523622047244
21
1.2561100000000001
0
LINE
8
BLACK
6
CONTINUOUS
10
0.5407523622047244
20
1.2561100000000001
11
0.5401226377952756
21
1.2545897244094488
0
LINE
8
BLACK
6
CONTINUOUS
10
0.5401226377952756
20
1.2545897244094488
11
0.5386023622047243
21
1.25396
0
LINE
8
BLACK
6
CONTINUOUS
10
0.5386023622047243
20
1.25396
11
0.5370820866141732
21
1.2545897244094488
0
LINE
8
BLACK
6
CONTINUOUS
10
0.5370820866141732
20
1.2545897244094488
11
0.5364523622047244
21
1.2561100000000001
0
LINE
8
BLACK
6
CONTINUOUS
10
0.5364523622047244
20
1.2561100000000001
11
0.5364523622047244
21
1.2605266535433071
0
LINE
8
BLACK
6
CONTINUOUS
10
0.5364523622047244
20
1.2605266535433071
11
0.5357880708661418
21
1.2605266535433071
0
LINE
8
BLACK
6
CONTINUOUS
10
0.5357880708661418
20
1.2605266535433071
11
0.5342677952755905
21
1.2611563779527559
0
LINE
8
BLACK
6
CONTINUOUS
10
0.5342677952755905
20
1.2611563779527559
11
0.5336380708661417
21
1.2626766535433072
0
LINE
8
BLACK
6
CONTINUOUS
10
0.5336380708661417
20
1.2626766535433072
11
0.5342677952755905
21
1.2641969291338582
0
LINE
8
BLACK
6
CONTINUOUS
10
0.5342677952755905
20
1.2641969291338582
11
0.5357880708661418
21
1.264826653543307
0
LINE
8
BLACK
6
CONTINUOUS
10
0.5357880708661418
20
1.264826653543307
11
0.5364523622047244
21
1.264826653543307
0
LINE
8
BLACK
6
CONTINUOUS
10
0.5364523622047244
20
1.264826653543307
11
0.5364523622047244
21
1.2692433464566928
0
LINE
8
BLACK
6
CONTINUOUS
10
0.5364523622047244
20
1.2692433464566928
11
0.5370820866141732
21
1.270763622047244
0
LINE
8
BLACK
6
CONTINUOUS
10
0.5370820866141732
20
1.270763622047244
11
0.5386023622047243
21
1.2713933464566929
0
LINE
8
BLACK
6
CONTINUOUS
10
0.5386023622047243
20
1.2713933464566929
11
0.5401226377952756
21
1.270763622047244
0
LINE
8
BLACK
6
CONTINUOUS
10
0.5401226377952756
20
1.270763622047244
11
0.5407523622047244
21
1.2692433464566928
0
LINE
8
BLACK
6
CONTINUOUS
10
0.5407523622047244
20
1.2692433464566928
11
0.5407523622047244
21
1.264826653543307
0
LINE
8
BLACK
6
CONTINUOUS
10
0.5407523622047244
20
1.264826653543307
11
0.54500031496063
21
1.264826653543307
0
LINE
8
BLACK
6
CONTINUOUS
10
0.54500031496063
20
1.264826653543307
11
0.5412531496062992
21
1.2760682283464566
0
LINE
8
BLACK
6
CONTINUOUS
10
0.5412531496062992
20
1.2760682283464566
11
0.5413227165354331
21
1.2770472440944882
0
LINE
8
BLACK
6
CONTINUOUS
10
0.5413227165354331
20
1.2770472440944882
11
0.54
21
1.2770472440944882
0
LINE
8
BLACK
6
CONTINUOUS
10
0.54
20
1.2770472440944882
11
0.5389900787401575
21
1.2772253149606299
0
LINE
8
BLACK
6
CONTINUOUS
10
0.5389900787401575
20
1.2772253149606299
11
0.5374428346456693
21
1.278523622047244
0
LINE
8
BLACK
6
CONTINUOUS
10
0.5374428346456693
20
1.278523622047244
11
0.5370920866141732
21
1.2805127559055118
0
LINE
8
BLACK
6
CONTINUOUS
10
0.5370920866141732
20
1.2805127559055118
11
0.5381020078740157
21
1.2822619291338582
0
LINE
8
BLACK
6
CONTINUOUS
10
0.5381020078740157
20
1.2822619291338582
11
0.54
21
1.2829527559055118
0
LINE
8
BLACK
6
CONTINUOUS
10
0.54
20
1.2829527559055118
11
0.58
21
1.2829527559055118
0
LINE
8
BLACK
6
CONTINUOUS
10
0.58
20
1.2829527559055118
11
0.5803835039370079
21
1.2828851181102361
0
LINE
8
BLACK
6
CONTINUOUS
10
0.6510099212598425
20
1.2852746850393701
11
0.6525571653543307
21
1.283976377952756
0
LINE
8
BLACK
6
CONTINUOUS
10
0.6525571653543307
20
1.283976377952756
11
0.6529079133858268
21
1.2819872440944882
0
LINE
8
BLACK
6
CONTINUOUS
10
0.6529079133858268
20
1.2819872440944882
11
0.6518979921259842
21
1.2802380708661416
0
LINE
8
BLACK
6
CONTINUOUS
10
0.6518979921259842
20
1.2802380708661416
11
0.65
21
1.2795472440944882
0
LINE
8
BLACK
6
CONTINUOUS
10
0.65
20
1.2795472440944882
11
0.6129527559055118
21
1.2795472440944882
0
LINE
8
BLACK
6
CONTINUOUS
10
0.6129527559055118
20
1.2795472440944882
11
0.6129527559055118
21
1.2254527559055117
0
LINE
8
BLACK
6
CONTINUOUS
10
0.6129527559055118
20
1.2254527559055117
11
0.65
21
1.2254527559055117
0
LINE
8
BLACK
6
CONTINUOUS
10
0.65
20
1.2254527559055117
11
0.6510099212598425
21
1.2252746850393701
0
LINE
8
BLACK
6
CONTINUOUS
10
0.6510099212598425
20
1.2252746850393701
11
0.6525571653543307
21
1.2239763779527559
0
LINE
8
BLACK
6
CONTINUOUS
10
0.6525571653543307
20
1.2239763779527559
11
0.6529079133858268
21
1.2219872440944881
0
LINE
8
BLACK
6
CONTINUOUS
10
0.6529079133858268
20
1.2219872440944881
11
0.6518979921259842
21
1.2202380708661418
0
LINE
8
BLACK
6
CONTINUOUS
10
0.6518979921259842
20
1.2202380708661418
11
0.65
21
1.2195472440944881
0
LINE
8
BLACK
6
CONTINUOUS
10
0.65
20
1.2195472440944881
11
0.61
21
1.2195472440944881
0
LINE
8
BLACK
6
CONTINUOUS
10
0.61
20
1.2195472440944881
11
0.6096164566929134
21
1.2196148425196851
0
LINE
8
BLACK
6
CONTINUOUS
10
0.6096164566929134
20
1.2196148425196851
11
0.6094872440944882
21
1.2195920866141732
0
LINE
8
BLACK
6
CONTINUOUS
10
0.6094872440944882
20
1.2195920866141732
11
0.6093736220472441
21
1.2196576771653542
0
LINE
8
BLACK
6
CONTINUOUS
10
0.6093736220472441
20
1.2196576771653542
11
0.6089900787401574
21
1.21972531496063
0
LINE
8
BLACK
6
CONTINUOUS
10
0.6089900787401574
20
1.21972531496063
11
0.6084023622047244
21
1.2202184251968504
0
LINE
8
BLACK
6
CONTINUOUS
10
0.6084023622047244
20
1.2202184251968504
11
0.6077380708661417
21
1.2206020078740156
0
LINE
8
BLACK
6
CONTINUOUS
10
0.6077380708661417
20
1.2206020078740156
11
0.6076469291338582
21
1.2208523228346457
0
LINE
8
BLACK
6
CONTINUOUS
10
0.6076469291338582
20
1.2208523228346457
11
0.6074428346456693
21
1.2210236220472441
0
LINE
8
BLACK
6
CONTINUOUS
10
0.6074428346456693
20
1.2210236220472441
11
0.6073095669291338
21
1.2217791732283465
0
LINE
8
BLACK
6
CONTINUOUS
10
0.6073095669291338
20
1.2217791732283465
11
0.6070472440944882
21
1.2224999999999999
0
LINE
8
BLACK
6
CONTINUOUS
10
0.6070472440944882
20
1.2224999999999999
11
0.6070472440944882
21
1.2825
0
LINE
8
BLACK
6
CONTINUOUS
10
0.6070472440944882
20
1.2825
11
0.6071148425196851
21
1.2828835039370079
0
LINE
8
BLACK
6
CONTINUOUS
10
0.6071148425196851
20
1.2828835039370079
11
0.6070920866141732
21
1.2830127559055118
0
LINE
8
BLACK
6
CONTINUOUS
10
0.6070920866141732
20
1.2830127559055118
11
0.6071576771653543
21
1.2831263385826772
0
LINE
8
BLACK
6
CONTINUOUS
10
0.6071576771653543
20
1.2831263385826772
11
0.6072253149606299
21
1.2835099212598424
0
LINE
8
BLACK
6
CONTINUOUS
10
0.6072253149606299
20
1.2835099212598424
11
0.6077184251968504
21
1.2840975984251968
0
LINE
8
BLACK
6
CONTINUOUS
10
0.6077184251968504
20
1.2840975984251968
11
0.6081020078740157
21
1.2847619291338583
0
LINE
8
BLACK
6
CONTINUOUS
10
0.6081020078740157
20
1.2847619291338583
11
0.6083523228346457
21
1.2848530314960629
0
LINE
8
BLACK
6
CONTINUOUS
10
0.6083523228346457
20
1.2848530314960629
11
0.6085236220472441
21
1.2850571653543308
0
LINE
8
BLACK
6
CONTINUOUS
10
0.6085236220472441
20
1.2850571653543308
11
0.6092791732283465
21
1.2851903937007874
0
LINE
8
BLACK
6
CONTINUOUS
10
0.6092791732283465
20
1.2851903937007874
11
0.61
21
1.2854527559055118
0
LINE
8
BLACK
6
CONTINUOUS
10
0.61
20
1.2854527559055118
11
0.65
21
1.2854527559055118
0
LINE
8
BLACK
6
CONTINUOUS
10
0.65
20
1.2854527559055118
11
0.6510099212598425
21
1.2852746850393701
0
LINE
8
BLACK
6
CONTINUOUS
10
0.3782369291338583
20
1.249830275590551
11
0.3788666535433071
21
1.24831
0
LINE
8
BLACK
6
CONTINUOUS
10
0.3788666535433071
20
1.24831
11
0.3782369291338583
21
1.2467897244094488
0
LINE
8
BLACK
6
CONTINUOUS
10
0.3782369291338583
20
1.2467897244094488
11
0.3767166535433071
21
1.2461599999999999
0
LINE
8
BLACK
6
CONTINUOUS
10
0.3767166535433071
20
1.2461599999999999
11
0.3692594881889764
21
1.2461599999999999
0
LINE
8
BLACK
6
CONTINUOUS
10
0.3692594881889764
20
1.2461599999999999
11
0.3727061023622047
21
1.2422210236220472
0
LINE
8
BLACK
6
CONTINUOUS
10
0.3727061023622047
20
1.2422210236220472
11
0.3729484645669291
21
1.2415043307086613
0
LINE
8
BLACK
6
CONTINUOUS
10
0.3729484645669291
20
1.2415043307086613
11
0.3732380708661417
21
1.2408052362204725
0
LINE
8
BLACK
6
CONTINUOUS
10
0.3732380708661417
20
1.2408052362204725
11
0.373208779527559
21
1.2407346062992126
0
LINE
8
BLACK
6
CONTINUOUS
10
0.373208779527559
20
1.2407346062992126
11
0.3732333070866142
21
1.2406622047244094
0
LINE
8
BLACK
6
CONTINUOUS
10
0.3732333070866142
20
1.2406622047244094
11
0.3728978346456693
21
1.2399838976377953
0
LINE
8
BLACK
6
CONTINUOUS
10
0.3728978346456693
20
1.2399838976377953
11
0.3726083464566929
21
1.2392849606299212
0
LINE
8
BLACK
6
CONTINUOUS
10
0.3726083464566929
20
1.2392849606299212
11
0.372537716535433
21
1.2392557086614173
0
LINE
8
BLACK
6
CONTINUOUS
10
0.372537716535433
20
1.2392557086614173
11
0.3725038582677165
21
1.2391872047244095
0
LINE
8
BLACK
6
CONTINUOUS
10
0.3725038582677165
20
1.2391872047244095
11
0.3717871653543307
21
1.2389448031496062
0
LINE
8
BLACK
6
CONTINUOUS
10
0.3717871653543307
20
1.2389448031496062
11
0.3710880708661417
21
1.2386552362204724
0
LINE
8
BLACK
6
CONTINUOUS
10
0.3710880708661417
20
1.2386552362204724
11
0.3687813779527559
21
1.2386552362204724
0
LINE
8
BLACK
6
CONTINUOUS
10
0.3687813779527559
20
1.2386552362204724
11
0.3676711417322834
21
1.2381001181102362
0
LINE
8
BLACK
6
CONTINUOUS
10
0.3676711417322834
20
1.2381001181102362
11
0.3672264566929134
21
1.237655433070866
0
LINE
8
BLACK
6
CONTINUOUS
10
0.3672264566929134
20
1.237655433070866
11
0.3666714173228346
21
1.2365452755905511
0
LINE
8
BLACK
6
CONTINUOUS
10
0.3666714173228346
20
1.2365452755905511
11
0.3666714173228346
21
1.2328698818897637
0
LINE
8
BLACK
6
CONTINUOUS
10
0.3666714173228346
20
1.2328698818897637
11
0.3672264566929134
21
1.2317597244094487
0
LINE
8
BLACK
6
CONTINUOUS
10
0.3672264566929134
20
1.2317597244094487
11
0.3676711417322834
21
1.2313150787401574
0
LINE
8
BLACK
6
CONTINUOUS
10
0.3676711417322834
20
1.2313150787401574
11
0.3687813779527559
21
1.2307600000000001
0
LINE
8
BLACK
6
CONTINUOUS
10
0.3687813779527559
20
1.2307600000000001
11
0.373394842519685
21
1.2307600000000001
0
LINE
8
BLACK
6
CONTINUOUS
10
0.373394842519685
20
1.2307600000000001
11
0.3745049606299212
21
1.2313150787401574
0
LINE
8
BLACK
6
CONTINUOUS
10
0.3745049606299212
20
1.2313150787401574
11
0.3751964173228347
21
1.2320064960629922
0
LINE
8
BLACK
6
CONTINUOUS
10
0.3751964173228347
20
1.2320064960629922
11
0.3767166929133858
21
1.2326361811023623
0
LINE
8
BLACK
6
CONTINUOUS
10
0.3767166929133858
20
1.2326361811023623
11
0.378236968503937
21
1.2320064173228347
0
LINE
8
BLACK
6
CONTINUOUS
10
0.378236968503937
20
1.2320064173228347
11
0.3788666535433071
21
1.2304861417322834
0
LINE
8
BLACK
6
CONTINUOUS
10
0.3788666535433071
20
1.2304861417322834
11
0.3782368897637795
21
1.2289658661417322
0
LINE
8
BLACK
6
CONTINUOUS
10
0.3782368897637795
20
1.2289658661417322
11
0.377298779527559
21
1.2280277952755905
0
LINE
8
BLACK
6
CONTINUOUS
10
0.377298779527559
20
1.2280277952755905
11
0.3769718897637795
21
1.2278924015748032
0
LINE
8
BLACK
6
CONTINUOUS
10
0.3769718897637795
20
1.2278924015748032
11
0.3767400787401575
21
1.2276250787401575
0
LINE
8
BLACK
6
CONTINUOUS
10
0.3767400787401575
20
1.2276250787401575
11
0.3748638976377953
21
1.2266870078740157
0
LINE
8
BLACK
6
CONTINUOUS
10
0.3748638976377953
20
1.2266870078740157
11
0.3743647244094488
21
1.2266514960629922
0
LINE
8
BLACK
6
CONTINUOUS
10
0.3743647244094488
20
1.2266514960629922
11
0.3739023622047244
21
1.2264599999999999
0
LINE
8
BLACK
6
CONTINUOUS
10
0.3739023622047244
20
1.2264599999999999
11
0.368273779527559
21
1.2264599999999999
0
LINE
8
BLACK
6
CONTINUOUS
10
0.368273779527559
20
1.2264599999999999
11
0.3678113779527559
21
1.2266514960629922
0
LINE
8
BLACK
6
CONTINUOUS
10
0.3678113779527559
20
1.2266514960629922
11
0.3673122440944882
21
1.2266870078740157
0
LINE
8
BLACK
6
CONTINUOUS
10
0.3673122440944882
20
1.2266870078740157
11
0.365436062992126
21
1.2276251181102362
0
LINE
8
BLACK
6
CONTINUOUS
10
0.365436062992126
20
1.2276251181102362
11
0.3652042125984252
21
1.2278924015748032
0
LINE
8
BLACK
6
CONTINUOUS
10
0.3652042125984252
20
1.2278924015748032
11
0.3648773622047244
21
1.2280277952755905
0
LINE
8
BLACK
6
CONTINUOUS
10
0.3648773622047244
20
1.2280277952755905
11
0.3639392519685039
21
1.2289658661417322
0
LINE
8
BLACK
6
CONTINUOUS
10
0.3639392519685039
20
1.2289658661417322
11
0.3638038188976378
21
1.2292927952755905
0
LINE
8
BLACK
6
CONTINUOUS
10
0.3638038188976378
20
1.2292927952755905
11
0.3635364566929134
21
1.22952468503937
0
LINE
8
BLACK
6
CONTINUOUS
10
0.3635364566929134
20
1.22952468503937
11
0.3625983858267716
21
1.2314008661417322
0
LINE
8
BLACK
6
CONTINUOUS
10
0.3625983858267716
20
1.2314008661417322
11
0.3625629133858267
21
1.2319
0
LINE
8
BLACK
6
CONTINUOUS
10
0.3625629133858267
20
1.2319
11
0.3623714173228346
21
1.2323623622047244
0
LINE
8
BLACK
6
CONTINUOUS
10
0.3623714173228346
20
1.2323623622047244
11
0.3623714173228346
21
1.2370528346456693
0
LINE
8
BLACK
6
CONTINUOUS
10
0.3623714173228346
20
1.2370528346456693
11
0.3625629133858267
21
1.2375151574803149
0
LINE
8
BLACK
6
CONTINUOUS
10
0.3625629133858267
20
1.2375151574803149
11
0.3625983858267716
21
1.2380143307086613
0
LINE
8
BLACK
6
CONTINUOUS
10
0.3625983858267716
20
1.2380143307086613
11
0.3635364566929134
21
1.2398905511811023
0
LINE
8
BLACK
6
CONTINUOUS
10
0.3635364566929134
20
1.2398905511811023
11
0.3638038188976378
21
1.2401224409448819
0
LINE
8
BLACK
6
CONTINUOUS
10
0.3638038188976378
20
1.2401224409448819
11
0.3639392519685039
21
1.2404493700787402
0
LINE
8
BLACK
6
CONTINUOUS
10
0.3639392519685039
20
1.2404493700787402
11
0.3648773622047244
21
1.241387440944882
0
LINE
8
BLACK
6
CONTINUOUS
10
0.3648773622047244
20
1.241387440944882
11
0.3652042125984252
21
1.2415227952755905
0
LINE
8
BLACK
6
CONTINUOUS
10
0.3652042125984252
20
1.2415227952755905
11
0.365436062992126
21
1.2417901181102362
0
LINE
8
BLACK
6
CONTINUOUS
10
0.365436062992126
20
1.2417901181102362
11
0.3667810236220472
21
1.2424625984251969
0
LINE
8
BLACK
6
CONTINUOUS
10
0.3667810236220472
20
1.2424625984251969
11
0.3629033858267716
21
1.2468942125984253
0
LINE
8
BLACK
6
CONTINUOUS
10
0.3629033858267716
20
1.2468942125984253
11
0.3626609842519685
21
1.2476108661417322
0
LINE
8
BLACK
6
CONTINUOUS
10
0.3626609842519685
20
1.2476108661417322
11
0.3623714173228346
21
1.24831
0
LINE
8
BLACK
6
CONTINUOUS
10
0.3623714173228346
20
1.24831
11
0.3624006692913386
21
1.2483805905511811
0
LINE
8
BLACK
6
CONTINUOUS
10
0.3624006692913386
20
1.2483805905511811
11
0.3623761811023622
21
1.2484530314960629
0
LINE
8
BLACK
6
CONTINUOUS
10
0.3623761811023622
20
1.2484530314960629
11
0.3627116141732283
21
1.2491312992125985
0
LINE
8
BLACK
6
CONTINUOUS
10
0.3627116141732283
20
1.2491312992125985
11
0.3630011417322835
21
1.249830275590551
0
LINE
8
BLACK
6
CONTINUOUS
10
0.3630011417322835
20
1.249830275590551
11
0.3630717322834646
21
1.2498594881889764
0
LINE
8
BLACK
6
CONTINUOUS
10
0.3630717322834646
20
1.2498594881889764
11
0.3631056299212598
21
1.249928031496063
0
LINE
8
BLACK
6
CONTINUOUS
10
0.3631056299212598
20
1.249928031496063
11
0.3638222834645669
21
1.2501703937007873
0
LINE
8
BLACK
6
CONTINUOUS
10
0.3638222834645669
20
1.2501703937007873
11
0.3645214173228347
21
1.2504599999999999
0
LINE
8
BLACK
6
CONTINUOUS
10
0.3645214173228347
20
1.2504599999999999
11
0.3767166535433071
21
1.2504599999999999
0
LINE
8
BLACK
6
CONTINUOUS
10
0.3767166535433071
20
1.2504599999999999
11
0.3782369291338583
21
1.249830275590551
0
LINE
8
BLACK
6
CONTINUOUS
10
0.3960607086614173
20
1.249830275590551
11
0.3966904330708662
21
1.24831
0
LINE
8
BLACK
6
CONTINUOUS
10
0.3966904330708662
20
1.24831
11
0.3966904330708662
21
1.22861
0
LINE
8
BLACK
6
CONTINUOUS
10
0.3966904330708662
20
1.22861
11
0.3960607086614173
21
1.2270897244094487
0
LINE
8
BLACK
6
CONTINUOUS
10
0.3960607086614173
20
1.2270897244094487
11
0.3945404330708661
21
1.2264599999999999
0
LINE
8
BLACK
6
CONTINUOUS
10
0.3945404330708661
20
1.2264599999999999
11
0.3930201574803149
21
1.2270897244094487
0
LINE
8
BLACK
6
CONTINUOUS
10
0.3930201574803149
20
1.2270897244094487
11
0.3923904330708661
21
1.22861
0
LINE
8
BLACK
6
CONTINUOUS
10
0.3923904330708661
20
1.22861
11
0.3923904330708661
21
1.2358409448818897
0
LINE
8
BLACK
6
CONTINUOUS
10
0.3923904330708661
20
1.2358409448818897
11
0.3909693700787402
21
1.2358409448818897
0
LINE
8
BLACK
6
CONTINUOUS
10
0.3909693700787402
20
1.2358409448818897
11
0.3850446456692913
21
1.2273770472440944
0
LINE
8
BLACK
6
CONTINUOUS
10
0.3850446456692913
20
1.2273770472440944
11
0.3836569291338582
21
1.2264927165354331
0
LINE
8
BLACK
6
CONTINUOUS
10
0.3836569291338582
20
1.2264927165354331
11
0.3820503543307087
21
1.2268486614173228
0
LINE
8
BLACK
6
CONTINUOUS
10
0.3820503543307087
20
1.2268486614173228
11
0.3811660236220472
21
1.2282363779527559
0
LINE
8
BLACK
6
CONTINUOUS
10
0.3811660236220472
20
1.2282363779527559
11
0.381521968503937
21
1.2298429527559054
0
LINE
8
BLACK
6
CONTINUOUS
10
0.381521968503937
20
1.2298429527559054
11
0.3859299212598425
21
1.2361400393700788
0
LINE
8
BLACK
6
CONTINUOUS
10
0.3859299212598425
20
1.2361400393700788
11
0.3841979527559055
21
1.237006062992126
0
LINE
8
BLACK
6
CONTINUOUS
10
0.3841979527559055
20
1.237006062992126
11
0.3839661023622047
21
1.237273346456693
0
LINE
8
BLACK
6
CONTINUOUS
10
0.3839661023622047
20
1.237273346456693
11
0.3836392125984252
21
1.237408779527559
0
LINE
8
BLACK
6
CONTINUOUS
10
0.3836392125984252
20
1.237408779527559
11
0.3827011417322835
21
1.2383468503937007
0
LINE
8
BLACK
6
CONTINUOUS
10
0.3827011417322835
20
1.2383468503937007
11
0.3825657086614173
21
1.2386737401574803
0
LINE
8
BLACK
6
CONTINUOUS
10
0.3825657086614173
20
1.2386737401574803
11
0.3822983858267717
21
1.2389056299212597
0
LINE
8
BLACK
6
CONTINUOUS
10
0.3822983858267717
20
1.2389056299212597
11
0.3813602755905512
21
1.2407818503937007
0
LINE
8
BLACK
6
CONTINUOUS
10
0.3813602755905512
20
1.2407818503937007
11
0.3813248031496063
21
1.2412809842519685
0
LINE
8
BLACK
6
CONTINUOUS
10
0.3813248031496063
20
1.2412809842519685
11
0.3811333070866141
21
1.2417433464566929
0
LINE
8
BLACK
6
CONTINUOUS
10
0.3811333070866141
20
1.2417433464566929
11
0.3811333070866141
21
1.2445575984251969
0
LINE
8
BLACK
6
CONTINUOUS
10
0.3811333070866141
20
1.2445575984251969
11
0.3813248031496063
21
1.2450199212598425
0
LINE
8
BLACK
6
CONTINUOUS
10
0.3813248031496063
20
1.2450199212598425
11
0.3813602755905512
21
1.2455190944881889
0
LINE
8
BLACK
6
CONTINUOUS
10
0.3813602755905512
20
1.2455190944881889
11
0.3822983858267717
21
1.2473953149606298
0
LINE
8
BLACK
6
CONTINUOUS
10
0.3822983858267717
20
1.2473953149606298
11
0.3825657086614173
21
1.2476271653543307
0
LINE
8
BLACK
6
CONTINUOUS
10
0.3825657086614173
20
1.2476271653543307
11
0.3827011417322835
21
1.2479540944881891
0
LINE
8
BLACK
6
CONTINUOUS
10
0.3827011417322835
20
1.2479540944881891
11
0.3836392125984252
21
1.2488921653543308
0
LINE
8
BLACK
6
CONTINUOUS
10
0.3836392125984252
20
1.2488921653543308
11
0.3839661023622047
21
1.2490275590551181
0
LINE
8
BLACK
6
CONTINUOUS
10
0.3839661023622047
20
1.2490275590551181
11
0.3841979527559055
21
1.2492948818897638
0
LINE
8
BLACK
6
CONTINUOUS
10
0.3841979527559055
20
1.2492948818897638
11
0.3860741338582677
21
1.2502329921259843
0
LINE
8
BLACK
6
CONTINUOUS
10
0.3860741338582677
20
1.2502329921259843
11
0.3865732677165354
21
1.2502684645669291
0
LINE
8
BLACK
6
CONTINUOUS
10
0.3865732677165354
20
1.2502684645669291
11
0.3870356692913386
21
1.2504599999999999
0
LINE
8
BLACK
6
CONTINUOUS
10
0.3870356692913386
20
1.2504599999999999
11
0.3945404330708661
21
1.2504599999999999
0
LINE
8
BLACK
6
CONTINUOUS
10
0.3945404330708661
20
1.2504599999999999
11
0.3960607086614173
21
1.249830275590551
0
LINE
8
BLACK
6
CONTINUOUS
10
0.386433031496063
20
1.2456048818897638
11
0.3859884251968504
21
1.2451602755905511
0
LINE
8
BLACK
6
CONTINUOUS
10
0.3859884251968504
20
1.2451602755905511
11
0.3854333070866142
21
1.2440500393700786
0
LINE
8
BLACK
6
CONTINUOUS
10
0.3854333070866142
20
1.2440500393700786
11
0.3854333070866142
21
1.2422509055118109
0
LINE
8
BLACK
6
CONTINUOUS
10
0.3854333070866142
20
1.2422509055118109
11
0.3859884251968504
21
1.2411406692913385
0
LINE
8
BLACK
6
CONTINUOUS
10
0.3859884251968504
20
1.2411406692913385
11
0.386433031496063
21
1.2406960236220472
0
LINE
8
BLACK
6
CONTINUOUS
10
0.386433031496063
20
1.2406960236220472
11
0.3875432677165354
21
1.2401409448818896
0
LINE
8
BLACK
6
CONTINUOUS
10
0.3875432677165354
20
1.2401409448818896
11
0.3923904330708661
21
1.2401409448818896
0
LINE
8
BLACK
6
CONTINUOUS
10
0.3923904330708661
20
1.2401409448818896
11
0.3923904330708661
21
1.2461599999999999
0
LINE
8
BLACK
6
CONTINUOUS
10
0.3923904330708661
20
1.2461599999999999
11
0.3875432677165354
21
1.2461599999999999
0
LINE
8
BLACK
6
CONTINUOUS
10
0.3875432677165354
20
1.2461599999999999
11
0.386433031496063
21
1.2456048818897638
0
LINE
8
BLACK
6
CONTINUOUS
10
0.5103544881889763
20
1.2503752755905511
11
0.5105716141732284
21
1.2504182283464567
0
LINE
8
BLACK
6
CONTINUOUS
10
0.5105716141732284
20
1.2504182283464567
11
0.5110917322834646
21
1.2500698818897638
0
LINE
8
BLACK
6
CONTINUOUS
10
0.5110917322834646
20
1.2500698818897638
11
0.5116702362204725
21
1.249830275590551
0
LINE
8
BLACK
6
CONTINUOUS
10
0.5116702362204725
20
1.249830275590551
11
0.5117549212598425
21
1.2496257480314961
0
LINE
8
BLACK
6
CONTINUOUS
10
0.5117549212598425
20
1.2496257480314961
11
0.5119388582677166
21
1.2495025984251968
0
LINE
8
BLACK
6
CONTINUOUS
10
0.5119388582677166
20
1.2495025984251968
11
0.5136970078740157
21
1.2468653937007874
0
LINE
8
BLACK
6
CONTINUOUS
10
0.5136970078740157
20
1.2468653937007874
11
0.515175905511811
21
1.2453864960629921
0
LINE
8
BLACK
6
CONTINUOUS
10
0.515175905511811
20
1.2453864960629921
11
0.5167400787401575
21
1.2446044488188976
0
LINE
8
BLACK
6
CONTINUOUS
10
0.5167400787401575
20
1.2446044488188976
11
0.517818188976378
21
1.2433612992125984
0
LINE
8
BLACK
6
CONTINUOUS
10
0.517818188976378
20
1.2433612992125984
11
0.5177015354330708
21
1.2417198818897637
0
LINE
8
BLACK
6
CONTINUOUS
10
0.5177015354330708
20
1.2417198818897637
11
0.5164584251968504
21
1.2406417322834646
0
LINE
8
BLACK
6
CONTINUOUS
10
0.5164584251968504
20
1.2406417322834646
11
0.5148170078740157
21
1.2407584251968504
0
LINE
8
BLACK
6
CONTINUOUS
10
0.5148170078740157
20
1.2407584251968504
11
0.5129408267716535
21
1.2416965354330709
0
LINE
8
BLACK
6
CONTINUOUS
10
0.5129408267716535
20
1.2416965354330709
11
0.5127089763779528
21
1.2419638188976379
0
LINE
8
BLACK
6
CONTINUOUS
10
0.5127089763779528
20
1.2419638188976379
11
0.5123820866141732
21
1.2420992519685039
0
LINE
8
BLACK
6
CONTINUOUS
10
0.5123820866141732
20
1.2420992519685039
11
0.5122999606299212
21
1.242181377952756
0
LINE
8
BLACK
6
CONTINUOUS
10
0.5122999606299212
20
1.242181377952756
11
0.5122999606299212
21
1.2307600000000001
0
LINE
8
BLACK
6
CONTINUOUS
10
0.5122999606299212
20
1.2307600000000001
11
0.5157785433070866
21
1.2307600000000001
0
LINE
8
BLACK
6
CONTINUOUS
10
0.5157785433070866
20
1.2307600000000001
11
0.5172988188976377
21
1.2301302755905512
0
LINE
8
BLACK
6
CONTINUOUS
10
0.5172988188976377
20
1.2301302755905512
11
0.5179285433070866
21
1.22861
0
LINE
8
BLACK
6
CONTINUOUS
10
0.5179285433070866
20
1.22861
11
0.5172988188976377
21
1.2270897244094487
0
LINE
8
BLACK
6
CONTINUOUS
10
0.5172988188976377
20
1.2270897244094487
11
0.5157785433070866
21
1.2264599999999999
0
LINE
8
BLACK
6
CONTINUOUS
10
0.5157785433070866
20
1.2264599999999999
11
0.5101499606299212
21
1.2264599999999999
0
LINE
8
BLACK
6
CONTINUOUS
10
0.5101499606299212
20
1.2264599999999999
11
0.5045214173228346
21
1.2264599999999999
0
LINE
8
BLACK
6
CONTINUOUS
10
0.5045214173228346
20
1.2264599999999999
11
0.5030011417322835
21
1.2270897244094487
0
LINE
8
BLACK
6
CONTINUOUS
10
0.5030011417322835
20
1.2270897244094487
11
0.5023714173228346
21
1.22861
0
LINE
8
BLACK
6
CONTINUOUS
10
0.5023714173228346
20
1.22861
11
0.5030011417322835
21
1.2301302755905512
0
LINE
8
BLACK
6
CONTINUOUS
10
0.5030011417322835
20
1.2301302755905512
11
0.5045214173228346
21
1.2307600000000001
0
LINE
8
BLACK
6
CONTINUOUS
10
0.5045214173228346
20
1.2307600000000001
11
0.5079999606299213
21
1.2307600000000001
0
LINE
8
BLACK
6
CONTINUOUS
10
0.5079999606299213
20
1.2307600000000001
11
0.5079999606299213
21
1.24831
0
LINE
8
BLACK
6
CONTINUOUS
10
0.5079999606299213
20
1.24831
11
0.5080846456692913
21
1.248514527559055
0
LINE
8
BLACK
6
CONTINUOUS
10
0.5080846456692913
20
1.248514527559055
11
0.5080417322834646
21
1.2487316535433071
0
LINE
8
BLACK
6
CONTINUOUS
10
0.5080417322834646
20
1.2487316535433071
11
0.5083900393700788
21
1.2492517716535432
0
LINE
8
BLACK
6
CONTINUOUS
10
0.5083900393700788
20
1.2492517716535432
11
0.5086296850393701
21
1.249830275590551
0
LINE
8
BLACK
6
CONTINUOUS
10
0.5086296850393701
20
1.249830275590551
11
0.5088341732283465
21
1.2499149606299211
0
LINE
8
BLACK
6
CONTINUOUS
10
0.5088341732283465
20
1.2499149606299211
11
0.5089573622047244
21
1.2500988976377951
0
LINE
8
BLACK
6
CONTINUOUS
10
0.5089573622047244
20
1.2500988976377951
11
0.5095714566929134
21
1.2502203543307087
0
LINE
8
BLACK
6
CONTINUOUS
10
0.5095714566929134
20
1.2502203543307087
11
0.5101499606299212
21
1.2504599999999999
0
LINE
8
BLACK
6
CONTINUOUS
10
0.5101499606299212
20
1.2504599999999999
11
0.5103544881889763
21
1.2503752755905511
0
LINE
8
BLACK
6
CONTINUOUS
10
0.5360607086614173
20
1.249830275590551
11
0.5366904330708662
21
1.24831
0
LINE
8
BLACK
6
CONTINUOUS
10
0.5366904330708662
20
1.24831
11
0.5366904330708662
21
1.22861
0
LINE
8
BLACK
6
CONTINUOUS
10
0.5366904330708662
20
1.22861
11
0.5360607086614173
21
1.2270897244094487
0
LINE
8
BLACK
6
CONTINUOUS
10
0.5360607086614173
20
1.2270897244094487
11
0.5345404330708662
21
1.2264599999999999
0
LINE
8
BLACK
6
CONTINUOUS
10
0.5345404330708662
20
1.2264599999999999
11
0.5330201574803149
21
1.2270897244094487
0
LINE
8
BLACK
6
CONTINUOUS
10
0.5330201574803149
20
1.2270897244094487
11
0.5323904330708661
21
1.22861
0
LINE
8
BLACK
6
CONTINUOUS
10
0.5323904330708661
20
1.22861
11
0.5323904330708661
21
1.2358409448818897
0
LINE
8
BLACK
6
CONTINUOUS
10
0.5323904330708661
20
1.2358409448818897
11
0.5309693700787401
21
1.2358409448818897
0
LINE
8
BLACK
6
CONTINUOUS
10
0.5309693700787401
20
1.2358409448818897
11
0.5250446456692913
21
1.2273770472440944
0
LINE
8
BLACK
6
CONTINUOUS
10
0.5250446456692913
20
1.2273770472440944
11
0.5236569291338583
21
1.2264927165354331
0
LINE
8
BLACK
6
CONTINUOUS
10
0.5236569291338583
20
1.2264927165354331
11
0.5220503543307087
21
1.2268486614173228
0
LINE
8
BLACK
6
CONTINUOUS
10
0.5220503543307087
20
1.2268486614173228
11
0.5211660236220472
21
1.2282363779527559
0
LINE
8
BLACK
6
CONTINUOUS
10
0.5211660236220472
20
1.2282363779527559
11
0.521521968503937
21
1.2298429527559054
0
LINE
8
BLACK
6
CONTINUOUS
10
0.521521968503937
20
1.2298429527559054
11
0.5259299212598425
21
1.2361400393700788
0
LINE
8
BLACK
6
CONTINUOUS
10
0.5259299212598425
20
1.2361400393700788
11
0.5241979527559055
21
1.237006062992126
0
LINE
8
BLACK
6
CONTINUOUS
10
0.5241979527559055
20
1.237006062992126
11
0.5239661023622048
21
1.237273346456693
0
LINE
8
BLACK
6
CONTINUOUS
10
0.5239661023622048
20
1.237273346456693
11
0.5236392125984252
21
1.237408779527559
0
LINE
8
BLACK
6
CONTINUOUS
10
0.5236392125984252
20
1.237408779527559
11
0.5227011417322834
21
1.2383468503937007
0
LINE
8
BLACK
6
CONTINUOUS
10
0.5227011417322834
20
1.2383468503937007
11
0.5225657086614173
21
1.2386737401574803
0
LINE
8
BLACK
6
CONTINUOUS
10
0.5225657086614173
20
1.2386737401574803
11
0.5222983858267717
21
1.2389056299212597
0
LINE
8
BLACK
6
CONTINUOUS
10
0.5222983858267717
20
1.2389056299212597
11
0.5213602755905512
21
1.2407818503937007
0
LINE
8
BLACK
6
CONTINUOUS
10
0.5213602755905512
20
1.2407818503937007
11
0.5213248031496063
21
1.2412809842519685
0
LINE
8
BLACK
6
CONTINUOUS
10
0.5213248031496063
20
1.2412809842519685
11
0.5211333070866142
21
1.2417433464566929
0
LINE
8
BLACK
6
CONTINUOUS
10
0.5211333070866142
20
1.2417433464566929
11
0.5211333070866142
21
1.2445575984251969
0
LINE
8
BLACK
6
CONTINUOUS
10
0.5211333070866142
20
1.2445575984251969
11
0.5213248031496063
21
1.2450199212598425
0
LINE
8
BLACK
6
CONTINUOUS
10
0.5213248031496063
20
1.2450199212598425
11
0.5213602755905512
21
1.2455190944881889
0
LINE
8
BLACK
6
CONTINUOUS
10
0.5213602755905512
20
1.2455190944881889
11
0.5222983858267717
21
1.2473953149606298
0
LINE
8
BLACK
6
CONTINUOUS
10
0.5222983858267717
20
1.2473953149606298
11
0.5225657086614173
21
1.2476271653543307
0
LINE
8
BLACK
6
CONTINUOUS
10
0.5225657086614173
20
1.2476271653543307
11
0.5227011417322834
21
1.2479540944881891
0
LINE
8
BLACK
6
CONTINUOUS
10
0.5227011417322834
20
1.2479540944881891
11
0.5236392125984252
21
1.2488921653543308
0
LINE
8
BLACK
6
CONTINUOUS
10
0.5236392125984252
20
1.2488921653543308
11
0.5239661023622048
21
1.2490275590551181
0
LINE
8
BLACK
6
CONTINUOUS
10
0.5239661023622048
20
1.2490275590551181
11
0.5241979527559055
21
1.2492948818897638
0
LINE
8
BLACK
6
CONTINUOUS
10
0.5241979527559055
20
1.2492948818897638
11
0.5260741338582677
21
1.2502329921259843
0
LINE
8
BLACK
6
CONTINUOUS
10
0.5260741338582677
20
1.2502329921259843
11
0.5265732677165355
21
1.2502684645669291
0
LINE
8
BLACK
6
CONTINUOUS
10
0.5265732677165355
20
1.2502684645669291
11
0.5270356692913386
21
1.2504599999999999
0
LINE
8
BLACK
6
CONTINUOUS
10
0.5270356692913386
20
1.2504599999999999
11
0.5345404330708662
21
1.2504599999999999
0
LINE
8
BLACK
6
CONTINUOUS
10
0.5345404330708662
20
1.2504599999999999
11
0.5360607086614173
21
1.249830275590551
0
LINE
8
BLACK
6
CONTINUOUS
10
0.526433031496063
20
1.2456048818897638
11
0.5259884251968504
21
1.2451602755905511
0
LINE
8
BLACK
6
CONTINUOUS
10
0.5259884251968504
20
1.2451602755905511
11
0.5254333070866142
21
1.2440500393700786
0
LINE
8
BLACK
6
CONTINUOUS
10
0.5254333070866142
20
1.2440500393700786
11
0.5254333070866142
21
1.2422509055118109
0
LINE
8
BLACK
6
CONTINUOUS
10
0.5254333070866142
20
1.2422509055118109
11
0.5259884251968504
21
1.2411406692913385
0
LINE
8
BLACK
6
CONTINUOUS
10
0.5259884251968504
20
1.2411406692913385
11
0.526433031496063
21
1.2406960236220472
0
LINE
8
BLACK
6
CONTINUOUS
10
0.526433031496063
20
1.2406960236220472
11
0.5275432677165354
21
1.2401409448818896
0
LINE
8
BLACK
6
CONTINUOUS
10
0.5275432677165354
20
1.2401409448818896
11
0.5323904330708661
21
1.2401409448818896
0
LINE
8
BLACK
6
CONTINUOUS
10
0.5323904330708661
20
1.2401409448818896
11
0.5323904330708661
21
1.2461599999999999
0
LINE
8
BLACK
6
CONTINUOUS
10
0.5323904330708661
20
1.2461599999999999
11
0.5275432677165354
21
1.2461599999999999
0
LINE
8
BLACK
6
CONTINUOUS
10
0.5275432677165354
20
1.2461599999999999
11
0.526433031496063
21
1.2456048818897638
0
LINE
8
BLACK
6
CONTINUOUS
10
0.674025
20
1.2376350393700788
11
0.6746547244094488
21
1.2361147637795276
0
LINE
8
BLACK
6
CONTINUOUS
10
0.6746547244094488
20
1.2361147637795276
11
0.674025
21
1.2345944881889763
0
LINE
8
BLACK
6
CONTINUOUS
10
0.674025
20
1.2345944881889763
11
0.6725047244094488
21
1.2339647637795275
0
LINE
8
BLACK
6
CONTINUOUS
10
0.6725047244094488
20
1.2339647637795275
11
0.6574952362204725
21
1.2339647637795275
0
LINE
8
BLACK
6
CONTINUOUS
10
0.6574952362204725
20
1.2339647637795275
11
0.6559749606299212
21
1.2345944881889763
0
LINE
8
BLACK
6
CONTINUOUS
10
0.6559749606299212
20
1.2345944881889763
11
0.6553452362204725
21
1.2361147637795276
0
LINE
8
BLACK
6
CONTINUOUS
10
0.6553452362204725
20
1.2361147637795276
11
0.6559749606299212
21
1.2376350393700788
0
LINE
8
BLACK
6
CONTINUOUS
10
0.6559749606299212
20
1.2376350393700788
11
0.6574952362204725
21
1.2382647637795274
0
LINE
8
BLACK
6
CONTINUOUS
10
0.6574952362204725
20
1.2382647637795274
11
0.6725047244094488
21
1.2382647637795274
0
LINE
8
BLACK
6
CONTINUOUS
10
0.6725047244094488
20
1.2382647637795274
11
0.674025
21
1.2376350393700788
0
LINE
8
BLACK
6
CONTINUOUS
10
1.0663835039370078
20
1.2615851181102362
11
1.0665127559055119
21
1.2616079133858267
0
LINE
8
BLACK
6
CONTINUOUS
10
1.0665127559055119
20
1.2616079133858267
11
1.0666263385826771
21
1.2615422834645669
0
LINE
8
BLACK
6
CONTINUOUS
10
1.0666263385826771
20
1.2615422834645669
11
1.0670099212598425
21
1.2614746850393701
0
LINE
8
BLACK
6
CONTINUOUS
10
1.0670099212598425
20
1.2614746850393701
11
1.0675975984251969
21
1.2609815354330709
0
LINE
8
BLACK
6
CONTINUOUS
10
1.0675975984251969
20
1.2609815354330709
11
1.0682619291338582
21
1.2605979921259842
0
LINE
8
BLACK
6
CONTINUOUS
10
1.0682619291338582
20
1.2605979921259842
11
1.068353031496063
21
1.2603476377952756
0
LINE
8
BLACK
6
CONTINUOUS
10
1.068353031496063
20
1.2603476377952756
11
1.0685571653543307
21
1.2601763779527559
0
LINE
8
BLACK
6
CONTINUOUS
10
1.0685571653543307
20
1.2601763779527559
11
1.0686903937007874
21
1.2594207874015748
0
LINE
8
BLACK
6
CONTINUOUS
10
1.0686903937007874
20
1.2594207874015748
11
1.0689527559055119
21
1.2586999999999999
0
LINE
8
BLACK
6
CONTINUOUS
10
1.0689527559055119
20
1.2586999999999999
11
1.0689527559055119
21
1.2508999999999999
0
LINE
8
BLACK
6
CONTINUOUS
10
1.0689527559055119
20
1.2508999999999999
11
1.06877468503937
21
1.2498900787401575
0
LINE
8
BLACK
6
CONTINUOUS
10
1.06877468503937
20
1.2498900787401575
11
1.0686475196850393
21
1.2497385433070867
0
LINE
8
BLACK
6
CONTINUOUS
10
1.0686475196850393
20
1.2497385433070867
11
1.0689527559055119
21
1.2488999999999999
0
LINE
8
BLACK
6
CONTINUOUS
10
1.0689527559055119
20
1.2488999999999999
11
1.0689527559055119
21
1.2449999999999999
0
LINE
8
BLACK
6
CONTINUOUS
10
1.0689527559055119
20
1.2449999999999999
11
1.06877468503937
21
1.2439900787401574
0
LINE
8
BLACK
6
CONTINUOUS
10
1.06877468503937
20
1.2439900787401574
11
1.0674763779527559
21
1.2424428346456693
0
LINE
8
BLACK
6
CONTINUOUS
10
1.0674763779527559
20
1.2424428346456693
11
1.0654872440944883
21
1.2420920866141731
0
LINE
8
BLACK
6
CONTINUOUS
10
1.0654872440944883
20
1.2420920866141731
11
1.0637380708661417
21
1.2431020078740158
0
LINE
8
BLACK
6
CONTINUOUS
10
1.0637380708661417
20
1.2431020078740158
11
1.0630472440944883
21
1.2449999999999999
0
LINE
8
BLACK
6
CONTINUOUS
10
1.0630472440944883
20
1.2449999999999999
11
1.0630472440944883
21
1.2488999999999999
0
LINE
8
BLACK
6
CONTINUOUS
10
1.0630472440944883
20
1.2488999999999999
11
1.0632253149606299
21
1.2499099212598426
0
LINE
8
BLACK
6
CONTINUOUS
10
1.0632253149606299
20
1.2499099212598426
11
1.0633524409448818
21
1.2500614173228346
0
LINE
8
BLACK
6
CONTINUOUS
10
1.0633524409448818
20
1.2500614173228346
11
1.0630472440944883
21
1.2508999999999999
0
LINE
8
BLACK
6
CONTINUOUS
10
1.0630472440944883
20
1.2508999999999999
11
1.0630472440944883
21
1.2557472440944881
0
LINE
8
BLACK
6
CONTINUOUS
10
1.0630472440944883
20
1.2557472440944881
11
0.9015527559055118
21
1.2557472440944881
0
LINE
8
BLACK
6
CONTINUOUS
10
0.9015527559055118
20
1.2557472440944881
11
0.9015527559055118
21
1.2508999999999999
0
LINE
8
BLACK
6
CONTINUOUS
10
0.9015527559055118
20
1.2508999999999999
11
0.90137468503937
21
1.2498900787401575
0
LINE
8
BLACK
6
CONTINUOUS
10
0.90137468503937
20
1.2498900787401575
11
0.9012475196850394
21
1.2497385433070867
0
LINE
8
BLACK
6
CONTINUOUS
10
0.9012475196850394
20
1.2497385433070867
11
0.9015527559055118
21
1.2488999999999999
0
LINE
8
BLACK
6
CONTINUOUS
10
0.9015527559055118
20
1.2488999999999999
11
0.9015527559055118
21
1.2449999999999999
0
LINE
8
BLACK
6
CONTINUOUS
10
0.9015527559055118
20
1.2449999999999999
11
0.90137468503937
21
1.2439900787401574
0
LINE
8
BLACK
6
CONTINUOUS
10
0.90137468503937
20
1.2439900787401574
11
0.9000763779527559
21
1.2424428346456693
0
LINE
8
BLACK
6
CONTINUOUS
10
0.9000763779527559
20
1.2424428346456693
11
0.8980872440944881
21
1.2420920866141731
0
LINE
8
BLACK
6
CONTINUOUS
10
0.8980872440944881
20
1.2420920866141731
11
0.8963380708661417
21
1.2431020078740158
0
LINE
8
BLACK
6
CONTINUOUS
10
0.8963380708661417
20
1.2431020078740158
11
0.8956472440944881
21
1.2449999999999999
0
LINE
8
BLACK
6
CONTINUOUS
10
0.8956472440944881
20
1.2449999999999999
11
0.8956472440944881
21
1.2488999999999999
0
LINE
8
BLACK
6
CONTINUOUS
10
0.8956472440944881
20
1.2488999999999999
11
0.8958253149606299
21
1.2499099212598426
0
LINE
8
BLACK
6
CONTINUOUS
10
0.8958253149606299
20
1.2499099212598426
11
0.8959524409448819
21
1.2500614173228346
0
LINE
8
BLACK
6
CONTINUOUS
10
0.8959524409448819
20
1.2500614173228346
11
0.8956472440944881
21
1.2508999999999999
0
LINE
8
BLACK
6
CONTINUOUS
10
0.8956472440944881
20
1.2508999999999999
11
0.8956472440944881
21
1.2557472440944881
0
LINE
8
BLACK
6
CONTINUOUS
10
0.8956472440944881
20
1.2557472440944881
11
0.8877527559055118
21
1.2557472440944881
0
LINE
8
BLACK
6
CONTINUOUS
10
0.8877527559055118
20
1.2557472440944881
11
0.8877527559055118
21
1.2508999999999999
0
LINE
8
BLACK
6
CONTINUOUS
10
0.8877527559055118
20
1.2508999999999999
11
0.8875746850393701
21
1.2498900787401575
0
LINE
8
BLACK
6
CONTINUOUS
10
0.8875746850393701
20
1.2498900787401575
11
0.8874475196850393
21
1.2497385433070867
0
LINE
8
BLACK
6
CONTINUOUS
10
0.8874475196850393
20
1.2497385433070867
11
0.8877527559055118
21
1.2488999999999999
0
LINE
8
BLACK
6
CONTINUOUS
10
0.8877527559055118
20
1.2488999999999999
11
0.8877527559055118
21
1.2449999999999999
0
LINE
8
BLACK
6
CONTINUOUS
10
0.8877527559055118
20
1.2449999999999999
11
0.8875746850393701
21
1.2439900787401574
0
LINE
8
BLACK
6
CONTINUOUS
10
0.8875746850393701
20
1.2439900787401574
11
0.8862763779527559
21
1.2424428346456693
0
LINE
8
BLACK
6
CONTINUOUS
10
0.8862763779527559
20
1.2424428346456693
11
0.8842872440944882
21
1.2420920866141731
0
LINE
8
BLACK
6
CONTINUOUS
10
0.8842872440944882
20
1.2420920866141731
11
0.8825380708661417
21
1.2431020078740158
0
LINE
8
BLACK
6
CONTINUOUS
10
0.8825380708661417
20
1.2431020078740158
11
0.8818472440944881
21
1.2449999999999999
0
LINE
8
BLACK
6
CONTINUOUS
10
0.8818472440944881
20
1.2449999999999999
11
0.8818472440944881
21
1.2488999999999999
0
LINE
8
BLACK
6
CONTINUOUS
10
0.8818472440944881
20
1.2488999999999999
11
0.8820253149606299
21
1.2499099212598426
0
LINE
8
BLACK
6
CONTINUOUS
10
0.8820253149606299
20
1.2499099212598426
11
0.8821524409448819
21
1.2500614173228346
0
LINE
8
BLACK
6
CONTINUOUS
10
0.8821524409448819
20
1.2500614173228346
11
0.8818472440944881
21
1.2508999999999999
0
LINE
8
BLACK
6
CONTINUOUS
10
0.8818472440944881
20
1.2508999999999999
11
0.8818472440944881
21
1.2586999999999999
0
LINE
8
BLACK
6
CONTINUOUS
10
0.8818472440944881
20
1.2586999999999999
11
0.881914842519685
21
1.2590835039370079
0
LINE
8
BLACK
6
CONTINUOUS
10
0.881914842519685
20
1.2590835039370079
11
0.8818920866141732
21
1.2592127559055117
0
LINE
8
BLACK
6
CONTINUOUS
10
0.8818920866141732
20
1.2592127559055117
11
0.8819576771653543
21
1.2593263385826772
0
LINE
8
BLACK
6
CONTINUOUS
10
0.8819576771653543
20
1.2593263385826772
11
0.8820253149606299
21
1.2597099212598424
0
LINE
8
BLACK
6
CONTINUOUS
10
0.8820253149606299
20
1.2597099212598424
11
0.8825184251968504
21
1.2602975984251967
0
LINE
8
BLACK
6
CONTINUOUS
10
0.8825184251968504
20
1.2602975984251967
11
0.8829020078740157
21
1.2609619291338583
0
LINE
8
BLACK
6
CONTINUOUS
10
0.8829020078740157
20
1.2609619291338583
11
0.8831523228346456
21
1.2610530314960631
0
LINE
8
BLACK
6
CONTINUOUS
10
0.8831523228346456
20
1.2610530314960631
11
0.8833236220472441
21
1.2612571653543307
0
LINE
8
BLACK
6
CONTINUOUS
10
0.8833236220472441
20
1.2612571653543307
11
0.8840791732283464
21
1.2613903937007873
0
LINE
8
BLACK
6
CONTINUOUS
10
0.8840791732283464
20
1.2613903937007873
11
0.8848
21
1.2616527559055117
0
LINE
8
BLACK
6
CONTINUOUS
10
0.8848
20
1.2616527559055117
11
1.0660000000000001
21
1.2616527559055117
0
LINE
8
BLACK
6
CONTINUOUS
10
1.0660000000000001
20
1.2616527559055117
11
1.0663835039370078
21
1.2615851181102362
0
LINE
8
BLACK
6
CONTINUOUS
10
0.3709218503937008
20
1.2777684645669292
11
0.3714210236220472
21
1.2777329921259841
0
LINE
8
BLACK
6
CONTINUOUS
10
0.3714210236220472
20
1.2777329921259841
11
0.3732972047244094
21
1.2767949212598424
0
LINE
8
BLACK
6
CONTINUOUS
10
0.3732972047244094
20
1.2767949212598424
11
0.3735290157480315
21
1.2765275590551182
0
LINE
8
BLACK
6
CONTINUOUS
10
0.3735290157480315
20
1.2765275590551182
11
0.373855905511811
21
1.2763922047244094
0
LINE
8
BLACK
6
CONTINUOUS
10
0.373855905511811
20
1.2763922047244094
11
0.3747940157480315
21
1.2754541338582677
0
LINE
8
BLACK
6
CONTINUOUS
10
0.3747940157480315
20
1.2754541338582677
11
0.3754237795275591
21
1.2739338582677164
0
LINE
8
BLACK
6
CONTINUOUS
10
0.3754237795275591
20
1.2739338582677164
11
0.374794094488189
21
1.2724135826771654
0
LINE
8
BLACK
6
CONTINUOUS
10
0.374794094488189
20
1.2724135826771654
11
0.3732738188976378
21
1.2717838188976378
0
LINE
8
BLACK
6
CONTINUOUS
10
0.3732738188976378
20
1.2717838188976378
11
0.3717535433070866
21
1.2724135039370079
0
LINE
8
BLACK
6
CONTINUOUS
10
0.3717535433070866
20
1.2724135039370079
11
0.3710620866141732
21
1.2731048818897637
0
LINE
8
BLACK
6
CONTINUOUS
10
0.3710620866141732
20
1.2731048818897637
11
0.369951968503937
21
1.27366
0
LINE
8
BLACK
6
CONTINUOUS
10
0.369951968503937
20
1.27366
11
0.3662766141732283
21
1.27366
0
LINE
8
BLACK
6
CONTINUOUS
10
0.3662766141732283
20
1.27366
11
0.3651663779527559
21
1.2731048818897637
0
LINE
8
BLACK
6
CONTINUOUS
10
0.3651663779527559
20
1.2731048818897637
11
0.3647216929133858
21
1.2726601968503937
0
LINE
8
BLACK
6
CONTINUOUS
10
0.3647216929133858
20
1.2726601968503937
11
0.3641666535433071
21
1.2715500393700787
0
LINE
8
BLACK
6
CONTINUOUS
10
0.3641666535433071
20
1.2715500393700787
11
0.3641666535433071
21
1.27053031496063
0
LINE
8
BLACK
6
CONTINUOUS
10
0.3641666535433071
20
1.27053031496063
11
0.3648338976377953
21
1.268528464566929
0
LINE
8
BLACK
6
CONTINUOUS
10
0.3648338976377953
20
1.268528464566929
11
0.3757321653543307
21
1.2576302755905511
0
LINE
8
BLACK
6
CONTINUOUS
10
0.3757321653543307
20
1.2576302755905511
11
0.3763618897637795
21
1.2561100000000001
0
LINE
8
BLACK
6
CONTINUOUS
10
0.3763618897637795
20
1.2561100000000001
11
0.3757321653543307
21
1.2545897244094488
0
LINE
8
BLACK
6
CONTINUOUS
10
0.3757321653543307
20
1.2545897244094488
11
0.3742118897637795
21
1.25396
0
LINE
8
BLACK
6
CONTINUOUS
10
0.3742118897637795
20
1.25396
11
0.3620166535433071
21
1.25396
0
LINE
8
BLACK
6
CONTINUOUS
10
0.3620166535433071
20
1.25396
11
0.3604963779527559
21
1.2545897244094488
0
LINE
8
BLACK
6
CONTINUOUS
10
0.3604963779527559
20
1.2545897244094488
11
0.3598666535433071
21
1.2561100000000001
0
LINE
8
BLACK
6
CONTINUOUS
10
0.3598666535433071
20
1.2561100000000001
11
0.3604963779527559
21
1.2576302755905511
0
LINE
8
BLACK
6
CONTINUOUS
10
0.3604963779527559
20
1.2576302755905511
11
0.3620166535433071
21
1.2582599999999999
0
LINE
8
BLACK
6
CONTINUOUS
10
0.3620166535433071
20
1.2582599999999999
11
0.3690213385826772
21
1.2582599999999999
0
LINE
8
BLACK
6
CONTINUOUS
10
0.3690213385826772
20
1.2582599999999999
11
0.3614344488188976
21
1.2658468503937008
0
LINE
8
BLACK
6
CONTINUOUS
10
0.3614344488188976
20
1.2658468503937008
11
0.3612429133858268
21
1.2663091732283465
0
LINE
8
BLACK
6
CONTINUOUS
10
0.3612429133858268
20
1.2663091732283465
11
0.3609150393700787
21
1.2666872834645668
0
LINE
8
BLACK
6
CONTINUOUS
10
0.3609150393700787
20
1.2666872834645668
11
0.359976968503937
21
1.2695015354330708
0
LINE
8
BLACK
6
CONTINUOUS
10
0.359976968503937
20
1.2695015354330708
11
0.3600020472440945
21
1.2698544881889764
0
LINE
8
BLACK
6
CONTINUOUS
10
0.3600020472440945
20
1.2698544881889764
11
0.3598666535433071
21
1.2701814173228345
0
LINE
8
BLACK
6
CONTINUOUS
10
0.3598666535433071
20
1.2701814173228345
11
0.3598666535433071
21
1.2720575984251967
0
LINE
8
BLACK
6
CONTINUOUS
10
0.3598666535433071
20
1.2720575984251967
11
0.3600581496062992
21
1.2725199212598426
0
LINE
8
BLACK
6
CONTINUOUS
10
0.3600581496062992
20
1.2725199212598426
11
0.3600936220472441
21
1.273019094488189
0
LINE
8
BLACK
6
CONTINUOUS
10
0.3600936220472441
20
1.273019094488189
11
0.3610316929133858
21
1.2748953149606299
0
LINE
8
BLACK
6
CONTINUOUS
10
0.3610316929133858
20
1.2748953149606299
11
0.3612990551181102
21
1.2751272047244093
0
LINE
8
BLACK
6
CONTINUOUS
10
0.3612990551181102
20
1.2751272047244093
11
0.3614344881889764
21
1.2754541338582677
0
LINE
8
BLACK
6
CONTINUOUS
10
0.3614344881889764
20
1.2754541338582677
11
0.3623725984251969
21
1.2763922047244094
0
LINE
8
BLACK
6
CONTINUOUS
10
0.3623725984251969
20
1.2763922047244094
11
0.3626994488188977
21
1.2765275590551182
0
LINE
8
BLACK
6
CONTINUOUS
10
0.3626994488188977
20
1.2765275590551182
11
0.3629312992125984
21
1.2767948818897636
0
LINE
8
BLACK
6
CONTINUOUS
10
0.3629312992125984
20
1.2767948818897636
11
0.3648074803149606
21
1.2777329921259841
0
LINE
8
BLACK
6
CONTINUOUS
10
0.3648074803149606
20
1.2777329921259841
11
0.3653066141732284
21
1.2777684645669292
0
LINE
8
BLACK
6
CONTINUOUS
10
0.3653066141732284
20
1.2777684645669292
11
0.3657690157480315
21
1.27796
0
LINE
8
BLACK
6
CONTINUOUS
10
0.3657690157480315
20
1.27796
11
0.3704594881889764
21
1.27796
0
LINE
8
BLACK
6
CONTINUOUS
10
0.3704594881889764
20
1.27796
11
0.3709218503937008
21
1.2777684645669292
0
LINE
8
BLACK
6
CONTINUOUS
10
0.3898035826771654
20
1.2773302755905511
11
0.3904333070866142
21
1.2758099999999999
0
LINE
8
BLACK
6
CONTINUOUS
10
0.3904333070866142
20
1.2758099999999999
11
0.3904333070866142
21
1.2561100000000001
0
LINE
8
BLACK
6
CONTINUOUS
10
0.3904333070866142
20
1.2561100000000001
11
0.3898035826771654
21
1.2545897244094488
0
LINE
8
BLACK
6
CONTINUOUS
10
0.3898035826771654
20
1.2545897244094488
11
0.3882833070866142
21
1.25396
0
LINE
8
BLACK
6
CONTINUOUS
10
0.3882833070866142
20
1.25396
11
0.386763031496063
21
1.2545897244094488
0
LINE
8
BLACK
6
CONTINUOUS
10
0.386763031496063
20
1.2545897244094488
11
0.3861333070866141
21
1.2561100000000001
0
LINE
8
BLACK
6
CONTINUOUS
10
0.3861333070866141
20
1.2561100000000001
11
0.3861333070866141
21
1.2596663385826772
0
LINE
8
BLACK
6
CONTINUOUS
10
0.3861333070866141
20
1.2596663385826772
11
0.3824985433070866
21
1.25482
0
LINE
8
BLACK
6
CONTINUOUS
10
0.3824985433070866
20
1.25482
11
0.3810825984251968
21
1.2539816141732283
0
LINE
8
BLACK
6
CONTINUOUS
10
0.3810825984251968
20
1.2539816141732283
11
0.3794885433070866
21
1.2543899999999999
0
LINE
8
BLACK
6
CONTINUOUS
10
0.3794885433070866
20
1.2543899999999999
11
0.3786501574803149
21
1.2558059448818897
0
LINE
8
BLACK
6
CONTINUOUS
10
0.3786501574803149
20
1.2558059448818897
11
0.3790585433070866
21
1.2574000000000001
0
LINE
8
BLACK
6
CONTINUOUS
10
0.3790585433070866
20
1.2574000000000001
11
0.3835683070866142
21
1.2634129921259842
0
LINE
8
BLACK
6
CONTINUOUS
10
0.3835683070866142
20
1.2634129921259842
11
0.3792582677165354
21
1.2677230708661418
0
LINE
8
BLACK
6
CONTINUOUS
10
0.3792582677165354
20
1.2677230708661418
11
0.3786285433070866
21
1.2692433464566928
0
LINE
8
BLACK
6
CONTINUOUS
10
0.3786285433070866
20
1.2692433464566928
11
0.3792582677165354
21
1.270763622047244
0
LINE
8
BLACK
6
CONTINUOUS
10
0.3792582677165354
20
1.270763622047244
11
0.3807785433070866
21
1.2713933464566929
0
LINE
8
BLACK
6
CONTINUOUS
10
0.3807785433070866
20
1.2713933464566929
11
0.3822988188976378
21
1.270763622047244
0
LINE
8
BLACK
6
CONTINUOUS
10
0.3822988188976378
20
1.270763622047244
11
0.3861333070866141
21
1.2669291338582678
0
LINE
8
BLACK
6
CONTINUOUS
10
0.3861333070866141
20
1.2669291338582678
11
0.3861333070866141
21
1.2758099999999999
0
LINE
8
BLACK
6
CONTINUOUS
10
0.3861333070866141
20
1.2758099999999999
11
0.386763031496063
21
1.2773302755905511
0
LINE
8
BLACK
6
CONTINUOUS
10
0.386763031496063
20
1.2773302755905511
11
0.3882833070866142
21
1.27796
0
LINE
8
BLACK
6
CONTINUOUS
10
0.3882833070866142
20
1.27796
11
0.3898035826771654
21
1.2773302755905511
0
LINE
8
BLACK
6
CONTINUOUS
10
0.5298035826771653
20
1.2773302755905511
11
0.5304333070866142
21
1.2758099999999999
0
LINE
8
BLACK
6
CONTINUOUS
10
0.5304333070866142
20
1.2758099999999999
11
0.5304333070866142
21
1.2561100000000001
0
LINE
8
BLACK
6
CONTINUOUS
10
0.5304333070866142
20
1.2561100000000001
11
0.5298035826771653
21
1.2545897244094488
0
LINE
8
BLACK
6
CONTINUOUS
10
0.5298035826771653
20
1.2545897244094488
11
0.5282833070866142
21
1.25396
0
LINE
8
BLACK
6
CONTINUOUS
10
0.5282833070866142
20
1.25396
11
0.526763031496063
21
1.2545897244094488
0
LINE
8
BLACK
6
CONTINUOUS
10
0.526763031496063
20
1.2545897244094488
11
0.5261333070866142
21
1.2561100000000001
0
LINE
8
BLACK
6
CONTINUOUS
10
0.5261333070866142
20
1.2561100000000001
11
0.5261333070866142
21
1.2596663385826772
0
LINE
8
BLACK
6
CONTINUOUS
10
0.5261333070866142
20
1.2596663385826772
11
0.5224985433070866
21
1.25482
0
LINE
8
BLACK
6
CONTINUOUS
10
0.5224985433070866
20
1.25482
11
0.5210825984251969
21
1.2539816141732283
0
LINE
8
BLACK
6
CONTINUOUS
10
0.5210825984251969
20
1.2539816141732283
11
0.5194885433070866
21
1.2543899999999999
0
LINE
8
BLACK
6
CONTINUOUS
10
0.5194885433070866
20
1.2543899999999999
11
0.518650157480315
21
1.2558059448818897
0
LINE
8
BLACK
6
CONTINUOUS
10
0.518650157480315
20
1.2558059448818897
11
0.5190585433070866
21
1.2574000000000001
0
LINE
8
BLACK
6
CONTINUOUS
10
0.5190585433070866
20
1.2574000000000001
11
0.5235683070866142
21
1.2634129921259842
0
LINE
8
BLACK
6
CONTINUOUS
10
0.5235683070866142
20
1.2634129921259842
11
0.5192582677165354
21
1.2677230708661418
0
LINE
8
BLACK
6
CONTINUOUS
10
0.5192582677165354
20
1.2677230708661418
11
0.5186285433070866
21
1.2692433464566928
0
LINE
8
BLACK
6
CONTINUOUS
10
0.5186285433070866
20
1.2692433464566928
11
0.5192582677165354
21
1.270763622047244
0
LINE
8
BLACK
6
CONTINUOUS
10
0.5192582677165354
20
1.270763622047244
11
0.5207785433070866
21
1.2713933464566929
0
LINE
8
BLACK
6
CONTINUOUS
10
0.5207785433070866
20
1.2713933464566929
11
0.5222988188976377
21
1.270763622047244
0
LINE
8
BLACK
6
CONTINUOUS
10
0.5222988188976377
20
1.270763622047244
11
0.5261333070866142
21
1.2669291338582678
0
LINE
8
BLACK
6
CONTINUOUS
10
0.5261333070866142
20
1.2669291338582678
11
0.5261333070866142
21
1.2758099999999999
0
LINE
8
BLACK
6
CONTINUOUS
10
0.5261333070866142
20
1.2758099999999999
11
0.526763031496063
21
1.2773302755905511
0
LINE
8
BLACK
6
CONTINUOUS
10
0.526763031496063
20
1.2773302755905511
11
0.5282833070866142
21
1.27796
0
LINE
8
BLACK
6
CONTINUOUS
10
0.5282833070866142
20
1.27796
11
0.5298035826771653
21
1.2773302755905511
0
LINE
8
BLACK
6
CONTINUOUS
10
0.6588559842519685
20
1.2773302755905511
11
0.6594857086614173
21
1.2758099999999999
0
LINE
8
BLACK
6
CONTINUOUS
10
0.6594857086614173
20
1.2758099999999999
11
0.6588559842519685
21
1.2742897244094489
0
LINE
8
BLACK
6
CONTINUOUS
10
0.6588559842519685
20
1.2742897244094489
11
0.6573357086614173
21
1.27366
0
LINE
8
BLACK
6
CONTINUOUS
10
0.6573357086614173
20
1.27366
11
0.6498785433070866
21
1.27366
0
LINE
8
BLACK
6
CONTINUOUS
10
0.6498785433070866
20
1.27366
11
0.6533251574803149
21
1.2697210236220473
0
LINE
8
BLACK
6
CONTINUOUS
10
0.6533251574803149
20
1.2697210236220473
11
0.6535675196850393
21
1.2690043307086614
0
LINE
8
BLACK
6
CONTINUOUS
10
0.6535675196850393
20
1.2690043307086614
11
0.6538571259842519
21
1.2683052362204723
0
LINE
8
BLACK
6
CONTINUOUS
10
0.6538571259842519
20
1.2683052362204723
11
0.6538278346456693
21
1.2682346062992125
0
LINE
8
BLACK
6
CONTINUOUS
10
0.6538278346456693
20
1.2682346062992125
11
0.6538523622047244
21
1.2681622047244094
0
LINE
8
BLACK
6
CONTINUOUS
10
0.6538523622047244
20
1.2681622047244094
11
0.6535168897637795
21
1.2674838976377953
0
LINE
8
BLACK
6
CONTINUOUS
10
0.6535168897637795
20
1.2674838976377953
11
0.6532274015748031
21
1.2667849606299213
0
LINE
8
BLACK
6
CONTINUOUS
10
0.6532274015748031
20
1.2667849606299213
11
0.6531567716535432
21
1.2667557086614174
0
LINE
8
BLACK
6
CONTINUOUS
10
0.6531567716535432
20
1.2667557086614174
11
0.6531229133858267
21
1.2666872047244093
0
LINE
8
BLACK
6
CONTINUOUS
10
0.6531229133858267
20
1.2666872047244093
11
0.6524062204724409
21
1.2664448031496063
0
LINE
8
BLACK
6
CONTINUOUS
10
0.6524062204724409
20
1.2664448031496063
11
0.651707125984252
21
1.2661552362204724
0
LINE
8
BLACK
6
CONTINUOUS
10
0.651707125984252
20
1.2661552362204724
11
0.6494004330708661
21
1.2661552362204724
0
LINE
8
BLACK
6
CONTINUOUS
10
0.6494004330708661
20
1.2661552362204724
11
0.6482901968503937
21
1.2656001181102361
0
LINE
8
BLACK
6
CONTINUOUS
10
0.6482901968503937
20
1.2656001181102361
11
0.6478455118110236
21
1.2651554330708661
0
LINE
8
BLACK
6
CONTINUOUS
10
0.6478455118110236
20
1.2651554330708661
11
0.6472904724409448
21
1.2640452755905511
0
LINE
8
BLACK
6
CONTINUOUS
10
0.6472904724409448
20
1.2640452755905511
11
0.6472904724409448
21
1.2603698818897637
0
LINE
8
BLACK
6
CONTINUOUS
10
0.6472904724409448
20
1.2603698818897637
11
0.6478455118110236
21
1.2592597244094488
0
LINE
8
BLACK
6
CONTINUOUS
10
0.6478455118110236
20
1.2592597244094488
11
0.6482901968503937
21
1.2588150787401575
0
LINE
8
BLACK
6
CONTINUOUS
10
0.6482901968503937
20
1.2588150787401575
11
0.6494004330708661
21
1.2582599999999999
0
LINE
8
BLACK
6
CONTINUOUS
10
0.6494004330708661
20
1.2582599999999999
11
0.6540138976377953
21
1.2582599999999999
0
LINE
8
BLACK
6
CONTINUOUS
10
0.6540138976377953
20
1.2582599999999999
11
0.6551240157480315
21
1.2588150787401575
0
LINE
8
BLACK
6
CONTINUOUS
10
0.6551240157480315
20
1.2588150787401575
11
0.6558154724409448
21
1.259506496062992
0
LINE
8
BLACK
6
CONTINUOUS
10
0.6558154724409448
20
1.259506496062992
11
0.6573357480314961
21
1.2601361811023621
0
LINE
8
BLACK
6
CONTINUOUS
10
0.6573357480314961
20
1.2601361811023621
11
0.6588560236220472
21
1.2595064173228345
0
LINE
8
BLACK
6
CONTINUOUS
10
0.6588560236220472
20
1.2595064173228345
11
0.6594857086614173
21
1.2579861417322835
0
LINE
8
BLACK
6
CONTINUOUS
10
0.6594857086614173
20
1.2579861417322835
11
0.6588559448818897
21
1.2564658661417323
0
LINE
8
BLACK
6
CONTINUOUS
10
0.6588559448818897
20
1.2564658661417323
11
0.6579178346456693
21
1.2555277952755906
0
LINE
8
BLACK
6
CONTINUOUS
10
0.6579178346456693
20
1.2555277952755906
11
0.6575909448818897
21
1.255392401574803
0
LINE
8
BLACK
6
CONTINUOUS
10
0.6575909448818897
20
1.255392401574803
11
0.6573591338582677
21
1.2551250787401576
0
LINE
8
BLACK
6
CONTINUOUS
10
0.6573591338582677
20
1.2551250787401576
11
0.6554829527559055
21
1.2541870078740158
0
LINE
8
BLACK
6
CONTINUOUS
10
0.6554829527559055
20
1.2541870078740158
11
0.654983779527559
21
1.254151496062992
0
LINE
8
BLACK
6
CONTINUOUS
10
0.654983779527559
20
1.254151496062992
11
0.6545214173228346
21
1.25396
0
LINE
8
BLACK
6
CONTINUOUS
10
0.6545214173228346
20
1.25396
11
0.6488928346456693
21
1.25396
0
LINE
8
BLACK
6
CONTINUOUS
10
0.6488928346456693
20
1.25396
11
0.6484304330708661
21
1.254151496062992
0
LINE
8
BLACK
6
CONTINUOUS
10
0.6484304330708661
20
1.254151496062992
11
0.6479312992125984
21
1.2541870078740158
0
LINE
8
BLACK
6
CONTINUOUS
10
0.6479312992125984
20
1.2541870078740158
11
0.6460551181102362
21
1.2551251181102361
0
LINE
8
BLACK
6
CONTINUOUS
10
0.6460551181102362
20
1.2551251181102361
11
0.6458232677165354
21
1.255392401574803
0
LINE
8
BLACK
6
CONTINUOUS
10
0.6458232677165354
20
1.255392401574803
11
0.6454964173228346
21
1.2555277952755906
0
LINE
8
BLACK
6
CONTINUOUS
10
0.6454964173228346
20
1.2555277952755906
11
0.6445583070866142
21
1.2564658661417323
0
LINE
8
BLACK
6
CONTINUOUS
10
0.6445583070866142
20
1.2564658661417323
11
0.644422874015748
21
1.2567927952755906
0
LINE
8
BLACK
6
CONTINUOUS
10
0.644422874015748
20
1.2567927952755906
11
0.6441555118110236
21
1.25702468503937
0
LINE
8
BLACK
6
CONTINUOUS
10
0.6441555118110236
20
1.25702468503937
11
0.6432174409448819
21
1.2589008661417322
0
LINE
8
BLACK
6
CONTINUOUS
10
0.6432174409448819
20
1.2589008661417322
11
0.6431819685039369
21
1.2594000000000001
0
LINE
8
BLACK
6
CONTINUOUS
10
0.6431819685039369
20
1.2594000000000001
11
0.6429904724409449
21
1.2598623622047245
0
LINE
8
BLACK
6
CONTINUOUS
10
0.6429904724409449
20
1.2598623622047245
11
0.6429904724409449
21
1.2645528346456694
0
LINE
8
BLACK
6
CONTINUOUS
10
0.6429904724409449
20
1.2645528346456694
11
0.6431819685039369
21
1.265015157480315
0
LINE
8
BLACK
6
CONTINUOUS
10
0.6431819685039369
20
1.265015157480315
11
0.6432174409448819
21
1.2655143307086614
0
LINE
8
BLACK
6
CONTINUOUS
10
0.6432174409448819
20
1.2655143307086614
11
0.6441555118110236
21
1.2673905511811023
0
LINE
8
BLACK
6
CONTINUOUS
10
0.6441555118110236
20
1.2673905511811023
11
0.644422874015748
21
1.267622440944882
0
LINE
8
BLACK
6
CONTINUOUS
10
0.644422874015748
20
1.267622440944882
11
0.6445583070866142
21
1.2679493700787401
0
LINE
8
BLACK
6
CONTINUOUS
10
0.6445583070866142
20
1.2679493700787401
11
0.6454964173228346
21
1.2688874409448818
0
LINE
8
BLACK
6
CONTINUOUS
10
0.6454964173228346
20
1.2688874409448818
11
0.6458232677165354
21
1.2690227952755906
0
LINE
8
BLACK
6
CONTINUOUS
10
0.6458232677165354
20
1.2690227952755906
11
0.6460551181102362
21
1.2692901181102363
0
LINE
8
BLACK
6
CONTINUOUS
10
0.6460551181102362
20
1.2692901181102363
11
0.6474000787401575
21
1.2699625984251968
0
LINE
8
BLACK
6
CONTINUOUS
10
0.6474000787401575
20
1.2699625984251968
11
0.6435224409448819
21
1.2743942125984251
0
LINE
8
BLACK
6
CONTINUOUS
10
0.6435224409448819
20
1.2743942125984251
11
0.6432800393700787
21
1.2751108661417323
0
LINE
8
BLACK
6
CONTINUOUS
10
0.6432800393700787
20
1.2751108661417323
11
0.6429904724409449
21
1.2758099999999999
0
LINE
8
BLACK
6
CONTINUOUS
10
0.6429904724409449
20
1.2758099999999999
11
0.6430197244094488
21
1.275880590551181
0
LINE
8
BLACK
6
CONTINUOUS
10
0.6430197244094488
20
1.275880590551181
11
0.6429952362204724
21
1.275953031496063
0
LINE
8
BLACK
6
CONTINUOUS
10
0.6429952362204724
20
1.275953031496063
11
0.6433306692913385
21
1.2766312992125983
0
LINE
8
BLACK
6
CONTINUOUS
10
0.6433306692913385
20
1.2766312992125983
11
0.6436201968503937
21
1.2773302755905511
0
LINE
8
BLACK
6
CONTINUOUS
10
0.6436201968503937
20
1.2773302755905511
11
0.6436907874015748
21
1.2773594881889763
0
LINE
8
BLACK
6
CONTINUOUS
10
0.6436907874015748
20
1.2773594881889763
11
0.6437246850393701
21
1.2774280314960629
0
LINE
8
BLACK
6
CONTINUOUS
10
0.6437246850393701
20
1.2774280314960629
11
0.6444413385826772
21
1.2776703937007874
0
LINE
8
BLACK
6
CONTINUOUS
10
0.6444413385826772
20
1.2776703937007874
11
0.6451404724409449
21
1.27796
0
LINE
8
BLACK
6
CONTINUOUS
10
0.6451404724409449
20
1.27796
11
0.6573357086614173
21
1.27796
0
LINE
8
BLACK
6
CONTINUOUS
10
0.6573357086614173
20
1.27796
11
0.6588559842519685
21
1.2773302755905511
0
LINE
8
BLACK
6
CONTINUOUS
10
0.6697354330708661
20
1.2778752755905511
11
0.6699525590551181
21
1.2779182283464567
0
LINE
8
BLACK
6
CONTINUOUS
10
0.6699525590551181
20
1.2779182283464567
11
0.6704726771653543
21
1.2775698818897638
0
LINE
8
BLACK
6
CONTINUOUS
10
0.6704726771653543
20
1.2775698818897638
11
0.6710511811023622
21
1.2773302755905511
0
LINE
8
BLACK
6
CONTINUOUS
10
0.6710511811023622
20
1.2773302755905511
11
0.6711358661417323
21
1.2771257480314961
0
LINE
8
BLACK
6
CONTINUOUS
10
0.6711358661417323
20
1.2771257480314961
11
0.6713198031496063
21
1.2770025984251969
0
LINE
8
BLACK
6
CONTINUOUS
10
0.6713198031496063
20
1.2770025984251969
11
0.6730779527559055
21
1.2743653937007873
0
LINE
8
BLACK
6
CONTINUOUS
10
0.6730779527559055
20
1.2743653937007873
11
0.6745568503937007
21
1.2728864960629922
0
LINE
8
BLACK
6
CONTINUOUS
10
0.6745568503937007
20
1.2728864960629922
11
0.6761210236220472
21
1.2721044488188975
0
LINE
8
BLACK
6
CONTINUOUS
10
0.6761210236220472
20
1.2721044488188975
11
0.6771991338582677
21
1.2708612992125985
0
LINE
8
BLACK
6
CONTINUOUS
10
0.6771991338582677
20
1.2708612992125985
11
0.6770824803149607
21
1.2692198818897638
0
LINE
8
BLACK
6
CONTINUOUS
10
0.6770824803149607
20
1.2692198818897638
11
0.6758393700787402
21
1.2681417322834645
0
LINE
8
BLACK
6
CONTINUOUS
10
0.6758393700787402
20
1.2681417322834645
11
0.6741979527559055
21
1.2682584251968503
0
LINE
8
BLACK
6
CONTINUOUS
10
0.6741979527559055
20
1.2682584251968503
11
0.6723217716535433
21
1.2691965354330708
0
LINE
8
BLACK
6
CONTINUOUS
10
0.6723217716535433
20
1.2691965354330708
11
0.6720899212598425
21
1.2694638188976377
0
LINE
8
BLACK
6
CONTINUOUS
10
0.6720899212598425
20
1.2694638188976377
11
0.671763031496063
21
1.269599251968504
0
LINE
8
BLACK
6
CONTINUOUS
10
0.671763031496063
20
1.269599251968504
11
0.671680905511811
21
1.2696813779527558
0
LINE
8
BLACK
6
CONTINUOUS
10
0.671680905511811
20
1.2696813779527558
11
0.671680905511811
21
1.2582599999999999
0
LINE
8
BLACK
6
CONTINUOUS
10
0.671680905511811
20
1.2582599999999999
11
0.6751594881889763
21
1.2582599999999999
0
LINE
8
BLACK
6
CONTINUOUS
10
0.6751594881889763
20
1.2582599999999999
11
0.6766797637795275
21
1.2576302755905511
0
LINE
8
BLACK
6
CONTINUOUS
10
0.6766797637795275
20
1.2576302755905511
11
0.6773094881889764
21
1.2561100000000001
0
LINE
8
BLACK
6
CONTINUOUS
10
0.6773094881889764
20
1.2561100000000001
11
0.6766797637795275
21
1.2545897244094488
0
LINE
8
BLACK
6
CONTINUOUS
10
0.6766797637795275
20
1.2545897244094488
11
0.6751594881889763
21
1.25396
0
LINE
8
BLACK
6
CONTINUOUS
10
0.6751594881889763
20
1.25396
11
0.669530905511811
21
1.25396
0
LINE
8
BLACK
6
CONTINUOUS
10
0.669530905511811
20
1.25396
11
0.6639023622047244
21
1.25396
0
LINE
8
BLACK
6
CONTINUOUS
10
0.6639023622047244
20
1.25396
11
0.6623820866141732
21
1.2545897244094488
0
LINE
8
BLACK
6
CONTINUOUS
10
0.6623820866141732
20
1.2545897244094488
11
0.6617523622047244
21
1.2561100000000001
0
LINE
8
BLACK
6
CONTINUOUS
10
0.6617523622047244
20
1.2561100000000001
11
0.6623820866141732
21
1.2576302755905511
0
LINE
8
BLACK
6
CONTINUOUS
10
0.6623820866141732
20
1.2576302755905511
11
0.6639023622047244
21
1.2582599999999999
0
LINE
8
BLACK
6
CONTINUOUS
10
0.6639023622047244
20
1.2582599999999999
11
0.6673809055118111
21
1.2582599999999999
0
LINE
8
BLACK
6
CONTINUOUS
10
0.6673809055118111
20
1.2582599999999999
11
0.6673809055118111
21
1.2758099999999999
0
LINE
8
BLACK
6
CONTINUOUS
10
0.6673809055118111
20
1.2758099999999999
11
0.667465590551181
21
1.2760145275590551
0
LINE
8
BLACK
6
CONTINUOUS
10
0.667465590551181
20
1.2760145275590551
11
0.6674226771653543
21
1.2762316535433071
0
LINE
8
BLACK
6
CONTINUOUS
10
0.6674226771653543
20
1.2762316535433071
11
0.6677709842519685
21
1.2767517716535433
0
LINE
8
BLACK
6
CONTINUOUS
10
0.6677709842519685
20
1.2767517716535433
11
0.6680106299212598
21
1.2773302755905511
0
LINE
8
BLACK
6
CONTINUOUS
10
0.6680106299212598
20
1.2773302755905511
11
0.6682151181102362
21
1.2774149606299212
0
LINE
8
BLACK
6
CONTINUOUS
10
0.6682151181102362
20
1.2774149606299212
11
0.6683383070866141
21
1.2775988976377952
0
LINE
8
BLACK
6
CONTINUOUS
10
0.6683383070866141
20
1.2775988976377952
11
0.6689524015748032
21
1.2777203543307087
0
LINE
8
BLACK
6
CONTINUOUS
10
0.6689524015748032
20
1.2777203543307087
11
0.669530905511811
21
1.27796
0
LINE
8
BLACK
6
CONTINUOUS
10
0.669530905511811
20
1.27796
11
0.6697354330708661
21
1.2778752755905511
0
LINE
8
BLACK
6
CONTINUOUS
10
0.6954416535433071
20
1.2773302755905511
11
0.6960713779527559
21
1.2758099999999999
0
LINE
8
BLACK
6
CONTINUOUS
10
0.6960713779527559
20
1.2758099999999999
11
0.6960713779527559
21
1.2561100000000001
0
LINE
8
BLACK
6
CONTINUOUS
10
0.6960713779527559
20
1.2561100000000001
11
0.6954416535433071
21
1.2545897244094488
0
LINE
8
BLACK
6
CONTINUOUS
10
0.6954416535433071
20
1.2545897244094488
11
0.6939213779527559
21
1.25396
0
LINE
8
BLACK
6
CONTINUOUS
10
0.6939213779527559
20
1.25396
11
0.6924011023622048
21
1.2545897244094488
0
LINE
8
BLACK
6
CONTINUOUS
10
0.6924011023622048
20
1.2545897244094488
11
0.6917713779527559
21
1.2561100000000001
0
LINE
8
BLACK
6
CONTINUOUS
10
0.6917713779527559
20
1.2561100000000001
11
0.6917713779527559
21
1.2633409448818897
0
LINE
8
BLACK
6
CONTINUOUS
10
0.6917713779527559
20
1.2633409448818897
11
0.6903503149606299
21
1.2633409448818897
0
LINE
8
BLACK
6
CONTINUOUS
10
0.6903503149606299
20
1.2633409448818897
11
0.6844255905511811
21
1.2548770472440944
0
LINE
8
BLACK
6
CONTINUOUS
10
0.6844255905511811
20
1.2548770472440944
11
0.683037874015748
21
1.253992716535433
0
LINE
8
BLACK
6
CONTINUOUS
10
0.683037874015748
20
1.253992716535433
11
0.6814312992125984
21
1.2543486614173227
0
LINE
8
BLACK
6
CONTINUOUS
10
0.6814312992125984
20
1.2543486614173227
11
0.680546968503937
21
1.2557363779527559
0
LINE
8
BLACK
6
CONTINUOUS
10
0.680546968503937
20
1.2557363779527559
11
0.6809029133858268
21
1.2573429527559055
0
LINE
8
BLACK
6
CONTINUOUS
10
0.6809029133858268
20
1.2573429527559055
11
0.6853108661417323
21
1.2636400393700786
0
LINE
8
BLACK
6
CONTINUOUS
10
0.6853108661417323
20
1.2636400393700786
11
0.6835788976377952
21
1.2645060629921259
0
LINE
8
BLACK
6
CONTINUOUS
10
0.6835788976377952
20
1.2645060629921259
11
0.6833470472440945
21
1.2647733464566928
0
LINE
8
BLACK
6
CONTINUOUS
10
0.6833470472440945
20
1.2647733464566928
11
0.683020157480315
21
1.2649087795275591
0
LINE
8
BLACK
6
CONTINUOUS
10
0.683020157480315
20
1.2649087795275591
11
0.6820820866141732
21
1.2658468503937008
0
LINE
8
BLACK
6
CONTINUOUS
10
0.6820820866141732
20
1.2658468503937008
11
0.6819466535433071
21
1.2661737401574802
0
LINE
8
BLACK
6
CONTINUOUS
10
0.6819466535433071
20
1.2661737401574802
11
0.6816793307086614
21
1.2664056299212598
0
LINE
8
BLACK
6
CONTINUOUS
10
0.6816793307086614
20
1.2664056299212598
11
0.6807412204724409
21
1.2682818503937008
0
LINE
8
BLACK
6
CONTINUOUS
10
0.6807412204724409
20
1.2682818503937008
11
0.6807057480314961
21
1.2687809842519684
0
LINE
8
BLACK
6
CONTINUOUS
10
0.6807057480314961
20
1.2687809842519684
11
0.6805142519685039
21
1.2692433464566928
0
LINE
8
BLACK
6
CONTINUOUS
10
0.6805142519685039
20
1.2692433464566928
11
0.6805142519685039
21
1.2720575984251967
0
LINE
8
BLACK
6
CONTINUOUS
10
0.6805142519685039
20
1.2720575984251967
11
0.6807057480314961
21
1.2725199212598426
0
LINE
8
BLACK
6
CONTINUOUS
10
0.6807057480314961
20
1.2725199212598426
11
0.6807412204724409
21
1.273019094488189
0
LINE
8
BLACK
6
CONTINUOUS
10
0.6807412204724409
20
1.273019094488189
11
0.6816793307086614
21
1.2748953149606299
0
LINE
8
BLACK
6
CONTINUOUS
10
0.6816793307086614
20
1.2748953149606299
11
0.6819466535433071
21
1.2751271653543306
0
LINE
8
BLACK
6
CONTINUOUS
10
0.6819466535433071
20
1.2751271653543306
11
0.6820820866141732
21
1.2754540944881889
0
LINE
8
BLACK
6
CONTINUOUS
10
0.6820820866141732
20
1.2754540944881889
11
0.683020157480315
21
1.2763921653543306
0
LINE
8
BLACK
6
CONTINUOUS
10
0.683020157480315
20
1.2763921653543306
11
0.6833470472440945
21
1.2765275590551182
0
LINE
8
BLACK
6
CONTINUOUS
10
0.6833470472440945
20
1.2765275590551182
11
0.6835788976377952
21
1.2767948818897636
0
LINE
8
BLACK
6
CONTINUOUS
10
0.6835788976377952
20
1.2767948818897636
11
0.6854550787401574
21
1.2777329921259841
0
LINE
8
BLACK
6
CONTINUOUS
10
0.6854550787401574
20
1.2777329921259841
11
0.6859542125984252
21
1.2777684645669292
0
LINE
8
BLACK
6
CONTINUOUS
10
0.6859542125984252
20
1.2777684645669292
11
0.6864166141732283
21
1.27796
0
LINE
8
BLACK
6
CONTINUOUS
10
0.6864166141732283
20
1.27796
11
0.6939213779527559
21
1.27796
0
LINE
8
BLACK
6
CONTINUOUS
10
0.6939213779527559
20
1.27796
11
0.6954416535433071
21
1.2773302755905511
0
LINE
8
BLACK
6
CONTINUOUS
10
0.6858139763779527
20
1.2731048818897637
11
0.6853693700787401
21
1.2726602755905512
0
LINE
8
BLACK
6
CONTINUOUS
10
0.6853693700787401
20
1.2726602755905512
11
0.6848142519685039
21
1.2715500393700787
0
LINE
8
BLACK
6
CONTINUOUS
10
0.6848142519685039
20
1.2715500393700787
11
0.6848142519685039
21
1.269750905511811
0
LINE
8
BLACK
6
CONTINUOUS
10
0.6848142519685039
20
1.269750905511811
11
0.6853693700787401
21
1.2686406692913386
0
LINE
8
BLACK
6
CONTINUOUS
10
0.6853693700787401
20
1.2686406692913386
11
0.6858139763779527
21
1.2681960236220473
0
LINE
8
BLACK
6
CONTINUOUS
10
0.6858139763779527
20
1.2681960236220473
11
0.6869242125984252
21
1.2676409448818897
0
LINE
8
BLACK
6
CONTINUOUS
10
0.6869242125984252
20
1.2676409448818897
11
0.6917713779527559
21
1.2676409448818897
0
LINE
8
BLACK
6
CONTINUOUS
10
0.6917713779527559
20
1.2676409448818897
11
0.6917713779527559
21
1.27366
0
LINE
8
BLACK
6
CONTINUOUS
10
0.6917713779527559
20
1.27366
11
0.6869242125984252
21
1.27366
0
LINE
8
BLACK
6
CONTINUOUS
10
0.6869242125984252
20
1.27366
11
0.6858139763779527
21
1.2731048818897637
0
LINE
8
BLACK
6
CONTINUOUS
10
0.4422619291338583
20
1.3818979921259842
11
0.4429527559055118
21
1.3799999999999999
0
LINE
8
BLACK
6
CONTINUOUS
10
0.4429527559055118
20
1.3799999999999999
11
0.4429527559055118
21
1.3400000000000001
0
LINE
8
BLACK
6
CONTINUOUS
10
0.4429527559055118
20
1.3400000000000001
11
0.4428851181102362
21
1.3396164566929134
0
LINE
8
BLACK
6
CONTINUOUS
10
0.4428851181102362
20
1.3396164566929134
11
0.4429079133858267
21
1.339487244094488
0
LINE
8
BLACK
6
CONTINUOUS
10
0.4429079133858267
20
1.339487244094488
11
0.4428422834645669
21
1.3393736220472441
0
LINE
8
BLACK
6
CONTINUOUS
10
0.4428422834645669
20
1.3393736220472441
11
0.4427746850393701
21
1.3389900787401574
0
LINE
8
BLACK
6
CONTINUOUS
10
0.4427746850393701
20
1.3389900787401574
11
0.4422815354330709
21
1.3384023622047243
0
LINE
8
BLACK
6
CONTINUOUS
10
0.4422815354330709
20
1.3384023622047243
11
0.4418979921259842
21
1.3377380708661417
0
LINE
8
BLACK
6
CONTINUOUS
10
0.4418979921259842
20
1.3377380708661417
11
0.4416476377952756
21
1.3376469291338582
0
LINE
8
BLACK
6
CONTINUOUS
10
0.4416476377952756
20
1.3376469291338582
11
0.4414763779527559
21
1.3374428346456693
0
LINE
8
BLACK
6
CONTINUOUS
10
0.4414763779527559
20
1.3374428346456693
11
0.4407207874015748
21
1.3373095669291337
0
LINE
8
BLACK
6
CONTINUOUS
10
0.4407207874015748
20
1.3373095669291337
11
0.44
21
1.3370472440944881
0
LINE
8
BLACK
6
CONTINUOUS
10
0.44
20
1.3370472440944881
11
0.3874855118110236
21
1.3370472440944881
0
LINE
8
BLACK
6
CONTINUOUS
10
0.3874855118110236
20
1.3370472440944881
11
0.3879527559055118
21
1.335
0
LINE
8
BLACK
6
CONTINUOUS
10
0.3879527559055118
20
1.335
11
0.3871651968503937
21
1.3315494094488189
0
LINE
8
BLACK
6
CONTINUOUS
10
0.3871651968503937
20
1.3315494094488189
11
0.3849584645669291
21
1.3287822834645668
0
LINE
8
BLACK
6
CONTINUOUS
10
0.3849584645669291
20
1.3287822834645668
11
0.3817696456692913
21
1.327246653543307
0
LINE
8
BLACK
6
CONTINUOUS
10
0.3817696456692913
20
1.327246653543307
11
0.3782303543307087
21
1.327246653543307
0
LINE
8
BLACK
6
CONTINUOUS
10
0.3782303543307087
20
1.327246653543307
11
0.3750415354330708
21
1.3287822834645668
0
LINE
8
BLACK
6
CONTINUOUS
10
0.3750415354330708
20
1.3287822834645668
11
0.3728348031496063
21
1.3315494094488189
0
LINE
8
BLACK
6
CONTINUOUS
10
0.3728348031496063
20
1.3315494094488189
11
0.3720472440944882
21
1.335
0
LINE
8
BLACK
6
CONTINUOUS
10
0.3720472440944882
20
1.335
11
0.3728348031496063
21
1.338450590551181
0
LINE
8
BLACK
6
CONTINUOUS
10
0.3728348031496063
20
1.338450590551181
11
0.3750415354330708
21
1.3412177165354331
0
LINE
8
BLACK
6
CONTINUOUS
10
0.3750415354330708
20
1.3412177165354331
11
0.3770472440944882
21
1.3421835826771653
0
LINE
8
BLACK
6
CONTINUOUS
10
0.3770472440944882
20
1.3421835826771653
11
0.3770472440944882
21
1.3799999999999999
0
LINE
8
BLACK
6
CONTINUOUS
10
0.3770472440944882
20
1.3799999999999999
11
0.3772253149606299
21
1.3810099212598426
0
LINE
8
BLACK
6
CONTINUOUS
10
0.3772253149606299
20
1.3810099212598426
11
0.3785236220472441
21
1.3825571653543307
0
LINE
8
BLACK
6
CONTINUOUS
10
0.3785236220472441
20
1.3825571653543307
11
0.3805127559055118
21
1.3829079133858266
0
LINE
8
BLACK
6
CONTINUOUS
10
0.3805127559055118
20
1.3829079133858266
11
0.3822619291338583
21
1.3818979921259842
0
LINE
8
BLACK
6
CONTINUOUS
10
0.3822619291338583
20
1.3818979921259842
11
0.3829527559055118
21
1.3799999999999999
0
LINE
8
BLACK
6
CONTINUOUS
10
0.3829527559055118
20
1.3799999999999999
11
0.3829527559055118
21
1.3733351181102362
0
LINE
8
BLACK
6
CONTINUOUS
10
0.3829527559055118
20
1.3733351181102362
11
0.3841899606299213
21
1.3738475984251968
0
LINE
8
BLACK
6
CONTINUOUS
10
0.3841899606299213
20
1.3738475984251968
11
0.4038899606299213
21
1.3738475984251968
0
LINE
8
BLACK
6
CONTINUOUS
10
0.4038899606299213
20
1.3738475984251968
11
0.4054102362204725
21
1.3732178740157479
0
LINE
8
BLACK
6
CONTINUOUS
10
0.4054102362204725
20
1.3732178740157479
11
0.4060399606299213
21
1.3716975984251969
0
LINE
8
BLACK
6
CONTINUOUS
10
0.4060399606299213
20
1.3716975984251969
11
0.4054102362204725
21
1.3701773228346457
0
LINE
8
BLACK
6
CONTINUOUS
10
0.4054102362204725
20
1.3701773228346457
11
0.4038899606299213
21
1.3695475984251968
0
LINE
8
BLACK
6
CONTINUOUS
10
0.4038899606299213
20
1.3695475984251968
11
0.395720905511811
21
1.3695475984251968
0
LINE
8
BLACK
6
CONTINUOUS
10
0.395720905511811
20
1.3695475984251968
11
0.395720905511811
21
1.3651309448818898
0
LINE
8
BLACK
6
CONTINUOUS
10
0.395720905511811
20
1.3651309448818898
11
0.3950911811023622
21
1.3636106692913386
0
LINE
8
BLACK
6
CONTINUOUS
10
0.3950911811023622
20
1.3636106692913386
11
0.393570905511811
21
1.3629809448818897
0
LINE
8
BLACK
6
CONTINUOUS
10
0.393570905511811
20
1.3629809448818897
11
0.3920506299212598
21
1.3636106692913386
0
LINE
8
BLACK
6
CONTINUOUS
10
0.3920506299212598
20
1.3636106692913386
11
0.391420905511811
21
1.3651309448818898
0
LINE
8
BLACK
6
CONTINUOUS
10
0.391420905511811
20
1.3651309448818898
11
0.391420905511811
21
1.3695475984251968
0
LINE
8
BLACK
6
CONTINUOUS
10
0.391420905511811
20
1.3695475984251968
11
0.3863399606299213
21
1.3695475984251968
0
LINE
8
BLACK
6
CONTINUOUS
10
0.3863399606299213
20
1.3695475984251968
11
0.3863399606299213
21
1.3623166535433071
0
LINE
8
BLACK
6
CONTINUOUS
10
0.3863399606299213
20
1.3623166535433071
11
0.3857102362204725
21
1.3607963779527559
0
LINE
8
BLACK
6
CONTINUOUS
10
0.3857102362204725
20
1.3607963779527559
11
0.3841899606299213
21
1.360166653543307
0
LINE
8
BLACK
6
CONTINUOUS
10
0.3841899606299213
20
1.360166653543307
11
0.3829527559055118
21
1.360679094488189
0
LINE
8
BLACK
6
CONTINUOUS
10
0.3829527559055118
20
1.360679094488189
11
0.3829527559055118
21
1.3429527559055119
0
LINE
8
BLACK
6
CONTINUOUS
10
0.3829527559055118
20
1.3429527559055119
11
0.4370472440944882
21
1.3429527559055119
0
LINE
8
BLACK
6
CONTINUOUS
10
0.4370472440944882
20
1.3429527559055119
11
0.4370472440944882
21
1.3799999999999999
0
LINE
8
BLACK
6
CONTINUOUS
10
0.4370472440944882
20
1.3799999999999999
11
0.4372253149606299
21
1.3810099212598426
0
LINE
8
BLACK
6
CONTINUOUS
10
0.4372253149606299
20
1.3810099212598426
11
0.4385236220472441
21
1.3825571653543307
0
LINE
8
BLACK
6
CONTINUOUS
10
0.4385236220472441
20
1.3825571653543307
11
0.4405127559055118
21
1.3829079133858266
0
LINE
8
BLACK
6
CONTINUOUS
10
0.4405127559055118
20
1.3829079133858266
11
0.4422619291338583
21
1.3818979921259842
0
LINE
8
BLACK
6
CONTINUOUS
10
0.3784331102362204
20
1.3334331102362205
11
0.38
21
1.332784094488189
0
LINE
8
BLACK
6
CONTINUOUS
10
0.38
20
1.332784094488189
11
0.3815668897637795
21
1.3334331102362205
0
LINE
8
BLACK
6
CONTINUOUS
10
0.3815668897637795
20
1.3334331102362205
11
0.382215905511811
21
1.335
0
LINE
8
BLACK
6
CONTINUOUS
10
0.382215905511811
20
1.335
11
0.3815668897637795
21
1.3365668897637795
0
LINE
8
BLACK
6
CONTINUOUS
10
0.3815668897637795
20
1.3365668897637795
11
0.3804072047244094
21
1.3370472440944881
0
LINE
8
BLACK
6
CONTINUOUS
10
0.3804072047244094
20
1.3370472440944881
11
0.38
21
1.3370472440944881
0
LINE
8
BLACK
6
CONTINUOUS
10
0.38
20
1.3370472440944881
11
0.3797143700787401
21
1.3370975984251967
0
LINE
8
BLACK
6
CONTINUOUS
10
0.3797143700787401
20
1.3370975984251967
11
0.3784331102362204
21
1.3365668897637795
0
LINE
8
BLACK
6
CONTINUOUS
10
0.3784331102362204
20
1.3365668897637795
11
0.3777840944881889
21
1.335
0
LINE
8
BLACK
6
CONTINUOUS
10
0.3777840944881889
20
1.335
11
0.3784331102362204
21
1.3334331102362205
0
LINE
8
BLACK
6
CONTINUOUS
10
0.4252857086614173
20
1.3977369685039369
11
0.4257848031496063
21
1.3977015354330709
0
LINE
8
BLACK
6
CONTINUOUS
10
0.4257848031496063
20
1.3977015354330709
11
0.4260166141732283
21
1.3974342519685039
0
LINE
8
BLACK
6
CONTINUOUS
10
0.4260166141732283
20
1.3974342519685039
11
0.4263435826771653
21
1.3972988188976379
0
LINE
8
BLACK
6
CONTINUOUS
10
0.4263435826771653
20
1.3972988188976379
11
0.4265350787401574
21
1.3968364173228347
0
LINE
8
BLACK
6
CONTINUOUS
10
0.4265350787401574
20
1.3968364173228347
11
0.4268629527559055
21
1.3964584251968504
0
LINE
8
BLACK
6
CONTINUOUS
10
0.4268629527559055
20
1.3964584251968504
11
0.4268378346456693
21
1.3961055118110235
0
LINE
8
BLACK
6
CONTINUOUS
10
0.4268378346456693
20
1.3961055118110235
11
0.4269733070866142
21
1.3957785433070866
0
LINE
8
BLACK
6
CONTINUOUS
10
0.4269733070866142
20
1.3957785433070866
11
0.4269733070866142
21
1.3885475984251969
0
LINE
8
BLACK
6
CONTINUOUS
10
0.4269733070866142
20
1.3885475984251969
11
0.4313899606299212
21
1.3885475984251969
0
LINE
8
BLACK
6
CONTINUOUS
10
0.4313899606299212
20
1.3885475984251969
11
0.4329102362204724
21
1.3879178740157481
0
LINE
8
BLACK
6
CONTINUOUS
10
0.4329102362204724
20
1.3879178740157481
11
0.4335399606299212
21
1.3863975984251968
0
LINE
8
BLACK
6
CONTINUOUS
10
0.4335399606299212
20
1.3863975984251968
11
0.4329102362204724
21
1.3848773228346456
0
LINE
8
BLACK
6
CONTINUOUS
10
0.4329102362204724
20
1.3848773228346456
11
0.4313899606299212
21
1.3842475984251967
0
LINE
8
BLACK
6
CONTINUOUS
10
0.4313899606299212
20
1.3842475984251967
11
0.4269733070866142
21
1.3842475984251967
0
LINE
8
BLACK
6
CONTINUOUS
10
0.4269733070866142
20
1.3842475984251967
11
0.4269733070866142
21
1.3835833070866141
0
LINE
8
BLACK
6
CONTINUOUS
10
0.4269733070866142
20
1.3835833070866141
11
0.4263435826771653
21
1.3820630314960629
0
LINE
8
BLACK
6
CONTINUOUS
10
0.4263435826771653
20
1.3820630314960629
11
0.4248233070866141
21
1.381433307086614
0
LINE
8
BLACK
6
CONTINUOUS
10
0.4248233070866141
20
1.381433307086614
11
0.423303031496063
21
1.3820630314960629
0
LINE
8
BLACK
6
CONTINUOUS
10
0.423303031496063
20
1.3820630314960629
11
0.4226733070866142
21
1.3835833070866141
0
LINE
8
BLACK
6
CONTINUOUS
10
0.4226733070866142
20
1.3835833070866141
11
0.4226733070866142
21
1.3842475984251967
0
LINE
8
BLACK
6
CONTINUOUS
10
0.4226733070866142
20
1.3842475984251967
11
0.4182566141732283
21
1.3842475984251967
0
LINE
8
BLACK
6
CONTINUOUS
10
0.4182566141732283
20
1.3842475984251967
11
0.4167363385826772
21
1.3848773228346456
0
LINE
8
BLACK
6
CONTINUOUS
10
0.4167363385826772
20
1.3848773228346456
11
0.4161066141732284
21
1.3863975984251968
0
LINE
8
BLACK
6
CONTINUOUS
10
0.4161066141732284
20
1.3863975984251968
11
0.4167363385826772
21
1.3879178740157481
0
LINE
8
BLACK
6
CONTINUOUS
10
0.4167363385826772
20
1.3879178740157481
11
0.4182566141732283
21
1.3885475984251969
0
LINE
8
BLACK
6
CONTINUOUS
10
0.4182566141732283
20
1.3885475984251969
11
0.4226733070866142
21
1.3885475984251969
0
LINE
8
BLACK
6
CONTINUOUS
10
0.4226733070866142
20
1.3885475984251969
11
0.4226733070866142
21
1.3927955511811023
0
LINE
8
BLACK
6
CONTINUOUS
10
0.4226733070866142
20
1.3927955511811023
11
0.4125674803149606
21
1.3894269291338583
0
LINE
8
BLACK
6
CONTINUOUS
10
0.4125674803149606
20
1.3894269291338583
11
0.4119768897637795
21
1.3880011417322835
0
LINE
8
BLACK
6
CONTINUOUS
10
0.4119768897637795
20
1.3880011417322835
11
0.4104566141732283
21
1.3873714173228346
0
LINE
8
BLACK
6
CONTINUOUS
10
0.4104566141732283
20
1.3873714173228346
11
0.4060399606299213
21
1.3873714173228346
0
LINE
8
BLACK
6
CONTINUOUS
10
0.4060399606299213
20
1.3873714173228346
11
0.4060399606299213
21
1.3838928740157479
0
LINE
8
BLACK
6
CONTINUOUS
10
0.4060399606299213
20
1.3838928740157479
11
0.4058484251968504
21
1.3834305118110235
0
LINE
8
BLACK
6
CONTINUOUS
10
0.4058484251968504
20
1.3834305118110235
11
0.4058129921259843
21
1.3829314173228346
0
LINE
8
BLACK
6
CONTINUOUS
10
0.4058129921259843
20
1.3829314173228346
11
0.4048749212598425
21
1.3810551574803149
0
LINE
8
BLACK
6
CONTINUOUS
10
0.4048749212598425
20
1.3810551574803149
11
0.4046075196850394
21
1.3808232677165353
0
LINE
8
BLACK
6
CONTINUOUS
10
0.4046075196850394
20
1.3808232677165353
11
0.404472125984252
21
1.3804963385826772
0
LINE
8
BLACK
6
CONTINUOUS
10
0.404472125984252
20
1.3804963385826772
11
0.4035340157480315
21
1.3795582677165354
0
LINE
8
BLACK
6
CONTINUOUS
10
0.4035340157480315
20
1.3795582677165354
11
0.403207125984252
21
1.3794228740157479
0
LINE
8
BLACK
6
CONTINUOUS
10
0.403207125984252
20
1.3794228740157479
11
0.4029753149606299
21
1.3791555511811022
0
LINE
8
BLACK
6
CONTINUOUS
10
0.4029753149606299
20
1.3791555511811022
11
0.4010991338582677
21
1.3782174803149605
0
LINE
8
BLACK
6
CONTINUOUS
10
0.4010991338582677
20
1.3782174803149605
11
0.4005999606299213
21
1.3781819685039369
0
LINE
8
BLACK
6
CONTINUOUS
10
0.4005999606299213
20
1.3781819685039369
11
0.4001375984251969
21
1.3779904724409449
0
LINE
8
BLACK
6
CONTINUOUS
10
0.4001375984251969
20
1.3779904724409449
11
0.3945090157480315
21
1.3779904724409449
0
LINE
8
BLACK
6
CONTINUOUS
10
0.3945090157480315
20
1.3779904724409449
11
0.3940466141732283
21
1.3781819685039369
0
LINE
8
BLACK
6
CONTINUOUS
10
0.3940466141732283
20
1.3781819685039369
11
0.3935474803149606
21
1.3782174803149605
0
LINE
8
BLACK
6
CONTINUOUS
10
0.3935474803149606
20
1.3782174803149605
11
0.3916712992125984
21
1.379155590551181
0
LINE
8
BLACK
6
CONTINUOUS
10
0.3916712992125984
20
1.379155590551181
11
0.3914394488188976
21
1.3794228740157479
0
LINE
8
BLACK
6
CONTINUOUS
10
0.3914394488188976
20
1.3794228740157479
11
0.3911125984251969
21
1.3795582677165354
0
LINE
8
BLACK
6
CONTINUOUS
10
0.3911125984251969
20
1.3795582677165354
11
0.3901744881889764
21
1.3804963385826772
0
LINE
8
BLACK
6
CONTINUOUS
10
0.3901744881889764
20
1.3804963385826772
11
0.3900390157480315
21
1.3808232677165353
0
LINE
8
BLACK
6
CONTINUOUS
10
0.3900390157480315
20
1.3808232677165353
11
0.3897716929133858
21
1.3810551574803149
0
LINE
8
BLACK
6
CONTINUOUS
10
0.3897716929133858
20
1.3810551574803149
11
0.3888335826771653
21
1.3829313779527559
0
LINE
8
BLACK
6
CONTINUOUS
10
0.3888335826771653
20
1.3829313779527559
11
0.3887981102362205
21
1.3834305118110235
0
LINE
8
BLACK
6
CONTINUOUS
10
0.3887981102362205
20
1.3834305118110235
11
0.3886066141732283
21
1.3838928740157479
0
LINE
8
BLACK
6
CONTINUOUS
10
0.3886066141732283
20
1.3838928740157479
11
0.3886066141732283
21
1.3876452362204723
0
LINE
8
BLACK
6
CONTINUOUS
10
0.3886066141732283
20
1.3876452362204723
11
0.3887981102362205
21
1.3881075984251967
0
LINE
8
BLACK
6
CONTINUOUS
10
0.3887981102362205
20
1.3881075984251967
11
0.3888336220472441
21
1.3886067716535433
0
LINE
8
BLACK
6
CONTINUOUS
10
0.3888336220472441
20
1.3886067716535433
11
0.3889166535433071
21
1.3887728740157479
0
LINE
8
BLACK
6
CONTINUOUS
10
0.3889166535433071
20
1.3887728740157479
11
0.3886066141732283
21
1.3895214173228345
0
LINE
8
BLACK
6
CONTINUOUS
10
0.3886066141732283
20
1.3895214173228345
11
0.3892363385826771
21
1.3910416929133858
0
LINE
8
BLACK
6
CONTINUOUS
10
0.3892363385826771
20
1.3910416929133858
11
0.3907566141732283
21
1.3916714173228346
0
LINE
8
BLACK
6
CONTINUOUS
10
0.3907566141732283
20
1.3916714173228346
11
0.408801968503937
21
1.3916714173228346
0
LINE
8
BLACK
6
CONTINUOUS
10
0.408801968503937
20
1.3916714173228346
11
0.4088288582677165
21
1.3920495669291337
0
LINE
8
BLACK
6
CONTINUOUS
10
0.4088288582677165
20
1.3920495669291337
11
0.4100720078740158
21
1.3931277559055117
0
LINE
8
BLACK
6
CONTINUOUS
10
0.4100720078740158
20
1.3931277559055117
11
0.4241433858267716
21
1.3978181889763779
0
LINE
8
BLACK
6
CONTINUOUS
10
0.4241433858267716
20
1.3978181889763779
11
0.4244962992125984
21
1.3977930708661417
0
LINE
8
BLACK
6
CONTINUOUS
10
0.4244962992125984
20
1.3977930708661417
11
0.4248233070866141
21
1.3979285433070865
0
LINE
8
BLACK
6
CONTINUOUS
10
0.4248233070866141
20
1.3979285433070865
11
0.4252857086614173
21
1.3977369685039369
0
LINE
8
BLACK
6
CONTINUOUS
10
0.3929066141732284
20
1.3871376771653543
11
0.3929066141732284
21
1.3844004330708661
0
LINE
8
BLACK
6
CONTINUOUS
10
0.3929066141732284
20
1.3844004330708661
11
0.3934616929133858
21
1.3832901968503937
0
LINE
8
BLACK
6
CONTINUOUS
10
0.3934616929133858
20
1.3832901968503937
11
0.3939063779527559
21
1.3828455511811024
0
LINE
8
BLACK
6
CONTINUOUS
10
0.3939063779527559
20
1.3828455511811024
11
0.3950166141732284
21
1.3822904724409448
0
LINE
8
BLACK
6
CONTINUOUS
10
0.3950166141732284
20
1.3822904724409448
11
0.3996300787401575
21
1.3822904724409448
0
LINE
8
BLACK
6
CONTINUOUS
10
0.3996300787401575
20
1.3822904724409448
11
0.4007401968503937
21
1.3828455511811024
0
LINE
8
BLACK
6
CONTINUOUS
10
0.4007401968503937
20
1.3828455511811024
11
0.401184842519685
21
1.3832901968503937
0
LINE
8
BLACK
6
CONTINUOUS
10
0.401184842519685
20
1.3832901968503937
11
0.4017399606299212
21
1.3844003937007874
0
LINE
8
BLACK
6
CONTINUOUS
10
0.4017399606299212
20
1.3844003937007874
11
0.4017399606299212
21
1.3871376771653543
0
LINE
8
BLACK
6
CONTINUOUS
10
0.4017399606299212
20
1.3871376771653543
11
0.4016231102362204
21
1.3873714173228346
0
LINE
8
BLACK
6
CONTINUOUS
10
0.4016231102362204
20
1.3873714173228346
11
0.3930234645669291
21
1.3873714173228346
0
LINE
8
BLACK
6
CONTINUOUS
10
0.3930234645669291
20
1.3873714173228346
11
0.3929066141732284
21
1.3871376771653543
0
LINE
8
BLACK
6
CONTINUOUS
10
0.3966370472440945
20
1.4112670866141732
11
0.3969066535433071
21
1.4113072047244095
0
LINE
8
BLACK
6
CONTINUOUS
10
0.3969066535433071
20
1.4113072047244095
11
0.4006590551181102
21
1.4103691338582678
0
LINE
8
BLACK
6
CONTINUOUS
10
0.4006590551181102
20
1.4103691338582678
11
0.4008553937007874
21
1.4102236220472442
0
LINE
8
BLACK
6
CONTINUOUS
10
0.4008553937007874
20
1.4102236220472442
11
0.401099094488189
21
1.4102063385826771
0
LINE
8
BLACK
6
CONTINUOUS
10
0.401099094488189
20
1.4102063385826771
11
0.4029752755905512
21
1.4092682677165353
0
LINE
8
BLACK
6
CONTINUOUS
10
0.4029752755905512
20
1.4092682677165353
11
0.403207125984252
21
1.4090009055118109
0
LINE
8
BLACK
6
CONTINUOUS
10
0.403207125984252
20
1.4090009055118109
11
0.4035340551181102
21
1.4088655118110236
0
LINE
8
BLACK
6
CONTINUOUS
10
0.4035340551181102
20
1.4088655118110236
11
0.4044721653543307
21
1.4079274015748031
0
LINE
8
BLACK
6
CONTINUOUS
10
0.4044721653543307
20
1.4079274015748031
11
0.4046075590551181
21
1.4076004724409448
0
LINE
8
BLACK
6
CONTINUOUS
10
0.4046075590551181
20
1.4076004724409448
11
0.4048749212598425
21
1.4073686220472441
0
LINE
8
BLACK
6
CONTINUOUS
10
0.4048749212598425
20
1.4073686220472441
11
0.4058129921259843
21
1.4054924409448819
0
LINE
8
BLACK
6
CONTINUOUS
10
0.4058129921259843
20
1.4054924409448819
11
0.4058484251968504
21
1.4049932677165353
0
LINE
8
BLACK
6
CONTINUOUS
10
0.4058484251968504
20
1.4049932677165353
11
0.4060399606299213
21
1.4045309448818897
0
LINE
8
BLACK
6
CONTINUOUS
10
0.4060399606299213
20
1.4045309448818897
11
0.4060399606299213
21
1.4026547637795275
0
LINE
8
BLACK
6
CONTINUOUS
10
0.4060399606299213
20
1.4026547637795275
11
0.4058484251968504
21
1.4021924015748031
0
LINE
8
BLACK
6
CONTINUOUS
10
0.4058484251968504
20
1.4021924015748031
11
0.4058129921259843
21
1.4016933070866142
0
LINE
8
BLACK
6
CONTINUOUS
10
0.4058129921259843
20
1.4016933070866142
11
0.4048749212598425
21
1.3998170472440945
0
LINE
8
BLACK
6
CONTINUOUS
10
0.4048749212598425
20
1.3998170472440945
11
0.4046075196850394
21
1.3995851574803149
0
LINE
8
BLACK
6
CONTINUOUS
10
0.4046075196850394
20
1.3995851574803149
11
0.404472125984252
21
1.3992582283464567
0
LINE
8
BLACK
6
CONTINUOUS
10
0.404472125984252
20
1.3992582283464567
11
0.4035340157480315
21
1.398320157480315
0
LINE
8
BLACK
6
CONTINUOUS
10
0.4035340157480315
20
1.398320157480315
11
0.403207125984252
21
1.3981847637795275
0
LINE
8
BLACK
6
CONTINUOUS
10
0.403207125984252
20
1.3981847637795275
11
0.4029753149606299
21
1.3979174409448818
0
LINE
8
BLACK
6
CONTINUOUS
10
0.4029753149606299
20
1.3979174409448818
11
0.4010991338582677
21
1.3969793700787401
0
LINE
8
BLACK
6
CONTINUOUS
10
0.4010991338582677
20
1.3969793700787401
11
0.4008553937007874
21
1.3969620078740157
0
LINE
8
BLACK
6
CONTINUOUS
10
0.4008553937007874
20
1.3969620078740157
11
0.4006590157480315
21
1.3968165354330708
0
LINE
8
BLACK
6
CONTINUOUS
10
0.4006590157480315
20
1.3968165354330708
11
0.3969066141732283
21
1.3958784645669291
0
LINE
8
BLACK
6
CONTINUOUS
10
0.3969066141732283
20
1.3958784645669291
11
0.396636968503937
21
1.3959185826771654
0
LINE
8
BLACK
6
CONTINUOUS
10
0.396636968503937
20
1.3959185826771654
11
0.3963851968503937
21
1.3958142913385827
0
LINE
8
BLACK
6
CONTINUOUS
10
0.3963851968503937
20
1.3958142913385827
11
0.3916947244094488
21
1.3958142913385827
0
LINE
8
BLACK
6
CONTINUOUS
10
0.3916947244094488
20
1.3958142913385827
11
0.391442874015748
21
1.3959185826771654
0
LINE
8
BLACK
6
CONTINUOUS
10
0.391442874015748
20
1.3959185826771654
11
0.3911732677165354
21
1.3958784645669291
0
LINE
8
BLACK
6
CONTINUOUS
10
0.3911732677165354
20
1.3958784645669291
11
0.387420905511811
21
1.3968165354330708
0
LINE
8
BLACK
6
CONTINUOUS
10
0.387420905511811
20
1.3968165354330708
11
0.3872245275590551
21
1.3969620078740157
0
LINE
8
BLACK
6
CONTINUOUS
10
0.3872245275590551
20
1.3969620078740157
11
0.3869808661417323
21
1.3969793307086613
0
LINE
8
BLACK
6
CONTINUOUS
10
0.3869808661417323
20
1.3969793307086613
11
0.3851046456692913
21
1.3979174409448818
0
LINE
8
BLACK
6
CONTINUOUS
10
0.3851046456692913
20
1.3979174409448818
11
0.3848727559055118
21
1.3981847637795275
0
LINE
8
BLACK
6
CONTINUOUS
10
0.3848727559055118
20
1.3981847637795275
11
0.3845458661417323
21
1.3983201968503938
0
LINE
8
BLACK
6
CONTINUOUS
10
0.3845458661417323
20
1.3983201968503938
11
0.3836077952755905
21
1.3992582677165355
0
LINE
8
BLACK
6
CONTINUOUS
10
0.3836077952755905
20
1.3992582677165355
11
0.3834723622047244
21
1.3995851574803149
0
LINE
8
BLACK
6
CONTINUOUS
10
0.3834723622047244
20
1.3995851574803149
11
0.3832050393700787
21
1.3998170472440945
0
LINE
8
BLACK
6
CONTINUOUS
10
0.3832050393700787
20
1.3998170472440945
11
0.3822669291338582
21
1.4016932677165355
0
LINE
8
BLACK
6
CONTINUOUS
10
0.3822669291338582
20
1.4016932677165355
11
0.3822314566929134
21
1.4021924015748031
0
LINE
8
BLACK
6
CONTINUOUS
10
0.3822314566929134
20
1.4021924015748031
11
0.3820399606299212
21
1.4026547637795275
0
LINE
8
BLACK
6
CONTINUOUS
10
0.3820399606299212
20
1.4026547637795275
11
0.3820399606299212
21
1.4045309448818897
0
LINE
8
BLACK
6
CONTINUOUS
10
0.3820399606299212
20
1.4045309448818897
11
0.3822314566929134
21
1.4049933070866141
0
LINE
8
BLACK
6
CONTINUOUS
10
0.3822314566929134
20
1.4049933070866141
11
0.382266968503937
21
1.4054924803149607
0
LINE
8
BLACK
6
CONTINUOUS
10
0.382266968503937
20
1.4054924803149607
11
0.3832050393700787
21
1.4073686614173229
0
LINE
8
BLACK
6
CONTINUOUS
10
0.3832050393700787
20
1.4073686614173229
11
0.3834723622047244
21
1.4076004724409448
0
LINE
8
BLACK
6
CONTINUOUS
10
0.3834723622047244
20
1.4076004724409448
11
0.3836077559055118
21
1.4079273622047244
0
LINE
8
BLACK
6
CONTINUOUS
10
0.3836077559055118
20
1.4079273622047244
11
0.3845458267716536
21
1.4088654724409448
0
LINE
8
BLACK
6
CONTINUOUS
10
0.3845458267716536
20
1.4088654724409448
11
0.3848727559055118
21
1.4090008661417321
0
LINE
8
BLACK
6
CONTINUOUS
10
0.3848727559055118
20
1.4090008661417321
11
0.3851046456692913
21
1.4092682677165353
0
LINE
8
BLACK
6
CONTINUOUS
10
0.3851046456692913
20
1.4092682677165353
11
0.386980905511811
21
1.4102063385826771
0
LINE
8
BLACK
6
CONTINUOUS
10
0.386980905511811
20
1.4102063385826771
11
0.3872246062992126
21
1.4102236220472442
0
LINE
8
BLACK
6
CONTINUOUS
10
0.3872246062992126
20
1.4102236220472442
11
0.387420905511811
21
1.410369094488189
0
LINE
8
BLACK
6
CONTINUOUS
10
0.387420905511811
20
1.410369094488189
11
0.3911732283464567
21
1.4113072047244095
0
LINE
8
BLACK
6
CONTINUOUS
10
0.3911732283464567
20
1.4113072047244095
11
0.3914428346456693
21
1.4112670866141732
0
LINE
8
BLACK
6
CONTINUOUS
10
0.3914428346456693
20
1.4112670866141732
11
0.3916947244094488
21
1.4113714173228347
0
LINE
8
BLACK
6
CONTINUOUS
10
0.3916947244094488
20
1.4113714173228347
11
0.3963851968503937
21
1.4113714173228347
0
LINE
8
BLACK
6
CONTINUOUS
10
0.3963851968503937
20
1.4113714173228347
11
0.3966370472440945
21
1.4112670866141732
0
LINE
8
BLACK
6
CONTINUOUS
10
0.3886928346456693
20
1.4062547637795275
11
0.3873396850393701
21
1.4055781889763779
0
LINE
8
BLACK
6
CONTINUOUS
10
0.3873396850393701
20
1.4055781889763779
11
0.3868950393700787
21
1.4051335433070866
0
LINE
8
BLACK
6
CONTINUOUS
10
0.3868950393700787
20
1.4051335433070866
11
0.3863399606299213
21
1.4040233858267717
0
LINE
8
BLACK
6
CONTINUOUS
10
0.3863399606299213
20
1.4040233858267717
11
0.3863399606299213
21
1.4031623228346457
0
LINE
8
BLACK
6
CONTINUOUS
10
0.3863399606299213
20
1.4031623228346457
11
0.3868950787401575
21
1.4020520866141732
0
LINE
8
BLACK
6
CONTINUOUS
10
0.3868950787401575
20
1.4020520866141732
11
0.3873396850393701
21
1.4016074803149605
0
LINE
8
BLACK
6
CONTINUOUS
10
0.3873396850393701
20
1.4016074803149605
11
0.3886926771653543
21
1.4009309448818896
0
LINE
8
BLACK
6
CONTINUOUS
10
0.3886926771653543
20
1.4009309448818896
11
0.3919594488188976
21
1.4001142913385827
0
LINE
8
BLACK
6
CONTINUOUS
10
0.3919594488188976
20
1.4001142913385827
11
0.3961204724409449
21
1.4001142913385827
0
LINE
8
BLACK
6
CONTINUOUS
10
0.3961204724409449
20
1.4001142913385827
11
0.3993872834645669
21
1.4009309842519684
0
LINE
8
BLACK
6
CONTINUOUS
10
0.3993872834645669
20
1.4009309842519684
11
0.4007401968503937
21
1.4016074409448818
0
LINE
8
BLACK
6
CONTINUOUS
10
0.4007401968503937
20
1.4016074409448818
11
0.401184842519685
21
1.4020520866141732
0
LINE
8
BLACK
6
CONTINUOUS
10
0.401184842519685
20
1.4020520866141732
11
0.4017399606299212
21
1.403162283464567
0
LINE
8
BLACK
6
CONTINUOUS
10
0.4017399606299212
20
1.403162283464567
11
0.4017399606299212
21
1.4040233858267717
0
LINE
8
BLACK
6
CONTINUOUS
10
0.4017399606299212
20
1.4040233858267717
11
0.401184842519685
21
1.4051335826771654
0
LINE
8
BLACK
6
CONTINUOUS
10
0.401184842519685
20
1.4051335826771654
11
0.4007402362204724
21
1.4055781889763779
0
LINE
8
BLACK
6
CONTINUOUS
10
0.4007402362204724
20
1.4055781889763779
11
0.3993870866141732
21
1.4062547637795275
0
LINE
8
BLACK
6
CONTINUOUS
10
0.3993870866141732
20
1.4062547637795275
11
0.3961205905511811
21
1.4070714173228347
0
LINE
8
BLACK
6
CONTINUOUS
10
0.3961205905511811
20
1.4070714173228347
11
0.3919594881889764
21
1.4070714173228347
0
LINE
8
BLACK
6
CONTINUOUS
10
0.3919594881889764
20
1.4070714173228347
11
0.3886928346456693
21
1.4062547637795275
0
LINE
8
BLACK
6
CONTINUOUS
10
0.4231989763779527
20
1.4175242125984251
11
0.4234685826771654
21
1.4175643307086614
0
LINE
8
BLACK
6
CONTINUOUS
10
0.4234685826771654
20
1.4175643307086614
11
0.4272209448818898
21
1.4166262598425197
0
LINE
8
BLACK
6
CONTINUOUS
10
0.4272209448818898
20
1.4166262598425197
11
0.4274172440944882
21
1.416480748031496
0
LINE
8
BLACK
6
CONTINUOUS
10
0.4274172440944882
20
1.416480748031496
11
0.4276609842519685
21
1.4164634645669292
0
LINE
8
BLACK
6
CONTINUOUS
10
0.4276609842519685
20
1.4164634645669292
11
0.4295371653543307
21
1.4155253937007874
0
LINE
8
BLACK
6
CONTINUOUS
10
0.4295371653543307
20
1.4155253937007874
11
0.4297689763779527
21
1.4152580708661417
0
LINE
8
BLACK
6
CONTINUOUS
10
0.4297689763779527
20
1.4152580708661417
11
0.4300959448818897
21
1.4151226771653542
0
LINE
8
BLACK
6
CONTINUOUS
10
0.4300959448818897
20
1.4151226771653542
11
0.4319721653543307
21
1.413246496062992
0
LINE
8
BLACK
6
CONTINUOUS
10
0.4319721653543307
20
1.413246496062992
11
0.4321636614173228
21
1.4127840944881889
0
LINE
8
BLACK
6
CONTINUOUS
10
0.4321636614173228
20
1.4127840944881889
11
0.4324915748031496
21
1.412406062992126
0
LINE
8
BLACK
6
CONTINUOUS
10
0.4324915748031496
20
1.412406062992126
11
0.4334296456692913
21
1.4095917716535433
0
LINE
8
BLACK
6
CONTINUOUS
10
0.4334296456692913
20
1.4095917716535433
11
0.4334045275590551
21
1.4092387795275589
0
LINE
8
BLACK
6
CONTINUOUS
10
0.4334045275590551
20
1.4092387795275589
11
0.4335399606299212
21
1.4089118897637796
0
LINE
8
BLACK
6
CONTINUOUS
10
0.4335399606299212
20
1.4089118897637796
11
0.4335399606299212
21
1.4070356692913386
0
LINE
8
BLACK
6
CONTINUOUS
10
0.4335399606299212
20
1.4070356692913386
11
0.4334045275590551
21
1.406708779527559
0
LINE
8
BLACK
6
CONTINUOUS
10
0.4334045275590551
20
1.406708779527559
11
0.4334296456692913
21
1.4063557874015749
0
LINE
8
BLACK
6
CONTINUOUS
10
0.4334296456692913
20
1.4063557874015749
11
0.4324915748031496
21
1.4035415354330709
0
LINE
8
BLACK
6
CONTINUOUS
10
0.4324915748031496
20
1.4035415354330709
11
0.4321636614173228
21
1.4031634645669291
0
LINE
8
BLACK
6
CONTINUOUS
10
0.4321636614173228
20
1.4031634645669291
11
0.4319721653543307
21
1.4027011417322834
0
LINE
8
BLACK
6
CONTINUOUS
10
0.4319721653543307
20
1.4027011417322834
11
0.4310340551181102
21
1.401763031496063
0
LINE
8
BLACK
6
CONTINUOUS
10
0.4310340551181102
20
1.401763031496063
11
0.429513779527559
21
1.4011333070866141
0
LINE
8
BLACK
6
CONTINUOUS
10
0.429513779527559
20
1.4011333070866141
11
0.4279935039370079
21
1.401763031496063
0
LINE
8
BLACK
6
CONTINUOUS
10
0.4279935039370079
20
1.401763031496063
11
0.4273637795275591
21
1.4032833070866142
0
LINE
8
BLACK
6
CONTINUOUS
10
0.4273637795275591
20
1.4032833070866142
11
0.4279935039370079
21
1.4048035826771654
0
LINE
8
BLACK
6
CONTINUOUS
10
0.4279935039370079
20
1.4048035826771654
11
0.4285726771653543
21
1.4053827559055119
0
LINE
8
BLACK
6
CONTINUOUS
10
0.4285726771653543
20
1.4053827559055119
11
0.4292399606299213
21
1.4073845669291338
0
LINE
8
BLACK
6
CONTINUOUS
10
0.4292399606299213
20
1.4073845669291338
11
0.4292399606299213
21
1.4085629921259841
0
LINE
8
BLACK
6
CONTINUOUS
10
0.4292399606299213
20
1.4085629921259841
11
0.4285726771653543
21
1.4105648031496063
0
LINE
8
BLACK
6
CONTINUOUS
10
0.4285726771653543
20
1.4105648031496063
11
0.4273020472440945
21
1.4118353543307087
0
LINE
8
BLACK
6
CONTINUOUS
10
0.4273020472440945
20
1.4118353543307087
11
0.4259490157480315
21
1.4125118897637794
0
LINE
8
BLACK
6
CONTINUOUS
10
0.4259490157480315
20
1.4125118897637794
11
0.4226825196850393
21
1.4133285433070866
0
LINE
8
BLACK
6
CONTINUOUS
10
0.4226825196850393
20
1.4133285433070866
11
0.4203975984251969
21
1.4133285433070866
0
LINE
8
BLACK
6
CONTINUOUS
10
0.4203975984251969
20
1.4133285433070866
11
0.417130905511811
21
1.4125118897637794
0
LINE
8
BLACK
6
CONTINUOUS
10
0.417130905511811
20
1.4125118897637794
11
0.4157777559055118
21
1.41183531496063
0
LINE
8
BLACK
6
CONTINUOUS
10
0.4157777559055118
20
1.41183531496063
11
0.4145072440944882
21
1.4105648031496063
0
LINE
8
BLACK
6
CONTINUOUS
10
0.4145072440944882
20
1.4105648031496063
11
0.4138399606299212
21
1.4085629133858268
0
LINE
8
BLACK
6
CONTINUOUS
10
0.4138399606299212
20
1.4085629133858268
11
0.4138399606299212
21
1.4073845275590551
0
LINE
8
BLACK
6
CONTINUOUS
10
0.4138399606299212
20
1.4073845275590551
11
0.4145072047244094
21
1.4053827952755906
0
LINE
8
BLACK
6
CONTINUOUS
10
0.4145072047244094
20
1.4053827952755906
11
0.4150864566929134
21
1.4048035433070867
0
LINE
8
BLACK
6
CONTINUOUS
10
0.4150864566929134
20
1.4048035433070867
11
0.4157161417322834
21
1.4032832677165354
0
LINE
8
BLACK
6
CONTINUOUS
10
0.4157161417322834
20
1.4032832677165354
11
0.4150863779527559
21
1.4017629921259842
0
LINE
8
BLACK
6
CONTINUOUS
10
0.4150863779527559
20
1.4017629921259842
11
0.4135661023622047
21
1.4011333070866141
0
LINE
8
BLACK
6
CONTINUOUS
10
0.4135661023622047
20
1.4011333070866141
11
0.4120458267716535
21
1.4017630708661417
0
LINE
8
BLACK
6
CONTINUOUS
10
0.4120458267716535
20
1.4017630708661417
11
0.4111077559055118
21
1.4027011811023622
0
LINE
8
BLACK
6
CONTINUOUS
10
0.4111077559055118
20
1.4027011811023622
11
0.4109162598425197
21
1.4031634645669291
0
LINE
8
BLACK
6
CONTINUOUS
10
0.4109162598425197
20
1.4031634645669291
11
0.4105884251968504
21
1.4035414960629922
0
LINE
8
BLACK
6
CONTINUOUS
10
0.4105884251968504
20
1.4035414960629922
11
0.4096503149606299
21
1.4063557480314961
0
LINE
8
BLACK
6
CONTINUOUS
10
0.4096503149606299
20
1.4063557480314961
11
0.4096753543307087
21
1.4067087007874015
0
LINE
8
BLACK
6
CONTINUOUS
10
0.4096753543307087
20
1.4067087007874015
11
0.4095399606299213
21
1.4070356692913386
0
LINE
8
BLACK
6
CONTINUOUS
10
0.4095399606299213
20
1.4070356692913386
11
0.4095399606299213
21
1.4089118897637796
0
LINE
8
BLACK
6
CONTINUOUS
10
0.4095399606299213
20
1.4089118897637796
11
0.4096753543307087
21
1.4092387401574802
0
LINE
8
BLACK
6
CONTINUOUS
10
0.4096753543307087
20
1.4092387401574802
11
0.4096502755905512
21
1.4095917716535433
0
LINE
8
BLACK
6
CONTINUOUS
10
0.4096502755905512
20
1.4095917716535433
11
0.4105884251968504
21
1.4124061023622048
0
LINE
8
BLACK
6
CONTINUOUS
10
0.4105884251968504
20
1.4124061023622048
11
0.4109162598425197
21
1.4127841338582676
0
LINE
8
BLACK
6
CONTINUOUS
10
0.4109162598425197
20
1.4127841338582676
11
0.4111077952755905
21
1.4132464566929133
0
LINE
8
BLACK
6
CONTINUOUS
10
0.4111077952755905
20
1.4132464566929133
11
0.4129839763779528
21
1.4151226377952755
0
LINE
8
BLACK
6
CONTINUOUS
10
0.4129839763779528
20
1.4151226377952755
11
0.4133108661417323
21
1.415258031496063
0
LINE
8
BLACK
6
CONTINUOUS
10
0.4133108661417323
20
1.415258031496063
11
0.4135427559055118
21
1.4155253937007874
0
LINE
8
BLACK
6
CONTINUOUS
10
0.4135427559055118
20
1.4155253937007874
11
0.415418937007874
21
1.4164634645669292
0
LINE
8
BLACK
6
CONTINUOUS
10
0.415418937007874
20
1.4164634645669292
11
0.4156626771653543
21
1.416480748031496
0
LINE
8
BLACK
6
CONTINUOUS
10
0.4156626771653543
20
1.416480748031496
11
0.4158589763779528
21
1.4166262204724409
0
LINE
8
BLACK
6
CONTINUOUS
10
0.4158589763779528
20
1.4166262204724409
11
0.4196113779527559
21
1.4175643307086614
0
LINE
8
BLACK
6
CONTINUOUS
10
0.4196113779527559
20
1.4175643307086614
11
0.4198809448818898
21
1.4175242125984251
0
LINE
8
BLACK
6
CONTINUOUS
10
0.4198809448818898
20
1.4175242125984251
11
0.4201328346456693
21
1.4176285433070865
0
LINE
8
BLACK
6
CONTINUOUS
10
0.4201328346456693
20
1.4176285433070865
11
0.4229471259842519
21
1.4176285433070865
0
LINE
8
BLACK
6
CONTINUOUS
10
0.4229471259842519
20
1.4176285433070865
11
0.4231989763779527
21
1.4175242125984251
0
LINE
8
BLACK
6
CONTINUOUS
10
0.4403835039370079
20
1.4628851181102362
11
0.4405127559055118
21
1.4629079133858267
0
LINE
8
BLACK
6
CONTINUOUS
10
0.4405127559055118
20
1.4629079133858267
11
0.4406263385826771
21
1.4628422834645669
0
LINE
8
BLACK
6
CONTINUOUS
10
0.4406263385826771
20
1.4628422834645669
11
0.4410099212598425
21
1.4627746850393701
0
LINE
8
BLACK
6
CONTINUOUS
10
0.4410099212598425
20
1.4627746850393701
11
0.4415975984251969
21
1.4622815354330709
0
LINE
8
BLACK
6
CONTINUOUS
10
0.4415975984251969
20
1.4622815354330709
11
0.4422619291338583
21
1.4618979921259843
0
LINE
8
BLACK
6
CONTINUOUS
10
0.4422619291338583
20
1.4618979921259843
11
0.442353031496063
21
1.4616476377952756
0
LINE
8
BLACK
6
CONTINUOUS
10
0.442353031496063
20
1.4616476377952756
11
0.4425571653543307
21
1.461476377952756
0
LINE
8
BLACK
6
CONTINUOUS
10
0.4425571653543307
20
1.461476377952756
11
0.4426903937007874
21
1.4607207874015748
0
LINE
8
BLACK
6
CONTINUOUS
10
0.4426903937007874
20
1.4607207874015748
11
0.4429527559055118
21
1.46
0
LINE
8
BLACK
6
CONTINUOUS
10
0.4429527559055118
20
1.46
11
0.4429527559055118
21
1.4199999999999999
0
LINE
8
BLACK
6
CONTINUOUS
10
0.4429527559055118
20
1.4199999999999999
11
0.4427746850393701
21
1.4189900787401575
0
LINE
8
BLACK
6
CONTINUOUS
10
0.4427746850393701
20
1.4189900787401575
11
0.4414763779527559
21
1.4174428346456693
0
LINE
8
BLACK
6
CONTINUOUS
10
0.4414763779527559
20
1.4174428346456693
11
0.4394872440944882
21
1.4170920866141732
0
LINE
8
BLACK
6
CONTINUOUS
10
0.4394872440944882
20
1.4170920866141732
11
0.4377380708661417
21
1.4181020078740156
0
LINE
8
BLACK
6
CONTINUOUS
10
0.4377380708661417
20
1.4181020078740156
11
0.4370472440944882
21
1.4199999999999999
0
LINE
8
BLACK
6
CONTINUOUS
10
0.4370472440944882
20
1.4199999999999999
11
0.4370472440944882
21
1.4570472440944882
0
LINE
8
BLACK
6
CONTINUOUS
10
0.4370472440944882
20
1.4570472440944882
11
0.3829527559055118
21
1.4570472440944882
0
LINE
8
BLACK
6
CONTINUOUS
10
0.3829527559055118
20
1.4570472440944882
11
0.3829527559055118
21
1.4428388976377953
0
LINE
8
BLACK
6
CONTINUOUS
10
0.3829527559055118
20
1.4428388976377953
11
0.3829973622047244
21
1.4429055118110237
0
LINE
8
BLACK
6
CONTINUOUS
10
0.3829973622047244
20
1.4429055118110237
11
0.3856345275590551
21
1.4446636614173227
0
LINE
8
BLACK
6
CONTINUOUS
10
0.3856345275590551
20
1.4446636614173227
11
0.3871134251968504
21
1.446142559055118
0
LINE
8
BLACK
6
CONTINUOUS
10
0.3871134251968504
20
1.446142559055118
11
0.3878955118110236
21
1.4477067322834645
0
LINE
8
BLACK
6
CONTINUOUS
10
0.3878955118110236
20
1.4477067322834645
11
0.3891386614173228
21
1.448784842519685
0
LINE
8
BLACK
6
CONTINUOUS
10
0.3891386614173228
20
1.448784842519685
11
0.3907800787401575
21
1.4486681889763779
0
LINE
8
BLACK
6
CONTINUOUS
10
0.3907800787401575
20
1.4486681889763779
11
0.3918582283464567
21
1.4474250787401575
0
LINE
8
BLACK
6
CONTINUOUS
10
0.3918582283464567
20
1.4474250787401575
11
0.3917415354330708
21
1.4457836614173227
0
LINE
8
BLACK
6
CONTINUOUS
10
0.3917415354330708
20
1.4457836614173227
11
0.3908034251968504
21
1.4439074803149605
0
LINE
8
BLACK
6
CONTINUOUS
10
0.3908034251968504
20
1.4439074803149605
11
0.3905361023622047
21
1.4436756299212599
0
LINE
8
BLACK
6
CONTINUOUS
10
0.3905361023622047
20
1.4436756299212599
11
0.3904007086614173
21
1.4433487401574803
0
LINE
8
BLACK
6
CONTINUOUS
10
0.3904007086614173
20
1.4433487401574803
11
0.3903185826771653
21
1.4432666141732282
0
LINE
8
BLACK
6
CONTINUOUS
10
0.3903185826771653
20
1.4432666141732282
11
0.4017399606299212
21
1.4432666141732282
0
LINE
8
BLACK
6
CONTINUOUS
10
0.4017399606299212
20
1.4432666141732282
11
0.4017399606299212
21
1.4467451968503937
0
LINE
8
BLACK
6
CONTINUOUS
10
0.4017399606299212
20
1.4467451968503937
11
0.4023696850393701
21
1.4482654724409449
0
LINE
8
BLACK
6
CONTINUOUS
10
0.4023696850393701
20
1.4482654724409449
11
0.4038899606299213
21
1.4488951968503936
0
LINE
8
BLACK
6
CONTINUOUS
10
0.4038899606299213
20
1.4488951968503936
11
0.4054102362204725
21
1.4482654724409449
0
LINE
8
BLACK
6
CONTINUOUS
10
0.4054102362204725
20
1.4482654724409449
11
0.4060399606299213
21
1.4467451968503937
0
LINE
8
BLACK
6
CONTINUOUS
10
0.4060399606299213
20
1.4467451968503937
11
0.4060399606299213
21
1.4354880708661417
0
LINE
8
BLACK
6
CONTINUOUS
10
0.4060399606299213
20
1.4354880708661417
11
0.4054102362204725
21
1.4339677952755905
0
LINE
8
BLACK
6
CONTINUOUS
10
0.4054102362204725
20
1.4339677952755905
11
0.4038899606299213
21
1.4333380708661416
0
LINE
8
BLACK
6
CONTINUOUS
10
0.4038899606299213
20
1.4333380708661416
11
0.4023696850393701
21
1.4339677952755905
0
LINE
8
BLACK
6
CONTINUOUS
10
0.4023696850393701
20
1.4339677952755905
11
0.4017399606299212
21
1.4354880708661417
0
LINE
8
BLACK
6
CONTINUOUS
10
0.4017399606299212
20
1.4354880708661417
11
0.4017399606299212
21
1.4389666141732282
0
LINE
8
BLACK
6
CONTINUOUS
10
0.4017399606299212
20
1.4389666141732282
11
0.3841899606299213
21
1.4389666141732282
0
LINE
8
BLACK
6
CONTINUOUS
10
0.3841899606299213
20
1.4389666141732282
11
0.3839853937007874
21
1.4390512992125983
0
LINE
8
BLACK
6
CONTINUOUS
10
0.3839853937007874
20
1.4390512992125983
11
0.3837683070866142
21
1.4390083858267717
0
LINE
8
BLACK
6
CONTINUOUS
10
0.3837683070866142
20
1.4390083858267717
11
0.3832481496062992
21
1.4393566929133859
0
LINE
8
BLACK
6
CONTINUOUS
10
0.3832481496062992
20
1.4393566929133859
11
0.3829527559055118
21
1.4394790551181103
0
LINE
8
BLACK
6
CONTINUOUS
10
0.3829527559055118
20
1.4394790551181103
11
0.3829527559055118
21
1.4256259448818898
0
LINE
8
BLACK
6
CONTINUOUS
10
0.3829527559055118
20
1.4256259448818898
11
0.3832050393700787
21
1.4261305511811024
0
LINE
8
BLACK
6
CONTINUOUS
10
0.3832050393700787
20
1.4261305511811024
11
0.3834723622047244
21
1.4263623622047243
0
LINE
8
BLACK
6
CONTINUOUS
10
0.3834723622047244
20
1.4263623622047243
11
0.3836077559055118
21
1.4266892519685039
0
LINE
8
BLACK
6
CONTINUOUS
10
0.3836077559055118
20
1.4266892519685039
11
0.3845458267716536
21
1.4276273622047244
0
LINE
8
BLACK
6
CONTINUOUS
10
0.3845458267716536
20
1.4276273622047244
11
0.3848727559055118
21
1.4277627559055117
0
LINE
8
BLACK
6
CONTINUOUS
10
0.3848727559055118
20
1.4277627559055117
11
0.3851046456692913
21
1.4280301574803149
0
LINE
8
BLACK
6
CONTINUOUS
10
0.3851046456692913
20
1.4280301574803149
11
0.386980905511811
21
1.4289682283464566
0
LINE
8
BLACK
6
CONTINUOUS
10
0.386980905511811
20
1.4289682283464566
11
0.3872246062992126
21
1.4289855118110235
0
LINE
8
BLACK
6
CONTINUOUS
10
0.3872246062992126
20
1.4289855118110235
11
0.387420905511811
21
1.4291309842519684
0
LINE
8
BLACK
6
CONTINUOUS
10
0.387420905511811
20
1.4291309842519684
11
0.3911732283464567
21
1.4300690944881889
0
LINE
8
BLACK
6
CONTINUOUS
10
0.3911732283464567
20
1.4300690944881889
11
0.3914428346456693
21
1.4300289763779528
0
LINE
8
BLACK
6
CONTINUOUS
10
0.3914428346456693
20
1.4300289763779528
11
0.3916947244094488
21
1.4301333070866142
0
LINE
8
BLACK
6
CONTINUOUS
10
0.3916947244094488
20
1.4301333070866142
11
0.3963851968503937
21
1.4301333070866142
0
LINE
8
BLACK
6
CONTINUOUS
10
0.3963851968503937
20
1.4301333070866142
11
0.3966370472440945
21
1.4300289763779528
0
LINE
8
BLACK
6
CONTINUOUS
10
0.3966370472440945
20
1.4300289763779528
11
0.3969066535433071
21
1.4300690944881889
0
LINE
8
BLACK
6
CONTINUOUS
10
0.3969066535433071
20
1.4300690944881889
11
0.4006590551181102
21
1.4291310236220471
0
LINE
8
BLACK
6
CONTINUOUS
10
0.4006590551181102
20
1.4291310236220471
11
0.4008553937007874
21
1.4289855118110235
0
LINE
8
BLACK
6
CONTINUOUS
10
0.4008553937007874
20
1.4289855118110235
11
0.401099094488189
21
1.4289682283464566
0
LINE
8
BLACK
6
CONTINUOUS
10
0.401099094488189
20
1.4289682283464566
11
0.4029752755905512
21
1.4280301574803149
0
LINE
8
BLACK
6
CONTINUOUS
10
0.4029752755905512
20
1.4280301574803149
11
0.403207125984252
21
1.4277627952755905
0
LINE
8
BLACK
6
CONTINUOUS
10
0.403207125984252
20
1.4277627952755905
11
0.4035340551181102
21
1.4276274015748032
0
LINE
8
BLACK
6
CONTINUOUS
10
0.4035340551181102
20
1.4276274015748032
11
0.4044721653543307
21
1.4266892913385827
0
LINE
8
BLACK
6
CONTINUOUS
10
0.4044721653543307
20
1.4266892913385827
11
0.4046075590551181
21
1.4263623622047243
0
LINE
8
BLACK
6
CONTINUOUS
10
0.4046075590551181
20
1.4263623622047243
11
0.4048749212598425
21
1.4261305118110237
0
LINE
8
BLACK
6
CONTINUOUS
10
0.4048749212598425
20
1.4261305118110237
11
0.4058129921259843
21
1.4242543307086615
0
LINE
8
BLACK
6
CONTINUOUS
10
0.4058129921259843
20
1.4242543307086615
11
0.4058484251968504
21
1.4237551574803149
0
LINE
8
BLACK
6
CONTINUOUS
10
0.4058484251968504
20
1.4237551574803149
11
0.4060399606299213
21
1.4232928346456692
0
LINE
8
BLACK
6
CONTINUOUS
10
0.4060399606299213
20
1.4232928346456692
11
0.4060399606299213
21
1.421416653543307
0
LINE
8
BLACK
6
CONTINUOUS
10
0.4060399606299213
20
1.421416653543307
11
0.4058484251968504
21
1.4209542913385826
0
LINE
8
BLACK
6
CONTINUOUS
10
0.4058484251968504
20
1.4209542913385826
11
0.4058129921259843
21
1.4204551968503936
0
LINE
8
BLACK
6
CONTINUOUS
10
0.4058129921259843
20
1.4204551968503936
11
0.4048749212598425
21
1.4185789370078741
0
LINE
8
BLACK
6
CONTINUOUS
10
0.4048749212598425
20
1.4185789370078741
11
0.4046075196850394
21
1.4183470472440944
0
LINE
8
BLACK
6
CONTINUOUS
10
0.4046075196850394
20
1.4183470472440944
11
0.404472125984252
21
1.4180201181102361
0
LINE
8
BLACK
6
CONTINUOUS
10
0.404472125984252
20
1.4180201181102361
11
0.4035340157480315
21
1.4170820472440944
0
LINE
8
BLACK
6
CONTINUOUS
10
0.4035340157480315
20
1.4170820472440944
11
0.403207125984252
21
1.4169466535433071
0
LINE
8
BLACK
6
CONTINUOUS
10
0.403207125984252
20
1.4169466535433071
11
0.4029753149606299
21
1.4166793307086614
0
LINE
8
BLACK
6
CONTINUOUS
10
0.4029753149606299
20
1.4166793307086614
11
0.4010991338582677
21
1.4157412598425196
0
LINE
8
BLACK
6
CONTINUOUS
10
0.4010991338582677
20
1.4157412598425196
11
0.4008553937007874
21
1.4157238976377953
0
LINE
8
BLACK
6
CONTINUOUS
10
0.4008553937007874
20
1.4157238976377953
11
0.4006590157480315
21
1.4155784251968504
0
LINE
8
BLACK
6
CONTINUOUS
10
0.4006590157480315
20
1.4155784251968504
11
0.3969066141732283
21
1.4146403543307087
0
LINE
8
BLACK
6
CONTINUOUS
10
0.3969066141732283
20
1.4146403543307087
11
0.396636968503937
21
1.4146804724409447
0
LINE
8
BLACK
6
CONTINUOUS
10
0.396636968503937
20
1.4146804724409447
11
0.3963851968503937
21
1.4145761811023623
0
LINE
8
BLACK
6
CONTINUOUS
10
0.3963851968503937
20
1.4145761811023623
11
0.3916947244094488
21
1.4145761811023623
0
LINE
8
BLACK
6
CONTINUOUS
10
0.3916947244094488
20
1.4145761811023623
11
0.391442874015748
21
1.4146804724409447
0
LINE
8
BLACK
6
CONTINUOUS
10
0.391442874015748
20
1.4146804724409447
11
0.3911732677165354
21
1.4146403543307087
0
LINE
8
BLACK
6
CONTINUOUS
10
0.3911732677165354
20
1.4146403543307087
11
0.387420905511811
21
1.4155784251968504
0
LINE
8
BLACK
6
CONTINUOUS
10
0.387420905511811
20
1.4155784251968504
11
0.3872245275590551
21
1.4157238976377953
0
LINE
8
BLACK
6
CONTINUOUS
10
0.3872245275590551
20
1.4157238976377953
11
0.3869808661417323
21
1.4157412204724409
0
LINE
8
BLACK
6
CONTINUOUS
10
0.3869808661417323
20
1.4157412204724409
11
0.3851046456692913
21
1.4166793307086614
0
LINE
8
BLACK
6
CONTINUOUS
10
0.3851046456692913
20
1.4166793307086614
11
0.3848727559055118
21
1.4169466535433071
0
LINE
8
BLACK
6
CONTINUOUS
10
0.3848727559055118
20
1.4169466535433071
11
0.3845458661417323
21
1.4170820866141731
0
LINE
8
BLACK
6
CONTINUOUS
10
0.3845458661417323
20
1.4170820866141731
11
0.3836077952755905
21
1.4180201574803148
0
LINE
8
BLACK
6
CONTINUOUS
10
0.3836077952755905
20
1.4180201574803148
11
0.3834723622047244
21
1.4183470472440944
0
LINE
8
BLACK
6
CONTINUOUS
10
0.3834723622047244
20
1.4183470472440944
11
0.3832050393700787
21
1.4185789370078741
0
LINE
8
BLACK
6
CONTINUOUS
10
0.3832050393700787
20
1.4185789370078741
11
0.3828332677165354
21
1.4193224015748032
0
LINE
8
BLACK
6
CONTINUOUS
10
0.3828332677165354
20
1.4193224015748032
11
0.3827746850393701
21
1.4189900787401575
0
LINE
8
BLACK
6
CONTINUOUS
10
0.3827746850393701
20
1.4189900787401575
11
0.3814763779527559
21
1.4174428346456693
0
LINE
8
BLACK
6
CONTINUOUS
10
0.3814763779527559
20
1.4174428346456693
11
0.3794872440944882
21
1.4170920866141732
0
LINE
8
BLACK
6
CONTINUOUS
10
0.3794872440944882
20
1.4170920866141732
11
0.3777380708661418
21
1.4181020078740156
0
LINE
8
BLACK
6
CONTINUOUS
10
0.3777380708661418
20
1.4181020078740156
11
0.3770472440944882
21
1.4199999999999999
0
LINE
8
BLACK
6
CONTINUOUS
10
0.3770472440944882
20
1.4199999999999999
11
0.3770472440944882
21
1.46
0
LINE
8
BLACK
6
CONTINUOUS
10
0.3770472440944882
20
1.46
11
0.377114842519685
21
1.4603835039370079
0
LINE
8
BLACK
6
CONTINUOUS
10
0.377114842519685
20
1.4603835039370079
11
0.3770920866141732
21
1.4605127559055118
0
LINE
8
BLACK
6
CONTINUOUS
10
0.3770920866141732
20
1.4605127559055118
11
0.3771576771653543
21
1.4606263385826772
0
LINE
8
BLACK
6
CONTINUOUS
10
0.3771576771653543
20
1.4606263385826772
11
0.3772253149606299
21
1.4610099212598424
0
LINE
8
BLACK
6
CONTINUOUS
10
0.3772253149606299
20
1.4610099212598424
11
0.3777184251968504
21
1.4615975984251968
0
LINE
8
BLACK
6
CONTINUOUS
10
0.3777184251968504
20
1.4615975984251968
11
0.3781020078740158
21
1.4622619291338583
0
LINE
8
BLACK
6
CONTINUOUS
10
0.3781020078740158
20
1.4622619291338583
11
0.3783523228346456
21
1.4623530314960629
0
LINE
8
BLACK
6
CONTINUOUS
10
0.3783523228346456
20
1.4623530314960629
11
0.3785236220472441
21
1.4625571653543308
0
LINE
8
BLACK
6
CONTINUOUS
10
0.3785236220472441
20
1.4625571653543308
11
0.3792791732283464
21
1.4626903937007874
0
LINE
8
BLACK
6
CONTINUOUS
10
0.3792791732283464
20
1.4626903937007874
11
0.38
21
1.4629527559055118
0
LINE
8
BLACK
6
CONTINUOUS
10
0.38
20
1.4629527559055118
11
0.44
21
1.4629527559055118
0
LINE
8
BLACK
6
CONTINUOUS
10
0.44
20
1.4629527559055118
11
0.4403835039370079
21
1.4628851181102362
0
LINE
8
BLACK
6
CONTINUOUS
10
0.3886928346456693
20
1.4250166535433071
11
0.3873396850393701
21
1.4243400787401574
0
LINE
8
BLACK
6
CONTINUOUS
10
0.3873396850393701
20
1.4243400787401574
11
0.3868950393700787
21
1.4238954330708662
0
LINE
8
BLACK
6
CONTINUOUS
10
0.3868950393700787
20
1.4238954330708662
11
0.3863399606299213
21
1.4227852755905512
0
LINE
8
BLACK
6
CONTINUOUS
10
0.3863399606299213
20
1.4227852755905512
11
0.3863399606299213
21
1.4219242125984253
0
LINE
8
BLACK
6
CONTINUOUS
10
0.3863399606299213
20
1.4219242125984253
11
0.3868950787401575
21
1.4208139763779528
0
LINE
8
BLACK
6
CONTINUOUS
10
0.3868950787401575
20
1.4208139763779528
11
0.3873396850393701
21
1.4203693700787401
0
LINE
8
BLACK
6
CONTINUOUS
10
0.3873396850393701
20
1.4203693700787401
11
0.3886926771653543
21
1.4196928346456692
0
LINE
8
BLACK
6
CONTINUOUS
10
0.3886926771653543
20
1.4196928346456692
11
0.3919594488188976
21
1.4188761811023622
0
LINE
8
BLACK
6
CONTINUOUS
10
0.3919594488188976
20
1.4188761811023622
11
0.3961204724409449
21
1.4188761811023622
0
LINE
8
BLACK
6
CONTINUOUS
10
0.3961204724409449
20
1.4188761811023622
11
0.3993872834645669
21
1.419692874015748
0
LINE
8
BLACK
6
CONTINUOUS
10
0.3993872834645669
20
1.419692874015748
11
0.4007401968503937
21
1.4203693307086613
0
LINE
8
BLACK
6
CONTINUOUS
10
0.4007401968503937
20
1.4203693307086613
11
0.401184842519685
21
1.4208139763779528
0
LINE
8
BLACK
6
CONTINUOUS
10
0.401184842519685
20
1.4208139763779528
11
0.4017399606299212
21
1.4219241732283465
0
LINE
8
BLACK
6
CONTINUOUS
10
0.4017399606299212
20
1.4219241732283465
11
0.4017399606299212
21
1.4227852755905512
0
LINE
8
BLACK
6
CONTINUOUS
10
0.4017399606299212
20
1.4227852755905512
11
0.401184842519685
21
1.4238954724409449
0
LINE
8
BLACK
6
CONTINUOUS
10
0.401184842519685
20
1.4238954724409449
11
0.4007402362204724
21
1.4243400787401574
0
LINE
8
BLACK
6
CONTINUOUS
10
0.4007402362204724
20
1.4243400787401574
11
0.3993870866141732
21
1.4250166535433071
0
LINE
8
BLACK
6
CONTINUOUS
10
0.3993870866141732
20
1.4250166535433071
11
0.3961205905511811
21
1.425833307086614
0
LINE
8
BLACK
6
CONTINUOUS
10
0.3961205905511811
20
1.425833307086614
11
0.3919594881889764
21
1.425833307086614
0
LINE
8
BLACK
6
CONTINUOUS
10
0.3919594881889764
20
1.425833307086614
11
0.3886928346456693
21
1.4250166535433071
0
CIRCLE
8
BLACK
10
0.2
20
0.2
40
0.0068897637795276
0
CIRCLE
8
BLACK
10
1.3999999999999999
20
0.2
40
0.0068897637795276
0
CIRCLE
8
BLACK
10
1.3999999999999999
20
1.3999999999999999
40
0.0068897637795276
0
CIRCLE
8
BLACK
10
0.2
20
1.3999999999999999
40
0.0068897637795276
0
CIRCLE
8
BLACK
10
0.67
20
0.2131496062992126
40
0.0068897637795276
0
CIRCLE
8
BLACK
10
0.67
20
0.41
40
0.0068897637795276
0
CIRCLE
8
BLACK
10
0.47
20
0.2131496062992126
40
0.0068897637795276
0
CIRCLE
8
BLACK
10
0.47
20
0.41
40
0.0068897637795276
0
CIRCLE
8
BLACK
10
0.15
20
1.1399999999999999
40
0.0068897637795276
0
CIRCLE
8
BLACK
10
0.25
20
1.1399999999999999
40
0.0068897637795276
0
CIRCLE
8
BLACK
10
0.52
20
1.3699999999999999
40
0.0068897637795276
0
CIRCLE
8
BLACK
10
0.52
20
1.47
40
0.0068897637795276
0
CIRCLE
8
BLACK
10
0.15
20
0.54
40
0.0068897637795276
0
CIRCLE
8
BLACK
10
0.25
20
0.54
40
0.0068897637795276
0
CIRCLE
8
BLACK
10
0.15
20
0.64
40
0.0068897637795276
0
CIRCLE
8
BLACK
10
0.25
20
0.64
40
0.0068897637795276
0
CIRCLE
8
BLACK
10
0.15
20
0.74
40
0.0068897637795276
0
CIRCLE
8
BLACK
10
0.25
20
0.74
40
0.0068897637795276
0
CIRCLE
8
BLACK
10
0.15
20
0.84
40
0.0068897637795276
0
CIRCLE
8
BLACK
10
0.25
20
0.84
40
0.0068897637795276
0
CIRCLE
8
BLACK
10
0.15
20
0.9399999999999999
40
0.0068897637795276
0
CIRCLE
8
BLACK
10
0.25
20
0.9399999999999999
40
0.0068897637795276
0
CIRCLE
8
BLACK
10
0.15
20
1.04
40
0.0068897637795276
0
CIRCLE
8
BLACK
10
0.25
20
1.04
40
0.0068897637795276
0
CIRCLE
8
BLACK
10
0.72
20
1.3699999999999999
40
0.0068897637795276
0
CIRCLE
8
BLACK
10
0.72
20
1.47
40
0.0068897637795276
0
CIRCLE
8
BLACK
10
0.62
20
1.3699999999999999
40
0.0068897637795276
0
CIRCLE
8
BLACK
10
0.62
20
1.47
40
0.0068897637795276
0
CIRCLE
8
BLACK
10
0.85
20
0.14
40
0.0068897637795276
0
CIRCLE
8
BLACK
10
0.85
20
0.24
40
0.0068897637795276
0
CIRCLE
8
BLACK
10
0.95
20
0.14
40
0.0068897637795276
0
CIRCLE
8
BLACK
10
0.95
20
0.24
40
0.0068897637795276
0
CIRCLE
8
BLACK
10
1.05
20
0.14
40
0.0068897637795276
0
CIRCLE
8
BLACK
10
1.05
20
0.24
40
0.0068897637795276
0
CIRCLE
8
BLACK
10
1.1499999999999999
20
0.14
40
0.0068897637795276
0
CIRCLE
8
BLACK
10
1.1499999999999999
20
0.24
40
0.0068897637795276
0
CIRCLE
8
BLACK
10
1.3499999999999999
20
0.73
40
0.0068897637795276
0
CIRCLE
8
BLACK
10
1.45
20
0.73
40
0.0068897637795276
0
CIRCLE
8
BLACK
10
1.3499999999999999
20
0.63
40
0.0068897637795276
0
CIRCLE
8
BLACK
10
1.45
20
0.63
40
0.0068897637795276
0
CIRCLE
8
BLACK
10
1.3499999999999999
20
0.53
40
0.0068897637795276
0
CIRCLE
8
BLACK
10
1.45
20
0.53
40
0.0068897637795276
0
CIRCLE
8
BLACK
10
1.3499999999999999
20
0.43
40
0.0068897637795276
0
CIRCLE
8
BLACK
10
1.45
20
0.43
40
0.0068897637795276
0
CIRCLE
8
BLACK
10
1.3499999999999999
20
1.1699999999999999
40
0.0068897637795276
0
CIRCLE
8
BLACK
10
1.45
20
1.1699999999999999
40
0.0068897637795276
0
CIRCLE
8
BLACK
10
1.3499999999999999
20
1.0700000000000001
40
0.0068897637795276
0
CIRCLE
8
BLACK
10
1.45
20
1.0700000000000001
40
0.0068897637795276
0
CIRCLE
8
BLACK
10
1.3499999999999999
20
0.97
40
0.0068897637795276
0
CIRCLE
8
BLACK
10
1.45
20
0.97
40
0.0068897637795276
0
CIRCLE
8
BLACK
10
1.3499999999999999
20
0.87
40
0.0068897637795276
0
CIRCLE
8
BLACK
10
1.45
20
0.87
40
0.0068897637795276
0
CIRCLE
8
BLACK
10
0.85
20
1.3499999999999999
40
0.0068897637795276
0
CIRCLE
8
BLACK
10
0.85
20
1.45
40
0.0068897637795276
0
CIRCLE
8
BLACK
10
0.95
20
1.3499999999999999
40
0.0068897637795276
0
CIRCLE
8
BLACK
10
0.95
20
1.45
40
0.0068897637795276
0
CIRCLE
8
BLACK
10
1.05
20
1.3499999999999999
40
0.0068897637795276
0
CIRCLE
8
BLACK
10
1.05
20
1.45
40
0.0068897637795276
0
CIRCLE
8
BLACK
10
1.1499999999999999
20
1.3499999999999999
40
0.0068897637795276
0
CIRCLE
8
BLACK
10
1.1499999999999999
20
1.45
40
0.0068897637795276
0
CIRCLE
8
BLACK
10
1.1199999999999999
20
0.85
40
0.0068897637795276
0
CIRCLE
8
BLACK
10
1.22
20
0.85
40
0.0068897637795276
0
CIRCLE
8
BLACK
10
0.15
20
0.44
40
0.0068897637795276
0
CIRCLE
8
BLACK
10
0.25
20
0.44
40
0.0068897637795276
0
CIRCLE
8
BLACK
10
0.6927362204724409
20
0.789251968503937
40
0.0068897637795276
0
CIRCLE
8
BLACK
10
0.740236220472441
20
0.789251968503937
40
0.0068897637795276
0
CIRCLE
8
BLACK
10
0.787736220472441
20
0.789251968503937
40
0.0068897637795276
0
CIRCLE
8
BLACK
10
0.6927362204724409
20
0.829251968503937
40
0.0068897637795276
0
CIRCLE
8
BLACK
10
0.740236220472441
20
0.829251968503937
40
0.0068897637795276
0
CIRCLE
8
BLACK
10
0.787736220472441
20
0.829251968503937
40
0.0068897637795276
0
CIRCLE
8
BLACK
10
0.6927362204724409
20
0.8692519685039369
40
0.0068897637795276
0
CIRCLE
8
BLACK
10
0.740236220472441
20
0.8692519685039369
40
0.0068897637795276
0
CIRCLE
8
BLACK
10
0.787736220472441
20
0.8692519685039369
40
0.0068897637795276
0
CIRCLE
8
BLACK
10
0.6927362204724409
20
0.909251968503937
40
0.0068897637795276
0
CIRCLE
8
BLACK
10
0.740236220472441
20
0.909251968503937
40
0.0068897637795276
0
CIRCLE
8
BLACK
10
0.787736220472441
20
0.909251968503937
40
0.0068897637795276
0
CIRCLE
8
BLACK
10
0.6927362204724409
20
0.949251968503937
40
0.0068897637795276
0
CIRCLE
8
BLACK
10
0.740236220472441
20
0.949251968503937
40
0.0068897637795276
0
CIRCLE
8
BLACK
10
0.7872362204724409
20
0.949251968503937
40
0.0068897637795276
  0
ENDSEC
  0
EOF
