  0
SECTION
  2
HEADER
  9
$ANGBASE
  50
0.0
  9
$ANGDIR
  70
1
  9
$MEASUREMENT
  70
0
  0
ENDSEC
  0
SECTION
  2
TABLES
  0
TABLE
  2
LTYPE
  70
4
  0
LTYPE
  5
40F
  2
CONTINUOUS
  70
0
  3
Solid line
  72
65
  73
0
  40
0.0
  0
LTYPE
  5
410
  2
DASHDOT
 70
0
  3
Dash Dot ____ _ ____ _
 72
65
 73
4
 40
2.0
 49
1.25
 49
-0.25
 49
0.25
 49
-0.25
  0
LTYPE
  5
411
  2
DASHED
 70
0
  3
Dashed __ __ __ __ __
 72
65
 73
2
 40
0.75
 49
0.5
 49
-0.25
  0
LTYPE
  5
43B
  2
DOTTED
 70
0
  3
Dotted .  .  .  .
 72
65
 73
2
 40
0.2
 49
0.0
 49
-0.2
  0
ENDTAB
  0
TABLE
  2
STYLE
  70
4
  0
STYLE
  2
KICAD
  70
0
  40
0
  41
1
  42
1
  50
0
  71
0
  3
isocp.shx
  0
STYLE
  2
KICADB
  70
0
  40
0
  41
1
  42
1
  50
0
  71
0
  3
isocp.shx
  0
STYLE
  2
KICADI
  70
0
  40
0
  41
1
  42
1
  50
15
  71
0
  3
isocp.shx
  0
STYLE
  2
KICADBI
  70
0
  40
0
  41
1
  42
1
  50
15
  71
0
  3
isocp.shx
  0
ENDTAB
  0
TABLE
  2
LAYER
  70
1
  0
LAYER
  2
BLACK
  70
0
  62
7
  6
CONTINUOUS
  0
ENDTAB
  0
ENDSEC
  0
SECTION
  2
ENTITIES
0
LINE
8
BLACK
6
CONTINUOUS
10
0.745
20
0.1381496062992126
11
0.595
21
0.1381496062992126
0
LINE
8
BLACK
6
CONTINUOUS
10
0.595
20
0.1381496062992126
11
0.595
21
0.2881496062992126
0
LINE
8
BLACK
6
CONTINUOUS
10
0.595
20
0.2881496062992126
11
0.745
21
0.2881496062992126
0
LINE
8
BLACK
6
CONTINUOUS
10
0.745
20
0.2881496062992126
11
0.745
21
0.1381496062992126
0
LINE
8
BLACK
6
CONTINUOUS
10
0.545
20
0.1381496062992126
11
0.395
21
0.1381496062992126
0
LINE
8
BLACK
6
CONTINUOUS
10
0.395
20
0.1381496062992126
11
0.395
21
0.2881496062992126
0
LINE
8
BLACK
6
CONTINUOUS
10
0.395
20
0.2881496062992126
11
0.545
21
0.2881496062992126
0
LINE
8
BLACK
6
CONTINUOUS
10
0.545
20
0.2881496062992126
11
0.545
21
0.1381496062992126
0
LINE
8
BLACK
6
CONTINUOUS
10
0.692952716535433
20
0.6634028346456693
11
0.6951142913385827
21
0.6612412598425197
0
LINE
8
BLACK
6
CONTINUOUS
10
0.6951142913385827
20
0.6612412598425197
11
0.6959054724409449
21
0.6582885039370079
0
LINE
8
BLACK
6
CONTINUOUS
10
0.6959054724409449
20
0.6582885039370079
11
0.6959054724409449
21
0.6416968503937007
0
LINE
8
BLACK
6
CONTINUOUS
10
0.6959054724409449
20
0.6416968503937007
11
0.7124971653543307
21
0.6416968503937007
0
LINE
8
BLACK
6
CONTINUOUS
10
0.7124971653543307
20
0.6416968503937007
11
0.7154499212598425
21
0.6409056692913385
0
LINE
8
BLACK
6
CONTINUOUS
10
0.7154499212598425
20
0.6409056692913385
11
0.7176114960629921
21
0.6387440944881889
0
LINE
8
BLACK
6
CONTINUOUS
10
0.7176114960629921
20
0.6387440944881889
11
0.7184026771653543
21
0.6357913385826771
0
LINE
8
BLACK
6
CONTINUOUS
10
0.7184026771653543
20
0.6357913385826771
11
0.7176114960629921
21
0.6328385826771653
0
LINE
8
BLACK
6
CONTINUOUS
10
0.7176114960629921
20
0.6328385826771653
11
0.7154499212598425
21
0.6306770078740157
0
LINE
8
BLACK
6
CONTINUOUS
10
0.7154499212598425
20
0.6306770078740157
11
0.7124971653543307
21
0.6298858267716535
0
LINE
8
BLACK
6
CONTINUOUS
10
0.7124971653543307
20
0.6298858267716535
11
0.6959054724409449
21
0.6298858267716535
0
LINE
8
BLACK
6
CONTINUOUS
10
0.6959054724409449
20
0.6298858267716535
11
0.6959054724409449
21
0.6132941338582677
0
LINE
8
BLACK
6
CONTINUOUS
10
0.6959054724409449
20
0.6132941338582677
11
0.6951142913385827
21
0.6103413779527559
0
LINE
8
BLACK
6
CONTINUOUS
10
0.6951142913385827
20
0.6103413779527559
11
0.692952716535433
21
0.6081798031496063
0
LINE
8
BLACK
6
CONTINUOUS
10
0.692952716535433
20
0.6081798031496063
11
0.6899999606299212
21
0.6073886220472441
0
LINE
8
BLACK
6
CONTINUOUS
10
0.6899999606299212
20
0.6073886220472441
11
0.6870472047244094
21
0.6081798031496063
0
LINE
8
BLACK
6
CONTINUOUS
10
0.6870472047244094
20
0.6081798031496063
11
0.6848856299212598
21
0.6103413779527559
0
LINE
8
BLACK
6
CONTINUOUS
10
0.6848856299212598
20
0.6103413779527559
11
0.6840944488188976
21
0.6132941338582677
0
LINE
8
BLACK
6
CONTINUOUS
10
0.6840944488188976
20
0.6132941338582677
11
0.6840944488188976
21
0.6298858267716535
0
LINE
8
BLACK
6
CONTINUOUS
10
0.6840944488188976
20
0.6298858267716535
11
0.6675027952755905
21
0.6298858267716535
0
LINE
8
BLACK
6
CONTINUOUS
10
0.6675027952755905
20
0.6298858267716535
11
0.6645500393700787
21
0.6306770078740157
0
LINE
8
BLACK
6
CONTINUOUS
10
0.6645500393700787
20
0.6306770078740157
11
0.6623884645669291
21
0.6328385826771653
0
LINE
8
BLACK
6
CONTINUOUS
10
0.6623884645669291
20
0.6328385826771653
11
0.6615972834645669
21
0.6357913385826771
0
LINE
8
BLACK
6
CONTINUOUS
10
0.6615972834645669
20
0.6357913385826771
11
0.6623884645669291
21
0.6387440944881889
0
LINE
8
BLACK
6
CONTINUOUS
10
0.6623884645669291
20
0.6387440944881889
11
0.6645500393700787
21
0.6409056692913385
0
LINE
8
BLACK
6
CONTINUOUS
10
0.6645500393700787
20
0.6409056692913385
11
0.6675027952755905
21
0.6416968503937007
0
LINE
8
BLACK
6
CONTINUOUS
10
0.6675027952755905
20
0.6416968503937007
11
0.6840944488188976
21
0.6416968503937007
0
LINE
8
BLACK
6
CONTINUOUS
10
0.6840944488188976
20
0.6416968503937007
11
0.6840944488188976
21
0.6582885039370079
0
LINE
8
BLACK
6
CONTINUOUS
10
0.6840944488188976
20
0.6582885039370079
11
0.6848856299212598
21
0.6612412598425197
0
LINE
8
BLACK
6
CONTINUOUS
10
0.6848856299212598
20
0.6612412598425197
11
0.6870472047244094
21
0.6634028346456693
0
LINE
8
BLACK
6
CONTINUOUS
10
0.6870472047244094
20
0.6634028346456693
11
0.6899999606299212
21
0.6641940157480315
0
LINE
8
BLACK
6
CONTINUOUS
10
0.6899999606299212
20
0.6641940157480315
11
0.692952716535433
21
0.6634028346456693
0
LINE
8
BLACK
6
CONTINUOUS
10
0.7294583070866142
20
0.6884791338582678
11
0.729567874015748
21
0.6884984645669291
0
LINE
8
BLACK
6
CONTINUOUS
10
0.729567874015748
20
0.6884984645669291
11
0.7296641732283464
21
0.6884428346456692
0
LINE
8
BLACK
6
CONTINUOUS
10
0.7296641732283464
20
0.6884428346456692
11
0.7301044094488189
21
0.6883652362204724
0
LINE
8
BLACK
6
CONTINUOUS
10
0.7301044094488189
20
0.6883652362204724
11
0.730778937007874
21
0.6877992125984251
0
LINE
8
BLACK
6
CONTINUOUS
10
0.730778937007874
20
0.6877992125984251
11
0.7313170472440945
21
0.6874885433070866
0
LINE
8
BLACK
6
CONTINUOUS
10
0.7313170472440945
20
0.6874885433070866
11
0.7313908267716536
21
0.687285748031496
0
LINE
8
BLACK
6
CONTINUOUS
10
0.7313908267716536
20
0.687285748031496
11
0.7316516535433071
21
0.6870669291338583
0
LINE
8
BLACK
6
CONTINUOUS
10
0.7316516535433071
20
0.6870669291338583
11
0.7318218503937007
21
0.6861015354330708
0
LINE
8
BLACK
6
CONTINUOUS
10
0.7318218503937007
20
0.6861015354330708
11
0.732007874015748
21
0.6855905511811023
0
LINE
8
BLACK
6
CONTINUOUS
10
0.732007874015748
20
0.6855905511811023
11
0.732007874015748
21
0.5871692913385826
0
LINE
8
BLACK
6
CONTINUOUS
10
0.732007874015748
20
0.5871692913385826
11
0.7319599212598425
21
0.5868973622047244
0
LINE
8
BLACK
6
CONTINUOUS
10
0.7319599212598425
20
0.5868973622047244
11
0.7320024015748031
21
0.5866565354330708
0
LINE
8
BLACK
6
CONTINUOUS
10
0.7320024015748031
20
0.5866565354330708
11
0.7318801181102362
21
0.5864447244094488
0
LINE
8
BLACK
6
CONTINUOUS
10
0.7318801181102362
20
0.5864447244094488
11
0.7318298031496063
21
0.5861593700787402
0
LINE
8
BLACK
6
CONTINUOUS
10
0.7318298031496063
20
0.5861593700787402
11
0.7314628740157481
21
0.5857220866141732
0
LINE
8
BLACK
6
CONTINUOUS
10
0.7314628740157481
20
0.5857220866141732
11
0.7309924803149607
21
0.5849073622047244
0
LINE
8
BLACK
6
CONTINUOUS
10
0.7309924803149607
20
0.5849073622047244
11
0.7306854330708661
21
0.5847955905511811
0
LINE
8
BLACK
6
CONTINUOUS
10
0.7306854330708661
20
0.5847955905511811
11
0.7305314960629921
21
0.5846121259842519
0
LINE
8
BLACK
6
CONTINUOUS
10
0.7305314960629921
20
0.5846121259842519
11
0.7298522834645669
21
0.5844923228346457
0
LINE
8
BLACK
6
CONTINUOUS
10
0.7298522834645669
20
0.5844923228346457
11
0.7290944881889764
21
0.5842165354330708
0
LINE
8
BLACK
6
CONTINUOUS
10
0.7290944881889764
20
0.5842165354330708
11
0.6109055118110236
21
0.5842165354330708
0
LINE
8
BLACK
6
CONTINUOUS
10
0.6109055118110236
20
0.5842165354330708
11
0.610541653543307
21
0.5842806692913386
0
LINE
8
BLACK
6
CONTINUOUS
10
0.610541653543307
20
0.5842806692913386
11
0.610432125984252
21
0.5842613779527559
0
LINE
8
BLACK
6
CONTINUOUS
10
0.610432125984252
20
0.5842613779527559
11
0.6103357874015748
21
0.584316968503937
0
LINE
8
BLACK
6
CONTINUOUS
10
0.6103357874015748
20
0.584316968503937
11
0.6098955905511811
21
0.5843946062992126
0
LINE
8
BLACK
6
CONTINUOUS
10
0.6098955905511811
20
0.5843946062992126
11
0.6092210236220472
21
0.5849605905511811
0
LINE
8
BLACK
6
CONTINUOUS
10
0.6092210236220472
20
0.5849605905511811
11
0.6086829527559054
21
0.5852712992125985
0
LINE
8
BLACK
6
CONTINUOUS
10
0.6086829527559054
20
0.5852712992125985
11
0.6086091338582676
21
0.5854740551181102
0
LINE
8
BLACK
6
CONTINUOUS
10
0.6086091338582676
20
0.5854740551181102
11
0.6083483464566929
21
0.5856929133858267
0
LINE
8
BLACK
6
CONTINUOUS
10
0.6083483464566929
20
0.5856929133858267
11
0.6081781102362205
21
0.5866582677165354
0
LINE
8
BLACK
6
CONTINUOUS
10
0.6081781102362205
20
0.5866582677165354
11
0.607992125984252
21
0.5871692913385826
0
LINE
8
BLACK
6
CONTINUOUS
10
0.607992125984252
20
0.5871692913385826
11
0.607992125984252
21
0.6855905511811023
0
LINE
8
BLACK
6
CONTINUOUS
10
0.607992125984252
20
0.6855905511811023
11
0.6080400393700788
21
0.6858624409448819
0
LINE
8
BLACK
6
CONTINUOUS
10
0.6080400393700788
20
0.6858624409448819
11
0.6079975984251969
21
0.6861033070866142
0
LINE
8
BLACK
6
CONTINUOUS
10
0.6079975984251969
20
0.6861033070866142
11
0.608119842519685
21
0.6863150787401575
0
LINE
8
BLACK
6
CONTINUOUS
10
0.608119842519685
20
0.6863150787401575
11
0.6081701968503936
21
0.6866004724409449
0
LINE
8
BLACK
6
CONTINUOUS
10
0.6081701968503936
20
0.6866004724409449
11
0.6085370866141732
21
0.6870377165354331
0
LINE
8
BLACK
6
CONTINUOUS
10
0.6085370866141732
20
0.6870377165354331
11
0.6090075196850394
21
0.6878524803149606
0
LINE
8
BLACK
6
CONTINUOUS
10
0.6090075196850394
20
0.6878524803149606
11
0.6093145275590551
21
0.6879642125984252
0
LINE
8
BLACK
6
CONTINUOUS
10
0.6093145275590551
20
0.6879642125984252
11
0.6094685039370079
21
0.6881477165354331
0
LINE
8
BLACK
6
CONTINUOUS
10
0.6094685039370079
20
0.6881477165354331
11
0.6101476771653543
21
0.6882674803149607
0
LINE
8
BLACK
6
CONTINUOUS
10
0.6101476771653543
20
0.6882674803149607
11
0.6109055118110236
21
0.6885433070866142
0
LINE
8
BLACK
6
CONTINUOUS
10
0.6109055118110236
20
0.6885433070866142
11
0.7290944881889764
21
0.6885433070866142
0
LINE
8
BLACK
6
CONTINUOUS
10
0.7290944881889764
20
0.6885433070866142
11
0.7294583070866142
21
0.6884791338582678
0
LINE
8
BLACK
6
CONTINUOUS
10
0.6138976377952756
20
0.6826377952755905
11
0.6138976377952756
21
0.5901220472440944
0
LINE
8
BLACK
6
CONTINUOUS
10
0.6138976377952756
20
0.5901220472440944
11
0.7261023622047243
21
0.5901220472440944
0
LINE
8
BLACK
6
CONTINUOUS
10
0.7261023622047243
20
0.5901220472440944
11
0.7261023622047243
21
0.6826377952755905
0
LINE
8
BLACK
6
CONTINUOUS
10
0.7261023622047243
20
0.6826377952755905
11
0.6138976377952756
21
0.6826377952755905
0
LINE
8
BLACK
6
CONTINUOUS
10
0.4954499212598425
20
0.6409056692913385
11
0.4976114960629921
21
0.6387440944881889
0
LINE
8
BLACK
6
CONTINUOUS
10
0.4976114960629921
20
0.6387440944881889
11
0.4984026771653543
21
0.6357913385826771
0
LINE
8
BLACK
6
CONTINUOUS
10
0.4984026771653543
20
0.6357913385826771
11
0.4976114960629921
21
0.6328385826771653
0
LINE
8
BLACK
6
CONTINUOUS
10
0.4976114960629921
20
0.6328385826771653
11
0.4954499212598425
21
0.6306770078740157
0
LINE
8
BLACK
6
CONTINUOUS
10
0.4954499212598425
20
0.6306770078740157
11
0.4924971653543307
21
0.6298858267716535
0
LINE
8
BLACK
6
CONTINUOUS
10
0.4924971653543307
20
0.6298858267716535
11
0.4475027952755906
21
0.6298858267716535
0
LINE
8
BLACK
6
CONTINUOUS
10
0.4475027952755906
20
0.6298858267716535
11
0.4445500393700788
21
0.6306770078740157
0
LINE
8
BLACK
6
CONTINUOUS
10
0.4445500393700788
20
0.6306770078740157
11
0.4423884645669292
21
0.6328385826771653
0
LINE
8
BLACK
6
CONTINUOUS
10
0.4423884645669292
20
0.6328385826771653
11
0.4415972834645669
21
0.6357913385826771
0
LINE
8
BLACK
6
CONTINUOUS
10
0.4415972834645669
20
0.6357913385826771
11
0.4423884645669292
21
0.6387440944881889
0
LINE
8
BLACK
6
CONTINUOUS
10
0.4423884645669292
20
0.6387440944881889
11
0.4445500393700788
21
0.6409056692913385
0
LINE
8
BLACK
6
CONTINUOUS
10
0.4445500393700788
20
0.6409056692913385
11
0.4475027952755906
21
0.6416968503937007
0
LINE
8
BLACK
6
CONTINUOUS
10
0.4475027952755906
20
0.6416968503937007
11
0.4924971653543307
21
0.6416968503937007
0
LINE
8
BLACK
6
CONTINUOUS
10
0.4924971653543307
20
0.6416968503937007
11
0.4954499212598425
21
0.6409056692913385
0
LINE
8
BLACK
6
CONTINUOUS
10
0.5294583070866141
20
0.6884791338582678
11
0.529567874015748
21
0.6884984645669291
0
LINE
8
BLACK
6
CONTINUOUS
10
0.529567874015748
20
0.6884984645669291
11
0.5296641732283465
21
0.6884428346456692
0
LINE
8
BLACK
6
CONTINUOUS
10
0.5296641732283465
20
0.6884428346456692
11
0.5301044094488189
21
0.6883652362204724
0
LINE
8
BLACK
6
CONTINUOUS
10
0.5301044094488189
20
0.6883652362204724
11
0.530778937007874
21
0.6877992125984251
0
LINE
8
BLACK
6
CONTINUOUS
10
0.530778937007874
20
0.6877992125984251
11
0.5313170472440945
21
0.6874885433070866
0
LINE
8
BLACK
6
CONTINUOUS
10
0.5313170472440945
20
0.6874885433070866
11
0.5313908267716535
21
0.687285748031496
0
LINE
8
BLACK
6
CONTINUOUS
10
0.5313908267716535
20
0.687285748031496
11
0.5316516535433071
21
0.6870669291338583
0
LINE
8
BLACK
6
CONTINUOUS
10
0.5316516535433071
20
0.6870669291338583
11
0.5318218503937008
21
0.6861015354330708
0
LINE
8
BLACK
6
CONTINUOUS
10
0.5318218503937008
20
0.6861015354330708
11
0.532007874015748
21
0.6855905511811023
0
LINE
8
BLACK
6
CONTINUOUS
10
0.532007874015748
20
0.6855905511811023
11
0.532007874015748
21
0.5871692913385826
0
LINE
8
BLACK
6
CONTINUOUS
10
0.532007874015748
20
0.5871692913385826
11
0.5319599212598425
21
0.5868973622047244
0
LINE
8
BLACK
6
CONTINUOUS
10
0.5319599212598425
20
0.5868973622047244
11
0.5320024015748032
21
0.5866565354330708
0
LINE
8
BLACK
6
CONTINUOUS
10
0.5320024015748032
20
0.5866565354330708
11
0.5318801181102362
21
0.5864447244094488
0
LINE
8
BLACK
6
CONTINUOUS
10
0.5318801181102362
20
0.5864447244094488
11
0.5318298031496063
21
0.5861593700787402
0
LINE
8
BLACK
6
CONTINUOUS
10
0.5318298031496063
20
0.5861593700787402
11
0.531462874015748
21
0.5857220866141732
0
LINE
8
BLACK
6
CONTINUOUS
10
0.531462874015748
20
0.5857220866141732
11
0.5309924803149606
21
0.5849073622047244
0
LINE
8
BLACK
6
CONTINUOUS
10
0.5309924803149606
20
0.5849073622047244
11
0.5306854330708661
21
0.5847955905511811
0
LINE
8
BLACK
6
CONTINUOUS
10
0.5306854330708661
20
0.5847955905511811
11
0.5305314960629921
21
0.5846121259842519
0
LINE
8
BLACK
6
CONTINUOUS
10
0.5305314960629921
20
0.5846121259842519
11
0.5298522834645669
21
0.5844923228346457
0
LINE
8
BLACK
6
CONTINUOUS
10
0.5298522834645669
20
0.5844923228346457
11
0.5290944881889764
21
0.5842165354330708
0
LINE
8
BLACK
6
CONTINUOUS
10
0.5290944881889764
20
0.5842165354330708
11
0.4109055118110236
21
0.5842165354330708
0
LINE
8
BLACK
6
CONTINUOUS
10
0.4109055118110236
20
0.5842165354330708
11
0.4105416535433071
21
0.5842806692913386
0
LINE
8
BLACK
6
CONTINUOUS
10
0.4105416535433071
20
0.5842806692913386
11
0.4104321259842519
21
0.5842613779527559
0
LINE
8
BLACK
6
CONTINUOUS
10
0.4104321259842519
20
0.5842613779527559
11
0.4103357874015748
21
0.584316968503937
0
LINE
8
BLACK
6
CONTINUOUS
10
0.4103357874015748
20
0.584316968503937
11
0.4098955905511811
21
0.5843946062992126
0
LINE
8
BLACK
6
CONTINUOUS
10
0.4098955905511811
20
0.5843946062992126
11
0.4092210236220472
21
0.5849605905511811
0
LINE
8
BLACK
6
CONTINUOUS
10
0.4092210236220472
20
0.5849605905511811
11
0.4086829527559055
21
0.5852712992125985
0
LINE
8
BLACK
6
CONTINUOUS
10
0.4086829527559055
20
0.5852712992125985
11
0.4086091338582677
21
0.5854740551181102
0
LINE
8
BLACK
6
CONTINUOUS
10
0.4086091338582677
20
0.5854740551181102
11
0.4083483464566929
21
0.5856929133858267
0
LINE
8
BLACK
6
CONTINUOUS
10
0.4083483464566929
20
0.5856929133858267
11
0.4081781102362205
21
0.5866582677165354
0
LINE
8
BLACK
6
CONTINUOUS
10
0.4081781102362205
20
0.5866582677165354
11
0.4079921259842519
21
0.5871692913385826
0
LINE
8
BLACK
6
CONTINUOUS
10
0.4079921259842519
20
0.5871692913385826
11
0.4079921259842519
21
0.6855905511811023
0
LINE
8
BLACK
6
CONTINUOUS
10
0.4079921259842519
20
0.6855905511811023
11
0.4080400393700787
21
0.6858624409448819
0
LINE
8
BLACK
6
CONTINUOUS
10
0.4080400393700787
20
0.6858624409448819
11
0.4079975984251968
21
0.6861033070866142
0
LINE
8
BLACK
6
CONTINUOUS
10
0.4079975984251968
20
0.6861033070866142
11
0.408119842519685
21
0.6863150787401575
0
LINE
8
BLACK
6
CONTINUOUS
10
0.408119842519685
20
0.6863150787401575
11
0.4081701968503937
21
0.6866004724409449
0
LINE
8
BLACK
6
CONTINUOUS
10
0.4081701968503937
20
0.6866004724409449
11
0.4085370866141732
21
0.6870377165354331
0
LINE
8
BLACK
6
CONTINUOUS
10
0.4085370866141732
20
0.6870377165354331
11
0.4090075196850393
21
0.6878524803149606
0
LINE
8
BLACK
6
CONTINUOUS
10
0.4090075196850393
20
0.6878524803149606
11
0.4093145275590551
21
0.6879642125984252
0
LINE
8
BLACK
6
CONTINUOUS
10
0.4093145275590551
20
0.6879642125984252
11
0.4094685039370078
21
0.6881477165354331
0
LINE
8
BLACK
6
CONTINUOUS
10
0.4094685039370078
20
0.6881477165354331
11
0.4101476771653543
21
0.6882674803149607
0
LINE
8
BLACK
6
CONTINUOUS
10
0.4101476771653543
20
0.6882674803149607
11
0.4109055118110236
21
0.6885433070866142
0
LINE
8
BLACK
6
CONTINUOUS
10
0.4109055118110236
20
0.6885433070866142
11
0.5290944881889764
21
0.6885433070866142
0
LINE
8
BLACK
6
CONTINUOUS
10
0.5290944881889764
20
0.6885433070866142
11
0.5294583070866141
21
0.6884791338582678
0
LINE
8
BLACK
6
CONTINUOUS
10
0.4138976377952756
20
0.6826377952755905
11
0.4138976377952756
21
0.5901220472440944
0
LINE
8
BLACK
6
CONTINUOUS
10
0.4138976377952756
20
0.5901220472440944
11
0.5261023622047244
21
0.5901220472440944
0
LINE
8
BLACK
6
CONTINUOUS
10
0.5261023622047244
20
0.5901220472440944
11
0.5261023622047244
21
0.6826377952755905
0
LINE
8
BLACK
6
CONTINUOUS
10
0.5261023622047244
20
0.6826377952755905
11
0.4138976377952756
21
0.6826377952755905
0
LINE
8
BLACK
6
CONTINUOUS
10
0.5491236614173228
20
0.7081646456692913
11
0.5492529133858267
21
0.7081874409448818
0
LINE
8
BLACK
6
CONTINUOUS
10
0.5492529133858267
20
0.7081874409448818
11
0.5493664960629921
21
0.708121811023622
0
LINE
8
BLACK
6
CONTINUOUS
10
0.5493664960629921
20
0.708121811023622
11
0.5497500787401575
21
0.7080542125984252
0
LINE
8
BLACK
6
CONTINUOUS
10
0.5497500787401575
20
0.7080542125984252
11
0.5503377559055118
21
0.707561062992126
0
LINE
8
BLACK
6
CONTINUOUS
10
0.5503377559055118
20
0.707561062992126
11
0.5510020866141733
21
0.7071775196850394
0
LINE
8
BLACK
6
CONTINUOUS
10
0.5510020866141733
20
0.7071775196850394
11
0.5510931889763779
21
0.7069271653543306
0
LINE
8
BLACK
6
CONTINUOUS
10
0.5510931889763779
20
0.7069271653543306
11
0.5512973228346456
21
0.706755905511811
0
LINE
8
BLACK
6
CONTINUOUS
10
0.5512973228346456
20
0.706755905511811
11
0.5514305511811024
21
0.7060003149606299
0
LINE
8
BLACK
6
CONTINUOUS
10
0.5514305511811024
20
0.7060003149606299
11
0.5516929133858267
21
0.7052795275590551
0
LINE
8
BLACK
6
CONTINUOUS
10
0.5516929133858267
20
0.7052795275590551
11
0.5516929133858267
21
0.6098031496062992
0
LINE
8
BLACK
6
CONTINUOUS
10
0.5516929133858267
20
0.6098031496062992
11
0.5684251968503937
21
0.6098031496062992
0
LINE
8
BLACK
6
CONTINUOUS
10
0.5684251968503937
20
0.6098031496062992
11
0.5688087007874015
21
0.6097355118110236
0
LINE
8
BLACK
6
CONTINUOUS
10
0.5688087007874015
20
0.6097355118110236
11
0.5689379527559055
21
0.6097583070866142
0
LINE
8
BLACK
6
CONTINUOUS
10
0.5689379527559055
20
0.6097583070866142
11
0.5690515354330709
21
0.6096926771653544
0
LINE
8
BLACK
6
CONTINUOUS
10
0.5690515354330709
20
0.6096926771653544
11
0.5694351181102362
21
0.6096250787401575
0
LINE
8
BLACK
6
CONTINUOUS
10
0.5694351181102362
20
0.6096250787401575
11
0.5699314566929133
21
0.6092085826771654
0
LINE
8
BLACK
6
CONTINUOUS
10
0.5699314566929133
20
0.6092085826771654
11
0.5700984251968504
21
0.6094075590551181
0
LINE
8
BLACK
6
CONTINUOUS
10
0.5700984251968504
20
0.6094075590551181
11
0.5708539763779528
21
0.6095407874015748
0
LINE
8
BLACK
6
CONTINUOUS
10
0.5708539763779528
20
0.6095407874015748
11
0.5715748031496063
21
0.6098031496062992
0
LINE
8
BLACK
6
CONTINUOUS
10
0.5715748031496063
20
0.6098031496062992
11
0.5883070866141732
21
0.6098031496062992
0
LINE
8
BLACK
6
CONTINUOUS
10
0.5883070866141732
20
0.6098031496062992
11
0.5883070866141732
21
0.7053149606299213
0
LINE
8
BLACK
6
CONTINUOUS
10
0.5883070866141732
20
0.7053149606299213
11
0.5883715748031496
21
0.7056807480314961
0
LINE
8
BLACK
6
CONTINUOUS
10
0.5883715748031496
20
0.7056807480314961
11
0.5883519291338583
21
0.7057922834645669
0
LINE
8
BLACK
6
CONTINUOUS
10
0.5883519291338583
20
0.7057922834645669
11
0.5884085039370078
21
0.7058903149606299
0
LINE
8
BLACK
6
CONTINUOUS
10
0.5884085039370078
20
0.7058903149606299
11
0.5884851574803149
21
0.7063248818897637
0
LINE
8
BLACK
6
CONTINUOUS
10
0.5884851574803149
20
0.7063248818897637
11
0.5890438582677165
21
0.7069907086614173
0
LINE
8
BLACK
6
CONTINUOUS
10
0.5890438582677165
20
0.7069907086614173
11
0.5893618503937008
21
0.7075414566929134
0
LINE
8
BLACK
6
CONTINUOUS
10
0.5893618503937008
20
0.7075414566929134
11
0.5895693700787401
21
0.707616968503937
0
LINE
8
BLACK
6
CONTINUOUS
10
0.5895693700787401
20
0.707616968503937
11
0.5897834645669291
21
0.707872125984252
0
LINE
8
BLACK
6
CONTINUOUS
10
0.5897834645669291
20
0.707872125984252
11
0.5907278346456692
21
0.7080386220472441
0
LINE
8
BLACK
6
CONTINUOUS
10
0.5907278346456692
20
0.7080386220472441
11
0.591259842519685
21
0.7082322834645669
0
LINE
8
BLACK
6
CONTINUOUS
10
0.591259842519685
20
0.7082322834645669
11
0.748740157480315
21
0.7082322834645669
0
LINE
8
BLACK
6
CONTINUOUS
10
0.748740157480315
20
0.7082322834645669
11
0.7491236614173228
21
0.7081646456692913
0
LINE
8
BLACK
6
CONTINUOUS
10
0.7491236614173228
20
0.7081646456692913
11
0.7492529133858268
21
0.7081874409448818
0
LINE
8
BLACK
6
CONTINUOUS
10
0.7492529133858268
20
0.7081874409448818
11
0.7493664960629921
21
0.708121811023622
0
LINE
8
BLACK
6
CONTINUOUS
10
0.7493664960629921
20
0.708121811023622
11
0.7497500787401574
21
0.7080542125984252
0
LINE
8
BLACK
6
CONTINUOUS
10
0.7497500787401574
20
0.7080542125984252
11
0.7503377559055118
21
0.707561062992126
0
LINE
8
BLACK
6
CONTINUOUS
10
0.7503377559055118
20
0.707561062992126
11
0.7510020866141732
21
0.7071775196850394
0
LINE
8
BLACK
6
CONTINUOUS
10
0.7510020866141732
20
0.7071775196850394
11
0.7510931889763779
21
0.7069271653543306
0
LINE
8
BLACK
6
CONTINUOUS
10
0.7510931889763779
20
0.7069271653543306
11
0.7512973228346457
21
0.706755905511811
0
LINE
8
BLACK
6
CONTINUOUS
10
0.7512973228346457
20
0.706755905511811
11
0.7514305511811024
21
0.7060003149606299
0
LINE
8
BLACK
6
CONTINUOUS
10
0.7514305511811024
20
0.7060003149606299
11
0.7516929133858268
21
0.7052795275590551
0
LINE
8
BLACK
6
CONTINUOUS
10
0.7516929133858268
20
0.7052795275590551
11
0.7516929133858268
21
0.6098031496062992
0
LINE
8
BLACK
6
CONTINUOUS
10
0.7516929133858268
20
0.6098031496062992
11
0.7684251968503937
21
0.6098031496062992
0
LINE
8
BLACK
6
CONTINUOUS
10
0.7684251968503937
20
0.6098031496062992
11
0.7688087007874016
21
0.6097355118110236
0
LINE
8
BLACK
6
CONTINUOUS
10
0.7688087007874016
20
0.6097355118110236
11
0.7689379527559055
21
0.6097583070866142
0
LINE
8
BLACK
6
CONTINUOUS
10
0.7689379527559055
20
0.6097583070866142
11
0.7690515354330708
21
0.6096926771653544
0
LINE
8
BLACK
6
CONTINUOUS
10
0.7690515354330708
20
0.6096926771653544
11
0.7694351181102362
21
0.6096250787401575
0
LINE
8
BLACK
6
CONTINUOUS
10
0.7694351181102362
20
0.6096250787401575
11
0.7700227952755906
21
0.6091319291338583
0
LINE
8
BLACK
6
CONTINUOUS
10
0.7700227952755906
20
0.6091319291338583
11
0.7706871259842519
21
0.6087483858267716
0
LINE
8
BLACK
6
CONTINUOUS
10
0.7706871259842519
20
0.6087483858267716
11
0.7707782283464567
21
0.608498031496063
0
LINE
8
BLACK
6
CONTINUOUS
10
0.7707782283464567
20
0.608498031496063
11
0.7709823622047244
21
0.6083267716535433
0
LINE
8
BLACK
6
CONTINUOUS
10
0.7709823622047244
20
0.6083267716535433
11
0.7711155905511811
21
0.6075711811023622
0
LINE
8
BLACK
6
CONTINUOUS
10
0.7711155905511811
20
0.6075711811023622
11
0.7713779527559055
21
0.6068503937007874
0
LINE
8
BLACK
6
CONTINUOUS
10
0.7713779527559055
20
0.6068503937007874
11
0.7713779527559055
21
0.3706299212598425
0
LINE
8
BLACK
6
CONTINUOUS
10
0.7713779527559055
20
0.3706299212598425
11
0.7713779527559055
21
0.0162992125984252
0
LINE
8
BLACK
6
CONTINUOUS
10
0.7713779527559055
20
0.0162992125984252
11
0.7713122834645669
21
0.015926811023622
0
LINE
8
BLACK
6
CONTINUOUS
10
0.7713122834645669
20
0.015926811023622
11
0.7713370472440945
21
0.0157864566929134
0
LINE
8
BLACK
6
CONTINUOUS
10
0.7713370472440945
20
0.0157864566929134
11
0.7712657480314961
21
0.0156629921259843
0
LINE
8
BLACK
6
CONTINUOUS
10
0.7712657480314961
20
0.0156629921259843
11
0.7711998818897637
21
0.0152892913385827
0
LINE
8
BLACK
6
CONTINUOUS
10
0.7711998818897637
20
0.0152892913385827
11
0.7707193700787401
21
0.0147166141732283
0
LINE
8
BLACK
6
CONTINUOUS
10
0.7707193700787401
20
0.0147166141732283
11
0.7703271259842519
21
0.0140372834645669
0
LINE
8
BLACK
6
CONTINUOUS
10
0.7703271259842519
20
0.0140372834645669
11
0.7700711023622047
21
0.013944094488189
0
LINE
8
BLACK
6
CONTINUOUS
10
0.7700711023622047
20
0.013944094488189
11
0.7699015748031496
21
0.0137420472440945
0
LINE
8
BLACK
6
CONTINUOUS
10
0.7699015748031496
20
0.0137420472440945
11
0.769153622047244
21
0.013610157480315
0
LINE
8
BLACK
6
CONTINUOUS
10
0.769153622047244
20
0.013610157480315
11
0.7684291338582677
21
0.0133464566929134
0
LINE
8
BLACK
6
CONTINUOUS
10
0.7684291338582677
20
0.0133464566929134
11
0.5715708661417322
21
0.0133464566929134
0
LINE
8
BLACK
6
CONTINUOUS
10
0.5715708661417322
20
0.0133464566929134
11
0.5711892913385826
21
0.0134137007874016
0
LINE
8
BLACK
6
CONTINUOUS
10
0.5711892913385826
20
0.0134137007874016
11
0.5710620472440945
21
0.0133912992125984
0
LINE
8
BLACK
6
CONTINUOUS
10
0.5710620472440945
20
0.0133912992125984
11
0.570950157480315
21
0.0134558661417323
0
LINE
8
BLACK
6
CONTINUOUS
10
0.570950157480315
20
0.0134558661417323
11
0.5705609448818898
21
0.0135245275590551
0
LINE
8
BLACK
6
CONTINUOUS
10
0.5705609448818898
20
0.0135245275590551
11
0.5700668897637795
21
0.0139390551181102
0
LINE
8
BLACK
6
CONTINUOUS
10
0.5700668897637795
20
0.0139390551181102
11
0.5699015748031496
21
0.0137420472440945
0
LINE
8
BLACK
6
CONTINUOUS
10
0.5699015748031496
20
0.0137420472440945
11
0.5691536220472441
21
0.013610157480315
0
LINE
8
BLACK
6
CONTINUOUS
10
0.5691536220472441
20
0.013610157480315
11
0.5684291338582677
21
0.0133464566929134
0
LINE
8
BLACK
6
CONTINUOUS
10
0.5684291338582677
20
0.0133464566929134
11
0.3715708661417323
21
0.0133464566929134
0
LINE
8
BLACK
6
CONTINUOUS
10
0.3715708661417323
20
0.0133464566929134
11
0.3711892913385827
21
0.0134137007874016
0
LINE
8
BLACK
6
CONTINUOUS
10
0.3711892913385827
20
0.0134137007874016
11
0.3710620472440945
21
0.0133912992125984
0
LINE
8
BLACK
6
CONTINUOUS
10
0.3710620472440945
20
0.0133912992125984
11
0.370950157480315
21
0.0134558661417323
0
LINE
8
BLACK
6
CONTINUOUS
10
0.370950157480315
20
0.0134558661417323
11
0.3705609448818897
21
0.0135245275590551
0
LINE
8
BLACK
6
CONTINUOUS
10
0.3705609448818897
20
0.0135245275590551
11
0.3699645669291339
21
0.0140249212598425
0
LINE
8
BLACK
6
CONTINUOUS
10
0.3699645669291339
20
0.0140249212598425
11
0.369312874015748
21
0.0144012204724409
0
LINE
8
BLACK
6
CONTINUOUS
10
0.369312874015748
20
0.0144012204724409
11
0.3692234645669291
21
0.0146467716535433
0
LINE
8
BLACK
6
CONTINUOUS
10
0.3692234645669291
20
0.0146467716535433
11
0.3690137007874016
21
0.0148228346456693
0
LINE
8
BLACK
6
CONTINUOUS
10
0.3690137007874016
20
0.0148228346456693
11
0.3688767322834646
21
0.0155993700787402
0
LINE
8
BLACK
6
CONTINUOUS
10
0.3688767322834646
20
0.0155993700787402
11
0.3686220472440945
21
0.0162992125984252
0
LINE
8
BLACK
6
CONTINUOUS
10
0.3686220472440945
20
0.0162992125984252
11
0.3686220472440945
21
0.3706299212598425
0
LINE
8
BLACK
6
CONTINUOUS
10
0.3686220472440945
20
0.3706299212598425
11
0.3686220472440945
21
0.6068503937007874
0
LINE
8
BLACK
6
CONTINUOUS
10
0.3686220472440945
20
0.6068503937007874
11
0.3686896456692914
21
0.6072338976377952
0
LINE
8
BLACK
6
CONTINUOUS
10
0.3686896456692914
20
0.6072338976377952
11
0.3686668897637795
21
0.6073631496062992
0
LINE
8
BLACK
6
CONTINUOUS
10
0.3686668897637795
20
0.6073631496062992
11
0.3687324803149606
21
0.6074767322834645
0
LINE
8
BLACK
6
CONTINUOUS
10
0.3687324803149606
20
0.6074767322834645
11
0.3688001181102362
21
0.6078603149606299
0
LINE
8
BLACK
6
CONTINUOUS
10
0.3688001181102362
20
0.6078603149606299
11
0.3692932283464567
21
0.6084479921259842
0
LINE
8
BLACK
6
CONTINUOUS
10
0.3692932283464567
20
0.6084479921259842
11
0.369676811023622
21
0.6091123228346457
0
LINE
8
BLACK
6
CONTINUOUS
10
0.369676811023622
20
0.6091123228346457
11
0.369927125984252
21
0.6092034251968503
0
LINE
8
BLACK
6
CONTINUOUS
10
0.369927125984252
20
0.6092034251968503
11
0.3700984251968504
21
0.6094075590551181
0
LINE
8
BLACK
6
CONTINUOUS
10
0.3700984251968504
20
0.6094075590551181
11
0.3708539763779528
21
0.6095407874015748
0
LINE
8
BLACK
6
CONTINUOUS
10
0.3708539763779528
20
0.6095407874015748
11
0.3715748031496063
21
0.6098031496062992
0
LINE
8
BLACK
6
CONTINUOUS
10
0.3715748031496063
20
0.6098031496062992
11
0.3883070866141732
21
0.6098031496062992
0
LINE
8
BLACK
6
CONTINUOUS
10
0.3883070866141732
20
0.6098031496062992
11
0.3883070866141732
21
0.7053149606299213
0
LINE
8
BLACK
6
CONTINUOUS
10
0.3883070866141732
20
0.7053149606299213
11
0.3883715748031496
21
0.7056807480314961
0
LINE
8
BLACK
6
CONTINUOUS
10
0.3883715748031496
20
0.7056807480314961
11
0.3883519291338582
21
0.7057922834645669
0
LINE
8
BLACK
6
CONTINUOUS
10
0.3883519291338582
20
0.7057922834645669
11
0.3884085039370079
21
0.7058903149606299
0
LINE
8
BLACK
6
CONTINUOUS
10
0.3884085039370079
20
0.7058903149606299
11
0.3884851574803149
21
0.7063248818897637
0
LINE
8
BLACK
6
CONTINUOUS
10
0.3884851574803149
20
0.7063248818897637
11
0.3890438582677165
21
0.7069907086614173
0
LINE
8
BLACK
6
CONTINUOUS
10
0.3890438582677165
20
0.7069907086614173
11
0.3893618503937008
21
0.7075414566929134
0
LINE
8
BLACK
6
CONTINUOUS
10
0.3893618503937008
20
0.7075414566929134
11
0.3895693700787402
21
0.707616968503937
0
LINE
8
BLACK
6
CONTINUOUS
10
0.3895693700787402
20
0.707616968503937
11
0.3897834645669291
21
0.707872125984252
0
LINE
8
BLACK
6
CONTINUOUS
10
0.3897834645669291
20
0.707872125984252
11
0.3907278346456693
21
0.7080386220472441
0
LINE
8
BLACK
6
CONTINUOUS
10
0.3907278346456693
20
0.7080386220472441
11
0.391259842519685
21
0.7082322834645669
0
LINE
8
BLACK
6
CONTINUOUS
10
0.391259842519685
20
0.7082322834645669
11
0.5487401574803149
21
0.7082322834645669
0
LINE
8
BLACK
6
CONTINUOUS
10
0.5487401574803149
20
0.7082322834645669
11
0.5491236614173228
21
0.7081646456692913
0
LINE
8
BLACK
6
CONTINUOUS
10
0.745
20
0.3676771653543307
11
0.745
21
0.3538937007874016
0
LINE
8
BLACK
6
CONTINUOUS
10
0.745
20
0.3538937007874016
11
0.748740157480315
21
0.3538937007874016
0
LINE
8
BLACK
6
CONTINUOUS
10
0.748740157480315
20
0.3538937007874016
11
0.7491236614173228
21
0.353826062992126
0
LINE
8
BLACK
6
CONTINUOUS
10
0.7491236614173228
20
0.353826062992126
11
0.7492529133858268
21
0.3538488582677165
0
LINE
8
BLACK
6
CONTINUOUS
10
0.7492529133858268
20
0.3538488582677165
11
0.7493664960629921
21
0.3537832283464567
0
LINE
8
BLACK
6
CONTINUOUS
10
0.7493664960629921
20
0.3537832283464567
11
0.7497500787401574
21
0.3537156299212598
0
LINE
8
BLACK
6
CONTINUOUS
10
0.7497500787401574
20
0.3537156299212598
11
0.7503377559055118
21
0.3532224803149606
0
LINE
8
BLACK
6
CONTINUOUS
10
0.7503377559055118
20
0.3532224803149606
11
0.7510020866141732
21
0.352838937007874
0
LINE
8
BLACK
6
CONTINUOUS
10
0.7510020866141732
20
0.352838937007874
11
0.7510931889763779
21
0.3525885826771654
0
LINE
8
BLACK
6
CONTINUOUS
10
0.7510931889763779
20
0.3525885826771654
11
0.7512973228346457
21
0.3524173228346457
0
LINE
8
BLACK
6
CONTINUOUS
10
0.7512973228346457
20
0.3524173228346457
11
0.7514305511811024
21
0.3516617322834645
0
LINE
8
BLACK
6
CONTINUOUS
10
0.7514305511811024
20
0.3516617322834645
11
0.7516929133858268
21
0.3509409448818898
0
LINE
8
BLACK
6
CONTINUOUS
10
0.7516929133858268
20
0.3509409448818898
11
0.7516929133858268
21
0.0359803149606299
0
LINE
8
BLACK
6
CONTINUOUS
10
0.7516929133858268
20
0.0359803149606299
11
0.7516252755905511
21
0.0355967716535433
0
LINE
8
BLACK
6
CONTINUOUS
10
0.7516252755905511
20
0.0355967716535433
11
0.7516480708661417
21
0.0354675590551181
0
LINE
8
BLACK
6
CONTINUOUS
10
0.7516480708661417
20
0.0354675590551181
11
0.7515824409448819
21
0.035353937007874
0
LINE
8
BLACK
6
CONTINUOUS
10
0.7515824409448819
20
0.035353937007874
11
0.751514842519685
21
0.0349703937007874
0
LINE
8
BLACK
6
CONTINUOUS
10
0.751514842519685
20
0.0349703937007874
11
0.7510216929133858
21
0.0343826771653543
0
LINE
8
BLACK
6
CONTINUOUS
10
0.7510216929133858
20
0.0343826771653543
11
0.7506381496062992
21
0.0337183858267717
0
LINE
8
BLACK
6
CONTINUOUS
10
0.7506381496062992
20
0.0337183858267717
11
0.7503877952755905
21
0.0336272440944882
0
LINE
8
BLACK
6
CONTINUOUS
10
0.7503877952755905
20
0.0336272440944882
11
0.7502165354330709
21
0.0334231496062992
0
LINE
8
BLACK
6
CONTINUOUS
10
0.7502165354330709
20
0.0334231496062992
11
0.7494609448818897
21
0.0332898818897638
0
LINE
8
BLACK
6
CONTINUOUS
10
0.7494609448818897
20
0.0332898818897638
11
0.748740157480315
21
0.0330275590551181
0
LINE
8
BLACK
6
CONTINUOUS
10
0.748740157480315
20
0.0330275590551181
11
0.591259842519685
21
0.0330275590551181
0
LINE
8
BLACK
6
CONTINUOUS
10
0.591259842519685
20
0.0330275590551181
11
0.5908762992125984
21
0.033095157480315
0
LINE
8
BLACK
6
CONTINUOUS
10
0.5908762992125984
20
0.033095157480315
11
0.5907470866141732
21
0.0330724015748032
0
LINE
8
BLACK
6
CONTINUOUS
10
0.5907470866141732
20
0.0330724015748032
11
0.5906334645669291
21
0.0331379921259842
0
LINE
8
BLACK
6
CONTINUOUS
10
0.5906334645669291
20
0.0331379921259842
11
0.5902499212598425
21
0.0332056299212598
0
LINE
8
BLACK
6
CONTINUOUS
10
0.5902499212598425
20
0.0332056299212598
11
0.5896622047244094
21
0.0336987401574803
0
LINE
8
BLACK
6
CONTINUOUS
10
0.5896622047244094
20
0.0336987401574803
11
0.5889979133858267
21
0.0340823228346457
0
LINE
8
BLACK
6
CONTINUOUS
10
0.5889979133858267
20
0.0340823228346457
11
0.5889067716535433
21
0.0343326377952756
0
LINE
8
BLACK
6
CONTINUOUS
10
0.5889067716535433
20
0.0343326377952756
11
0.5887026771653543
21
0.034503937007874
0
LINE
8
BLACK
6
CONTINUOUS
10
0.5887026771653543
20
0.034503937007874
11
0.5885694094488189
21
0.0352594881889764
0
LINE
8
BLACK
6
CONTINUOUS
10
0.5885694094488189
20
0.0352594881889764
11
0.5883070866141732
21
0.0359803149606299
0
LINE
8
BLACK
6
CONTINUOUS
10
0.5883070866141732
20
0.0359803149606299
11
0.5883070866141732
21
0.3509409448818898
0
LINE
8
BLACK
6
CONTINUOUS
10
0.5883070866141732
20
0.3509409448818898
11
0.5883746850393701
21
0.3513244488188976
0
LINE
8
BLACK
6
CONTINUOUS
10
0.5883746850393701
20
0.3513244488188976
11
0.5883519291338583
21
0.3514537007874016
0
LINE
8
BLACK
6
CONTINUOUS
10
0.5883519291338583
20
0.3514537007874016
11
0.5884175196850393
21
0.3515672834645669
0
LINE
8
BLACK
6
CONTINUOUS
10
0.5884175196850393
20
0.3515672834645669
11
0.5884851574803149
21
0.3519508661417323
0
LINE
8
BLACK
6
CONTINUOUS
10
0.5884851574803149
20
0.3519508661417323
11
0.5889782677165354
21
0.3525385433070866
0
LINE
8
BLACK
6
CONTINUOUS
10
0.5889782677165354
20
0.3525385433070866
11
0.5893618503937008
21
0.353202874015748
0
LINE
8
BLACK
6
CONTINUOUS
10
0.5893618503937008
20
0.353202874015748
11
0.5896121653543307
21
0.3532939763779527
0
LINE
8
BLACK
6
CONTINUOUS
10
0.5896121653543307
20
0.3532939763779527
11
0.5897834645669291
21
0.3534981102362205
0
LINE
8
BLACK
6
CONTINUOUS
10
0.5897834645669291
20
0.3534981102362205
11
0.5905390157480315
21
0.3536313385826771
0
LINE
8
BLACK
6
CONTINUOUS
10
0.5905390157480315
20
0.3536313385826771
11
0.591259842519685
21
0.3538937007874016
0
LINE
8
BLACK
6
CONTINUOUS
10
0.591259842519685
20
0.3538937007874016
11
0.595
21
0.3538937007874016
0
LINE
8
BLACK
6
CONTINUOUS
10
0.595
20
0.3538937007874016
11
0.595
21
0.3676771653543307
0
LINE
8
BLACK
6
CONTINUOUS
10
0.595
20
0.3676771653543307
11
0.5745275590551181
21
0.3676771653543307
0
LINE
8
BLACK
6
CONTINUOUS
10
0.5745275590551181
20
0.3676771653543307
11
0.5745275590551181
21
0.019251968503937
0
LINE
8
BLACK
6
CONTINUOUS
10
0.5745275590551181
20
0.019251968503937
11
0.7654724409448819
21
0.019251968503937
0
LINE
8
BLACK
6
CONTINUOUS
10
0.7654724409448819
20
0.019251968503937
11
0.7654724409448819
21
0.3676771653543307
0
LINE
8
BLACK
6
CONTINUOUS
10
0.7654724409448819
20
0.3676771653543307
11
0.745
21
0.3676771653543307
0
LINE
8
BLACK
6
CONTINUOUS
10
0.545
20
0.3676771653543307
11
0.545
21
0.3538937007874016
0
LINE
8
BLACK
6
CONTINUOUS
10
0.545
20
0.3538937007874016
11
0.5487401574803149
21
0.3538937007874016
0
LINE
8
BLACK
6
CONTINUOUS
10
0.5487401574803149
20
0.3538937007874016
11
0.5491236614173228
21
0.353826062992126
0
LINE
8
BLACK
6
CONTINUOUS
10
0.5491236614173228
20
0.353826062992126
11
0.5492529133858267
21
0.3538488582677165
0
LINE
8
BLACK
6
CONTINUOUS
10
0.5492529133858267
20
0.3538488582677165
11
0.5493664960629921
21
0.3537832283464567
0
LINE
8
BLACK
6
CONTINUOUS
10
0.5493664960629921
20
0.3537832283464567
11
0.5497500787401575
21
0.3537156299212598
0
LINE
8
BLACK
6
CONTINUOUS
10
0.5497500787401575
20
0.3537156299212598
11
0.5503377559055118
21
0.3532224803149606
0
LINE
8
BLACK
6
CONTINUOUS
10
0.5503377559055118
20
0.3532224803149606
11
0.5510020866141733
21
0.352838937007874
0
LINE
8
BLACK
6
CONTINUOUS
10
0.5510020866141733
20
0.352838937007874
11
0.5510931889763779
21
0.3525885826771654
0
LINE
8
BLACK
6
CONTINUOUS
10
0.5510931889763779
20
0.3525885826771654
11
0.5512973228346456
21
0.3524173228346457
0
LINE
8
BLACK
6
CONTINUOUS
10
0.5512973228346456
20
0.3524173228346457
11
0.5514305511811024
21
0.3516617322834645
0
LINE
8
BLACK
6
CONTINUOUS
10
0.5514305511811024
20
0.3516617322834645
11
0.5516929133858267
21
0.3509409448818898
0
LINE
8
BLACK
6
CONTINUOUS
10
0.5516929133858267
20
0.3509409448818898
11
0.5516929133858267
21
0.0359803149606299
0
LINE
8
BLACK
6
CONTINUOUS
10
0.5516929133858267
20
0.0359803149606299
11
0.5516252755905512
21
0.0355967716535433
0
LINE
8
BLACK
6
CONTINUOUS
10
0.5516252755905512
20
0.0355967716535433
11
0.5516480708661418
21
0.0354675590551181
0
LINE
8
BLACK
6
CONTINUOUS
10
0.5516480708661418
20
0.0354675590551181
11
0.5515824409448818
21
0.035353937007874
0
LINE
8
BLACK
6
CONTINUOUS
10
0.5515824409448818
20
0.035353937007874
11
0.5515148425196851
21
0.0349703937007874
0
LINE
8
BLACK
6
CONTINUOUS
10
0.5515148425196851
20
0.0349703937007874
11
0.5510216929133858
21
0.0343826771653543
0
LINE
8
BLACK
6
CONTINUOUS
10
0.5510216929133858
20
0.0343826771653543
11
0.5506381496062992
21
0.0337183858267717
0
LINE
8
BLACK
6
CONTINUOUS
10
0.5506381496062992
20
0.0337183858267717
11
0.5503877952755906
21
0.0336272440944882
0
LINE
8
BLACK
6
CONTINUOUS
10
0.5503877952755906
20
0.0336272440944882
11
0.5502165354330708
21
0.0334231496062992
0
LINE
8
BLACK
6
CONTINUOUS
10
0.5502165354330708
20
0.0334231496062992
11
0.5494609448818898
21
0.0332898818897638
0
LINE
8
BLACK
6
CONTINUOUS
10
0.5494609448818898
20
0.0332898818897638
11
0.5487401574803149
21
0.0330275590551181
0
LINE
8
BLACK
6
CONTINUOUS
10
0.5487401574803149
20
0.0330275590551181
11
0.391259842519685
21
0.0330275590551181
0
LINE
8
BLACK
6
CONTINUOUS
10
0.391259842519685
20
0.0330275590551181
11
0.3908762992125984
21
0.033095157480315
0
LINE
8
BLACK
6
CONTINUOUS
10
0.3908762992125984
20
0.033095157480315
11
0.3907470866141732
21
0.0330724015748032
0
LINE
8
BLACK
6
CONTINUOUS
10
0.3907470866141732
20
0.0330724015748032
11
0.3906334645669291
21
0.0331379921259842
0
LINE
8
BLACK
6
CONTINUOUS
10
0.3906334645669291
20
0.0331379921259842
11
0.3902499212598425
21
0.0332056299212598
0
LINE
8
BLACK
6
CONTINUOUS
10
0.3902499212598425
20
0.0332056299212598
11
0.3896622047244094
21
0.0336987401574803
0
LINE
8
BLACK
6
CONTINUOUS
10
0.3896622047244094
20
0.0336987401574803
11
0.3889979133858268
21
0.0340823228346457
0
LINE
8
BLACK
6
CONTINUOUS
10
0.3889979133858268
20
0.0340823228346457
11
0.3889067716535433
21
0.0343326377952756
0
LINE
8
BLACK
6
CONTINUOUS
10
0.3889067716535433
20
0.0343326377952756
11
0.3887026771653543
21
0.034503937007874
0
LINE
8
BLACK
6
CONTINUOUS
10
0.3887026771653543
20
0.034503937007874
11
0.3885694094488189
21
0.0352594881889764
0
LINE
8
BLACK
6
CONTINUOUS
10
0.3885694094488189
20
0.0352594881889764
11
0.3883070866141732
21
0.0359803149606299
0
LINE
8
BLACK
6
CONTINUOUS
10
0.3883070866141732
20
0.0359803149606299
11
0.3883070866141732
21
0.3509409448818898
0
LINE
8
BLACK
6
CONTINUOUS
10
0.3883070866141732
20
0.3509409448818898
11
0.3883746850393701
21
0.3513244488188976
0
LINE
8
BLACK
6
CONTINUOUS
10
0.3883746850393701
20
0.3513244488188976
11
0.3883519291338582
21
0.3514537007874016
0
LINE
8
BLACK
6
CONTINUOUS
10
0.3883519291338582
20
0.3514537007874016
11
0.3884175196850393
21
0.3515672834645669
0
LINE
8
BLACK
6
CONTINUOUS
10
0.3884175196850393
20
0.3515672834645669
11
0.3884851574803149
21
0.3519508661417323
0
LINE
8
BLACK
6
CONTINUOUS
10
0.3884851574803149
20
0.3519508661417323
11
0.3889782677165354
21
0.3525385433070866
0
LINE
8
BLACK
6
CONTINUOUS
10
0.3889782677165354
20
0.3525385433070866
11
0.3893618503937008
21
0.353202874015748
0
LINE
8
BLACK
6
CONTINUOUS
10
0.3893618503937008
20
0.353202874015748
11
0.3896121653543307
21
0.3532939763779527
0
LINE
8
BLACK
6
CONTINUOUS
10
0.3896121653543307
20
0.3532939763779527
11
0.3897834645669291
21
0.3534981102362205
0
LINE
8
BLACK
6
CONTINUOUS
10
0.3897834645669291
20
0.3534981102362205
11
0.3905390157480315
21
0.3536313385826771
0
LINE
8
BLACK
6
CONTINUOUS
10
0.3905390157480315
20
0.3536313385826771
11
0.391259842519685
21
0.3538937007874016
0
LINE
8
BLACK
6
CONTINUOUS
10
0.391259842519685
20
0.3538937007874016
11
0.395
21
0.3538937007874016
0
LINE
8
BLACK
6
CONTINUOUS
10
0.395
20
0.3538937007874016
11
0.395
21
0.3676771653543307
0
LINE
8
BLACK
6
CONTINUOUS
10
0.395
20
0.3676771653543307
11
0.3745275590551181
21
0.3676771653543307
0
LINE
8
BLACK
6
CONTINUOUS
10
0.3745275590551181
20
0.3676771653543307
11
0.3745275590551181
21
0.019251968503937
0
LINE
8
BLACK
6
CONTINUOUS
10
0.3745275590551181
20
0.019251968503937
11
0.5654724409448819
21
0.019251968503937
0
LINE
8
BLACK
6
CONTINUOUS
10
0.5654724409448819
20
0.019251968503937
11
0.5654724409448819
21
0.3676771653543307
0
LINE
8
BLACK
6
CONTINUOUS
10
0.5654724409448819
20
0.3676771653543307
11
0.545
21
0.3676771653543307
0
LINE
8
BLACK
6
CONTINUOUS
10
0.745
20
0.347988188976378
11
0.745
21
0.335
0
LINE
8
BLACK
6
CONTINUOUS
10
0.745
20
0.335
11
0.595
21
0.335
0
LINE
8
BLACK
6
CONTINUOUS
10
0.595
20
0.335
11
0.595
21
0.347988188976378
0
LINE
8
BLACK
6
CONTINUOUS
10
0.595
20
0.347988188976378
11
0.5942125984251968
21
0.347988188976378
0
LINE
8
BLACK
6
CONTINUOUS
10
0.5942125984251968
20
0.347988188976378
11
0.5942125984251968
21
0.0389330708661417
0
LINE
8
BLACK
6
CONTINUOUS
10
0.5942125984251968
20
0.0389330708661417
11
0.7457874015748032
21
0.0389330708661417
0
LINE
8
BLACK
6
CONTINUOUS
10
0.7457874015748032
20
0.0389330708661417
11
0.7457874015748032
21
0.347988188976378
0
LINE
8
BLACK
6
CONTINUOUS
10
0.7457874015748032
20
0.347988188976378
11
0.745
21
0.347988188976378
0
LINE
8
BLACK
6
CONTINUOUS
10
0.545
20
0.347988188976378
11
0.545
21
0.335
0
LINE
8
BLACK
6
CONTINUOUS
10
0.545
20
0.335
11
0.395
21
0.335
0
LINE
8
BLACK
6
CONTINUOUS
10
0.395
20
0.335
11
0.395
21
0.347988188976378
0
LINE
8
BLACK
6
CONTINUOUS
10
0.395
20
0.347988188976378
11
0.3942125984251968
21
0.347988188976378
0
LINE
8
BLACK
6
CONTINUOUS
10
0.3942125984251968
20
0.347988188976378
11
0.3942125984251968
21
0.0389330708661417
0
LINE
8
BLACK
6
CONTINUOUS
10
0.3942125984251968
20
0.0389330708661417
11
0.5457874015748031
21
0.0389330708661417
0
LINE
8
BLACK
6
CONTINUOUS
10
0.5457874015748031
20
0.0389330708661417
11
0.5457874015748031
21
0.347988188976378
0
LINE
8
BLACK
6
CONTINUOUS
10
0.5457874015748031
20
0.347988188976378
11
0.545
21
0.347988188976378
0
LINE
8
BLACK
6
CONTINUOUS
10
0.5745275590551181
20
0.6038976377952756
11
0.5745275590551181
21
0.3735826771653543
0
LINE
8
BLACK
6
CONTINUOUS
10
0.5745275590551181
20
0.3735826771653543
11
0.595
21
0.3735826771653543
0
LINE
8
BLACK
6
CONTINUOUS
10
0.595
20
0.3735826771653543
11
0.595
21
0.485
0
LINE
8
BLACK
6
CONTINUOUS
10
0.595
20
0.485
11
0.607992125984252
21
0.485
0
LINE
8
BLACK
6
CONTINUOUS
10
0.607992125984252
20
0.485
11
0.607992125984252
21
0.5645275590551181
0
LINE
8
BLACK
6
CONTINUOUS
10
0.607992125984252
20
0.5645275590551181
11
0.591259842519685
21
0.5645275590551181
0
LINE
8
BLACK
6
CONTINUOUS
10
0.591259842519685
20
0.5645275590551181
11
0.5908762992125984
21
0.564595157480315
0
LINE
8
BLACK
6
CONTINUOUS
10
0.5908762992125984
20
0.564595157480315
11
0.5907470866141732
21
0.5645724015748032
0
LINE
8
BLACK
6
CONTINUOUS
10
0.5907470866141732
20
0.5645724015748032
11
0.5906334645669291
21
0.5646379921259842
0
LINE
8
BLACK
6
CONTINUOUS
10
0.5906334645669291
20
0.5646379921259842
11
0.5902499212598425
21
0.5647056299212598
0
LINE
8
BLACK
6
CONTINUOUS
10
0.5902499212598425
20
0.5647056299212598
11
0.5896622047244094
21
0.5651987401574803
0
LINE
8
BLACK
6
CONTINUOUS
10
0.5896622047244094
20
0.5651987401574803
11
0.5889979133858267
21
0.5655823228346456
0
LINE
8
BLACK
6
CONTINUOUS
10
0.5889979133858267
20
0.5655823228346456
11
0.5889067716535433
21
0.5658326377952756
0
LINE
8
BLACK
6
CONTINUOUS
10
0.5889067716535433
20
0.5658326377952756
11
0.5887026771653543
21
0.566003937007874
0
LINE
8
BLACK
6
CONTINUOUS
10
0.5887026771653543
20
0.566003937007874
11
0.5885694094488189
21
0.5667594881889764
0
LINE
8
BLACK
6
CONTINUOUS
10
0.5885694094488189
20
0.5667594881889764
11
0.5883070866141732
21
0.5674803149606299
0
LINE
8
BLACK
6
CONTINUOUS
10
0.5883070866141732
20
0.5674803149606299
11
0.5883070866141732
21
0.6038976377952756
0
LINE
8
BLACK
6
CONTINUOUS
10
0.5883070866141732
20
0.6038976377952756
11
0.5745275590551181
21
0.6038976377952756
0
LINE
8
BLACK
6
CONTINUOUS
10
0.7516929133858268
20
0.6038976377952756
11
0.7516929133858268
21
0.5674803149606299
0
LINE
8
BLACK
6
CONTINUOUS
10
0.7516929133858268
20
0.5674803149606299
11
0.7516252755905511
21
0.5670967716535433
0
LINE
8
BLACK
6
CONTINUOUS
10
0.7516252755905511
20
0.5670967716535433
11
0.7516480708661417
21
0.5669675590551181
0
LINE
8
BLACK
6
CONTINUOUS
10
0.7516480708661417
20
0.5669675590551181
11
0.7515824409448819
21
0.566853937007874
0
LINE
8
BLACK
6
CONTINUOUS
10
0.7515824409448819
20
0.566853937007874
11
0.751514842519685
21
0.5664703937007873
0
LINE
8
BLACK
6
CONTINUOUS
10
0.751514842519685
20
0.5664703937007873
11
0.7510216929133858
21
0.5658826771653543
0
LINE
8
BLACK
6
CONTINUOUS
10
0.7510216929133858
20
0.5658826771653543
11
0.7506381496062992
21
0.5652183858267716
0
LINE
8
BLACK
6
CONTINUOUS
10
0.7506381496062992
20
0.5652183858267716
11
0.7503877952755905
21
0.5651272440944882
0
LINE
8
BLACK
6
CONTINUOUS
10
0.7503877952755905
20
0.5651272440944882
11
0.7502165354330709
21
0.5649231496062992
0
LINE
8
BLACK
6
CONTINUOUS
10
0.7502165354330709
20
0.5649231496062992
11
0.7494609448818897
21
0.5647898818897638
0
LINE
8
BLACK
6
CONTINUOUS
10
0.7494609448818897
20
0.5647898818897638
11
0.748740157480315
21
0.5645275590551181
0
LINE
8
BLACK
6
CONTINUOUS
10
0.748740157480315
20
0.5645275590551181
11
0.732007874015748
21
0.5645275590551181
0
LINE
8
BLACK
6
CONTINUOUS
10
0.732007874015748
20
0.5645275590551181
11
0.732007874015748
21
0.485
0
LINE
8
BLACK
6
CONTINUOUS
10
0.732007874015748
20
0.485
11
0.745
21
0.485
0
LINE
8
BLACK
6
CONTINUOUS
10
0.745
20
0.485
11
0.745
21
0.3735826771653543
0
LINE
8
BLACK
6
CONTINUOUS
10
0.745
20
0.3735826771653543
11
0.7654724409448819
21
0.3735826771653543
0
LINE
8
BLACK
6
CONTINUOUS
10
0.7654724409448819
20
0.3735826771653543
11
0.7654724409448819
21
0.6038976377952756
0
LINE
8
BLACK
6
CONTINUOUS
10
0.7654724409448819
20
0.6038976377952756
11
0.7516929133858268
21
0.6038976377952756
0
LINE
8
BLACK
6
CONTINUOUS
10
0.3745275590551181
20
0.6038976377952756
11
0.3745275590551181
21
0.3735826771653543
0
LINE
8
BLACK
6
CONTINUOUS
10
0.3745275590551181
20
0.3735826771653543
11
0.395
21
0.3735826771653543
0
LINE
8
BLACK
6
CONTINUOUS
10
0.395
20
0.3735826771653543
11
0.395
21
0.485
0
LINE
8
BLACK
6
CONTINUOUS
10
0.395
20
0.485
11
0.4079921259842519
21
0.485
0
LINE
8
BLACK
6
CONTINUOUS
10
0.4079921259842519
20
0.485
11
0.4079921259842519
21
0.5645275590551181
0
LINE
8
BLACK
6
CONTINUOUS
10
0.4079921259842519
20
0.5645275590551181
11
0.391259842519685
21
0.5645275590551181
0
LINE
8
BLACK
6
CONTINUOUS
10
0.391259842519685
20
0.5645275590551181
11
0.3908762992125984
21
0.564595157480315
0
LINE
8
BLACK
6
CONTINUOUS
10
0.3908762992125984
20
0.564595157480315
11
0.3907470866141732
21
0.5645724015748032
0
LINE
8
BLACK
6
CONTINUOUS
10
0.3907470866141732
20
0.5645724015748032
11
0.3906334645669291
21
0.5646379921259842
0
LINE
8
BLACK
6
CONTINUOUS
10
0.3906334645669291
20
0.5646379921259842
11
0.3902499212598425
21
0.5647056299212598
0
LINE
8
BLACK
6
CONTINUOUS
10
0.3902499212598425
20
0.5647056299212598
11
0.3896622047244094
21
0.5651987401574803
0
LINE
8
BLACK
6
CONTINUOUS
10
0.3896622047244094
20
0.5651987401574803
11
0.3889979133858268
21
0.5655823228346456
0
LINE
8
BLACK
6
CONTINUOUS
10
0.3889979133858268
20
0.5655823228346456
11
0.3889067716535433
21
0.5658326377952756
0
LINE
8
BLACK
6
CONTINUOUS
10
0.3889067716535433
20
0.5658326377952756
11
0.3887026771653543
21
0.566003937007874
0
LINE
8
BLACK
6
CONTINUOUS
10
0.3887026771653543
20
0.566003937007874
11
0.3885694094488189
21
0.5667594881889764
0
LINE
8
BLACK
6
CONTINUOUS
10
0.3885694094488189
20
0.5667594881889764
11
0.3883070866141732
21
0.5674803149606299
0
LINE
8
BLACK
6
CONTINUOUS
10
0.3883070866141732
20
0.5674803149606299
11
0.3883070866141732
21
0.6038976377952756
0
LINE
8
BLACK
6
CONTINUOUS
10
0.3883070866141732
20
0.6038976377952756
11
0.3745275590551181
21
0.6038976377952756
0
LINE
8
BLACK
6
CONTINUOUS
10
0.5516929133858267
20
0.6038976377952756
11
0.5516929133858267
21
0.5674803149606299
0
LINE
8
BLACK
6
CONTINUOUS
10
0.5516929133858267
20
0.5674803149606299
11
0.5516252755905512
21
0.5670967716535433
0
LINE
8
BLACK
6
CONTINUOUS
10
0.5516252755905512
20
0.5670967716535433
11
0.5516480708661418
21
0.5669675590551181
0
LINE
8
BLACK
6
CONTINUOUS
10
0.5516480708661418
20
0.5669675590551181
11
0.5515824409448818
21
0.566853937007874
0
LINE
8
BLACK
6
CONTINUOUS
10
0.5515824409448818
20
0.566853937007874
11
0.5515148425196851
21
0.5664703937007873
0
LINE
8
BLACK
6
CONTINUOUS
10
0.5515148425196851
20
0.5664703937007873
11
0.5510216929133858
21
0.5658826771653543
0
LINE
8
BLACK
6
CONTINUOUS
10
0.5510216929133858
20
0.5658826771653543
11
0.5506381496062992
21
0.5652183858267716
0
LINE
8
BLACK
6
CONTINUOUS
10
0.5506381496062992
20
0.5652183858267716
11
0.5503877952755906
21
0.5651272440944882
0
LINE
8
BLACK
6
CONTINUOUS
10
0.5503877952755906
20
0.5651272440944882
11
0.5502165354330708
21
0.5649231496062992
0
LINE
8
BLACK
6
CONTINUOUS
10
0.5502165354330708
20
0.5649231496062992
11
0.5494609448818898
21
0.5647898818897638
0
LINE
8
BLACK
6
CONTINUOUS
10
0.5494609448818898
20
0.5647898818897638
11
0.5487401574803149
21
0.5645275590551181
0
LINE
8
BLACK
6
CONTINUOUS
10
0.5487401574803149
20
0.5645275590551181
11
0.532007874015748
21
0.5645275590551181
0
LINE
8
BLACK
6
CONTINUOUS
10
0.532007874015748
20
0.5645275590551181
11
0.532007874015748
21
0.485
0
LINE
8
BLACK
6
CONTINUOUS
10
0.532007874015748
20
0.485
11
0.545
21
0.485
0
LINE
8
BLACK
6
CONTINUOUS
10
0.545
20
0.485
11
0.545
21
0.3735826771653543
0
LINE
8
BLACK
6
CONTINUOUS
10
0.545
20
0.3735826771653543
11
0.5654724409448819
21
0.3735826771653543
0
LINE
8
BLACK
6
CONTINUOUS
10
0.5654724409448819
20
0.3735826771653543
11
0.5654724409448819
21
0.6038976377952756
0
LINE
8
BLACK
6
CONTINUOUS
10
0.5654724409448819
20
0.6038976377952756
11
0.5516929133858267
21
0.6038976377952756
0
LINE
8
BLACK
6
CONTINUOUS
10
0.6138976377952756
20
0.5645275590551181
11
0.6138976377952756
21
0.485
0
LINE
8
BLACK
6
CONTINUOUS
10
0.6138976377952756
20
0.485
11
0.7261023622047243
21
0.485
0
LINE
8
BLACK
6
CONTINUOUS
10
0.7261023622047243
20
0.485
11
0.7261023622047243
21
0.5645275590551181
0
LINE
8
BLACK
6
CONTINUOUS
10
0.7261023622047243
20
0.5645275590551181
11
0.6138976377952756
21
0.5645275590551181
0
LINE
8
BLACK
6
CONTINUOUS
10
0.4138976377952756
20
0.5645275590551181
11
0.4138976377952756
21
0.485
0
LINE
8
BLACK
6
CONTINUOUS
10
0.4138976377952756
20
0.485
11
0.5261023622047244
21
0.485
0
LINE
8
BLACK
6
CONTINUOUS
10
0.5261023622047244
20
0.485
11
0.5261023622047244
21
0.5645275590551181
0
LINE
8
BLACK
6
CONTINUOUS
10
0.5261023622047244
20
0.5645275590551181
11
0.4138976377952756
21
0.5645275590551181
0
LINE
8
BLACK
6
CONTINUOUS
10
0.5942125984251968
20
0.7023267716535433
11
0.5942125984251968
21
0.5704330708661417
0
LINE
8
BLACK
6
CONTINUOUS
10
0.5942125984251968
20
0.5704330708661417
11
0.7457874015748032
21
0.5704330708661417
0
LINE
8
BLACK
6
CONTINUOUS
10
0.7457874015748032
20
0.5704330708661417
11
0.7457874015748032
21
0.7023267716535433
0
LINE
8
BLACK
6
CONTINUOUS
10
0.7457874015748032
20
0.7023267716535433
11
0.5942125984251968
21
0.7023267716535433
0
LINE
8
BLACK
6
CONTINUOUS
10
0.3942125984251968
20
0.7023267716535433
11
0.3942125984251968
21
0.5704330708661417
0
LINE
8
BLACK
6
CONTINUOUS
10
0.3942125984251968
20
0.5704330708661417
11
0.5457874015748031
21
0.5704330708661417
0
LINE
8
BLACK
6
CONTINUOUS
10
0.5457874015748031
20
0.5704330708661417
11
0.5457874015748031
21
0.7023267716535433
0
LINE
8
BLACK
6
CONTINUOUS
10
0.5457874015748031
20
0.7023267716535433
11
0.3942125984251968
21
0.7023267716535433
0
LINE
8
BLACK
6
CONTINUOUS
10
0.8597002755905512
20
0.0813202755905512
11
0.8599885433070866
21
0.0806242913385827
0
LINE
8
BLACK
6
CONTINUOUS
10
0.8599885433070866
20
0.0806242913385827
11
0.8599885433070866
21
0.0693757086614173
0
LINE
8
BLACK
6
CONTINUOUS
10
0.8599885433070866
20
0.0693757086614173
11
0.8597002755905512
21
0.0686797244094488
0
LINE
8
BLACK
6
CONTINUOUS
10
0.8597002755905512
20
0.0686797244094488
11
0.8590042913385827
21
0.0683914566929134
0
LINE
8
BLACK
6
CONTINUOUS
10
0.8590042913385827
20
0.0683914566929134
11
0.8583083070866142
21
0.0686797244094488
0
LINE
8
BLACK
6
CONTINUOUS
10
0.8583083070866142
20
0.0686797244094488
11
0.8580200393700788
21
0.0693757086614173
0
LINE
8
BLACK
6
CONTINUOUS
10
0.8580200393700788
20
0.0693757086614173
11
0.8580200393700788
21
0.0740157480314961
0
LINE
8
BLACK
6
CONTINUOUS
10
0.8580200393700788
20
0.0740157480314961
11
0.8425700393700787
21
0.0740157480314961
0
LINE
8
BLACK
6
CONTINUOUS
10
0.8425700393700787
20
0.0740157480314961
11
0.8426774015748031
21
0.0739441732283465
0
LINE
8
BLACK
6
CONTINUOUS
10
0.8426774015748031
20
0.0739441732283465
11
0.8427337401574803
21
0.07386
0
LINE
8
BLACK
6
CONTINUOUS
10
0.8427337401574803
20
0.07386
11
0.8428274015748032
21
0.0738212204724409
0
LINE
8
BLACK
6
CONTINUOUS
10
0.8428274015748032
20
0.0738212204724409
11
0.844702125984252
21
0.0719464566929134
0
LINE
8
BLACK
6
CONTINUOUS
10
0.844702125984252
20
0.0719464566929134
11
0.844764094488189
21
0.0717967716535433
0
LINE
8
BLACK
6
CONTINUOUS
10
0.844764094488189
20
0.0717967716535433
11
0.8448865354330708
21
0.0716906299212598
0
LINE
8
BLACK
6
CONTINUOUS
10
0.8448865354330708
20
0.0716906299212598
11
0.8458238976377953
21
0.069815905511811
0
LINE
8
BLACK
6
CONTINUOUS
10
0.8458238976377953
20
0.069815905511811
11
0.8458772834645669
21
0.0690644488188976
0
LINE
8
BLACK
6
CONTINUOUS
10
0.8458772834645669
20
0.0690644488188976
11
0.8453837007874015
21
0.0684953937007874
0
LINE
8
BLACK
6
CONTINUOUS
10
0.8453837007874015
20
0.0684953937007874
11
0.8446322834645669
21
0.068441968503937
0
LINE
8
BLACK
6
CONTINUOUS
10
0.8446322834645669
20
0.068441968503937
11
0.8440631889763779
21
0.0689355511811024
0
LINE
8
BLACK
6
CONTINUOUS
10
0.8440631889763779
20
0.0689355511811024
11
0.8431972047244094
21
0.0706674409448819
0
LINE
8
BLACK
6
CONTINUOUS
10
0.8431972047244094
20
0.0706674409448819
11
0.8415042125984252
21
0.0723604330708661
0
LINE
8
BLACK
6
CONTINUOUS
10
0.8415042125984252
20
0.0723604330708661
11
0.8387733070866141
21
0.074181062992126
0
LINE
8
BLACK
6
CONTINUOUS
10
0.8387733070866141
20
0.074181062992126
11
0.8387169291338582
21
0.0742651968503937
0
LINE
8
BLACK
6
CONTINUOUS
10
0.8387169291338582
20
0.0742651968503937
11
0.8386232677165354
21
0.0743040157480315
0
LINE
8
BLACK
6
CONTINUOUS
10
0.8386232677165354
20
0.0743040157480315
11
0.8385135433070866
21
0.0745688582677165
0
LINE
8
BLACK
6
CONTINUOUS
10
0.8385135433070866
20
0.0745688582677165
11
0.838354094488189
21
0.074806968503937
0
LINE
8
BLACK
6
CONTINUOUS
10
0.838354094488189
20
0.074806968503937
11
0.8383737401574803
21
0.0749063779527559
0
LINE
8
BLACK
6
CONTINUOUS
10
0.8383737401574803
20
0.0749063779527559
11
0.8383349999999999
21
0.075
0
LINE
8
BLACK
6
CONTINUOUS
10
0.8383349999999999
20
0.075
11
0.8384446850393701
21
0.0752648031496063
0
LINE
8
BLACK
6
CONTINUOUS
10
0.8384446850393701
20
0.0752648031496063
11
0.8385003149606299
21
0.0755459448818898
0
LINE
8
BLACK
6
CONTINUOUS
10
0.8385003149606299
20
0.0755459448818898
11
0.8385844488188976
21
0.0756022834645669
0
LINE
8
BLACK
6
CONTINUOUS
10
0.8385844488188976
20
0.0756022834645669
11
0.8386232677165354
21
0.0756959842519685
0
LINE
8
BLACK
6
CONTINUOUS
10
0.8386232677165354
20
0.0756959842519685
11
0.8388881102362205
21
0.0758056692913386
0
LINE
8
BLACK
6
CONTINUOUS
10
0.8388881102362205
20
0.0758056692913386
11
0.8391262204724409
21
0.075965157480315
0
LINE
8
BLACK
6
CONTINUOUS
10
0.8391262204724409
20
0.075965157480315
11
0.8392256299212598
21
0.0759454724409449
0
LINE
8
BLACK
6
CONTINUOUS
10
0.8392256299212598
20
0.0759454724409449
11
0.8393192519685039
21
0.0759842519685039
0
LINE
8
BLACK
6
CONTINUOUS
10
0.8393192519685039
20
0.0759842519685039
11
0.8580200393700788
21
0.0759842519685039
0
LINE
8
BLACK
6
CONTINUOUS
10
0.8580200393700788
20
0.0759842519685039
11
0.8580200393700788
21
0.0806242913385827
0
LINE
8
BLACK
6
CONTINUOUS
10
0.8580200393700788
20
0.0806242913385827
11
0.8583083070866142
21
0.0813202755905512
0
LINE
8
BLACK
6
CONTINUOUS
10
0.8583083070866142
20
0.0813202755905512
11
0.8590042913385827
21
0.0816085433070866
0
LINE
8
BLACK
6
CONTINUOUS
10
0.8590042913385827
20
0.0816085433070866
11
0.8597002755905512
21
0.0813202755905512
0
LINE
8
BLACK
6
CONTINUOUS
10
0.88
20
0.11
11
0.82
21
0.11
0
LINE
8
BLACK
6
CONTINUOUS
10
0.82
20
0.11
11
0.82
21
0.17
0
LINE
8
BLACK
6
CONTINUOUS
10
0.82
20
0.17
11
0.88
21
0.17
0
LINE
8
BLACK
6
CONTINUOUS
10
0.88
20
0.17
11
0.88
21
0.11
0
LINE
8
BLACK
6
CONTINUOUS
10
0.98
20
0.11
11
0.9199999999999999
21
0.11
0
LINE
8
BLACK
6
CONTINUOUS
10
0.9199999999999999
20
0.11
11
0.9199999999999999
21
0.17
0
LINE
8
BLACK
6
CONTINUOUS
10
0.9199999999999999
20
0.17
11
0.98
21
0.17
0
LINE
8
BLACK
6
CONTINUOUS
10
0.98
20
0.17
11
0.98
21
0.11
0
LINE
8
BLACK
6
CONTINUOUS
10
1.0800000000000001
20
0.11
11
1.02
21
0.11
0
LINE
8
BLACK
6
CONTINUOUS
10
1.02
20
0.11
11
1.02
21
0.17
0
LINE
8
BLACK
6
CONTINUOUS
10
1.02
20
0.17
11
1.0800000000000001
21
0.17
0
LINE
8
BLACK
6
CONTINUOUS
10
1.0800000000000001
20
0.17
11
1.0800000000000001
21
0.11
0
LINE
8
BLACK
6
CONTINUOUS
10
1.1799999999999999
20
0.11
11
1.1199999999999999
21
0.11
0
LINE
8
BLACK
6
CONTINUOUS
10
1.1199999999999999
20
0.11
11
1.1199999999999999
21
0.17
0
LINE
8
BLACK
6
CONTINUOUS
10
1.1199999999999999
20
0.17
11
1.1799999999999999
21
0.17
0
LINE
8
BLACK
6
CONTINUOUS
10
1.1799999999999999
20
0.17
11
1.1799999999999999
21
0.11
0
LINE
8
BLACK
6
CONTINUOUS
10
0.88
20
0.21
11
0.82
21
0.21
0
LINE
8
BLACK
6
CONTINUOUS
10
0.82
20
0.21
11
0.82
21
0.27
0
LINE
8
BLACK
6
CONTINUOUS
10
0.82
20
0.27
11
0.88
21
0.27
0
LINE
8
BLACK
6
CONTINUOUS
10
0.88
20
0.27
11
0.88
21
0.21
0
LINE
8
BLACK
6
CONTINUOUS
10
0.98
20
0.21
11
0.9199999999999999
21
0.21
0
LINE
8
BLACK
6
CONTINUOUS
10
0.9199999999999999
20
0.21
11
0.9199999999999999
21
0.27
0
LINE
8
BLACK
6
CONTINUOUS
10
0.9199999999999999
20
0.27
11
0.98
21
0.27
0
LINE
8
BLACK
6
CONTINUOUS
10
0.98
20
0.27
11
0.98
21
0.21
0
LINE
8
BLACK
6
CONTINUOUS
10
1.0800000000000001
20
0.21
11
1.02
21
0.21
0
LINE
8
BLACK
6
CONTINUOUS
10
1.02
20
0.21
11
1.02
21
0.27
0
LINE
8
BLACK
6
CONTINUOUS
10
1.02
20
0.27
11
1.0800000000000001
21
0.27
0
LINE
8
BLACK
6
CONTINUOUS
10
1.0800000000000001
20
0.27
11
1.0800000000000001
21
0.21
0
LINE
8
BLACK
6
CONTINUOUS
10
1.1799999999999999
20
0.21
11
1.1199999999999999
21
0.21
0
LINE
8
BLACK
6
CONTINUOUS
10
1.1199999999999999
20
0.21
11
1.1199999999999999
21
0.27
0
LINE
8
BLACK
6
CONTINUOUS
10
1.1199999999999999
20
0.27
11
1.1799999999999999
21
0.27
0
LINE
8
BLACK
6
CONTINUOUS
10
1.1799999999999999
20
0.27
11
1.1799999999999999
21
0.21
0
LINE
8
BLACK
6
CONTINUOUS
10
1.2003835039370079
20
0.2928851181102362
11
1.2005127559055118
21
0.2929079133858268
0
LINE
8
BLACK
6
CONTINUOUS
10
1.2005127559055118
20
0.2929079133858268
11
1.2006263385826772
21
0.2928422834645669
0
LINE
8
BLACK
6
CONTINUOUS
10
1.2006263385826772
20
0.2928422834645669
11
1.2010099212598424
21
0.2927746850393701
0
LINE
8
BLACK
6
CONTINUOUS
10
1.2010099212598424
20
0.2927746850393701
11
1.2015975984251968
21
0.2922815354330708
0
LINE
8
BLACK
6
CONTINUOUS
10
1.2015975984251968
20
0.2922815354330708
11
1.2022619291338583
21
0.2918979921259842
0
LINE
8
BLACK
6
CONTINUOUS
10
1.2022619291338583
20
0.2918979921259842
11
1.2023530314960629
21
0.2916476377952756
0
LINE
8
BLACK
6
CONTINUOUS
10
1.2023530314960629
20
0.2916476377952756
11
1.2025571653543308
21
0.2914763779527559
0
LINE
8
BLACK
6
CONTINUOUS
10
1.2025571653543308
20
0.2914763779527559
11
1.2026903937007873
21
0.2907207874015748
0
LINE
8
BLACK
6
CONTINUOUS
10
1.2026903937007873
20
0.2907207874015748
11
1.2029527559055118
21
0.29
0
LINE
8
BLACK
6
CONTINUOUS
10
1.2029527559055118
20
0.29
11
1.2029527559055118
21
0.09
0
LINE
8
BLACK
6
CONTINUOUS
10
1.2029527559055118
20
0.09
11
1.2028851181102362
21
0.0896164566929134
0
LINE
8
BLACK
6
CONTINUOUS
10
1.2028851181102362
20
0.0896164566929134
11
1.2029079133858267
21
0.0894872440944882
0
LINE
8
BLACK
6
CONTINUOUS
10
1.2029079133858267
20
0.0894872440944882
11
1.2028422834645669
21
0.0893736220472441
0
LINE
8
BLACK
6
CONTINUOUS
10
1.2028422834645669
20
0.0893736220472441
11
1.2027746850393701
21
0.0889900787401575
0
LINE
8
BLACK
6
CONTINUOUS
10
1.2027746850393701
20
0.0889900787401575
11
1.2022815354330709
21
0.0884023622047244
0
LINE
8
BLACK
6
CONTINUOUS
10
1.2022815354330709
20
0.0884023622047244
11
1.2018979921259842
21
0.0877380708661417
0
LINE
8
BLACK
6
CONTINUOUS
10
1.2018979921259842
20
0.0877380708661417
11
1.2016476377952756
21
0.0876469291338583
0
LINE
8
BLACK
6
CONTINUOUS
10
1.2016476377952756
20
0.0876469291338583
11
1.201476377952756
21
0.0874428346456693
0
LINE
8
BLACK
6
CONTINUOUS
10
1.201476377952756
20
0.0874428346456693
11
1.2007207874015748
21
0.0873095669291339
0
LINE
8
BLACK
6
CONTINUOUS
10
1.2007207874015748
20
0.0873095669291339
11
1.2
21
0.0870472440944882
0
LINE
8
BLACK
6
CONTINUOUS
10
1.2
20
0.0870472440944882
11
0.7999999999999999
21
0.0870472440944882
0
LINE
8
BLACK
6
CONTINUOUS
10
0.7999999999999999
20
0.0870472440944882
11
0.7996164566929134
21
0.087114842519685
0
LINE
8
BLACK
6
CONTINUOUS
10
0.7996164566929134
20
0.087114842519685
11
0.7994872440944881
21
0.0870920866141732
0
LINE
8
BLACK
6
CONTINUOUS
10
0.7994872440944881
20
0.0870920866141732
11
0.799373622047244
21
0.0871576771653543
0
LINE
8
BLACK
6
CONTINUOUS
10
0.799373622047244
20
0.0871576771653543
11
0.7989900787401575
21
0.0872253149606299
0
LINE
8
BLACK
6
CONTINUOUS
10
0.7989900787401575
20
0.0872253149606299
11
0.7984023622047244
21
0.0877184251968504
0
LINE
8
BLACK
6
CONTINUOUS
10
0.7984023622047244
20
0.0877184251968504
11
0.7977380708661417
21
0.0881020078740157
0
LINE
8
BLACK
6
CONTINUOUS
10
0.7977380708661417
20
0.0881020078740157
11
0.7976469291338583
21
0.0883523228346457
0
LINE
8
BLACK
6
CONTINUOUS
10
0.7976469291338583
20
0.0883523228346457
11
0.7974428346456692
21
0.0885236220472441
0
LINE
8
BLACK
6
CONTINUOUS
10
0.7974428346456692
20
0.0885236220472441
11
0.7973095669291338
21
0.0892791732283465
0
LINE
8
BLACK
6
CONTINUOUS
10
0.7973095669291338
20
0.0892791732283465
11
0.7970472440944881
21
0.09
0
LINE
8
BLACK
6
CONTINUOUS
10
0.7970472440944881
20
0.09
11
0.7970472440944881
21
0.29
0
LINE
8
BLACK
6
CONTINUOUS
10
0.7970472440944881
20
0.29
11
0.797114842519685
21
0.2903835039370078
0
LINE
8
BLACK
6
CONTINUOUS
10
0.797114842519685
20
0.2903835039370078
11
0.7970920866141732
21
0.2905127559055118
0
LINE
8
BLACK
6
CONTINUOUS
10
0.7970920866141732
20
0.2905127559055118
11
0.7971576771653544
21
0.2906263385826772
0
LINE
8
BLACK
6
CONTINUOUS
10
0.7971576771653544
20
0.2906263385826772
11
0.7972253149606299
21
0.2910099212598425
0
LINE
8
BLACK
6
CONTINUOUS
10
0.7972253149606299
20
0.2910099212598425
11
0.7977184251968503
21
0.2915975984251968
0
LINE
8
BLACK
6
CONTINUOUS
10
0.7977184251968503
20
0.2915975984251968
11
0.7981020078740158
21
0.2922619291338582
0
LINE
8
BLACK
6
CONTINUOUS
10
0.7981020078740158
20
0.2922619291338582
11
0.7983523228346456
21
0.292353031496063
0
LINE
8
BLACK
6
CONTINUOUS
10
0.7983523228346456
20
0.292353031496063
11
0.798523622047244
21
0.2925571653543307
0
LINE
8
BLACK
6
CONTINUOUS
10
0.798523622047244
20
0.2925571653543307
11
0.7992791732283464
21
0.2926903937007874
0
LINE
8
BLACK
6
CONTINUOUS
10
0.7992791732283464
20
0.2926903937007874
11
0.7999999999999999
21
0.2929527559055118
0
LINE
8
BLACK
6
CONTINUOUS
10
0.7999999999999999
20
0.2929527559055118
11
1.2
21
0.2929527559055118
0
LINE
8
BLACK
6
CONTINUOUS
10
1.2
20
0.2929527559055118
11
1.2003835039370079
21
0.2928851181102362
0
LINE
8
BLACK
6
CONTINUOUS
10
0.8029527559055117
20
0.2870472440944882
11
0.8029527559055117
21
0.0929527559055118
0
LINE
8
BLACK
6
CONTINUOUS
10
0.8029527559055117
20
0.0929527559055118
11
1.1970472440944881
21
0.0929527559055118
0
LINE
8
BLACK
6
CONTINUOUS
10
1.1970472440944881
20
0.0929527559055118
11
1.1970472440944881
21
0.2870472440944882
0
LINE
8
BLACK
6
CONTINUOUS
10
1.1970472440944881
20
0.2870472440944882
11
0.8029527559055117
21
0.2870472440944882
0
LINE
8
BLACK
6
CONTINUOUS
10
0.9253830314960629
20
0.3879034251968504
11
0.9267129921259842
21
0.3876312992125984
0
LINE
8
BLACK
6
CONTINUOUS
10
0.9267129921259842
20
0.3876312992125984
11
0.9323372834645669
21
0.3848191338582677
0
LINE
8
BLACK
6
CONTINUOUS
10
0.9323372834645669
20
0.3848191338582677
11
0.933048622047244
21
0.3841883070866142
0
LINE
8
BLACK
6
CONTINUOUS
10
0.933048622047244
20
0.3841883070866142
11
0.9338720866141732
21
0.3837129133858267
0
LINE
8
BLACK
6
CONTINUOUS
10
0.9338720866141732
20
0.3837129133858267
11
0.9394963779527559
21
0.3780886220472441
0
LINE
8
BLACK
6
CONTINUOUS
10
0.9394963779527559
20
0.3780886220472441
11
0.9395220078740157
21
0.3780441732283464
0
LINE
8
BLACK
6
CONTINUOUS
10
0.9395220078740157
20
0.3780441732283464
11
0.9395660236220472
21
0.3780177952755905
0
LINE
8
BLACK
6
CONTINUOUS
10
0.9395660236220472
20
0.3780177952755905
11
0.9402844488188976
21
0.3767235826771653
0
LINE
8
BLACK
6
CONTINUOUS
10
0.9402844488188976
20
0.3767235826771653
11
0.941024842519685
21
0.3754412598425197
0
LINE
8
BLACK
6
CONTINUOUS
10
0.941024842519685
20
0.3754412598425197
11
0.941024842519685
21
0.3753899212598425
0
LINE
8
BLACK
6
CONTINUOUS
10
0.941024842519685
20
0.3753899212598425
11
0.9410497244094488
21
0.3753451181102362
0
LINE
8
BLACK
6
CONTINUOUS
10
0.9410497244094488
20
0.3753451181102362
11
0.9438618897637795
21
0.3640965354330709
0
LINE
8
BLACK
6
CONTINUOUS
10
0.9438618897637795
20
0.3640965354330709
11
0.9438496062992126
21
0.3633679921259843
0
LINE
8
BLACK
6
CONTINUOUS
10
0.9438496062992126
20
0.3633679921259843
11
0.9440382283464567
21
0.3626642125984252
0
LINE
8
BLACK
6
CONTINUOUS
10
0.9440382283464567
20
0.3626642125984252
11
0.9440382283464567
21
0.3429791732283464
0
LINE
8
BLACK
6
CONTINUOUS
10
0.9440382283464567
20
0.3429791732283464
11
0.9438496062992126
21
0.3422753543307087
0
LINE
8
BLACK
6
CONTINUOUS
10
0.9438496062992126
20
0.3422753543307087
11
0.9438618897637795
21
0.3415468503937008
0
LINE
8
BLACK
6
CONTINUOUS
10
0.9438618897637795
20
0.3415468503937008
11
0.9410497244094488
21
0.3302982677165354
0
LINE
8
BLACK
6
CONTINUOUS
10
0.9410497244094488
20
0.3302982677165354
11
0.941024842519685
21
0.3302534251968504
0
LINE
8
BLACK
6
CONTINUOUS
10
0.941024842519685
20
0.3302534251968504
11
0.941024842519685
21
0.330202125984252
0
LINE
8
BLACK
6
CONTINUOUS
10
0.941024842519685
20
0.330202125984252
11
0.9402844488188976
21
0.3289197637795275
0
LINE
8
BLACK
6
CONTINUOUS
10
0.9402844488188976
20
0.3289197637795275
11
0.9395660236220472
21
0.3276255905511811
0
LINE
8
BLACK
6
CONTINUOUS
10
0.9395660236220472
20
0.3276255905511811
11
0.9395220078740157
21
0.3275991732283465
0
LINE
8
BLACK
6
CONTINUOUS
10
0.9395220078740157
20
0.3275991732283465
11
0.9394963779527559
21
0.3275547637795275
0
LINE
8
BLACK
6
CONTINUOUS
10
0.9394963779527559
20
0.3275547637795275
11
0.9338720866141732
21
0.3219304724409449
0
LINE
8
BLACK
6
CONTINUOUS
10
0.9338720866141732
20
0.3219304724409449
11
0.933048622047244
21
0.3214550393700787
0
LINE
8
BLACK
6
CONTINUOUS
10
0.933048622047244
20
0.3214550393700787
11
0.9323372834645669
21
0.3208242519685039
0
LINE
8
BLACK
6
CONTINUOUS
10
0.9323372834645669
20
0.3208242519685039
11
0.9267129921259842
21
0.3180120866141732
0
LINE
8
BLACK
6
CONTINUOUS
10
0.9267129921259842
20
0.3180120866141732
11
0.9253830314960629
21
0.3177399212598425
0
LINE
8
BLACK
6
CONTINUOUS
10
0.9253830314960629
20
0.3177399212598425
11
0.924071968503937
21
0.3173886220472441
0
LINE
8
BLACK
6
CONTINUOUS
10
0.924071968503937
20
0.3173886220472441
11
0.9128233858267716
21
0.3173886220472441
0
LINE
8
BLACK
6
CONTINUOUS
10
0.9128233858267716
20
0.3173886220472441
11
0.9115123228346457
21
0.3177398818897638
0
LINE
8
BLACK
6
CONTINUOUS
10
0.9115123228346457
20
0.3177398818897638
11
0.9101823228346456
21
0.3180120866141732
0
LINE
8
BLACK
6
CONTINUOUS
10
0.9101823228346456
20
0.3180120866141732
11
0.9045580708661417
21
0.3208242519685039
0
LINE
8
BLACK
6
CONTINUOUS
10
0.9045580708661417
20
0.3208242519685039
11
0.9038466535433071
21
0.3214550393700787
0
LINE
8
BLACK
6
CONTINUOUS
10
0.9038466535433071
20
0.3214550393700787
11
0.9030232677165354
21
0.3219304724409449
0
LINE
8
BLACK
6
CONTINUOUS
10
0.9030232677165354
20
0.3219304724409449
11
0.897398937007874
21
0.3275547637795275
0
LINE
8
BLACK
6
CONTINUOUS
10
0.897398937007874
20
0.3275547637795275
11
0.8973732677165354
21
0.3275991732283465
0
LINE
8
BLACK
6
CONTINUOUS
10
0.8973732677165354
20
0.3275991732283465
11
0.8973292913385826
21
0.3276255905511811
0
LINE
8
BLACK
6
CONTINUOUS
10
0.8973292913385826
20
0.3276255905511811
11
0.8966111023622048
21
0.3289192913385827
0
LINE
8
BLACK
6
CONTINUOUS
10
0.8966111023622048
20
0.3289192913385827
11
0.8958704724409449
21
0.330202125984252
0
LINE
8
BLACK
6
CONTINUOUS
10
0.8958704724409449
20
0.330202125984252
11
0.8958704724409449
21
0.3302534645669291
0
LINE
8
BLACK
6
CONTINUOUS
10
0.8958704724409449
20
0.3302534645669291
11
0.8958455905511811
21
0.3302983070866142
0
LINE
8
BLACK
6
CONTINUOUS
10
0.8958455905511811
20
0.3302983070866142
11
0.8930334645669291
21
0.3415468897637795
0
LINE
8
BLACK
6
CONTINUOUS
10
0.8930334645669291
20
0.3415468897637795
11
0.8930457086614173
21
0.3422753149606299
0
LINE
8
BLACK
6
CONTINUOUS
10
0.8930457086614173
20
0.3422753149606299
11
0.8928571259842519
21
0.3429791732283464
0
LINE
8
BLACK
6
CONTINUOUS
10
0.8928571259842519
20
0.3429791732283464
11
0.8928571259842519
21
0.3626642125984252
0
LINE
8
BLACK
6
CONTINUOUS
10
0.8928571259842519
20
0.3626642125984252
11
0.8930457086614173
21
0.363368031496063
0
LINE
8
BLACK
6
CONTINUOUS
10
0.8930457086614173
20
0.363368031496063
11
0.8930334645669291
21
0.3640964960629921
0
LINE
8
BLACK
6
CONTINUOUS
10
0.8930334645669291
20
0.3640964960629921
11
0.8958455905511811
21
0.3753450787401575
0
LINE
8
BLACK
6
CONTINUOUS
10
0.8958455905511811
20
0.3753450787401575
11
0.8958704724409449
21
0.3753898818897637
0
LINE
8
BLACK
6
CONTINUOUS
10
0.8958704724409449
20
0.3753898818897637
11
0.8958704724409449
21
0.3754412598425197
0
LINE
8
BLACK
6
CONTINUOUS
10
0.8958704724409449
20
0.3754412598425197
11
0.8966111023622048
21
0.3767240551181102
0
LINE
8
BLACK
6
CONTINUOUS
10
0.8966111023622048
20
0.3767240551181102
11
0.8973292913385826
21
0.3780177952755905
0
LINE
8
BLACK
6
CONTINUOUS
10
0.8973292913385826
20
0.3780177952755905
11
0.8973732677165354
21
0.3780441732283464
0
LINE
8
BLACK
6
CONTINUOUS
10
0.8973732677165354
20
0.3780441732283464
11
0.897398937007874
21
0.3780886220472441
0
LINE
8
BLACK
6
CONTINUOUS
10
0.897398937007874
20
0.3780886220472441
11
0.9030232677165354
21
0.3837129133858267
0
LINE
8
BLACK
6
CONTINUOUS
10
0.9030232677165354
20
0.3837129133858267
11
0.9038466535433071
21
0.3841883070866142
0
LINE
8
BLACK
6
CONTINUOUS
10
0.9038466535433071
20
0.3841883070866142
11
0.9045580708661417
21
0.3848191338582677
0
LINE
8
BLACK
6
CONTINUOUS
10
0.9045580708661417
20
0.3848191338582677
11
0.9101823228346456
21
0.3876312992125984
0
LINE
8
BLACK
6
CONTINUOUS
10
0.9101823228346456
20
0.3876312992125984
11
0.9115123228346457
21
0.3879034645669291
0
LINE
8
BLACK
6
CONTINUOUS
10
0.9115123228346457
20
0.3879034645669291
11
0.9128233858267716
21
0.3882547637795276
0
LINE
8
BLACK
6
CONTINUOUS
10
0.9128233858267716
20
0.3882547637795276
11
0.924071968503937
21
0.3882547637795276
0
LINE
8
BLACK
6
CONTINUOUS
10
0.924071968503937
20
0.3882547637795276
11
0.9253830314960629
21
0.3879034251968504
0
LINE
8
BLACK
6
CONTINUOUS
10
0.9106972440944882
20
0.3746836220472441
11
0.9069072047244094
21
0.3708935433070866
0
LINE
8
BLACK
6
CONTINUOUS
10
0.9069072047244094
20
0.3708935433070866
11
0.9046681496062992
21
0.3619372834645669
0
LINE
8
BLACK
6
CONTINUOUS
10
0.9046681496062992
20
0.3619372834645669
11
0.9046681496062992
21
0.343706062992126
0
LINE
8
BLACK
6
CONTINUOUS
10
0.9046681496062992
20
0.343706062992126
11
0.9069072047244094
21
0.3347498031496063
0
LINE
8
BLACK
6
CONTINUOUS
10
0.9069072047244094
20
0.3347498031496063
11
0.9106972440944882
21
0.3309597244094488
0
LINE
8
BLACK
6
CONTINUOUS
10
0.9106972440944882
20
0.3309597244094488
11
0.9142174803149606
21
0.3291996456692913
0
LINE
8
BLACK
6
CONTINUOUS
10
0.9142174803149606
20
0.3291996456692913
11
0.922677874015748
21
0.3291996456692913
0
LINE
8
BLACK
6
CONTINUOUS
10
0.922677874015748
20
0.3291996456692913
11
0.9261980708661417
21
0.3309597637795276
0
LINE
8
BLACK
6
CONTINUOUS
10
0.9261980708661417
20
0.3309597637795276
11
0.9299880708661417
21
0.3347497637795275
0
LINE
8
BLACK
6
CONTINUOUS
10
0.9299880708661417
20
0.3347497637795275
11
0.9322272047244095
21
0.3437061023622047
0
LINE
8
BLACK
6
CONTINUOUS
10
0.9322272047244095
20
0.3437061023622047
11
0.9322272047244095
21
0.3619372440944882
0
LINE
8
BLACK
6
CONTINUOUS
10
0.9322272047244095
20
0.3619372440944882
11
0.9299880708661417
21
0.3708935826771653
0
LINE
8
BLACK
6
CONTINUOUS
10
0.9299880708661417
20
0.3708935826771653
11
0.9261980708661417
21
0.3746835826771653
0
LINE
8
BLACK
6
CONTINUOUS
10
0.9261980708661417
20
0.3746835826771653
11
0.922677874015748
21
0.3764437401574803
0
LINE
8
BLACK
6
CONTINUOUS
10
0.922677874015748
20
0.3764437401574803
11
0.9142174803149606
21
0.3764437401574803
0
LINE
8
BLACK
6
CONTINUOUS
10
0.9142174803149606
20
0.3764437401574803
11
0.9106972440944882
21
0.3746836220472441
0
LINE
8
BLACK
6
CONTINUOUS
10
1.0001405905511811
20
0.3874635826771654
11
1.0023021653543307
21
0.3853020078740158
0
LINE
8
BLACK
6
CONTINUOUS
10
1.0023021653543307
20
0.3853020078740158
11
1.0030933464566929
21
0.3823492519685039
0
LINE
8
BLACK
6
CONTINUOUS
10
1.0030933464566929
20
0.3823492519685039
11
1.0030933464566929
21
0.334542716535433
0
LINE
8
BLACK
6
CONTINUOUS
10
1.0030933464566929
20
0.334542716535433
11
1.0027419685039369
21
0.3332314566929134
0
LINE
8
BLACK
6
CONTINUOUS
10
1.0027419685039369
20
0.3332314566929134
11
1.0024698818897637
21
0.3319017322834645
0
LINE
8
BLACK
6
CONTINUOUS
10
1.0024698818897637
20
0.3319017322834645
11
0.9996577559055118
21
0.3262774015748031
0
LINE
8
BLACK
6
CONTINUOUS
10
0.9996577559055118
20
0.3262774015748031
11
0.9990268897637795
21
0.3255659842519685
0
LINE
8
BLACK
6
CONTINUOUS
10
0.9990268897637795
20
0.3255659842519685
11
0.9985514960629921
21
0.3247425590551181
0
LINE
8
BLACK
6
CONTINUOUS
10
0.9985514960629921
20
0.3247425590551181
11
0.9957393307086614
21
0.3219304330708662
0
LINE
8
BLACK
6
CONTINUOUS
10
0.9957393307086614
20
0.3219304330708662
11
0.994915905511811
21
0.3214550393700787
0
LINE
8
BLACK
6
CONTINUOUS
10
0.994915905511811
20
0.3214550393700787
11
0.9942045669291338
21
0.3208242519685039
0
LINE
8
BLACK
6
CONTINUOUS
10
0.9942045669291338
20
0.3208242519685039
11
0.9885802755905512
21
0.3180120866141732
0
LINE
8
BLACK
6
CONTINUOUS
10
0.9885802755905512
20
0.3180120866141732
11
0.9872503149606299
21
0.3177399212598425
0
LINE
8
BLACK
6
CONTINUOUS
10
0.9872503149606299
20
0.3177399212598425
11
0.985939251968504
21
0.3173886220472441
0
LINE
8
BLACK
6
CONTINUOUS
10
0.985939251968504
20
0.3173886220472441
11
0.9746906692913385
21
0.3173886220472441
0
LINE
8
BLACK
6
CONTINUOUS
10
0.9746906692913385
20
0.3173886220472441
11
0.9733796062992126
21
0.3177398818897638
0
LINE
8
BLACK
6
CONTINUOUS
10
0.9733796062992126
20
0.3177398818897638
11
0.9720496062992126
21
0.3180120866141732
0
LINE
8
BLACK
6
CONTINUOUS
10
0.9720496062992126
20
0.3180120866141732
11
0.9664253543307086
21
0.3208242519685039
0
LINE
8
BLACK
6
CONTINUOUS
10
0.9664253543307086
20
0.3208242519685039
11
0.9657139763779528
21
0.3214550393700787
0
LINE
8
BLACK
6
CONTINUOUS
10
0.9657139763779528
20
0.3214550393700787
11
0.9648905905511811
21
0.3219304330708662
0
LINE
8
BLACK
6
CONTINUOUS
10
0.9648905905511811
20
0.3219304330708662
11
0.9620784251968504
21
0.3247425590551181
0
LINE
8
BLACK
6
CONTINUOUS
10
0.9620784251968504
20
0.3247425590551181
11
0.9616029527559055
21
0.3255660236220472
0
LINE
8
BLACK
6
CONTINUOUS
10
0.9616029527559055
20
0.3255660236220472
11
0.9609721653543307
21
0.3262774015748031
0
LINE
8
BLACK
6
CONTINUOUS
10
0.9609721653543307
20
0.3262774015748031
11
0.95816
21
0.3319016929133858
0
LINE
8
BLACK
6
CONTINUOUS
10
0.95816
20
0.3319016929133858
11
0.9578878346456693
21
0.3332316141732283
0
LINE
8
BLACK
6
CONTINUOUS
10
0.9578878346456693
20
0.3332316141732283
11
0.9575365354330708
21
0.334542716535433
0
LINE
8
BLACK
6
CONTINUOUS
10
0.9575365354330708
20
0.334542716535433
11
0.9575365354330708
21
0.3823492519685039
0
LINE
8
BLACK
6
CONTINUOUS
10
0.9575365354330708
20
0.3823492519685039
11
0.958327716535433
21
0.3853020078740158
0
LINE
8
BLACK
6
CONTINUOUS
10
0.958327716535433
20
0.3853020078740158
11
0.9604892913385826
21
0.3874635826771654
0
LINE
8
BLACK
6
CONTINUOUS
10
0.9604892913385826
20
0.3874635826771654
11
0.9634420472440944
21
0.3882547637795276
0
LINE
8
BLACK
6
CONTINUOUS
10
0.9634420472440944
20
0.3882547637795276
11
0.9663948031496062
21
0.3874635826771654
0
LINE
8
BLACK
6
CONTINUOUS
10
0.9663948031496062
20
0.3874635826771654
11
0.9685563779527558
21
0.3853020078740158
0
LINE
8
BLACK
6
CONTINUOUS
10
0.9685563779527558
20
0.3853020078740158
11
0.969347559055118
21
0.3823492519685039
0
LINE
8
BLACK
6
CONTINUOUS
10
0.969347559055118
20
0.3823492519685039
11
0.969347559055118
21
0.3359368110236221
0
LINE
8
BLACK
6
CONTINUOUS
10
0.969347559055118
20
0.3359368110236221
11
0.9711076771653543
21
0.3324165748031496
0
LINE
8
BLACK
6
CONTINUOUS
10
0.9711076771653543
20
0.3324165748031496
11
0.9725645275590551
21
0.3309597637795276
0
LINE
8
BLACK
6
CONTINUOUS
10
0.9725645275590551
20
0.3309597637795276
11
0.9760847637795276
21
0.3291996456692913
0
LINE
8
BLACK
6
CONTINUOUS
10
0.9760847637795276
20
0.3291996456692913
11
0.9845451574803149
21
0.3291996456692913
0
LINE
8
BLACK
6
CONTINUOUS
10
0.9845451574803149
20
0.3291996456692913
11
0.9880653937007874
21
0.3309597637795276
0
LINE
8
BLACK
6
CONTINUOUS
10
0.9880653937007874
20
0.3309597637795276
11
0.9895222440944882
21
0.3324166141732283
0
LINE
8
BLACK
6
CONTINUOUS
10
0.9895222440944882
20
0.3324166141732283
11
0.9912823228346457
21
0.3359367716535433
0
LINE
8
BLACK
6
CONTINUOUS
10
0.9912823228346457
20
0.3359367716535433
11
0.9912823228346457
21
0.3823492519685039
0
LINE
8
BLACK
6
CONTINUOUS
10
0.9912823228346457
20
0.3823492519685039
11
0.9920735039370079
21
0.3853020078740158
0
LINE
8
BLACK
6
CONTINUOUS
10
0.9920735039370079
20
0.3853020078740158
11
0.9942350787401575
21
0.3874635826771654
0
LINE
8
BLACK
6
CONTINUOUS
10
0.9942350787401575
20
0.3874635826771654
11
0.9971878346456693
21
0.3882547637795276
0
LINE
8
BLACK
6
CONTINUOUS
10
0.9971878346456693
20
0.3882547637795276
11
1.0001405905511811
21
0.3874635826771654
0
LINE
8
BLACK
6
CONTINUOUS
10
1.0535714566929133
20
0.3874635826771654
11
1.0557330314960629
21
0.3853020078740158
0
LINE
8
BLACK
6
CONTINUOUS
10
1.0557330314960629
20
0.3853020078740158
11
1.0565242125984251
21
0.3823492519685039
0
LINE
8
BLACK
6
CONTINUOUS
10
1.0565242125984251
20
0.3823492519685039
11
1.0557330314960629
21
0.3793964960629921
0
LINE
8
BLACK
6
CONTINUOUS
10
1.0557330314960629
20
0.3793964960629921
11
1.0535714566929133
21
0.3772349212598425
0
LINE
8
BLACK
6
CONTINUOUS
10
1.0535714566929133
20
0.3772349212598425
11
1.0506187007874015
21
0.3764437401574803
0
LINE
8
BLACK
6
CONTINUOUS
10
1.0506187007874015
20
0.3764437401574803
11
1.0396512992125984
21
0.3764437401574803
0
LINE
8
BLACK
6
CONTINUOUS
10
1.0396512992125984
20
0.3764437401574803
11
1.0396512992125984
21
0.3232941338582677
0
LINE
8
BLACK
6
CONTINUOUS
10
1.0396512992125984
20
0.3232941338582677
11
1.0388601181102362
21
0.3203413779527559
0
LINE
8
BLACK
6
CONTINUOUS
10
1.0388601181102362
20
0.3203413779527559
11
1.0366985433070866
21
0.3181798031496063
0
LINE
8
BLACK
6
CONTINUOUS
10
1.0366985433070866
20
0.3181798031496063
11
1.0337457874015747
21
0.3173886220472441
0
LINE
8
BLACK
6
CONTINUOUS
10
1.0337457874015747
20
0.3173886220472441
11
1.0307930314960629
21
0.3181798031496063
0
LINE
8
BLACK
6
CONTINUOUS
10
1.0307930314960629
20
0.3181798031496063
11
1.0286314566929133
21
0.3203413779527559
0
LINE
8
BLACK
6
CONTINUOUS
10
1.0286314566929133
20
0.3203413779527559
11
1.0278402755905511
21
0.3232941338582677
0
LINE
8
BLACK
6
CONTINUOUS
10
1.0278402755905511
20
0.3232941338582677
11
1.0278402755905511
21
0.3764437401574803
0
LINE
8
BLACK
6
CONTINUOUS
10
1.0278402755905511
20
0.3764437401574803
11
1.0168729133858267
21
0.3764437401574803
0
LINE
8
BLACK
6
CONTINUOUS
10
1.0168729133858267
20
0.3764437401574803
11
1.0139201574803149
21
0.3772349212598425
0
LINE
8
BLACK
6
CONTINUOUS
10
1.0139201574803149
20
0.3772349212598425
11
1.0117585826771653
21
0.3793964960629921
0
LINE
8
BLACK
6
CONTINUOUS
10
1.0117585826771653
20
0.3793964960629921
11
1.0109674015748031
21
0.3823492519685039
0
LINE
8
BLACK
6
CONTINUOUS
10
1.0109674015748031
20
0.3823492519685039
11
1.0117585826771653
21
0.3853020078740158
0
LINE
8
BLACK
6
CONTINUOUS
10
1.0117585826771653
20
0.3853020078740158
11
1.0139201574803149
21
0.3874635826771654
0
LINE
8
BLACK
6
CONTINUOUS
10
1.0139201574803149
20
0.3874635826771654
11
1.0168729133858267
21
0.3882547637795276
0
LINE
8
BLACK
6
CONTINUOUS
10
1.0168729133858267
20
0.3882547637795276
11
1.0506187007874015
21
0.3882547637795276
0
LINE
8
BLACK
6
CONTINUOUS
10
1.0506187007874015
20
0.3882547637795276
11
1.0535714566929133
21
0.3874635826771654
0
LINE
8
BLACK
6
CONTINUOUS
10
1.0845529527559055
20
0.3882042125984252
11
1.084744527559055
21
0.3882425590551181
0
LINE
8
BLACK
6
CONTINUOUS
10
1.084744527559055
20
0.3882425590551181
11
1.0860186614173228
21
0.3878114960629921
0
LINE
8
BLACK
6
CONTINUOUS
10
1.0860186614173228
20
0.3878114960629921
11
1.0873172047244095
21
0.3874635826771654
0
LINE
8
BLACK
6
CONTINUOUS
10
1.0873172047244095
20
0.3874635826771654
11
1.0874552362204724
21
0.3873255118110236
0
LINE
8
BLACK
6
CONTINUOUS
10
1.0874552362204724
20
0.3873255118110236
11
1.0876402362204725
21
0.3872629527559055
0
LINE
8
BLACK
6
CONTINUOUS
10
1.0876402362204725
20
0.3872629527559055
11
1.0885281102362205
21
0.3862526377952756
0
LINE
8
BLACK
6
CONTINUOUS
10
1.0885281102362205
20
0.3862526377952756
11
1.0894787795275591
21
0.3853020078740158
0
LINE
8
BLACK
6
CONTINUOUS
10
1.0894787795275591
20
0.3853020078740158
11
1.0895292913385826
21
0.3851134645669291
0
LINE
8
BLACK
6
CONTINUOUS
10
1.0895292913385826
20
0.3851134645669291
11
1.0896582283464566
21
0.3849667716535433
0
LINE
8
BLACK
6
CONTINUOUS
10
1.0896582283464566
20
0.3849667716535433
11
1.089921968503937
21
0.383647874015748
0
LINE
8
BLACK
6
CONTINUOUS
10
1.089921968503937
20
0.383647874015748
11
1.0902699606299213
21
0.3823492519685039
0
LINE
8
BLACK
6
CONTINUOUS
10
1.0902699606299213
20
0.3823492519685039
11
1.0902699606299213
21
0.3291996456692913
0
LINE
8
BLACK
6
CONTINUOUS
10
1.0902699606299213
20
0.3291996456692913
11
1.1012373622047245
21
0.3291996456692913
0
LINE
8
BLACK
6
CONTINUOUS
10
1.1012373622047245
20
0.3291996456692913
11
1.1041901181102363
21
0.3284084645669291
0
LINE
8
BLACK
6
CONTINUOUS
10
1.1041901181102363
20
0.3284084645669291
11
1.1063516929133859
21
0.3262468897637795
0
LINE
8
BLACK
6
CONTINUOUS
10
1.1063516929133859
20
0.3262468897637795
11
1.1071428740157481
21
0.3232941338582677
0
LINE
8
BLACK
6
CONTINUOUS
10
1.1071428740157481
20
0.3232941338582677
11
1.1063516929133859
21
0.3203413779527559
0
LINE
8
BLACK
6
CONTINUOUS
10
1.1063516929133859
20
0.3203413779527559
11
1.1041901181102363
21
0.3181798031496063
0
LINE
8
BLACK
6
CONTINUOUS
10
1.1041901181102363
20
0.3181798031496063
11
1.1012373622047245
21
0.3173886220472441
0
LINE
8
BLACK
6
CONTINUOUS
10
1.1012373622047245
20
0.3173886220472441
11
1.0843644488188977
21
0.3173886220472441
0
LINE
8
BLACK
6
CONTINUOUS
10
1.0843644488188977
20
0.3173886220472441
11
1.0674915748031495
21
0.3173886220472441
0
LINE
8
BLACK
6
CONTINUOUS
10
1.0674915748031495
20
0.3173886220472441
11
1.0645388188976377
21
0.3181798031496063
0
LINE
8
BLACK
6
CONTINUOUS
10
1.0645388188976377
20
0.3181798031496063
11
1.0623772440944881
21
0.3203413779527559
0
LINE
8
BLACK
6
CONTINUOUS
10
1.0623772440944881
20
0.3203413779527559
11
1.0615860629921259
21
0.3232941338582677
0
LINE
8
BLACK
6
CONTINUOUS
10
1.0615860629921259
20
0.3232941338582677
11
1.0623772440944881
21
0.3262468897637795
0
LINE
8
BLACK
6
CONTINUOUS
10
1.0623772440944881
20
0.3262468897637795
11
1.0645388188976377
21
0.3284084645669291
0
LINE
8
BLACK
6
CONTINUOUS
10
1.0645388188976377
20
0.3284084645669291
11
1.0674915748031495
21
0.3291996456692913
0
LINE
8
BLACK
6
CONTINUOUS
10
1.0674915748031495
20
0.3291996456692913
11
1.0784589370078741
21
0.3291996456692913
0
LINE
8
BLACK
6
CONTINUOUS
10
1.0784589370078741
20
0.3291996456692913
11
1.0784589370078741
21
0.3652799212598425
0
LINE
8
BLACK
6
CONTINUOUS
10
1.0784589370078741
20
0.3652799212598425
11
1.0772916929133858
21
0.3641126771653543
0
LINE
8
BLACK
6
CONTINUOUS
10
1.0772916929133858
20
0.3641126771653543
11
1.0764682677165354
21
0.3636372834645669
0
LINE
8
BLACK
6
CONTINUOUS
10
1.0764682677165354
20
0.3636372834645669
11
1.0757568897637795
21
0.3630064566929134
0
LINE
8
BLACK
6
CONTINUOUS
10
1.0757568897637795
20
0.3630064566929134
11
1.0701325984251968
21
0.3601943307086614
0
LINE
8
BLACK
6
CONTINUOUS
10
1.0701325984251968
20
0.3601943307086614
11
1.067137716535433
21
0.3595814566929134
0
LINE
8
BLACK
6
CONTINUOUS
10
1.067137716535433
20
0.3595814566929134
11
1.0642376771653543
21
0.3605481496062992
0
LINE
8
BLACK
6
CONTINUOUS
10
1.0642376771653543
20
0.3605481496062992
11
1.0622095275590551
21
0.3628353543307086
0
LINE
8
BLACK
6
CONTINUOUS
10
1.0622095275590551
20
0.3628353543307086
11
1.061596653543307
21
0.3658302362204724
0
LINE
8
BLACK
6
CONTINUOUS
10
1.061596653543307
20
0.3658302362204724
11
1.0625633464566928
21
0.3687302755905512
0
LINE
8
BLACK
6
CONTINUOUS
10
1.0625633464566928
20
0.3687302755905512
11
1.0648505511811024
21
0.3707584251968504
0
LINE
8
BLACK
6
CONTINUOUS
10
1.0648505511811024
20
0.3707584251968504
11
1.0696176377952755
21
0.3731419291338582
0
LINE
8
BLACK
6
CONTINUOUS
10
1.0696176377952755
20
0.3731419291338582
11
1.0741507874015748
21
0.3776750787401575
0
LINE
8
BLACK
6
CONTINUOUS
10
1.0741507874015748
20
0.3776750787401575
11
1.0794507874015749
21
0.3856250393700787
0
LINE
8
BLACK
6
CONTINUOUS
10
1.0794507874015749
20
0.3856250393700787
11
1.0804607480314961
21
0.3865126377952756
0
LINE
8
BLACK
6
CONTINUOUS
10
1.0804607480314961
20
0.3865126377952756
11
1.0814116929133859
21
0.3874635826771654
0
LINE
8
BLACK
6
CONTINUOUS
10
1.0814116929133859
20
0.3874635826771654
11
1.0816002755905512
21
0.387514094488189
0
LINE
8
BLACK
6
CONTINUOUS
10
1.0816002755905512
20
0.387514094488189
11
1.0817469685039369
21
0.387643031496063
0
LINE
8
BLACK
6
CONTINUOUS
10
1.0817469685039369
20
0.387643031496063
11
1.083065905511811
21
0.387906811023622
0
LINE
8
BLACK
6
CONTINUOUS
10
1.083065905511811
20
0.387906811023622
11
1.0843644488188977
21
0.3882547637795276
0
LINE
8
BLACK
6
CONTINUOUS
10
1.0843644488188977
20
0.3882547637795276
11
1.0845529527559055
21
0.3882042125984252
0
LINE
8
BLACK
6
CONTINUOUS
10
0.0774415354330709
20
0.3836720866141732
11
0.0787714960629921
21
0.3833999606299213
0
LINE
8
BLACK
6
CONTINUOUS
10
0.0787714960629921
20
0.3833999606299213
11
0.083645905511811
21
0.3809627559055118
0
LINE
8
BLACK
6
CONTINUOUS
10
0.083645905511811
20
0.3809627559055118
11
0.0859331102362205
21
0.3789346062992126
0
LINE
8
BLACK
6
CONTINUOUS
10
0.0859331102362205
20
0.3789346062992126
11
0.0868998031496063
21
0.3760345275590551
0
LINE
8
BLACK
6
CONTINUOUS
10
0.0868998031496063
20
0.3760345275590551
11
0.0862869291338583
21
0.3730396850393701
0
LINE
8
BLACK
6
CONTINUOUS
10
0.0862869291338583
20
0.3730396850393701
11
0.0842587795275591
21
0.3707524803149606
0
LINE
8
BLACK
6
CONTINUOUS
10
0.0842587795275591
20
0.3707524803149606
11
0.0813587007874016
21
0.3697857874015748
0
LINE
8
BLACK
6
CONTINUOUS
10
0.0813587007874016
20
0.3697857874015748
11
0.0783638582677165
21
0.3703986614173228
0
LINE
8
BLACK
6
CONTINUOUS
10
0.0783638582677165
20
0.3703986614173228
11
0.0747363779527559
21
0.3722124015748031
0
LINE
8
BLACK
6
CONTINUOUS
10
0.0747363779527559
20
0.3722124015748031
11
0.0697772047244094
21
0.3722124015748031
0
LINE
8
BLACK
6
CONTINUOUS
10
0.0697772047244094
20
0.3722124015748031
11
0.0646974015748032
21
0.3705191338582677
0
LINE
8
BLACK
6
CONTINUOUS
10
0.0646974015748032
20
0.3705191338582677
11
0.0614863385826772
21
0.3673080708661417
0
LINE
8
BLACK
6
CONTINUOUS
10
0.0614863385826772
20
0.3673080708661417
11
0.0597676771653543
21
0.3638707874015748
0
LINE
8
BLACK
6
CONTINUOUS
10
0.0597676771653543
20
0.3638707874015748
11
0.0576640551181102
21
0.3554561811023622
0
LINE
8
BLACK
6
CONTINUOUS
10
0.0576640551181102
20
0.3554561811023622
11
0.0576640551181102
21
0.3495985039370079
0
LINE
8
BLACK
6
CONTINUOUS
10
0.0576640551181102
20
0.3495985039370079
11
0.0597676771653543
21
0.3411838976377953
0
LINE
8
BLACK
6
CONTINUOUS
10
0.0597676771653543
20
0.3411838976377953
11
0.0614863385826772
21
0.3377465748031496
0
LINE
8
BLACK
6
CONTINUOUS
10
0.0614863385826772
20
0.3377465748031496
11
0.0646973622047244
21
0.3345355905511811
0
LINE
8
BLACK
6
CONTINUOUS
10
0.0646973622047244
20
0.3345355905511811
11
0.0697772047244094
21
0.3328423228346457
0
LINE
8
BLACK
6
CONTINUOUS
10
0.0697772047244094
20
0.3328423228346457
11
0.072735
21
0.3328423228346457
0
LINE
8
BLACK
6
CONTINUOUS
10
0.072735
20
0.3328423228346457
11
0.0775365354330709
21
0.3344428346456693
0
LINE
8
BLACK
6
CONTINUOUS
10
0.0775365354330709
20
0.3344428346456693
11
0.0775365354330709
21
0.342966062992126
0
LINE
8
BLACK
6
CONTINUOUS
10
0.0775365354330709
20
0.342966062992126
11
0.0736932677165354
21
0.342966062992126
0
LINE
8
BLACK
6
CONTINUOUS
10
0.0736932677165354
20
0.342966062992126
11
0.0707405118110236
21
0.3437572440944882
0
LINE
8
BLACK
6
CONTINUOUS
10
0.0707405118110236
20
0.3437572440944882
11
0.068578937007874
21
0.3459188188976378
0
LINE
8
BLACK
6
CONTINUOUS
10
0.068578937007874
20
0.3459188188976378
11
0.0677877559055118
21
0.3488715748031496
0
LINE
8
BLACK
6
CONTINUOUS
10
0.0677877559055118
20
0.3488715748031496
11
0.068578937007874
21
0.3518243307086614
0
LINE
8
BLACK
6
CONTINUOUS
10
0.068578937007874
20
0.3518243307086614
11
0.0707405118110236
21
0.353985905511811
0
LINE
8
BLACK
6
CONTINUOUS
10
0.0707405118110236
20
0.353985905511811
11
0.0736932677165354
21
0.3547770866141732
0
LINE
8
BLACK
6
CONTINUOUS
10
0.0736932677165354
20
0.3547770866141732
11
0.0834420472440945
21
0.3547770866141732
0
LINE
8
BLACK
6
CONTINUOUS
10
0.0834420472440945
20
0.3547770866141732
11
0.0863948031496063
21
0.353985905511811
0
LINE
8
BLACK
6
CONTINUOUS
10
0.0863948031496063
20
0.353985905511811
11
0.0885563779527559
21
0.3518243307086614
0
LINE
8
BLACK
6
CONTINUOUS
10
0.0885563779527559
20
0.3518243307086614
11
0.0893475590551181
21
0.3488715748031496
0
LINE
8
BLACK
6
CONTINUOUS
10
0.0893475590551181
20
0.3488715748031496
11
0.0893475590551181
21
0.3318111811023622
0
LINE
8
BLACK
6
CONTINUOUS
10
0.0893475590551181
20
0.3318111811023622
11
0.0891463385826772
21
0.3310601968503937
0
LINE
8
BLACK
6
CONTINUOUS
10
0.0891463385826772
20
0.3310601968503937
11
0.0891463385826772
21
0.3302827165354331
0
LINE
8
BLACK
6
CONTINUOUS
10
0.0891463385826772
20
0.3302827165354331
11
0.0887575984251968
21
0.3296093700787401
0
LINE
8
BLACK
6
CONTINUOUS
10
0.0887575984251968
20
0.3296093700787401
11
0.0885563779527559
21
0.3288584251968504
0
LINE
8
BLACK
6
CONTINUOUS
10
0.0885563779527559
20
0.3288584251968504
11
0.0880065748031496
21
0.3283086220472441
0
LINE
8
BLACK
6
CONTINUOUS
10
0.0880065748031496
20
0.3283086220472441
11
0.087617874015748
21
0.3276353543307087
0
LINE
8
BLACK
6
CONTINUOUS
10
0.087617874015748
20
0.3276353543307087
11
0.0851807086614173
21
0.3251981889763779
0
LINE
8
BLACK
6
CONTINUOUS
10
0.0851807086614173
20
0.3251981889763779
11
0.0840051181102362
21
0.3245194488188976
0
LINE
8
BLACK
6
CONTINUOUS
10
0.0840051181102362
20
0.3245194488188976
11
0.0828723622047244
21
0.3237715748031496
0
LINE
8
BLACK
6
CONTINUOUS
10
0.0828723622047244
20
0.3237715748031496
11
0.0755607480314961
21
0.3213343700787402
0
LINE
8
BLACK
6
CONTINUOUS
10
0.0755607480314961
20
0.3213343700787402
11
0.0746116929133858
21
0.3212773622047244
0
LINE
8
BLACK
6
CONTINUOUS
10
0.0746116929133858
20
0.3212773622047244
11
0.0736932677165354
21
0.3210312992125984
0
LINE
8
BLACK
6
CONTINUOUS
10
0.0736932677165354
20
0.3210312992125984
11
0.0688188976377953
21
0.3210312992125984
0
LINE
8
BLACK
6
CONTINUOUS
10
0.0688188976377953
20
0.3210312992125984
11
0.0679004330708661
21
0.3212773622047244
0
LINE
8
BLACK
6
CONTINUOUS
10
0.0679004330708661
20
0.3212773622047244
11
0.0669514173228346
21
0.3213343700787402
0
LINE
8
BLACK
6
CONTINUOUS
10
0.0669514173228346
20
0.3213343700787402
11
0.059639842519685
21
0.3237715748031496
0
LINE
8
BLACK
6
CONTINUOUS
10
0.059639842519685
20
0.3237715748031496
11
0.058507125984252
21
0.3245194094488189
0
LINE
8
BLACK
6
CONTINUOUS
10
0.058507125984252
20
0.3245194094488189
11
0.0573314960629921
21
0.3251981889763779
0
LINE
8
BLACK
6
CONTINUOUS
10
0.0573314960629921
20
0.3251981889763779
11
0.0524570866141732
21
0.3300725590551181
0
LINE
8
BLACK
6
CONTINUOUS
10
0.0524570866141732
20
0.3300725590551181
11
0.0519816535433071
21
0.3308959448818898
0
LINE
8
BLACK
6
CONTINUOUS
10
0.0519816535433071
20
0.3308959448818898
11
0.0513508661417323
21
0.3316073622047244
0
LINE
8
BLACK
6
CONTINUOUS
10
0.0513508661417323
20
0.3316073622047244
11
0.0489136614173228
21
0.3364817716535433
0
LINE
8
BLACK
6
CONTINUOUS
10
0.0489136614173228
20
0.3364817716535433
11
0.0487829133858268
21
0.3371205118110236
0
LINE
8
BLACK
6
CONTINUOUS
10
0.0487829133858268
20
0.3371205118110236
11
0.0484665354330709
21
0.3376905118110236
0
LINE
8
BLACK
6
CONTINUOUS
10
0.0484665354330709
20
0.3376905118110236
11
0.0460293700787402
21
0.3474392913385826
0
LINE
8
BLACK
6
CONTINUOUS
10
0.0460293700787402
20
0.3474392913385826
11
0.0460416141732283
21
0.348167716535433
0
LINE
8
BLACK
6
CONTINUOUS
10
0.0460416141732283
20
0.348167716535433
11
0.045853031496063
21
0.3488715748031496
0
LINE
8
BLACK
6
CONTINUOUS
10
0.045853031496063
20
0.3488715748031496
11
0.045853031496063
21
0.3561831496062992
0
LINE
8
BLACK
6
CONTINUOUS
10
0.045853031496063
20
0.3561831496062992
11
0.0460416141732283
21
0.356886968503937
0
LINE
8
BLACK
6
CONTINUOUS
10
0.0460416141732283
20
0.356886968503937
11
0.0460293700787402
21
0.3576154330708661
0
LINE
8
BLACK
6
CONTINUOUS
10
0.0460293700787402
20
0.3576154330708661
11
0.0484665354330709
21
0.3673642125984252
0
LINE
8
BLACK
6
CONTINUOUS
10
0.0484665354330709
20
0.3673642125984252
11
0.0487829133858268
21
0.3679341732283464
0
LINE
8
BLACK
6
CONTINUOUS
10
0.0487829133858268
20
0.3679341732283464
11
0.0489136614173228
21
0.3685729527559055
0
LINE
8
BLACK
6
CONTINUOUS
10
0.0489136614173228
20
0.3685729527559055
11
0.0513508661417323
21
0.3734473622047244
0
LINE
8
BLACK
6
CONTINUOUS
10
0.0513508661417323
20
0.3734473622047244
11
0.0519816929133858
21
0.3741587401574803
0
LINE
8
BLACK
6
CONTINUOUS
10
0.0519816929133858
20
0.3741587401574803
11
0.0524570866141732
21
0.374982125984252
0
LINE
8
BLACK
6
CONTINUOUS
10
0.0524570866141732
20
0.374982125984252
11
0.0573314960629921
21
0.3798565354330709
0
LINE
8
BLACK
6
CONTINUOUS
10
0.0573314960629921
20
0.3798565354330709
11
0.0585072440944882
21
0.3805353543307087
0
LINE
8
BLACK
6
CONTINUOUS
10
0.0585072440944882
20
0.3805353543307087
11
0.059639842519685
21
0.3812831496062992
0
LINE
8
BLACK
6
CONTINUOUS
10
0.059639842519685
20
0.3812831496062992
11
0.0669514173228346
21
0.3837203543307087
0
LINE
8
BLACK
6
CONTINUOUS
10
0.0669514173228346
20
0.3837203543307087
11
0.0679004330708661
21
0.3837773228346457
0
LINE
8
BLACK
6
CONTINUOUS
10
0.0679004330708661
20
0.3837773228346457
11
0.0688188976377953
21
0.3840234251968504
0
LINE
8
BLACK
6
CONTINUOUS
10
0.0688188976377953
20
0.3840234251968504
11
0.0761304724409449
21
0.3840234251968504
0
LINE
8
BLACK
6
CONTINUOUS
10
0.0761304724409449
20
0.3840234251968504
11
0.0774415354330709
21
0.3836720866141732
0
LINE
8
BLACK
6
CONTINUOUS
10
0.137575905511811
20
0.3832322440944882
11
0.1397374803149606
21
0.3810706692913386
0
LINE
8
BLACK
6
CONTINUOUS
10
0.1397374803149606
20
0.3810706692913386
11
0.1405286614173228
21
0.3781179133858268
0
LINE
8
BLACK
6
CONTINUOUS
10
0.1405286614173228
20
0.3781179133858268
11
0.1405286614173228
21
0.326936811023622
0
LINE
8
BLACK
6
CONTINUOUS
10
0.1405286614173228
20
0.326936811023622
11
0.1405251181102362
21
0.3269236220472441
0
LINE
8
BLACK
6
CONTINUOUS
10
0.1405251181102362
20
0.3269236220472441
11
0.1405285826771654
21
0.3269105511811023
0
LINE
8
BLACK
6
CONTINUOUS
10
0.1405285826771654
20
0.3269105511811023
11
0.1401318503937008
21
0.325455905511811
0
LINE
8
BLACK
6
CONTINUOUS
10
0.1401318503937008
20
0.325455905511811
11
0.1397374803149606
21
0.3239840551181102
0
LINE
8
BLACK
6
CONTINUOUS
10
0.1397374803149606
20
0.3239840551181102
11
0.1397277952755905
21
0.3239743700787401
0
LINE
8
BLACK
6
CONTINUOUS
10
0.1397277952755905
20
0.3239743700787401
11
0.1397242519685039
21
0.3239612992125984
0
LINE
8
BLACK
6
CONTINUOUS
10
0.1397242519685039
20
0.3239612992125984
11
0.1386497637795276
21
0.3228963385826771
0
LINE
8
BLACK
6
CONTINUOUS
10
0.1386497637795276
20
0.3228963385826771
11
0.137575905511811
21
0.3218224803149606
0
LINE
8
BLACK
6
CONTINUOUS
10
0.137575905511811
20
0.3218224803149606
11
0.1375627165354331
21
0.321818937007874
0
LINE
8
BLACK
6
CONTINUOUS
10
0.1375627165354331
20
0.321818937007874
11
0.1375531102362205
21
0.3218094094488189
0
LINE
8
BLACK
6
CONTINUOUS
10
0.1375531102362205
20
0.3218094094488189
11
0.1360920078740157
21
0.3214248818897638
0
LINE
8
BLACK
6
CONTINUOUS
10
0.1360920078740157
20
0.3214248818897638
11
0.1346231496062992
21
0.3210312992125984
0
LINE
8
BLACK
6
CONTINUOUS
10
0.1346231496062992
20
0.3210312992125984
11
0.1346099606299213
21
0.3210348031496063
0
LINE
8
BLACK
6
CONTINUOUS
10
0.1346099606299213
20
0.3210348031496063
11
0.1345968503937008
21
0.3210313779527559
0
LINE
8
BLACK
6
CONTINUOUS
10
0.1345968503937008
20
0.3210313779527559
11
0.1331392519685039
21
0.3214288582677166
0
LINE
8
BLACK
6
CONTINUOUS
10
0.1331392519685039
20
0.3214288582677166
11
0.1316703937007874
21
0.3218224803149606
0
LINE
8
BLACK
6
CONTINUOUS
10
0.1316703937007874
20
0.3218224803149606
11
0.1316607086614173
21
0.321832125984252
0
LINE
8
BLACK
6
CONTINUOUS
10
0.1316607086614173
20
0.321832125984252
11
0.1316476377952756
21
0.3218357086614173
0
LINE
8
BLACK
6
CONTINUOUS
10
0.1316476377952756
20
0.3218357086614173
11
0.1305804724409449
21
0.3229123622047244
0
LINE
8
BLACK
6
CONTINUOUS
10
0.1305804724409449
20
0.3229123622047244
11
0.1295088188976378
21
0.3239840551181102
0
LINE
8
BLACK
6
CONTINUOUS
10
0.1295088188976378
20
0.3239840551181102
11
0.1295052755905512
21
0.3239971653543307
0
LINE
8
BLACK
6
CONTINUOUS
10
0.1295052755905512
20
0.3239971653543307
11
0.1294957086614173
21
0.3240068503937008
0
LINE
8
BLACK
6
CONTINUOUS
10
0.1294957086614173
20
0.3240068503937008
11
0.1112823228346457
21
0.3558803149606299
0
LINE
8
BLACK
6
CONTINUOUS
10
0.1112823228346457
20
0.3558803149606299
11
0.1112823228346457
21
0.326936811023622
0
LINE
8
BLACK
6
CONTINUOUS
10
0.1112823228346457
20
0.326936811023622
11
0.1104911417322835
21
0.3239840551181102
0
LINE
8
BLACK
6
CONTINUOUS
10
0.1104911417322835
20
0.3239840551181102
11
0.1083295669291339
21
0.3218224803149606
0
LINE
8
BLACK
6
CONTINUOUS
10
0.1083295669291339
20
0.3218224803149606
11
0.105376811023622
21
0.3210312992125984
0
LINE
8
BLACK
6
CONTINUOUS
10
0.105376811023622
20
0.3210312992125984
11
0.1024240551181102
21
0.3218224803149606
0
LINE
8
BLACK
6
CONTINUOUS
10
0.1024240551181102
20
0.3218224803149606
11
0.1002624803149606
21
0.3239840551181102
0
LINE
8
BLACK
6
CONTINUOUS
10
0.1002624803149606
20
0.3239840551181102
11
0.0994712992125984
21
0.326936811023622
0
LINE
8
BLACK
6
CONTINUOUS
10
0.0994712992125984
20
0.326936811023622
11
0.0994712992125984
21
0.3781179133858268
0
LINE
8
BLACK
6
CONTINUOUS
10
0.0994712992125984
20
0.3781179133858268
11
0.0994748031496063
21
0.3781309842519685
0
LINE
8
BLACK
6
CONTINUOUS
10
0.0994748031496063
20
0.3781309842519685
11
0.0994713385826772
21
0.3781442125984252
0
LINE
8
BLACK
6
CONTINUOUS
10
0.0994713385826772
20
0.3781442125984252
11
0.0998711023622047
21
0.37961
0
LINE
8
BLACK
6
CONTINUOUS
10
0.0998711023622047
20
0.37961
11
0.1002624803149606
21
0.3810706692913386
0
LINE
8
BLACK
6
CONTINUOUS
10
0.1002624803149606
20
0.3810706692913386
11
0.1002720472440945
21
0.3810802362204724
0
LINE
8
BLACK
6
CONTINUOUS
10
0.1002720472440945
20
0.3810802362204724
11
0.1002756692913386
21
0.3810934251968504
0
LINE
8
BLACK
6
CONTINUOUS
10
0.1002756692913386
20
0.3810934251968504
11
0.1013523622047244
21
0.3821605511811024
0
LINE
8
BLACK
6
CONTINUOUS
10
0.1013523622047244
20
0.3821605511811024
11
0.1024240551181102
21
0.3832322440944882
0
LINE
8
BLACK
6
CONTINUOUS
10
0.1024240551181102
20
0.3832322440944882
11
0.1024372047244095
21
0.3832357480314961
0
LINE
8
BLACK
6
CONTINUOUS
10
0.1024372047244095
20
0.3832357480314961
11
0.1024468503937008
21
0.3832453149606299
0
LINE
8
BLACK
6
CONTINUOUS
10
0.1024468503937008
20
0.3832453149606299
11
0.1039120078740157
21
0.383630905511811
0
LINE
8
BLACK
6
CONTINUOUS
10
0.1039120078740157
20
0.383630905511811
11
0.105376811023622
21
0.3840234251968504
0
LINE
8
BLACK
6
CONTINUOUS
10
0.105376811023622
20
0.3840234251968504
11
0.1053898818897638
21
0.3840198818897638
0
LINE
8
BLACK
6
CONTINUOUS
10
0.1053898818897638
20
0.3840198818897638
11
0.1054031102362205
21
0.3840233858267716
0
LINE
8
BLACK
6
CONTINUOUS
10
0.1054031102362205
20
0.3840233858267716
11
0.1068688976377953
21
0.3836235826771653
0
LINE
8
BLACK
6
CONTINUOUS
10
0.1068688976377953
20
0.3836235826771653
11
0.1083295669291339
21
0.3832322440944882
0
LINE
8
BLACK
6
CONTINUOUS
10
0.1083295669291339
20
0.3832322440944882
11
0.1083391338582677
21
0.3832226377952756
0
LINE
8
BLACK
6
CONTINUOUS
10
0.1083391338582677
20
0.3832226377952756
11
0.1083523228346457
21
0.3832190551181102
0
LINE
8
BLACK
6
CONTINUOUS
10
0.1083523228346457
20
0.3832190551181102
11
0.1094194488188976
21
0.3821423228346457
0
LINE
8
BLACK
6
CONTINUOUS
10
0.1094194488188976
20
0.3821423228346457
11
0.1104911417322835
21
0.3810706692913386
0
LINE
8
BLACK
6
CONTINUOUS
10
0.1104911417322835
20
0.3810706692913386
11
0.1104946456692913
21
0.3810574803149606
0
LINE
8
BLACK
6
CONTINUOUS
10
0.1104946456692913
20
0.3810574803149606
11
0.1105042125984252
21
0.381047874015748
0
LINE
8
BLACK
6
CONTINUOUS
10
0.1105042125984252
20
0.381047874015748
11
0.1287176377952756
21
0.3491743700787401
0
LINE
8
BLACK
6
CONTINUOUS
10
0.1287176377952756
20
0.3491743700787401
11
0.1287176377952756
21
0.3781179133858268
0
LINE
8
BLACK
6
CONTINUOUS
10
0.1287176377952756
20
0.3781179133858268
11
0.1295088188976378
21
0.3810706692913386
0
LINE
8
BLACK
6
CONTINUOUS
10
0.1295088188976378
20
0.3810706692913386
11
0.1316703937007874
21
0.3832322440944882
0
LINE
8
BLACK
6
CONTINUOUS
10
0.1316703937007874
20
0.3832322440944882
11
0.1346231496062992
21
0.3840234251968504
0
LINE
8
BLACK
6
CONTINUOUS
10
0.1346231496062992
20
0.3840234251968504
11
0.137575905511811
21
0.3832322440944882
0
LINE
8
BLACK
6
CONTINUOUS
10
0.1720995275590551
20
0.3837773228346457
11
0.1730485826771654
21
0.3837203543307087
0
LINE
8
BLACK
6
CONTINUOUS
10
0.1730485826771654
20
0.3837203543307087
11
0.1803601968503937
21
0.3812831496062992
0
LINE
8
BLACK
6
CONTINUOUS
10
0.1803601968503937
20
0.3812831496062992
11
0.181492874015748
21
0.3805352755905512
0
LINE
8
BLACK
6
CONTINUOUS
10
0.181492874015748
20
0.3805352755905512
11
0.1826685039370079
21
0.3798565354330709
0
LINE
8
BLACK
6
CONTINUOUS
10
0.1826685039370079
20
0.3798565354330709
11
0.1875429133858268
21
0.374982125984252
0
LINE
8
BLACK
6
CONTINUOUS
10
0.1875429133858268
20
0.374982125984252
11
0.1880183070866142
21
0.3741586614173228
0
LINE
8
BLACK
6
CONTINUOUS
10
0.1880183070866142
20
0.3741586614173228
11
0.1886491338582677
21
0.3734473228346457
0
LINE
8
BLACK
6
CONTINUOUS
10
0.1886491338582677
20
0.3734473228346457
11
0.1910863385826772
21
0.3685729527559055
0
LINE
8
BLACK
6
CONTINUOUS
10
0.1910863385826772
20
0.3685729527559055
11
0.1912170472440945
21
0.3679341732283464
0
LINE
8
BLACK
6
CONTINUOUS
10
0.1912170472440945
20
0.3679341732283464
11
0.1915334645669291
21
0.3673642125984252
0
LINE
8
BLACK
6
CONTINUOUS
10
0.1915334645669291
20
0.3673642125984252
11
0.1939706692913386
21
0.3576154330708661
0
LINE
8
BLACK
6
CONTINUOUS
10
0.1939706692913386
20
0.3576154330708661
11
0.1939583858267717
21
0.3568868503937008
0
LINE
8
BLACK
6
CONTINUOUS
10
0.1939583858267717
20
0.3568868503937008
11
0.194146968503937
21
0.3561831496062992
0
LINE
8
BLACK
6
CONTINUOUS
10
0.194146968503937
20
0.3561831496062992
11
0.194146968503937
21
0.3488715748031496
0
LINE
8
BLACK
6
CONTINUOUS
10
0.194146968503937
20
0.3488715748031496
11
0.1939583858267717
21
0.3481678346456693
0
LINE
8
BLACK
6
CONTINUOUS
10
0.1939583858267717
20
0.3481678346456693
11
0.1939706692913386
21
0.3474392913385826
0
LINE
8
BLACK
6
CONTINUOUS
10
0.1939706692913386
20
0.3474392913385826
11
0.1915334645669291
21
0.3376905118110236
0
LINE
8
BLACK
6
CONTINUOUS
10
0.1915334645669291
20
0.3376905118110236
11
0.1912170472440945
21
0.3371205118110236
0
LINE
8
BLACK
6
CONTINUOUS
10
0.1912170472440945
20
0.3371205118110236
11
0.1910863385826772
21
0.3364817716535433
0
LINE
8
BLACK
6
CONTINUOUS
10
0.1910863385826772
20
0.3364817716535433
11
0.1886491338582677
21
0.3316073622047244
0
LINE
8
BLACK
6
CONTINUOUS
10
0.1886491338582677
20
0.3316073622047244
11
0.1880183070866142
21
0.3308959448818898
0
LINE
8
BLACK
6
CONTINUOUS
10
0.1880183070866142
20
0.3308959448818898
11
0.1875429133858268
21
0.3300725590551181
0
LINE
8
BLACK
6
CONTINUOUS
10
0.1875429133858268
20
0.3300725590551181
11
0.1826685039370079
21
0.3251981889763779
0
LINE
8
BLACK
6
CONTINUOUS
10
0.1826685039370079
20
0.3251981889763779
11
0.1814929921259842
21
0.3245195275590551
0
LINE
8
BLACK
6
CONTINUOUS
10
0.1814929921259842
20
0.3245195275590551
11
0.1803601968503937
21
0.3237715748031496
0
LINE
8
BLACK
6
CONTINUOUS
10
0.1803601968503937
20
0.3237715748031496
11
0.1730485826771654
21
0.3213343700787402
0
LINE
8
BLACK
6
CONTINUOUS
10
0.1730485826771654
20
0.3213343700787402
11
0.1720995275590551
21
0.3212773622047244
0
LINE
8
BLACK
6
CONTINUOUS
10
0.1720995275590551
20
0.3212773622047244
11
0.1711811023622047
21
0.3210312992125984
0
LINE
8
BLACK
6
CONTINUOUS
10
0.1711811023622047
20
0.3210312992125984
11
0.1589951181102362
21
0.3210312992125984
0
LINE
8
BLACK
6
CONTINUOUS
10
0.1589951181102362
20
0.3210312992125984
11
0.1560423622047244
21
0.3218224803149606
0
LINE
8
BLACK
6
CONTINUOUS
10
0.1560423622047244
20
0.3218224803149606
11
0.1538807874015748
21
0.3239840551181102
0
LINE
8
BLACK
6
CONTINUOUS
10
0.1538807874015748
20
0.3239840551181102
11
0.1530896062992126
21
0.326936811023622
0
LINE
8
BLACK
6
CONTINUOUS
10
0.1530896062992126
20
0.326936811023622
11
0.1530896062992126
21
0.3781179133858268
0
LINE
8
BLACK
6
CONTINUOUS
10
0.1530896062992126
20
0.3781179133858268
11
0.1538807874015748
21
0.3810706692913386
0
LINE
8
BLACK
6
CONTINUOUS
10
0.1538807874015748
20
0.3810706692913386
11
0.1560423622047244
21
0.3832322440944882
0
LINE
8
BLACK
6
CONTINUOUS
10
0.1560423622047244
20
0.3832322440944882
11
0.1589951181102362
21
0.3840234251968504
0
LINE
8
BLACK
6
CONTINUOUS
10
0.1589951181102362
20
0.3840234251968504
11
0.1711811023622047
21
0.3840234251968504
0
LINE
8
BLACK
6
CONTINUOUS
10
0.1711811023622047
20
0.3840234251968504
11
0.1720995275590551
21
0.3837773228346457
0
LINE
8
BLACK
6
CONTINUOUS
10
0.1649006299212598
20
0.3328423228346457
11
0.1702228346456693
21
0.3328423228346457
0
LINE
8
BLACK
6
CONTINUOUS
10
0.1702228346456693
20
0.3328423228346457
11
0.1753025984251969
21
0.3345355905511811
0
LINE
8
BLACK
6
CONTINUOUS
10
0.1753025984251969
20
0.3345355905511811
11
0.1785136220472441
21
0.3377465748031496
0
LINE
8
BLACK
6
CONTINUOUS
10
0.1785136220472441
20
0.3377465748031496
11
0.1802323228346457
21
0.3411840157480315
0
LINE
8
BLACK
6
CONTINUOUS
10
0.1802323228346457
20
0.3411840157480315
11
0.1823359448818898
21
0.3495984645669291
0
LINE
8
BLACK
6
CONTINUOUS
10
0.1823359448818898
20
0.3495984645669291
11
0.1823359448818898
21
0.3554562204724409
0
LINE
8
BLACK
6
CONTINUOUS
10
0.1823359448818898
20
0.3554562204724409
11
0.1802323622047244
21
0.3638705905511811
0
LINE
8
BLACK
6
CONTINUOUS
10
0.1802323622047244
20
0.3638705905511811
11
0.1785136220472441
21
0.3673081102362205
0
LINE
8
BLACK
6
CONTINUOUS
10
0.1785136220472441
20
0.3673081102362205
11
0.1753025590551181
21
0.3705191338582677
0
LINE
8
BLACK
6
CONTINUOUS
10
0.1753025590551181
20
0.3705191338582677
11
0.1702228346456693
21
0.3722124015748031
0
LINE
8
BLACK
6
CONTINUOUS
10
0.1702228346456693
20
0.3722124015748031
11
0.1649006299212598
21
0.3722124015748031
0
LINE
8
BLACK
6
CONTINUOUS
10
0.1649006299212598
20
0.3722124015748031
11
0.1649006299212598
21
0.3328423228346457
0
LINE
8
BLACK
6
CONTINUOUS
10
1.3799999999999999
20
0.4
11
1.3200000000000001
21
0.4
0
LINE
8
BLACK
6
CONTINUOUS
10
1.3200000000000001
20
0.4
11
1.3200000000000001
21
0.46
0
LINE
8
BLACK
6
CONTINUOUS
10
1.3200000000000001
20
0.46
11
1.3799999999999999
21
0.46
0
LINE
8
BLACK
6
CONTINUOUS
10
1.3799999999999999
20
0.46
11
1.3799999999999999
21
0.4
0
LINE
8
BLACK
6
CONTINUOUS
10
1.48
20
0.4
11
1.4199999999999999
21
0.4
0
LINE
8
BLACK
6
CONTINUOUS
10
1.4199999999999999
20
0.4
11
1.4199999999999999
21
0.46
0
LINE
8
BLACK
6
CONTINUOUS
10
1.4199999999999999
20
0.46
11
1.48
21
0.46
0
LINE
8
BLACK
6
CONTINUOUS
10
1.48
20
0.46
11
1.48
21
0.4
0
LINE
8
BLACK
6
CONTINUOUS
10
1.3799999999999999
20
0.5
11
1.3200000000000001
21
0.5
0
LINE
8
BLACK
6
CONTINUOUS
10
1.3200000000000001
20
0.5
11
1.3200000000000001
21
0.5599999999999999
0
LINE
8
BLACK
6
CONTINUOUS
10
1.3200000000000001
20
0.5599999999999999
11
1.3799999999999999
21
0.5599999999999999
0
LINE
8
BLACK
6
CONTINUOUS
10
1.3799999999999999
20
0.5599999999999999
11
1.3799999999999999
21
0.5
0
LINE
8
BLACK
6
CONTINUOUS
10
1.48
20
0.5
11
1.4199999999999999
21
0.5
0
LINE
8
BLACK
6
CONTINUOUS
10
1.4199999999999999
20
0.5
11
1.4199999999999999
21
0.5599999999999999
0
LINE
8
BLACK
6
CONTINUOUS
10
1.4199999999999999
20
0.5599999999999999
11
1.48
21
0.5599999999999999
0
LINE
8
BLACK
6
CONTINUOUS
10
1.48
20
0.5599999999999999
11
1.48
21
0.5
0
LINE
8
BLACK
6
CONTINUOUS
10
1.3799999999999999
20
0.6
11
1.3200000000000001
21
0.6
0
LINE
8
BLACK
6
CONTINUOUS
10
1.3200000000000001
20
0.6
11
1.3200000000000001
21
0.66
0
LINE
8
BLACK
6
CONTINUOUS
10
1.3200000000000001
20
0.66
11
1.3799999999999999
21
0.66
0
LINE
8
BLACK
6
CONTINUOUS
10
1.3799999999999999
20
0.66
11
1.3799999999999999
21
0.6
0
LINE
8
BLACK
6
CONTINUOUS
10
1.48
20
0.6
11
1.4199999999999999
21
0.6
0
LINE
8
BLACK
6
CONTINUOUS
10
1.4199999999999999
20
0.6
11
1.4199999999999999
21
0.66
0
LINE
8
BLACK
6
CONTINUOUS
10
1.4199999999999999
20
0.66
11
1.48
21
0.66
0
LINE
8
BLACK
6
CONTINUOUS
10
1.48
20
0.66
11
1.48
21
0.6
0
LINE
8
BLACK
6
CONTINUOUS
10
1.3799999999999999
20
0.7
11
1.3200000000000001
21
0.7
0
LINE
8
BLACK
6
CONTINUOUS
10
1.3200000000000001
20
0.7
11
1.3200000000000001
21
0.76
0
LINE
8
BLACK
6
CONTINUOUS
10
1.3200000000000001
20
0.76
11
1.3799999999999999
21
0.76
0
LINE
8
BLACK
6
CONTINUOUS
10
1.3799999999999999
20
0.76
11
1.3799999999999999
21
0.7
0
LINE
8
BLACK
6
CONTINUOUS
10
1.48
20
0.7
11
1.4199999999999999
21
0.7
0
LINE
8
BLACK
6
CONTINUOUS
10
1.4199999999999999
20
0.7
11
1.4199999999999999
21
0.76
0
LINE
8
BLACK
6
CONTINUOUS
10
1.4199999999999999
20
0.76
11
1.48
21
0.76
0
LINE
8
BLACK
6
CONTINUOUS
10
1.48
20
0.76
11
1.48
21
0.7
0
LINE
8
BLACK
6
CONTINUOUS
10
1.5003835039370079
20
0.7828851181102362
11
1.5005127559055118
21
0.7829079133858268
0
LINE
8
BLACK
6
CONTINUOUS
10
1.5005127559055118
20
0.7829079133858268
11
1.500626338582677
21
0.7828422834645669
0
LINE
8
BLACK
6
CONTINUOUS
10
1.500626338582677
20
0.7828422834645669
11
1.5010099212598425
21
0.7827746850393701
0
LINE
8
BLACK
6
CONTINUOUS
10
1.5010099212598425
20
0.7827746850393701
11
1.5015975984251968
21
0.7822815354330709
0
LINE
8
BLACK
6
CONTINUOUS
10
1.5015975984251968
20
0.7822815354330709
11
1.5022619291338581
21
0.7818979921259842
0
LINE
8
BLACK
6
CONTINUOUS
10
1.5022619291338581
20
0.7818979921259842
11
1.5023530314960629
21
0.7816476377952756
0
LINE
8
BLACK
6
CONTINUOUS
10
1.5023530314960629
20
0.7816476377952756
11
1.5025571653543306
21
0.7814763779527559
0
LINE
8
BLACK
6
CONTINUOUS
10
1.5025571653543306
20
0.7814763779527559
11
1.5026903937007874
21
0.7807207874015748
0
LINE
8
BLACK
6
CONTINUOUS
10
1.5026903937007874
20
0.7807207874015748
11
1.5029527559055118
21
0.78
0
LINE
8
BLACK
6
CONTINUOUS
10
1.5029527559055118
20
0.78
11
1.5029527559055118
21
0.38
0
LINE
8
BLACK
6
CONTINUOUS
10
1.5029527559055118
20
0.38
11
1.5028851181102363
21
0.3796164566929134
0
LINE
8
BLACK
6
CONTINUOUS
10
1.5028851181102363
20
0.3796164566929134
11
1.5029079133858267
21
0.3794872440944882
0
LINE
8
BLACK
6
CONTINUOUS
10
1.5029079133858267
20
0.3794872440944882
11
1.5028422834645669
21
0.3793736220472441
0
LINE
8
BLACK
6
CONTINUOUS
10
1.5028422834645669
20
0.3793736220472441
11
1.50277468503937
21
0.3789900787401575
0
LINE
8
BLACK
6
CONTINUOUS
10
1.50277468503937
20
0.3789900787401575
11
1.5022815354330707
21
0.3784023622047244
0
LINE
8
BLACK
6
CONTINUOUS
10
1.5022815354330707
20
0.3784023622047244
11
1.5018979921259843
21
0.3777380708661418
0
LINE
8
BLACK
6
CONTINUOUS
10
1.5018979921259843
20
0.3777380708661418
11
1.5016476377952757
21
0.3776469291338583
0
LINE
8
BLACK
6
CONTINUOUS
10
1.5016476377952757
20
0.3776469291338583
11
1.5014763779527558
21
0.3774428346456693
0
LINE
8
BLACK
6
CONTINUOUS
10
1.5014763779527558
20
0.3774428346456693
11
1.5007207874015747
21
0.3773095669291339
0
LINE
8
BLACK
6
CONTINUOUS
10
1.5007207874015747
20
0.3773095669291339
11
1.5
21
0.3770472440944882
0
LINE
8
BLACK
6
CONTINUOUS
10
1.5
20
0.3770472440944882
11
1.3
21
0.3770472440944882
0
LINE
8
BLACK
6
CONTINUOUS
10
1.3
20
0.3770472440944882
11
1.2996164566929134
21
0.377114842519685
0
LINE
8
BLACK
6
CONTINUOUS
10
1.2996164566929134
20
0.377114842519685
11
1.2994872440944882
21
0.3770920866141732
0
LINE
8
BLACK
6
CONTINUOUS
10
1.2994872440944882
20
0.3770920866141732
11
1.299373622047244
21
0.3771576771653543
0
LINE
8
BLACK
6
CONTINUOUS
10
1.299373622047244
20
0.3771576771653543
11
1.2989900787401574
21
0.3772253149606299
0
LINE
8
BLACK
6
CONTINUOUS
10
1.2989900787401574
20
0.3772253149606299
11
1.2984023622047243
21
0.3777184251968504
0
LINE
8
BLACK
6
CONTINUOUS
10
1.2984023622047243
20
0.3777184251968504
11
1.2977380708661417
21
0.3781020078740158
0
LINE
8
BLACK
6
CONTINUOUS
10
1.2977380708661417
20
0.3781020078740158
11
1.2976469291338582
21
0.3783523228346456
0
LINE
8
BLACK
6
CONTINUOUS
10
1.2976469291338582
20
0.3783523228346456
11
1.2974428346456692
21
0.3785236220472441
0
LINE
8
BLACK
6
CONTINUOUS
10
1.2974428346456692
20
0.3785236220472441
11
1.2973095669291339
21
0.3792791732283464
0
LINE
8
BLACK
6
CONTINUOUS
10
1.2973095669291339
20
0.3792791732283464
11
1.2970472440944882
21
0.38
0
LINE
8
BLACK
6
CONTINUOUS
10
1.2970472440944882
20
0.38
11
1.2970472440944882
21
0.78
0
LINE
8
BLACK
6
CONTINUOUS
10
1.2970472440944882
20
0.78
11
1.297114842519685
21
0.7803835039370078
0
LINE
8
BLACK
6
CONTINUOUS
10
1.297114842519685
20
0.7803835039370078
11
1.2970920866141733
21
0.7805127559055118
0
LINE
8
BLACK
6
CONTINUOUS
10
1.2970920866141733
20
0.7805127559055118
11
1.2971576771653544
21
0.7806263385826772
0
LINE
8
BLACK
6
CONTINUOUS
10
1.2971576771653544
20
0.7806263385826772
11
1.2972253149606299
21
0.7810099212598425
0
LINE
8
BLACK
6
CONTINUOUS
10
1.2972253149606299
20
0.7810099212598425
11
1.2977184251968503
21
0.7815975984251968
0
LINE
8
BLACK
6
CONTINUOUS
10
1.2977184251968503
20
0.7815975984251968
11
1.2981020078740158
21
0.7822619291338583
0
LINE
8
BLACK
6
CONTINUOUS
10
1.2981020078740158
20
0.7822619291338583
11
1.2983523228346456
21
0.7823530314960629
0
LINE
8
BLACK
6
CONTINUOUS
10
1.2983523228346456
20
0.7823530314960629
11
1.298523622047244
21
0.7825571653543307
0
LINE
8
BLACK
6
CONTINUOUS
10
1.298523622047244
20
0.7825571653543307
11
1.2992791732283464
21
0.7826903937007874
0
LINE
8
BLACK
6
CONTINUOUS
10
1.2992791732283464
20
0.7826903937007874
11
1.3
21
0.7829527559055118
0
LINE
8
BLACK
6
CONTINUOUS
10
1.3
20
0.7829527559055118
11
1.5
21
0.7829527559055118
0
LINE
8
BLACK
6
CONTINUOUS
10
1.5
20
0.7829527559055118
11
1.5003835039370079
21
0.7828851181102362
0
LINE
8
BLACK
6
CONTINUOUS
10
1.3029527559055119
20
0.7770472440944882
11
1.3029527559055119
21
0.3829527559055118
0
LINE
8
BLACK
6
CONTINUOUS
10
1.3029527559055119
20
0.3829527559055118
11
1.4970472440944882
21
0.3829527559055118
0
LINE
8
BLACK
6
CONTINUOUS
10
1.4970472440944882
20
0.3829527559055118
11
1.4970472440944882
21
0.7770472440944882
0
LINE
8
BLACK
6
CONTINUOUS
10
1.4970472440944882
20
0.7770472440944882
11
1.3029527559055119
21
0.7770472440944882
0
LINE
8
BLACK
6
CONTINUOUS
10
0.18
20
0.41
11
0.12
21
0.41
0
LINE
8
BLACK
6
CONTINUOUS
10
0.12
20
0.41
11
0.12
21
0.47
0
LINE
8
BLACK
6
CONTINUOUS
10
0.12
20
0.47
11
0.18
21
0.47
0
LINE
8
BLACK
6
CONTINUOUS
10
0.18
20
0.47
11
0.18
21
0.41
0
LINE
8
BLACK
6
CONTINUOUS
10
0.28
20
0.41
11
0.22
21
0.41
0
LINE
8
BLACK
6
CONTINUOUS
10
0.22
20
0.41
11
0.22
21
0.47
0
LINE
8
BLACK
6
CONTINUOUS
10
0.22
20
0.47
11
0.28
21
0.47
0
LINE
8
BLACK
6
CONTINUOUS
10
0.28
20
0.47
11
0.28
21
0.41
0
LINE
8
BLACK
6
CONTINUOUS
10
0.18
20
0.51
11
0.12
21
0.51
0
LINE
8
BLACK
6
CONTINUOUS
10
0.12
20
0.51
11
0.12
21
0.57
0
LINE
8
BLACK
6
CONTINUOUS
10
0.12
20
0.57
11
0.18
21
0.57
0
LINE
8
BLACK
6
CONTINUOUS
10
0.18
20
0.57
11
0.18
21
0.51
0
LINE
8
BLACK
6
CONTINUOUS
10
0.28
20
0.51
11
0.22
21
0.51
0
LINE
8
BLACK
6
CONTINUOUS
10
0.22
20
0.51
11
0.22
21
0.57
0
LINE
8
BLACK
6
CONTINUOUS
10
0.22
20
0.57
11
0.28
21
0.57
0
LINE
8
BLACK
6
CONTINUOUS
10
0.28
20
0.57
11
0.28
21
0.51
0
LINE
8
BLACK
6
CONTINUOUS
10
0.18
20
0.61
11
0.12
21
0.61
0
LINE
8
BLACK
6
CONTINUOUS
10
0.12
20
0.61
11
0.12
21
0.67
0
LINE
8
BLACK
6
CONTINUOUS
10
0.12
20
0.67
11
0.18
21
0.67
0
LINE
8
BLACK
6
CONTINUOUS
10
0.18
20
0.67
11
0.18
21
0.61
0
LINE
8
BLACK
6
CONTINUOUS
10
0.28
20
0.61
11
0.22
21
0.61
0
LINE
8
BLACK
6
CONTINUOUS
10
0.22
20
0.61
11
0.22
21
0.67
0
LINE
8
BLACK
6
CONTINUOUS
10
0.22
20
0.67
11
0.28
21
0.67
0
LINE
8
BLACK
6
CONTINUOUS
10
0.28
20
0.67
11
0.28
21
0.61
0
LINE
8
BLACK
6
CONTINUOUS
10
0.18
20
0.71
11
0.12
21
0.71
0
LINE
8
BLACK
6
CONTINUOUS
10
0.12
20
0.71
11
0.12
21
0.77
0
LINE
8
BLACK
6
CONTINUOUS
10
0.12
20
0.77
11
0.18
21
0.77
0
LINE
8
BLACK
6
CONTINUOUS
10
0.18
20
0.77
11
0.18
21
0.71
0
LINE
8
BLACK
6
CONTINUOUS
10
0.28
20
0.71
11
0.22
21
0.71
0
LINE
8
BLACK
6
CONTINUOUS
10
0.22
20
0.71
11
0.22
21
0.77
0
LINE
8
BLACK
6
CONTINUOUS
10
0.22
20
0.77
11
0.28
21
0.77
0
LINE
8
BLACK
6
CONTINUOUS
10
0.28
20
0.77
11
0.28
21
0.71
0
LINE
8
BLACK
6
CONTINUOUS
10
0.18
20
0.8099999999999999
11
0.12
21
0.8099999999999999
0
LINE
8
BLACK
6
CONTINUOUS
10
0.12
20
0.8099999999999999
11
0.12
21
0.87
0
LINE
8
BLACK
6
CONTINUOUS
10
0.12
20
0.87
11
0.18
21
0.87
0
LINE
8
BLACK
6
CONTINUOUS
10
0.18
20
0.87
11
0.18
21
0.8099999999999999
0
LINE
8
BLACK
6
CONTINUOUS
10
0.28
20
0.8099999999999999
11
0.22
21
0.8099999999999999
0
LINE
8
BLACK
6
CONTINUOUS
10
0.22
20
0.8099999999999999
11
0.22
21
0.87
0
LINE
8
BLACK
6
CONTINUOUS
10
0.22
20
0.87
11
0.28
21
0.87
0
LINE
8
BLACK
6
CONTINUOUS
10
0.28
20
0.87
11
0.28
21
0.8099999999999999
0
LINE
8
BLACK
6
CONTINUOUS
10
0.18
20
0.91
11
0.12
21
0.91
0
LINE
8
BLACK
6
CONTINUOUS
10
0.12
20
0.91
11
0.12
21
0.97
0
LINE
8
BLACK
6
CONTINUOUS
10
0.12
20
0.97
11
0.18
21
0.97
0
LINE
8
BLACK
6
CONTINUOUS
10
0.18
20
0.97
11
0.18
21
0.91
0
LINE
8
BLACK
6
CONTINUOUS
10
0.28
20
0.91
11
0.22
21
0.91
0
LINE
8
BLACK
6
CONTINUOUS
10
0.22
20
0.91
11
0.22
21
0.97
0
LINE
8
BLACK
6
CONTINUOUS
10
0.22
20
0.97
11
0.28
21
0.97
0
LINE
8
BLACK
6
CONTINUOUS
10
0.28
20
0.97
11
0.28
21
0.91
0
LINE
8
BLACK
6
CONTINUOUS
10
0.18
20
1.01
11
0.12
21
1.01
0
LINE
8
BLACK
6
CONTINUOUS
10
0.12
20
1.01
11
0.12
21
1.0700000000000001
0
LINE
8
BLACK
6
CONTINUOUS
10
0.12
20
1.0700000000000001
11
0.18
21
1.0700000000000001
0
LINE
8
BLACK
6
CONTINUOUS
10
0.18
20
1.0700000000000001
11
0.18
21
1.01
0
LINE
8
BLACK
6
CONTINUOUS
10
0.28
20
1.01
11
0.22
21
1.01
0
LINE
8
BLACK
6
CONTINUOUS
10
0.22
20
1.01
11
0.22
21
1.0700000000000001
0
LINE
8
BLACK
6
CONTINUOUS
10
0.22
20
1.0700000000000001
11
0.28
21
1.0700000000000001
0
LINE
8
BLACK
6
CONTINUOUS
10
0.28
20
1.0700000000000001
11
0.28
21
1.01
0
LINE
8
BLACK
6
CONTINUOUS
10
0.18
20
1.1099999999999999
11
0.12
21
1.1099999999999999
0
LINE
8
BLACK
6
CONTINUOUS
10
0.12
20
1.1099999999999999
11
0.12
21
1.1699999999999999
0
LINE
8
BLACK
6
CONTINUOUS
10
0.12
20
1.1699999999999999
11
0.18
21
1.1699999999999999
0
LINE
8
BLACK
6
CONTINUOUS
10
0.18
20
1.1699999999999999
11
0.18
21
1.1099999999999999
0
LINE
8
BLACK
6
CONTINUOUS
10
0.28
20
1.1099999999999999
11
0.22
21
1.1099999999999999
0
LINE
8
BLACK
6
CONTINUOUS
10
0.22
20
1.1099999999999999
11
0.22
21
1.1699999999999999
0
LINE
8
BLACK
6
CONTINUOUS
10
0.22
20
1.1699999999999999
11
0.28
21
1.1699999999999999
0
LINE
8
BLACK
6
CONTINUOUS
10
0.28
20
1.1699999999999999
11
0.28
21
1.1099999999999999
0
LINE
8
BLACK
6
CONTINUOUS
10
0.3003835039370079
20
1.1928851181102362
11
0.3005127559055118
21
1.1929079133858267
0
LINE
8
BLACK
6
CONTINUOUS
10
0.3005127559055118
20
1.1929079133858267
11
0.3006263385826772
21
1.1928422834645669
0
LINE
8
BLACK
6
CONTINUOUS
10
0.3006263385826772
20
1.1928422834645669
11
0.3010099212598425
21
1.1927746850393701
0
LINE
8
BLACK
6
CONTINUOUS
10
0.3010099212598425
20
1.1927746850393701
11
0.3015975984251968
21
1.1922815354330709
0
LINE
8
BLACK
6
CONTINUOUS
10
0.3015975984251968
20
1.1922815354330709
11
0.3022619291338582
21
1.1918979921259842
0
LINE
8
BLACK
6
CONTINUOUS
10
0.3022619291338582
20
1.1918979921259842
11
0.302353031496063
21
1.1916476377952756
0
LINE
8
BLACK
6
CONTINUOUS
10
0.302353031496063
20
1.1916476377952756
11
0.3025571653543307
21
1.191476377952756
0
LINE
8
BLACK
6
CONTINUOUS
10
0.3025571653543307
20
1.191476377952756
11
0.3026903937007874
21
1.1907207874015748
0
LINE
8
BLACK
6
CONTINUOUS
10
0.3026903937007874
20
1.1907207874015748
11
0.3029527559055118
21
1.1899999999999999
0
LINE
8
BLACK
6
CONTINUOUS
10
0.3029527559055118
20
1.1899999999999999
11
0.3029527559055118
21
1.0900000000000001
0
LINE
8
BLACK
6
CONTINUOUS
10
0.3029527559055118
20
1.0900000000000001
11
0.3029527559055118
21
0.99
0
LINE
8
BLACK
6
CONTINUOUS
10
0.3029527559055118
20
0.99
11
0.3029527559055118
21
0.89
0
LINE
8
BLACK
6
CONTINUOUS
10
0.3029527559055118
20
0.89
11
0.3029527559055118
21
0.79
0
LINE
8
BLACK
6
CONTINUOUS
10
0.3029527559055118
20
0.79
11
0.3029527559055118
21
0.6899999999999999
0
LINE
8
BLACK
6
CONTINUOUS
10
0.3029527559055118
20
0.6899999999999999
11
0.3029527559055118
21
0.59
0
LINE
8
BLACK
6
CONTINUOUS
10
0.3029527559055118
20
0.59
11
0.3029527559055118
21
0.49
0
LINE
8
BLACK
6
CONTINUOUS
10
0.3029527559055118
20
0.49
11
0.3029527559055118
21
0.39
0
LINE
8
BLACK
6
CONTINUOUS
10
0.3029527559055118
20
0.39
11
0.3028851181102362
21
0.3896164566929134
0
LINE
8
BLACK
6
CONTINUOUS
10
0.3028851181102362
20
0.3896164566929134
11
0.3029079133858268
21
0.3894872440944882
0
LINE
8
BLACK
6
CONTINUOUS
10
0.3029079133858268
20
0.3894872440944882
11
0.3028422834645669
21
0.3893736220472441
0
LINE
8
BLACK
6
CONTINUOUS
10
0.3028422834645669
20
0.3893736220472441
11
0.3027746850393701
21
0.3889900787401575
0
LINE
8
BLACK
6
CONTINUOUS
10
0.3027746850393701
20
0.3889900787401575
11
0.3022815354330708
21
0.3884023622047244
0
LINE
8
BLACK
6
CONTINUOUS
10
0.3022815354330708
20
0.3884023622047244
11
0.3018979921259842
21
0.3877380708661417
0
LINE
8
BLACK
6
CONTINUOUS
10
0.3018979921259842
20
0.3877380708661417
11
0.3016476377952756
21
0.3876469291338582
0
LINE
8
BLACK
6
CONTINUOUS
10
0.3016476377952756
20
0.3876469291338582
11
0.3014763779527559
21
0.3874428346456693
0
LINE
8
BLACK
6
CONTINUOUS
10
0.3014763779527559
20
0.3874428346456693
11
0.3007207874015748
21
0.3873095669291339
0
LINE
8
BLACK
6
CONTINUOUS
10
0.3007207874015748
20
0.3873095669291339
11
0.3
21
0.3870472440944882
0
LINE
8
BLACK
6
CONTINUOUS
10
0.3
20
0.3870472440944882
11
0.1
21
0.3870472440944882
0
LINE
8
BLACK
6
CONTINUOUS
10
0.1
20
0.3870472440944882
11
0.0996164566929134
21
0.387114842519685
0
LINE
8
BLACK
6
CONTINUOUS
10
0.0996164566929134
20
0.387114842519685
11
0.0994872440944882
21
0.3870920866141732
0
LINE
8
BLACK
6
CONTINUOUS
10
0.0994872440944882
20
0.3870920866141732
11
0.0993736220472441
21
0.3871576771653543
0
LINE
8
BLACK
6
CONTINUOUS
10
0.0993736220472441
20
0.3871576771653543
11
0.0989900787401575
21
0.3872253149606299
0
LINE
8
BLACK
6
CONTINUOUS
10
0.0989900787401575
20
0.3872253149606299
11
0.0984023622047244
21
0.3877184251968504
0
LINE
8
BLACK
6
CONTINUOUS
10
0.0984023622047244
20
0.3877184251968504
11
0.0977380708661417
21
0.3881020078740157
0
LINE
8
BLACK
6
CONTINUOUS
10
0.0977380708661417
20
0.3881020078740157
11
0.0976469291338583
21
0.3883523228346457
0
LINE
8
BLACK
6
CONTINUOUS
10
0.0976469291338583
20
0.3883523228346457
11
0.0974428346456693
21
0.3885236220472441
0
LINE
8
BLACK
6
CONTINUOUS
10
0.0974428346456693
20
0.3885236220472441
11
0.0973095669291339
21
0.3892791732283464
0
LINE
8
BLACK
6
CONTINUOUS
10
0.0973095669291339
20
0.3892791732283464
11
0.0970472440944882
21
0.39
0
LINE
8
BLACK
6
CONTINUOUS
10
0.0970472440944882
20
0.39
11
0.0970472440944882
21
0.49
0
LINE
8
BLACK
6
CONTINUOUS
10
0.0970472440944882
20
0.49
11
0.0970472440944882
21
0.59
0
LINE
8
BLACK
6
CONTINUOUS
10
0.0970472440944882
20
0.59
11
0.0970472440944882
21
0.6899999999999999
0
LINE
8
BLACK
6
CONTINUOUS
10
0.0970472440944882
20
0.6899999999999999
11
0.0970472440944882
21
0.79
0
LINE
8
BLACK
6
CONTINUOUS
10
0.0970472440944882
20
0.79
11
0.0970472440944882
21
0.89
0
LINE
8
BLACK
6
CONTINUOUS
10
0.0970472440944882
20
0.89
11
0.0970472440944882
21
0.99
0
LINE
8
BLACK
6
CONTINUOUS
10
0.0970472440944882
20
0.99
11
0.0970472440944882
21
1.0900000000000001
0
LINE
8
BLACK
6
CONTINUOUS
10
0.0970472440944882
20
1.0900000000000001
11
0.0970472440944882
21
1.1899999999999999
0
LINE
8
BLACK
6
CONTINUOUS
10
0.0970472440944882
20
1.1899999999999999
11
0.097114842519685
21
1.1903835039370079
0
LINE
8
BLACK
6
CONTINUOUS
10
0.097114842519685
20
1.1903835039370079
11
0.0970920866141732
21
1.1905127559055118
0
LINE
8
BLACK
6
CONTINUOUS
10
0.0970920866141732
20
1.1905127559055118
11
0.0971576771653543
21
1.1906263385826772
0
LINE
8
BLACK
6
CONTINUOUS
10
0.0971576771653543
20
1.1906263385826772
11
0.0972253149606299
21
1.1910099212598424
0
LINE
8
BLACK
6
CONTINUOUS
10
0.0972253149606299
20
1.1910099212598424
11
0.0977184251968504
21
1.1915975984251967
0
LINE
8
BLACK
6
CONTINUOUS
10
0.0977184251968504
20
1.1915975984251967
11
0.0981020078740157
21
1.1922619291338583
0
LINE
8
BLACK
6
CONTINUOUS
10
0.0981020078740157
20
1.1922619291338583
11
0.0983523228346457
21
1.1923530314960629
0
LINE
8
BLACK
6
CONTINUOUS
10
0.0983523228346457
20
1.1923530314960629
11
0.0985236220472441
21
1.1925571653543308
0
LINE
8
BLACK
6
CONTINUOUS
10
0.0985236220472441
20
1.1925571653543308
11
0.0992791732283465
21
1.1926903937007873
0
LINE
8
BLACK
6
CONTINUOUS
10
0.0992791732283465
20
1.1926903937007873
11
0.1
21
1.1929527559055118
0
LINE
8
BLACK
6
CONTINUOUS
10
0.1
20
1.1929527559055118
11
0.3
21
1.1929527559055118
0
LINE
8
BLACK
6
CONTINUOUS
10
0.3
20
1.1929527559055118
11
0.3003835039370079
21
1.1928851181102362
0
LINE
8
BLACK
6
CONTINUOUS
10
0.1029527559055118
20
0.4870472440944882
11
0.1029527559055118
21
0.3929527559055118
0
LINE
8
BLACK
6
CONTINUOUS
10
0.1029527559055118
20
0.3929527559055118
11
0.2970472440944882
21
0.3929527559055118
0
LINE
8
BLACK
6
CONTINUOUS
10
0.2970472440944882
20
0.3929527559055118
11
0.2970472440944882
21
0.4870472440944882
0
LINE
8
BLACK
6
CONTINUOUS
10
0.2970472440944882
20
0.4870472440944882
11
0.1029527559055118
21
0.4870472440944882
0
LINE
8
BLACK
6
CONTINUOUS
10
0.1029527559055118
20
0.5870472440944882
11
0.1029527559055118
21
0.4929527559055118
0
LINE
8
BLACK
6
CONTINUOUS
10
0.1029527559055118
20
0.4929527559055118
11
0.2970472440944882
21
0.4929527559055118
0
LINE
8
BLACK
6
CONTINUOUS
10
0.2970472440944882
20
0.4929527559055118
11
0.2970472440944882
21
0.5870472440944882
0
LINE
8
BLACK
6
CONTINUOUS
10
0.2970472440944882
20
0.5870472440944882
11
0.1029527559055118
21
0.5870472440944882
0
LINE
8
BLACK
6
CONTINUOUS
10
0.1029527559055118
20
0.6870472440944881
11
0.1029527559055118
21
0.5929527559055118
0
LINE
8
BLACK
6
CONTINUOUS
10
0.1029527559055118
20
0.5929527559055118
11
0.2970472440944882
21
0.5929527559055118
0
LINE
8
BLACK
6
CONTINUOUS
10
0.2970472440944882
20
0.5929527559055118
11
0.2970472440944882
21
0.6870472440944881
0
LINE
8
BLACK
6
CONTINUOUS
10
0.2970472440944882
20
0.6870472440944881
11
0.1029527559055118
21
0.6870472440944881
0
LINE
8
BLACK
6
CONTINUOUS
10
0.1029527559055118
20
0.7870472440944881
11
0.1029527559055118
21
0.6929527559055118
0
LINE
8
BLACK
6
CONTINUOUS
10
0.1029527559055118
20
0.6929527559055118
11
0.2970472440944882
21
0.6929527559055118
0
LINE
8
BLACK
6
CONTINUOUS
10
0.2970472440944882
20
0.6929527559055118
11
0.2970472440944882
21
0.7870472440944881
0
LINE
8
BLACK
6
CONTINUOUS
10
0.2970472440944882
20
0.7870472440944881
11
0.1029527559055118
21
0.7870472440944881
0
LINE
8
BLACK
6
CONTINUOUS
10
0.1029527559055118
20
0.8870472440944882
11
0.1029527559055118
21
0.7929527559055118
0
LINE
8
BLACK
6
CONTINUOUS
10
0.1029527559055118
20
0.7929527559055118
11
0.2970472440944882
21
0.7929527559055118
0
LINE
8
BLACK
6
CONTINUOUS
10
0.2970472440944882
20
0.7929527559055118
11
0.2970472440944882
21
0.8870472440944882
0
LINE
8
BLACK
6
CONTINUOUS
10
0.2970472440944882
20
0.8870472440944882
11
0.1029527559055118
21
0.8870472440944882
0
LINE
8
BLACK
6
CONTINUOUS
10
0.1029527559055118
20
0.9870472440944882
11
0.1029527559055118
21
0.8929527559055118
0
LINE
8
BLACK
6
CONTINUOUS
10
0.1029527559055118
20
0.8929527559055118
11
0.2970472440944882
21
0.8929527559055118
0
LINE
8
BLACK
6
CONTINUOUS
10
0.2970472440944882
20
0.8929527559055118
11
0.2970472440944882
21
0.9870472440944882
0
LINE
8
BLACK
6
CONTINUOUS
10
0.2970472440944882
20
0.9870472440944882
11
0.1029527559055118
21
0.9870472440944882
0
LINE
8
BLACK
6
CONTINUOUS
10
0.1029527559055118
20
1.0870472440944883
11
0.1029527559055118
21
0.9929527559055118
0
LINE
8
BLACK
6
CONTINUOUS
10
0.1029527559055118
20
0.9929527559055118
11
0.2970472440944882
21
0.9929527559055118
0
LINE
8
BLACK
6
CONTINUOUS
10
0.2970472440944882
20
0.9929527559055118
11
0.2970472440944882
21
1.0870472440944883
0
LINE
8
BLACK
6
CONTINUOUS
10
0.2970472440944882
20
1.0870472440944883
11
0.1029527559055118
21
1.0870472440944883
0
LINE
8
BLACK
6
CONTINUOUS
10
0.1029527559055118
20
1.1870472440944881
11
0.1029527559055118
21
1.0929527559055119
0
LINE
8
BLACK
6
CONTINUOUS
10
0.1029527559055118
20
1.0929527559055119
11
0.2970472440944882
21
1.0929527559055119
0
LINE
8
BLACK
6
CONTINUOUS
10
0.2970472440944882
20
1.0929527559055119
11
0.2970472440944882
21
1.1870472440944881
0
LINE
8
BLACK
6
CONTINUOUS
10
0.2970472440944882
20
1.1870472440944881
11
0.1029527559055118
21
1.1870472440944881
0
LINE
8
BLACK
6
CONTINUOUS
10
0.8477437401574803
20
0.459158937007874
11
0.8484722047244094
21
0.4591712204724409
0
LINE
8
BLACK
6
CONTINUOUS
10
0.8484722047244094
20
0.4591712204724409
11
0.8597207874015748
21
0.456359094488189
0
LINE
8
BLACK
6
CONTINUOUS
10
0.8597207874015748
20
0.456359094488189
11
0.8602907480314961
21
0.4560426771653543
0
LINE
8
BLACK
6
CONTINUOUS
10
0.8602907480314961
20
0.4560426771653543
11
0.8609295275590551
21
0.455911968503937
0
LINE
8
BLACK
6
CONTINUOUS
10
0.8609295275590551
20
0.455911968503937
11
0.8665538188976378
21
0.4530998031496063
0
LINE
8
BLACK
6
CONTINUOUS
10
0.8665538188976378
20
0.4530998031496063
11
0.867265157480315
21
0.4524689763779527
0
LINE
8
BLACK
6
CONTINUOUS
10
0.867265157480315
20
0.4524689763779527
11
0.8680886220472441
21
0.4519935826771653
0
LINE
8
BLACK
6
CONTINUOUS
10
0.8680886220472441
20
0.4519935826771653
11
0.8737129133858268
21
0.4463692913385827
0
LINE
8
BLACK
6
CONTINUOUS
10
0.8737129133858268
20
0.4463692913385827
11
0.8743916141732283
21
0.4451937007874016
0
LINE
8
BLACK
6
CONTINUOUS
10
0.8743916141732283
20
0.4451937007874016
11
0.8751395275590551
21
0.4440609448818897
0
LINE
8
BLACK
6
CONTINUOUS
10
0.8751395275590551
20
0.4440609448818897
11
0.8779516929133858
21
0.4356245275590551
0
LINE
8
BLACK
6
CONTINUOUS
10
0.8779516929133858
20
0.4356245275590551
11
0.8780086614173228
21
0.4346754330708661
0
LINE
8
BLACK
6
CONTINUOUS
10
0.8780086614173228
20
0.4346754330708661
11
0.8782547637795275
21
0.4337570078740157
0
LINE
8
BLACK
6
CONTINUOUS
10
0.8782547637795275
20
0.4337570078740157
11
0.8782547637795275
21
0.4281327165354331
0
LINE
8
BLACK
6
CONTINUOUS
10
0.8782547637795275
20
0.4281327165354331
11
0.8780086614173228
21
0.4272142519685039
0
LINE
8
BLACK
6
CONTINUOUS
10
0.8780086614173228
20
0.4272142519685039
11
0.8779516929133858
21
0.4262651968503937
0
LINE
8
BLACK
6
CONTINUOUS
10
0.8779516929133858
20
0.4262651968503937
11
0.8751395275590551
21
0.417828779527559
0
LINE
8
BLACK
6
CONTINUOUS
10
0.8751395275590551
20
0.417828779527559
11
0.8743916141732283
21
0.4166959842519685
0
LINE
8
BLACK
6
CONTINUOUS
10
0.8743916141732283
20
0.4166959842519685
11
0.8737129133858268
21
0.4155204330708661
0
LINE
8
BLACK
6
CONTINUOUS
10
0.8737129133858268
20
0.4155204330708661
11
0.8709007874015748
21
0.4127083070866142
0
LINE
8
BLACK
6
CONTINUOUS
10
0.8709007874015748
20
0.4127083070866142
11
0.8682534251968503
21
0.411179842519685
0
LINE
8
BLACK
6
CONTINUOUS
10
0.8682534251968503
20
0.411179842519685
11
0.8651964960629921
21
0.411179842519685
0
LINE
8
BLACK
6
CONTINUOUS
10
0.8651964960629921
20
0.411179842519685
11
0.8625491338582677
21
0.4127083070866142
0
LINE
8
BLACK
6
CONTINUOUS
10
0.8625491338582677
20
0.4127083070866142
11
0.8610206692913386
21
0.4153556692913385
0
LINE
8
BLACK
6
CONTINUOUS
10
0.8610206692913386
20
0.4153556692913385
11
0.8610206692913386
21
0.4184125984251968
0
LINE
8
BLACK
6
CONTINUOUS
10
0.8610206692913386
20
0.4184125984251968
11
0.8625491338582677
21
0.4210599606299212
0
LINE
8
BLACK
6
CONTINUOUS
10
0.8625491338582677
20
0.4210599606299212
11
0.8643754724409448
21
0.4228862992125984
0
LINE
8
BLACK
6
CONTINUOUS
10
0.8643754724409448
20
0.4228862992125984
11
0.8664437401574803
21
0.429091062992126
0
LINE
8
BLACK
6
CONTINUOUS
10
0.8664437401574803
20
0.429091062992126
11
0.8664437401574803
21
0.4327986220472441
0
LINE
8
BLACK
6
CONTINUOUS
10
0.8664437401574803
20
0.4327986220472441
11
0.8643754724409448
21
0.4390033858267716
0
LINE
8
BLACK
6
CONTINUOUS
10
0.8643754724409448
20
0.4390033858267716
11
0.8604146062992126
21
0.4429642519685039
0
LINE
8
BLACK
6
CONTINUOUS
10
0.8604146062992126
20
0.4429642519685039
11
0.8562272047244094
21
0.4450579921259842
0
LINE
8
BLACK
6
CONTINUOUS
10
0.8562272047244094
20
0.4450579921259842
11
0.8463129921259842
21
0.4475365354330709
0
LINE
8
BLACK
6
CONTINUOUS
10
0.8463129921259842
20
0.4475365354330709
11
0.8393303937007874
21
0.4475365354330709
0
LINE
8
BLACK
6
CONTINUOUS
10
0.8393303937007874
20
0.4475365354330709
11
0.8294161417322834
21
0.4450579527559055
0
LINE
8
BLACK
6
CONTINUOUS
10
0.8294161417322834
20
0.4450579527559055
11
0.825228779527559
21
0.4429642913385827
0
LINE
8
BLACK
6
CONTINUOUS
10
0.825228779527559
20
0.4429642913385827
11
0.821267874015748
21
0.4390033858267716
0
LINE
8
BLACK
6
CONTINUOUS
10
0.821267874015748
20
0.4390033858267716
11
0.8191996456692913
21
0.4327987007874016
0
LINE
8
BLACK
6
CONTINUOUS
10
0.8191996456692913
20
0.4327987007874016
11
0.8191996456692913
21
0.4290909842519685
0
LINE
8
BLACK
6
CONTINUOUS
10
0.8191996456692913
20
0.4290909842519685
11
0.821267874015748
21
0.4228862992125984
0
LINE
8
BLACK
6
CONTINUOUS
10
0.821267874015748
20
0.4228862992125984
11
0.8230942519685039
21
0.4210599606299212
0
LINE
8
BLACK
6
CONTINUOUS
10
0.8230942519685039
20
0.4210599606299212
11
0.8246227165354331
21
0.4184125984251968
0
LINE
8
BLACK
6
CONTINUOUS
10
0.8246227165354331
20
0.4184125984251968
11
0.8246227165354331
21
0.4153556692913385
0
LINE
8
BLACK
6
CONTINUOUS
10
0.8246227165354331
20
0.4153556692913385
11
0.8230942519685039
21
0.4127083070866142
0
LINE
8
BLACK
6
CONTINUOUS
10
0.8230942519685039
20
0.4127083070866142
11
0.8204468897637796
21
0.411179842519685
0
LINE
8
BLACK
6
CONTINUOUS
10
0.8204468897637796
20
0.411179842519685
11
0.8173899606299212
21
0.411179842519685
0
LINE
8
BLACK
6
CONTINUOUS
10
0.8173899606299212
20
0.411179842519685
11
0.8147425984251968
21
0.4127083070866142
0
LINE
8
BLACK
6
CONTINUOUS
10
0.8147425984251968
20
0.4127083070866142
11
0.8119304724409449
21
0.4155204330708661
0
LINE
8
BLACK
6
CONTINUOUS
10
0.8119304724409449
20
0.4155204330708661
11
0.811251811023622
21
0.4166958661417323
0
LINE
8
BLACK
6
CONTINUOUS
10
0.811251811023622
20
0.4166958661417323
11
0.8105038188976378
21
0.417828779527559
0
LINE
8
BLACK
6
CONTINUOUS
10
0.8105038188976378
20
0.417828779527559
11
0.8076916929133858
21
0.4262652362204724
0
LINE
8
BLACK
6
CONTINUOUS
10
0.8076916929133858
20
0.4262652362204724
11
0.8076346850393701
21
0.4272142519685039
0
LINE
8
BLACK
6
CONTINUOUS
10
0.8076346850393701
20
0.4272142519685039
11
0.807388622047244
21
0.4281327165354331
0
LINE
8
BLACK
6
CONTINUOUS
10
0.807388622047244
20
0.4281327165354331
11
0.807388622047244
21
0.4337570078740157
0
LINE
8
BLACK
6
CONTINUOUS
10
0.807388622047244
20
0.4337570078740157
11
0.8076346850393701
21
0.4346754330708661
0
LINE
8
BLACK
6
CONTINUOUS
10
0.8076346850393701
20
0.4346754330708661
11
0.8076916929133858
21
0.4356244881889764
0
LINE
8
BLACK
6
CONTINUOUS
10
0.8076916929133858
20
0.4356244881889764
11
0.8105038188976378
21
0.4440609448818897
0
LINE
8
BLACK
6
CONTINUOUS
10
0.8105038188976378
20
0.4440609448818897
11
0.811251811023622
21
0.4451938188976378
0
LINE
8
BLACK
6
CONTINUOUS
10
0.811251811023622
20
0.4451938188976378
11
0.8119304724409449
21
0.4463692913385827
0
LINE
8
BLACK
6
CONTINUOUS
10
0.8119304724409449
20
0.4463692913385827
11
0.8175547637795275
21
0.4519935826771653
0
LINE
8
BLACK
6
CONTINUOUS
10
0.8175547637795275
20
0.4519935826771653
11
0.8183781889763779
21
0.4524689763779527
0
LINE
8
BLACK
6
CONTINUOUS
10
0.8183781889763779
20
0.4524689763779527
11
0.8190895669291338
21
0.4530998031496063
0
LINE
8
BLACK
6
CONTINUOUS
10
0.8190895669291338
20
0.4530998031496063
11
0.8247138188976377
21
0.455911968503937
0
LINE
8
BLACK
6
CONTINUOUS
10
0.8247138188976377
20
0.455911968503937
11
0.8253526377952756
21
0.4560426771653543
0
LINE
8
BLACK
6
CONTINUOUS
10
0.8253526377952756
20
0.4560426771653543
11
0.8259225984251969
21
0.456359094488189
0
LINE
8
BLACK
6
CONTINUOUS
10
0.8259225984251969
20
0.456359094488189
11
0.8371711811023622
21
0.4591712204724409
0
LINE
8
BLACK
6
CONTINUOUS
10
0.8371711811023622
20
0.4591712204724409
11
0.8378996062992126
21
0.459158937007874
0
LINE
8
BLACK
6
CONTINUOUS
10
0.8378996062992126
20
0.459158937007874
11
0.8386034645669291
21
0.4593475590551181
0
LINE
8
BLACK
6
CONTINUOUS
10
0.8386034645669291
20
0.4593475590551181
11
0.8470399212598425
21
0.4593475590551181
0
LINE
8
BLACK
6
CONTINUOUS
10
0.8470399212598425
20
0.4593475590551181
11
0.8477437401574803
21
0.459158937007874
0
LINE
8
BLACK
6
CONTINUOUS
10
1.1253020078740157
20
0.4687250787401575
11
1.1274635826771653
21
0.4665635039370079
0
LINE
8
BLACK
6
CONTINUOUS
10
1.1274635826771653
20
0.4665635039370079
11
1.1282547637795275
21
0.463610748031496
0
LINE
8
BLACK
6
CONTINUOUS
10
1.1282547637795275
20
0.463610748031496
11
1.1282547637795275
21
0.4242406692913386
0
LINE
8
BLACK
6
CONTINUOUS
10
1.1282547637795275
20
0.4242406692913386
11
1.1282042125984251
21
0.4240520472440945
0
LINE
8
BLACK
6
CONTINUOUS
10
1.1282042125984251
20
0.4240520472440945
11
1.1282425196850394
21
0.4238605905511811
0
LINE
8
BLACK
6
CONTINUOUS
10
1.1282425196850394
20
0.4238605905511811
11
1.1278115748031496
21
0.4225867322834646
0
LINE
8
BLACK
6
CONTINUOUS
10
1.1278115748031496
20
0.4225867322834646
11
1.1274635826771653
21
0.4212879133858268
0
LINE
8
BLACK
6
CONTINUOUS
10
1.1274635826771653
20
0.4212879133858268
11
1.1273255118110237
21
0.421149842519685
0
LINE
8
BLACK
6
CONTINUOUS
10
1.1273255118110237
20
0.421149842519685
11
1.1272629527559055
21
0.4209648818897638
0
LINE
8
BLACK
6
CONTINUOUS
10
1.1272629527559055
20
0.4209648818897638
11
1.1262527559055118
21
0.4200770866141732
0
LINE
8
BLACK
6
CONTINUOUS
10
1.1262527559055118
20
0.4200770866141732
11
1.1253020078740157
21
0.4191263385826772
0
LINE
8
BLACK
6
CONTINUOUS
10
1.1253020078740157
20
0.4191263385826772
11
1.1251134251968504
21
0.4190757874015748
0
LINE
8
BLACK
6
CONTINUOUS
10
1.1251134251968504
20
0.4190757874015748
11
1.1249667322834644
21
0.4189468897637795
0
LINE
8
BLACK
6
CONTINUOUS
10
1.1249667322834644
20
0.4189468897637795
11
1.1236479921259843
21
0.4186831496062992
0
LINE
8
BLACK
6
CONTINUOUS
10
1.1236479921259843
20
0.4186831496062992
11
1.1223492519685039
21
0.418335157480315
0
LINE
8
BLACK
6
CONTINUOUS
10
1.1223492519685039
20
0.418335157480315
11
1.1221606299212599
21
0.4183856692913386
0
LINE
8
BLACK
6
CONTINUOUS
10
1.1221606299212599
20
0.4183856692913386
11
1.1219691732283463
21
0.4183474015748032
0
LINE
8
BLACK
6
CONTINUOUS
10
1.1219691732283463
20
0.4183474015748032
11
1.1206953149606298
21
0.4187783070866142
0
LINE
8
BLACK
6
CONTINUOUS
10
1.1206953149606298
20
0.4187783070866142
11
1.1193964960629921
21
0.4191263385826772
0
LINE
8
BLACK
6
CONTINUOUS
10
1.1193964960629921
20
0.4191263385826772
11
1.1192584251968503
21
0.4192643700787401
0
LINE
8
BLACK
6
CONTINUOUS
10
1.1192584251968503
20
0.4192643700787401
11
1.1190734645669291
21
0.419326968503937
0
LINE
8
BLACK
6
CONTINUOUS
10
1.1190734645669291
20
0.419326968503937
11
1.0691996456692914
21
0.4525761811023622
0
LINE
8
BLACK
6
CONTINUOUS
10
1.0691996456692914
20
0.4525761811023622
11
1.0691996456692914
21
0.4242406692913386
0
LINE
8
BLACK
6
CONTINUOUS
10
1.0691996456692914
20
0.4242406692913386
11
1.0684084645669292
21
0.4212879133858268
0
LINE
8
BLACK
6
CONTINUOUS
10
1.0684084645669292
20
0.4212879133858268
11
1.0662468897637796
21
0.4191263385826772
0
LINE
8
BLACK
6
CONTINUOUS
10
1.0662468897637796
20
0.4191263385826772
11
1.0632941338582678
21
0.418335157480315
0
LINE
8
BLACK
6
CONTINUOUS
10
1.0632941338582678
20
0.418335157480315
11
1.060341377952756
21
0.4191263385826772
0
LINE
8
BLACK
6
CONTINUOUS
10
1.060341377952756
20
0.4191263385826772
11
1.0581798031496064
21
0.4212879133858268
0
LINE
8
BLACK
6
CONTINUOUS
10
1.0581798031496064
20
0.4212879133858268
11
1.0573886220472442
21
0.4242406692913386
0
LINE
8
BLACK
6
CONTINUOUS
10
1.0573886220472442
20
0.4242406692913386
11
1.0573886220472442
21
0.463610748031496
0
LINE
8
BLACK
6
CONTINUOUS
10
1.0573886220472442
20
0.463610748031496
11
1.0574391338582676
21
0.4637993307086614
0
LINE
8
BLACK
6
CONTINUOUS
10
1.0574391338582676
20
0.4637993307086614
11
1.0574008661417322
21
0.4639908267716535
0
LINE
8
BLACK
6
CONTINUOUS
10
1.0574008661417322
20
0.4639908267716535
11
1.0578317716535433
21
0.4652646456692913
0
LINE
8
BLACK
6
CONTINUOUS
10
1.0578317716535433
20
0.4652646456692913
11
1.0581798031496064
21
0.4665635039370079
0
LINE
8
BLACK
6
CONTINUOUS
10
1.0581798031496064
20
0.4665635039370079
11
1.0583178346456692
21
0.4667015354330709
0
LINE
8
BLACK
6
CONTINUOUS
10
1.0583178346456692
20
0.4667015354330709
11
1.0583804330708662
21
0.4668865354330708
0
LINE
8
BLACK
6
CONTINUOUS
10
1.0583804330708662
20
0.4668865354330708
11
1.0593905905511811
21
0.4677742913385827
0
LINE
8
BLACK
6
CONTINUOUS
10
1.0593905905511811
20
0.4677742913385827
11
1.060341377952756
21
0.4687250787401575
0
LINE
8
BLACK
6
CONTINUOUS
10
1.060341377952756
20
0.4687250787401575
11
1.0605299212598425
21
0.4687755905511811
0
LINE
8
BLACK
6
CONTINUOUS
10
1.0605299212598425
20
0.4687755905511811
11
1.060676653543307
21
0.4689045275590551
0
LINE
8
BLACK
6
CONTINUOUS
10
1.060676653543307
20
0.4689045275590551
11
1.0619953543307086
21
0.4691682283464567
0
LINE
8
BLACK
6
CONTINUOUS
10
1.0619953543307086
20
0.4691682283464567
11
1.0632941338582678
21
0.4695162598425197
0
LINE
8
BLACK
6
CONTINUOUS
10
1.0632941338582678
20
0.4695162598425197
11
1.063482716535433
21
0.4694657086614173
0
LINE
8
BLACK
6
CONTINUOUS
10
1.063482716535433
20
0.4694657086614173
11
1.0636742125984251
21
0.4695040157480315
0
LINE
8
BLACK
6
CONTINUOUS
10
1.0636742125984251
20
0.4695040157480315
11
1.0649480314960629
21
0.4690730708661417
0
LINE
8
BLACK
6
CONTINUOUS
10
1.0649480314960629
20
0.4690730708661417
11
1.0662468897637796
21
0.4687250787401575
0
LINE
8
BLACK
6
CONTINUOUS
10
1.0662468897637796
20
0.4687250787401575
11
1.0663849212598424
21
0.4685870078740157
0
LINE
8
BLACK
6
CONTINUOUS
10
1.0663849212598424
20
0.4685870078740157
11
1.0665699212598425
21
0.4685244488188977
0
LINE
8
BLACK
6
CONTINUOUS
10
1.0665699212598425
20
0.4685244488188977
11
1.1164437401574803
21
0.4352751968503937
0
LINE
8
BLACK
6
CONTINUOUS
10
1.1164437401574803
20
0.4352751968503937
11
1.1164437401574803
21
0.463610748031496
0
LINE
8
BLACK
6
CONTINUOUS
10
1.1164437401574803
20
0.463610748031496
11
1.1172349212598425
21
0.4665635039370079
0
LINE
8
BLACK
6
CONTINUOUS
10
1.1172349212598425
20
0.4665635039370079
11
1.1193964960629921
21
0.4687250787401575
0
LINE
8
BLACK
6
CONTINUOUS
10
1.1193964960629921
20
0.4687250787401575
11
1.1223492519685039
21
0.4695162598425197
0
LINE
8
BLACK
6
CONTINUOUS
10
1.1223492519685039
20
0.4695162598425197
11
1.1253020078740157
21
0.4687250787401575
0
LINE
8
BLACK
6
CONTINUOUS
10
0.086015905511811
20
0.4739331889763779
11
0.0881774803149606
21
0.4717716141732283
0
LINE
8
BLACK
6
CONTINUOUS
10
0.0881774803149606
20
0.4717716141732283
11
0.0889686614173228
21
0.4688188582677165
0
LINE
8
BLACK
6
CONTINUOUS
10
0.0889686614173228
20
0.4688188582677165
11
0.0881774803149606
21
0.4658661023622047
0
LINE
8
BLACK
6
CONTINUOUS
10
0.0881774803149606
20
0.4658661023622047
11
0.086015905511811
21
0.4637045275590551
0
LINE
8
BLACK
6
CONTINUOUS
10
0.086015905511811
20
0.4637045275590551
11
0.0830631496062992
21
0.4629133464566929
0
LINE
8
BLACK
6
CONTINUOUS
10
0.0830631496062992
20
0.4629133464566929
11
0.0318820472440945
21
0.4629133464566929
0
LINE
8
BLACK
6
CONTINUOUS
10
0.0318820472440945
20
0.4629133464566929
11
0.0289292913385827
21
0.4637045275590551
0
LINE
8
BLACK
6
CONTINUOUS
10
0.0289292913385827
20
0.4637045275590551
11
0.0267677165354331
21
0.4658661023622047
0
LINE
8
BLACK
6
CONTINUOUS
10
0.0267677165354331
20
0.4658661023622047
11
0.0259765354330709
21
0.4688188582677165
0
LINE
8
BLACK
6
CONTINUOUS
10
0.0259765354330709
20
0.4688188582677165
11
0.0267677165354331
21
0.4717716141732283
0
LINE
8
BLACK
6
CONTINUOUS
10
0.0267677165354331
20
0.4717716141732283
11
0.0289292913385827
21
0.4739331889763779
0
LINE
8
BLACK
6
CONTINUOUS
10
0.0289292913385827
20
0.4739331889763779
11
0.0318820472440945
21
0.4747243700787401
0
LINE
8
BLACK
6
CONTINUOUS
10
0.0318820472440945
20
0.4747243700787401
11
0.0830631496062992
21
0.4747243700787401
0
LINE
8
BLACK
6
CONTINUOUS
10
0.0830631496062992
20
0.4747243700787401
11
0.086015905511811
21
0.4739331889763779
0
LINE
8
BLACK
6
CONTINUOUS
10
0.8477437401574803
20
0.5182140551181103
11
0.8484722047244094
21
0.5182263385826772
0
LINE
8
BLACK
6
CONTINUOUS
10
0.8484722047244094
20
0.5182263385826772
11
0.8597207874015748
21
0.5154142125984252
0
LINE
8
BLACK
6
CONTINUOUS
10
0.8597207874015748
20
0.5154142125984252
11
0.8602907480314961
21
0.5150977952755905
0
LINE
8
BLACK
6
CONTINUOUS
10
0.8602907480314961
20
0.5150977952755905
11
0.8609295275590551
21
0.5149670866141732
0
LINE
8
BLACK
6
CONTINUOUS
10
0.8609295275590551
20
0.5149670866141732
11
0.8665538188976378
21
0.5121549212598425
0
LINE
8
BLACK
6
CONTINUOUS
10
0.8665538188976378
20
0.5121549212598425
11
0.867265157480315
21
0.5115240944881889
0
LINE
8
BLACK
6
CONTINUOUS
10
0.867265157480315
20
0.5115240944881889
11
0.8680886220472441
21
0.5110487007874016
0
LINE
8
BLACK
6
CONTINUOUS
10
0.8680886220472441
20
0.5110487007874016
11
0.8737129133858268
21
0.5054244094488188
0
LINE
8
BLACK
6
CONTINUOUS
10
0.8737129133858268
20
0.5054244094488188
11
0.8743916141732283
21
0.5042488188976377
0
LINE
8
BLACK
6
CONTINUOUS
10
0.8743916141732283
20
0.5042488188976377
11
0.8751395275590551
21
0.503116062992126
0
LINE
8
BLACK
6
CONTINUOUS
10
0.8751395275590551
20
0.503116062992126
11
0.8779516929133858
21
0.4946796456692913
0
LINE
8
BLACK
6
CONTINUOUS
10
0.8779516929133858
20
0.4946796456692913
11
0.8780086614173228
21
0.4937305511811024
0
LINE
8
BLACK
6
CONTINUOUS
10
0.8780086614173228
20
0.4937305511811024
11
0.8782547637795275
21
0.4928121259842519
0
LINE
8
BLACK
6
CONTINUOUS
10
0.8782547637795275
20
0.4928121259842519
11
0.8782547637795275
21
0.4871878346456693
0
LINE
8
BLACK
6
CONTINUOUS
10
0.8782547637795275
20
0.4871878346456693
11
0.8780086614173228
21
0.4862693700787402
0
LINE
8
BLACK
6
CONTINUOUS
10
0.8780086614173228
20
0.4862693700787402
11
0.8779516929133858
21
0.4853203149606299
0
LINE
8
BLACK
6
CONTINUOUS
10
0.8779516929133858
20
0.4853203149606299
11
0.8751395275590551
21
0.4768838976377953
0
LINE
8
BLACK
6
CONTINUOUS
10
0.8751395275590551
20
0.4768838976377953
11
0.8743916141732283
21
0.4757511023622047
0
LINE
8
BLACK
6
CONTINUOUS
10
0.8743916141732283
20
0.4757511023622047
11
0.8737129133858268
21
0.4745755511811023
0
LINE
8
BLACK
6
CONTINUOUS
10
0.8737129133858268
20
0.4745755511811023
11
0.8709007874015748
21
0.4717634251968504
0
LINE
8
BLACK
6
CONTINUOUS
10
0.8709007874015748
20
0.4717634251968504
11
0.8682534251968503
21
0.4702349606299213
0
LINE
8
BLACK
6
CONTINUOUS
10
0.8682534251968503
20
0.4702349606299213
11
0.8651964960629921
21
0.4702349606299213
0
LINE
8
BLACK
6
CONTINUOUS
10
0.8651964960629921
20
0.4702349606299213
11
0.8625491338582677
21
0.4717634251968504
0
LINE
8
BLACK
6
CONTINUOUS
10
0.8625491338582677
20
0.4717634251968504
11
0.8610206692913386
21
0.4744107874015748
0
LINE
8
BLACK
6
CONTINUOUS
10
0.8610206692913386
20
0.4744107874015748
11
0.8610206692913386
21
0.4774677165354331
0
LINE
8
BLACK
6
CONTINUOUS
10
0.8610206692913386
20
0.4774677165354331
11
0.8625491338582677
21
0.4801150787401575
0
LINE
8
BLACK
6
CONTINUOUS
10
0.8625491338582677
20
0.4801150787401575
11
0.8643754724409448
21
0.4819414173228346
0
LINE
8
BLACK
6
CONTINUOUS
10
0.8643754724409448
20
0.4819414173228346
11
0.8664437401574803
21
0.4881461811023622
0
LINE
8
BLACK
6
CONTINUOUS
10
0.8664437401574803
20
0.4881461811023622
11
0.8664437401574803
21
0.4918537401574803
0
LINE
8
BLACK
6
CONTINUOUS
10
0.8664437401574803
20
0.4918537401574803
11
0.8643754724409448
21
0.4980585039370078
0
LINE
8
BLACK
6
CONTINUOUS
10
0.8643754724409448
20
0.4980585039370078
11
0.8604146062992126
21
0.5020193700787402
0
LINE
8
BLACK
6
CONTINUOUS
10
0.8604146062992126
20
0.5020193700787402
11
0.8562272047244094
21
0.5041131102362204
0
LINE
8
BLACK
6
CONTINUOUS
10
0.8562272047244094
20
0.5041131102362204
11
0.8463129921259842
21
0.506591653543307
0
LINE
8
BLACK
6
CONTINUOUS
10
0.8463129921259842
20
0.506591653543307
11
0.8393303937007874
21
0.506591653543307
0
LINE
8
BLACK
6
CONTINUOUS
10
0.8393303937007874
20
0.506591653543307
11
0.8294161417322834
21
0.5041130708661418
0
LINE
8
BLACK
6
CONTINUOUS
10
0.8294161417322834
20
0.5041130708661418
11
0.825228779527559
21
0.5020194094488188
0
LINE
8
BLACK
6
CONTINUOUS
10
0.825228779527559
20
0.5020194094488188
11
0.821267874015748
21
0.4980585039370078
0
LINE
8
BLACK
6
CONTINUOUS
10
0.821267874015748
20
0.4980585039370078
11
0.8191996456692913
21
0.4918538188976378
0
LINE
8
BLACK
6
CONTINUOUS
10
0.8191996456692913
20
0.4918538188976378
11
0.8191996456692913
21
0.4881461023622047
0
LINE
8
BLACK
6
CONTINUOUS
10
0.8191996456692913
20
0.4881461023622047
11
0.821267874015748
21
0.4819414173228346
0
LINE
8
BLACK
6
CONTINUOUS
10
0.821267874015748
20
0.4819414173228346
11
0.8230942519685039
21
0.4801150787401575
0
LINE
8
BLACK
6
CONTINUOUS
10
0.8230942519685039
20
0.4801150787401575
11
0.8246227165354331
21
0.4774677165354331
0
LINE
8
BLACK
6
CONTINUOUS
10
0.8246227165354331
20
0.4774677165354331
11
0.8246227165354331
21
0.4744107874015748
0
LINE
8
BLACK
6
CONTINUOUS
10
0.8246227165354331
20
0.4744107874015748
11
0.8230942519685039
21
0.4717634251968504
0
LINE
8
BLACK
6
CONTINUOUS
10
0.8230942519685039
20
0.4717634251968504
11
0.8204468897637796
21
0.4702349606299213
0
LINE
8
BLACK
6
CONTINUOUS
10
0.8204468897637796
20
0.4702349606299213
11
0.8173899606299212
21
0.4702349606299213
0
LINE
8
BLACK
6
CONTINUOUS
10
0.8173899606299212
20
0.4702349606299213
11
0.8147425984251968
21
0.4717634251968504
0
LINE
8
BLACK
6
CONTINUOUS
10
0.8147425984251968
20
0.4717634251968504
11
0.8119304724409449
21
0.4745755511811023
0
LINE
8
BLACK
6
CONTINUOUS
10
0.8119304724409449
20
0.4745755511811023
11
0.811251811023622
21
0.4757509842519685
0
LINE
8
BLACK
6
CONTINUOUS
10
0.811251811023622
20
0.4757509842519685
11
0.8105038188976378
21
0.4768838976377953
0
LINE
8
BLACK
6
CONTINUOUS
10
0.8105038188976378
20
0.4768838976377953
11
0.8076916929133858
21
0.4853203543307086
0
LINE
8
BLACK
6
CONTINUOUS
10
0.8076916929133858
20
0.4853203543307086
11
0.8076346850393701
21
0.4862693700787402
0
LINE
8
BLACK
6
CONTINUOUS
10
0.8076346850393701
20
0.4862693700787402
11
0.807388622047244
21
0.4871878346456693
0
LINE
8
BLACK
6
CONTINUOUS
10
0.807388622047244
20
0.4871878346456693
11
0.807388622047244
21
0.4928121259842519
0
LINE
8
BLACK
6
CONTINUOUS
10
0.807388622047244
20
0.4928121259842519
11
0.8076346850393701
21
0.4937305511811024
0
LINE
8
BLACK
6
CONTINUOUS
10
0.8076346850393701
20
0.4937305511811024
11
0.8076916929133858
21
0.4946796062992126
0
LINE
8
BLACK
6
CONTINUOUS
10
0.8076916929133858
20
0.4946796062992126
11
0.8105038188976378
21
0.503116062992126
0
LINE
8
BLACK
6
CONTINUOUS
10
0.8105038188976378
20
0.503116062992126
11
0.811251811023622
21
0.504248937007874
0
LINE
8
BLACK
6
CONTINUOUS
10
0.811251811023622
20
0.504248937007874
11
0.8119304724409449
21
0.5054244094488188
0
LINE
8
BLACK
6
CONTINUOUS
10
0.8119304724409449
20
0.5054244094488188
11
0.8175547637795275
21
0.5110487007874016
0
LINE
8
BLACK
6
CONTINUOUS
10
0.8175547637795275
20
0.5110487007874016
11
0.8183781889763779
21
0.5115240944881889
0
LINE
8
BLACK
6
CONTINUOUS
10
0.8183781889763779
20
0.5115240944881889
11
0.8190895669291338
21
0.5121549212598425
0
LINE
8
BLACK
6
CONTINUOUS
10
0.8190895669291338
20
0.5121549212598425
11
0.8247138188976377
21
0.5149670866141732
0
LINE
8
BLACK
6
CONTINUOUS
10
0.8247138188976377
20
0.5149670866141732
11
0.8253526377952756
21
0.5150977952755905
0
LINE
8
BLACK
6
CONTINUOUS
10
0.8253526377952756
20
0.5150977952755905
11
0.8259225984251969
21
0.5154142125984252
0
LINE
8
BLACK
6
CONTINUOUS
10
0.8259225984251969
20
0.5154142125984252
11
0.8371711811023622
21
0.5182263385826772
0
LINE
8
BLACK
6
CONTINUOUS
10
0.8371711811023622
20
0.5182263385826772
11
0.8378996062992126
21
0.5182140551181103
0
LINE
8
BLACK
6
CONTINUOUS
10
0.8378996062992126
20
0.5182140551181103
11
0.8386034645669291
21
0.5184026771653543
0
LINE
8
BLACK
6
CONTINUOUS
10
0.8386034645669291
20
0.5184026771653543
11
0.8470399212598425
21
0.5184026771653543
0
LINE
8
BLACK
6
CONTINUOUS
10
0.8470399212598425
20
0.5184026771653543
11
0.8477437401574803
21
0.5182140551181103
0
LINE
8
BLACK
6
CONTINUOUS
10
1.1940451181102363
20
0.5210248425196851
11
1.1948225984251968
21
0.5210248425196851
0
LINE
8
BLACK
6
CONTINUOUS
10
1.1948225984251968
20
0.5210248425196851
11
1.1954959055118111
21
0.5206361023622047
0
LINE
8
BLACK
6
CONTINUOUS
10
1.1954959055118111
20
0.5206361023622047
11
1.1962468897637795
21
0.5204348818897637
0
LINE
8
BLACK
6
CONTINUOUS
10
1.1962468897637795
20
0.5204348818897637
11
1.196796653543307
21
0.5198850787401574
0
LINE
8
BLACK
6
CONTINUOUS
10
1.196796653543307
20
0.5198850787401574
11
1.1974699606299213
21
0.5194963779527559
0
LINE
8
BLACK
6
CONTINUOUS
10
1.1974699606299213
20
0.5194963779527559
11
1.2302299606299212
21
0.4867363385826772
0
LINE
8
BLACK
6
CONTINUOUS
10
1.2302299606299212
20
0.4867363385826772
11
1.2364347637795274
21
0.4846681102362205
0
LINE
8
BLACK
6
CONTINUOUS
10
1.2364347637795274
20
0.4846681102362205
11
1.2397065748031495
21
0.4846681102362205
0
LINE
8
BLACK
6
CONTINUOUS
10
1.2397065748031495
20
0.4846681102362205
11
1.2432267716535432
21
0.4864282283464567
0
LINE
8
BLACK
6
CONTINUOUS
10
1.2432267716535432
20
0.4864282283464567
11
1.2446835826771654
21
0.4878850787401575
0
LINE
8
BLACK
6
CONTINUOUS
10
1.2446835826771654
20
0.4878850787401575
11
1.2464437401574804
21
0.4914053149606299
0
LINE
8
BLACK
6
CONTINUOUS
10
1.2464437401574804
20
0.4914053149606299
11
1.2464437401574804
21
0.5026778346456693
0
LINE
8
BLACK
6
CONTINUOUS
10
1.2464437401574804
20
0.5026778346456693
11
1.2446836220472441
21
0.506198031496063
0
LINE
8
BLACK
6
CONTINUOUS
10
1.2446836220472441
20
0.506198031496063
11
1.2425491338582677
21
0.5083325590551181
0
LINE
8
BLACK
6
CONTINUOUS
10
1.2425491338582677
20
0.5083325590551181
11
1.2410206692913386
21
0.5109799212598425
0
LINE
8
BLACK
6
CONTINUOUS
10
1.2410206692913386
20
0.5109799212598425
11
1.2410206692913386
21
0.5140368503937007
0
LINE
8
BLACK
6
CONTINUOUS
10
1.2410206692913386
20
0.5140368503937007
11
1.2425491338582677
21
0.5166842125984252
0
LINE
8
BLACK
6
CONTINUOUS
10
1.2425491338582677
20
0.5166842125984252
11
1.2451964960629922
21
0.5182126771653544
0
LINE
8
BLACK
6
CONTINUOUS
10
1.2451964960629922
20
0.5182126771653544
11
1.2482534251968505
21
0.5182126771653544
0
LINE
8
BLACK
6
CONTINUOUS
10
1.2482534251968505
20
0.5182126771653544
11
1.2509007874015747
21
0.5166842125984252
0
LINE
8
BLACK
6
CONTINUOUS
10
1.2509007874015747
20
0.5166842125984252
11
1.2537129133858267
21
0.5138720866141732
0
LINE
8
BLACK
6
CONTINUOUS
10
1.2537129133858267
20
0.5138720866141732
11
1.2541883070866142
21
0.5130486220472441
0
LINE
8
BLACK
6
CONTINUOUS
10
1.2541883070866142
20
0.5130486220472441
11
1.2548191338582677
21
0.512337283464567
0
LINE
8
BLACK
6
CONTINUOUS
10
1.2548191338582677
20
0.512337283464567
11
1.2576312992125984
21
0.5067130314960629
0
LINE
8
BLACK
6
CONTINUOUS
10
1.2576312992125984
20
0.5067130314960629
11
1.2579034645669291
21
0.5053829921259843
0
LINE
8
BLACK
6
CONTINUOUS
10
1.2579034645669291
20
0.5053829921259843
11
1.2582547637795276
21
0.504071968503937
0
LINE
8
BLACK
6
CONTINUOUS
10
1.2582547637795276
20
0.504071968503937
11
1.2582547637795276
21
0.4900112204724409
0
LINE
8
BLACK
6
CONTINUOUS
10
1.2582547637795276
20
0.4900112204724409
11
1.2579034645669291
21
0.4887001574803149
0
LINE
8
BLACK
6
CONTINUOUS
10
1.2579034645669291
20
0.4887001574803149
11
1.2576312992125984
21
0.4873701574803149
0
LINE
8
BLACK
6
CONTINUOUS
10
1.2576312992125984
20
0.4873701574803149
11
1.2548191338582677
21
0.481745905511811
0
LINE
8
BLACK
6
CONTINUOUS
10
1.2548191338582677
20
0.481745905511811
11
1.2541883070866142
21
0.4810345275590551
0
LINE
8
BLACK
6
CONTINUOUS
10
1.2541883070866142
20
0.4810345275590551
11
1.2537129527559054
21
0.4802111417322835
0
LINE
8
BLACK
6
CONTINUOUS
10
1.2537129527559054
20
0.4802111417322835
11
1.2509008267716535
21
0.4773989763779528
0
LINE
8
BLACK
6
CONTINUOUS
10
1.2509008267716535
20
0.4773989763779528
11
1.2500773228346456
21
0.4769235039370079
0
LINE
8
BLACK
6
CONTINUOUS
10
1.2500773228346456
20
0.4769235039370079
11
1.2493659842519684
21
0.476292716535433
0
LINE
8
BLACK
6
CONTINUOUS
10
1.2493659842519684
20
0.476292716535433
11
1.2437416929133858
21
0.4734805511811023
0
LINE
8
BLACK
6
CONTINUOUS
10
1.2437416929133858
20
0.4734805511811023
11
1.2424117322834645
21
0.4732083858267717
0
LINE
8
BLACK
6
CONTINUOUS
10
1.2424117322834645
20
0.4732083858267717
11
1.2411006692913387
21
0.4728570866141732
0
LINE
8
BLACK
6
CONTINUOUS
10
1.2411006692913387
20
0.4728570866141732
11
1.2354763779527558
21
0.4728570866141732
0
LINE
8
BLACK
6
CONTINUOUS
10
1.2354763779527558
20
0.4728570866141732
11
1.2345579133858267
21
0.4731031496062992
0
LINE
8
BLACK
6
CONTINUOUS
10
1.2345579133858267
20
0.4731031496062992
11
1.2336088582677165
21
0.4731601574803149
0
LINE
8
BLACK
6
CONTINUOUS
10
1.2336088582677165
20
0.4731601574803149
11
1.2251724409448819
21
0.4759723228346456
0
LINE
8
BLACK
6
CONTINUOUS
10
1.2251724409448819
20
0.4759723228346456
11
1.2240396456692912
21
0.4767201968503937
0
LINE
8
BLACK
6
CONTINUOUS
10
1.2240396456692912
20
0.4767201968503937
11
1.222864094488189
21
0.477398937007874
0
LINE
8
BLACK
6
CONTINUOUS
10
1.222864094488189
20
0.477398937007874
11
1.1991996456692913
21
0.5010633858267717
0
LINE
8
BLACK
6
CONTINUOUS
10
1.1991996456692913
20
0.5010633858267717
11
1.1991996456692913
21
0.4787625984251969
0
LINE
8
BLACK
6
CONTINUOUS
10
1.1991996456692913
20
0.4787625984251969
11
1.1984084645669291
21
0.4758098425196851
0
LINE
8
BLACK
6
CONTINUOUS
10
1.1984084645669291
20
0.4758098425196851
11
1.1962468897637795
21
0.4736482677165354
0
LINE
8
BLACK
6
CONTINUOUS
10
1.1962468897637795
20
0.4736482677165354
11
1.1932941338582677
21
0.4728570866141732
0
LINE
8
BLACK
6
CONTINUOUS
10
1.1932941338582677
20
0.4728570866141732
11
1.1903413779527559
21
0.4736482677165354
0
LINE
8
BLACK
6
CONTINUOUS
10
1.1903413779527559
20
0.4736482677165354
11
1.1881798031496063
21
0.4758098425196851
0
LINE
8
BLACK
6
CONTINUOUS
10
1.1881798031496063
20
0.4758098425196851
11
1.187388622047244
21
0.4787625984251969
0
LINE
8
BLACK
6
CONTINUOUS
10
1.187388622047244
20
0.4787625984251969
11
1.187388622047244
21
0.5153205511811023
0
LINE
8
BLACK
6
CONTINUOUS
10
1.187388622047244
20
0.5153205511811023
11
1.1875898425196849
21
0.5160714960629921
0
LINE
8
BLACK
6
CONTINUOUS
10
1.1875898425196849
20
0.5160714960629921
11
1.1875898425196849
21
0.5168490157480314
0
LINE
8
BLACK
6
CONTINUOUS
10
1.1875898425196849
20
0.5168490157480314
11
1.1879785433070866
21
0.5175223228346456
0
LINE
8
BLACK
6
CONTINUOUS
10
1.1879785433070866
20
0.5175223228346456
11
1.1881798031496063
21
0.5182733070866141
0
LINE
8
BLACK
6
CONTINUOUS
10
1.1881798031496063
20
0.5182733070866141
11
1.1887295669291338
21
0.5188230708661418
0
LINE
8
BLACK
6
CONTINUOUS
10
1.1887295669291338
20
0.5188230708661418
11
1.1891183070866143
21
0.5194963779527559
0
LINE
8
BLACK
6
CONTINUOUS
10
1.1891183070866143
20
0.5194963779527559
11
1.1897915748031496
21
0.5198850787401574
0
LINE
8
BLACK
6
CONTINUOUS
10
1.1897915748031496
20
0.5198850787401574
11
1.1903413779527559
21
0.5204348818897637
0
LINE
8
BLACK
6
CONTINUOUS
10
1.1903413779527559
20
0.5204348818897637
11
1.1910923228346457
21
0.5206361023622047
0
LINE
8
BLACK
6
CONTINUOUS
10
1.1910923228346457
20
0.5206361023622047
11
1.1917656692913385
21
0.5210248425196851
0
LINE
8
BLACK
6
CONTINUOUS
10
1.1917656692913385
20
0.5210248425196851
11
1.1925431496062993
21
0.5210248425196851
0
LINE
8
BLACK
6
CONTINUOUS
10
1.1925431496062993
20
0.5210248425196851
11
1.1932941338582677
21
0.5212260629921259
0
LINE
8
BLACK
6
CONTINUOUS
10
1.1932941338582677
20
0.5212260629921259
11
1.1940451181102363
21
0.5210248425196851
0
LINE
8
BLACK
6
CONTINUOUS
10
1.0977437401574803
20
0.525570590551181
11
1.0984722047244093
21
0.525582874015748
0
LINE
8
BLACK
6
CONTINUOUS
10
1.0984722047244093
20
0.525582874015748
11
1.1097207874015749
21
0.522770748031496
0
LINE
8
BLACK
6
CONTINUOUS
10
1.1097207874015749
20
0.522770748031496
11
1.1102907480314961
21
0.5224543307086614
0
LINE
8
BLACK
6
CONTINUOUS
10
1.1102907480314961
20
0.5224543307086614
11
1.1109295275590552
21
0.522323622047244
0
LINE
8
BLACK
6
CONTINUOUS
10
1.1109295275590552
20
0.522323622047244
11
1.1165538188976378
21
0.5195114566929133
0
LINE
8
BLACK
6
CONTINUOUS
10
1.1165538188976378
20
0.5195114566929133
11
1.117265157480315
21
0.5188806299212598
0
LINE
8
BLACK
6
CONTINUOUS
10
1.117265157480315
20
0.5188806299212598
11
1.1180886220472441
21
0.5184052362204724
0
LINE
8
BLACK
6
CONTINUOUS
10
1.1180886220472441
20
0.5184052362204724
11
1.1237129133858268
21
0.5127809448818897
0
LINE
8
BLACK
6
CONTINUOUS
10
1.1237129133858268
20
0.5127809448818897
11
1.1243916141732284
21
0.5116053543307086
0
LINE
8
BLACK
6
CONTINUOUS
10
1.1243916141732284
20
0.5116053543307086
11
1.125139527559055
21
0.5104725984251969
0
LINE
8
BLACK
6
CONTINUOUS
10
1.125139527559055
20
0.5104725984251969
11
1.1279516929133857
21
0.5020361811023621
0
LINE
8
BLACK
6
CONTINUOUS
10
1.1279516929133857
20
0.5020361811023621
11
1.1280086614173228
21
0.5010870866141732
0
LINE
8
BLACK
6
CONTINUOUS
10
1.1280086614173228
20
0.5010870866141732
11
1.1282547637795275
21
0.5001686614173229
0
LINE
8
BLACK
6
CONTINUOUS
10
1.1282547637795275
20
0.5001686614173229
11
1.1282547637795275
21
0.4945443700787401
0
LINE
8
BLACK
6
CONTINUOUS
10
1.1282547637795275
20
0.4945443700787401
11
1.1280086614173228
21
0.493625905511811
0
LINE
8
BLACK
6
CONTINUOUS
10
1.1280086614173228
20
0.493625905511811
11
1.1279516929133857
21
0.4926768503937008
0
LINE
8
BLACK
6
CONTINUOUS
10
1.1279516929133857
20
0.4926768503937008
11
1.125139527559055
21
0.4842404330708661
0
LINE
8
BLACK
6
CONTINUOUS
10
1.125139527559055
20
0.4842404330708661
11
1.1243916141732284
21
0.4831076377952756
0
LINE
8
BLACK
6
CONTINUOUS
10
1.1243916141732284
20
0.4831076377952756
11
1.1237129133858268
21
0.4819320866141732
0
LINE
8
BLACK
6
CONTINUOUS
10
1.1237129133858268
20
0.4819320866141732
11
1.1209007874015748
21
0.4791199606299212
0
LINE
8
BLACK
6
CONTINUOUS
10
1.1209007874015748
20
0.4791199606299212
11
1.1182534251968503
21
0.4775914960629921
0
LINE
8
BLACK
6
CONTINUOUS
10
1.1182534251968503
20
0.4775914960629921
11
1.1151964960629921
21
0.4775914960629921
0
LINE
8
BLACK
6
CONTINUOUS
10
1.1151964960629921
20
0.4775914960629921
11
1.1125491338582676
21
0.4791199606299212
0
LINE
8
BLACK
6
CONTINUOUS
10
1.1125491338582676
20
0.4791199606299212
11
1.1110206692913385
21
0.4817673228346457
0
LINE
8
BLACK
6
CONTINUOUS
10
1.1110206692913385
20
0.4817673228346457
11
1.1110206692913385
21
0.4848242519685039
0
LINE
8
BLACK
6
CONTINUOUS
10
1.1110206692913385
20
0.4848242519685039
11
1.1125491338582676
21
0.4874716141732283
0
LINE
8
BLACK
6
CONTINUOUS
10
1.1125491338582676
20
0.4874716141732283
11
1.1143754724409449
21
0.4892979527559055
0
LINE
8
BLACK
6
CONTINUOUS
10
1.1143754724409449
20
0.4892979527559055
11
1.1164437401574803
21
0.495502716535433
0
LINE
8
BLACK
6
CONTINUOUS
10
1.1164437401574803
20
0.495502716535433
11
1.1164437401574803
21
0.4992102755905511
0
LINE
8
BLACK
6
CONTINUOUS
10
1.1164437401574803
20
0.4992102755905511
11
1.1143754724409449
21
0.5054150393700787
0
LINE
8
BLACK
6
CONTINUOUS
10
1.1143754724409449
20
0.5054150393700787
11
1.1104146062992126
21
0.509375905511811
0
LINE
8
BLACK
6
CONTINUOUS
10
1.1104146062992126
20
0.509375905511811
11
1.1062272047244095
21
0.5114696456692913
0
LINE
8
BLACK
6
CONTINUOUS
10
1.1062272047244095
20
0.5114696456692913
11
1.0963129921259842
21
0.513948188976378
0
LINE
8
BLACK
6
CONTINUOUS
10
1.0963129921259842
20
0.513948188976378
11
1.0893303937007874
21
0.513948188976378
0
LINE
8
BLACK
6
CONTINUOUS
10
1.0893303937007874
20
0.513948188976378
11
1.0794161417322834
21
0.5114696062992126
0
LINE
8
BLACK
6
CONTINUOUS
10
1.0794161417322834
20
0.5114696062992126
11
1.075228779527559
21
0.5093759448818898
0
LINE
8
BLACK
6
CONTINUOUS
10
1.075228779527559
20
0.5093759448818898
11
1.071267874015748
21
0.5054150393700787
0
LINE
8
BLACK
6
CONTINUOUS
10
1.071267874015748
20
0.5054150393700787
11
1.0691996456692914
21
0.4992103543307086
0
LINE
8
BLACK
6
CONTINUOUS
10
1.0691996456692914
20
0.4992103543307086
11
1.0691996456692914
21
0.4955026377952756
0
LINE
8
BLACK
6
CONTINUOUS
10
1.0691996456692914
20
0.4955026377952756
11
1.071267874015748
21
0.4892979527559055
0
LINE
8
BLACK
6
CONTINUOUS
10
1.071267874015748
20
0.4892979527559055
11
1.0730942519685038
21
0.4874716141732283
0
LINE
8
BLACK
6
CONTINUOUS
10
1.0730942519685038
20
0.4874716141732283
11
1.074622716535433
21
0.4848242519685039
0
LINE
8
BLACK
6
CONTINUOUS
10
1.074622716535433
20
0.4848242519685039
11
1.074622716535433
21
0.4817673228346457
0
LINE
8
BLACK
6
CONTINUOUS
10
1.074622716535433
20
0.4817673228346457
11
1.0730942519685038
21
0.4791199606299212
0
LINE
8
BLACK
6
CONTINUOUS
10
1.0730942519685038
20
0.4791199606299212
11
1.0704468897637796
21
0.4775914960629921
0
LINE
8
BLACK
6
CONTINUOUS
10
1.0704468897637796
20
0.4775914960629921
11
1.0673899606299213
21
0.4775914960629921
0
LINE
8
BLACK
6
CONTINUOUS
10
1.0673899606299213
20
0.4775914960629921
11
1.0647425984251968
21
0.4791199606299212
0
LINE
8
BLACK
6
CONTINUOUS
10
1.0647425984251968
20
0.4791199606299212
11
1.0619304724409449
21
0.4819320866141732
0
LINE
8
BLACK
6
CONTINUOUS
10
1.0619304724409449
20
0.4819320866141732
11
1.061251811023622
21
0.4831075196850393
0
LINE
8
BLACK
6
CONTINUOUS
10
1.061251811023622
20
0.4831075196850393
11
1.0605038188976377
21
0.4842404330708661
0
LINE
8
BLACK
6
CONTINUOUS
10
1.0605038188976377
20
0.4842404330708661
11
1.0576916929133857
21
0.4926768897637795
0
LINE
8
BLACK
6
CONTINUOUS
10
1.0576916929133857
20
0.4926768897637795
11
1.0576346850393701
21
0.493625905511811
0
LINE
8
BLACK
6
CONTINUOUS
10
1.0576346850393701
20
0.493625905511811
11
1.0573886220472442
21
0.4945443700787401
0
LINE
8
BLACK
6
CONTINUOUS
10
1.0573886220472442
20
0.4945443700787401
11
1.0573886220472442
21
0.5001686614173229
0
LINE
8
BLACK
6
CONTINUOUS
10
1.0573886220472442
20
0.5001686614173229
11
1.0576346850393701
21
0.5010870866141732
0
LINE
8
BLACK
6
CONTINUOUS
10
1.0576346850393701
20
0.5010870866141732
11
1.0576916929133857
21
0.5020361417322835
0
LINE
8
BLACK
6
CONTINUOUS
10
1.0576916929133857
20
0.5020361417322835
11
1.0605038188976377
21
0.5104725984251969
0
LINE
8
BLACK
6
CONTINUOUS
10
1.0605038188976377
20
0.5104725984251969
11
1.061251811023622
21
0.5116054724409449
0
LINE
8
BLACK
6
CONTINUOUS
10
1.061251811023622
20
0.5116054724409449
11
1.0619304724409449
21
0.5127809448818897
0
LINE
8
BLACK
6
CONTINUOUS
10
1.0619304724409449
20
0.5127809448818897
11
1.0675547637795275
21
0.5184052362204724
0
LINE
8
BLACK
6
CONTINUOUS
10
1.0675547637795275
20
0.5184052362204724
11
1.0683781889763779
21
0.5188806299212598
0
LINE
8
BLACK
6
CONTINUOUS
10
1.0683781889763779
20
0.5188806299212598
11
1.0690895669291338
21
0.5195114566929133
0
LINE
8
BLACK
6
CONTINUOUS
10
1.0690895669291338
20
0.5195114566929133
11
1.0747138188976377
21
0.522323622047244
0
LINE
8
BLACK
6
CONTINUOUS
10
1.0747138188976377
20
0.522323622047244
11
1.0753526377952756
21
0.5224543307086614
0
LINE
8
BLACK
6
CONTINUOUS
10
1.0753526377952756
20
0.5224543307086614
11
1.0759225984251968
21
0.522770748031496
0
LINE
8
BLACK
6
CONTINUOUS
10
1.0759225984251968
20
0.522770748031496
11
1.0871711811023621
21
0.525582874015748
0
LINE
8
BLACK
6
CONTINUOUS
10
1.0871711811023621
20
0.525582874015748
11
1.0878996062992126
21
0.525570590551181
0
LINE
8
BLACK
6
CONTINUOUS
10
1.0878996062992126
20
0.525570590551181
11
1.0886034645669291
21
0.5257592125984252
0
LINE
8
BLACK
6
CONTINUOUS
10
1.0886034645669291
20
0.5257592125984252
11
1.0970399212598425
21
0.5257592125984252
0
LINE
8
BLACK
6
CONTINUOUS
10
1.0970399212598425
20
0.5257592125984252
11
1.0977437401574803
21
0.525570590551181
0
LINE
8
BLACK
6
CONTINUOUS
10
0.0830762992125984
20
0.5283391338582677
11
0.0830894094488189
21
0.5283425984251968
0
LINE
8
BLACK
6
CONTINUOUS
10
0.0830894094488189
20
0.5283425984251968
11
0.0845458661417323
21
0.5279453543307087
0
LINE
8
BLACK
6
CONTINUOUS
10
0.0845458661417323
20
0.5279453543307087
11
0.086015905511811
21
0.5275514960629921
0
LINE
8
BLACK
6
CONTINUOUS
10
0.086015905511811
20
0.5275514960629921
11
0.0860255511811024
21
0.5275418110236221
0
LINE
8
BLACK
6
CONTINUOUS
10
0.0860255511811024
20
0.5275418110236221
11
0.0860386614173228
21
0.5275382677165354
0
LINE
8
BLACK
6
CONTINUOUS
10
0.0860386614173228
20
0.5275382677165354
11
0.0871035826771654
21
0.5264637795275591
0
LINE
8
BLACK
6
CONTINUOUS
10
0.0871035826771654
20
0.5264637795275591
11
0.0881774803149606
21
0.5253899212598425
0
LINE
8
BLACK
6
CONTINUOUS
10
0.0881774803149606
20
0.5253899212598425
11
0.0881809842519685
21
0.5253767322834646
0
LINE
8
BLACK
6
CONTINUOUS
10
0.0881809842519685
20
0.5253767322834646
11
0.0881905511811024
21
0.5253671259842519
0
LINE
8
BLACK
6
CONTINUOUS
10
0.0881905511811024
20
0.5253671259842519
11
0.0885750393700787
21
0.5239060236220472
0
LINE
8
BLACK
6
CONTINUOUS
10
0.0885750393700787
20
0.5239060236220472
11
0.0889686614173228
21
0.5224371653543307
0
LINE
8
BLACK
6
CONTINUOUS
10
0.0889686614173228
20
0.5224371653543307
11
0.0889651181102362
21
0.5224239763779528
0
LINE
8
BLACK
6
CONTINUOUS
10
0.0889651181102362
20
0.5224239763779528
11
0.0889685826771654
21
0.5224108661417323
0
LINE
8
BLACK
6
CONTINUOUS
10
0.0889685826771654
20
0.5224108661417323
11
0.088571062992126
21
0.5209532677165354
0
LINE
8
BLACK
6
CONTINUOUS
10
0.088571062992126
20
0.5209532677165354
11
0.0881774803149606
21
0.5194844094488189
0
LINE
8
BLACK
6
CONTINUOUS
10
0.0881774803149606
20
0.5194844094488189
11
0.0881677952755905
21
0.5194747244094489
0
LINE
8
BLACK
6
CONTINUOUS
10
0.0881677952755905
20
0.5194747244094489
11
0.0881642519685039
21
0.5194616535433071
0
LINE
8
BLACK
6
CONTINUOUS
10
0.0881642519685039
20
0.5194616535433071
11
0.0870875590551181
21
0.5183944881889764
0
LINE
8
BLACK
6
CONTINUOUS
10
0.0870875590551181
20
0.5183944881889764
11
0.086015905511811
21
0.5173228346456693
0
LINE
8
BLACK
6
CONTINUOUS
10
0.086015905511811
20
0.5173228346456693
11
0.0860027559055118
21
0.5173192913385827
0
LINE
8
BLACK
6
CONTINUOUS
10
0.0860027559055118
20
0.5173192913385827
11
0.0859931102362205
21
0.5173097244094488
0
LINE
8
BLACK
6
CONTINUOUS
10
0.0859931102362205
20
0.5173097244094488
11
0.0541196456692913
21
0.4990963385826772
0
LINE
8
BLACK
6
CONTINUOUS
10
0.0541196456692913
20
0.4990963385826772
11
0.0830631496062992
21
0.4990963385826772
0
LINE
8
BLACK
6
CONTINUOUS
10
0.0830631496062992
20
0.4990963385826772
11
0.086015905511811
21
0.498305157480315
0
LINE
8
BLACK
6
CONTINUOUS
10
0.086015905511811
20
0.498305157480315
11
0.0881774803149606
21
0.4961435826771654
0
LINE
8
BLACK
6
CONTINUOUS
10
0.0881774803149606
20
0.4961435826771654
11
0.0889686614173228
21
0.4931908267716535
0
LINE
8
BLACK
6
CONTINUOUS
10
0.0889686614173228
20
0.4931908267716535
11
0.0881774803149606
21
0.4902380708661417
0
LINE
8
BLACK
6
CONTINUOUS
10
0.0881774803149606
20
0.4902380708661417
11
0.086015905511811
21
0.4880764960629921
0
LINE
8
BLACK
6
CONTINUOUS
10
0.086015905511811
20
0.4880764960629921
11
0.0830631496062992
21
0.4872853149606299
0
LINE
8
BLACK
6
CONTINUOUS
10
0.0830631496062992
20
0.4872853149606299
11
0.0318820472440945
21
0.4872853149606299
0
LINE
8
BLACK
6
CONTINUOUS
10
0.0318820472440945
20
0.4872853149606299
11
0.031868937007874
21
0.4872888188976378
0
LINE
8
BLACK
6
CONTINUOUS
10
0.031868937007874
20
0.4872888188976378
11
0.0318557480314961
21
0.4872853543307086
0
LINE
8
BLACK
6
CONTINUOUS
10
0.0318557480314961
20
0.4872853543307086
11
0.0303899212598425
21
0.4876851181102362
0
LINE
8
BLACK
6
CONTINUOUS
10
0.0303899212598425
20
0.4876851181102362
11
0.0289292913385827
21
0.4880764960629921
0
LINE
8
BLACK
6
CONTINUOUS
10
0.0289292913385827
20
0.4880764960629921
11
0.0289196850393701
21
0.488086062992126
0
LINE
8
BLACK
6
CONTINUOUS
10
0.0289196850393701
20
0.488086062992126
11
0.0289065354330709
21
0.4880896850393701
0
LINE
8
BLACK
6
CONTINUOUS
10
0.0289065354330709
20
0.4880896850393701
11
0.0278393700787402
21
0.4891663779527559
0
LINE
8
BLACK
6
CONTINUOUS
10
0.0278393700787402
20
0.4891663779527559
11
0.0267677165354331
21
0.4902380708661417
0
LINE
8
BLACK
6
CONTINUOUS
10
0.0267677165354331
20
0.4902380708661417
11
0.0267641732283465
21
0.4902512204724409
0
LINE
8
BLACK
6
CONTINUOUS
10
0.0267641732283465
20
0.4902512204724409
11
0.0267546456692913
21
0.4902608661417323
0
LINE
8
BLACK
6
CONTINUOUS
10
0.0267546456692913
20
0.4902608661417323
11
0.0263690157480315
21
0.4917260236220473
0
LINE
8
BLACK
6
CONTINUOUS
10
0.0263690157480315
20
0.4917260236220473
11
0.0259765354330709
21
0.4931908267716535
0
LINE
8
BLACK
6
CONTINUOUS
10
0.0259765354330709
20
0.4931908267716535
11
0.0259800393700787
21
0.4932038976377953
0
LINE
8
BLACK
6
CONTINUOUS
10
0.0259800393700787
20
0.4932038976377953
11
0.0259765748031496
21
0.4932171259842519
0
LINE
8
BLACK
6
CONTINUOUS
10
0.0259765748031496
20
0.4932171259842519
11
0.0263763385826772
21
0.4946829133858268
0
LINE
8
BLACK
6
CONTINUOUS
10
0.0263763385826772
20
0.4946829133858268
11
0.0267677165354331
21
0.4961435826771654
0
LINE
8
BLACK
6
CONTINUOUS
10
0.0267677165354331
20
0.4961435826771654
11
0.0267772834645669
21
0.4961531496062992
0
LINE
8
BLACK
6
CONTINUOUS
10
0.0267772834645669
20
0.4961531496062992
11
0.026780905511811
21
0.4961663385826772
0
LINE
8
BLACK
6
CONTINUOUS
10
0.026780905511811
20
0.4961663385826772
11
0.0278575984251969
21
0.4972334645669291
0
LINE
8
BLACK
6
CONTINUOUS
10
0.0278575984251969
20
0.4972334645669291
11
0.0289292913385827
21
0.498305157480315
0
LINE
8
BLACK
6
CONTINUOUS
10
0.0289292913385827
20
0.498305157480315
11
0.0289424409448819
21
0.4983086614173228
0
LINE
8
BLACK
6
CONTINUOUS
10
0.0289424409448819
20
0.4983086614173228
11
0.0289520866141732
21
0.4983182283464567
0
LINE
8
BLACK
6
CONTINUOUS
10
0.0289520866141732
20
0.4983182283464567
11
0.0608255905511811
21
0.5165316535433071
0
LINE
8
BLACK
6
CONTINUOUS
10
0.0608255905511811
20
0.5165316535433071
11
0.0318820472440945
21
0.5165316535433071
0
LINE
8
BLACK
6
CONTINUOUS
10
0.0318820472440945
20
0.5165316535433071
11
0.0289292913385827
21
0.5173228346456693
0
LINE
8
BLACK
6
CONTINUOUS
10
0.0289292913385827
20
0.5173228346456693
11
0.0267677165354331
21
0.5194844094488189
0
LINE
8
BLACK
6
CONTINUOUS
10
0.0267677165354331
20
0.5194844094488189
11
0.0259765354330709
21
0.5224371653543307
0
LINE
8
BLACK
6
CONTINUOUS
10
0.0259765354330709
20
0.5224371653543307
11
0.0267677165354331
21
0.5253899212598425
0
LINE
8
BLACK
6
CONTINUOUS
10
0.0267677165354331
20
0.5253899212598425
11
0.0289292913385827
21
0.5275514960629921
0
LINE
8
BLACK
6
CONTINUOUS
10
0.0289292913385827
20
0.5275514960629921
11
0.0318820472440945
21
0.5283426771653543
0
LINE
8
BLACK
6
CONTINUOUS
10
0.0318820472440945
20
0.5283426771653543
11
0.0830631496062992
21
0.5283426771653543
0
LINE
8
BLACK
6
CONTINUOUS
10
0.0830631496062992
20
0.5283426771653543
11
0.0830762992125984
21
0.5283391338582677
0
LINE
8
BLACK
6
CONTINUOUS
10
1.0053020078740158
20
0.5404349212598425
11
1.0074635826771654
21
0.5382733464566929
0
LINE
8
BLACK
6
CONTINUOUS
10
1.0074635826771654
20
0.5382733464566929
11
1.0082547637795276
21
0.5353205905511811
0
LINE
8
BLACK
6
CONTINUOUS
10
1.0082547637795276
20
0.5353205905511811
11
1.0082547637795276
21
0.4959505118110236
0
LINE
8
BLACK
6
CONTINUOUS
10
1.0082547637795276
20
0.4959505118110236
11
1.007946811023622
21
0.4948013385826772
0
LINE
8
BLACK
6
CONTINUOUS
10
1.007946811023622
20
0.4948013385826772
11
1.0077772440944881
21
0.4936242125984252
0
LINE
8
BLACK
6
CONTINUOUS
10
1.0077772440944881
20
0.4936242125984252
11
1.0075561417322834
21
0.4933432283464567
0
LINE
8
BLACK
6
CONTINUOUS
10
1.0075561417322834
20
0.4933432283464567
11
1.0074635826771654
21
0.4929977559055118
0
LINE
8
BLACK
6
CONTINUOUS
10
1.0074635826771654
20
0.4929977559055118
11
1.0066222834645668
21
0.4921564566929134
0
LINE
8
BLACK
6
CONTINUOUS
10
1.0066222834645668
20
0.4921564566929134
11
1.0058868897637796
21
0.4912218897637795
0
LINE
8
BLACK
6
CONTINUOUS
10
1.0058868897637796
20
0.4912218897637795
11
1.0055549212598425
21
0.4910890944881889
0
LINE
8
BLACK
6
CONTINUOUS
10
1.0055549212598425
20
0.4910890944881889
11
1.0053020078740158
21
0.4908361811023622
0
LINE
8
BLACK
6
CONTINUOUS
10
1.0053020078740158
20
0.4908361811023622
11
1.0041528346456692
21
0.4905282283464567
0
LINE
8
BLACK
6
CONTINUOUS
10
1.0041528346456692
20
0.4905282283464567
11
1.0030486220472441
21
0.4900865748031496
0
LINE
8
BLACK
6
CONTINUOUS
10
1.0030486220472441
20
0.4900865748031496
11
1.0026946850393701
21
0.4901375590551181
0
LINE
8
BLACK
6
CONTINUOUS
10
1.0026946850393701
20
0.4901375590551181
11
1.002349251968504
21
0.490045
0
LINE
8
BLACK
6
CONTINUOUS
10
1.002349251968504
20
0.490045
11
1.0012002362204724
21
0.4903528346456693
0
LINE
8
BLACK
6
CONTINUOUS
10
1.0012002362204724
20
0.4903528346456693
11
1.0000229527559055
21
0.4905224803149606
0
LINE
8
BLACK
6
CONTINUOUS
10
1.0000229527559055
20
0.4905224803149606
11
0.9409678346456692
21
0.5158318110236221
0
LINE
8
BLACK
6
CONTINUOUS
10
0.9409678346456692
20
0.5158318110236221
11
0.9385654724409449
21
0.5177221653543307
0
LINE
8
BLACK
6
CONTINUOUS
10
0.9385654724409449
20
0.5177221653543307
11
0.9374301574803149
21
0.5205604724409448
0
LINE
8
BLACK
6
CONTINUOUS
10
0.9374301574803149
20
0.5205604724409448
11
0.9378661023622047
21
0.5235861417322835
0
LINE
8
BLACK
6
CONTINUOUS
10
0.9378661023622047
20
0.5235861417322835
11
0.9397564566929134
21
0.5259885039370079
0
LINE
8
BLACK
6
CONTINUOUS
10
0.9397564566929134
20
0.5259885039370079
11
0.9425947637795276
21
0.5271238188976378
0
LINE
8
BLACK
6
CONTINUOUS
10
0.9425947637795276
20
0.5271238188976378
11
0.9456204330708661
21
0.526687874015748
0
LINE
8
BLACK
6
CONTINUOUS
10
0.9456204330708661
20
0.526687874015748
11
0.9964437401574803
21
0.5049064566929133
0
LINE
8
BLACK
6
CONTINUOUS
10
0.9964437401574803
20
0.5049064566929133
11
0.9964437401574803
21
0.5353205905511811
0
LINE
8
BLACK
6
CONTINUOUS
10
0.9964437401574803
20
0.5353205905511811
11
0.9972349212598425
21
0.5382733464566929
0
LINE
8
BLACK
6
CONTINUOUS
10
0.9972349212598425
20
0.5382733464566929
11
0.9993964960629921
21
0.5404349212598425
0
LINE
8
BLACK
6
CONTINUOUS
10
0.9993964960629921
20
0.5404349212598425
11
1.002349251968504
21
0.5412261023622047
0
LINE
8
BLACK
6
CONTINUOUS
10
1.002349251968504
20
0.5412261023622047
11
1.0053020078740158
21
0.5404349212598425
0
LINE
8
BLACK
6
CONTINUOUS
10
1.2553020078740158
20
0.5682413779527559
11
1.2574635826771654
21
0.5660798031496063
0
LINE
8
BLACK
6
CONTINUOUS
10
1.2574635826771654
20
0.5660798031496063
11
1.2582547637795276
21
0.5631270472440945
0
LINE
8
BLACK
6
CONTINUOUS
10
1.2582547637795276
20
0.5631270472440945
11
1.2582547637795276
21
0.5293812992125985
0
LINE
8
BLACK
6
CONTINUOUS
10
1.2582547637795276
20
0.5293812992125985
11
1.2574635826771654
21
0.5264285433070865
0
LINE
8
BLACK
6
CONTINUOUS
10
1.2574635826771654
20
0.5264285433070865
11
1.2553020078740158
21
0.5242669685039369
0
LINE
8
BLACK
6
CONTINUOUS
10
1.2553020078740158
20
0.5242669685039369
11
1.252349251968504
21
0.5234757874015747
0
LINE
8
BLACK
6
CONTINUOUS
10
1.252349251968504
20
0.5234757874015747
11
1.2493964960629922
21
0.5242669685039369
0
LINE
8
BLACK
6
CONTINUOUS
10
1.2493964960629922
20
0.5242669685039369
11
1.2472349212598426
21
0.5264285433070865
0
LINE
8
BLACK
6
CONTINUOUS
10
1.2472349212598426
20
0.5264285433070865
11
1.2464437401574804
21
0.5293812992125985
0
LINE
8
BLACK
6
CONTINUOUS
10
1.2464437401574804
20
0.5293812992125985
11
1.2464437401574804
21
0.5403486614173229
0
LINE
8
BLACK
6
CONTINUOUS
10
1.2464437401574804
20
0.5403486614173229
11
1.1932941338582677
21
0.5403486614173229
0
LINE
8
BLACK
6
CONTINUOUS
10
1.1932941338582677
20
0.5403486614173229
11
1.1903413779527559
21
0.5411398425196851
0
LINE
8
BLACK
6
CONTINUOUS
10
1.1903413779527559
20
0.5411398425196851
11
1.1881798031496063
21
0.5433014173228347
0
LINE
8
BLACK
6
CONTINUOUS
10
1.1881798031496063
20
0.5433014173228347
11
1.187388622047244
21
0.5462541732283465
0
LINE
8
BLACK
6
CONTINUOUS
10
1.187388622047244
20
0.5462541732283465
11
1.1881798031496063
21
0.5492069291338583
0
LINE
8
BLACK
6
CONTINUOUS
10
1.1881798031496063
20
0.5492069291338583
11
1.1903413779527559
21
0.5513685039370079
0
LINE
8
BLACK
6
CONTINUOUS
10
1.1903413779527559
20
0.5513685039370079
11
1.1932941338582677
21
0.5521596850393701
0
LINE
8
BLACK
6
CONTINUOUS
10
1.1932941338582677
20
0.5521596850393701
11
1.2464437401574804
21
0.5521596850393701
0
LINE
8
BLACK
6
CONTINUOUS
10
1.2464437401574804
20
0.5521596850393701
11
1.2464437401574804
21
0.5631270472440945
0
LINE
8
BLACK
6
CONTINUOUS
10
1.2464437401574804
20
0.5631270472440945
11
1.2472349212598426
21
0.5660798031496063
0
LINE
8
BLACK
6
CONTINUOUS
10
1.2472349212598426
20
0.5660798031496063
11
1.2493964960629922
21
0.5682413779527559
0
LINE
8
BLACK
6
CONTINUOUS
10
1.2493964960629922
20
0.5682413779527559
11
1.252349251968504
21
0.5690325590551181
0
LINE
8
BLACK
6
CONTINUOUS
10
1.252349251968504
20
0.5690325590551181
11
1.2553020078740158
21
0.5682413779527559
0
LINE
8
BLACK
6
CONTINUOUS
10
0.8762674015748031
20
0.5731586614173229
11
0.8779517322834646
21
0.5706075984251968
0
LINE
8
BLACK
6
CONTINUOUS
10
0.8779517322834646
20
0.5706075984251968
11
0.8781348818897637
21
0.5675561811023622
0
LINE
8
BLACK
6
CONTINUOUS
10
0.8781348818897637
20
0.5675561811023622
11
0.8767677952755906
21
0.564821968503937
0
LINE
8
BLACK
6
CONTINUOUS
10
0.8767677952755906
20
0.564821968503937
11
0.8742167322834645
21
0.5631376771653543
0
LINE
8
BLACK
6
CONTINUOUS
10
0.8742167322834645
20
0.5631376771653543
11
0.831968937007874
21
0.5490550787401575
0
LINE
8
BLACK
6
CONTINUOUS
10
0.831968937007874
20
0.5490550787401575
11
0.8742167322834645
21
0.5349724803149606
0
LINE
8
BLACK
6
CONTINUOUS
10
0.8742167322834645
20
0.5349724803149606
11
0.8767677952755906
21
0.533288188976378
0
LINE
8
BLACK
6
CONTINUOUS
10
0.8767677952755906
20
0.533288188976378
11
0.8781348818897637
21
0.5305539763779528
0
LINE
8
BLACK
6
CONTINUOUS
10
0.8781348818897637
20
0.5305539763779528
11
0.8779517322834646
21
0.5275025590551181
0
LINE
8
BLACK
6
CONTINUOUS
10
0.8779517322834646
20
0.5275025590551181
11
0.8762674015748031
21
0.5249514960629921
0
LINE
8
BLACK
6
CONTINUOUS
10
0.8762674015748031
20
0.5249514960629921
11
0.8735331889763779
21
0.5235844094488189
0
LINE
8
BLACK
6
CONTINUOUS
10
0.8735331889763779
20
0.5235844094488189
11
0.8704817716535432
21
0.5237675590551181
0
LINE
8
BLACK
6
CONTINUOUS
10
0.8704817716535432
20
0.5237675590551181
11
0.8114266535433071
21
0.5434526377952755
0
LINE
8
BLACK
6
CONTINUOUS
10
0.8114266535433071
20
0.5434526377952755
11
0.8104369291338582
21
0.5441060629921259
0
LINE
8
BLACK
6
CONTINUOUS
10
0.8104369291338582
20
0.5441060629921259
11
0.8093759842519684
21
0.5446365748031496
0
LINE
8
BLACK
6
CONTINUOUS
10
0.8093759842519684
20
0.5446365748031496
11
0.8091769685039369
21
0.5449379133858268
0
LINE
8
BLACK
6
CONTINUOUS
10
0.8091769685039369
20
0.5449379133858268
11
0.8088756299212598
21
0.5451369291338583
0
LINE
8
BLACK
6
CONTINUOUS
10
0.8088756299212598
20
0.5451369291338583
11
0.8083451181102362
21
0.546197874015748
0
LINE
8
BLACK
6
CONTINUOUS
10
0.8083451181102362
20
0.546197874015748
11
0.8076916929133858
21
0.5471875984251968
0
LINE
8
BLACK
6
CONTINUOUS
10
0.8076916929133858
20
0.5471875984251968
11
0.8076700393700788
21
0.547548031496063
0
LINE
8
BLACK
6
CONTINUOUS
10
0.8076700393700788
20
0.547548031496063
11
0.8075085039370079
21
0.5478711417322835
0
LINE
8
BLACK
6
CONTINUOUS
10
0.8075085039370079
20
0.5478711417322835
11
0.8075795669291338
21
0.5490550787401575
0
LINE
8
BLACK
6
CONTINUOUS
10
0.8075795669291338
20
0.5490550787401575
11
0.8075085039370079
21
0.5502390157480315
0
LINE
8
BLACK
6
CONTINUOUS
10
0.8075085039370079
20
0.5502390157480315
11
0.8076700393700788
21
0.5505620866141732
0
LINE
8
BLACK
6
CONTINUOUS
10
0.8076700393700788
20
0.5505620866141732
11
0.8076916929133858
21
0.5509225590551181
0
LINE
8
BLACK
6
CONTINUOUS
10
0.8076916929133858
20
0.5509225590551181
11
0.8083451181102362
21
0.5519122440944881
0
LINE
8
BLACK
6
CONTINUOUS
10
0.8083451181102362
20
0.5519122440944881
11
0.8088756299212598
21
0.5529732283464567
0
LINE
8
BLACK
6
CONTINUOUS
10
0.8088756299212598
20
0.5529732283464567
11
0.8091769685039369
21
0.5531722047244094
0
LINE
8
BLACK
6
CONTINUOUS
10
0.8091769685039369
20
0.5531722047244094
11
0.8093759842519684
21
0.5534735826771653
0
LINE
8
BLACK
6
CONTINUOUS
10
0.8093759842519684
20
0.5534735826771653
11
0.8104369291338582
21
0.5540040551181102
0
LINE
8
BLACK
6
CONTINUOUS
10
0.8104369291338582
20
0.5540040551181102
11
0.8114266535433071
21
0.5546575196850394
0
LINE
8
BLACK
6
CONTINUOUS
10
0.8114266535433071
20
0.5546575196850394
11
0.8704817716535432
21
0.5743425984251969
0
LINE
8
BLACK
6
CONTINUOUS
10
0.8704817716535432
20
0.5743425984251969
11
0.8735331889763779
21
0.574525748031496
0
LINE
8
BLACK
6
CONTINUOUS
10
0.8735331889763779
20
0.574525748031496
11
0.8762674015748031
21
0.5731586614173229
0
LINE
8
BLACK
6
CONTINUOUS
10
1.0691632677165355
20
0.552796968503937
11
1.0702821259842519
21
0.5521510236220473
0
LINE
8
BLACK
6
CONTINUOUS
10
1.0702821259842519
20
0.5521510236220473
11
1.0730942519685038
21
0.5493388976377953
0
LINE
8
BLACK
6
CONTINUOUS
10
1.0730942519685038
20
0.5493388976377953
11
1.0734829527559056
21
0.5486655905511811
0
LINE
8
BLACK
6
CONTINUOUS
10
1.0734829527559056
20
0.5486655905511811
11
1.0740327559055118
21
0.5481158267716535
0
LINE
8
BLACK
6
CONTINUOUS
10
1.0740327559055118
20
0.5481158267716535
11
1.074233937007874
21
0.5473648818897637
0
LINE
8
BLACK
6
CONTINUOUS
10
1.074233937007874
20
0.5473648818897637
11
1.074622716535433
21
0.5466915748031496
0
LINE
8
BLACK
6
CONTINUOUS
10
1.074622716535433
20
0.5466915748031496
11
1.074622716535433
21
0.5466915354330708
0
LINE
8
BLACK
6
CONTINUOUS
10
1.074622716535433
20
0.5466915354330708
11
1.074622716535433
21
0.5459140157480314
0
LINE
8
BLACK
6
CONTINUOUS
10
1.074622716535433
20
0.5459140157480314
11
1.074823937007874
21
0.5451630708661417
0
LINE
8
BLACK
6
CONTINUOUS
10
1.074823937007874
20
0.5451630708661417
11
1.074622716535433
21
0.5444120866141732
0
LINE
8
BLACK
6
CONTINUOUS
10
1.074622716535433
20
0.5444120866141732
11
1.074622716535433
21
0.5436346062992126
0
LINE
8
BLACK
6
CONTINUOUS
10
1.074622716535433
20
0.5436346062992126
11
1.0742339763779527
21
0.5429612598425196
0
LINE
8
BLACK
6
CONTINUOUS
10
1.0742339763779527
20
0.5429612598425196
11
1.0740327559055118
21
0.5422103149606299
0
LINE
8
BLACK
6
CONTINUOUS
10
1.0740327559055118
20
0.5422103149606299
11
1.0734829921259843
21
0.5416605511811023
0
LINE
8
BLACK
6
CONTINUOUS
10
1.0734829921259843
20
0.5416605511811023
11
1.0730942913385826
21
0.5409872834645669
0
LINE
8
BLACK
6
CONTINUOUS
10
1.0730942913385826
20
0.5409872834645669
11
1.0702821653543306
21
0.5381751181102362
0
LINE
8
BLACK
6
CONTINUOUS
10
1.0702821653543306
20
0.5381751181102362
11
1.0702821259842519
21
0.5381750787401575
0
LINE
8
BLACK
6
CONTINUOUS
10
1.0702821259842519
20
0.5381750787401575
11
1.0702820472440944
21
0.5381750393700787
0
LINE
8
BLACK
6
CONTINUOUS
10
1.0702820472440944
20
0.5381750393700787
11
1.0676348031496063
21
0.5366466141732283
0
LINE
8
BLACK
6
CONTINUOUS
10
1.0676348031496063
20
0.5366466141732283
11
1.0645778740157481
21
0.5366466141732283
0
LINE
8
BLACK
6
CONTINUOUS
10
1.0645778740157481
20
0.5366466141732283
11
1.0645778346456694
21
0.5366466141732283
0
LINE
8
BLACK
6
CONTINUOUS
10
1.0645778346456694
20
0.5366466141732283
11
1.063049409448819
21
0.5375290551181102
0
LINE
8
BLACK
6
CONTINUOUS
10
1.063049409448819
20
0.5375290551181102
11
1.0619305118110236
21
0.5381750393700787
0
LINE
8
BLACK
6
CONTINUOUS
10
1.0619305118110236
20
0.5381750393700787
11
1.0619304724409449
21
0.5381750787401575
0
LINE
8
BLACK
6
CONTINUOUS
10
1.0619304724409449
20
0.5381750787401575
11
1.0591183070866141
21
0.5409872440944882
0
LINE
8
BLACK
6
CONTINUOUS
10
1.0591183070866141
20
0.5409872440944882
11
1.0587295669291339
21
0.5416605118110236
0
LINE
8
BLACK
6
CONTINUOUS
10
1.0587295669291339
20
0.5416605118110236
11
1.0581798031496064
21
0.5422103149606299
0
LINE
8
BLACK
6
CONTINUOUS
10
1.0581798031496064
20
0.5422103149606299
11
1.0579785433070865
21
0.5429612598425196
0
LINE
8
BLACK
6
CONTINUOUS
10
1.0579785433070865
20
0.5429612598425196
11
1.057589842519685
21
0.5436346062992126
0
LINE
8
BLACK
6
CONTINUOUS
10
1.057589842519685
20
0.5436346062992126
11
1.057589842519685
21
0.5444120866141732
0
LINE
8
BLACK
6
CONTINUOUS
10
1.057589842519685
20
0.5444120866141732
11
1.0573886220472442
21
0.5451630708661417
0
LINE
8
BLACK
6
CONTINUOUS
10
1.0573886220472442
20
0.5451630708661417
11
1.057589842519685
21
0.5459140157480314
0
LINE
8
BLACK
6
CONTINUOUS
10
1.057589842519685
20
0.5459140157480314
11
1.057589842519685
21
0.5466915354330708
0
LINE
8
BLACK
6
CONTINUOUS
10
1.057589842519685
20
0.5466915354330708
11
1.057589842519685
21
0.5466915748031496
0
LINE
8
BLACK
6
CONTINUOUS
10
1.057589842519685
20
0.5466915748031496
11
1.0579785826771653
21
0.5473648818897637
0
LINE
8
BLACK
6
CONTINUOUS
10
1.0579785826771653
20
0.5473648818897637
11
1.0581798031496064
21
0.5481158267716535
0
LINE
8
BLACK
6
CONTINUOUS
10
1.0581798031496064
20
0.5481158267716535
11
1.0587295669291339
21
0.5486655905511811
0
LINE
8
BLACK
6
CONTINUOUS
10
1.0587295669291339
20
0.5486655905511811
11
1.0591183070866141
21
0.5493388976377953
0
LINE
8
BLACK
6
CONTINUOUS
10
1.0591183070866141
20
0.5493388976377953
11
1.0591183464566929
21
0.549338937007874
0
LINE
8
BLACK
6
CONTINUOUS
10
1.0591183464566929
20
0.549338937007874
11
1.0619305118110236
21
0.552151062992126
0
LINE
8
BLACK
6
CONTINUOUS
10
1.0619305118110236
20
0.552151062992126
11
1.063049409448819
21
0.5527970078740158
0
LINE
8
BLACK
6
CONTINUOUS
10
1.063049409448819
20
0.5527970078740158
11
1.0645778346456694
21
0.5536794881889764
0
LINE
8
BLACK
6
CONTINUOUS
10
1.0645778346456694
20
0.5536794881889764
11
1.0676347637795276
21
0.5536794881889764
0
LINE
8
BLACK
6
CONTINUOUS
10
1.0676347637795276
20
0.5536794881889764
11
1.0676348031496063
21
0.5536794881889764
0
LINE
8
BLACK
6
CONTINUOUS
10
1.0676348031496063
20
0.5536794881889764
11
1.0691632677165355
21
0.552796968503937
0
LINE
8
BLACK
6
CONTINUOUS
10
0.086015905511811
20
0.5787326377952756
11
0.0881774803149606
21
0.576571062992126
0
LINE
8
BLACK
6
CONTINUOUS
10
0.0881774803149606
20
0.576571062992126
11
0.0889686614173228
21
0.5736183070866142
0
LINE
8
BLACK
6
CONTINUOUS
10
0.0889686614173228
20
0.5736183070866142
11
0.0889686614173228
21
0.544371968503937
0
LINE
8
BLACK
6
CONTINUOUS
10
0.0889686614173228
20
0.544371968503937
11
0.0881774803149606
21
0.5414192125984252
0
LINE
8
BLACK
6
CONTINUOUS
10
0.0881774803149606
20
0.5414192125984252
11
0.086015905511811
21
0.5392576377952756
0
LINE
8
BLACK
6
CONTINUOUS
10
0.086015905511811
20
0.5392576377952756
11
0.0830631496062992
21
0.5384664566929134
0
LINE
8
BLACK
6
CONTINUOUS
10
0.0830631496062992
20
0.5384664566929134
11
0.0801103937007874
21
0.5392576377952756
0
LINE
8
BLACK
6
CONTINUOUS
10
0.0801103937007874
20
0.5392576377952756
11
0.0779488188976378
21
0.5414192125984252
0
LINE
8
BLACK
6
CONTINUOUS
10
0.0779488188976378
20
0.5414192125984252
11
0.0771576377952756
21
0.544371968503937
0
LINE
8
BLACK
6
CONTINUOUS
10
0.0771576377952756
20
0.544371968503937
11
0.0771576377952756
21
0.5530896062992126
0
LINE
8
BLACK
6
CONTINUOUS
10
0.0771576377952756
20
0.5530896062992126
11
0.0484358661417323
21
0.5530896062992126
0
LINE
8
BLACK
6
CONTINUOUS
10
0.0484358661417323
20
0.5530896062992126
11
0.0487192519685039
21
0.5525987401574803
0
LINE
8
BLACK
6
CONTINUOUS
10
0.0487192519685039
20
0.5525987401574803
11
0.0493500787401575
21
0.5518873622047245
0
LINE
8
BLACK
6
CONTINUOUS
10
0.0493500787401575
20
0.5518873622047245
11
0.0517872834645669
21
0.5470129921259842
0
LINE
8
BLACK
6
CONTINUOUS
10
0.0517872834645669
20
0.5470129921259842
11
0.052400157480315
21
0.5440181496062992
0
LINE
8
BLACK
6
CONTINUOUS
10
0.052400157480315
20
0.5440181496062992
11
0.0514334645669291
21
0.5411181102362205
0
LINE
8
BLACK
6
CONTINUOUS
10
0.0514334645669291
20
0.5411181102362205
11
0.0491462992125984
21
0.5390899212598425
0
LINE
8
BLACK
6
CONTINUOUS
10
0.0491462992125984
20
0.5390899212598425
11
0.0461514173228346
21
0.5384770472440945
0
LINE
8
BLACK
6
CONTINUOUS
10
0.0461514173228346
20
0.5384770472440945
11
0.0432513779527559
21
0.5394437401574803
0
LINE
8
BLACK
6
CONTINUOUS
10
0.0432513779527559
20
0.5394437401574803
11
0.041223188976378
21
0.541730905511811
0
LINE
8
BLACK
6
CONTINUOUS
10
0.041223188976378
20
0.541730905511811
11
0.0392145275590551
21
0.5457481496062992
0
LINE
8
BLACK
6
CONTINUOUS
10
0.0392145275590551
20
0.5457481496062992
11
0.0354313385826772
21
0.5495313385826771
0
LINE
8
BLACK
6
CONTINUOUS
10
0.0354313385826772
20
0.5495313385826771
11
0.0286062598425197
21
0.5540814173228347
0
LINE
8
BLACK
6
CONTINUOUS
10
0.0286062598425197
20
0.5540814173228347
11
0.0277184645669291
21
0.5550915748031496
0
LINE
8
BLACK
6
CONTINUOUS
10
0.0277184645669291
20
0.5550915748031496
11
0.0267677165354331
21
0.5560423622047244
0
LINE
8
BLACK
6
CONTINUOUS
10
0.0267677165354331
20
0.5560423622047244
11
0.0267171653543307
21
0.5562309448818897
0
LINE
8
BLACK
6
CONTINUOUS
10
0.0267171653543307
20
0.5562309448818897
11
0.0265883070866142
21
0.5563775984251969
0
LINE
8
BLACK
6
CONTINUOUS
10
0.0265883070866142
20
0.5563775984251969
11
0.0263245669291339
21
0.5576961417322834
0
LINE
8
BLACK
6
CONTINUOUS
10
0.0263245669291339
20
0.5576961417322834
11
0.0259765354330709
21
0.5589951181102362
0
LINE
8
BLACK
6
CONTINUOUS
10
0.0259765354330709
20
0.5589951181102362
11
0.0260270472440945
21
0.5591837007874015
0
LINE
8
BLACK
6
CONTINUOUS
10
0.0260270472440945
20
0.5591837007874015
11
0.0259887795275591
21
0.559375157480315
0
LINE
8
BLACK
6
CONTINUOUS
10
0.0259887795275591
20
0.559375157480315
11
0.0264196456692913
21
0.5606488976377952
0
LINE
8
BLACK
6
CONTINUOUS
10
0.0264196456692913
20
0.5606488976377952
11
0.0267677165354331
21
0.561947874015748
0
LINE
8
BLACK
6
CONTINUOUS
10
0.0267677165354331
20
0.561947874015748
11
0.0269057480314961
21
0.562085905511811
0
LINE
8
BLACK
6
CONTINUOUS
10
0.0269057480314961
20
0.562085905511811
11
0.0269683464566929
21
0.562270905511811
0
LINE
8
BLACK
6
CONTINUOUS
10
0.0269683464566929
20
0.562270905511811
11
0.0279785039370079
21
0.5631586614173228
0
LINE
8
BLACK
6
CONTINUOUS
10
0.0279785039370079
20
0.5631586614173228
11
0.0289292913385827
21
0.5641094488188976
0
LINE
8
BLACK
6
CONTINUOUS
10
0.0289292913385827
20
0.5641094488188976
11
0.029117874015748
21
0.5641599606299212
0
LINE
8
BLACK
6
CONTINUOUS
10
0.029117874015748
20
0.5641599606299212
11
0.0292645275590551
21
0.5642888582677166
0
LINE
8
BLACK
6
CONTINUOUS
10
0.0292645275590551
20
0.5642888582677166
11
0.0305830708661417
21
0.5645525590551181
0
LINE
8
BLACK
6
CONTINUOUS
10
0.0305830708661417
20
0.5645525590551181
11
0.0318820472440945
21
0.5649006299212598
0
LINE
8
BLACK
6
CONTINUOUS
10
0.0318820472440945
20
0.5649006299212598
11
0.0771576377952756
21
0.5649006299212598
0
LINE
8
BLACK
6
CONTINUOUS
10
0.0771576377952756
20
0.5649006299212598
11
0.0771576377952756
21
0.5736183070866142
0
LINE
8
BLACK
6
CONTINUOUS
10
0.0771576377952756
20
0.5736183070866142
11
0.0779488188976378
21
0.576571062992126
0
LINE
8
BLACK
6
CONTINUOUS
10
0.0779488188976378
20
0.576571062992126
11
0.0801103937007874
21
0.5787326377952756
0
LINE
8
BLACK
6
CONTINUOUS
10
0.0801103937007874
20
0.5787326377952756
11
0.0830631496062992
21
0.5795238188976378
0
LINE
8
BLACK
6
CONTINUOUS
10
0.0830631496062992
20
0.5795238188976378
11
0.086015905511811
21
0.5787326377952756
0
LINE
8
BLACK
6
CONTINUOUS
10
0.9462468897637795
20
0.5938657086614173
11
0.9484084645669291
21
0.5917041338582677
0
LINE
8
BLACK
6
CONTINUOUS
10
0.9484084645669291
20
0.5917041338582677
11
0.9491996456692913
21
0.5887513779527559
0
LINE
8
BLACK
6
CONTINUOUS
10
0.9491996456692913
20
0.5887513779527559
11
0.9491996456692913
21
0.5777840157480315
0
LINE
8
BLACK
6
CONTINUOUS
10
0.9491996456692913
20
0.5777840157480315
11
0.9852799212598425
21
0.5777840157480315
0
LINE
8
BLACK
6
CONTINUOUS
10
0.9852799212598425
20
0.5777840157480315
11
0.9841126771653543
21
0.5789512598425197
0
LINE
8
BLACK
6
CONTINUOUS
10
0.9841126771653543
20
0.5789512598425197
11
0.9836372834645669
21
0.5797746456692914
0
LINE
8
BLACK
6
CONTINUOUS
10
0.9836372834645669
20
0.5797746456692914
11
0.9830064566929133
21
0.580486062992126
0
LINE
8
BLACK
6
CONTINUOUS
10
0.9830064566929133
20
0.580486062992126
11
0.9801943307086614
21
0.5861103543307087
0
LINE
8
BLACK
6
CONTINUOUS
10
0.9801943307086614
20
0.5861103543307087
11
0.9795814566929134
21
0.5891052362204724
0
LINE
8
BLACK
6
CONTINUOUS
10
0.9795814566929134
20
0.5891052362204724
11
0.9805481496062992
21
0.5920052755905512
0
LINE
8
BLACK
6
CONTINUOUS
10
0.9805481496062992
20
0.5920052755905512
11
0.9828353543307087
21
0.5940334251968504
0
LINE
8
BLACK
6
CONTINUOUS
10
0.9828353543307087
20
0.5940334251968504
11
0.9858302362204724
21
0.5946462992125984
0
LINE
8
BLACK
6
CONTINUOUS
10
0.9858302362204724
20
0.5946462992125984
11
0.9887302755905512
21
0.5936796062992126
0
LINE
8
BLACK
6
CONTINUOUS
10
0.9887302755905512
20
0.5936796062992126
11
0.9907584251968504
21
0.5913924015748031
0
LINE
8
BLACK
6
CONTINUOUS
10
0.9907584251968504
20
0.5913924015748031
11
0.9931419291338582
21
0.5866252755905512
0
LINE
8
BLACK
6
CONTINUOUS
10
0.9931419291338582
20
0.5866252755905512
11
0.9976750787401575
21
0.582092125984252
0
LINE
8
BLACK
6
CONTINUOUS
10
0.9976750787401575
20
0.582092125984252
11
1.0056250393700787
21
0.5767921653543306
0
LINE
8
BLACK
6
CONTINUOUS
10
1.0056250393700787
20
0.5767921653543306
11
1.0065126377952756
21
0.5757821653543307
0
LINE
8
BLACK
6
CONTINUOUS
10
1.0065126377952756
20
0.5757821653543307
11
1.0074635826771654
21
0.5748312598425197
0
LINE
8
BLACK
6
CONTINUOUS
10
1.0074635826771654
20
0.5748312598425197
11
1.0075140944881888
21
0.5746426377952756
0
LINE
8
BLACK
6
CONTINUOUS
10
1.0075140944881888
20
0.5746426377952756
11
1.0076430314960629
21
0.5744959842519685
0
LINE
8
BLACK
6
CONTINUOUS
10
1.0076430314960629
20
0.5744959842519685
11
1.007906811023622
21
0.5731770078740157
0
LINE
8
BLACK
6
CONTINUOUS
10
1.007906811023622
20
0.5731770078740157
11
1.0082547637795276
21
0.5718785039370079
0
LINE
8
BLACK
6
CONTINUOUS
10
1.0082547637795276
20
0.5718785039370079
11
1.0082042125984252
21
0.5716899606299213
0
LINE
8
BLACK
6
CONTINUOUS
10
1.0082042125984252
20
0.5716899606299213
11
1.0082425590551181
21
0.5714984251968503
0
LINE
8
BLACK
6
CONTINUOUS
10
1.0082425590551181
20
0.5714984251968503
11
1.007811496062992
21
0.5702242519685039
0
LINE
8
BLACK
6
CONTINUOUS
10
1.007811496062992
20
0.5702242519685039
11
1.0074635826771654
21
0.5689257480314961
0
LINE
8
BLACK
6
CONTINUOUS
10
1.0074635826771654
20
0.5689257480314961
11
1.0073255118110236
21
0.5687876771653543
0
LINE
8
BLACK
6
CONTINUOUS
10
1.0073255118110236
20
0.5687876771653543
11
1.0072629527559054
21
0.568602716535433
0
LINE
8
BLACK
6
CONTINUOUS
10
1.0072629527559054
20
0.568602716535433
11
1.0062526377952756
21
0.5677148031496063
0
LINE
8
BLACK
6
CONTINUOUS
10
1.0062526377952756
20
0.5677148031496063
11
1.0053020078740158
21
0.5667641732283465
0
LINE
8
BLACK
6
CONTINUOUS
10
1.0053020078740158
20
0.5667641732283465
11
1.0051134645669291
21
0.5667136220472441
0
LINE
8
BLACK
6
CONTINUOUS
10
1.0051134645669291
20
0.5667136220472441
11
1.0049667716535433
21
0.5665847244094488
0
LINE
8
BLACK
6
CONTINUOUS
10
1.0049667716535433
20
0.5665847244094488
11
1.003647874015748
21
0.5663209448818898
0
LINE
8
BLACK
6
CONTINUOUS
10
1.003647874015748
20
0.5663209448818898
11
1.002349251968504
21
0.5659729921259843
0
LINE
8
BLACK
6
CONTINUOUS
10
1.002349251968504
20
0.5659729921259843
11
0.9491996456692913
21
0.5659729921259843
0
LINE
8
BLACK
6
CONTINUOUS
10
0.9491996456692913
20
0.5659729921259843
11
0.9491996456692913
21
0.555005590551181
0
LINE
8
BLACK
6
CONTINUOUS
10
0.9491996456692913
20
0.555005590551181
11
0.9484084645669291
21
0.5520528346456692
0
LINE
8
BLACK
6
CONTINUOUS
10
0.9484084645669291
20
0.5520528346456692
11
0.9462468897637795
21
0.5498912598425196
0
LINE
8
BLACK
6
CONTINUOUS
10
0.9462468897637795
20
0.5498912598425196
11
0.9432941338582677
21
0.5491000787401574
0
LINE
8
BLACK
6
CONTINUOUS
10
0.9432941338582677
20
0.5491000787401574
11
0.9403413779527559
21
0.5498912598425196
0
LINE
8
BLACK
6
CONTINUOUS
10
0.9403413779527559
20
0.5498912598425196
11
0.9381798031496063
21
0.5520528346456692
0
LINE
8
BLACK
6
CONTINUOUS
10
0.9381798031496063
20
0.5520528346456692
11
0.937388622047244
21
0.555005590551181
0
LINE
8
BLACK
6
CONTINUOUS
10
0.937388622047244
20
0.555005590551181
11
0.937388622047244
21
0.5887513779527559
0
LINE
8
BLACK
6
CONTINUOUS
10
0.937388622047244
20
0.5887513779527559
11
0.9381798031496063
21
0.5917041338582677
0
LINE
8
BLACK
6
CONTINUOUS
10
0.9381798031496063
20
0.5917041338582677
11
0.9403413779527559
21
0.5938657086614173
0
LINE
8
BLACK
6
CONTINUOUS
10
0.9403413779527559
20
0.5938657086614173
11
0.9432941338582677
21
0.5946568897637795
0
LINE
8
BLACK
6
CONTINUOUS
10
0.9432941338582677
20
0.5946568897637795
11
0.9462468897637795
21
0.5938657086614173
0
LINE
8
BLACK
6
CONTINUOUS
10
1.1253020078740157
20
0.6093325196850393
11
1.1274635826771653
21
0.6071709448818897
0
LINE
8
BLACK
6
CONTINUOUS
10
1.1274635826771653
20
0.6071709448818897
11
1.1282547637795275
21
0.6042181889763779
0
LINE
8
BLACK
6
CONTINUOUS
10
1.1282547637795275
20
0.6042181889763779
11
1.1282547637795275
21
0.5845331496062992
0
LINE
8
BLACK
6
CONTINUOUS
10
1.1282547637795275
20
0.5845331496062992
11
1.127903464566929
21
0.5832220866141732
0
LINE
8
BLACK
6
CONTINUOUS
10
1.127903464566929
20
0.5832220866141732
11
1.1276312992125983
21
0.5818920866141732
0
LINE
8
BLACK
6
CONTINUOUS
10
1.1276312992125983
20
0.5818920866141732
11
1.1248191338582676
21
0.5762678346456693
0
LINE
8
BLACK
6
CONTINUOUS
10
1.1248191338582676
20
0.5762678346456693
11
1.1241883070866141
21
0.5755564566929133
0
LINE
8
BLACK
6
CONTINUOUS
10
1.1241883070866141
20
0.5755564566929133
11
1.1237129527559055
21
0.5747330708661417
0
LINE
8
BLACK
6
CONTINUOUS
10
1.1237129527559055
20
0.5747330708661417
11
1.1209008267716536
21
0.571920905511811
0
LINE
8
BLACK
6
CONTINUOUS
10
1.1209008267716536
20
0.571920905511811
11
1.1200773228346457
21
0.5714454330708661
0
LINE
8
BLACK
6
CONTINUOUS
10
1.1200773228346457
20
0.5714454330708661
11
1.1193659842519685
21
0.5708146456692913
0
LINE
8
BLACK
6
CONTINUOUS
10
1.1193659842519685
20
0.5708146456692913
11
1.1137416929133859
21
0.5680024803149606
0
LINE
8
BLACK
6
CONTINUOUS
10
1.1137416929133859
20
0.5680024803149606
11
1.1124117322834646
21
0.5677303149606299
0
LINE
8
BLACK
6
CONTINUOUS
10
1.1124117322834646
20
0.5677303149606299
11
1.1111006692913385
21
0.5673790157480315
0
LINE
8
BLACK
6
CONTINUOUS
10
1.1111006692913385
20
0.5673790157480315
11
1.1054763779527559
21
0.5673790157480315
0
LINE
8
BLACK
6
CONTINUOUS
10
1.1054763779527559
20
0.5673790157480315
11
1.1041652755905511
21
0.5677303149606299
0
LINE
8
BLACK
6
CONTINUOUS
10
1.1041652755905511
20
0.5677303149606299
11
1.1028353543307086
21
0.5680024803149606
0
LINE
8
BLACK
6
CONTINUOUS
10
1.1028353543307086
20
0.5680024803149606
11
1.0972110236220471
21
0.5708146456692913
0
LINE
8
BLACK
6
CONTINUOUS
10
1.0972110236220471
20
0.5708146456692913
11
1.0964996062992125
21
0.5714454724409449
0
LINE
8
BLACK
6
CONTINUOUS
10
1.0964996062992125
20
0.5714454724409449
11
1.0956761811023621
21
0.571920905511811
0
LINE
8
BLACK
6
CONTINUOUS
10
1.0956761811023621
20
0.571920905511811
11
1.0956224803149606
21
0.5719745669291338
0
LINE
8
BLACK
6
CONTINUOUS
10
1.0956224803149606
20
0.5719745669291338
11
1.0955914566929135
21
0.5719208661417323
0
LINE
8
BLACK
6
CONTINUOUS
10
1.0955914566929135
20
0.5719208661417323
11
1.0927792913385828
21
0.5691087007874016
0
LINE
8
BLACK
6
CONTINUOUS
10
1.0927792913385828
20
0.5691087007874016
11
1.0919558661417323
21
0.5686333070866142
0
LINE
8
BLACK
6
CONTINUOUS
10
1.0919558661417323
20
0.5686333070866142
11
1.0912444881889765
21
0.5680024803149606
0
LINE
8
BLACK
6
CONTINUOUS
10
1.0912444881889765
20
0.5680024803149606
11
1.0856201968503936
21
0.5651903543307086
0
LINE
8
BLACK
6
CONTINUOUS
10
1.0856201968503936
20
0.5651903543307086
11
1.08429031496063
21
0.5649181889763779
0
LINE
8
BLACK
6
CONTINUOUS
10
1.08429031496063
20
0.5649181889763779
11
1.0829791732283465
21
0.5645668897637796
0
LINE
8
BLACK
6
CONTINUOUS
10
1.0829791732283465
20
0.5645668897637796
11
1.0745427165354331
21
0.5645668897637796
0
LINE
8
BLACK
6
CONTINUOUS
10
1.0745427165354331
20
0.5645668897637796
11
1.0732314566929133
21
0.5649182283464567
0
LINE
8
BLACK
6
CONTINUOUS
10
1.0732314566929133
20
0.5649182283464567
11
1.0719017322834645
21
0.5651903543307086
0
LINE
8
BLACK
6
CONTINUOUS
10
1.0719017322834645
20
0.5651903543307086
11
1.0662774015748031
21
0.5680024803149606
0
LINE
8
BLACK
6
CONTINUOUS
10
1.0662774015748031
20
0.5680024803149606
11
1.0655659842519685
21
0.5686333070866142
0
LINE
8
BLACK
6
CONTINUOUS
10
1.0655659842519685
20
0.5686333070866142
11
1.0647425590551181
21
0.5691087401574803
0
LINE
8
BLACK
6
CONTINUOUS
10
1.0647425590551181
20
0.5691087401574803
11
1.0619304330708661
21
0.571920905511811
0
LINE
8
BLACK
6
CONTINUOUS
10
1.0619304330708661
20
0.571920905511811
11
1.0614550393700788
21
0.5727442913385826
0
LINE
8
BLACK
6
CONTINUOUS
10
1.0614550393700788
20
0.5727442913385826
11
1.0608242519685038
21
0.5734556692913386
0
LINE
8
BLACK
6
CONTINUOUS
10
1.0608242519685038
20
0.5734556692913386
11
1.0580120866141731
21
0.5790799606299213
0
LINE
8
BLACK
6
CONTINUOUS
10
1.0580120866141731
20
0.5790799606299213
11
1.0577399212598424
21
0.5804098818897637
0
LINE
8
BLACK
6
CONTINUOUS
10
1.0577399212598424
20
0.5804098818897637
11
1.0573886220472442
21
0.5817209842519685
0
LINE
8
BLACK
6
CONTINUOUS
10
1.0573886220472442
20
0.5817209842519685
11
1.0573886220472442
21
0.6042181889763779
0
LINE
8
BLACK
6
CONTINUOUS
10
1.0573886220472442
20
0.6042181889763779
11
1.0581798031496064
21
0.6071709448818897
0
LINE
8
BLACK
6
CONTINUOUS
10
1.0581798031496064
20
0.6071709448818897
11
1.060341377952756
21
0.6093325196850393
0
LINE
8
BLACK
6
CONTINUOUS
10
1.060341377952756
20
0.6093325196850393
11
1.0632941338582678
21
0.6101237007874015
0
LINE
8
BLACK
6
CONTINUOUS
10
1.0632941338582678
20
0.6101237007874015
11
1.1223492519685039
21
0.6101237007874015
0
LINE
8
BLACK
6
CONTINUOUS
10
1.1223492519685039
20
0.6101237007874015
11
1.1253020078740157
21
0.6093325196850393
0
LINE
8
BLACK
6
CONTINUOUS
10
1.0691996456692914
20
0.5831150787401574
11
1.0709597637795276
21
0.5795948031496063
0
LINE
8
BLACK
6
CONTINUOUS
10
1.0709597637795276
20
0.5795948031496063
11
1.0724166141732283
21
0.5781379527559055
0
LINE
8
BLACK
6
CONTINUOUS
10
1.0724166141732283
20
0.5781379527559055
11
1.075936811023622
21
0.5763779133858268
0
LINE
8
BLACK
6
CONTINUOUS
10
1.075936811023622
20
0.5763779133858268
11
1.0815850787401575
21
0.5763779133858268
0
LINE
8
BLACK
6
CONTINUOUS
10
1.0815850787401575
20
0.5763779133858268
11
1.0851052362204725
21
0.5781379527559055
0
LINE
8
BLACK
6
CONTINUOUS
10
1.0851052362204725
20
0.5781379527559055
11
1.0862539763779526
21
0.5792866929133859
0
LINE
8
BLACK
6
CONTINUOUS
10
1.0862539763779526
20
0.5792866929133859
11
1.0883222440944882
21
0.5854914960629921
0
LINE
8
BLACK
6
CONTINUOUS
10
1.0883222440944882
20
0.5854914960629921
11
1.0883222440944882
21
0.5983126771653543
0
LINE
8
BLACK
6
CONTINUOUS
10
1.0883222440944882
20
0.5983126771653543
11
1.0691996456692914
21
0.5983126771653543
0
LINE
8
BLACK
6
CONTINUOUS
10
1.0691996456692914
20
0.5983126771653543
11
1.0691996456692914
21
0.5831150787401574
0
LINE
8
BLACK
6
CONTINUOUS
10
1.1001332677165354
20
0.5859272440944882
11
1.1018933858267717
21
0.582406968503937
0
LINE
8
BLACK
6
CONTINUOUS
10
1.1018933858267717
20
0.582406968503937
11
1.1033502362204723
21
0.5809501181102362
0
LINE
8
BLACK
6
CONTINUOUS
10
1.1033502362204723
20
0.5809501181102362
11
1.1068704724409448
21
0.5791900393700787
0
LINE
8
BLACK
6
CONTINUOUS
10
1.1068704724409448
20
0.5791900393700787
11
1.1097065748031496
21
0.5791900393700787
0
LINE
8
BLACK
6
CONTINUOUS
10
1.1097065748031496
20
0.5791900393700787
11
1.1132267716535433
21
0.580950157480315
0
LINE
8
BLACK
6
CONTINUOUS
10
1.1132267716535433
20
0.580950157480315
11
1.1146835826771653
21
0.5824070078740158
0
LINE
8
BLACK
6
CONTINUOUS
10
1.1146835826771653
20
0.5824070078740158
11
1.1164437401574803
21
0.5859272440944882
0
LINE
8
BLACK
6
CONTINUOUS
10
1.1164437401574803
20
0.5859272440944882
11
1.1164437401574803
21
0.5983126771653543
0
LINE
8
BLACK
6
CONTINUOUS
10
1.1164437401574803
20
0.5983126771653543
11
1.1001332677165354
21
0.5983126771653543
0
LINE
8
BLACK
6
CONTINUOUS
10
1.1001332677165354
20
0.5983126771653543
11
1.1001332677165354
21
0.5859272440944882
0
LINE
8
BLACK
6
CONTINUOUS
10
1.2553020078740158
20
0.6216722440944882
11
1.2574635826771654
21
0.6195106692913386
0
LINE
8
BLACK
6
CONTINUOUS
10
1.2574635826771654
20
0.6195106692913386
11
1.2582547637795276
21
0.6165579133858268
0
LINE
8
BLACK
6
CONTINUOUS
10
1.2582547637795276
20
0.6165579133858268
11
1.2574635826771654
21
0.613605157480315
0
LINE
8
BLACK
6
CONTINUOUS
10
1.2574635826771654
20
0.613605157480315
11
1.2553020078740158
21
0.6114435826771654
0
LINE
8
BLACK
6
CONTINUOUS
10
1.2553020078740158
20
0.6114435826771654
11
1.252349251968504
21
0.6106524015748032
0
LINE
8
BLACK
6
CONTINUOUS
10
1.252349251968504
20
0.6106524015748032
11
1.2059368110236219
21
0.6106524015748032
0
LINE
8
BLACK
6
CONTINUOUS
10
1.2059368110236219
20
0.6106524015748032
11
1.2024166141732284
21
0.6088922834645669
0
LINE
8
BLACK
6
CONTINUOUS
10
1.2024166141732284
20
0.6088922834645669
11
1.2009597637795275
21
0.6074354330708661
0
LINE
8
BLACK
6
CONTINUOUS
10
1.2009597637795275
20
0.6074354330708661
11
1.1991996456692913
21
0.6039151968503936
0
LINE
8
BLACK
6
CONTINUOUS
10
1.1991996456692913
20
0.6039151968503936
11
1.1991996456692913
21
0.5954548031496063
0
LINE
8
BLACK
6
CONTINUOUS
10
1.1991996456692913
20
0.5954548031496063
11
1.2009597637795275
21
0.5919345275590551
0
LINE
8
BLACK
6
CONTINUOUS
10
1.2009597637795275
20
0.5919345275590551
11
1.2024166141732284
21
0.5904776771653543
0
LINE
8
BLACK
6
CONTINUOUS
10
1.2024166141732284
20
0.5904776771653543
11
1.2059368110236219
21
0.5887176377952755
0
LINE
8
BLACK
6
CONTINUOUS
10
1.2059368110236219
20
0.5887176377952755
11
1.252349251968504
21
0.5887176377952755
0
LINE
8
BLACK
6
CONTINUOUS
10
1.252349251968504
20
0.5887176377952755
11
1.2553020078740158
21
0.5879264566929133
0
LINE
8
BLACK
6
CONTINUOUS
10
1.2553020078740158
20
0.5879264566929133
11
1.2574635826771654
21
0.5857648818897637
0
LINE
8
BLACK
6
CONTINUOUS
10
1.2574635826771654
20
0.5857648818897637
11
1.2582547637795276
21
0.5828121259842519
0
LINE
8
BLACK
6
CONTINUOUS
10
1.2582547637795276
20
0.5828121259842519
11
1.2574635826771654
21
0.5798593700787401
0
LINE
8
BLACK
6
CONTINUOUS
10
1.2574635826771654
20
0.5798593700787401
11
1.2553020078740158
21
0.5776977952755905
0
LINE
8
BLACK
6
CONTINUOUS
10
1.2553020078740158
20
0.5776977952755905
11
1.252349251968504
21
0.5769066141732283
0
LINE
8
BLACK
6
CONTINUOUS
10
1.252349251968504
20
0.5769066141732283
11
1.204542716535433
21
0.5769066141732283
0
LINE
8
BLACK
6
CONTINUOUS
10
1.204542716535433
20
0.5769066141732283
11
1.2032314566929134
21
0.5772579527559055
0
LINE
8
BLACK
6
CONTINUOUS
10
1.2032314566929134
20
0.5772579527559055
11
1.2019017322834646
21
0.5775300787401575
0
LINE
8
BLACK
6
CONTINUOUS
10
1.2019017322834646
20
0.5775300787401575
11
1.1962774015748032
21
0.5803422047244094
0
LINE
8
BLACK
6
CONTINUOUS
10
1.1962774015748032
20
0.5803422047244094
11
1.1955659842519686
21
0.5809730314960629
0
LINE
8
BLACK
6
CONTINUOUS
10
1.1955659842519686
20
0.5809730314960629
11
1.1947425590551182
21
0.5814484645669291
0
LINE
8
BLACK
6
CONTINUOUS
10
1.1947425590551182
20
0.5814484645669291
11
1.1919304330708662
21
0.5842606299212598
0
LINE
8
BLACK
6
CONTINUOUS
10
1.1919304330708662
20
0.5842606299212598
11
1.1914550393700787
21
0.5850840157480315
0
LINE
8
BLACK
6
CONTINUOUS
10
1.1914550393700787
20
0.5850840157480315
11
1.1908242519685039
21
0.5857953937007874
0
LINE
8
BLACK
6
CONTINUOUS
10
1.1908242519685039
20
0.5857953937007874
11
1.1880120866141732
21
0.59141968503937
0
LINE
8
BLACK
6
CONTINUOUS
10
1.1880120866141732
20
0.59141968503937
11
1.1877399212598425
21
0.5927496062992126
0
LINE
8
BLACK
6
CONTINUOUS
10
1.1877399212598425
20
0.5927496062992126
11
1.187388622047244
21
0.5940607086614174
0
LINE
8
BLACK
6
CONTINUOUS
10
1.187388622047244
20
0.5940607086614174
11
1.187388622047244
21
0.6053092913385827
0
LINE
8
BLACK
6
CONTINUOUS
10
1.187388622047244
20
0.6053092913385827
11
1.1877399212598425
21
0.6066203543307086
0
LINE
8
BLACK
6
CONTINUOUS
10
1.1877399212598425
20
0.6066203543307086
11
1.1880120866141732
21
0.6079503149606299
0
LINE
8
BLACK
6
CONTINUOUS
10
1.1880120866141732
20
0.6079503149606299
11
1.1908242519685039
21
0.6135746456692913
0
LINE
8
BLACK
6
CONTINUOUS
10
1.1908242519685039
20
0.6135746456692913
11
1.1914550787401574
21
0.6142860236220472
0
LINE
8
BLACK
6
CONTINUOUS
10
1.1914550787401574
20
0.6142860236220472
11
1.1919304724409447
21
0.6151094488188976
0
LINE
8
BLACK
6
CONTINUOUS
10
1.1919304724409447
20
0.6151094488188976
11
1.1947425984251969
21
0.6179215748031496
0
LINE
8
BLACK
6
CONTINUOUS
10
1.1947425984251969
20
0.6179215748031496
11
1.1955660236220471
21
0.618396968503937
0
LINE
8
BLACK
6
CONTINUOUS
10
1.1955660236220471
20
0.618396968503937
11
1.1962774015748032
21
0.6190277952755905
0
LINE
8
BLACK
6
CONTINUOUS
10
1.1962774015748032
20
0.6190277952755905
11
1.2019016535433071
21
0.6218399606299212
0
LINE
8
BLACK
6
CONTINUOUS
10
1.2019016535433071
20
0.6218399606299212
11
1.203231653543307
21
0.6221121259842519
0
LINE
8
BLACK
6
CONTINUOUS
10
1.203231653543307
20
0.6221121259842519
11
1.204542716535433
21
0.6224634251968504
0
LINE
8
BLACK
6
CONTINUOUS
10
1.204542716535433
20
0.6224634251968504
11
1.252349251968504
21
0.6224634251968504
0
LINE
8
BLACK
6
CONTINUOUS
10
1.252349251968504
20
0.6224634251968504
11
1.2553020078740158
21
0.6216722440944882
0
LINE
8
BLACK
6
CONTINUOUS
10
0.086015905511811
20
0.6139331889763779
11
0.0881774803149606
21
0.6117716141732283
0
LINE
8
BLACK
6
CONTINUOUS
10
0.0881774803149606
20
0.6117716141732283
11
0.0889686614173228
21
0.6088188582677165
0
LINE
8
BLACK
6
CONTINUOUS
10
0.0889686614173228
20
0.6088188582677165
11
0.0881774803149606
21
0.6058661023622047
0
LINE
8
BLACK
6
CONTINUOUS
10
0.0881774803149606
20
0.6058661023622047
11
0.086015905511811
21
0.6037045275590551
0
LINE
8
BLACK
6
CONTINUOUS
10
0.086015905511811
20
0.6037045275590551
11
0.0830631496062992
21
0.6029133464566929
0
LINE
8
BLACK
6
CONTINUOUS
10
0.0830631496062992
20
0.6029133464566929
11
0.0318820472440945
21
0.6029133464566929
0
LINE
8
BLACK
6
CONTINUOUS
10
0.0318820472440945
20
0.6029133464566929
11
0.0289292913385827
21
0.6037045275590551
0
LINE
8
BLACK
6
CONTINUOUS
10
0.0289292913385827
20
0.6037045275590551
11
0.0267677165354331
21
0.6058661023622047
0
LINE
8
BLACK
6
CONTINUOUS
10
0.0267677165354331
20
0.6058661023622047
11
0.0259765354330709
21
0.6088188582677165
0
LINE
8
BLACK
6
CONTINUOUS
10
0.0259765354330709
20
0.6088188582677165
11
0.0267677165354331
21
0.6117716141732283
0
LINE
8
BLACK
6
CONTINUOUS
10
0.0267677165354331
20
0.6117716141732283
11
0.0289292913385827
21
0.6139331889763779
0
LINE
8
BLACK
6
CONTINUOUS
10
0.0289292913385827
20
0.6139331889763779
11
0.0318820472440945
21
0.6147243700787401
0
LINE
8
BLACK
6
CONTINUOUS
10
0.0318820472440945
20
0.6147243700787401
11
0.0830631496062992
21
0.6147243700787401
0
LINE
8
BLACK
6
CONTINUOUS
10
0.0830631496062992
20
0.6147243700787401
11
0.086015905511811
21
0.6139331889763779
0
LINE
8
BLACK
6
CONTINUOUS
10
0.9805558661417323
20
0.6507112204724409
11
0.9812843307086614
21
0.6507235039370078
0
LINE
8
BLACK
6
CONTINUOUS
10
0.9812843307086614
20
0.6507235039370078
11
0.9925329527559055
21
0.6479113779527559
0
LINE
8
BLACK
6
CONTINUOUS
10
0.9925329527559055
20
0.6479113779527559
11
0.9931029133858268
21
0.6475949606299213
0
LINE
8
BLACK
6
CONTINUOUS
10
0.9931029133858268
20
0.6475949606299213
11
0.9937416929133858
21
0.6474642519685039
0
LINE
8
BLACK
6
CONTINUOUS
10
0.9937416929133858
20
0.6474642519685039
11
0.9993659842519684
21
0.6446520866141732
0
LINE
8
BLACK
6
CONTINUOUS
10
0.9993659842519684
20
0.6446520866141732
11
1.0000773228346456
21
0.6440212598425197
0
LINE
8
BLACK
6
CONTINUOUS
10
1.0000773228346456
20
0.6440212598425197
11
1.0009007874015747
21
0.6435458661417323
0
LINE
8
BLACK
6
CONTINUOUS
10
1.0009007874015747
20
0.6435458661417323
11
1.0037129133858267
21
0.6407337401574803
0
LINE
8
BLACK
6
CONTINUOUS
10
1.0037129133858267
20
0.6407337401574803
11
1.0041882677165355
21
0.6399103149606299
0
LINE
8
BLACK
6
CONTINUOUS
10
1.0041882677165355
20
0.6399103149606299
11
1.0048191338582677
21
0.639198937007874
0
LINE
8
BLACK
6
CONTINUOUS
10
1.0048191338582677
20
0.639198937007874
11
1.0076312992125984
21
0.6335746062992126
0
LINE
8
BLACK
6
CONTINUOUS
10
1.0076312992125984
20
0.6335746062992126
11
1.0079034251968504
21
0.6322446456692913
0
LINE
8
BLACK
6
CONTINUOUS
10
1.0079034251968504
20
0.6322446456692913
11
1.0082547637795276
21
0.6309335826771654
0
LINE
8
BLACK
6
CONTINUOUS
10
1.0082547637795276
20
0.6309335826771654
11
1.0082547637795276
21
0.6253092913385827
0
LINE
8
BLACK
6
CONTINUOUS
10
1.0082547637795276
20
0.6253092913385827
11
1.0079034645669291
21
0.6239982283464567
0
LINE
8
BLACK
6
CONTINUOUS
10
1.0079034645669291
20
0.6239982283464567
11
1.0076312992125984
21
0.6226682283464566
0
LINE
8
BLACK
6
CONTINUOUS
10
1.0076312992125984
20
0.6226682283464566
11
1.0048191338582677
21
0.6170439763779527
0
LINE
8
BLACK
6
CONTINUOUS
10
1.0048191338582677
20
0.6170439763779527
11
1.0041883070866142
21
0.6163325984251968
0
LINE
8
BLACK
6
CONTINUOUS
10
1.0041883070866142
20
0.6163325984251968
11
1.0037129133858267
21
0.6155091732283464
0
LINE
8
BLACK
6
CONTINUOUS
10
1.0037129133858267
20
0.6155091732283464
11
1.0009007874015747
21
0.6126970472440945
0
LINE
8
BLACK
6
CONTINUOUS
10
1.0009007874015747
20
0.6126970472440945
11
1.0000773228346456
21
0.6122216141732283
0
LINE
8
BLACK
6
CONTINUOUS
10
1.0000773228346456
20
0.6122216141732283
11
0.9993659842519684
21
0.6115908267716536
0
LINE
8
BLACK
6
CONTINUOUS
10
0.9993659842519684
20
0.6115908267716536
11
0.9937416929133858
21
0.6087786614173228
0
LINE
8
BLACK
6
CONTINUOUS
10
0.9937416929133858
20
0.6087786614173228
11
0.9931029133858268
21
0.6086479133858268
0
LINE
8
BLACK
6
CONTINUOUS
10
0.9931029133858268
20
0.6086479133858268
11
0.9925329527559055
21
0.6083315354330708
0
LINE
8
BLACK
6
CONTINUOUS
10
0.9925329527559055
20
0.6083315354330708
11
0.9812843307086614
21
0.6055193700787401
0
LINE
8
BLACK
6
CONTINUOUS
10
0.9812843307086614
20
0.6055193700787401
11
0.9805558267716535
21
0.6055316141732283
0
LINE
8
BLACK
6
CONTINUOUS
10
0.9805558267716535
20
0.6055316141732283
11
0.9798520472440945
21
0.6053430314960629
0
LINE
8
BLACK
6
CONTINUOUS
10
0.9798520472440945
20
0.6053430314960629
11
0.9657913385826772
21
0.6053430314960629
0
LINE
8
BLACK
6
CONTINUOUS
10
0.9657913385826772
20
0.6053430314960629
11
0.9650875196850394
21
0.6055316141732283
0
LINE
8
BLACK
6
CONTINUOUS
10
0.9650875196850394
20
0.6055316141732283
11
0.9643590157480315
21
0.6055193700787401
0
LINE
8
BLACK
6
CONTINUOUS
10
0.9643590157480315
20
0.6055193700787401
11
0.9531104330708661
21
0.6083315354330708
0
LINE
8
BLACK
6
CONTINUOUS
10
0.9531104330708661
20
0.6083315354330708
11
0.9525404724409449
21
0.6086479133858268
0
LINE
8
BLACK
6
CONTINUOUS
10
0.9525404724409449
20
0.6086479133858268
11
0.951901653543307
21
0.6087786614173228
0
LINE
8
BLACK
6
CONTINUOUS
10
0.951901653543307
20
0.6087786614173228
11
0.9462774015748031
21
0.6115908267716536
0
LINE
8
BLACK
6
CONTINUOUS
10
0.9462774015748031
20
0.6115908267716536
11
0.9455660236220472
21
0.6122216141732283
0
LINE
8
BLACK
6
CONTINUOUS
10
0.9455660236220472
20
0.6122216141732283
11
0.9447425984251968
21
0.6126970472440945
0
LINE
8
BLACK
6
CONTINUOUS
10
0.9447425984251968
20
0.6126970472440945
11
0.9419304724409449
21
0.6155091732283464
0
LINE
8
BLACK
6
CONTINUOUS
10
0.9419304724409449
20
0.6155091732283464
11
0.9414550393700787
21
0.6163325984251968
0
LINE
8
BLACK
6
CONTINUOUS
10
0.9414550393700787
20
0.6163325984251968
11
0.9408242519685039
21
0.6170439763779527
0
LINE
8
BLACK
6
CONTINUOUS
10
0.9408242519685039
20
0.6170439763779527
11
0.9380120866141732
21
0.6226682677165354
0
LINE
8
BLACK
6
CONTINUOUS
10
0.9380120866141732
20
0.6226682677165354
11
0.9377399212598425
21
0.6239981889763779
0
LINE
8
BLACK
6
CONTINUOUS
10
0.9377399212598425
20
0.6239981889763779
11
0.937388622047244
21
0.6253092913385827
0
LINE
8
BLACK
6
CONTINUOUS
10
0.937388622047244
20
0.6253092913385827
11
0.937388622047244
21
0.6309335826771654
0
LINE
8
BLACK
6
CONTINUOUS
10
0.937388622047244
20
0.6309335826771654
11
0.9377399212598425
21
0.6322446456692913
0
LINE
8
BLACK
6
CONTINUOUS
10
0.9377399212598425
20
0.6322446456692913
11
0.9380120866141732
21
0.6335746062992126
0
LINE
8
BLACK
6
CONTINUOUS
10
0.9380120866141732
20
0.6335746062992126
11
0.9408242519685039
21
0.639198937007874
0
LINE
8
BLACK
6
CONTINUOUS
10
0.9408242519685039
20
0.639198937007874
11
0.9414550787401574
21
0.6399103149606299
0
LINE
8
BLACK
6
CONTINUOUS
10
0.9414550787401574
20
0.6399103149606299
11
0.9419304724409449
21
0.6407337401574803
0
LINE
8
BLACK
6
CONTINUOUS
10
0.9419304724409449
20
0.6407337401574803
11
0.9447425984251968
21
0.6435458661417323
0
LINE
8
BLACK
6
CONTINUOUS
10
0.9447425984251968
20
0.6435458661417323
11
0.9455660236220472
21
0.6440212598425197
0
LINE
8
BLACK
6
CONTINUOUS
10
0.9455660236220472
20
0.6440212598425197
11
0.9462774015748031
21
0.6446520866141732
0
LINE
8
BLACK
6
CONTINUOUS
10
0.9462774015748031
20
0.6446520866141732
11
0.951901653543307
21
0.6474642519685039
0
LINE
8
BLACK
6
CONTINUOUS
10
0.951901653543307
20
0.6474642519685039
11
0.9525404724409449
21
0.6475949606299213
0
LINE
8
BLACK
6
CONTINUOUS
10
0.9525404724409449
20
0.6475949606299213
11
0.9531104330708661
21
0.6479113779527559
0
LINE
8
BLACK
6
CONTINUOUS
10
0.9531104330708661
20
0.6479113779527559
11
0.9643590551181103
21
0.6507235039370078
0
LINE
8
BLACK
6
CONTINUOUS
10
0.9643590551181103
20
0.6507235039370078
11
0.9650874803149606
21
0.6507112204724409
0
LINE
8
BLACK
6
CONTINUOUS
10
0.9650874803149606
20
0.6507112204724409
11
0.9657913385826772
21
0.650899842519685
0
LINE
8
BLACK
6
CONTINUOUS
10
0.9657913385826772
20
0.650899842519685
11
0.9798520472440945
21
0.650899842519685
0
LINE
8
BLACK
6
CONTINUOUS
10
0.9798520472440945
20
0.650899842519685
11
0.9805558661417323
21
0.6507112204724409
0
LINE
8
BLACK
6
CONTINUOUS
10
0.9566039763779527
20
0.6366102362204724
11
0.9524166141732283
21
0.6345165748031496
0
LINE
8
BLACK
6
CONTINUOUS
10
0.9524166141732283
20
0.6345165748031496
11
0.9509597637795275
21
0.6330597244094488
0
LINE
8
BLACK
6
CONTINUOUS
10
0.9509597637795275
20
0.6330597244094488
11
0.9491996456692913
21
0.6295394881889763
0
LINE
8
BLACK
6
CONTINUOUS
10
0.9491996456692913
20
0.6295394881889763
11
0.9491996456692913
21
0.6267033858267717
0
LINE
8
BLACK
6
CONTINUOUS
10
0.9491996456692913
20
0.6267033858267717
11
0.9509597637795275
21
0.6231831496062992
0
LINE
8
BLACK
6
CONTINUOUS
10
0.9509597637795275
20
0.6231831496062992
11
0.9524166141732283
21
0.6217262992125984
0
LINE
8
BLACK
6
CONTINUOUS
10
0.9524166141732283
20
0.6217262992125984
11
0.9566039763779527
21
0.6196325984251968
0
LINE
8
BLACK
6
CONTINUOUS
10
0.9566039763779527
20
0.6196325984251968
11
0.9665182677165354
21
0.6171540551181102
0
LINE
8
BLACK
6
CONTINUOUS
10
0.9665182677165354
20
0.6171540551181102
11
0.9791251181102362
21
0.6171540551181102
0
LINE
8
BLACK
6
CONTINUOUS
10
0.9791251181102362
20
0.6171540551181102
11
0.9890394094488189
21
0.6196326377952756
0
LINE
8
BLACK
6
CONTINUOUS
10
0.9890394094488189
20
0.6196326377952756
11
0.9932267716535433
21
0.6217263385826771
0
LINE
8
BLACK
6
CONTINUOUS
10
0.9932267716535433
20
0.6217263385826771
11
0.994683622047244
21
0.6231831889763779
0
LINE
8
BLACK
6
CONTINUOUS
10
0.994683622047244
20
0.6231831889763779
11
0.9964437401574803
21
0.6267033858267717
0
LINE
8
BLACK
6
CONTINUOUS
10
0.9964437401574803
20
0.6267033858267717
11
0.9964437401574803
21
0.6295394881889763
0
LINE
8
BLACK
6
CONTINUOUS
10
0.9964437401574803
20
0.6295394881889763
11
0.994683622047244
21
0.6330597244094488
0
LINE
8
BLACK
6
CONTINUOUS
10
0.994683622047244
20
0.6330597244094488
11
0.9932267716535433
21
0.6345165354330708
0
LINE
8
BLACK
6
CONTINUOUS
10
0.9932267716535433
20
0.6345165354330708
11
0.9890393700787401
21
0.6366102755905512
0
LINE
8
BLACK
6
CONTINUOUS
10
0.9890393700787401
20
0.6366102755905512
11
0.9791251181102362
21
0.6390888188976378
0
LINE
8
BLACK
6
CONTINUOUS
10
0.9791251181102362
20
0.6390888188976378
11
0.9665182677165354
21
0.6390888188976378
0
LINE
8
BLACK
6
CONTINUOUS
10
0.9665182677165354
20
0.6390888188976378
11
0.9566039763779527
21
0.6366102362204724
0
LINE
8
BLACK
6
CONTINUOUS
10
1.1253020078740157
20
0.7077577165354331
11
1.1274635826771653
21
0.7055961417322835
0
LINE
8
BLACK
6
CONTINUOUS
10
1.1274635826771653
20
0.7055961417322835
11
1.1282547637795275
21
0.7026433858267717
0
LINE
8
BLACK
6
CONTINUOUS
10
1.1282547637795275
20
0.7026433858267717
11
1.1274635826771653
21
0.6996906299212599
0
LINE
8
BLACK
6
CONTINUOUS
10
1.1274635826771653
20
0.6996906299212599
11
1.1253020078740157
21
0.6975290551181103
0
LINE
8
BLACK
6
CONTINUOUS
10
1.1253020078740157
20
0.6975290551181103
11
1.1223492519685039
21
0.696737874015748
0
LINE
8
BLACK
6
CONTINUOUS
10
1.1223492519685039
20
0.696737874015748
11
1.0691996456692914
21
0.696737874015748
0
LINE
8
BLACK
6
CONTINUOUS
10
1.0691996456692914
20
0.696737874015748
11
1.0691996456692914
21
0.6745218897637795
0
LINE
8
BLACK
6
CONTINUOUS
10
1.0691996456692914
20
0.6745218897637795
11
1.0684084645669292
21
0.6715691338582677
0
LINE
8
BLACK
6
CONTINUOUS
10
1.0684084645669292
20
0.6715691338582677
11
1.0662468897637796
21
0.6694075590551181
0
LINE
8
BLACK
6
CONTINUOUS
10
1.0662468897637796
20
0.6694075590551181
11
1.0644266141732284
21
0.6689198031496063
0
LINE
8
BLACK
6
CONTINUOUS
10
1.0644266141732284
20
0.6689198031496063
11
1.0651616141732283
21
0.6688757086614173
0
LINE
8
BLACK
6
CONTINUOUS
10
1.0651616141732283
20
0.6688757086614173
11
1.1242167322834646
21
0.6491906692913386
0
LINE
8
BLACK
6
CONTINUOUS
10
1.1242167322834646
20
0.6491906692913386
11
1.1252063385826772
21
0.6485372440944882
0
LINE
8
BLACK
6
CONTINUOUS
10
1.1252063385826772
20
0.6485372440944882
11
1.1262674015748031
21
0.6480067716535433
0
LINE
8
BLACK
6
CONTINUOUS
10
1.1262674015748031
20
0.6480067716535433
11
1.1264663779527559
21
0.6477053543307086
0
LINE
8
BLACK
6
CONTINUOUS
10
1.1264663779527559
20
0.6477053543307086
11
1.1267677952755906
21
0.6475063779527559
0
LINE
8
BLACK
6
CONTINUOUS
10
1.1267677952755906
20
0.6475063779527559
11
1.1272982283464568
21
0.6464454724409449
0
LINE
8
BLACK
6
CONTINUOUS
10
1.1272982283464568
20
0.6464454724409449
11
1.1279517322834645
21
0.6454557086614173
0
LINE
8
BLACK
6
CONTINUOUS
10
1.1279517322834645
20
0.6454557086614173
11
1.1279733464566928
21
0.645095157480315
0
LINE
8
BLACK
6
CONTINUOUS
10
1.1279733464566928
20
0.645095157480315
11
1.1281348818897639
21
0.6447721653543307
0
LINE
8
BLACK
6
CONTINUOUS
10
1.1281348818897639
20
0.6447721653543307
11
1.1280638188976377
21
0.6435882283464567
0
LINE
8
BLACK
6
CONTINUOUS
10
1.1280638188976377
20
0.6435882283464567
11
1.1281348818897639
21
0.6424042913385827
0
LINE
8
BLACK
6
CONTINUOUS
10
1.1281348818897639
20
0.6424042913385827
11
1.1279733464566928
21
0.6420812598425196
0
LINE
8
BLACK
6
CONTINUOUS
10
1.1279733464566928
20
0.6420812598425196
11
1.1279517322834645
21
0.641720748031496
0
LINE
8
BLACK
6
CONTINUOUS
10
1.1279517322834645
20
0.641720748031496
11
1.1272982283464568
21
0.6407309448818898
0
LINE
8
BLACK
6
CONTINUOUS
10
1.1272982283464568
20
0.6407309448818898
11
1.1267677952755906
21
0.6396700787401575
0
LINE
8
BLACK
6
CONTINUOUS
10
1.1267677952755906
20
0.6396700787401575
11
1.1264663779527559
21
0.639471062992126
0
LINE
8
BLACK
6
CONTINUOUS
10
1.1264663779527559
20
0.639471062992126
11
1.1262674015748031
21
0.6391696850393701
0
LINE
8
BLACK
6
CONTINUOUS
10
1.1262674015748031
20
0.6391696850393701
11
1.1252063385826772
21
0.6386391732283464
0
LINE
8
BLACK
6
CONTINUOUS
10
1.1252063385826772
20
0.6386391732283464
11
1.1242167322834646
21
0.6379857874015747
0
LINE
8
BLACK
6
CONTINUOUS
10
1.1242167322834646
20
0.6379857874015747
11
1.0651616141732283
21
0.618300748031496
0
LINE
8
BLACK
6
CONTINUOUS
10
1.0651616141732283
20
0.618300748031496
11
1.0621101968503937
21
0.6181175590551181
0
LINE
8
BLACK
6
CONTINUOUS
10
1.0621101968503937
20
0.6181175590551181
11
1.0593759842519685
21
0.61948468503937
0
LINE
8
BLACK
6
CONTINUOUS
10
1.0593759842519685
20
0.61948468503937
11
1.0576916929133857
21
0.6220357086614173
0
LINE
8
BLACK
6
CONTINUOUS
10
1.0576916929133857
20
0.6220357086614173
11
1.0575085039370078
21
0.625087125984252
0
LINE
8
BLACK
6
CONTINUOUS
10
1.0575085039370078
20
0.625087125984252
11
1.0588756299212598
21
0.6278213385826772
0
LINE
8
BLACK
6
CONTINUOUS
10
1.0588756299212598
20
0.6278213385826772
11
1.061426653543307
21
0.6295056299212598
0
LINE
8
BLACK
6
CONTINUOUS
10
1.061426653543307
20
0.6295056299212598
11
1.0742614960629921
21
0.6337838976377953
0
LINE
8
BLACK
6
CONTINUOUS
10
1.0742614960629921
20
0.6337838976377953
11
1.0742614960629921
21
0.6533925196850393
0
LINE
8
BLACK
6
CONTINUOUS
10
1.0742614960629921
20
0.6533925196850393
11
1.061426653543307
21
0.6576708267716536
0
LINE
8
BLACK
6
CONTINUOUS
10
1.061426653543307
20
0.6576708267716536
11
1.0588756299212598
21
0.6593551181102362
0
LINE
8
BLACK
6
CONTINUOUS
10
1.0588756299212598
20
0.6593551181102362
11
1.0575085039370078
21
0.6620893307086614
0
LINE
8
BLACK
6
CONTINUOUS
10
1.0575085039370078
20
0.6620893307086614
11
1.0576916929133857
21
0.665140748031496
0
LINE
8
BLACK
6
CONTINUOUS
10
1.0576916929133857
20
0.665140748031496
11
1.0593759842519685
21
0.6676917716535433
0
LINE
8
BLACK
6
CONTINUOUS
10
1.0593759842519685
20
0.6676917716535433
11
1.0619470472440944
21
0.6689773228346456
0
LINE
8
BLACK
6
CONTINUOUS
10
1.0619470472440944
20
0.6689773228346456
11
1.060341377952756
21
0.6694075590551181
0
LINE
8
BLACK
6
CONTINUOUS
10
1.060341377952756
20
0.6694075590551181
11
1.0581798031496064
21
0.6715691338582677
0
LINE
8
BLACK
6
CONTINUOUS
10
1.0581798031496064
20
0.6715691338582677
11
1.0573886220472442
21
0.6745218897637795
0
LINE
8
BLACK
6
CONTINUOUS
10
1.0573886220472442
20
0.6745218897637795
11
1.0573886220472442
21
0.7026433858267717
0
LINE
8
BLACK
6
CONTINUOUS
10
1.0573886220472442
20
0.7026433858267717
11
1.0581798031496064
21
0.7055961417322835
0
LINE
8
BLACK
6
CONTINUOUS
10
1.0581798031496064
20
0.7055961417322835
11
1.060341377952756
21
0.7077577165354331
0
LINE
8
BLACK
6
CONTINUOUS
10
1.060341377952756
20
0.7077577165354331
11
1.0632941338582678
21
0.7085488976377953
0
LINE
8
BLACK
6
CONTINUOUS
10
1.0632941338582678
20
0.7085488976377953
11
1.1223492519685039
21
0.7085488976377953
0
LINE
8
BLACK
6
CONTINUOUS
10
1.1223492519685039
20
0.7085488976377953
11
1.1253020078740157
21
0.7077577165354331
0
LINE
8
BLACK
6
CONTINUOUS
10
1.0860725196850394
20
0.637720905511811
11
1.1036743307086614
21
0.6435882283464567
0
LINE
8
BLACK
6
CONTINUOUS
10
1.1036743307086614
20
0.6435882283464567
11
1.0860725196850394
21
0.6494555118110236
0
LINE
8
BLACK
6
CONTINUOUS
10
1.0860725196850394
20
0.6494555118110236
11
1.0860725196850394
21
0.637720905511811
0
LINE
8
BLACK
6
CONTINUOUS
10
0.0830762992125984
20
0.6683391338582677
11
0.0830894094488189
21
0.6683425984251968
0
LINE
8
BLACK
6
CONTINUOUS
10
0.0830894094488189
20
0.6683425984251968
11
0.0845458661417323
21
0.6679453543307087
0
LINE
8
BLACK
6
CONTINUOUS
10
0.0845458661417323
20
0.6679453543307087
11
0.086015905511811
21
0.6675514960629921
0
LINE
8
BLACK
6
CONTINUOUS
10
0.086015905511811
20
0.6675514960629921
11
0.0860255511811024
21
0.667541811023622
0
LINE
8
BLACK
6
CONTINUOUS
10
0.0860255511811024
20
0.667541811023622
11
0.0860386614173228
21
0.6675382677165355
0
LINE
8
BLACK
6
CONTINUOUS
10
0.0860386614173228
20
0.6675382677165355
11
0.0871035826771654
21
0.6664637795275591
0
LINE
8
BLACK
6
CONTINUOUS
10
0.0871035826771654
20
0.6664637795275591
11
0.0881774803149606
21
0.6653899212598425
0
LINE
8
BLACK
6
CONTINUOUS
10
0.0881774803149606
20
0.6653899212598425
11
0.0881809842519685
21
0.6653767322834645
0
LINE
8
BLACK
6
CONTINUOUS
10
0.0881809842519685
20
0.6653767322834645
11
0.0881905511811024
21
0.665367125984252
0
LINE
8
BLACK
6
CONTINUOUS
10
0.0881905511811024
20
0.665367125984252
11
0.0885750393700787
21
0.6639060236220472
0
LINE
8
BLACK
6
CONTINUOUS
10
0.0885750393700787
20
0.6639060236220472
11
0.0889686614173228
21
0.6624371653543307
0
LINE
8
BLACK
6
CONTINUOUS
10
0.0889686614173228
20
0.6624371653543307
11
0.0889651181102362
21
0.6624239763779527
0
LINE
8
BLACK
6
CONTINUOUS
10
0.0889651181102362
20
0.6624239763779527
11
0.0889685826771654
21
0.6624108661417323
0
LINE
8
BLACK
6
CONTINUOUS
10
0.0889685826771654
20
0.6624108661417323
11
0.088571062992126
21
0.6609532677165354
0
LINE
8
BLACK
6
CONTINUOUS
10
0.088571062992126
20
0.6609532677165354
11
0.0881774803149606
21
0.6594844094488189
0
LINE
8
BLACK
6
CONTINUOUS
10
0.0881774803149606
20
0.6594844094488189
11
0.0881677952755905
21
0.6594747244094488
0
LINE
8
BLACK
6
CONTINUOUS
10
0.0881677952755905
20
0.6594747244094488
11
0.0881642519685039
21
0.6594616535433071
0
LINE
8
BLACK
6
CONTINUOUS
10
0.0881642519685039
20
0.6594616535433071
11
0.0870875590551181
21
0.6583944881889764
0
LINE
8
BLACK
6
CONTINUOUS
10
0.0870875590551181
20
0.6583944881889764
11
0.086015905511811
21
0.6573228346456693
0
LINE
8
BLACK
6
CONTINUOUS
10
0.086015905511811
20
0.6573228346456693
11
0.0860027559055118
21
0.6573192913385827
0
LINE
8
BLACK
6
CONTINUOUS
10
0.0860027559055118
20
0.6573192913385827
11
0.0859931102362205
21
0.6573097244094488
0
LINE
8
BLACK
6
CONTINUOUS
10
0.0859931102362205
20
0.6573097244094488
11
0.0541196456692913
21
0.6390963385826771
0
LINE
8
BLACK
6
CONTINUOUS
10
0.0541196456692913
20
0.6390963385826771
11
0.0830631496062992
21
0.6390963385826771
0
LINE
8
BLACK
6
CONTINUOUS
10
0.0830631496062992
20
0.6390963385826771
11
0.086015905511811
21
0.6383051574803149
0
LINE
8
BLACK
6
CONTINUOUS
10
0.086015905511811
20
0.6383051574803149
11
0.0881774803149606
21
0.6361435826771653
0
LINE
8
BLACK
6
CONTINUOUS
10
0.0881774803149606
20
0.6361435826771653
11
0.0889686614173228
21
0.6331908267716535
0
LINE
8
BLACK
6
CONTINUOUS
10
0.0889686614173228
20
0.6331908267716535
11
0.0881774803149606
21
0.6302380708661417
0
LINE
8
BLACK
6
CONTINUOUS
10
0.0881774803149606
20
0.6302380708661417
11
0.086015905511811
21
0.6280764960629921
0
LINE
8
BLACK
6
CONTINUOUS
10
0.086015905511811
20
0.6280764960629921
11
0.0830631496062992
21
0.6272853149606299
0
LINE
8
BLACK
6
CONTINUOUS
10
0.0830631496062992
20
0.6272853149606299
11
0.0318820472440945
21
0.6272853149606299
0
LINE
8
BLACK
6
CONTINUOUS
10
0.0318820472440945
20
0.6272853149606299
11
0.031868937007874
21
0.6272888188976378
0
LINE
8
BLACK
6
CONTINUOUS
10
0.031868937007874
20
0.6272888188976378
11
0.0318557480314961
21
0.6272853543307086
0
LINE
8
BLACK
6
CONTINUOUS
10
0.0318557480314961
20
0.6272853543307086
11
0.0303899212598425
21
0.6276851181102362
0
LINE
8
BLACK
6
CONTINUOUS
10
0.0303899212598425
20
0.6276851181102362
11
0.0289292913385827
21
0.6280764960629921
0
LINE
8
BLACK
6
CONTINUOUS
10
0.0289292913385827
20
0.6280764960629921
11
0.0289196850393701
21
0.628086062992126
0
LINE
8
BLACK
6
CONTINUOUS
10
0.0289196850393701
20
0.628086062992126
11
0.0289065354330709
21
0.62808968503937
0
LINE
8
BLACK
6
CONTINUOUS
10
0.0289065354330709
20
0.62808968503937
11
0.0278393700787402
21
0.6291663779527559
0
LINE
8
BLACK
6
CONTINUOUS
10
0.0278393700787402
20
0.6291663779527559
11
0.0267677165354331
21
0.6302380708661417
0
LINE
8
BLACK
6
CONTINUOUS
10
0.0267677165354331
20
0.6302380708661417
11
0.0267641732283465
21
0.630251220472441
0
LINE
8
BLACK
6
CONTINUOUS
10
0.0267641732283465
20
0.630251220472441
11
0.0267546456692913
21
0.6302608661417323
0
LINE
8
BLACK
6
CONTINUOUS
10
0.0267546456692913
20
0.6302608661417323
11
0.0263690157480315
21
0.6317260236220472
0
LINE
8
BLACK
6
CONTINUOUS
10
0.0263690157480315
20
0.6317260236220472
11
0.0259765354330709
21
0.6331908267716535
0
LINE
8
BLACK
6
CONTINUOUS
10
0.0259765354330709
20
0.6331908267716535
11
0.0259800393700787
21
0.6332038976377953
0
LINE
8
BLACK
6
CONTINUOUS
10
0.0259800393700787
20
0.6332038976377953
11
0.0259765748031496
21
0.6332171259842519
0
LINE
8
BLACK
6
CONTINUOUS
10
0.0259765748031496
20
0.6332171259842519
11
0.0263763385826772
21
0.6346829133858267
0
LINE
8
BLACK
6
CONTINUOUS
10
0.0263763385826772
20
0.6346829133858267
11
0.0267677165354331
21
0.6361435826771653
0
LINE
8
BLACK
6
CONTINUOUS
10
0.0267677165354331
20
0.6361435826771653
11
0.0267772834645669
21
0.6361531496062992
0
LINE
8
BLACK
6
CONTINUOUS
10
0.0267772834645669
20
0.6361531496062992
11
0.026780905511811
21
0.6361663385826771
0
LINE
8
BLACK
6
CONTINUOUS
10
0.026780905511811
20
0.6361663385826771
11
0.0278575984251969
21
0.6372334645669291
0
LINE
8
BLACK
6
CONTINUOUS
10
0.0278575984251969
20
0.6372334645669291
11
0.0289292913385827
21
0.6383051574803149
0
LINE
8
BLACK
6
CONTINUOUS
10
0.0289292913385827
20
0.6383051574803149
11
0.0289424409448819
21
0.6383086614173228
0
LINE
8
BLACK
6
CONTINUOUS
10
0.0289424409448819
20
0.6383086614173228
11
0.0289520866141732
21
0.6383182283464567
0
LINE
8
BLACK
6
CONTINUOUS
10
0.0289520866141732
20
0.6383182283464567
11
0.0608255905511811
21
0.6565316535433071
0
LINE
8
BLACK
6
CONTINUOUS
10
0.0608255905511811
20
0.6565316535433071
11
0.0318820472440945
21
0.6565316535433071
0
LINE
8
BLACK
6
CONTINUOUS
10
0.0318820472440945
20
0.6565316535433071
11
0.0289292913385827
21
0.6573228346456693
0
LINE
8
BLACK
6
CONTINUOUS
10
0.0289292913385827
20
0.6573228346456693
11
0.0267677165354331
21
0.6594844094488189
0
LINE
8
BLACK
6
CONTINUOUS
10
0.0267677165354331
20
0.6594844094488189
11
0.0259765354330709
21
0.6624371653543307
0
LINE
8
BLACK
6
CONTINUOUS
10
0.0259765354330709
20
0.6624371653543307
11
0.0267677165354331
21
0.6653899212598425
0
LINE
8
BLACK
6
CONTINUOUS
10
0.0267677165354331
20
0.6653899212598425
11
0.0289292913385827
21
0.6675514960629921
0
LINE
8
BLACK
6
CONTINUOUS
10
0.0289292913385827
20
0.6675514960629921
11
0.0318820472440945
21
0.6683426771653543
0
LINE
8
BLACK
6
CONTINUOUS
10
0.0318820472440945
20
0.6683426771653543
11
0.0830631496062992
21
0.6683426771653543
0
LINE
8
BLACK
6
CONTINUOUS
10
0.0830631496062992
20
0.6683426771653543
11
0.0830762992125984
21
0.6683391338582677
0
LINE
8
BLACK
6
CONTINUOUS
10
1.2333680314960629
20
0.6869542125984252
11
1.2340964960629921
21
0.6869664960629921
0
LINE
8
BLACK
6
CONTINUOUS
10
1.2340964960629921
20
0.6869664960629921
11
1.2453450787401574
21
0.6841543700787401
0
LINE
8
BLACK
6
CONTINUOUS
10
1.2453450787401574
20
0.6841543700787401
11
1.2453898818897637
21
0.6841294881889763
0
LINE
8
BLACK
6
CONTINUOUS
10
1.2453898818897637
20
0.6841294881889763
11
1.2454412598425197
21
0.6841294881889763
0
LINE
8
BLACK
6
CONTINUOUS
10
1.2454412598425197
20
0.6841294881889763
11
1.2467240551181102
21
0.6833888188976378
0
LINE
8
BLACK
6
CONTINUOUS
10
1.2467240551181102
20
0.6833888188976378
11
1.2480177952755904
21
0.6826706692913386
0
LINE
8
BLACK
6
CONTINUOUS
10
1.2480177952755904
20
0.6826706692913386
11
1.2480441732283465
21
0.6826266535433071
0
LINE
8
BLACK
6
CONTINUOUS
10
1.2480441732283465
20
0.6826266535433071
11
1.248088622047244
21
0.6826010236220472
0
LINE
8
BLACK
6
CONTINUOUS
10
1.248088622047244
20
0.6826010236220472
11
1.2537129133858267
21
0.6769767322834646
0
LINE
8
BLACK
6
CONTINUOUS
10
1.2537129133858267
20
0.6769767322834646
11
1.2541882677165355
21
0.6761533070866141
0
LINE
8
BLACK
6
CONTINUOUS
10
1.2541882677165355
20
0.6761533070866141
11
1.2548191338582677
21
0.6754419291338583
0
LINE
8
BLACK
6
CONTINUOUS
10
1.2548191338582677
20
0.6754419291338583
11
1.2576312992125984
21
0.6698175984251968
0
LINE
8
BLACK
6
CONTINUOUS
10
1.2576312992125984
20
0.6698175984251968
11
1.2579034251968504
21
0.6684876377952755
0
LINE
8
BLACK
6
CONTINUOUS
10
1.2579034251968504
20
0.6684876377952755
11
1.2582547637795276
21
0.6671765748031496
0
LINE
8
BLACK
6
CONTINUOUS
10
1.2582547637795276
20
0.6671765748031496
11
1.2582547637795276
21
0.6559279921259842
0
LINE
8
BLACK
6
CONTINUOUS
10
1.2582547637795276
20
0.6559279921259842
11
1.2579034645669291
21
0.6546169291338583
0
LINE
8
BLACK
6
CONTINUOUS
10
1.2579034645669291
20
0.6546169291338583
11
1.2576312992125984
21
0.6532869291338582
0
LINE
8
BLACK
6
CONTINUOUS
10
1.2576312992125984
20
0.6532869291338582
11
1.2548191338582677
21
0.6476626771653543
0
LINE
8
BLACK
6
CONTINUOUS
10
1.2548191338582677
20
0.6476626771653543
11
1.2541883070866142
21
0.6469512992125984
0
LINE
8
BLACK
6
CONTINUOUS
10
1.2541883070866142
20
0.6469512992125984
11
1.2537129133858267
21
0.646127874015748
0
LINE
8
BLACK
6
CONTINUOUS
10
1.2537129133858267
20
0.646127874015748
11
1.248088622047244
21
0.6405035826771653
0
LINE
8
BLACK
6
CONTINUOUS
10
1.248088622047244
20
0.6405035826771653
11
1.2480441732283465
21
0.6404779133858267
0
LINE
8
BLACK
6
CONTINUOUS
10
1.2480441732283465
20
0.6404779133858267
11
1.2480177952755904
21
0.640433937007874
0
LINE
8
BLACK
6
CONTINUOUS
10
1.2480177952755904
20
0.640433937007874
11
1.2467240551181102
21
0.639715748031496
0
LINE
8
BLACK
6
CONTINUOUS
10
1.2467240551181102
20
0.639715748031496
11
1.2454412598425197
21
0.6389751181102362
0
LINE
8
BLACK
6
CONTINUOUS
10
1.2454412598425197
20
0.6389751181102362
11
1.2453898818897637
21
0.6389751181102362
0
LINE
8
BLACK
6
CONTINUOUS
10
1.2453898818897637
20
0.6389751181102362
11
1.2453450787401574
21
0.6389502362204724
0
LINE
8
BLACK
6
CONTINUOUS
10
1.2453450787401574
20
0.6389502362204724
11
1.2340965354330709
21
0.6361380708661417
0
LINE
8
BLACK
6
CONTINUOUS
10
1.2340965354330709
20
0.6361380708661417
11
1.2333679921259841
21
0.6361503149606299
0
LINE
8
BLACK
6
CONTINUOUS
10
1.2333679921259841
20
0.6361503149606299
11
1.2326642125984251
21
0.6359617322834645
0
LINE
8
BLACK
6
CONTINUOUS
10
1.2326642125984251
20
0.6359617322834645
11
1.2129791732283464
21
0.6359617322834645
0
LINE
8
BLACK
6
CONTINUOUS
10
1.2129791732283464
20
0.6359617322834645
11
1.2122753543307085
21
0.6361503149606299
0
LINE
8
BLACK
6
CONTINUOUS
10
1.2122753543307085
20
0.6361503149606299
11
1.2115468503937008
21
0.6361380708661417
0
LINE
8
BLACK
6
CONTINUOUS
10
1.2115468503937008
20
0.6361380708661417
11
1.2002982677165355
21
0.6389502362204724
0
LINE
8
BLACK
6
CONTINUOUS
10
1.2002982677165355
20
0.6389502362204724
11
1.2002534645669292
21
0.6389751181102362
0
LINE
8
BLACK
6
CONTINUOUS
10
1.2002534645669292
20
0.6389751181102362
11
1.2002021259842519
21
0.6389751181102362
0
LINE
8
BLACK
6
CONTINUOUS
10
1.2002021259842519
20
0.6389751181102362
11
1.1989197637795275
21
0.6397154724409448
0
LINE
8
BLACK
6
CONTINUOUS
10
1.1989197637795275
20
0.6397154724409448
11
1.197625590551181
21
0.640433937007874
0
LINE
8
BLACK
6
CONTINUOUS
10
1.197625590551181
20
0.640433937007874
11
1.1975991732283464
21
0.6404779133858267
0
LINE
8
BLACK
6
CONTINUOUS
10
1.1975991732283464
20
0.6404779133858267
11
1.1975547637795276
21
0.6405035826771653
0
LINE
8
BLACK
6
CONTINUOUS
10
1.1975547637795276
20
0.6405035826771653
11
1.1919304724409447
21
0.646127874015748
0
LINE
8
BLACK
6
CONTINUOUS
10
1.1919304724409447
20
0.646127874015748
11
1.1914550393700787
21
0.6469512992125984
0
LINE
8
BLACK
6
CONTINUOUS
10
1.1914550393700787
20
0.6469512992125984
11
1.1908242519685039
21
0.6476626771653543
0
LINE
8
BLACK
6
CONTINUOUS
10
1.1908242519685039
20
0.6476626771653543
11
1.1880120866141732
21
0.653286968503937
0
LINE
8
BLACK
6
CONTINUOUS
10
1.1880120866141732
20
0.653286968503937
11
1.1877399212598425
21
0.6546168897637795
0
LINE
8
BLACK
6
CONTINUOUS
10
1.1877399212598425
20
0.6546168897637795
11
1.187388622047244
21
0.6559279921259842
0
LINE
8
BLACK
6
CONTINUOUS
10
1.187388622047244
20
0.6559279921259842
11
1.187388622047244
21
0.6671765748031496
0
LINE
8
BLACK
6
CONTINUOUS
10
1.187388622047244
20
0.6671765748031496
11
1.1877399212598425
21
0.6684876377952755
0
LINE
8
BLACK
6
CONTINUOUS
10
1.1877399212598425
20
0.6684876377952755
11
1.1880120866141732
21
0.6698175984251968
0
LINE
8
BLACK
6
CONTINUOUS
10
1.1880120866141732
20
0.6698175984251968
11
1.1908242519685039
21
0.6754419291338583
0
LINE
8
BLACK
6
CONTINUOUS
10
1.1908242519685039
20
0.6754419291338583
11
1.1914550787401574
21
0.6761533070866141
0
LINE
8
BLACK
6
CONTINUOUS
10
1.1914550787401574
20
0.6761533070866141
11
1.1919304724409447
21
0.6769767322834646
0
LINE
8
BLACK
6
CONTINUOUS
10
1.1919304724409447
20
0.6769767322834646
11
1.1975547637795276
21
0.6826010236220472
0
LINE
8
BLACK
6
CONTINUOUS
10
1.1975547637795276
20
0.6826010236220472
11
1.1975991732283464
21
0.6826266535433071
0
LINE
8
BLACK
6
CONTINUOUS
10
1.1975991732283464
20
0.6826266535433071
11
1.197625590551181
21
0.6826706692913386
0
LINE
8
BLACK
6
CONTINUOUS
10
1.197625590551181
20
0.6826706692913386
11
1.1989192913385827
21
0.6833888188976378
0
LINE
8
BLACK
6
CONTINUOUS
10
1.1989192913385827
20
0.6833888188976378
11
1.2002021259842519
21
0.6841294881889763
0
LINE
8
BLACK
6
CONTINUOUS
10
1.2002021259842519
20
0.6841294881889763
11
1.2002535039370079
21
0.6841294881889763
0
LINE
8
BLACK
6
CONTINUOUS
10
1.2002535039370079
20
0.6841294881889763
11
1.2002983070866142
21
0.6841543700787401
0
LINE
8
BLACK
6
CONTINUOUS
10
1.2002983070866142
20
0.6841543700787401
11
1.2115468897637796
21
0.6869664960629921
0
LINE
8
BLACK
6
CONTINUOUS
10
1.2115468897637796
20
0.6869664960629921
11
1.2122753149606298
21
0.6869542125984252
0
LINE
8
BLACK
6
CONTINUOUS
10
1.2122753149606298
20
0.6869542125984252
11
1.2129791732283464
21
0.6871428346456693
0
LINE
8
BLACK
6
CONTINUOUS
10
1.2129791732283464
20
0.6871428346456693
11
1.2326642125984251
21
0.6871428346456693
0
LINE
8
BLACK
6
CONTINUOUS
10
1.2326642125984251
20
0.6871428346456693
11
1.2333680314960629
21
0.6869542125984252
0
LINE
8
BLACK
6
CONTINUOUS
10
1.2047497637795275
20
0.673092716535433
11
1.2009597637795275
21
0.6693027165354331
0
LINE
8
BLACK
6
CONTINUOUS
10
1.2009597637795275
20
0.6693027165354331
11
1.1991996456692913
21
0.6657824803149606
0
LINE
8
BLACK
6
CONTINUOUS
10
1.1991996456692913
20
0.6657824803149606
11
1.1991996456692913
21
0.6573220866141732
0
LINE
8
BLACK
6
CONTINUOUS
10
1.1991996456692913
20
0.6573220866141732
11
1.2009597637795275
21
0.6538018503937008
0
LINE
8
BLACK
6
CONTINUOUS
10
1.2009597637795275
20
0.6538018503937008
11
1.2047497637795275
21
0.6500118503937008
0
LINE
8
BLACK
6
CONTINUOUS
10
1.2047497637795275
20
0.6500118503937008
11
1.2137061023622047
21
0.6477727559055118
0
LINE
8
BLACK
6
CONTINUOUS
10
1.2137061023622047
20
0.6477727559055118
11
1.2319372440944882
21
0.6477727559055118
0
LINE
8
BLACK
6
CONTINUOUS
10
1.2319372440944882
20
0.6477727559055118
11
1.2408935826771654
21
0.6500118503937008
0
LINE
8
BLACK
6
CONTINUOUS
10
1.2408935826771654
20
0.6500118503937008
11
1.2446836220472441
21
0.6538018897637795
0
LINE
8
BLACK
6
CONTINUOUS
10
1.2446836220472441
20
0.6538018897637795
11
1.2464437401574804
21
0.6573220866141732
0
LINE
8
BLACK
6
CONTINUOUS
10
1.2464437401574804
20
0.6573220866141732
11
1.2464437401574804
21
0.6657824803149606
0
LINE
8
BLACK
6
CONTINUOUS
10
1.2464437401574804
20
0.6657824803149606
11
1.2446836220472441
21
0.6693027165354331
0
LINE
8
BLACK
6
CONTINUOUS
10
1.2446836220472441
20
0.6693027165354331
11
1.2408935826771654
21
0.673092716535433
0
LINE
8
BLACK
6
CONTINUOUS
10
1.2408935826771654
20
0.673092716535433
11
1.231937283464567
21
0.6753318110236221
0
LINE
8
BLACK
6
CONTINUOUS
10
1.231937283464567
20
0.6753318110236221
11
1.2137061023622047
21
0.6753318110236221
0
LINE
8
BLACK
6
CONTINUOUS
10
1.2137061023622047
20
0.6753318110236221
11
1.2047497637795275
21
0.673092716535433
0
LINE
8
BLACK
6
CONTINUOUS
10
0.8315188976377953
20
0.7093181889763779
11
0.898448031496063
21
0.6870085039370079
0
LINE
8
BLACK
6
CONTINUOUS
10
0.898448031496063
20
0.6870085039370079
11
0.8994379527559055
21
0.6863548818897638
0
LINE
8
BLACK
6
CONTINUOUS
10
0.8994379527559055
20
0.6863548818897638
11
0.9004986614173228
21
0.6858245275590551
0
LINE
8
BLACK
6
CONTINUOUS
10
0.9004986614173228
20
0.6858245275590551
11
0.9006975984251968
21
0.685523188976378
0
LINE
8
BLACK
6
CONTINUOUS
10
0.9006975984251968
20
0.685523188976378
11
0.9009990551181102
21
0.6853241732283465
0
LINE
8
BLACK
6
CONTINUOUS
10
0.9009990551181102
20
0.6853241732283465
11
0.9015294881889764
21
0.6842631889763779
0
LINE
8
BLACK
6
CONTINUOUS
10
0.9015294881889764
20
0.6842631889763779
11
0.9021829921259842
21
0.6832735039370078
0
LINE
8
BLACK
6
CONTINUOUS
10
0.9021829921259842
20
0.6832735039370078
11
0.9022046062992126
21
0.6829129527559055
0
LINE
8
BLACK
6
CONTINUOUS
10
0.9022046062992126
20
0.6829129527559055
11
0.9023661417322835
21
0.6825899606299213
0
LINE
8
BLACK
6
CONTINUOUS
10
0.9023661417322835
20
0.6825899606299213
11
0.9022950787401575
21
0.6814060236220473
0
LINE
8
BLACK
6
CONTINUOUS
10
0.9022950787401575
20
0.6814060236220473
11
0.9023661417322835
21
0.6802220866141732
0
LINE
8
BLACK
6
CONTINUOUS
10
0.9023661417322835
20
0.6802220866141732
11
0.9022046062992126
21
0.6798990551181102
0
LINE
8
BLACK
6
CONTINUOUS
10
0.9022046062992126
20
0.6798990551181102
11
0.9021829921259842
21
0.6795385433070866
0
LINE
8
BLACK
6
CONTINUOUS
10
0.9021829921259842
20
0.6795385433070866
11
0.9015294881889764
21
0.6785488188976377
0
LINE
8
BLACK
6
CONTINUOUS
10
0.9015294881889764
20
0.6785488188976377
11
0.9009990551181102
21
0.6774878740157481
0
LINE
8
BLACK
6
CONTINUOUS
10
0.9009990551181102
20
0.6774878740157481
11
0.9006975984251968
21
0.6772888188976378
0
LINE
8
BLACK
6
CONTINUOUS
10
0.9006975984251968
20
0.6772888188976378
11
0.9004986614173228
21
0.6769875196850393
0
LINE
8
BLACK
6
CONTINUOUS
10
0.9004986614173228
20
0.6769875196850393
11
0.8994379527559055
21
0.676457125984252
0
LINE
8
BLACK
6
CONTINUOUS
10
0.8994379527559055
20
0.676457125984252
11
0.898448031496063
21
0.6758035433070866
0
LINE
8
BLACK
6
CONTINUOUS
10
0.898448031496063
20
0.6758035433070866
11
0.8315188976377953
21
0.6534938582677166
0
LINE
8
BLACK
6
CONTINUOUS
10
0.8315188976377953
20
0.6534938582677166
11
0.8284674803149606
21
0.6533106692913385
0
LINE
8
BLACK
6
CONTINUOUS
10
0.8284674803149606
20
0.6533106692913385
11
0.8257332677165354
21
0.6546777559055118
0
LINE
8
BLACK
6
CONTINUOUS
10
0.8257332677165354
20
0.6546777559055118
11
0.8240489763779527
21
0.6572288188976377
0
LINE
8
BLACK
6
CONTINUOUS
10
0.8240489763779527
20
0.6572288188976377
11
0.8238657874015748
21
0.6602802362204724
0
LINE
8
BLACK
6
CONTINUOUS
10
0.8238657874015748
20
0.6602802362204724
11
0.825232874015748
21
0.6630144488188976
0
LINE
8
BLACK
6
CONTINUOUS
10
0.825232874015748
20
0.6630144488188976
11
0.827783937007874
21
0.6646987401574803
0
LINE
8
BLACK
6
CONTINUOUS
10
0.827783937007874
20
0.6646987401574803
11
0.8428685039370079
21
0.6697269291338582
0
LINE
8
BLACK
6
CONTINUOUS
10
0.8428685039370079
20
0.6697269291338582
11
0.8428685039370079
21
0.6930850787401575
0
LINE
8
BLACK
6
CONTINUOUS
10
0.8428685039370079
20
0.6930850787401575
11
0.827783937007874
21
0.6981133070866141
0
LINE
8
BLACK
6
CONTINUOUS
10
0.827783937007874
20
0.6981133070866141
11
0.825232874015748
21
0.6997975984251968
0
LINE
8
BLACK
6
CONTINUOUS
10
0.825232874015748
20
0.6997975984251968
11
0.8238657874015748
21
0.7025318110236221
0
LINE
8
BLACK
6
CONTINUOUS
10
0.8238657874015748
20
0.7025318110236221
11
0.8240489763779527
21
0.7055832283464567
0
LINE
8
BLACK
6
CONTINUOUS
10
0.8240489763779527
20
0.7055832283464567
11
0.8257332677165354
21
0.7081342913385826
0
LINE
8
BLACK
6
CONTINUOUS
10
0.8257332677165354
20
0.7081342913385826
11
0.8284674803149606
21
0.7095013779527559
0
LINE
8
BLACK
6
CONTINUOUS
10
0.8284674803149606
20
0.7095013779527559
11
0.8315188976377953
21
0.7093181889763779
0
LINE
8
BLACK
6
CONTINUOUS
10
0.8546795275590551
20
0.673663937007874
11
0.8779057086614173
21
0.6814060236220473
0
LINE
8
BLACK
6
CONTINUOUS
10
0.8779057086614173
20
0.6814060236220473
11
0.8546795275590551
21
0.6891480708661417
0
LINE
8
BLACK
6
CONTINUOUS
10
0.8546795275590551
20
0.6891480708661417
11
0.8546795275590551
21
0.673663937007874
0
LINE
8
BLACK
6
CONTINUOUS
10
0.9440451181102362
20
0.7097537401574803
11
0.9448225984251968
21
0.7097537401574803
0
LINE
8
BLACK
6
CONTINUOUS
10
0.9448225984251968
20
0.7097537401574803
11
0.945495905511811
21
0.709365
0
LINE
8
BLACK
6
CONTINUOUS
10
0.945495905511811
20
0.709365
11
0.9462468897637795
21
0.709163779527559
0
LINE
8
BLACK
6
CONTINUOUS
10
0.9462468897637795
20
0.709163779527559
11
0.9467966535433071
21
0.7086139763779528
0
LINE
8
BLACK
6
CONTINUOUS
10
0.9467966535433071
20
0.7086139763779528
11
0.9474699606299213
21
0.7082252755905512
0
LINE
8
BLACK
6
CONTINUOUS
10
0.9474699606299213
20
0.7082252755905512
11
0.9802299606299212
21
0.6754652362204724
0
LINE
8
BLACK
6
CONTINUOUS
10
0.9802299606299212
20
0.6754652362204724
11
0.9864347637795275
21
0.6733970078740157
0
LINE
8
BLACK
6
CONTINUOUS
10
0.9864347637795275
20
0.6733970078740157
11
0.9897065748031496
21
0.6733970078740157
0
LINE
8
BLACK
6
CONTINUOUS
10
0.9897065748031496
20
0.6733970078740157
11
0.9932267716535433
21
0.6751571259842519
0
LINE
8
BLACK
6
CONTINUOUS
10
0.9932267716535433
20
0.6751571259842519
11
0.9946835826771653
21
0.6766139763779527
0
LINE
8
BLACK
6
CONTINUOUS
10
0.9946835826771653
20
0.6766139763779527
11
0.9964437401574803
21
0.6801342125984252
0
LINE
8
BLACK
6
CONTINUOUS
10
0.9964437401574803
20
0.6801342125984252
11
0.9964437401574803
21
0.6914067322834645
0
LINE
8
BLACK
6
CONTINUOUS
10
0.9964437401574803
20
0.6914067322834645
11
0.994683622047244
21
0.6949269291338582
0
LINE
8
BLACK
6
CONTINUOUS
10
0.994683622047244
20
0.6949269291338582
11
0.9925491338582677
21
0.6970614566929134
0
LINE
8
BLACK
6
CONTINUOUS
10
0.9925491338582677
20
0.6970614566929134
11
0.9910206692913386
21
0.6997088188976378
0
LINE
8
BLACK
6
CONTINUOUS
10
0.9910206692913386
20
0.6997088188976378
11
0.9910206692913386
21
0.7027657480314961
0
LINE
8
BLACK
6
CONTINUOUS
10
0.9910206692913386
20
0.7027657480314961
11
0.9925491338582677
21
0.7054131102362204
0
LINE
8
BLACK
6
CONTINUOUS
10
0.9925491338582677
20
0.7054131102362204
11
0.9951964960629921
21
0.7069415748031496
0
LINE
8
BLACK
6
CONTINUOUS
10
0.9951964960629921
20
0.7069415748031496
11
0.9982534251968503
21
0.7069415748031496
0
LINE
8
BLACK
6
CONTINUOUS
10
0.9982534251968503
20
0.7069415748031496
11
1.0009007874015747
21
0.7054131102362204
0
LINE
8
BLACK
6
CONTINUOUS
10
1.0009007874015747
20
0.7054131102362204
11
1.0037129133858267
21
0.7026009842519685
0
LINE
8
BLACK
6
CONTINUOUS
10
1.0037129133858267
20
0.7026009842519685
11
1.0041883070866142
21
0.7017775196850393
0
LINE
8
BLACK
6
CONTINUOUS
10
1.0041883070866142
20
0.7017775196850393
11
1.0048191338582677
21
0.7010661811023622
0
LINE
8
BLACK
6
CONTINUOUS
10
1.0048191338582677
20
0.7010661811023622
11
1.0076312992125984
21
0.6954419291338583
0
LINE
8
BLACK
6
CONTINUOUS
10
1.0076312992125984
20
0.6954419291338583
11
1.0079034645669291
21
0.6941118897637795
0
LINE
8
BLACK
6
CONTINUOUS
10
1.0079034645669291
20
0.6941118897637795
11
1.0082547637795276
21
0.6928008661417323
0
LINE
8
BLACK
6
CONTINUOUS
10
1.0082547637795276
20
0.6928008661417323
11
1.0082547637795276
21
0.6787401181102362
0
LINE
8
BLACK
6
CONTINUOUS
10
1.0082547637795276
20
0.6787401181102362
11
1.0079034645669291
21
0.6774290551181102
0
LINE
8
BLACK
6
CONTINUOUS
10
1.0079034645669291
20
0.6774290551181102
11
1.0076312992125984
21
0.6760990551181102
0
LINE
8
BLACK
6
CONTINUOUS
10
1.0076312992125984
20
0.6760990551181102
11
1.0048191338582677
21
0.6704748031496063
0
LINE
8
BLACK
6
CONTINUOUS
10
1.0048191338582677
20
0.6704748031496063
11
1.0041883070866142
21
0.6697634251968504
0
LINE
8
BLACK
6
CONTINUOUS
10
1.0041883070866142
20
0.6697634251968504
11
1.0037129527559054
21
0.6689400393700787
0
LINE
8
BLACK
6
CONTINUOUS
10
1.0037129527559054
20
0.6689400393700787
11
1.0009008267716535
21
0.666127874015748
0
LINE
8
BLACK
6
CONTINUOUS
10
1.0009008267716535
20
0.666127874015748
11
1.0000773228346456
21
0.6656524015748031
0
LINE
8
BLACK
6
CONTINUOUS
10
1.0000773228346456
20
0.6656524015748031
11
0.9993659842519684
21
0.6650216141732284
0
LINE
8
BLACK
6
CONTINUOUS
10
0.9993659842519684
20
0.6650216141732284
11
0.9937416929133858
21
0.6622094488188977
0
LINE
8
BLACK
6
CONTINUOUS
10
0.9937416929133858
20
0.6622094488188977
11
0.9924117322834646
21
0.6619372834645669
0
LINE
8
BLACK
6
CONTINUOUS
10
0.9924117322834646
20
0.6619372834645669
11
0.9911006692913386
21
0.6615859842519685
0
LINE
8
BLACK
6
CONTINUOUS
10
0.9911006692913386
20
0.6615859842519685
11
0.9854763779527559
21
0.6615859842519685
0
LINE
8
BLACK
6
CONTINUOUS
10
0.9854763779527559
20
0.6615859842519685
11
0.9845579133858268
21
0.6618320472440945
0
LINE
8
BLACK
6
CONTINUOUS
10
0.9845579133858268
20
0.6618320472440945
11
0.9836088582677165
21
0.6618890551181102
0
LINE
8
BLACK
6
CONTINUOUS
10
0.9836088582677165
20
0.6618890551181102
11
0.9751724409448819
21
0.664701220472441
0
LINE
8
BLACK
6
CONTINUOUS
10
0.9751724409448819
20
0.664701220472441
11
0.9740396456692914
21
0.665449094488189
0
LINE
8
BLACK
6
CONTINUOUS
10
0.9740396456692914
20
0.665449094488189
11
0.972864094488189
21
0.6661278346456693
0
LINE
8
BLACK
6
CONTINUOUS
10
0.972864094488189
20
0.6661278346456693
11
0.9491996456692913
21
0.6897922834645669
0
LINE
8
BLACK
6
CONTINUOUS
10
0.9491996456692913
20
0.6897922834645669
11
0.9491996456692913
21
0.6674914960629921
0
LINE
8
BLACK
6
CONTINUOUS
10
0.9491996456692913
20
0.6674914960629921
11
0.9484084645669291
21
0.6645387401574803
0
LINE
8
BLACK
6
CONTINUOUS
10
0.9484084645669291
20
0.6645387401574803
11
0.9462468897637795
21
0.6623771653543307
0
LINE
8
BLACK
6
CONTINUOUS
10
0.9462468897637795
20
0.6623771653543307
11
0.9432941338582677
21
0.6615859842519685
0
LINE
8
BLACK
6
CONTINUOUS
10
0.9432941338582677
20
0.6615859842519685
11
0.9403413779527559
21
0.6623771653543307
0
LINE
8
BLACK
6
CONTINUOUS
10
0.9403413779527559
20
0.6623771653543307
11
0.9381798031496063
21
0.6645387401574803
0
LINE
8
BLACK
6
CONTINUOUS
10
0.9381798031496063
20
0.6645387401574803
11
0.937388622047244
21
0.6674914960629921
0
LINE
8
BLACK
6
CONTINUOUS
10
0.937388622047244
20
0.6674914960629921
11
0.937388622047244
21
0.7040494488188976
0
LINE
8
BLACK
6
CONTINUOUS
10
0.937388622047244
20
0.7040494488188976
11
0.937589842519685
21
0.7048003937007874
0
LINE
8
BLACK
6
CONTINUOUS
10
0.937589842519685
20
0.7048003937007874
11
0.937589842519685
21
0.7055779133858268
0
LINE
8
BLACK
6
CONTINUOUS
10
0.937589842519685
20
0.7055779133858268
11
0.9379785433070866
21
0.7062512204724409
0
LINE
8
BLACK
6
CONTINUOUS
10
0.9379785433070866
20
0.7062512204724409
11
0.9381798031496063
21
0.7070022047244094
0
LINE
8
BLACK
6
CONTINUOUS
10
0.9381798031496063
20
0.7070022047244094
11
0.9387295669291338
21
0.707551968503937
0
LINE
8
BLACK
6
CONTINUOUS
10
0.9387295669291338
20
0.707551968503937
11
0.9391183070866141
21
0.7082252755905512
0
LINE
8
BLACK
6
CONTINUOUS
10
0.9391183070866141
20
0.7082252755905512
11
0.9397915748031496
21
0.7086139763779528
0
LINE
8
BLACK
6
CONTINUOUS
10
0.9397915748031496
20
0.7086139763779528
11
0.9403413779527559
21
0.709163779527559
0
LINE
8
BLACK
6
CONTINUOUS
10
0.9403413779527559
20
0.709163779527559
11
0.9410923228346456
21
0.709365
0
LINE
8
BLACK
6
CONTINUOUS
10
0.9410923228346456
20
0.709365
11
0.9417656692913385
21
0.7097537401574803
0
LINE
8
BLACK
6
CONTINUOUS
10
0.9417656692913385
20
0.7097537401574803
11
0.9425431496062991
21
0.7097537401574803
0
LINE
8
BLACK
6
CONTINUOUS
10
0.9425431496062991
20
0.7097537401574803
11
0.9432941338582677
21
0.7099549606299213
0
LINE
8
BLACK
6
CONTINUOUS
10
0.9432941338582677
20
0.7099549606299213
11
0.9440451181102362
21
0.7097537401574803
0
LINE
8
BLACK
6
CONTINUOUS
10
0.0474236614173228
20
0.719277716535433
11
0.0483727165354331
21
0.719220748031496
0
LINE
8
BLACK
6
CONTINUOUS
10
0.0483727165354331
20
0.719220748031496
11
0.0556843307086614
21
0.7167835433070866
0
LINE
8
BLACK
6
CONTINUOUS
10
0.0556843307086614
20
0.7167835433070866
11
0.0568170078740157
21
0.7160356692913386
0
LINE
8
BLACK
6
CONTINUOUS
10
0.0568170078740157
20
0.7160356692913386
11
0.0579926377952756
21
0.7153569291338583
0
LINE
8
BLACK
6
CONTINUOUS
10
0.0579926377952756
20
0.7153569291338583
11
0.0771576377952756
21
0.6961919291338583
0
LINE
8
BLACK
6
CONTINUOUS
10
0.0771576377952756
20
0.6961919291338583
11
0.0771576377952756
21
0.7136183070866141
0
LINE
8
BLACK
6
CONTINUOUS
10
0.0771576377952756
20
0.7136183070866141
11
0.0779488188976378
21
0.7165710629921259
0
LINE
8
BLACK
6
CONTINUOUS
10
0.0779488188976378
20
0.7165710629921259
11
0.0801103937007874
21
0.7187326377952755
0
LINE
8
BLACK
6
CONTINUOUS
10
0.0801103937007874
20
0.7187326377952755
11
0.0830631496062992
21
0.7195238188976377
0
LINE
8
BLACK
6
CONTINUOUS
10
0.0830631496062992
20
0.7195238188976377
11
0.086015905511811
21
0.7187326377952755
0
LINE
8
BLACK
6
CONTINUOUS
10
0.086015905511811
20
0.7187326377952755
11
0.0881774803149606
21
0.7165710629921259
0
LINE
8
BLACK
6
CONTINUOUS
10
0.0881774803149606
20
0.7165710629921259
11
0.0889686614173228
21
0.7136183070866141
0
LINE
8
BLACK
6
CONTINUOUS
10
0.0889686614173228
20
0.7136183070866141
11
0.0889686614173228
21
0.6819347637795276
0
LINE
8
BLACK
6
CONTINUOUS
10
0.0889686614173228
20
0.6819347637795276
11
0.0887674409448819
21
0.681183779527559
0
LINE
8
BLACK
6
CONTINUOUS
10
0.0887674409448819
20
0.681183779527559
11
0.0887674409448819
21
0.6804062992125984
0
LINE
8
BLACK
6
CONTINUOUS
10
0.0887674409448819
20
0.6804062992125984
11
0.0883787007874016
21
0.6797329527559055
0
LINE
8
BLACK
6
CONTINUOUS
10
0.0883787007874016
20
0.6797329527559055
11
0.0881774803149606
21
0.6789820078740157
0
LINE
8
BLACK
6
CONTINUOUS
10
0.0881774803149606
20
0.6789820078740157
11
0.0876276771653543
21
0.6784322047244095
0
LINE
8
BLACK
6
CONTINUOUS
10
0.0876276771653543
20
0.6784322047244095
11
0.0872389763779527
21
0.677758937007874
0
LINE
8
BLACK
6
CONTINUOUS
10
0.0872389763779527
20
0.677758937007874
11
0.0865656692913386
21
0.6773701968503937
0
LINE
8
BLACK
6
CONTINUOUS
10
0.0865656692913386
20
0.6773701968503937
11
0.086015905511811
21
0.6768204330708661
0
LINE
8
BLACK
6
CONTINUOUS
10
0.086015905511811
20
0.6768204330708661
11
0.0852649212598425
21
0.6766191732283464
0
LINE
8
BLACK
6
CONTINUOUS
10
0.0852649212598425
20
0.6766191732283464
11
0.0845916141732283
21
0.6762304724409449
0
LINE
8
BLACK
6
CONTINUOUS
10
0.0845916141732283
20
0.6762304724409449
11
0.0838141338582677
21
0.6762304724409449
0
LINE
8
BLACK
6
CONTINUOUS
10
0.0838141338582677
20
0.6762304724409449
11
0.0830631496062992
21
0.6760292519685039
0
LINE
8
BLACK
6
CONTINUOUS
10
0.0830631496062992
20
0.6760292519685039
11
0.0823121653543307
21
0.6762304724409449
0
LINE
8
BLACK
6
CONTINUOUS
10
0.0823121653543307
20
0.6762304724409449
11
0.0815346850393701
21
0.6762304724409449
0
LINE
8
BLACK
6
CONTINUOUS
10
0.0815346850393701
20
0.6762304724409449
11
0.0808613385826772
21
0.6766191732283464
0
LINE
8
BLACK
6
CONTINUOUS
10
0.0808613385826772
20
0.6766191732283464
11
0.0801103937007874
21
0.6768204330708661
0
LINE
8
BLACK
6
CONTINUOUS
10
0.0801103937007874
20
0.6768204330708661
11
0.0795605905511811
21
0.6773701968503937
0
LINE
8
BLACK
6
CONTINUOUS
10
0.0795605905511811
20
0.6773701968503937
11
0.0788873228346457
21
0.677758937007874
0
LINE
8
BLACK
6
CONTINUOUS
10
0.0788873228346457
20
0.677758937007874
11
0.0506266929133858
21
0.7060195275590551
0
LINE
8
BLACK
6
CONTINUOUS
10
0.0506266929133858
20
0.7060195275590551
11
0.045546968503937
21
0.7077127952755905
0
LINE
8
BLACK
6
CONTINUOUS
10
0.045546968503937
20
0.7077127952755905
11
0.0430249606299213
21
0.7077127952755905
0
LINE
8
BLACK
6
CONTINUOUS
10
0.0430249606299213
20
0.7077127952755905
11
0.0402546456692913
21
0.7063276377952755
0
LINE
8
BLACK
6
CONTINUOUS
10
0.0402546456692913
20
0.7063276377952755
11
0.0391726771653543
21
0.7052456692913386
0
LINE
8
BLACK
6
CONTINUOUS
10
0.0391726771653543
20
0.7052456692913386
11
0.0377875590551181
21
0.7024753937007874
0
LINE
8
BLACK
6
CONTINUOUS
10
0.0377875590551181
20
0.7024753937007874
11
0.0377875590551181
21
0.6930776377952755
0
LINE
8
BLACK
6
CONTINUOUS
10
0.0377875590551181
20
0.6930776377952755
11
0.0391726771653543
21
0.6903073228346457
0
LINE
8
BLACK
6
CONTINUOUS
10
0.0391726771653543
20
0.6903073228346457
11
0.0409322440944882
21
0.6885478346456693
0
LINE
8
BLACK
6
CONTINUOUS
10
0.0409322440944882
20
0.6885478346456693
11
0.0424607480314961
21
0.6859004724409449
0
LINE
8
BLACK
6
CONTINUOUS
10
0.0424607480314961
20
0.6859004724409449
11
0.0424607480314961
21
0.6828435433070866
0
LINE
8
BLACK
6
CONTINUOUS
10
0.0424607480314961
20
0.6828435433070866
11
0.0409323228346457
21
0.6801961811023622
0
LINE
8
BLACK
6
CONTINUOUS
10
0.0409323228346457
20
0.6801961811023622
11
0.0382849606299213
21
0.6786676771653544
0
LINE
8
BLACK
6
CONTINUOUS
10
0.0382849606299213
20
0.6786676771653544
11
0.035228031496063
21
0.6786676771653544
0
LINE
8
BLACK
6
CONTINUOUS
10
0.035228031496063
20
0.6786676771653544
11
0.0325806692913386
21
0.6801961023622047
0
LINE
8
BLACK
6
CONTINUOUS
10
0.0325806692913386
20
0.6801961023622047
11
0.0301434645669291
21
0.6826332677165354
0
LINE
8
BLACK
6
CONTINUOUS
10
0.0301434645669291
20
0.6826332677165354
11
0.029668031496063
21
0.6834566929133858
0
LINE
8
BLACK
6
CONTINUOUS
10
0.029668031496063
20
0.6834566929133858
11
0.0290372047244094
21
0.6841681102362205
0
LINE
8
BLACK
6
CONTINUOUS
10
0.0290372047244094
20
0.6841681102362205
11
0.0266
21
0.6890425196850394
0
LINE
8
BLACK
6
CONTINUOUS
10
0.0266
20
0.6890425196850394
11
0.0263278346456693
21
0.6903724409448819
0
LINE
8
BLACK
6
CONTINUOUS
10
0.0263278346456693
20
0.6903724409448819
11
0.0259765354330709
21
0.6916835433070866
0
LINE
8
BLACK
6
CONTINUOUS
10
0.0259765354330709
20
0.6916835433070866
11
0.0259765354330709
21
0.7038695275590551
0
LINE
8
BLACK
6
CONTINUOUS
10
0.0259765354330709
20
0.7038695275590551
11
0.0263278346456693
21
0.7051805905511811
0
LINE
8
BLACK
6
CONTINUOUS
10
0.0263278346456693
20
0.7051805905511811
11
0.0266
21
0.7065105511811024
0
LINE
8
BLACK
6
CONTINUOUS
10
0.0266
20
0.7065105511811024
11
0.0290372047244094
21
0.7113849606299213
0
LINE
8
BLACK
6
CONTINUOUS
10
0.0290372047244094
20
0.7113849606299213
11
0.029668031496063
21
0.7120963385826772
0
LINE
8
BLACK
6
CONTINUOUS
10
0.029668031496063
20
0.7120963385826772
11
0.0301434251968504
21
0.7129197244094488
0
LINE
8
BLACK
6
CONTINUOUS
10
0.0301434251968504
20
0.7129197244094488
11
0.0325806299212598
21
0.7153569291338583
0
LINE
8
BLACK
6
CONTINUOUS
10
0.0325806299212598
20
0.7153569291338583
11
0.0334040551181102
21
0.7158323228346457
0
LINE
8
BLACK
6
CONTINUOUS
10
0.0334040551181102
20
0.7158323228346457
11
0.0341154330708661
21
0.7164631496062992
0
LINE
8
BLACK
6
CONTINUOUS
10
0.0341154330708661
20
0.7164631496062992
11
0.0389898031496063
21
0.7189003543307086
0
LINE
8
BLACK
6
CONTINUOUS
10
0.0389898031496063
20
0.7189003543307086
11
0.0403197244094488
21
0.7191724803149606
0
LINE
8
BLACK
6
CONTINUOUS
10
0.0403197244094488
20
0.7191724803149606
11
0.0416308267716535
21
0.7195238188976377
0
LINE
8
BLACK
6
CONTINUOUS
10
0.0416308267716535
20
0.7195238188976377
11
0.0465052362204724
21
0.7195238188976377
0
LINE
8
BLACK
6
CONTINUOUS
10
0.0465052362204724
20
0.7195238188976377
11
0.0474236614173228
21
0.719277716535433
0
LINE
8
BLACK
6
CONTINUOUS
10
0.8326041732283465
20
0.7661979133858268
11
0.8347657480314961
21
0.7640363385826772
0
LINE
8
BLACK
6
CONTINUOUS
10
0.8347657480314961
20
0.7640363385826772
11
0.8355569291338583
21
0.7610835826771654
0
LINE
8
BLACK
6
CONTINUOUS
10
0.8355569291338583
20
0.7610835826771654
11
0.8355569291338583
21
0.7478664960629922
0
LINE
8
BLACK
6
CONTINUOUS
10
0.8355569291338583
20
0.7478664960629922
11
0.8791362598425196
21
0.7478664960629922
0
LINE
8
BLACK
6
CONTINUOUS
10
0.8791362598425196
20
0.7478664960629922
11
0.8764692125984251
21
0.7505335433070865
0
LINE
8
BLACK
6
CONTINUOUS
10
0.8764692125984251
20
0.7505335433070865
11
0.8759938188976377
21
0.7513569291338582
0
LINE
8
BLACK
6
CONTINUOUS
10
0.8759938188976377
20
0.7513569291338582
11
0.8753629921259842
21
0.7520683464566928
0
LINE
8
BLACK
6
CONTINUOUS
10
0.8753629921259842
20
0.7520683464566928
11
0.872175905511811
21
0.7584425590551181
0
LINE
8
BLACK
6
CONTINUOUS
10
0.872175905511811
20
0.7584425590551181
11
0.871563031496063
21
0.7614374409448819
0
LINE
8
BLACK
6
CONTINUOUS
10
0.871563031496063
20
0.7614374409448819
11
0.8725297244094488
21
0.7643374803149606
0
LINE
8
BLACK
6
CONTINUOUS
10
0.8725297244094488
20
0.7643374803149606
11
0.8748169291338582
21
0.7663656299212598
0
LINE
8
BLACK
6
CONTINUOUS
10
0.8748169291338582
20
0.7663656299212598
11
0.877811811023622
21
0.7669785039370078
0
LINE
8
BLACK
6
CONTINUOUS
10
0.877811811023622
20
0.7669785039370078
11
0.8807118503937008
21
0.766011811023622
0
LINE
8
BLACK
6
CONTINUOUS
10
0.8807118503937008
20
0.766011811023622
11
0.88274
21
0.7637246062992126
0
LINE
8
BLACK
6
CONTINUOUS
10
0.88274
20
0.7637246062992126
11
0.8854985039370079
21
0.7582075196850393
0
LINE
8
BLACK
6
CONTINUOUS
10
0.8854985039370079
20
0.7582075196850393
11
0.8907815354330708
21
0.7529245275590551
0
LINE
8
BLACK
6
CONTINUOUS
10
0.8907815354330708
20
0.7529245275590551
11
0.8998562992125984
21
0.74687468503937
0
LINE
8
BLACK
6
CONTINUOUS
10
0.8998562992125984
20
0.74687468503937
11
0.9007438976377953
21
0.7458646850393701
0
LINE
8
BLACK
6
CONTINUOUS
10
0.9007438976377953
20
0.7458646850393701
11
0.9016948818897638
21
0.7449137401574804
0
LINE
8
BLACK
6
CONTINUOUS
10
0.9016948818897638
20
0.7449137401574804
11
0.9017453937007874
21
0.7447251181102362
0
LINE
8
BLACK
6
CONTINUOUS
10
0.9017453937007874
20
0.7447251181102362
11
0.9018742913385827
21
0.7445785039370079
0
LINE
8
BLACK
6
CONTINUOUS
10
0.9018742913385827
20
0.7445785039370079
11
0.9021379921259842
21
0.7432599212598425
0
LINE
8
BLACK
6
CONTINUOUS
10
0.9021379921259842
20
0.7432599212598425
11
0.902486062992126
21
0.7419609842519684
0
LINE
8
BLACK
6
CONTINUOUS
10
0.902486062992126
20
0.7419609842519684
11
0.9024355118110235
21
0.7417723622047244
0
LINE
8
BLACK
6
CONTINUOUS
10
0.9024355118110235
20
0.7417723622047244
11
0.9024738188976378
21
0.7415809448818897
0
LINE
8
BLACK
6
CONTINUOUS
10
0.9024738188976378
20
0.7415809448818897
11
0.9020429921259843
21
0.7403074015748031
0
LINE
8
BLACK
6
CONTINUOUS
10
0.9020429921259843
20
0.7403074015748031
11
0.9016948818897638
21
0.7390082283464566
0
LINE
8
BLACK
6
CONTINUOUS
10
0.9016948818897638
20
0.7390082283464566
11
0.9015567322834646
21
0.7388700787401574
0
LINE
8
BLACK
6
CONTINUOUS
10
0.9015567322834646
20
0.7388700787401574
11
0.9014942125984252
21
0.7386851968503937
0
LINE
8
BLACK
6
CONTINUOUS
10
0.9014942125984252
20
0.7386851968503937
11
0.9004843700787402
21
0.737797716535433
0
LINE
8
BLACK
6
CONTINUOUS
10
0.9004843700787402
20
0.737797716535433
11
0.8995333070866142
21
0.736846653543307
0
LINE
8
BLACK
6
CONTINUOUS
10
0.8995333070866142
20
0.736846653543307
11
0.8993446456692913
21
0.7367961023622047
0
LINE
8
BLACK
6
CONTINUOUS
10
0.8993446456692913
20
0.7367961023622047
11
0.8991980314960629
21
0.7366672440944881
0
LINE
8
BLACK
6
CONTINUOUS
10
0.8991980314960629
20
0.7366672440944881
11
0.8978796062992126
21
0.7364035433070866
0
LINE
8
BLACK
6
CONTINUOUS
10
0.8978796062992126
20
0.7364035433070866
11
0.8965805511811024
21
0.7360554724409448
0
LINE
8
BLACK
6
CONTINUOUS
10
0.8965805511811024
20
0.7360554724409448
11
0.8355569291338583
21
0.7360554724409448
0
LINE
8
BLACK
6
CONTINUOUS
10
0.8355569291338583
20
0.7360554724409448
11
0.8355569291338583
21
0.7228383464566929
0
LINE
8
BLACK
6
CONTINUOUS
10
0.8355569291338583
20
0.7228383464566929
11
0.8347657480314961
21
0.7198855905511811
0
LINE
8
BLACK
6
CONTINUOUS
10
0.8347657480314961
20
0.7198855905511811
11
0.8326041732283465
21
0.7177240157480315
0
LINE
8
BLACK
6
CONTINUOUS
10
0.8326041732283465
20
0.7177240157480315
11
0.8296514173228347
21
0.7169328346456693
0
LINE
8
BLACK
6
CONTINUOUS
10
0.8296514173228347
20
0.7169328346456693
11
0.8266986614173228
21
0.7177240157480315
0
LINE
8
BLACK
6
CONTINUOUS
10
0.8266986614173228
20
0.7177240157480315
11
0.8245370866141732
21
0.7198855905511811
0
LINE
8
BLACK
6
CONTINUOUS
10
0.8245370866141732
20
0.7198855905511811
11
0.823745905511811
21
0.7228383464566929
0
LINE
8
BLACK
6
CONTINUOUS
10
0.823745905511811
20
0.7228383464566929
11
0.823745905511811
21
0.7610835826771654
0
LINE
8
BLACK
6
CONTINUOUS
10
0.823745905511811
20
0.7610835826771654
11
0.8245370866141732
21
0.7640363385826772
0
LINE
8
BLACK
6
CONTINUOUS
10
0.8245370866141732
20
0.7640363385826772
11
0.8266986614173228
21
0.7661979133858268
0
LINE
8
BLACK
6
CONTINUOUS
10
0.8266986614173228
20
0.7661979133858268
11
0.8296514173228347
21
0.766989094488189
0
LINE
8
BLACK
6
CONTINUOUS
10
0.8296514173228347
20
0.766989094488189
11
0.8326041732283465
21
0.7661979133858268
0
LINE
8
BLACK
6
CONTINUOUS
10
0.3447838582677165
20
0.7874635826771653
11
0.3469454330708661
21
0.7853020078740157
0
LINE
8
BLACK
6
CONTINUOUS
10
0.3469454330708661
20
0.7853020078740157
11
0.3477366141732283
21
0.7823492519685039
0
LINE
8
BLACK
6
CONTINUOUS
10
0.3477366141732283
20
0.7823492519685039
11
0.3477366141732283
21
0.7232941338582677
0
LINE
8
BLACK
6
CONTINUOUS
10
0.3477366141732283
20
0.7232941338582677
11
0.3469454330708661
21
0.7203413779527559
0
LINE
8
BLACK
6
CONTINUOUS
10
0.3469454330708661
20
0.7203413779527559
11
0.3447838582677165
21
0.7181798031496063
0
LINE
8
BLACK
6
CONTINUOUS
10
0.3447838582677165
20
0.7181798031496063
11
0.3418311023622047
21
0.7173886220472441
0
LINE
8
BLACK
6
CONTINUOUS
10
0.3418311023622047
20
0.7173886220472441
11
0.3388783464566929
21
0.7181798031496063
0
LINE
8
BLACK
6
CONTINUOUS
10
0.3388783464566929
20
0.7181798031496063
11
0.3367167716535433
21
0.7203413779527559
0
LINE
8
BLACK
6
CONTINUOUS
10
0.3367167716535433
20
0.7203413779527559
11
0.3359255905511811
21
0.7232941338582677
0
LINE
8
BLACK
6
CONTINUOUS
10
0.3359255905511811
20
0.7232941338582677
11
0.3359255905511811
21
0.7823492519685039
0
LINE
8
BLACK
6
CONTINUOUS
10
0.3359255905511811
20
0.7823492519685039
11
0.3367167716535433
21
0.7853020078740157
0
LINE
8
BLACK
6
CONTINUOUS
10
0.3367167716535433
20
0.7853020078740157
11
0.3388783464566929
21
0.7874635826771653
0
LINE
8
BLACK
6
CONTINUOUS
10
0.3388783464566929
20
0.7874635826771653
11
0.3418311023622047
21
0.7882547637795275
0
LINE
8
BLACK
6
CONTINUOUS
10
0.3418311023622047
20
0.7882547637795275
11
0.3447838582677165
21
0.7874635826771653
0
LINE
8
BLACK
6
CONTINUOUS
10
0.4066511417322834
20
0.7874635826771653
11
0.4088127165354331
21
0.7853020078740157
0
LINE
8
BLACK
6
CONTINUOUS
10
0.4088127165354331
20
0.7853020078740157
11
0.4096038976377953
21
0.7823492519685039
0
LINE
8
BLACK
6
CONTINUOUS
10
0.4096038976377953
20
0.7823492519685039
11
0.4096038976377953
21
0.7232941338582677
0
LINE
8
BLACK
6
CONTINUOUS
10
0.4096038976377953
20
0.7232941338582677
11
0.4096003543307086
21
0.7232810236220473
0
LINE
8
BLACK
6
CONTINUOUS
10
0.4096003543307086
20
0.7232810236220473
11
0.4096038582677165
21
0.7232678346456692
0
LINE
8
BLACK
6
CONTINUOUS
10
0.4096038582677165
20
0.7232678346456692
11
0.4092040551181102
21
0.7218020078740157
0
LINE
8
BLACK
6
CONTINUOUS
10
0.4092040551181102
20
0.7218020078740157
11
0.4088127165354331
21
0.7203413779527559
0
LINE
8
BLACK
6
CONTINUOUS
10
0.4088127165354331
20
0.7203413779527559
11
0.4088031102362205
21
0.7203317716535433
0
LINE
8
BLACK
6
CONTINUOUS
10
0.4088031102362205
20
0.7203317716535433
11
0.4087995275590551
21
0.7203186220472441
0
LINE
8
BLACK
6
CONTINUOUS
10
0.4087995275590551
20
0.7203186220472441
11
0.4077205905511811
21
0.7192492519685039
0
LINE
8
BLACK
6
CONTINUOUS
10
0.4077205905511811
20
0.7192492519685039
11
0.4066511417322834
21
0.7181798031496063
0
LINE
8
BLACK
6
CONTINUOUS
10
0.4066511417322834
20
0.7181798031496063
11
0.4066379921259842
21
0.7181762598425196
0
LINE
8
BLACK
6
CONTINUOUS
10
0.4066379921259842
20
0.7181762598425196
11
0.4066283464566929
21
0.7181666929133859
0
LINE
8
BLACK
6
CONTINUOUS
10
0.4066283464566929
20
0.7181666929133859
11
0.4051589763779527
21
0.7177799606299212
0
LINE
8
BLACK
6
CONTINUOUS
10
0.4051589763779527
20
0.7177799606299212
11
0.4036983858267716
21
0.7173886220472441
0
LINE
8
BLACK
6
CONTINUOUS
10
0.4036983858267716
20
0.7173886220472441
11
0.4036852755905512
21
0.7173921259842519
0
LINE
8
BLACK
6
CONTINUOUS
10
0.4036852755905512
20
0.7173921259842519
11
0.4036720866141732
21
0.7173886614173228
0
LINE
8
BLACK
6
CONTINUOUS
10
0.4036720866141732
20
0.7173886614173228
11
0.4022062598425197
21
0.7177884251968504
0
LINE
8
BLACK
6
CONTINUOUS
10
0.4022062598425197
20
0.7177884251968504
11
0.4007456299212598
21
0.7181798031496063
0
LINE
8
BLACK
6
CONTINUOUS
10
0.4007456299212598
20
0.7181798031496063
11
0.4007360236220472
21
0.7181893700787402
0
LINE
8
BLACK
6
CONTINUOUS
10
0.4007360236220472
20
0.7181893700787402
11
0.400722874015748
21
0.7181929921259842
0
LINE
8
BLACK
6
CONTINUOUS
10
0.400722874015748
20
0.7181929921259842
11
0.3996557086614173
21
0.7192696850393701
0
LINE
8
BLACK
6
CONTINUOUS
10
0.3996557086614173
20
0.7192696850393701
11
0.3985840551181102
21
0.7203413779527559
0
LINE
8
BLACK
6
CONTINUOUS
10
0.3985840551181102
20
0.7203413779527559
11
0.3985805118110236
21
0.720354527559055
0
LINE
8
BLACK
6
CONTINUOUS
10
0.3985805118110236
20
0.720354527559055
11
0.3985709842519685
21
0.7203641732283464
0
LINE
8
BLACK
6
CONTINUOUS
10
0.3985709842519685
20
0.7203641732283464
11
0.3758581102362205
21
0.7601116929133858
0
LINE
8
BLACK
6
CONTINUOUS
10
0.3758581102362205
20
0.7601116929133858
11
0.3758581102362205
21
0.7232941338582677
0
LINE
8
BLACK
6
CONTINUOUS
10
0.3758581102362205
20
0.7232941338582677
11
0.3750669291338583
21
0.7203413779527559
0
LINE
8
BLACK
6
CONTINUOUS
10
0.3750669291338583
20
0.7203413779527559
11
0.3729053543307086
21
0.7181798031496063
0
LINE
8
BLACK
6
CONTINUOUS
10
0.3729053543307086
20
0.7181798031496063
11
0.3699525984251968
21
0.7173886220472441
0
LINE
8
BLACK
6
CONTINUOUS
10
0.3699525984251968
20
0.7173886220472441
11
0.366999842519685
21
0.7181798031496063
0
LINE
8
BLACK
6
CONTINUOUS
10
0.366999842519685
20
0.7181798031496063
11
0.3648382677165354
21
0.7203413779527559
0
LINE
8
BLACK
6
CONTINUOUS
10
0.3648382677165354
20
0.7203413779527559
11
0.3640470866141732
21
0.7232941338582677
0
LINE
8
BLACK
6
CONTINUOUS
10
0.3640470866141732
20
0.7232941338582677
11
0.3640470866141732
21
0.7823492519685039
0
LINE
8
BLACK
6
CONTINUOUS
10
0.3640470866141732
20
0.7823492519685039
11
0.3640505905511811
21
0.7823623228346457
0
LINE
8
BLACK
6
CONTINUOUS
10
0.3640505905511811
20
0.7823623228346457
11
0.364047125984252
21
0.7823755511811024
0
LINE
8
BLACK
6
CONTINUOUS
10
0.364047125984252
20
0.7823755511811024
11
0.3644468897637795
21
0.7838413385826771
0
LINE
8
BLACK
6
CONTINUOUS
10
0.3644468897637795
20
0.7838413385826771
11
0.3648382677165354
21
0.7853020078740157
0
LINE
8
BLACK
6
CONTINUOUS
10
0.3648382677165354
20
0.7853020078740157
11
0.3648478346456693
21
0.7853115748031496
0
LINE
8
BLACK
6
CONTINUOUS
10
0.3648478346456693
20
0.7853115748031496
11
0.3648514566929134
21
0.7853247637795275
0
LINE
8
BLACK
6
CONTINUOUS
10
0.3648514566929134
20
0.7853247637795275
11
0.3659281496062992
21
0.7863918897637795
0
LINE
8
BLACK
6
CONTINUOUS
10
0.3659281496062992
20
0.7863918897637795
11
0.366999842519685
21
0.7874635826771653
0
LINE
8
BLACK
6
CONTINUOUS
10
0.366999842519685
20
0.7874635826771653
11
0.3670129921259843
21
0.7874670866141732
0
LINE
8
BLACK
6
CONTINUOUS
10
0.3670129921259843
20
0.7874670866141732
11
0.3670226377952756
21
0.7874766535433071
0
LINE
8
BLACK
6
CONTINUOUS
10
0.3670226377952756
20
0.7874766535433071
11
0.3684877952755906
21
0.7878622440944881
0
LINE
8
BLACK
6
CONTINUOUS
10
0.3684877952755906
20
0.7878622440944881
11
0.3699525984251968
21
0.7882547637795275
0
LINE
8
BLACK
6
CONTINUOUS
10
0.3699525984251968
20
0.7882547637795275
11
0.3699656692913386
21
0.7882512204724409
0
LINE
8
BLACK
6
CONTINUOUS
10
0.3699656692913386
20
0.7882512204724409
11
0.3699788976377953
21
0.7882547244094488
0
LINE
8
BLACK
6
CONTINUOUS
10
0.3699788976377953
20
0.7882547244094488
11
0.3714446850393701
21
0.7878549212598425
0
LINE
8
BLACK
6
CONTINUOUS
10
0.3714446850393701
20
0.7878549212598425
11
0.3729053543307086
21
0.7874635826771653
0
LINE
8
BLACK
6
CONTINUOUS
10
0.3729053543307086
20
0.7874635826771653
11
0.3729149212598425
21
0.7874539763779528
0
LINE
8
BLACK
6
CONTINUOUS
10
0.3729149212598425
20
0.7874539763779528
11
0.3729281102362205
21
0.7874503937007874
0
LINE
8
BLACK
6
CONTINUOUS
10
0.3729281102362205
20
0.7874503937007874
11
0.3739952362204724
21
0.7863736614173228
0
LINE
8
BLACK
6
CONTINUOUS
10
0.3739952362204724
20
0.7863736614173228
11
0.3750669291338583
21
0.7853020078740157
0
LINE
8
BLACK
6
CONTINUOUS
10
0.3750669291338583
20
0.7853020078740157
11
0.3750704330708661
21
0.7852888188976378
0
LINE
8
BLACK
6
CONTINUOUS
10
0.3750704330708661
20
0.7852888188976378
11
0.37508
21
0.7852792125984251
0
LINE
8
BLACK
6
CONTINUOUS
10
0.37508
20
0.7852792125984251
11
0.397792874015748
21
0.7455317322834646
0
LINE
8
BLACK
6
CONTINUOUS
10
0.397792874015748
20
0.7455317322834646
11
0.397792874015748
21
0.7823492519685039
0
LINE
8
BLACK
6
CONTINUOUS
10
0.397792874015748
20
0.7823492519685039
11
0.3985840551181102
21
0.7853020078740157
0
LINE
8
BLACK
6
CONTINUOUS
10
0.3985840551181102
20
0.7853020078740157
11
0.4007456299212598
21
0.7874635826771653
0
LINE
8
BLACK
6
CONTINUOUS
10
0.4007456299212598
20
0.7874635826771653
11
0.4036983858267716
21
0.7882547637795275
0
LINE
8
BLACK
6
CONTINUOUS
10
0.4036983858267716
20
0.7882547637795275
11
0.4066511417322834
21
0.7874635826771653
0
LINE
8
BLACK
6
CONTINUOUS
10
0.4633170866141732
20
0.7881037401574803
11
0.4638991732283465
21
0.7881425590551181
0
LINE
8
BLACK
6
CONTINUOUS
10
0.4638991732283465
20
0.7881425590551181
11
0.4647693307086614
21
0.7877146062992125
0
LINE
8
BLACK
6
CONTINUOUS
10
0.4647693307086614
20
0.7877146062992125
11
0.4657062992125984
21
0.7874635826771653
0
LINE
8
BLACK
6
CONTINUOUS
10
0.4657062992125984
20
0.7874635826771653
11
0.4661188976377952
21
0.7870509448818898
0
LINE
8
BLACK
6
CONTINUOUS
10
0.4661188976377952
20
0.7870509448818898
11
0.4666423228346457
21
0.7867935826771654
0
LINE
8
BLACK
6
CONTINUOUS
10
0.4666423228346457
20
0.7867935826771654
11
0.4671819291338583
21
0.7859879133858267
0
LINE
8
BLACK
6
CONTINUOUS
10
0.4671819291338583
20
0.7859879133858267
11
0.467867874015748
21
0.7853020078740157
0
LINE
8
BLACK
6
CONTINUOUS
10
0.467867874015748
20
0.7853020078740157
11
0.4680188582677165
21
0.7847384251968503
0
LINE
8
BLACK
6
CONTINUOUS
10
0.4680188582677165
20
0.7847384251968503
11
0.4683435039370079
21
0.784253779527559
0
LINE
8
BLACK
6
CONTINUOUS
10
0.4683435039370079
20
0.784253779527559
11
0.4684079921259842
21
0.7832861417322834
0
LINE
8
BLACK
6
CONTINUOUS
10
0.4684079921259842
20
0.7832861417322834
11
0.4686590551181102
21
0.7823492519685039
0
LINE
8
BLACK
6
CONTINUOUS
10
0.4686590551181102
20
0.7823492519685039
11
0.468508031496063
21
0.7817856692913385
0
LINE
8
BLACK
6
CONTINUOUS
10
0.468508031496063
20
0.7817856692913385
11
0.4685468503937008
21
0.781203622047244
0
LINE
8
BLACK
6
CONTINUOUS
10
0.4685468503937008
20
0.781203622047244
11
0.4681188976377952
21
0.7803333858267716
0
LINE
8
BLACK
6
CONTINUOUS
10
0.4681188976377952
20
0.7803333858267716
11
0.467867874015748
21
0.7793964960629921
0
LINE
8
BLACK
6
CONTINUOUS
10
0.467867874015748
20
0.7793964960629921
11
0.4674552755905512
21
0.7789838976377953
0
LINE
8
BLACK
6
CONTINUOUS
10
0.4674552755905512
20
0.7789838976377953
11
0.467197874015748
21
0.7784604330708661
0
LINE
8
BLACK
6
CONTINUOUS
10
0.467197874015748
20
0.7784604330708661
11
0.4551138582677165
21
0.7646500787401574
0
LINE
8
BLACK
6
CONTINUOUS
10
0.4551138582677165
20
0.7646500787401574
11
0.4597702755905512
21
0.762321968503937
0
LINE
8
BLACK
6
CONTINUOUS
10
0.4597702755905512
20
0.762321968503937
11
0.4604816535433071
21
0.7616911023622047
0
LINE
8
BLACK
6
CONTINUOUS
10
0.4604816535433071
20
0.7616911023622047
11
0.4613051181102362
21
0.7612157086614173
0
LINE
8
BLACK
6
CONTINUOUS
10
0.4613051181102362
20
0.7612157086614173
11
0.4641172440944882
21
0.7584035433070866
0
LINE
8
BLACK
6
CONTINUOUS
10
0.4641172440944882
20
0.7584035433070866
11
0.4645925984251968
21
0.7575801181102362
0
LINE
8
BLACK
6
CONTINUOUS
10
0.4645925984251968
20
0.7575801181102362
11
0.4652234251968504
21
0.756868779527559
0
LINE
8
BLACK
6
CONTINUOUS
10
0.4652234251968504
20
0.756868779527559
11
0.4680355905511811
21
0.7512445275590551
0
LINE
8
BLACK
6
CONTINUOUS
10
0.4680355905511811
20
0.7512445275590551
11
0.4683077559055118
21
0.7499144881889763
0
LINE
8
BLACK
6
CONTINUOUS
10
0.4683077559055118
20
0.7499144881889763
11
0.4686590551181102
21
0.7486034645669292
0
LINE
8
BLACK
6
CONTINUOUS
10
0.4686590551181102
20
0.7486034645669292
11
0.4686590551181102
21
0.734542716535433
0
LINE
8
BLACK
6
CONTINUOUS
10
0.4686590551181102
20
0.734542716535433
11
0.4683077559055118
21
0.7332316535433071
0
LINE
8
BLACK
6
CONTINUOUS
10
0.4683077559055118
20
0.7332316535433071
11
0.4680355905511811
21
0.7319016535433071
0
LINE
8
BLACK
6
CONTINUOUS
10
0.4680355905511811
20
0.7319016535433071
11
0.4652234251968504
21
0.7262774015748031
0
LINE
8
BLACK
6
CONTINUOUS
10
0.4652234251968504
20
0.7262774015748031
11
0.4645925984251968
21
0.7255660236220473
0
LINE
8
BLACK
6
CONTINUOUS
10
0.4645925984251968
20
0.7255660236220473
11
0.4641172047244094
21
0.7247425984251968
0
LINE
8
BLACK
6
CONTINUOUS
10
0.4641172047244094
20
0.7247425984251968
11
0.4613050787401575
21
0.7219304724409449
0
LINE
8
BLACK
6
CONTINUOUS
10
0.4613050787401575
20
0.7219304724409449
11
0.4604816535433071
21
0.7214550787401575
0
LINE
8
BLACK
6
CONTINUOUS
10
0.4604816535433071
20
0.7214550787401575
11
0.4597702755905512
21
0.720824251968504
0
LINE
8
BLACK
6
CONTINUOUS
10
0.4597702755905512
20
0.720824251968504
11
0.4541459448818898
21
0.7180120866141733
0
LINE
8
BLACK
6
CONTINUOUS
10
0.4541459448818898
20
0.7180120866141733
11
0.4528159842519685
21
0.7177399212598425
0
LINE
8
BLACK
6
CONTINUOUS
10
0.4528159842519685
20
0.7177399212598425
11
0.4515049212598425
21
0.7173886220472441
0
LINE
8
BLACK
6
CONTINUOUS
10
0.4515049212598425
20
0.7173886220472441
11
0.4346320472440945
21
0.7173886220472441
0
LINE
8
BLACK
6
CONTINUOUS
10
0.4346320472440945
20
0.7173886220472441
11
0.4333209842519685
21
0.7177398818897638
0
LINE
8
BLACK
6
CONTINUOUS
10
0.4333209842519685
20
0.7177398818897638
11
0.4319909842519685
21
0.7180120866141733
0
LINE
8
BLACK
6
CONTINUOUS
10
0.4319909842519685
20
0.7180120866141733
11
0.4263667322834646
21
0.720824251968504
0
LINE
8
BLACK
6
CONTINUOUS
10
0.4263667322834646
20
0.720824251968504
11
0.4256553543307087
21
0.7214550393700787
0
LINE
8
BLACK
6
CONTINUOUS
10
0.4256553543307087
20
0.7214550393700787
11
0.424831968503937
21
0.7219304330708661
0
LINE
8
BLACK
6
CONTINUOUS
10
0.424831968503937
20
0.7219304330708661
11
0.4220198031496063
21
0.7247425590551181
0
LINE
8
BLACK
6
CONTINUOUS
10
0.4220198031496063
20
0.7247425590551181
11
0.4204912992125984
21
0.7273899212598425
0
LINE
8
BLACK
6
CONTINUOUS
10
0.4204912992125984
20
0.7273899212598425
11
0.4204912992125984
21
0.7304468503937007
0
LINE
8
BLACK
6
CONTINUOUS
10
0.4204912992125984
20
0.7304468503937007
11
0.4220197244094488
21
0.7330942125984252
0
LINE
8
BLACK
6
CONTINUOUS
10
0.4220197244094488
20
0.7330942125984252
11
0.4246670866141732
21
0.7346227165354331
0
LINE
8
BLACK
6
CONTINUOUS
10
0.4246670866141732
20
0.7346227165354331
11
0.4277240157480315
21
0.7346227165354331
0
LINE
8
BLACK
6
CONTINUOUS
10
0.4277240157480315
20
0.7346227165354331
11
0.4303713779527559
21
0.7330942913385826
0
LINE
8
BLACK
6
CONTINUOUS
10
0.4303713779527559
20
0.7330942913385826
11
0.432505905511811
21
0.7309597637795275
0
LINE
8
BLACK
6
CONTINUOUS
10
0.432505905511811
20
0.7309597637795275
11
0.4360261417322834
21
0.7291996456692913
0
LINE
8
BLACK
6
CONTINUOUS
10
0.4360261417322834
20
0.7291996456692913
11
0.4501108267716535
21
0.7291996456692913
0
LINE
8
BLACK
6
CONTINUOUS
10
0.4501108267716535
20
0.7291996456692913
11
0.453631062992126
21
0.7309597637795275
0
LINE
8
BLACK
6
CONTINUOUS
10
0.453631062992126
20
0.7309597637795275
11
0.4550879133858268
21
0.7324166141732283
0
LINE
8
BLACK
6
CONTINUOUS
10
0.4550879133858268
20
0.7324166141732283
11
0.456848031496063
21
0.7359368110236221
0
LINE
8
BLACK
6
CONTINUOUS
10
0.456848031496063
20
0.7359368110236221
11
0.456848031496063
21
0.7472093307086614
0
LINE
8
BLACK
6
CONTINUOUS
10
0.456848031496063
20
0.7472093307086614
11
0.455087874015748
21
0.7507295669291338
0
LINE
8
BLACK
6
CONTINUOUS
10
0.455087874015748
20
0.7507295669291338
11
0.453631062992126
21
0.7521864173228346
0
LINE
8
BLACK
6
CONTINUOUS
10
0.453631062992126
20
0.7521864173228346
11
0.4501108661417323
21
0.7539465354330709
0
LINE
8
BLACK
6
CONTINUOUS
10
0.4501108661417323
20
0.7539465354330709
11
0.4430685039370079
21
0.7539465354330709
0
LINE
8
BLACK
6
CONTINUOUS
10
0.4430685039370079
20
0.7539465354330709
11
0.4425050393700787
21
0.7540974803149606
0
LINE
8
BLACK
6
CONTINUOUS
10
0.4425050393700787
20
0.7540974803149606
11
0.441922874015748
21
0.7540587007874016
0
LINE
8
BLACK
6
CONTINUOUS
10
0.441922874015748
20
0.7540587007874016
11
0.4410524409448819
21
0.7544866929133858
0
LINE
8
BLACK
6
CONTINUOUS
10
0.4410524409448819
20
0.7544866929133858
11
0.4401157480314961
21
0.7547377165354331
0
LINE
8
BLACK
6
CONTINUOUS
10
0.4401157480314961
20
0.7547377165354331
11
0.4397032283464567
21
0.7551501968503936
0
LINE
8
BLACK
6
CONTINUOUS
10
0.4397032283464567
20
0.7551501968503936
11
0.43917968503937
21
0.7554076771653543
0
LINE
8
BLACK
6
CONTINUOUS
10
0.43917968503937
20
0.7554076771653543
11
0.4386398818897638
21
0.7562135433070866
0
LINE
8
BLACK
6
CONTINUOUS
10
0.4386398818897638
20
0.7562135433070866
11
0.4379541732283465
21
0.7568992913385827
0
LINE
8
BLACK
6
CONTINUOUS
10
0.4379541732283465
20
0.7568992913385827
11
0.4378031889763779
21
0.7574627559055118
0
LINE
8
BLACK
6
CONTINUOUS
10
0.4378031889763779
20
0.7574627559055118
11
0.4374785039370079
21
0.7579475196850394
0
LINE
8
BLACK
6
CONTINUOUS
10
0.4374785039370079
20
0.7579475196850394
11
0.4374139763779528
21
0.7589153149606299
0
LINE
8
BLACK
6
CONTINUOUS
10
0.4374139763779528
20
0.7589153149606299
11
0.4371629921259843
21
0.7598520472440945
0
LINE
8
BLACK
6
CONTINUOUS
10
0.4371629921259843
20
0.7598520472440945
11
0.437313937007874
21
0.7604154724409449
0
LINE
8
BLACK
6
CONTINUOUS
10
0.437313937007874
20
0.7604154724409449
11
0.4372751574803149
21
0.7609976771653543
0
LINE
8
BLACK
6
CONTINUOUS
10
0.4372751574803149
20
0.7609976771653543
11
0.4377031496062992
21
0.7618680708661417
0
LINE
8
BLACK
6
CONTINUOUS
10
0.4377031496062992
20
0.7618680708661417
11
0.4379541732283465
21
0.7628048031496063
0
LINE
8
BLACK
6
CONTINUOUS
10
0.4379541732283465
20
0.7628048031496063
11
0.4383666535433071
21
0.763217283464567
0
LINE
8
BLACK
6
CONTINUOUS
10
0.4383666535433071
20
0.763217283464567
11
0.4386241338582677
21
0.7637408661417323
0
LINE
8
BLACK
6
CONTINUOUS
10
0.4386241338582677
20
0.7637408661417323
11
0.4497391732283464
21
0.7764437401574803
0
LINE
8
BLACK
6
CONTINUOUS
10
0.4497391732283464
20
0.7764437401574803
11
0.4261955905511811
21
0.7764437401574803
0
LINE
8
BLACK
6
CONTINUOUS
10
0.4261955905511811
20
0.7764437401574803
11
0.4232428346456693
21
0.7772349212598425
0
LINE
8
BLACK
6
CONTINUOUS
10
0.4232428346456693
20
0.7772349212598425
11
0.4210812598425197
21
0.7793964960629921
0
LINE
8
BLACK
6
CONTINUOUS
10
0.4210812598425197
20
0.7793964960629921
11
0.4202900787401574
21
0.7823492519685039
0
LINE
8
BLACK
6
CONTINUOUS
10
0.4202900787401574
20
0.7823492519685039
11
0.4210812598425197
21
0.7853020078740157
0
LINE
8
BLACK
6
CONTINUOUS
10
0.4210812598425197
20
0.7853020078740157
11
0.4232428346456693
21
0.7874635826771653
0
LINE
8
BLACK
6
CONTINUOUS
10
0.4232428346456693
20
0.7874635826771653
11
0.4261955905511811
21
0.7882547637795275
0
LINE
8
BLACK
6
CONTINUOUS
10
0.4261955905511811
20
0.7882547637795275
11
0.4627535433070866
21
0.7882547637795275
0
LINE
8
BLACK
6
CONTINUOUS
10
0.4627535433070866
20
0.7882547637795275
11
0.4633170866141732
21
0.7881037401574803
0
LINE
8
BLACK
6
CONTINUOUS
10
1.2852648031496063
20
0.7415552755905511
11
1.2855459842519685
21
0.7414996456692913
0
LINE
8
BLACK
6
CONTINUOUS
10
1.2855459842519685
20
0.7414996456692913
11
1.2856023228346456
21
0.7414154724409449
0
LINE
8
BLACK
6
CONTINUOUS
10
1.2856023228346456
20
0.7414154724409449
11
1.2856959842519684
21
0.7413766929133858
0
LINE
8
BLACK
6
CONTINUOUS
10
1.2856959842519684
20
0.7413766929133858
11
1.2858056299212599
21
0.7411118897637795
0
LINE
8
BLACK
6
CONTINUOUS
10
1.2858056299212599
20
0.7411118897637795
11
1.285965157480315
21
0.7408737401574803
0
LINE
8
BLACK
6
CONTINUOUS
10
1.285965157480315
20
0.7408737401574803
11
1.2859454724409449
21
0.7407742913385826
0
LINE
8
BLACK
6
CONTINUOUS
10
1.2859454724409449
20
0.7407742913385826
11
1.2859842519685039
21
0.7406807086614173
0
LINE
8
BLACK
6
CONTINUOUS
10
1.2859842519685039
20
0.7406807086614173
11
1.2859842519685039
21
0.7219799212598424
0
LINE
8
BLACK
6
CONTINUOUS
10
1.2859842519685039
20
0.7219799212598424
11
1.2906242913385826
21
0.7219799212598424
0
LINE
8
BLACK
6
CONTINUOUS
10
1.2906242913385826
20
0.7219799212598424
11
1.2913202755905511
21
0.7216916535433071
0
LINE
8
BLACK
6
CONTINUOUS
10
1.2913202755905511
20
0.7216916535433071
11
1.2916085433070865
21
0.7209956692913385
0
LINE
8
BLACK
6
CONTINUOUS
10
1.2916085433070865
20
0.7209956692913385
11
1.2913202755905511
21
0.72029968503937
0
LINE
8
BLACK
6
CONTINUOUS
10
1.2913202755905511
20
0.72029968503937
11
1.2906242913385826
21
0.7200114173228346
0
LINE
8
BLACK
6
CONTINUOUS
10
1.2906242913385826
20
0.7200114173228346
11
1.2849999999999999
21
0.7200114173228346
0
LINE
8
BLACK
6
CONTINUOUS
10
1.2849999999999999
20
0.7200114173228346
11
1.2793757086614173
21
0.7200114173228346
0
LINE
8
BLACK
6
CONTINUOUS
10
1.2793757086614173
20
0.7200114173228346
11
1.2786797244094488
21
0.72029968503937
0
LINE
8
BLACK
6
CONTINUOUS
10
1.2786797244094488
20
0.72029968503937
11
1.2783914566929133
21
0.7209956692913385
0
LINE
8
BLACK
6
CONTINUOUS
10
1.2783914566929133
20
0.7209956692913385
11
1.2786797244094488
21
0.7216916535433071
0
LINE
8
BLACK
6
CONTINUOUS
10
1.2786797244094488
20
0.7216916535433071
11
1.2793757086614173
21
0.7219799212598424
0
LINE
8
BLACK
6
CONTINUOUS
10
1.2793757086614173
20
0.7219799212598424
11
1.284015748031496
21
0.7219799212598424
0
LINE
8
BLACK
6
CONTINUOUS
10
1.284015748031496
20
0.7219799212598424
11
1.284015748031496
21
0.7374299606299213
0
LINE
8
BLACK
6
CONTINUOUS
10
1.284015748031496
20
0.7374299606299213
11
1.2839441732283465
21
0.7373225984251969
0
LINE
8
BLACK
6
CONTINUOUS
10
1.2839441732283465
20
0.7373225984251969
11
1.2838599606299212
21
0.7372661811023622
0
LINE
8
BLACK
6
CONTINUOUS
10
1.2838599606299212
20
0.7372661811023622
11
1.2838211811023621
21
0.7371725590551181
0
LINE
8
BLACK
6
CONTINUOUS
10
1.2838211811023621
20
0.7371725590551181
11
1.2819464566929133
21
0.7352977952755906
0
LINE
8
BLACK
6
CONTINUOUS
10
1.2819464566929133
20
0.7352977952755906
11
1.2817967322834645
21
0.7352357874015748
0
LINE
8
BLACK
6
CONTINUOUS
10
1.2817967322834645
20
0.7352357874015748
11
1.2816906299212598
21
0.7351134251968504
0
LINE
8
BLACK
6
CONTINUOUS
10
1.2816906299212598
20
0.7351134251968504
11
1.2798158661417323
21
0.734176062992126
0
LINE
8
BLACK
6
CONTINUOUS
10
1.2798158661417323
20
0.734176062992126
11
1.2790644488188976
21
0.7341226771653543
0
LINE
8
BLACK
6
CONTINUOUS
10
1.2790644488188976
20
0.7341226771653543
11
1.2784953543307087
21
0.7346162598425197
0
LINE
8
BLACK
6
CONTINUOUS
10
1.2784953543307087
20
0.7346162598425197
11
1.278441968503937
21
0.7353676771653543
0
LINE
8
BLACK
6
CONTINUOUS
10
1.278441968503937
20
0.7353676771653543
11
1.2789355511811022
21
0.7359367716535433
0
LINE
8
BLACK
6
CONTINUOUS
10
1.2789355511811022
20
0.7359367716535433
11
1.2806674409448819
21
0.7368027165354331
0
LINE
8
BLACK
6
CONTINUOUS
10
1.2806674409448819
20
0.7368027165354331
11
1.2823603543307087
21
0.7384956299212598
0
LINE
8
BLACK
6
CONTINUOUS
10
1.2823603543307087
20
0.7384956299212598
11
1.284181062992126
21
0.7412266929133858
0
LINE
8
BLACK
6
CONTINUOUS
10
1.284181062992126
20
0.7412266929133858
11
1.2842651968503938
21
0.741283031496063
0
LINE
8
BLACK
6
CONTINUOUS
10
1.2842651968503938
20
0.741283031496063
11
1.2843040157480314
21
0.7413766929133858
0
LINE
8
BLACK
6
CONTINUOUS
10
1.2843040157480314
20
0.7413766929133858
11
1.2845687795275591
21
0.7414863385826771
0
LINE
8
BLACK
6
CONTINUOUS
10
1.2845687795275591
20
0.7414863385826771
11
1.2848069685039369
21
0.7416458661417322
0
LINE
8
BLACK
6
CONTINUOUS
10
1.2848069685039369
20
0.7416458661417322
11
1.2849063779527559
21
0.7416261811023622
0
LINE
8
BLACK
6
CONTINUOUS
10
1.2849063779527559
20
0.7416261811023622
11
1.2849999999999999
21
0.7416649606299213
0
LINE
8
BLACK
6
CONTINUOUS
10
1.2849999999999999
20
0.7416649606299213
11
1.2852648031496063
21
0.7415552755905511
0
LINE
8
BLACK
6
CONTINUOUS
10
1.1226032677165354
20
0.7759724015748032
11
1.1228622440944882
21
0.7760181496062992
0
LINE
8
BLACK
6
CONTINUOUS
10
1.1228622440944882
20
0.7760181496062992
11
1.1240653937007874
21
0.7755806299212599
0
LINE
8
BLACK
6
CONTINUOUS
10
1.1240653937007874
20
0.7755806299212599
11
1.1253020078740157
21
0.7752492913385827
0
LINE
8
BLACK
6
CONTINUOUS
10
1.1253020078740157
20
0.7752492913385827
11
1.1254879527559054
21
0.7750633070866142
0
LINE
8
BLACK
6
CONTINUOUS
10
1.1254879527559054
20
0.7750633070866142
11
1.1257351181102362
21
0.7749734645669292
0
LINE
8
BLACK
6
CONTINUOUS
10
1.1257351181102362
20
0.7749734645669292
11
1.1265583858267716
21
0.773992874015748
0
LINE
8
BLACK
6
CONTINUOUS
10
1.1265583858267716
20
0.773992874015748
11
1.1274635826771653
21
0.7730877165354331
0
LINE
8
BLACK
6
CONTINUOUS
10
1.1274635826771653
20
0.7730877165354331
11
1.1275316141732283
21
0.7728337401574803
0
LINE
8
BLACK
6
CONTINUOUS
10
1.1275316141732283
20
0.7728337401574803
11
1.127700748031496
21
0.7726323228346457
0
LINE
8
BLACK
6
CONTINUOUS
10
1.127700748031496
20
0.7726323228346457
11
1.1279234645669292
21
0.7713712598425196
0
LINE
8
BLACK
6
CONTINUOUS
10
1.1279234645669292
20
0.7713712598425196
11
1.1282547637795275
21
0.7701349606299213
0
LINE
8
BLACK
6
CONTINUOUS
10
1.1282547637795275
20
0.7701349606299213
11
1.1281866929133857
21
0.7698810236220472
0
LINE
8
BLACK
6
CONTINUOUS
10
1.1281866929133857
20
0.7698810236220472
11
1.1282324803149606
21
0.7696220078740157
0
LINE
8
BLACK
6
CONTINUOUS
10
1.1282324803149606
20
0.7696220078740157
11
1.1277948425196851
21
0.7684185433070866
0
LINE
8
BLACK
6
CONTINUOUS
10
1.1277948425196851
20
0.7684185433070866
11
1.1274635826771653
21
0.7671822047244095
0
LINE
8
BLACK
6
CONTINUOUS
10
1.1274635826771653
20
0.7671822047244095
11
1.1272776377952756
21
0.7669962598425196
0
LINE
8
BLACK
6
CONTINUOUS
10
1.1272776377952756
20
0.7669962598425196
11
1.1271877952755904
21
0.7667491338582677
0
LINE
8
BLACK
6
CONTINUOUS
10
1.1271877952755904
20
0.7667491338582677
11
1.1262072834645669
21
0.7659259055118111
0
LINE
8
BLACK
6
CONTINUOUS
10
1.1262072834645669
20
0.7659259055118111
11
1.1253020078740157
21
0.7650206299212599
0
LINE
8
BLACK
6
CONTINUOUS
10
1.1253020078740157
20
0.7650206299212599
11
1.1250479527559054
21
0.7649525590551181
0
LINE
8
BLACK
6
CONTINUOUS
10
1.1250479527559054
20
0.7649525590551181
11
1.1248466141732283
21
0.7647835039370079
0
LINE
8
BLACK
6
CONTINUOUS
10
1.1248466141732283
20
0.7647835039370079
11
1.0941317716535433
21
0.7504499212598426
0
LINE
8
BLACK
6
CONTINUOUS
10
1.0941317716535433
20
0.7504499212598426
11
1.1248466141732283
21
0.7361163385826771
0
LINE
8
BLACK
6
CONTINUOUS
10
1.1248466141732283
20
0.7361163385826771
11
1.1250479527559054
21
0.7359472440944882
0
LINE
8
BLACK
6
CONTINUOUS
10
1.1250479527559054
20
0.7359472440944882
11
1.1253020078740157
21
0.7358792125984251
0
LINE
8
BLACK
6
CONTINUOUS
10
1.1253020078740157
20
0.7358792125984251
11
1.1262072834645669
21
0.7349738976377953
0
LINE
8
BLACK
6
CONTINUOUS
10
1.1262072834645669
20
0.7349738976377953
11
1.1271877952755904
21
0.7341507086614173
0
LINE
8
BLACK
6
CONTINUOUS
10
1.1271877952755904
20
0.7341507086614173
11
1.1272776377952756
21
0.7339035433070866
0
LINE
8
BLACK
6
CONTINUOUS
10
1.1272776377952756
20
0.7339035433070866
11
1.1274635826771653
21
0.7337176377952755
0
LINE
8
BLACK
6
CONTINUOUS
10
1.1274635826771653
20
0.7337176377952755
11
1.1277948425196851
21
0.7324812598425197
0
LINE
8
BLACK
6
CONTINUOUS
10
1.1277948425196851
20
0.7324812598425197
11
1.1282324803149606
21
0.7312778346456693
0
LINE
8
BLACK
6
CONTINUOUS
10
1.1282324803149606
20
0.7312778346456693
11
1.1281866929133857
21
0.731018779527559
0
LINE
8
BLACK
6
CONTINUOUS
10
1.1281866929133857
20
0.731018779527559
11
1.1282547637795275
21
0.7307648818897637
0
LINE
8
BLACK
6
CONTINUOUS
10
1.1282547637795275
20
0.7307648818897637
11
1.1279234645669292
21
0.7295285433070866
0
LINE
8
BLACK
6
CONTINUOUS
10
1.1279234645669292
20
0.7295285433070866
11
1.127700748031496
21
0.7282675196850393
0
LINE
8
BLACK
6
CONTINUOUS
10
1.127700748031496
20
0.7282675196850393
11
1.1275316141732283
21
0.728066062992126
0
LINE
8
BLACK
6
CONTINUOUS
10
1.1275316141732283
20
0.728066062992126
11
1.1274635826771653
21
0.7278121259842519
0
LINE
8
BLACK
6
CONTINUOUS
10
1.1274635826771653
20
0.7278121259842519
11
1.1265583858267716
21
0.7269069291338582
0
LINE
8
BLACK
6
CONTINUOUS
10
1.1265583858267716
20
0.7269069291338582
11
1.1257351181102362
21
0.7259263779527559
0
LINE
8
BLACK
6
CONTINUOUS
10
1.1257351181102362
20
0.7259263779527559
11
1.1254879527559054
21
0.7258364960629922
0
LINE
8
BLACK
6
CONTINUOUS
10
1.1254879527559054
20
0.7258364960629922
11
1.1253020078740157
21
0.7256505511811023
0
LINE
8
BLACK
6
CONTINUOUS
10
1.1253020078740157
20
0.7256505511811023
11
1.1240653937007874
21
0.7253191732283465
0
LINE
8
BLACK
6
CONTINUOUS
10
1.1240653937007874
20
0.7253191732283465
11
1.1228622440944882
21
0.7248816929133858
0
LINE
8
BLACK
6
CONTINUOUS
10
1.1228622440944882
20
0.7248816929133858
11
1.1226032677165354
21
0.7249274015748032
0
LINE
8
BLACK
6
CONTINUOUS
10
1.1226032677165354
20
0.7249274015748032
11
1.1223492519685039
21
0.7248593700787401
0
LINE
8
BLACK
6
CONTINUOUS
10
1.1223492519685039
20
0.7248593700787401
11
1.0632941338582678
21
0.7248593700787401
0
LINE
8
BLACK
6
CONTINUOUS
10
1.0632941338582678
20
0.7248593700787401
11
1.060341377952756
21
0.7256505511811023
0
LINE
8
BLACK
6
CONTINUOUS
10
1.060341377952756
20
0.7256505511811023
11
1.0581798031496064
21
0.7278121259842519
0
LINE
8
BLACK
6
CONTINUOUS
10
1.0581798031496064
20
0.7278121259842519
11
1.0573886220472442
21
0.7307648818897637
0
LINE
8
BLACK
6
CONTINUOUS
10
1.0573886220472442
20
0.7307648818897637
11
1.0581798031496064
21
0.7337176377952755
0
LINE
8
BLACK
6
CONTINUOUS
10
1.0581798031496064
20
0.7337176377952755
11
1.060341377952756
21
0.7358792125984251
0
LINE
8
BLACK
6
CONTINUOUS
10
1.060341377952756
20
0.7358792125984251
11
1.0632941338582678
21
0.7366703937007874
0
LINE
8
BLACK
6
CONTINUOUS
10
1.0632941338582678
20
0.7366703937007874
11
1.0957298031496063
21
0.7366703937007874
0
LINE
8
BLACK
6
CONTINUOUS
10
1.0957298031496063
20
0.7366703937007874
11
1.0776696456692914
21
0.7450984645669291
0
LINE
8
BLACK
6
CONTINUOUS
10
1.0776696456692914
20
0.7450984645669291
11
1.0772707086614173
21
0.7454333858267717
0
LINE
8
BLACK
6
CONTINUOUS
10
1.0772707086614173
20
0.7454333858267717
11
1.0767811811023622
21
0.7456114173228346
0
LINE
8
BLACK
6
CONTINUOUS
10
1.0767811811023622
20
0.7456114173228346
11
1.0761181496062993
21
0.7464010629921259
0
LINE
8
BLACK
6
CONTINUOUS
10
1.0761181496062993
20
0.7464010629921259
11
1.0753285039370077
21
0.747064094488189
0
LINE
8
BLACK
6
CONTINUOUS
10
1.0753285039370077
20
0.747064094488189
11
1.0751504724409449
21
0.7475536220472441
0
LINE
8
BLACK
6
CONTINUOUS
10
1.0751504724409449
20
0.7475536220472441
11
1.0748155511811024
21
0.747952559055118
0
LINE
8
BLACK
6
CONTINUOUS
10
1.0748155511811024
20
0.747952559055118
11
1.0746361811023621
21
0.7489679133858268
0
LINE
8
BLACK
6
CONTINUOUS
10
1.0746361811023621
20
0.7489679133858268
11
1.0742838188976378
21
0.749936968503937
0
LINE
8
BLACK
6
CONTINUOUS
10
1.0742838188976378
20
0.749936968503937
11
1.0743744094488188
21
0.7504499212598426
0
LINE
8
BLACK
6
CONTINUOUS
10
1.0743744094488188
20
0.7504499212598426
11
1.0742838188976378
21
0.750962874015748
0
LINE
8
BLACK
6
CONTINUOUS
10
1.0742838188976378
20
0.750962874015748
11
1.0746361811023621
21
0.7519318897637796
0
LINE
8
BLACK
6
CONTINUOUS
10
1.0746361811023621
20
0.7519318897637796
11
1.0748155511811024
21
0.752947283464567
0
LINE
8
BLACK
6
CONTINUOUS
10
1.0748155511811024
20
0.752947283464567
11
1.0751504724409449
21
0.7533461811023622
0
LINE
8
BLACK
6
CONTINUOUS
10
1.0751504724409449
20
0.7533461811023622
11
1.0753285039370077
21
0.753835748031496
0
LINE
8
BLACK
6
CONTINUOUS
10
1.0753285039370077
20
0.753835748031496
11
1.0761181496062993
21
0.7544987401574803
0
LINE
8
BLACK
6
CONTINUOUS
10
1.0761181496062993
20
0.7544987401574803
11
1.0767811811023622
21
0.7552884251968504
0
LINE
8
BLACK
6
CONTINUOUS
10
1.0767811811023622
20
0.7552884251968504
11
1.0772707086614173
21
0.7554664173228346
0
LINE
8
BLACK
6
CONTINUOUS
10
1.0772707086614173
20
0.7554664173228346
11
1.0776696456692914
21
0.7558013779527559
0
LINE
8
BLACK
6
CONTINUOUS
10
1.0776696456692914
20
0.7558013779527559
11
1.0957298031496063
21
0.7642294488188976
0
LINE
8
BLACK
6
CONTINUOUS
10
1.0957298031496063
20
0.7642294488188976
11
1.0632941338582678
21
0.7642294488188976
0
LINE
8
BLACK
6
CONTINUOUS
10
1.0632941338582678
20
0.7642294488188976
11
1.060341377952756
21
0.7650206299212599
0
LINE
8
BLACK
6
CONTINUOUS
10
1.060341377952756
20
0.7650206299212599
11
1.0581798031496064
21
0.7671822047244095
0
LINE
8
BLACK
6
CONTINUOUS
10
1.0581798031496064
20
0.7671822047244095
11
1.0573886220472442
21
0.7701349606299213
0
LINE
8
BLACK
6
CONTINUOUS
10
1.0573886220472442
20
0.7701349606299213
11
1.0581798031496064
21
0.7730877165354331
0
LINE
8
BLACK
6
CONTINUOUS
10
1.0581798031496064
20
0.7730877165354331
11
1.060341377952756
21
0.7752492913385827
0
LINE
8
BLACK
6
CONTINUOUS
10
1.060341377952756
20
0.7752492913385827
11
1.0632941338582678
21
0.7760404724409449
0
LINE
8
BLACK
6
CONTINUOUS
10
1.0632941338582678
20
0.7760404724409449
11
1.1223492519685039
21
0.7760404724409449
0
LINE
8
BLACK
6
CONTINUOUS
10
1.1223492519685039
20
0.7760404724409449
11
1.1226032677165354
21
0.7759724015748032
0
LINE
8
BLACK
6
CONTINUOUS
10
0.8717875196850393
20
0.8305425196850393
11
0.8725160236220473
21
0.8305548031496063
0
LINE
8
BLACK
6
CONTINUOUS
10
0.8725160236220473
20
0.8305548031496063
11
0.8852644881889764
21
0.8273677165354331
0
LINE
8
BLACK
6
CONTINUOUS
10
0.8852644881889764
20
0.8273677165354331
11
0.8858344094488189
21
0.8270512992125985
0
LINE
8
BLACK
6
CONTINUOUS
10
0.8858344094488189
20
0.8270512992125985
11
0.8864732283464567
21
0.8269205905511811
0
LINE
8
BLACK
6
CONTINUOUS
10
0.8864732283464567
20
0.8269205905511811
11
0.8928474015748031
21
0.8237334645669291
0
LINE
8
BLACK
6
CONTINUOUS
10
0.8928474015748031
20
0.8237334645669291
11
0.8935588188976378
21
0.8231025984251968
0
LINE
8
BLACK
6
CONTINUOUS
10
0.8935588188976378
20
0.8231025984251968
11
0.8943821259842519
21
0.8226272834645669
0
LINE
8
BLACK
6
CONTINUOUS
10
0.8943821259842519
20
0.8226272834645669
11
0.8975692519685039
21
0.8194401968503937
0
LINE
8
BLACK
6
CONTINUOUS
10
0.8975692519685039
20
0.8194401968503937
11
0.8980446456692913
21
0.8186167322834645
0
LINE
8
BLACK
6
CONTINUOUS
10
0.8980446456692913
20
0.8186167322834645
11
0.8986755118110236
21
0.8179053543307087
0
LINE
8
BLACK
6
CONTINUOUS
10
0.8986755118110236
20
0.8179053543307087
11
0.9018625984251968
21
0.8115311417322835
0
LINE
8
BLACK
6
CONTINUOUS
10
0.9018625984251968
20
0.8115311417322835
11
0.9021347244094488
21
0.8102012598425197
0
LINE
8
BLACK
6
CONTINUOUS
10
0.9021347244094488
20
0.8102012598425197
11
0.902486062992126
21
0.8088901181102363
0
LINE
8
BLACK
6
CONTINUOUS
10
0.902486062992126
20
0.8088901181102363
11
0.902486062992126
21
0.802515905511811
0
LINE
8
BLACK
6
CONTINUOUS
10
0.902486062992126
20
0.802515905511811
11
0.9021347244094488
21
0.8012048031496063
0
LINE
8
BLACK
6
CONTINUOUS
10
0.9021347244094488
20
0.8012048031496063
11
0.9018625984251968
21
0.7998748818897637
0
LINE
8
BLACK
6
CONTINUOUS
10
0.9018625984251968
20
0.7998748818897637
11
0.8986755118110236
21
0.7935007086614173
0
LINE
8
BLACK
6
CONTINUOUS
10
0.8986755118110236
20
0.7935007086614173
11
0.8980446456692913
21
0.7927892913385827
0
LINE
8
BLACK
6
CONTINUOUS
10
0.8980446456692913
20
0.7927892913385827
11
0.8975692913385827
21
0.791965905511811
0
LINE
8
BLACK
6
CONTINUOUS
10
0.8975692913385827
20
0.791965905511811
11
0.8943821653543307
21
0.788778779527559
0
LINE
8
BLACK
6
CONTINUOUS
10
0.8943821653543307
20
0.788778779527559
11
0.8935587401574803
21
0.7883033858267716
0
LINE
8
BLACK
6
CONTINUOUS
10
0.8935587401574803
20
0.7883033858267716
11
0.8928473622047244
21
0.7876725590551181
0
LINE
8
BLACK
6
CONTINUOUS
10
0.8928473622047244
20
0.7876725590551181
11
0.8864731889763779
21
0.7844854724409449
0
LINE
8
BLACK
6
CONTINUOUS
10
0.8864731889763779
20
0.7844854724409449
11
0.8858344488188976
21
0.7843547244094488
0
LINE
8
BLACK
6
CONTINUOUS
10
0.8858344488188976
20
0.7843547244094488
11
0.8852644881889764
21
0.7840383464566929
0
LINE
8
BLACK
6
CONTINUOUS
10
0.8852644881889764
20
0.7840383464566929
11
0.8725160629921259
21
0.7808512204724409
0
LINE
8
BLACK
6
CONTINUOUS
10
0.8725160629921259
20
0.7808512204724409
11
0.8717875196850393
21
0.7808634645669291
0
LINE
8
BLACK
6
CONTINUOUS
10
0.8717875196850393
20
0.7808634645669291
11
0.8710837401574802
21
0.7806748818897637
0
LINE
8
BLACK
6
CONTINUOUS
10
0.8710837401574802
20
0.7806748818897637
11
0.8551482283464567
21
0.7806748818897637
0
LINE
8
BLACK
6
CONTINUOUS
10
0.8551482283464567
20
0.7806748818897637
11
0.8544444094488188
21
0.7808634645669291
0
LINE
8
BLACK
6
CONTINUOUS
10
0.8544444094488188
20
0.7808634645669291
11
0.853715905511811
21
0.7808512204724409
0
LINE
8
BLACK
6
CONTINUOUS
10
0.853715905511811
20
0.7808512204724409
11
0.8409675196850394
21
0.7840383464566929
0
LINE
8
BLACK
6
CONTINUOUS
10
0.8409675196850394
20
0.7840383464566929
11
0.8403975196850394
21
0.7843547637795275
0
LINE
8
BLACK
6
CONTINUOUS
10
0.8403975196850394
20
0.7843547637795275
11
0.8397588188976378
21
0.7844854724409449
0
LINE
8
BLACK
6
CONTINUOUS
10
0.8397588188976378
20
0.7844854724409449
11
0.8333846062992126
21
0.7876725590551181
0
LINE
8
BLACK
6
CONTINUOUS
10
0.8333846062992126
20
0.7876725590551181
11
0.832673188976378
21
0.7883033858267716
0
LINE
8
BLACK
6
CONTINUOUS
10
0.832673188976378
20
0.7883033858267716
11
0.8318497637795276
21
0.7887788188976378
0
LINE
8
BLACK
6
CONTINUOUS
10
0.8318497637795276
20
0.7887788188976378
11
0.8286626771653544
21
0.7919659448818898
0
LINE
8
BLACK
6
CONTINUOUS
10
0.8286626771653544
20
0.7919659448818898
11
0.8281873228346457
21
0.7927892125984252
0
LINE
8
BLACK
6
CONTINUOUS
10
0.8281873228346457
20
0.7927892125984252
11
0.8275564960629921
21
0.7935006692913386
0
LINE
8
BLACK
6
CONTINUOUS
10
0.8275564960629921
20
0.7935006692913386
11
0.8243693700787401
21
0.799874842519685
0
LINE
8
BLACK
6
CONTINUOUS
10
0.8243693700787401
20
0.799874842519685
11
0.8240971653543306
21
0.8012049212598426
0
LINE
8
BLACK
6
CONTINUOUS
10
0.8240971653543306
20
0.8012049212598426
11
0.823745905511811
21
0.802515905511811
0
LINE
8
BLACK
6
CONTINUOUS
10
0.823745905511811
20
0.802515905511811
11
0.823745905511811
21
0.8088901181102363
0
LINE
8
BLACK
6
CONTINUOUS
10
0.823745905511811
20
0.8088901181102363
11
0.8240972047244094
21
0.8102011811023622
0
LINE
8
BLACK
6
CONTINUOUS
10
0.8240972047244094
20
0.8102011811023622
11
0.8243693700787401
21
0.8115311417322835
0
LINE
8
BLACK
6
CONTINUOUS
10
0.8243693700787401
20
0.8115311417322835
11
0.8275564960629921
21
0.8179053937007874
0
LINE
8
BLACK
6
CONTINUOUS
10
0.8275564960629921
20
0.8179053937007874
11
0.8281873622047244
21
0.818616811023622
0
LINE
8
BLACK
6
CONTINUOUS
10
0.8281873622047244
20
0.818616811023622
11
0.828662716535433
21
0.819440157480315
0
LINE
8
BLACK
6
CONTINUOUS
10
0.828662716535433
20
0.819440157480315
11
0.8318498031496063
21
0.8226272440944882
0
LINE
8
BLACK
6
CONTINUOUS
10
0.8318498031496063
20
0.8226272440944882
11
0.8326732283464566
21
0.8231026377952756
0
LINE
8
BLACK
6
CONTINUOUS
10
0.8326732283464566
20
0.8231026377952756
11
0.8333846062992126
21
0.8237334645669291
0
LINE
8
BLACK
6
CONTINUOUS
10
0.8333846062992126
20
0.8237334645669291
11
0.8397588188976378
21
0.8269205905511811
0
LINE
8
BLACK
6
CONTINUOUS
10
0.8397588188976378
20
0.8269205905511811
11
0.840397559055118
21
0.8270512992125985
0
LINE
8
BLACK
6
CONTINUOUS
10
0.840397559055118
20
0.8270512992125985
11
0.8409675590551181
21
0.8273677165354331
0
LINE
8
BLACK
6
CONTINUOUS
10
0.8409675590551181
20
0.8273677165354331
11
0.8537159448818897
21
0.8305548031496063
0
LINE
8
BLACK
6
CONTINUOUS
10
0.8537159448818897
20
0.8305548031496063
11
0.8544444094488188
21
0.8305425196850393
0
LINE
8
BLACK
6
CONTINUOUS
10
0.8544444094488188
20
0.8305425196850393
11
0.8551482283464567
21
0.8307311417322835
0
LINE
8
BLACK
6
CONTINUOUS
10
0.8551482283464567
20
0.8307311417322835
11
0.8710837401574802
21
0.8307311417322835
0
LINE
8
BLACK
6
CONTINUOUS
10
0.8710837401574802
20
0.8307311417322835
11
0.8717875196850393
21
0.8305425196850393
0
LINE
8
BLACK
6
CONTINUOUS
10
0.8444611417322835
20
0.8160666141732283
11
0.8395238188976378
21
0.8135979527559055
0
LINE
8
BLACK
6
CONTINUOUS
10
0.8395238188976378
20
0.8135979527559055
11
0.837691968503937
21
0.8117661023622047
0
LINE
8
BLACK
6
CONTINUOUS
10
0.837691968503937
20
0.8117661023622047
11
0.8355569291338583
21
0.8074959842519684
0
LINE
8
BLACK
6
CONTINUOUS
10
0.8355569291338583
20
0.8074959842519684
11
0.8355569291338583
21
0.8039100393700788
0
LINE
8
BLACK
6
CONTINUOUS
10
0.8355569291338583
20
0.8039100393700788
11
0.8376920078740158
21
0.7996398818897638
0
LINE
8
BLACK
6
CONTINUOUS
10
0.8376920078740158
20
0.7996398818897638
11
0.8395238188976378
21
0.7978080314960629
0
LINE
8
BLACK
6
CONTINUOUS
10
0.8395238188976378
20
0.7978080314960629
11
0.8444610236220472
21
0.7953394488188976
0
LINE
8
BLACK
6
CONTINUOUS
10
0.8444610236220472
20
0.7953394488188976
11
0.8558751968503937
21
0.792485905511811
0
LINE
8
BLACK
6
CONTINUOUS
10
0.8558751968503937
20
0.792485905511811
11
0.8703567716535433
21
0.792485905511811
0
LINE
8
BLACK
6
CONTINUOUS
10
0.8703567716535433
20
0.792485905511811
11
0.8817708661417323
21
0.7953394094488189
0
LINE
8
BLACK
6
CONTINUOUS
10
0.8817708661417323
20
0.7953394094488189
11
0.8867081496062992
21
0.7978080708661417
0
LINE
8
BLACK
6
CONTINUOUS
10
0.8867081496062992
20
0.7978080708661417
11
0.88854
21
0.7996399212598425
0
LINE
8
BLACK
6
CONTINUOUS
10
0.88854
20
0.7996399212598425
11
0.8906750393700787
21
0.80391
0
LINE
8
BLACK
6
CONTINUOUS
10
0.8906750393700787
20
0.80391
11
0.8906750393700787
21
0.8074960236220472
0
LINE
8
BLACK
6
CONTINUOUS
10
0.8906750393700787
20
0.8074960236220472
11
0.88854
21
0.8117661023622047
0
LINE
8
BLACK
6
CONTINUOUS
10
0.88854
20
0.8117661023622047
11
0.8867081496062992
21
0.8135979133858268
0
LINE
8
BLACK
6
CONTINUOUS
10
0.8867081496062992
20
0.8135979133858268
11
0.8817709448818898
21
0.8160665354330708
0
LINE
8
BLACK
6
CONTINUOUS
10
0.8817709448818898
20
0.8160665354330708
11
0.8703568110236221
21
0.8189201181102362
0
LINE
8
BLACK
6
CONTINUOUS
10
0.8703568110236221
20
0.8189201181102362
11
0.8558751968503937
21
0.8189201181102362
0
LINE
8
BLACK
6
CONTINUOUS
10
0.8558751968503937
20
0.8189201181102362
11
0.8444611417322835
21
0.8160666141732283
0
LINE
8
BLACK
6
CONTINUOUS
10
1.1499999999999999
20
0.82
11
1.0900000000000001
21
0.82
0
LINE
8
BLACK
6
CONTINUOUS
10
1.0900000000000001
20
0.82
11
1.0900000000000001
21
0.88
0
LINE
8
BLACK
6
CONTINUOUS
10
1.0900000000000001
20
0.88
11
1.1499999999999999
21
0.88
0
LINE
8
BLACK
6
CONTINUOUS
10
1.1499999999999999
20
0.88
11
1.1499999999999999
21
0.82
0
LINE
8
BLACK
6
CONTINUOUS
10
1.25
20
0.82
11
1.1899999999999999
21
0.82
0
LINE
8
BLACK
6
CONTINUOUS
10
1.1899999999999999
20
0.82
11
1.1899999999999999
21
0.88
0
LINE
8
BLACK
6
CONTINUOUS
10
1.1899999999999999
20
0.88
11
1.25
21
0.88
0
LINE
8
BLACK
6
CONTINUOUS
10
1.25
20
0.88
11
1.25
21
0.82
0
LINE
8
BLACK
6
CONTINUOUS
10
1.2703835039370079
20
0.9028851181102362
11
1.2705127559055118
21
0.9029079133858268
0
LINE
8
BLACK
6
CONTINUOUS
10
1.2705127559055118
20
0.9029079133858268
11
1.270626338582677
21
0.902842283464567
0
LINE
8
BLACK
6
CONTINUOUS
10
1.270626338582677
20
0.902842283464567
11
1.2710099212598425
21
0.9027746850393701
0
LINE
8
BLACK
6
CONTINUOUS
10
1.2710099212598425
20
0.9027746850393701
11
1.2715975984251968
21
0.9022815354330709
0
LINE
8
BLACK
6
CONTINUOUS
10
1.2715975984251968
20
0.9022815354330709
11
1.2722619291338582
21
0.9018979921259842
0
LINE
8
BLACK
6
CONTINUOUS
10
1.2722619291338582
20
0.9018979921259842
11
1.2723530314960629
21
0.9016476377952756
0
LINE
8
BLACK
6
CONTINUOUS
10
1.2723530314960629
20
0.9016476377952756
11
1.2725571653543306
21
0.9014763779527559
0
LINE
8
BLACK
6
CONTINUOUS
10
1.2725571653543306
20
0.9014763779527559
11
1.2726903937007874
21
0.9007207874015748
0
LINE
8
BLACK
6
CONTINUOUS
10
1.2726903937007874
20
0.9007207874015748
11
1.2729527559055118
21
0.9
0
LINE
8
BLACK
6
CONTINUOUS
10
1.2729527559055118
20
0.9
11
1.2729527559055118
21
0.7999999999999999
0
LINE
8
BLACK
6
CONTINUOUS
10
1.2729527559055118
20
0.7999999999999999
11
1.2728851181102363
21
0.7996164566929134
0
LINE
8
BLACK
6
CONTINUOUS
10
1.2728851181102363
20
0.7996164566929134
11
1.2729079133858268
21
0.7994872440944881
0
LINE
8
BLACK
6
CONTINUOUS
10
1.2729079133858268
20
0.7994872440944881
11
1.272842283464567
21
0.799373622047244
0
LINE
8
BLACK
6
CONTINUOUS
10
1.272842283464567
20
0.799373622047244
11
1.27277468503937
21
0.7989900787401575
0
LINE
8
BLACK
6
CONTINUOUS
10
1.27277468503937
20
0.7989900787401575
11
1.2722815354330708
21
0.7984023622047244
0
LINE
8
BLACK
6
CONTINUOUS
10
1.2722815354330708
20
0.7984023622047244
11
1.2718979921259843
21
0.7977380708661417
0
LINE
8
BLACK
6
CONTINUOUS
10
1.2718979921259843
20
0.7977380708661417
11
1.2716476377952755
21
0.7976469291338583
0
LINE
8
BLACK
6
CONTINUOUS
10
1.2716476377952755
20
0.7976469291338583
11
1.2714763779527558
21
0.7974428346456692
0
LINE
8
BLACK
6
CONTINUOUS
10
1.2714763779527558
20
0.7974428346456692
11
1.2707207874015747
21
0.7973095669291338
0
LINE
8
BLACK
6
CONTINUOUS
10
1.2707207874015747
20
0.7973095669291338
11
1.27
21
0.7970472440944881
0
LINE
8
BLACK
6
CONTINUOUS
10
1.27
20
0.7970472440944881
11
1.0700000000000001
21
0.7970472440944881
0
LINE
8
BLACK
6
CONTINUOUS
10
1.0700000000000001
20
0.7970472440944881
11
1.0696164566929134
21
0.797114842519685
0
LINE
8
BLACK
6
CONTINUOUS
10
1.0696164566929134
20
0.797114842519685
11
1.0694872440944883
21
0.7970920866141732
0
LINE
8
BLACK
6
CONTINUOUS
10
1.0694872440944883
20
0.7970920866141732
11
1.0693736220472441
21
0.7971576771653544
0
LINE
8
BLACK
6
CONTINUOUS
10
1.0693736220472441
20
0.7971576771653544
11
1.0689900787401574
21
0.7972253149606299
0
LINE
8
BLACK
6
CONTINUOUS
10
1.0689900787401574
20
0.7972253149606299
11
1.0684023622047243
21
0.7977184251968503
0
LINE
8
BLACK
6
CONTINUOUS
10
1.0684023622047243
20
0.7977184251968503
11
1.0677380708661417
21
0.7981020078740158
0
LINE
8
BLACK
6
CONTINUOUS
10
1.0677380708661417
20
0.7981020078740158
11
1.0676469291338582
21
0.7983523228346456
0
LINE
8
BLACK
6
CONTINUOUS
10
1.0676469291338582
20
0.7983523228346456
11
1.0674428346456692
21
0.798523622047244
0
LINE
8
BLACK
6
CONTINUOUS
10
1.0674428346456692
20
0.798523622047244
11
1.0673095669291339
21
0.7992791732283464
0
LINE
8
BLACK
6
CONTINUOUS
10
1.0673095669291339
20
0.7992791732283464
11
1.0670472440944883
21
0.7999999999999999
0
LINE
8
BLACK
6
CONTINUOUS
10
1.0670472440944883
20
0.7999999999999999
11
1.0670472440944883
21
0.9
0
LINE
8
BLACK
6
CONTINUOUS
10
1.0670472440944883
20
0.9
11
1.067114842519685
21
0.9003835039370078
0
LINE
8
BLACK
6
CONTINUOUS
10
1.067114842519685
20
0.9003835039370078
11
1.0670920866141731
21
0.9005127559055118
0
LINE
8
BLACK
6
CONTINUOUS
10
1.0670920866141731
20
0.9005127559055118
11
1.0671576771653544
21
0.9006263385826772
0
LINE
8
BLACK
6
CONTINUOUS
10
1.0671576771653544
20
0.9006263385826772
11
1.0672253149606299
21
0.9010099212598425
0
LINE
8
BLACK
6
CONTINUOUS
10
1.0672253149606299
20
0.9010099212598425
11
1.0677184251968503
21
0.9015975984251968
0
LINE
8
BLACK
6
CONTINUOUS
10
1.0677184251968503
20
0.9015975984251968
11
1.0681020078740158
21
0.9022619291338583
0
LINE
8
BLACK
6
CONTINUOUS
10
1.0681020078740158
20
0.9022619291338583
11
1.0683523228346457
21
0.9023530314960629
0
LINE
8
BLACK
6
CONTINUOUS
10
1.0683523228346457
20
0.9023530314960629
11
1.068523622047244
21
0.9025571653543307
0
LINE
8
BLACK
6
CONTINUOUS
10
1.068523622047244
20
0.9025571653543307
11
1.0692791732283464
21
0.9026903937007874
0
LINE
8
BLACK
6
CONTINUOUS
10
1.0692791732283464
20
0.9026903937007874
11
1.0700000000000001
21
0.9029527559055118
0
LINE
8
BLACK
6
CONTINUOUS
10
1.0700000000000001
20
0.9029527559055118
11
1.27
21
0.9029527559055118
0
LINE
8
BLACK
6
CONTINUOUS
10
1.27
20
0.9029527559055118
11
1.2703835039370079
21
0.9028851181102362
0
LINE
8
BLACK
6
CONTINUOUS
10
1.0729527559055119
20
0.8970472440944882
11
1.0729527559055119
21
0.8029527559055117
0
LINE
8
BLACK
6
CONTINUOUS
10
1.0729527559055119
20
0.8029527559055117
11
1.2670472440944882
21
0.8029527559055117
0
LINE
8
BLACK
6
CONTINUOUS
10
1.2670472440944882
20
0.8029527559055117
11
1.2670472440944882
21
0.8970472440944882
0
LINE
8
BLACK
6
CONTINUOUS
10
1.2670472440944882
20
0.8970472440944882
11
1.0729527559055119
21
0.8970472440944882
0
LINE
8
BLACK
6
CONTINUOUS
10
1.3799999999999999
20
0.84
11
1.3200000000000001
21
0.84
0
LINE
8
BLACK
6
CONTINUOUS
10
1.3200000000000001
20
0.84
11
1.3200000000000001
21
0.9
0
LINE
8
BLACK
6
CONTINUOUS
10
1.3200000000000001
20
0.9
11
1.3799999999999999
21
0.9
0
LINE
8
BLACK
6
CONTINUOUS
10
1.3799999999999999
20
0.9
11
1.3799999999999999
21
0.84
0
LINE
8
BLACK
6
CONTINUOUS
10
1.48
20
0.84
11
1.4199999999999999
21
0.84
0
LINE
8
BLACK
6
CONTINUOUS
10
1.4199999999999999
20
0.84
11
1.4199999999999999
21
0.9
0
LINE
8
BLACK
6
CONTINUOUS
10
1.4199999999999999
20
0.9
11
1.48
21
0.9
0
LINE
8
BLACK
6
CONTINUOUS
10
1.48
20
0.9
11
1.48
21
0.84
0
LINE
8
BLACK
6
CONTINUOUS
10
1.3799999999999999
20
0.9399999999999999
11
1.3200000000000001
21
0.9399999999999999
0
LINE
8
BLACK
6
CONTINUOUS
10
1.3200000000000001
20
0.9399999999999999
11
1.3200000000000001
21
1.
0
LINE
8
BLACK
6
CONTINUOUS
10
1.3200000000000001
20
1.
11
1.3799999999999999
21
1.
0
LINE
8
BLACK
6
CONTINUOUS
10
1.3799999999999999
20
1.
11
1.3799999999999999
21
0.9399999999999999
0
LINE
8
BLACK
6
CONTINUOUS
10
1.48
20
0.9399999999999999
11
1.4199999999999999
21
0.9399999999999999
0
LINE
8
BLACK
6
CONTINUOUS
10
1.4199999999999999
20
0.9399999999999999
11
1.4199999999999999
21
1.
0
LINE
8
BLACK
6
CONTINUOUS
10
1.4199999999999999
20
1.
11
1.48
21
1.
0
LINE
8
BLACK
6
CONTINUOUS
10
1.48
20
1.
11
1.48
21
0.9399999999999999
0
LINE
8
BLACK
6
CONTINUOUS
10
1.3799999999999999
20
1.04
11
1.3200000000000001
21
1.04
0
LINE
8
BLACK
6
CONTINUOUS
10
1.3200000000000001
20
1.04
11
1.3200000000000001
21
1.0999999999999999
0
LINE
8
BLACK
6
CONTINUOUS
10
1.3200000000000001
20
1.0999999999999999
11
1.3799999999999999
21
1.0999999999999999
0
LINE
8
BLACK
6
CONTINUOUS
10
1.3799999999999999
20
1.0999999999999999
11
1.3799999999999999
21
1.04
0
LINE
8
BLACK
6
CONTINUOUS
10
1.48
20
1.04
11
1.4199999999999999
21
1.04
0
LINE
8
BLACK
6
CONTINUOUS
10
1.4199999999999999
20
1.04
11
1.4199999999999999
21
1.0999999999999999
0
LINE
8
BLACK
6
CONTINUOUS
10
1.4199999999999999
20
1.0999999999999999
11
1.48
21
1.0999999999999999
0
LINE
8
BLACK
6
CONTINUOUS
10
1.48
20
1.0999999999999999
11
1.48
21
1.04
0
LINE
8
BLACK
6
CONTINUOUS
10
1.3799999999999999
20
1.1399999999999999
11
1.3200000000000001
21
1.1399999999999999
0
LINE
8
BLACK
6
CONTINUOUS
10
1.3200000000000001
20
1.1399999999999999
11
1.3200000000000001
21
1.2
0
LINE
8
BLACK
6
CONTINUOUS
10
1.3200000000000001
20
1.2
11
1.3799999999999999
21
1.2
0
LINE
8
BLACK
6
CONTINUOUS
10
1.3799999999999999
20
1.2
11
1.3799999999999999
21
1.1399999999999999
0
LINE
8
BLACK
6
CONTINUOUS
10
1.48
20
1.1399999999999999
11
1.4199999999999999
21
1.1399999999999999
0
LINE
8
BLACK
6
CONTINUOUS
10
1.4199999999999999
20
1.1399999999999999
11
1.4199999999999999
21
1.2
0
LINE
8
BLACK
6
CONTINUOUS
10
1.4199999999999999
20
1.2
11
1.48
21
1.2
0
LINE
8
BLACK
6
CONTINUOUS
10
1.48
20
1.2
11
1.48
21
1.1399999999999999
0
LINE
8
BLACK
6
CONTINUOUS
10
1.5003835039370079
20
1.2228851181102363
11
1.5005127559055118
21
1.2229079133858267
0
LINE
8
BLACK
6
CONTINUOUS
10
1.5005127559055118
20
1.2229079133858267
11
1.500626338582677
21
1.2228422834645669
0
LINE
8
BLACK
6
CONTINUOUS
10
1.500626338582677
20
1.2228422834645669
11
1.5010099212598425
21
1.2227746850393701
0
LINE
8
BLACK
6
CONTINUOUS
10
1.5010099212598425
20
1.2227746850393701
11
1.5015975984251968
21
1.2222815354330709
0
LINE
8
BLACK
6
CONTINUOUS
10
1.5015975984251968
20
1.2222815354330709
11
1.5022619291338581
21
1.2218979921259843
0
LINE
8
BLACK
6
CONTINUOUS
10
1.5022619291338581
20
1.2218979921259843
11
1.5023530314960629
21
1.2216476377952756
0
LINE
8
BLACK
6
CONTINUOUS
10
1.5023530314960629
20
1.2216476377952756
11
1.5025571653543306
21
1.221476377952756
0
LINE
8
BLACK
6
CONTINUOUS
10
1.5025571653543306
20
1.221476377952756
11
1.5026903937007874
21
1.2207207874015749
0
LINE
8
BLACK
6
CONTINUOUS
10
1.5026903937007874
20
1.2207207874015749
11
1.5029527559055118
21
1.22
0
LINE
8
BLACK
6
CONTINUOUS
10
1.5029527559055118
20
1.22
11
1.5029527559055118
21
0.82
0
LINE
8
BLACK
6
CONTINUOUS
10
1.5029527559055118
20
0.82
11
1.5028851181102363
21
0.8196164566929134
0
LINE
8
BLACK
6
CONTINUOUS
10
1.5028851181102363
20
0.8196164566929134
11
1.5029079133858267
21
0.8194872440944881
0
LINE
8
BLACK
6
CONTINUOUS
10
1.5029079133858267
20
0.8194872440944881
11
1.5028422834645669
21
0.8193736220472441
0
LINE
8
BLACK
6
CONTINUOUS
10
1.5028422834645669
20
0.8193736220472441
11
1.50277468503937
21
0.8189900787401575
0
LINE
8
BLACK
6
CONTINUOUS
10
1.50277468503937
20
0.8189900787401575
11
1.5022815354330707
21
0.8184023622047244
0
LINE
8
BLACK
6
CONTINUOUS
10
1.5022815354330707
20
0.8184023622047244
11
1.5018979921259843
21
0.8177380708661417
0
LINE
8
BLACK
6
CONTINUOUS
10
1.5018979921259843
20
0.8177380708661417
11
1.5016476377952757
21
0.8176469291338583
0
LINE
8
BLACK
6
CONTINUOUS
10
1.5016476377952757
20
0.8176469291338583
11
1.5014763779527558
21
0.8174428346456692
0
LINE
8
BLACK
6
CONTINUOUS
10
1.5014763779527558
20
0.8174428346456692
11
1.5007207874015747
21
0.8173095669291338
0
LINE
8
BLACK
6
CONTINUOUS
10
1.5007207874015747
20
0.8173095669291338
11
1.5
21
0.8170472440944881
0
LINE
8
BLACK
6
CONTINUOUS
10
1.5
20
0.8170472440944881
11
1.3
21
0.8170472440944881
0
LINE
8
BLACK
6
CONTINUOUS
10
1.3
20
0.8170472440944881
11
1.2996164566929134
21
0.817114842519685
0
LINE
8
BLACK
6
CONTINUOUS
10
1.2996164566929134
20
0.817114842519685
11
1.2994872440944882
21
0.8170920866141732
0
LINE
8
BLACK
6
CONTINUOUS
10
1.2994872440944882
20
0.8170920866141732
11
1.299373622047244
21
0.8171576771653543
0
LINE
8
BLACK
6
CONTINUOUS
10
1.299373622047244
20
0.8171576771653543
11
1.2989900787401574
21
0.8172253149606299
0
LINE
8
BLACK
6
CONTINUOUS
10
1.2989900787401574
20
0.8172253149606299
11
1.2984023622047243
21
0.8177184251968503
0
LINE
8
BLACK
6
CONTINUOUS
10
1.2984023622047243
20
0.8177184251968503
11
1.2977380708661417
21
0.8181020078740158
0
LINE
8
BLACK
6
CONTINUOUS
10
1.2977380708661417
20
0.8181020078740158
11
1.2976469291338582
21
0.8183523228346457
0
LINE
8
BLACK
6
CONTINUOUS
10
1.2976469291338582
20
0.8183523228346457
11
1.2974428346456692
21
0.818523622047244
0
LINE
8
BLACK
6
CONTINUOUS
10
1.2974428346456692
20
0.818523622047244
11
1.2973095669291339
21
0.8192791732283464
0
LINE
8
BLACK
6
CONTINUOUS
10
1.2973095669291339
20
0.8192791732283464
11
1.2970472440944882
21
0.82
0
LINE
8
BLACK
6
CONTINUOUS
10
1.2970472440944882
20
0.82
11
1.2970472440944882
21
1.22
0
LINE
8
BLACK
6
CONTINUOUS
10
1.2970472440944882
20
1.22
11
1.297114842519685
21
1.2203835039370079
0
LINE
8
BLACK
6
CONTINUOUS
10
1.297114842519685
20
1.2203835039370079
11
1.2970920866141733
21
1.2205127559055118
0
LINE
8
BLACK
6
CONTINUOUS
10
1.2970920866141733
20
1.2205127559055118
11
1.2971576771653544
21
1.2206263385826772
0
LINE
8
BLACK
6
CONTINUOUS
10
1.2971576771653544
20
1.2206263385826772
11
1.2972253149606299
21
1.2210099212598424
0
LINE
8
BLACK
6
CONTINUOUS
10
1.2972253149606299
20
1.2210099212598424
11
1.2977184251968503
21
1.2215975984251968
0
LINE
8
BLACK
6
CONTINUOUS
10
1.2977184251968503
20
1.2215975984251968
11
1.2981020078740158
21
1.2222619291338583
0
LINE
8
BLACK
6
CONTINUOUS
10
1.2981020078740158
20
1.2222619291338583
11
1.2983523228346456
21
1.2223530314960629
0
LINE
8
BLACK
6
CONTINUOUS
10
1.2983523228346456
20
1.2223530314960629
11
1.298523622047244
21
1.2225571653543308
0
LINE
8
BLACK
6
CONTINUOUS
10
1.298523622047244
20
1.2225571653543308
11
1.2992791732283464
21
1.2226903937007874
0
LINE
8
BLACK
6
CONTINUOUS
10
1.2992791732283464
20
1.2226903937007874
11
1.3
21
1.2229527559055118
0
LINE
8
BLACK
6
CONTINUOUS
10
1.3
20
1.2229527559055118
11
1.5
21
1.2229527559055118
0
LINE
8
BLACK
6
CONTINUOUS
10
1.5
20
1.2229527559055118
11
1.5003835039370079
21
1.2228851181102363
0
LINE
8
BLACK
6
CONTINUOUS
10
1.3029527559055119
20
1.2170472440944882
11
1.3029527559055119
21
0.8229527559055118
0
LINE
8
BLACK
6
CONTINUOUS
10
1.3029527559055119
20
0.8229527559055118
11
1.4970472440944882
21
0.8229527559055118
0
LINE
8
BLACK
6
CONTINUOUS
10
1.4970472440944882
20
0.8229527559055118
11
1.4970472440944882
21
1.2170472440944882
0
LINE
8
BLACK
6
CONTINUOUS
10
1.4970472440944882
20
1.2170472440944882
11
1.3029527559055119
21
1.2170472440944882
0
LINE
8
BLACK
6
CONTINUOUS
10
0.3447838582677165
20
0.8874635826771653
11
0.3469454330708661
21
0.8853020078740157
0
LINE
8
BLACK
6
CONTINUOUS
10
0.3469454330708661
20
0.8853020078740157
11
0.3477366141732283
21
0.8823492519685039
0
LINE
8
BLACK
6
CONTINUOUS
10
0.3477366141732283
20
0.8823492519685039
11
0.3477366141732283
21
0.8232941338582677
0
LINE
8
BLACK
6
CONTINUOUS
10
0.3477366141732283
20
0.8232941338582677
11
0.3469454330708661
21
0.8203413779527559
0
LINE
8
BLACK
6
CONTINUOUS
10
0.3469454330708661
20
0.8203413779527559
11
0.3447838582677165
21
0.8181798031496063
0
LINE
8
BLACK
6
CONTINUOUS
10
0.3447838582677165
20
0.8181798031496063
11
0.3418311023622047
21
0.8173886220472441
0
LINE
8
BLACK
6
CONTINUOUS
10
0.3418311023622047
20
0.8173886220472441
11
0.3388783464566929
21
0.8181798031496063
0
LINE
8
BLACK
6
CONTINUOUS
10
0.3388783464566929
20
0.8181798031496063
11
0.3367167716535433
21
0.8203413779527559
0
LINE
8
BLACK
6
CONTINUOUS
10
0.3367167716535433
20
0.8203413779527559
11
0.3359255905511811
21
0.8232941338582677
0
LINE
8
BLACK
6
CONTINUOUS
10
0.3359255905511811
20
0.8232941338582677
11
0.3359255905511811
21
0.8823492519685039
0
LINE
8
BLACK
6
CONTINUOUS
10
0.3359255905511811
20
0.8823492519685039
11
0.3367167716535433
21
0.8853020078740157
0
LINE
8
BLACK
6
CONTINUOUS
10
0.3367167716535433
20
0.8853020078740157
11
0.3388783464566929
21
0.8874635826771653
0
LINE
8
BLACK
6
CONTINUOUS
10
0.3388783464566929
20
0.8874635826771653
11
0.3418311023622047
21
0.8882547637795275
0
LINE
8
BLACK
6
CONTINUOUS
10
0.3418311023622047
20
0.8882547637795275
11
0.3447838582677165
21
0.8874635826771653
0
LINE
8
BLACK
6
CONTINUOUS
10
0.4066511417322834
20
0.8874635826771653
11
0.4088127165354331
21
0.8853020078740157
0
LINE
8
BLACK
6
CONTINUOUS
10
0.4088127165354331
20
0.8853020078740157
11
0.4096038976377953
21
0.8823492519685039
0
LINE
8
BLACK
6
CONTINUOUS
10
0.4096038976377953
20
0.8823492519685039
11
0.4096038976377953
21
0.8232941338582677
0
LINE
8
BLACK
6
CONTINUOUS
10
0.4096038976377953
20
0.8232941338582677
11
0.4096003543307086
21
0.8232810236220472
0
LINE
8
BLACK
6
CONTINUOUS
10
0.4096003543307086
20
0.8232810236220472
11
0.4096038582677165
21
0.8232678346456693
0
LINE
8
BLACK
6
CONTINUOUS
10
0.4096038582677165
20
0.8232678346456693
11
0.4092040551181102
21
0.8218020078740157
0
LINE
8
BLACK
6
CONTINUOUS
10
0.4092040551181102
20
0.8218020078740157
11
0.4088127165354331
21
0.8203413779527559
0
LINE
8
BLACK
6
CONTINUOUS
10
0.4088127165354331
20
0.8203413779527559
11
0.4088031102362205
21
0.8203317716535433
0
LINE
8
BLACK
6
CONTINUOUS
10
0.4088031102362205
20
0.8203317716535433
11
0.4087995275590551
21
0.820318622047244
0
LINE
8
BLACK
6
CONTINUOUS
10
0.4087995275590551
20
0.820318622047244
11
0.4077205905511811
21
0.819249251968504
0
LINE
8
BLACK
6
CONTINUOUS
10
0.4077205905511811
20
0.819249251968504
11
0.4066511417322834
21
0.8181798031496063
0
LINE
8
BLACK
6
CONTINUOUS
10
0.4066511417322834
20
0.8181798031496063
11
0.4066379921259842
21
0.8181762598425196
0
LINE
8
BLACK
6
CONTINUOUS
10
0.4066379921259842
20
0.8181762598425196
11
0.4066283464566929
21
0.8181666929133858
0
LINE
8
BLACK
6
CONTINUOUS
10
0.4066283464566929
20
0.8181666929133858
11
0.4051589763779527
21
0.8177799606299212
0
LINE
8
BLACK
6
CONTINUOUS
10
0.4051589763779527
20
0.8177799606299212
11
0.4036983858267716
21
0.8173886220472441
0
LINE
8
BLACK
6
CONTINUOUS
10
0.4036983858267716
20
0.8173886220472441
11
0.4036852755905512
21
0.8173921259842519
0
LINE
8
BLACK
6
CONTINUOUS
10
0.4036852755905512
20
0.8173921259842519
11
0.4036720866141732
21
0.8173886614173228
0
LINE
8
BLACK
6
CONTINUOUS
10
0.4036720866141732
20
0.8173886614173228
11
0.4022062598425197
21
0.8177884251968504
0
LINE
8
BLACK
6
CONTINUOUS
10
0.4022062598425197
20
0.8177884251968504
11
0.4007456299212598
21
0.8181798031496063
0
LINE
8
BLACK
6
CONTINUOUS
10
0.4007456299212598
20
0.8181798031496063
11
0.4007360236220472
21
0.8181893700787402
0
LINE
8
BLACK
6
CONTINUOUS
10
0.4007360236220472
20
0.8181893700787402
11
0.400722874015748
21
0.8181929921259843
0
LINE
8
BLACK
6
CONTINUOUS
10
0.400722874015748
20
0.8181929921259843
11
0.3996557086614173
21
0.81926968503937
0
LINE
8
BLACK
6
CONTINUOUS
10
0.3996557086614173
20
0.81926968503937
11
0.3985840551181102
21
0.8203413779527559
0
LINE
8
BLACK
6
CONTINUOUS
10
0.3985840551181102
20
0.8203413779527559
11
0.3985805118110236
21
0.8203545275590551
0
LINE
8
BLACK
6
CONTINUOUS
10
0.3985805118110236
20
0.8203545275590551
11
0.3985709842519685
21
0.8203641732283464
0
LINE
8
BLACK
6
CONTINUOUS
10
0.3985709842519685
20
0.8203641732283464
11
0.3758581102362205
21
0.8601116929133859
0
LINE
8
BLACK
6
CONTINUOUS
10
0.3758581102362205
20
0.8601116929133859
11
0.3758581102362205
21
0.8232941338582677
0
LINE
8
BLACK
6
CONTINUOUS
10
0.3758581102362205
20
0.8232941338582677
11
0.3750669291338583
21
0.8203413779527559
0
LINE
8
BLACK
6
CONTINUOUS
10
0.3750669291338583
20
0.8203413779527559
11
0.3729053543307086
21
0.8181798031496063
0
LINE
8
BLACK
6
CONTINUOUS
10
0.3729053543307086
20
0.8181798031496063
11
0.3699525984251968
21
0.8173886220472441
0
LINE
8
BLACK
6
CONTINUOUS
10
0.3699525984251968
20
0.8173886220472441
11
0.366999842519685
21
0.8181798031496063
0
LINE
8
BLACK
6
CONTINUOUS
10
0.366999842519685
20
0.8181798031496063
11
0.3648382677165354
21
0.8203413779527559
0
LINE
8
BLACK
6
CONTINUOUS
10
0.3648382677165354
20
0.8203413779527559
11
0.3640470866141732
21
0.8232941338582677
0
LINE
8
BLACK
6
CONTINUOUS
10
0.3640470866141732
20
0.8232941338582677
11
0.3640470866141732
21
0.8823492519685039
0
LINE
8
BLACK
6
CONTINUOUS
10
0.3640470866141732
20
0.8823492519685039
11
0.3640505905511811
21
0.8823623228346457
0
LINE
8
BLACK
6
CONTINUOUS
10
0.3640505905511811
20
0.8823623228346457
11
0.364047125984252
21
0.8823755511811023
0
LINE
8
BLACK
6
CONTINUOUS
10
0.364047125984252
20
0.8823755511811023
11
0.3644468897637795
21
0.8838413385826771
0
LINE
8
BLACK
6
CONTINUOUS
10
0.3644468897637795
20
0.8838413385826771
11
0.3648382677165354
21
0.8853020078740157
0
LINE
8
BLACK
6
CONTINUOUS
10
0.3648382677165354
20
0.8853020078740157
11
0.3648478346456693
21
0.8853115748031496
0
LINE
8
BLACK
6
CONTINUOUS
10
0.3648478346456693
20
0.8853115748031496
11
0.3648514566929134
21
0.8853247637795275
0
LINE
8
BLACK
6
CONTINUOUS
10
0.3648514566929134
20
0.8853247637795275
11
0.3659281496062992
21
0.8863918897637795
0
LINE
8
BLACK
6
CONTINUOUS
10
0.3659281496062992
20
0.8863918897637795
11
0.366999842519685
21
0.8874635826771653
0
LINE
8
BLACK
6
CONTINUOUS
10
0.366999842519685
20
0.8874635826771653
11
0.3670129921259843
21
0.8874670866141732
0
LINE
8
BLACK
6
CONTINUOUS
10
0.3670129921259843
20
0.8874670866141732
11
0.3670226377952756
21
0.8874766535433071
0
LINE
8
BLACK
6
CONTINUOUS
10
0.3670226377952756
20
0.8874766535433071
11
0.3684877952755906
21
0.8878622440944882
0
LINE
8
BLACK
6
CONTINUOUS
10
0.3684877952755906
20
0.8878622440944882
11
0.3699525984251968
21
0.8882547637795275
0
LINE
8
BLACK
6
CONTINUOUS
10
0.3699525984251968
20
0.8882547637795275
11
0.3699656692913386
21
0.8882512204724409
0
LINE
8
BLACK
6
CONTINUOUS
10
0.3699656692913386
20
0.8882512204724409
11
0.3699788976377953
21
0.8882547244094487
0
LINE
8
BLACK
6
CONTINUOUS
10
0.3699788976377953
20
0.8882547244094487
11
0.3714446850393701
21
0.8878549212598424
0
LINE
8
BLACK
6
CONTINUOUS
10
0.3714446850393701
20
0.8878549212598424
11
0.3729053543307086
21
0.8874635826771653
0
LINE
8
BLACK
6
CONTINUOUS
10
0.3729053543307086
20
0.8874635826771653
11
0.3729149212598425
21
0.8874539763779528
0
LINE
8
BLACK
6
CONTINUOUS
10
0.3729149212598425
20
0.8874539763779528
11
0.3729281102362205
21
0.8874503937007874
0
LINE
8
BLACK
6
CONTINUOUS
10
0.3729281102362205
20
0.8874503937007874
11
0.3739952362204724
21
0.8863736614173228
0
LINE
8
BLACK
6
CONTINUOUS
10
0.3739952362204724
20
0.8863736614173228
11
0.3750669291338583
21
0.8853020078740157
0
LINE
8
BLACK
6
CONTINUOUS
10
0.3750669291338583
20
0.8853020078740157
11
0.3750704330708661
21
0.8852888188976378
0
LINE
8
BLACK
6
CONTINUOUS
10
0.3750704330708661
20
0.8852888188976378
11
0.37508
21
0.8852792125984251
0
LINE
8
BLACK
6
CONTINUOUS
10
0.37508
20
0.8852792125984251
11
0.397792874015748
21
0.8455317322834646
0
LINE
8
BLACK
6
CONTINUOUS
10
0.397792874015748
20
0.8455317322834646
11
0.397792874015748
21
0.8823492519685039
0
LINE
8
BLACK
6
CONTINUOUS
10
0.397792874015748
20
0.8823492519685039
11
0.3985840551181102
21
0.8853020078740157
0
LINE
8
BLACK
6
CONTINUOUS
10
0.3985840551181102
20
0.8853020078740157
11
0.4007456299212598
21
0.8874635826771653
0
LINE
8
BLACK
6
CONTINUOUS
10
0.4007456299212598
20
0.8874635826771653
11
0.4036983858267716
21
0.8882547637795275
0
LINE
8
BLACK
6
CONTINUOUS
10
0.4036983858267716
20
0.8882547637795275
11
0.4066511417322834
21
0.8874635826771653
0
LINE
8
BLACK
6
CONTINUOUS
10
0.4449359842519685
20
0.8907638582677165
11
0.4474870078740157
21
0.8890795275590551
0
LINE
8
BLACK
6
CONTINUOUS
10
0.4474870078740157
20
0.8890795275590551
11
0.4488541338582677
21
0.8863453543307086
0
LINE
8
BLACK
6
CONTINUOUS
10
0.4488541338582677
20
0.8863453543307086
11
0.4486709448818897
21
0.883293937007874
0
LINE
8
BLACK
6
CONTINUOUS
10
0.4486709448818897
20
0.883293937007874
11
0.4372011811023622
21
0.8488846850393701
0
LINE
8
BLACK
6
CONTINUOUS
10
0.4372011811023622
20
0.8488846850393701
11
0.4512237401574803
21
0.8488846850393701
0
LINE
8
BLACK
6
CONTINUOUS
10
0.4512237401574803
20
0.8488846850393701
11
0.4512237401574803
21
0.8626642125984252
0
LINE
8
BLACK
6
CONTINUOUS
10
0.4512237401574803
20
0.8626642125984252
11
0.4520149212598425
21
0.865616968503937
0
LINE
8
BLACK
6
CONTINUOUS
10
0.4520149212598425
20
0.865616968503937
11
0.4541764960629921
21
0.8677785433070866
0
LINE
8
BLACK
6
CONTINUOUS
10
0.4541764960629921
20
0.8677785433070866
11
0.4571292519685039
21
0.8685697244094488
0
LINE
8
BLACK
6
CONTINUOUS
10
0.4571292519685039
20
0.8685697244094488
11
0.4600820078740158
21
0.8677785433070866
0
LINE
8
BLACK
6
CONTINUOUS
10
0.4600820078740158
20
0.8677785433070866
11
0.4622435826771654
21
0.865616968503937
0
LINE
8
BLACK
6
CONTINUOUS
10
0.4622435826771654
20
0.865616968503937
11
0.4630347637795276
21
0.8626642125984252
0
LINE
8
BLACK
6
CONTINUOUS
10
0.4630347637795276
20
0.8626642125984252
11
0.4630347637795276
21
0.8488846850393701
0
LINE
8
BLACK
6
CONTINUOUS
10
0.4630347637795276
20
0.8488846850393701
11
0.4655656692913386
21
0.8488846850393701
0
LINE
8
BLACK
6
CONTINUOUS
10
0.4655656692913386
20
0.8488846850393701
11
0.4685184251968504
21
0.8480935039370079
0
LINE
8
BLACK
6
CONTINUOUS
10
0.4685184251968504
20
0.8480935039370079
11
0.47068
21
0.8459319291338583
0
LINE
8
BLACK
6
CONTINUOUS
10
0.47068
20
0.8459319291338583
11
0.4714711811023622
21
0.8429791732283465
0
LINE
8
BLACK
6
CONTINUOUS
10
0.4714711811023622
20
0.8429791732283465
11
0.47068
21
0.8400264173228347
0
LINE
8
BLACK
6
CONTINUOUS
10
0.47068
20
0.8400264173228347
11
0.4685184251968504
21
0.8378648425196851
0
LINE
8
BLACK
6
CONTINUOUS
10
0.4685184251968504
20
0.8378648425196851
11
0.4655656692913386
21
0.8370736614173229
0
LINE
8
BLACK
6
CONTINUOUS
10
0.4655656692913386
20
0.8370736614173229
11
0.4630347637795276
21
0.8370736614173229
0
LINE
8
BLACK
6
CONTINUOUS
10
0.4630347637795276
20
0.8370736614173229
11
0.4630347637795276
21
0.8232941338582677
0
LINE
8
BLACK
6
CONTINUOUS
10
0.4630347637795276
20
0.8232941338582677
11
0.4622435826771654
21
0.8203413779527559
0
LINE
8
BLACK
6
CONTINUOUS
10
0.4622435826771654
20
0.8203413779527559
11
0.4600820078740158
21
0.8181798031496063
0
LINE
8
BLACK
6
CONTINUOUS
10
0.4600820078740158
20
0.8181798031496063
11
0.4571292519685039
21
0.8173886220472441
0
LINE
8
BLACK
6
CONTINUOUS
10
0.4571292519685039
20
0.8173886220472441
11
0.4541764960629921
21
0.8181798031496063
0
LINE
8
BLACK
6
CONTINUOUS
10
0.4541764960629921
20
0.8181798031496063
11
0.4520149212598425
21
0.8203413779527559
0
LINE
8
BLACK
6
CONTINUOUS
10
0.4520149212598425
20
0.8203413779527559
11
0.4512237401574803
21
0.8232941338582677
0
LINE
8
BLACK
6
CONTINUOUS
10
0.4512237401574803
20
0.8232941338582677
11
0.4512237401574803
21
0.8370736614173229
0
LINE
8
BLACK
6
CONTINUOUS
10
0.4512237401574803
20
0.8370736614173229
11
0.4290077559055118
21
0.8370736614173229
0
LINE
8
BLACK
6
CONTINUOUS
10
0.4290077559055118
20
0.8370736614173229
11
0.4280892913385826
21
0.8373197244094488
0
LINE
8
BLACK
6
CONTINUOUS
10
0.4280892913385826
20
0.8373197244094488
11
0.4271402755905512
21
0.8373767322834645
0
LINE
8
BLACK
6
CONTINUOUS
10
0.4271402755905512
20
0.8373767322834645
11
0.4266372834645669
21
0.8377087795275591
0
LINE
8
BLACK
6
CONTINUOUS
10
0.4266372834645669
20
0.8377087795275591
11
0.426055
21
0.8378648425196851
0
LINE
8
BLACK
6
CONTINUOUS
10
0.426055
20
0.8378648425196851
11
0.4253826377952756
21
0.8385371653543306
0
LINE
8
BLACK
6
CONTINUOUS
10
0.4253826377952756
20
0.8385371653543306
11
0.4245892519685039
21
0.8390610236220473
0
LINE
8
BLACK
6
CONTINUOUS
10
0.4245892519685039
20
0.8390610236220473
11
0.4243196456692913
21
0.8396001574803149
0
LINE
8
BLACK
6
CONTINUOUS
10
0.4243196456692913
20
0.8396001574803149
11
0.4238934251968504
21
0.8400264173228347
0
LINE
8
BLACK
6
CONTINUOUS
10
0.4238934251968504
20
0.8400264173228347
11
0.4236473228346457
21
0.8409448031496063
0
LINE
8
BLACK
6
CONTINUOUS
10
0.4236473228346457
20
0.8409448031496063
11
0.423222125984252
21
0.8417952362204725
0
LINE
8
BLACK
6
CONTINUOUS
10
0.423222125984252
20
0.8417952362204725
11
0.4232582283464567
21
0.8423969291338582
0
LINE
8
BLACK
6
CONTINUOUS
10
0.4232582283464567
20
0.8423969291338582
11
0.4231022440944882
21
0.8429791732283465
0
LINE
8
BLACK
6
CONTINUOUS
10
0.4231022440944882
20
0.8429791732283465
11
0.4233483070866141
21
0.8438975984251968
0
LINE
8
BLACK
6
CONTINUOUS
10
0.4233483070866141
20
0.8438975984251968
11
0.4234053149606299
21
0.844846653543307
0
LINE
8
BLACK
6
CONTINUOUS
10
0.4234053149606299
20
0.844846653543307
11
0.4374660236220472
21
0.8870288976377952
0
LINE
8
BLACK
6
CONTINUOUS
10
0.4374660236220472
20
0.8870288976377952
11
0.4391503543307086
21
0.8895799212598425
0
LINE
8
BLACK
6
CONTINUOUS
10
0.4391503543307086
20
0.8895799212598425
11
0.4418845669291339
21
0.8909470472440945
0
LINE
8
BLACK
6
CONTINUOUS
10
0.4418845669291339
20
0.8909470472440945
11
0.4449359842519685
21
0.8907638582677165
0
LINE
8
BLACK
6
CONTINUOUS
10
0.8982684251968504
20
0.9101623228346456
11
0.9008718897637795
21
0.9085601968503937
0
LINE
8
BLACK
6
CONTINUOUS
10
0.9008718897637795
20
0.9085601968503937
11
0.9023254724409449
21
0.9058709842519684
0
LINE
8
BLACK
6
CONTINUOUS
10
0.9023254724409449
20
0.9058709842519684
11
0.9022397244094488
21
0.9028152755905512
0
LINE
8
BLACK
6
CONTINUOUS
10
0.9022397244094488
20
0.9028152755905512
11
0.9006375984251969
21
0.900211811023622
0
LINE
8
BLACK
6
CONTINUOUS
10
0.9006375984251969
20
0.900211811023622
11
0.8979483858267716
21
0.8987582283464567
0
LINE
8
BLACK
6
CONTINUOUS
10
0.8979483858267716
20
0.8987582283464567
11
0.8537864960629921
21
0.8882434645669292
0
LINE
8
BLACK
6
CONTINUOUS
10
0.8537864960629921
20
0.8882434645669292
11
0.8789795669291338
21
0.8815253543307087
0
LINE
8
BLACK
6
CONTINUOUS
10
0.8789795669291338
20
0.8815253543307087
11
0.878985905511811
21
0.8815216929133858
0
LINE
8
BLACK
6
CONTINUOUS
10
0.878985905511811
20
0.8815216929133858
11
0.8789932283464567
21
0.8815216929133858
0
LINE
8
BLACK
6
CONTINUOUS
10
0.8789932283464567
20
0.8815216929133858
11
0.8803099606299213
21
0.8807593700787402
0
LINE
8
BLACK
6
CONTINUOUS
10
0.8803099606299213
20
0.8807593700787402
11
0.881628779527559
21
0.8800000787401575
0
LINE
8
BLACK
6
CONTINUOUS
10
0.881628779527559
20
0.8800000787401575
11
0.8816324409448819
21
0.8799937401574803
0
LINE
8
BLACK
6
CONTINUOUS
10
0.8816324409448819
20
0.8799937401574803
11
0.881638779527559
21
0.8799900787401574
0
LINE
8
BLACK
6
CONTINUOUS
10
0.881638779527559
20
0.8799900787401574
11
0.8823980708661417
21
0.8786712598425197
0
LINE
8
BLACK
6
CONTINUOUS
10
0.8823980708661417
20
0.8786712598425197
11
0.8831603937007874
21
0.8773545275590551
0
LINE
8
BLACK
6
CONTINUOUS
10
0.8831603937007874
20
0.8773545275590551
11
0.8831603937007874
21
0.8773472047244094
0
LINE
8
BLACK
6
CONTINUOUS
10
0.8831603937007874
20
0.8773472047244094
11
0.8831640551181102
21
0.8773408661417322
0
LINE
8
BLACK
6
CONTINUOUS
10
0.8831640551181102
20
0.8773408661417322
11
0.8831622047244094
21
0.875819251968504
0
LINE
8
BLACK
6
CONTINUOUS
10
0.8831622047244094
20
0.875819251968504
11
0.8831640551181102
21
0.8742976377952756
0
LINE
8
BLACK
6
CONTINUOUS
10
0.8831640551181102
20
0.8742976377952756
11
0.8831603937007874
21
0.8742912598425197
0
LINE
8
BLACK
6
CONTINUOUS
10
0.8831603937007874
20
0.8742912598425197
11
0.8831603937007874
21
0.8742839763779527
0
LINE
8
BLACK
6
CONTINUOUS
10
0.8831603937007874
20
0.8742839763779527
11
0.8823980708661417
21
0.8729672047244095
0
LINE
8
BLACK
6
CONTINUOUS
10
0.8823980708661417
20
0.8729672047244095
11
0.881638779527559
21
0.8716484251968504
0
LINE
8
BLACK
6
CONTINUOUS
10
0.881638779527559
20
0.8716484251968504
11
0.8816324409448819
21
0.8716447244094488
0
LINE
8
BLACK
6
CONTINUOUS
10
0.8816324409448819
20
0.8716447244094488
11
0.881628779527559
21
0.8716384251968504
0
LINE
8
BLACK
6
CONTINUOUS
10
0.881628779527559
20
0.8716384251968504
11
0.8803099606299213
21
0.870879094488189
0
LINE
8
BLACK
6
CONTINUOUS
10
0.8803099606299213
20
0.870879094488189
11
0.8789932283464567
21
0.870116811023622
0
LINE
8
BLACK
6
CONTINUOUS
10
0.8789932283464567
20
0.870116811023622
11
0.878985905511811
21
0.8701167716535433
0
LINE
8
BLACK
6
CONTINUOUS
10
0.878985905511811
20
0.8701167716535433
11
0.8789795669291338
21
0.8701131496062992
0
LINE
8
BLACK
6
CONTINUOUS
10
0.8789795669291338
20
0.8701131496062992
11
0.8537864566929134
21
0.8633949606299213
0
LINE
8
BLACK
6
CONTINUOUS
10
0.8537864566929134
20
0.8633949606299213
11
0.8979483858267716
21
0.8528802755905511
0
LINE
8
BLACK
6
CONTINUOUS
10
0.8979483858267716
20
0.8528802755905511
11
0.9006375984251969
21
0.8514266929133858
0
LINE
8
BLACK
6
CONTINUOUS
10
0.9006375984251969
20
0.8514266929133858
11
0.9022397244094488
21
0.8488232283464566
0
LINE
8
BLACK
6
CONTINUOUS
10
0.9022397244094488
20
0.8488232283464566
11
0.9023254724409449
21
0.8457675196850394
0
LINE
8
BLACK
6
CONTINUOUS
10
0.9023254724409449
20
0.8457675196850394
11
0.9008718897637795
21
0.8430783070866141
0
LINE
8
BLACK
6
CONTINUOUS
10
0.9008718897637795
20
0.8430783070866141
11
0.8982684645669291
21
0.8414761811023622
0
LINE
8
BLACK
6
CONTINUOUS
10
0.8982684645669291
20
0.8414761811023622
11
0.895212716535433
21
0.8413904330708661
0
LINE
8
BLACK
6
CONTINUOUS
10
0.895212716535433
20
0.8413904330708661
11
0.8282835826771653
21
0.857325905511811
0
LINE
8
BLACK
6
CONTINUOUS
10
0.8282835826771653
20
0.857325905511811
11
0.828205157480315
21
0.8573682677165354
0
LINE
8
BLACK
6
CONTINUOUS
10
0.828205157480315
20
0.8573682677165354
11
0.8281161417322834
21
0.8573683858267717
0
LINE
8
BLACK
6
CONTINUOUS
10
0.8281161417322834
20
0.8573683858267717
11
0.8268659842519684
21
0.858092125984252
0
LINE
8
BLACK
6
CONTINUOUS
10
0.8268659842519684
20
0.858092125984252
11
0.8255943700787401
21
0.8587794881889763
0
LINE
8
BLACK
6
CONTINUOUS
10
0.8255943700787401
20
0.8587794881889763
11
0.8255476377952756
21
0.8588553543307086
0
LINE
8
BLACK
6
CONTINUOUS
10
0.8255476377952756
20
0.8588553543307086
11
0.8254705905511811
21
0.8589
0
LINE
8
BLACK
6
CONTINUOUS
10
0.8254705905511811
20
0.8589
11
0.8247498031496063
21
0.8601518503937008
0
LINE
8
BLACK
6
CONTINUOUS
10
0.8247498031496063
20
0.8601518503937008
11
0.8239922440944881
21
0.8613829527559055
0
LINE
8
BLACK
6
CONTINUOUS
10
0.8239922440944881
20
0.8613829527559055
11
0.8239897244094488
21
0.8614720078740157
0
LINE
8
BLACK
6
CONTINUOUS
10
0.8239897244094488
20
0.8614720078740157
11
0.8239453149606299
21
0.8615492125984252
0
LINE
8
BLACK
6
CONTINUOUS
10
0.8239453149606299
20
0.8615492125984252
11
0.8239470078740158
21
0.8629936220472441
0
LINE
8
BLACK
6
CONTINUOUS
10
0.8239470078740158
20
0.8629936220472441
11
0.8239064960629922
21
0.8644386614173228
0
LINE
8
BLACK
6
CONTINUOUS
10
0.8239064960629922
20
0.8644386614173228
11
0.8239488582677165
21
0.8645170472440945
0
LINE
8
BLACK
6
CONTINUOUS
10
0.8239488582677165
20
0.8645170472440945
11
0.8239489763779527
21
0.8646061023622047
0
LINE
8
BLACK
6
CONTINUOUS
10
0.8239489763779527
20
0.8646061023622047
11
0.8246727165354331
21
0.8658562204724409
0
LINE
8
BLACK
6
CONTINUOUS
10
0.8246727165354331
20
0.8658562204724409
11
0.8253600787401575
21
0.867127874015748
0
LINE
8
BLACK
6
CONTINUOUS
10
0.8253600787401575
20
0.867127874015748
11
0.8254359448818898
21
0.8671745669291339
0
LINE
8
BLACK
6
CONTINUOUS
10
0.8254359448818898
20
0.8671745669291339
11
0.8254805905511811
21
0.867251653543307
0
LINE
8
BLACK
6
CONTINUOUS
10
0.8254805905511811
20
0.867251653543307
11
0.8267324409448819
21
0.8679724015748032
0
LINE
8
BLACK
6
CONTINUOUS
10
0.8267324409448819
20
0.8679724015748032
11
0.8279635433070865
21
0.86873
0
LINE
8
BLACK
6
CONTINUOUS
10
0.8279635433070865
20
0.86873
11
0.8280525984251969
21
0.8687324803149606
0
LINE
8
BLACK
6
CONTINUOUS
10
0.8280525984251969
20
0.8687324803149606
11
0.8281298031496063
21
0.8687769291338583
0
LINE
8
BLACK
6
CONTINUOUS
10
0.8281298031496063
20
0.8687769291338583
11
0.8545384251968504
21
0.8758192125984252
0
LINE
8
BLACK
6
CONTINUOUS
10
0.8545384251968504
20
0.8758192125984252
11
0.8281298031496063
21
0.8828615354330709
0
LINE
8
BLACK
6
CONTINUOUS
10
0.8281298031496063
20
0.8828615354330709
11
0.8280525984251969
21
0.8829059448818898
0
LINE
8
BLACK
6
CONTINUOUS
10
0.8280525984251969
20
0.8829059448818898
11
0.8279635433070865
21
0.8829084645669291
0
LINE
8
BLACK
6
CONTINUOUS
10
0.8279635433070865
20
0.8829084645669291
11
0.8267324409448819
21
0.8836660236220473
0
LINE
8
BLACK
6
CONTINUOUS
10
0.8267324409448819
20
0.8836660236220473
11
0.8254805905511811
21
0.884386811023622
0
LINE
8
BLACK
6
CONTINUOUS
10
0.8254805905511811
20
0.884386811023622
11
0.8254359448818898
21
0.8844638582677166
0
LINE
8
BLACK
6
CONTINUOUS
10
0.8254359448818898
20
0.8844638582677166
11
0.8253600787401575
21
0.8845105905511811
0
LINE
8
BLACK
6
CONTINUOUS
10
0.8253600787401575
20
0.8845105905511811
11
0.8246727165354331
21
0.8857822047244094
0
LINE
8
BLACK
6
CONTINUOUS
10
0.8246727165354331
20
0.8857822047244094
11
0.8239489763779527
21
0.8870323622047244
0
LINE
8
BLACK
6
CONTINUOUS
10
0.8239489763779527
20
0.8870323622047244
11
0.8239488582677165
21
0.8871213779527559
0
LINE
8
BLACK
6
CONTINUOUS
10
0.8239488582677165
20
0.8871213779527559
11
0.8239064960629922
21
0.8871998031496062
0
LINE
8
BLACK
6
CONTINUOUS
10
0.8239064960629922
20
0.8871998031496062
11
0.8239470078740158
21
0.8886448031496063
0
LINE
8
BLACK
6
CONTINUOUS
10
0.8239470078740158
20
0.8886448031496063
11
0.8239453149606299
21
0.890089251968504
0
LINE
8
BLACK
6
CONTINUOUS
10
0.8239453149606299
20
0.890089251968504
11
0.8239897244094488
21
0.8901664173228346
0
LINE
8
BLACK
6
CONTINUOUS
10
0.8239897244094488
20
0.8901664173228346
11
0.8239922440944881
21
0.8902555118110236
0
LINE
8
BLACK
6
CONTINUOUS
10
0.8239922440944881
20
0.8902555118110236
11
0.8247498031496063
21
0.8914865748031496
0
LINE
8
BLACK
6
CONTINUOUS
10
0.8247498031496063
20
0.8914865748031496
11
0.8254705905511811
21
0.8927384645669291
0
LINE
8
BLACK
6
CONTINUOUS
10
0.8254705905511811
20
0.8927384645669291
11
0.8255476377952756
21
0.8927830708661417
0
LINE
8
BLACK
6
CONTINUOUS
10
0.8255476377952756
20
0.8927830708661417
11
0.8255943700787401
21
0.8928589763779528
0
LINE
8
BLACK
6
CONTINUOUS
10
0.8255943700787401
20
0.8928589763779528
11
0.8268659842519684
21
0.8935462992125984
0
LINE
8
BLACK
6
CONTINUOUS
10
0.8268659842519684
20
0.8935462992125984
11
0.8281161417322834
21
0.8942700787401575
0
LINE
8
BLACK
6
CONTINUOUS
10
0.8281161417322834
20
0.8942700787401575
11
0.828205157480315
21
0.8942701574803149
0
LINE
8
BLACK
6
CONTINUOUS
10
0.828205157480315
20
0.8942701574803149
11
0.8282835826771653
21
0.8943125590551181
0
LINE
8
BLACK
6
CONTINUOUS
10
0.8282835826771653
20
0.8943125590551181
11
0.895212716535433
21
0.9102480708661417
0
LINE
8
BLACK
6
CONTINUOUS
10
0.895212716535433
20
0.9102480708661417
11
0.8982684251968504
21
0.9101623228346456
0
LINE
8
BLACK
6
CONTINUOUS
10
0.3652467322834645
20
0.9780086614173228
11
0.3661957874015748
21
0.9779516929133858
0
LINE
8
BLACK
6
CONTINUOUS
10
0.3661957874015748
20
0.9779516929133858
11
0.3746322440944882
21
0.9751395669291338
0
LINE
8
BLACK
6
CONTINUOUS
10
0.3746322440944882
20
0.9751395669291338
11
0.3771832677165354
21
0.9734552362204724
0
LINE
8
BLACK
6
CONTINUOUS
10
0.3771832677165354
20
0.9734552362204724
11
0.3785503937007874
21
0.9707210236220473
0
LINE
8
BLACK
6
CONTINUOUS
10
0.3785503937007874
20
0.9707210236220473
11
0.3783672047244094
21
0.9676696062992126
0
LINE
8
BLACK
6
CONTINUOUS
10
0.3783672047244094
20
0.9676696062992126
11
0.376682874015748
21
0.9651185433070866
0
LINE
8
BLACK
6
CONTINUOUS
10
0.376682874015748
20
0.9651185433070866
11
0.3739486614173228
21
0.9637514566929134
0
LINE
8
BLACK
6
CONTINUOUS
10
0.3739486614173228
20
0.9637514566929134
11
0.3708972440944882
21
0.9639346456692913
0
LINE
8
BLACK
6
CONTINUOUS
10
0.3708972440944882
20
0.9639346456692913
11
0.3633700393700787
21
0.9664437401574802
0
LINE
8
BLACK
6
CONTINUOUS
10
0.3633700393700787
20
0.9664437401574802
11
0.3516616535433071
21
0.9664437401574802
0
LINE
8
BLACK
6
CONTINUOUS
10
0.3516616535433071
20
0.9664437401574802
11
0.3481414173228347
21
0.9646835826771654
0
LINE
8
BLACK
6
CONTINUOUS
10
0.3481414173228347
20
0.9646835826771654
11
0.3466845275590551
21
0.9632266929133858
0
LINE
8
BLACK
6
CONTINUOUS
10
0.3466845275590551
20
0.9632266929133858
11
0.3449244881889764
21
0.9597065748031496
0
LINE
8
BLACK
6
CONTINUOUS
10
0.3449244881889764
20
0.9597065748031496
11
0.3449244881889764
21
0.9568704330708662
0
LINE
8
BLACK
6
CONTINUOUS
10
0.3449244881889764
20
0.9568704330708662
11
0.3466845669291339
21
0.9533501968503937
0
LINE
8
BLACK
6
CONTINUOUS
10
0.3466845669291339
20
0.9533501968503937
11
0.3481414173228347
21
0.9518933858267716
0
LINE
8
BLACK
6
CONTINUOUS
10
0.3481414173228347
20
0.9518933858267716
11
0.3523288188976378
21
0.9497996850393701
0
LINE
8
BLACK
6
CONTINUOUS
10
0.3523288188976378
20
0.9497996850393701
11
0.3629484251968504
21
0.9471448031496063
0
LINE
8
BLACK
6
CONTINUOUS
10
0.3629484251968504
20
0.9471448031496063
11
0.3635183858267717
21
0.9468283858267716
0
LINE
8
BLACK
6
CONTINUOUS
10
0.3635183858267717
20
0.9468283858267716
11
0.3641571653543307
21
0.9466976771653544
0
LINE
8
BLACK
6
CONTINUOUS
10
0.3641571653543307
20
0.9466976771653544
11
0.3697814960629921
21
0.9438855118110236
0
LINE
8
BLACK
6
CONTINUOUS
10
0.3697814960629921
20
0.9438855118110236
11
0.370492874015748
21
0.9432546456692913
0
LINE
8
BLACK
6
CONTINUOUS
10
0.370492874015748
20
0.9432546456692913
11
0.3713162992125984
21
0.9427792913385826
0
LINE
8
BLACK
6
CONTINUOUS
10
0.3713162992125984
20
0.9427792913385826
11
0.3741284251968504
21
0.9399671653543307
0
LINE
8
BLACK
6
CONTINUOUS
10
0.3741284251968504
20
0.9399671653543307
11
0.374603779527559
21
0.9391437401574803
0
LINE
8
BLACK
6
CONTINUOUS
10
0.374603779527559
20
0.9391437401574803
11
0.3752346456692913
21
0.9384323622047244
0
LINE
8
BLACK
6
CONTINUOUS
10
0.3752346456692913
20
0.9384323622047244
11
0.378046811023622
21
0.932808031496063
0
LINE
8
BLACK
6
CONTINUOUS
10
0.378046811023622
20
0.932808031496063
11
0.378318937007874
21
0.9314780708661418
0
LINE
8
BLACK
6
CONTINUOUS
10
0.378318937007874
20
0.9314780708661418
11
0.3786702755905512
21
0.9301670078740157
0
LINE
8
BLACK
6
CONTINUOUS
10
0.3786702755905512
20
0.9301670078740157
11
0.3786702755905512
21
0.9245427165354331
0
LINE
8
BLACK
6
CONTINUOUS
10
0.3786702755905512
20
0.9245427165354331
11
0.3783189763779528
21
0.9232316535433071
0
LINE
8
BLACK
6
CONTINUOUS
10
0.3783189763779528
20
0.9232316535433071
11
0.378046811023622
21
0.9219016535433071
0
LINE
8
BLACK
6
CONTINUOUS
10
0.378046811023622
20
0.9219016535433071
11
0.3752346456692913
21
0.9162774015748031
0
LINE
8
BLACK
6
CONTINUOUS
10
0.3752346456692913
20
0.9162774015748031
11
0.3746038188976378
21
0.9155660236220472
0
LINE
8
BLACK
6
CONTINUOUS
10
0.3746038188976378
20
0.9155660236220472
11
0.3741284251968504
21
0.9147425984251968
0
LINE
8
BLACK
6
CONTINUOUS
10
0.3741284251968504
20
0.9147425984251968
11
0.3713162992125984
21
0.9119304724409448
0
LINE
8
BLACK
6
CONTINUOUS
10
0.3713162992125984
20
0.9119304724409448
11
0.370492874015748
21
0.9114550787401574
0
LINE
8
BLACK
6
CONTINUOUS
10
0.370492874015748
20
0.9114550787401574
11
0.3697814960629921
21
0.9108242519685039
0
LINE
8
BLACK
6
CONTINUOUS
10
0.3697814960629921
20
0.9108242519685039
11
0.3641571653543307
21
0.9080120866141732
0
LINE
8
BLACK
6
CONTINUOUS
10
0.3641571653543307
20
0.9080120866141732
11
0.3628272047244094
21
0.9077399212598425
0
LINE
8
BLACK
6
CONTINUOUS
10
0.3628272047244094
20
0.9077399212598425
11
0.3615161417322835
21
0.907388622047244
0
LINE
8
BLACK
6
CONTINUOUS
10
0.3615161417322835
20
0.907388622047244
11
0.3474554330708661
21
0.907388622047244
0
LINE
8
BLACK
6
CONTINUOUS
10
0.3474554330708661
20
0.907388622047244
11
0.346536968503937
21
0.9076346850393701
0
LINE
8
BLACK
6
CONTINUOUS
10
0.346536968503937
20
0.9076346850393701
11
0.3455879133858268
21
0.9076916929133858
0
LINE
8
BLACK
6
CONTINUOUS
10
0.3455879133858268
20
0.9076916929133858
11
0.3371514960629921
21
0.9105038582677165
0
LINE
8
BLACK
6
CONTINUOUS
10
0.3371514960629921
20
0.9105038582677165
11
0.3346004330708661
21
0.9121881496062992
0
LINE
8
BLACK
6
CONTINUOUS
10
0.3346004330708661
20
0.9121881496062992
11
0.3332333464566929
21
0.9149223622047243
0
LINE
8
BLACK
6
CONTINUOUS
10
0.3332333464566929
20
0.9149223622047243
11
0.3334165354330709
21
0.917973779527559
0
LINE
8
BLACK
6
CONTINUOUS
10
0.3334165354330709
20
0.917973779527559
11
0.3351008267716535
21
0.920524842519685
0
LINE
8
BLACK
6
CONTINUOUS
10
0.3351008267716535
20
0.920524842519685
11
0.3378350393700787
21
0.9218919291338582
0
LINE
8
BLACK
6
CONTINUOUS
10
0.3378350393700787
20
0.9218919291338582
11
0.3408864566929134
21
0.9217087401574803
0
LINE
8
BLACK
6
CONTINUOUS
10
0.3408864566929134
20
0.9217087401574803
11
0.3484138188976378
21
0.9191996456692914
0
LINE
8
BLACK
6
CONTINUOUS
10
0.3484138188976378
20
0.9191996456692914
11
0.3601220472440945
21
0.9191996456692914
0
LINE
8
BLACK
6
CONTINUOUS
10
0.3601220472440945
20
0.9191996456692914
11
0.3636422834645669
21
0.9209597637795275
0
LINE
8
BLACK
6
CONTINUOUS
10
0.3636422834645669
20
0.9209597637795275
11
0.3650991338582677
21
0.9224166141732283
0
LINE
8
BLACK
6
CONTINUOUS
10
0.3650991338582677
20
0.9224166141732283
11
0.3668592519685039
21
0.925936811023622
0
LINE
8
BLACK
6
CONTINUOUS
10
0.3668592519685039
20
0.925936811023622
11
0.3668592519685039
21
0.9287729133858268
0
LINE
8
BLACK
6
CONTINUOUS
10
0.3668592519685039
20
0.9287729133858268
11
0.3650991338582677
21
0.9322931496062992
0
LINE
8
BLACK
6
CONTINUOUS
10
0.3650991338582677
20
0.9322931496062992
11
0.3636422834645669
21
0.93375
0
LINE
8
BLACK
6
CONTINUOUS
10
0.3636422834645669
20
0.93375
11
0.3594548818897638
21
0.9358436614173228
0
LINE
8
BLACK
6
CONTINUOUS
10
0.3594548818897638
20
0.9358436614173228
11
0.3488352755905512
21
0.9384985826771653
0
LINE
8
BLACK
6
CONTINUOUS
10
0.3488352755905512
20
0.9384985826771653
11
0.3482653149606299
21
0.9388149606299212
0
LINE
8
BLACK
6
CONTINUOUS
10
0.3482653149606299
20
0.9388149606299212
11
0.3476264960629921
21
0.9389457086614174
0
LINE
8
BLACK
6
CONTINUOUS
10
0.3476264960629921
20
0.9389457086614174
11
0.3420022440944882
21
0.9417578740157481
0
LINE
8
BLACK
6
CONTINUOUS
10
0.3420022440944882
20
0.9417578740157481
11
0.3412908661417323
21
0.9423886614173228
0
LINE
8
BLACK
6
CONTINUOUS
10
0.3412908661417323
20
0.9423886614173228
11
0.3404674803149606
21
0.9428640551181102
0
LINE
8
BLACK
6
CONTINUOUS
10
0.3404674803149606
20
0.9428640551181102
11
0.3376553149606299
21
0.9456761811023622
0
LINE
8
BLACK
6
CONTINUOUS
10
0.3376553149606299
20
0.9456761811023622
11
0.3371798818897638
21
0.9464996062992126
0
LINE
8
BLACK
6
CONTINUOUS
10
0.3371798818897638
20
0.9464996062992126
11
0.3365490551181102
21
0.9472110236220472
0
LINE
8
BLACK
6
CONTINUOUS
10
0.3365490551181102
20
0.9472110236220472
11
0.3337369291338583
21
0.9528353937007874
0
LINE
8
BLACK
6
CONTINUOUS
10
0.3337369291338583
20
0.9528353937007874
11
0.3334648031496063
21
0.9541651181102362
0
LINE
8
BLACK
6
CONTINUOUS
10
0.3334648031496063
20
0.9541651181102362
11
0.3331134645669291
21
0.9554763779527559
0
LINE
8
BLACK
6
CONTINUOUS
10
0.3331134645669291
20
0.9554763779527559
11
0.3331134645669291
21
0.9611006692913385
0
LINE
8
BLACK
6
CONTINUOUS
10
0.3331134645669291
20
0.9611006692913385
11
0.3334647637795276
21
0.9624118110236221
0
LINE
8
BLACK
6
CONTINUOUS
10
0.3334647637795276
20
0.9624118110236221
11
0.3337369291338583
21
0.9637416929133859
0
LINE
8
BLACK
6
CONTINUOUS
10
0.3337369291338583
20
0.9637416929133859
11
0.3365490551181102
21
0.9693659842519685
0
LINE
8
BLACK
6
CONTINUOUS
10
0.3365490551181102
20
0.9693659842519685
11
0.3371798818897638
21
0.9700773622047244
0
LINE
8
BLACK
6
CONTINUOUS
10
0.3371798818897638
20
0.9700773622047244
11
0.3376553149606299
21
0.9709008267716536
0
LINE
8
BLACK
6
CONTINUOUS
10
0.3376553149606299
20
0.9709008267716536
11
0.3404674803149606
21
0.9737129527559055
0
LINE
8
BLACK
6
CONTINUOUS
10
0.3404674803149606
20
0.9737129527559055
11
0.3412908661417323
21
0.9741883070866142
0
LINE
8
BLACK
6
CONTINUOUS
10
0.3412908661417323
20
0.9741883070866142
11
0.3420022440944882
21
0.9748191338582677
0
LINE
8
BLACK
6
CONTINUOUS
10
0.3420022440944882
20
0.9748191338582677
11
0.3476264960629921
21
0.9776312992125984
0
LINE
8
BLACK
6
CONTINUOUS
10
0.3476264960629921
20
0.9776312992125984
11
0.3489564960629921
21
0.9779034645669291
0
LINE
8
BLACK
6
CONTINUOUS
10
0.3489564960629921
20
0.9779034645669291
11
0.3502675590551181
21
0.9782547637795276
0
LINE
8
BLACK
6
CONTINUOUS
10
0.3502675590551181
20
0.9782547637795276
11
0.3643283070866142
21
0.9782547637795276
0
LINE
8
BLACK
6
CONTINUOUS
10
0.3643283070866142
20
0.9782547637795276
11
0.3652467322834645
21
0.9780086614173228
0
LINE
8
BLACK
6
CONTINUOUS
10
0.4291483070866142
20
0.9774635826771654
11
0.4313098818897638
21
0.9753020078740158
0
LINE
8
BLACK
6
CONTINUOUS
10
0.4313098818897638
20
0.9753020078740158
11
0.432101062992126
21
0.972349251968504
0
LINE
8
BLACK
6
CONTINUOUS
10
0.432101062992126
20
0.972349251968504
11
0.4313098818897638
21
0.9693964960629921
0
LINE
8
BLACK
6
CONTINUOUS
10
0.4313098818897638
20
0.9693964960629921
11
0.4291483070866142
21
0.9672349212598425
0
LINE
8
BLACK
6
CONTINUOUS
10
0.4291483070866142
20
0.9672349212598425
11
0.4261955511811024
21
0.9664437401574802
0
LINE
8
BLACK
6
CONTINUOUS
10
0.4261955511811024
20
0.9664437401574802
11
0.4039795669291338
21
0.9664437401574802
0
LINE
8
BLACK
6
CONTINUOUS
10
0.4039795669291338
20
0.9664437401574802
11
0.4039795669291338
21
0.9501332677165354
0
LINE
8
BLACK
6
CONTINUOUS
10
0.4039795669291338
20
0.9501332677165354
11
0.417759094488189
21
0.9501332677165354
0
LINE
8
BLACK
6
CONTINUOUS
10
0.417759094488189
20
0.9501332677165354
11
0.4207118503937008
21
0.9493420866141732
0
LINE
8
BLACK
6
CONTINUOUS
10
0.4207118503937008
20
0.9493420866141732
11
0.4228734251968504
21
0.9471805118110236
0
LINE
8
BLACK
6
CONTINUOUS
10
0.4228734251968504
20
0.9471805118110236
11
0.4236646062992126
21
0.9442277559055118
0
LINE
8
BLACK
6
CONTINUOUS
10
0.4236646062992126
20
0.9442277559055118
11
0.4228734251968504
21
0.941275
0
LINE
8
BLACK
6
CONTINUOUS
10
0.4228734251968504
20
0.941275
11
0.4207118503937008
21
0.9391134251968504
0
LINE
8
BLACK
6
CONTINUOUS
10
0.4207118503937008
20
0.9391134251968504
11
0.417759094488189
21
0.9383222440944882
0
LINE
8
BLACK
6
CONTINUOUS
10
0.417759094488189
20
0.9383222440944882
11
0.4039795669291338
21
0.9383222440944882
0
LINE
8
BLACK
6
CONTINUOUS
10
0.4039795669291338
20
0.9383222440944882
11
0.4039795669291338
21
0.9191996456692914
0
LINE
8
BLACK
6
CONTINUOUS
10
0.4039795669291338
20
0.9191996456692914
11
0.4261955511811024
21
0.9191996456692914
0
LINE
8
BLACK
6
CONTINUOUS
10
0.4261955511811024
20
0.9191996456692914
11
0.4291483070866142
21
0.9184084645669292
0
LINE
8
BLACK
6
CONTINUOUS
10
0.4291483070866142
20
0.9184084645669292
11
0.4313098818897638
21
0.9162468897637795
0
LINE
8
BLACK
6
CONTINUOUS
10
0.4313098818897638
20
0.9162468897637795
11
0.432101062992126
21
0.9132941338582677
0
LINE
8
BLACK
6
CONTINUOUS
10
0.432101062992126
20
0.9132941338582677
11
0.4313098818897638
21
0.9103413779527559
0
LINE
8
BLACK
6
CONTINUOUS
10
0.4313098818897638
20
0.9103413779527559
11
0.4291483070866142
21
0.9081798031496062
0
LINE
8
BLACK
6
CONTINUOUS
10
0.4291483070866142
20
0.9081798031496062
11
0.4261955511811024
21
0.907388622047244
0
LINE
8
BLACK
6
CONTINUOUS
10
0.4261955511811024
20
0.907388622047244
11
0.3980740551181102
21
0.907388622047244
0
LINE
8
BLACK
6
CONTINUOUS
10
0.3980740551181102
20
0.907388622047244
11
0.3951212992125984
21
0.9081798031496062
0
LINE
8
BLACK
6
CONTINUOUS
10
0.3951212992125984
20
0.9081798031496062
11
0.3929597244094488
21
0.9103413779527559
0
LINE
8
BLACK
6
CONTINUOUS
10
0.3929597244094488
20
0.9103413779527559
11
0.3921685433070866
21
0.9132941338582677
0
LINE
8
BLACK
6
CONTINUOUS
10
0.3921685433070866
20
0.9132941338582677
11
0.3921685433070866
21
0.972349251968504
0
LINE
8
BLACK
6
CONTINUOUS
10
0.3921685433070866
20
0.972349251968504
11
0.3929597244094488
21
0.9753020078740158
0
LINE
8
BLACK
6
CONTINUOUS
10
0.3929597244094488
20
0.9753020078740158
11
0.3951212992125984
21
0.9774635826771654
0
LINE
8
BLACK
6
CONTINUOUS
10
0.3951212992125984
20
0.9774635826771654
11
0.3980740551181102
21
0.9782547637795276
0
LINE
8
BLACK
6
CONTINUOUS
10
0.3980740551181102
20
0.9782547637795276
11
0.4261955511811024
21
0.9782547637795276
0
LINE
8
BLACK
6
CONTINUOUS
10
0.4261955511811024
20
0.9782547637795276
11
0.4291483070866142
21
0.9774635826771654
0
LINE
8
BLACK
6
CONTINUOUS
10
0.4882034251968504
20
0.9774635826771654
11
0.490365
21
0.9753020078740158
0
LINE
8
BLACK
6
CONTINUOUS
10
0.490365
20
0.9753020078740158
11
0.4911561811023622
21
0.972349251968504
0
LINE
8
BLACK
6
CONTINUOUS
10
0.4911561811023622
20
0.972349251968504
11
0.4911561811023622
21
0.9132941338582677
0
LINE
8
BLACK
6
CONTINUOUS
10
0.4911561811023622
20
0.9132941338582677
11
0.490365
21
0.9103413779527559
0
LINE
8
BLACK
6
CONTINUOUS
10
0.490365
20
0.9103413779527559
11
0.4882034251968504
21
0.9081798031496062
0
LINE
8
BLACK
6
CONTINUOUS
10
0.4882034251968504
20
0.9081798031496062
11
0.4852506692913386
21
0.907388622047244
0
LINE
8
BLACK
6
CONTINUOUS
10
0.4852506692913386
20
0.907388622047244
11
0.4822979133858268
21
0.9081798031496062
0
LINE
8
BLACK
6
CONTINUOUS
10
0.4822979133858268
20
0.9081798031496062
11
0.4801363385826772
21
0.9103413779527559
0
LINE
8
BLACK
6
CONTINUOUS
10
0.4801363385826772
20
0.9103413779527559
11
0.479345157480315
21
0.9132941338582677
0
LINE
8
BLACK
6
CONTINUOUS
10
0.479345157480315
20
0.9132941338582677
11
0.479345157480315
21
0.9383222440944882
0
LINE
8
BLACK
6
CONTINUOUS
10
0.479345157480315
20
0.9383222440944882
11
0.4574103937007874
21
0.9383222440944882
0
LINE
8
BLACK
6
CONTINUOUS
10
0.4574103937007874
20
0.9383222440944882
11
0.4574103937007874
21
0.9132941338582677
0
LINE
8
BLACK
6
CONTINUOUS
10
0.4574103937007874
20
0.9132941338582677
11
0.4566192125984252
21
0.9103413779527559
0
LINE
8
BLACK
6
CONTINUOUS
10
0.4566192125984252
20
0.9103413779527559
11
0.4544576377952756
21
0.9081798031496062
0
LINE
8
BLACK
6
CONTINUOUS
10
0.4544576377952756
20
0.9081798031496062
11
0.4515048818897638
21
0.907388622047244
0
LINE
8
BLACK
6
CONTINUOUS
10
0.4515048818897638
20
0.907388622047244
11
0.448552125984252
21
0.9081798031496062
0
LINE
8
BLACK
6
CONTINUOUS
10
0.448552125984252
20
0.9081798031496062
11
0.4463905511811024
21
0.9103413779527559
0
LINE
8
BLACK
6
CONTINUOUS
10
0.4463905511811024
20
0.9103413779527559
11
0.4455993700787401
21
0.9132941338582677
0
LINE
8
BLACK
6
CONTINUOUS
10
0.4455993700787401
20
0.9132941338582677
11
0.4455993700787401
21
0.972349251968504
0
LINE
8
BLACK
6
CONTINUOUS
10
0.4455993700787401
20
0.972349251968504
11
0.4463905511811024
21
0.9753020078740158
0
LINE
8
BLACK
6
CONTINUOUS
10
0.4463905511811024
20
0.9753020078740158
11
0.448552125984252
21
0.9774635826771654
0
LINE
8
BLACK
6
CONTINUOUS
10
0.448552125984252
20
0.9774635826771654
11
0.4515048818897638
21
0.9782547637795276
0
LINE
8
BLACK
6
CONTINUOUS
10
0.4515048818897638
20
0.9782547637795276
11
0.4544576377952756
21
0.9774635826771654
0
LINE
8
BLACK
6
CONTINUOUS
10
0.4544576377952756
20
0.9774635826771654
11
0.4566192125984252
21
0.9753020078740158
0
LINE
8
BLACK
6
CONTINUOUS
10
0.4566192125984252
20
0.9753020078740158
11
0.4574103937007874
21
0.972349251968504
0
LINE
8
BLACK
6
CONTINUOUS
10
0.4574103937007874
20
0.972349251968504
11
0.4574103937007874
21
0.9501332677165354
0
LINE
8
BLACK
6
CONTINUOUS
10
0.4574103937007874
20
0.9501332677165354
11
0.479345157480315
21
0.9501332677165354
0
LINE
8
BLACK
6
CONTINUOUS
10
0.479345157480315
20
0.9501332677165354
11
0.479345157480315
21
0.972349251968504
0
LINE
8
BLACK
6
CONTINUOUS
10
0.479345157480315
20
0.972349251968504
11
0.4801363385826772
21
0.9753020078740158
0
LINE
8
BLACK
6
CONTINUOUS
10
0.4801363385826772
20
0.9753020078740158
11
0.4822979133858268
21
0.9774635826771654
0
LINE
8
BLACK
6
CONTINUOUS
10
0.4822979133858268
20
0.9774635826771654
11
0.4852506692913386
21
0.9782547637795276
0
LINE
8
BLACK
6
CONTINUOUS
10
0.4852506692913386
20
0.9782547637795276
11
0.4882034251968504
21
0.9774635826771654
0
LINE
8
BLACK
6
CONTINUOUS
10
1.5753020078740156
20
0.9604348818897638
11
1.5774635826771652
21
0.9582733070866142
0
LINE
8
BLACK
6
CONTINUOUS
10
1.5774635826771652
20
0.9582733070866142
11
1.5782547637795274
21
0.9553205511811024
0
LINE
8
BLACK
6
CONTINUOUS
10
1.5782547637795274
20
0.9553205511811024
11
1.5782547637795274
21
0.9187625984251968
0
LINE
8
BLACK
6
CONTINUOUS
10
1.5782547637795274
20
0.9187625984251968
11
1.5781037401574802
21
0.9181990157480314
0
LINE
8
BLACK
6
CONTINUOUS
10
1.5781037401574802
20
0.9181990157480314
11
1.5781425590551181
21
0.917616968503937
0
LINE
8
BLACK
6
CONTINUOUS
10
1.5781425590551181
20
0.917616968503937
11
1.5777146062992125
21
0.9167467716535432
0
LINE
8
BLACK
6
CONTINUOUS
10
1.5777146062992125
20
0.9167467716535432
11
1.5774635826771652
21
0.915809842519685
0
LINE
8
BLACK
6
CONTINUOUS
10
1.5774635826771652
20
0.915809842519685
11
1.5770509448818897
21
0.9153972047244094
0
LINE
8
BLACK
6
CONTINUOUS
10
1.5770509448818897
20
0.9153972047244094
11
1.5767935826771653
21
0.9148738188976377
0
LINE
8
BLACK
6
CONTINUOUS
10
1.5767935826771653
20
0.9148738188976377
11
1.5759879133858268
21
0.9143341732283464
0
LINE
8
BLACK
6
CONTINUOUS
10
1.5759879133858268
20
0.9143341732283464
11
1.5753020078740156
21
0.9136482677165354
0
LINE
8
BLACK
6
CONTINUOUS
10
1.5753020078740156
20
0.9136482677165354
11
1.5747384251968504
21
0.9134972440944882
0
LINE
8
BLACK
6
CONTINUOUS
10
1.5747384251968504
20
0.9134972440944882
11
1.5742537795275591
21
0.9131726377952756
0
LINE
8
BLACK
6
CONTINUOUS
10
1.5742537795275591
20
0.9131726377952756
11
1.5732861417322834
21
0.9131081102362204
0
LINE
8
BLACK
6
CONTINUOUS
10
1.5732861417322834
20
0.9131081102362204
11
1.5723492519685038
21
0.9128570866141732
0
LINE
8
BLACK
6
CONTINUOUS
10
1.5723492519685038
20
0.9128570866141732
11
1.5717856692913386
21
0.9130080708661417
0
LINE
8
BLACK
6
CONTINUOUS
10
1.5717856692913386
20
0.9130080708661417
11
1.5712036220472441
21
0.9129692913385826
0
LINE
8
BLACK
6
CONTINUOUS
10
1.5712036220472441
20
0.9129692913385826
11
1.5703333858267716
21
0.9133972047244094
0
LINE
8
BLACK
6
CONTINUOUS
10
1.5703333858267716
20
0.9133972047244094
11
1.569396496062992
21
0.9136482677165354
0
LINE
8
BLACK
6
CONTINUOUS
10
1.569396496062992
20
0.9136482677165354
11
1.5689838976377952
21
0.9140608267716536
0
LINE
8
BLACK
6
CONTINUOUS
10
1.5689838976377952
20
0.9140608267716536
11
1.568460433070866
21
0.9143182677165355
0
LINE
8
BLACK
6
CONTINUOUS
10
1.568460433070866
20
0.9143182677165355
11
1.5546500787401574
21
0.9264022440944881
0
LINE
8
BLACK
6
CONTINUOUS
10
1.5546500787401574
20
0.9264022440944881
11
1.5523219685039369
21
0.921745905511811
0
LINE
8
BLACK
6
CONTINUOUS
10
1.5523219685039369
20
0.921745905511811
11
1.5516911023622046
21
0.9210344881889764
0
LINE
8
BLACK
6
CONTINUOUS
10
1.5516911023622046
20
0.9210344881889764
11
1.5512157480314961
21
0.9202111023622047
0
LINE
8
BLACK
6
CONTINUOUS
10
1.5512157480314961
20
0.9202111023622047
11
1.5484035826771654
21
0.917398937007874
0
LINE
8
BLACK
6
CONTINUOUS
10
1.5484035826771654
20
0.917398937007874
11
1.5475801181102362
21
0.9169235039370078
0
LINE
8
BLACK
6
CONTINUOUS
10
1.5475801181102362
20
0.9169235039370078
11
1.5468687795275591
21
0.9162927165354331
0
LINE
8
BLACK
6
CONTINUOUS
10
1.5468687795275591
20
0.9162927165354331
11
1.5412444881889764
21
0.9134805511811024
0
LINE
8
BLACK
6
CONTINUOUS
10
1.5412444881889764
20
0.9134805511811024
11
1.5399145275590551
21
0.9132083858267717
0
LINE
8
BLACK
6
CONTINUOUS
10
1.5399145275590551
20
0.9132083858267717
11
1.5386034645669291
21
0.9128570866141732
0
LINE
8
BLACK
6
CONTINUOUS
10
1.5386034645669291
20
0.9128570866141732
11
1.5245427165354331
21
0.9128570866141732
0
LINE
8
BLACK
6
CONTINUOUS
10
1.5245427165354331
20
0.9128570866141732
11
1.523231653543307
21
0.9132083464566929
0
LINE
8
BLACK
6
CONTINUOUS
10
1.523231653543307
20
0.9132083464566929
11
1.521901653543307
21
0.9134805511811024
0
LINE
8
BLACK
6
CONTINUOUS
10
1.521901653543307
20
0.9134805511811024
11
1.5162774015748031
21
0.9162927165354331
0
LINE
8
BLACK
6
CONTINUOUS
10
1.5162774015748031
20
0.9162927165354331
11
1.5155660236220472
21
0.9169235039370078
0
LINE
8
BLACK
6
CONTINUOUS
10
1.5155660236220472
20
0.9169235039370078
11
1.514742559055118
21
0.9173989763779528
0
LINE
8
BLACK
6
CONTINUOUS
10
1.514742559055118
20
0.9173989763779528
11
1.5119304330708661
21
0.9202111417322835
0
LINE
8
BLACK
6
CONTINUOUS
10
1.5119304330708661
20
0.9202111417322835
11
1.5114550393700787
21
0.9210345275590551
0
LINE
8
BLACK
6
CONTINUOUS
10
1.5114550393700787
20
0.9210345275590551
11
1.510824251968504
21
0.921745905511811
0
LINE
8
BLACK
6
CONTINUOUS
10
1.510824251968504
20
0.921745905511811
11
1.5080120866141733
21
0.9273701968503937
0
LINE
8
BLACK
6
CONTINUOUS
10
1.5080120866141733
20
0.9273701968503937
11
1.5077399212598426
21
0.9287001181102362
0
LINE
8
BLACK
6
CONTINUOUS
10
1.5077399212598426
20
0.9287001181102362
11
1.5073886220472441
21
0.9300112204724409
0
LINE
8
BLACK
6
CONTINUOUS
10
1.5073886220472441
20
0.9300112204724409
11
1.5073886220472441
21
0.946884094488189
0
LINE
8
BLACK
6
CONTINUOUS
10
1.5073886220472441
20
0.946884094488189
11
1.5077399212598426
21
0.9481951574803149
0
LINE
8
BLACK
6
CONTINUOUS
10
1.5077399212598426
20
0.9481951574803149
11
1.5080120866141733
21
0.9495251181102362
0
LINE
8
BLACK
6
CONTINUOUS
10
1.5080120866141733
20
0.9495251181102362
11
1.510824251968504
21
0.9551494094488189
0
LINE
8
BLACK
6
CONTINUOUS
10
1.510824251968504
20
0.9551494094488189
11
1.5114550393700787
21
0.955860748031496
0
LINE
8
BLACK
6
CONTINUOUS
10
1.5114550393700787
20
0.955860748031496
11
1.5119304330708661
21
0.9566841732283464
0
LINE
8
BLACK
6
CONTINUOUS
10
1.5119304330708661
20
0.9566841732283464
11
1.514742559055118
21
0.9594963385826771
0
LINE
8
BLACK
6
CONTINUOUS
10
1.514742559055118
20
0.9594963385826771
11
1.5173899212598425
21
0.961024842519685
0
LINE
8
BLACK
6
CONTINUOUS
10
1.5173899212598425
20
0.961024842519685
11
1.5204468503937008
21
0.961024842519685
0
LINE
8
BLACK
6
CONTINUOUS
10
1.5204468503937008
20
0.961024842519685
11
1.5230942125984253
21
0.9594964173228346
0
LINE
8
BLACK
6
CONTINUOUS
10
1.5230942125984253
20
0.9594964173228346
11
1.5246227165354331
21
0.9568490551181102
0
LINE
8
BLACK
6
CONTINUOUS
10
1.5246227165354331
20
0.9568490551181102
11
1.5246227165354331
21
0.9537921259842519
0
LINE
8
BLACK
6
CONTINUOUS
10
1.5246227165354331
20
0.9537921259842519
11
1.5230942913385825
21
0.9511447637795275
0
LINE
8
BLACK
6
CONTINUOUS
10
1.5230942913385825
20
0.9511447637795275
11
1.5209597637795276
21
0.9490102362204724
0
LINE
8
BLACK
6
CONTINUOUS
10
1.5209597637795276
20
0.9490102362204724
11
1.5191996456692913
21
0.9454899606299212
0
LINE
8
BLACK
6
CONTINUOUS
10
1.5191996456692913
20
0.9454899606299212
11
1.5191996456692913
21
0.9314053149606299
0
LINE
8
BLACK
6
CONTINUOUS
10
1.5191996456692913
20
0.9314053149606299
11
1.5209597637795276
21
0.9278850393700787
0
LINE
8
BLACK
6
CONTINUOUS
10
1.5209597637795276
20
0.9278850393700787
11
1.5224166141732283
21
0.9264281889763779
0
LINE
8
BLACK
6
CONTINUOUS
10
1.5224166141732283
20
0.9264281889763779
11
1.525936811023622
21
0.9246681102362204
0
LINE
8
BLACK
6
CONTINUOUS
10
1.525936811023622
20
0.9246681102362204
11
1.5372093700787401
21
0.9246681102362204
0
LINE
8
BLACK
6
CONTINUOUS
10
1.5372093700787401
20
0.9246681102362204
11
1.5407295669291339
21
0.9264282283464567
0
LINE
8
BLACK
6
CONTINUOUS
10
1.5407295669291339
20
0.9264282283464567
11
1.5421864173228346
21
0.9278850787401575
0
LINE
8
BLACK
6
CONTINUOUS
10
1.5421864173228346
20
0.9278850787401575
11
1.5439465354330708
21
0.9314052755905512
0
LINE
8
BLACK
6
CONTINUOUS
10
1.5439465354330708
20
0.9314052755905512
11
1.5439465354330708
21
0.9384476377952756
0
LINE
8
BLACK
6
CONTINUOUS
10
1.5439465354330708
20
0.9384476377952756
11
1.5440974803149605
21
0.939011062992126
0
LINE
8
BLACK
6
CONTINUOUS
10
1.5440974803149605
20
0.939011062992126
11
1.5440587007874016
21
0.9395932677165354
0
LINE
8
BLACK
6
CONTINUOUS
10
1.5440587007874016
20
0.9395932677165354
11
1.5444866929133858
21
0.9404636614173228
0
LINE
8
BLACK
6
CONTINUOUS
10
1.5444866929133858
20
0.9404636614173228
11
1.544737716535433
21
0.9414003937007874
0
LINE
8
BLACK
6
CONTINUOUS
10
1.544737716535433
20
0.9414003937007874
11
1.5451501968503936
21
0.941812874015748
0
LINE
8
BLACK
6
CONTINUOUS
10
1.5451501968503936
20
0.941812874015748
11
1.5454076771653542
21
0.9423364566929133
0
LINE
8
BLACK
6
CONTINUOUS
10
1.5454076771653542
20
0.9423364566929133
11
1.5462135433070865
21
0.9428762204724409
0
LINE
8
BLACK
6
CONTINUOUS
10
1.5462135433070865
20
0.9428762204724409
11
1.5468992913385826
21
0.943561968503937
0
LINE
8
BLACK
6
CONTINUOUS
10
1.5468992913385826
20
0.943561968503937
11
1.5474627559055119
21
0.9437129133858267
0
LINE
8
BLACK
6
CONTINUOUS
10
1.5474627559055119
20
0.9437129133858267
11
1.5479475196850394
21
0.9440376377952756
0
LINE
8
BLACK
6
CONTINUOUS
10
1.5479475196850394
20
0.9440376377952756
11
1.5489153149606298
21
0.9441021259842519
0
LINE
8
BLACK
6
CONTINUOUS
10
1.5489153149606298
20
0.9441021259842519
11
1.5498520472440944
21
0.9443531496062992
0
LINE
8
BLACK
6
CONTINUOUS
10
1.5498520472440944
20
0.9443531496062992
11
1.5504154724409449
21
0.9442021653543307
0
LINE
8
BLACK
6
CONTINUOUS
10
1.5504154724409449
20
0.9442021653543307
11
1.5509976771653542
21
0.9442409842519685
0
LINE
8
BLACK
6
CONTINUOUS
10
1.5509976771653542
20
0.9442409842519685
11
1.5518680708661416
21
0.9438129527559055
0
LINE
8
BLACK
6
CONTINUOUS
10
1.5518680708661416
20
0.9438129527559055
11
1.5528048031496062
21
0.943561968503937
0
LINE
8
BLACK
6
CONTINUOUS
10
1.5528048031496062
20
0.943561968503937
11
1.553217283464567
21
0.9431494488188976
0
LINE
8
BLACK
6
CONTINUOUS
10
1.553217283464567
20
0.9431494488188976
11
1.5537408661417322
21
0.9428920078740157
0
LINE
8
BLACK
6
CONTINUOUS
10
1.5537408661417322
20
0.9428920078740157
11
1.5664437401574802
21
0.931776968503937
0
LINE
8
BLACK
6
CONTINUOUS
10
1.5664437401574802
20
0.931776968503937
11
1.5664437401574802
21
0.9553205511811024
0
LINE
8
BLACK
6
CONTINUOUS
10
1.5664437401574802
20
0.9553205511811024
11
1.5672349212598424
21
0.9582733070866142
0
LINE
8
BLACK
6
CONTINUOUS
10
1.5672349212598424
20
0.9582733070866142
11
1.569396496062992
21
0.9604348818897638
0
LINE
8
BLACK
6
CONTINUOUS
10
1.569396496062992
20
0.9604348818897638
11
1.5723492519685038
21
0.961226062992126
0
LINE
8
BLACK
6
CONTINUOUS
10
1.5723492519685038
20
0.961226062992126
11
1.5753020078740156
21
0.9604348818897638
0
LINE
8
BLACK
6
CONTINUOUS
10
0.8851432283464566
20
0.970612283464567
11
0.8864731889763779
21
0.970340157480315
0
LINE
8
BLACK
6
CONTINUOUS
10
0.8864731889763779
20
0.970340157480315
11
0.8928473622047244
21
0.9671530708661417
0
LINE
8
BLACK
6
CONTINUOUS
10
0.8928473622047244
20
0.9671530708661417
11
0.8935587401574803
21
0.9665222047244094
0
LINE
8
BLACK
6
CONTINUOUS
10
0.8935587401574803
20
0.9665222047244094
11
0.8943821653543307
21
0.9660468503937008
0
LINE
8
BLACK
6
CONTINUOUS
10
0.8943821653543307
20
0.9660468503937008
11
0.8975692913385827
21
0.9628597244094488
0
LINE
8
BLACK
6
CONTINUOUS
10
0.8975692913385827
20
0.9628597244094488
11
0.8980446456692913
21
0.9620362992125984
0
LINE
8
BLACK
6
CONTINUOUS
10
0.8980446456692913
20
0.9620362992125984
11
0.8986755118110236
21
0.9613249212598425
0
LINE
8
BLACK
6
CONTINUOUS
10
0.8986755118110236
20
0.9613249212598425
11
0.9018625984251968
21
0.9549507086614173
0
LINE
8
BLACK
6
CONTINUOUS
10
0.9018625984251968
20
0.9549507086614173
11
0.9021347244094488
21
0.9536208267716535
0
LINE
8
BLACK
6
CONTINUOUS
10
0.9021347244094488
20
0.9536208267716535
11
0.902486062992126
21
0.9523096850393701
0
LINE
8
BLACK
6
CONTINUOUS
10
0.902486062992126
20
0.9523096850393701
11
0.902486062992126
21
0.9363742125984251
0
LINE
8
BLACK
6
CONTINUOUS
10
0.902486062992126
20
0.9363742125984251
11
0.9022399606299213
21
0.9354558661417323
0
LINE
8
BLACK
6
CONTINUOUS
10
0.9022399606299213
20
0.9354558661417323
11
0.9021830314960629
21
0.9345067716535432
0
LINE
8
BLACK
6
CONTINUOUS
10
0.9021830314960629
20
0.9345067716535432
11
0.8989959448818897
21
0.9249453937007874
0
LINE
8
BLACK
6
CONTINUOUS
10
0.8989959448818897
20
0.9249453937007874
11
0.8973116141732284
21
0.9223943700787401
0
LINE
8
BLACK
6
CONTINUOUS
10
0.8973116141732284
20
0.9223943700787401
11
0.8945774015748031
21
0.9210272440944882
0
LINE
8
BLACK
6
CONTINUOUS
10
0.8945774015748031
20
0.9210272440944882
11
0.8915259842519685
21
0.9212103937007874
0
LINE
8
BLACK
6
CONTINUOUS
10
0.8915259842519685
20
0.9212103937007874
11
0.8889749606299212
21
0.9228947244094488
0
LINE
8
BLACK
6
CONTINUOUS
10
0.8889749606299212
20
0.9228947244094488
11
0.8876078346456693
21
0.925628937007874
0
LINE
8
BLACK
6
CONTINUOUS
10
0.8876078346456693
20
0.925628937007874
11
0.8877909842519685
21
0.9286803543307086
0
LINE
8
BLACK
6
CONTINUOUS
10
0.8877909842519685
20
0.9286803543307086
11
0.8906750393700787
21
0.9373324803149606
0
LINE
8
BLACK
6
CONTINUOUS
10
0.8906750393700787
20
0.9373324803149606
11
0.8906750393700787
21
0.9509155905511811
0
LINE
8
BLACK
6
CONTINUOUS
10
0.8906750393700787
20
0.9509155905511811
11
0.8885399606299212
21
0.9551857086614173
0
LINE
8
BLACK
6
CONTINUOUS
10
0.8885399606299212
20
0.9551857086614173
11
0.8867081496062992
21
0.9570175590551181
0
LINE
8
BLACK
6
CONTINUOUS
10
0.8867081496062992
20
0.9570175590551181
11
0.8824380708661417
21
0.9591525984251968
0
LINE
8
BLACK
6
CONTINUOUS
10
0.8824380708661417
20
0.9591525984251968
11
0.8788520472440945
21
0.9591525984251968
0
LINE
8
BLACK
6
CONTINUOUS
10
0.8788520472440945
20
0.9591525984251968
11
0.8745819291338582
21
0.9570175590551181
0
LINE
8
BLACK
6
CONTINUOUS
10
0.8745819291338582
20
0.9570175590551181
11
0.8727501181102362
21
0.9551857086614173
0
LINE
8
BLACK
6
CONTINUOUS
10
0.8727501181102362
20
0.9551857086614173
11
0.8702814173228346
21
0.9502483858267716
0
LINE
8
BLACK
6
CONTINUOUS
10
0.8702814173228346
20
0.9502483858267716
11
0.8672516141732284
21
0.9381290157480314
0
LINE
8
BLACK
6
CONTINUOUS
10
0.8672516141732284
20
0.9381290157480314
11
0.8669351968503937
21
0.9375590157480315
0
LINE
8
BLACK
6
CONTINUOUS
10
0.8669351968503937
20
0.9375590157480315
11
0.8668044881889764
21
0.9369202755905511
0
LINE
8
BLACK
6
CONTINUOUS
10
0.8668044881889764
20
0.9369202755905511
11
0.8636174015748032
21
0.9305460629921259
0
LINE
8
BLACK
6
CONTINUOUS
10
0.8636174015748032
20
0.9305460629921259
11
0.8629865354330708
21
0.9298346456692913
0
LINE
8
BLACK
6
CONTINUOUS
10
0.8629865354330708
20
0.9298346456692913
11
0.8625111417322835
21
0.9290112204724409
0
LINE
8
BLACK
6
CONTINUOUS
10
0.8625111417322835
20
0.9290112204724409
11
0.8593240157480315
21
0.9258241338582677
0
LINE
8
BLACK
6
CONTINUOUS
10
0.8593240157480315
20
0.9258241338582677
11
0.8585007086614173
21
0.925348779527559
0
LINE
8
BLACK
6
CONTINUOUS
10
0.8585007086614173
20
0.925348779527559
11
0.8577892913385826
21
0.9247179527559055
0
LINE
8
BLACK
6
CONTINUOUS
10
0.8577892913385826
20
0.9247179527559055
11
0.8514150393700787
21
0.9215308267716535
0
LINE
8
BLACK
6
CONTINUOUS
10
0.8514150393700787
20
0.9215308267716535
11
0.8500850787401575
21
0.9212586614173228
0
LINE
8
BLACK
6
CONTINUOUS
10
0.8500850787401575
20
0.9212586614173228
11
0.8487740157480315
21
0.9209073622047244
0
LINE
8
BLACK
6
CONTINUOUS
10
0.8487740157480315
20
0.9209073622047244
11
0.842399842519685
21
0.9209073622047244
0
LINE
8
BLACK
6
CONTINUOUS
10
0.842399842519685
20
0.9209073622047244
11
0.8410887401574803
21
0.9212586614173228
0
LINE
8
BLACK
6
CONTINUOUS
10
0.8410887401574803
20
0.9212586614173228
11
0.8397588188976378
21
0.9215308267716535
0
LINE
8
BLACK
6
CONTINUOUS
10
0.8397588188976378
20
0.9215308267716535
11
0.8333846062992126
21
0.9247179527559055
0
LINE
8
BLACK
6
CONTINUOUS
10
0.8333846062992126
20
0.9247179527559055
11
0.8326732283464566
21
0.9253487401574803
0
LINE
8
BLACK
6
CONTINUOUS
10
0.8326732283464566
20
0.9253487401574803
11
0.8318498031496063
21
0.9258241732283464
0
LINE
8
BLACK
6
CONTINUOUS
10
0.8318498031496063
20
0.9258241732283464
11
0.828662716535433
21
0.9290112598425196
0
LINE
8
BLACK
6
CONTINUOUS
10
0.828662716535433
20
0.9290112598425196
11
0.8281873622047244
21
0.9298345669291338
0
LINE
8
BLACK
6
CONTINUOUS
10
0.8281873622047244
20
0.9298345669291338
11
0.8275564960629921
21
0.9305460236220472
0
LINE
8
BLACK
6
CONTINUOUS
10
0.8275564960629921
20
0.9305460236220472
11
0.8243693700787401
21
0.9369202755905511
0
LINE
8
BLACK
6
CONTINUOUS
10
0.8243693700787401
20
0.9369202755905511
11
0.8240972047244094
21
0.9382501968503937
0
LINE
8
BLACK
6
CONTINUOUS
10
0.8240972047244094
20
0.9382501968503937
11
0.823745905511811
21
0.9395612992125985
0
LINE
8
BLACK
6
CONTINUOUS
10
0.823745905511811
20
0.9395612992125985
11
0.823745905511811
21
0.9554968110236221
0
LINE
8
BLACK
6
CONTINUOUS
10
0.823745905511811
20
0.9554968110236221
11
0.823991968503937
21
0.9564152362204724
0
LINE
8
BLACK
6
CONTINUOUS
10
0.823991968503937
20
0.9564152362204724
11
0.8240489763779527
21
0.9573643307086614
0
LINE
8
BLACK
6
CONTINUOUS
10
0.8240489763779527
20
0.9573643307086614
11
0.8272361023622047
21
0.9669256299212599
0
LINE
8
BLACK
6
CONTINUOUS
10
0.8272361023622047
20
0.9669256299212599
11
0.8289204330708662
21
0.969476653543307
0
LINE
8
BLACK
6
CONTINUOUS
10
0.8289204330708662
20
0.969476653543307
11
0.8316546062992126
21
0.9708437401574803
0
LINE
8
BLACK
6
CONTINUOUS
10
0.8316546062992126
20
0.9708437401574803
11
0.834706062992126
21
0.9706605511811024
0
LINE
8
BLACK
6
CONTINUOUS
10
0.834706062992126
20
0.9706605511811024
11
0.8372570866141732
21
0.9689762204724409
0
LINE
8
BLACK
6
CONTINUOUS
10
0.8372570866141732
20
0.9689762204724409
11
0.8386241732283465
21
0.9662420472440945
0
LINE
8
BLACK
6
CONTINUOUS
10
0.8386241732283465
20
0.9662420472440945
11
0.8384409842519684
21
0.9631906299212598
0
LINE
8
BLACK
6
CONTINUOUS
10
0.8384409842519684
20
0.9631906299212598
11
0.8355569291338583
21
0.9545384645669291
0
LINE
8
BLACK
6
CONTINUOUS
10
0.8355569291338583
20
0.9545384645669291
11
0.8355569291338583
21
0.9409553937007874
0
LINE
8
BLACK
6
CONTINUOUS
10
0.8355569291338583
20
0.9409553937007874
11
0.837691968503937
21
0.9366852755905511
0
LINE
8
BLACK
6
CONTINUOUS
10
0.837691968503937
20
0.9366852755905511
11
0.8395238188976378
21
0.9348534645669291
0
LINE
8
BLACK
6
CONTINUOUS
10
0.8395238188976378
20
0.9348534645669291
11
0.8437939763779527
21
0.9327183858267716
0
LINE
8
BLACK
6
CONTINUOUS
10
0.8437939763779527
20
0.9327183858267716
11
0.8473799212598425
21
0.9327183858267716
0
LINE
8
BLACK
6
CONTINUOUS
10
0.8473799212598425
20
0.9327183858267716
11
0.8516500393700788
21
0.9348534645669291
0
LINE
8
BLACK
6
CONTINUOUS
10
0.8516500393700788
20
0.9348534645669291
11
0.8534818897637795
21
0.9366852755905511
0
LINE
8
BLACK
6
CONTINUOUS
10
0.8534818897637795
20
0.9366852755905511
11
0.8559504724409449
21
0.9416225196850393
0
LINE
8
BLACK
6
CONTINUOUS
10
0.8559504724409449
20
0.9416225196850393
11
0.8589803543307086
21
0.9537420078740158
0
LINE
8
BLACK
6
CONTINUOUS
10
0.8589803543307086
20
0.9537420078740158
11
0.8592967322834646
21
0.954311968503937
0
LINE
8
BLACK
6
CONTINUOUS
10
0.8592967322834646
20
0.954311968503937
11
0.8594274803149606
21
0.9549507086614173
0
LINE
8
BLACK
6
CONTINUOUS
10
0.8594274803149606
20
0.9549507086614173
11
0.8626146062992126
21
0.9613249606299212
0
LINE
8
BLACK
6
CONTINUOUS
10
0.8626146062992126
20
0.9613249606299212
11
0.8632454330708661
21
0.9620363779527559
0
LINE
8
BLACK
6
CONTINUOUS
10
0.8632454330708661
20
0.9620363779527559
11
0.8637207874015748
21
0.96285968503937
0
LINE
8
BLACK
6
CONTINUOUS
10
0.8637207874015748
20
0.96285968503937
11
0.866907874015748
21
0.966046811023622
0
LINE
8
BLACK
6
CONTINUOUS
10
0.866907874015748
20
0.966046811023622
11
0.8677312992125984
21
0.9665222047244094
0
LINE
8
BLACK
6
CONTINUOUS
10
0.8677312992125984
20
0.9665222047244094
11
0.868442716535433
21
0.9671530708661417
0
LINE
8
BLACK
6
CONTINUOUS
10
0.868442716535433
20
0.9671530708661417
11
0.8748169291338582
21
0.970340157480315
0
LINE
8
BLACK
6
CONTINUOUS
10
0.8748169291338582
20
0.970340157480315
11
0.8761467716535433
21
0.970612283464567
0
LINE
8
BLACK
6
CONTINUOUS
10
0.8761467716535433
20
0.970612283464567
11
0.8774579527559055
21
0.9709636220472441
0
LINE
8
BLACK
6
CONTINUOUS
10
0.8774579527559055
20
0.9709636220472441
11
0.8838321653543307
21
0.9709636220472441
0
LINE
8
BLACK
6
CONTINUOUS
10
0.8838321653543307
20
0.9709636220472441
11
0.8851432283464566
21
0.970612283464567
0
LINE
8
BLACK
6
CONTINUOUS
10
1.2553020078740158
20
0.987879094488189
11
1.2574635826771654
21
0.9857175196850394
0
LINE
8
BLACK
6
CONTINUOUS
10
1.2574635826771654
20
0.9857175196850394
11
1.2582547637795276
21
0.9827647637795275
0
LINE
8
BLACK
6
CONTINUOUS
10
1.2582547637795276
20
0.9827647637795275
11
1.2582547637795276
21
0.9687040157480314
0
LINE
8
BLACK
6
CONTINUOUS
10
1.2582547637795276
20
0.9687040157480314
11
1.2580086614173227
21
0.9677855511811023
0
LINE
8
BLACK
6
CONTINUOUS
10
1.2580086614173227
20
0.9677855511811023
11
1.2579516929133858
21
0.9668364960629922
0
LINE
8
BLACK
6
CONTINUOUS
10
1.2579516929133858
20
0.9668364960629922
11
1.2551395275590551
21
0.9584000787401574
0
LINE
8
BLACK
6
CONTINUOUS
10
1.2551395275590551
20
0.9584000787401574
11
1.2543916141732283
21
0.9572672834645669
0
LINE
8
BLACK
6
CONTINUOUS
10
1.2543916141732283
20
0.9572672834645669
11
1.2537129133858267
21
0.9560917322834646
0
LINE
8
BLACK
6
CONTINUOUS
10
1.2537129133858267
20
0.9560917322834646
11
1.248088622047244
21
0.9504674409448819
0
LINE
8
BLACK
6
CONTINUOUS
10
1.248088622047244
20
0.9504674409448819
11
1.2472651574803149
21
0.9499920078740157
0
LINE
8
BLACK
6
CONTINUOUS
10
1.2472651574803149
20
0.9499920078740157
11
1.2465538188976377
21
0.9493612204724409
0
LINE
8
BLACK
6
CONTINUOUS
10
1.2465538188976377
20
0.9493612204724409
11
1.2409295275590551
21
0.9465490551181102
0
LINE
8
BLACK
6
CONTINUOUS
10
1.2409295275590551
20
0.9465490551181102
11
1.240290748031496
21
0.9464183070866141
0
LINE
8
BLACK
6
CONTINUOUS
10
1.240290748031496
20
0.9464183070866141
11
1.2397207874015748
21
0.9461019291338583
0
LINE
8
BLACK
6
CONTINUOUS
10
1.2397207874015748
20
0.9461019291338583
11
1.2284722047244094
21
0.9432898031496063
0
LINE
8
BLACK
6
CONTINUOUS
10
1.2284722047244094
20
0.9432898031496063
11
1.2277437401574802
21
0.9433020472440945
0
LINE
8
BLACK
6
CONTINUOUS
10
1.2277437401574802
20
0.9433020472440945
11
1.2270399212598424
21
0.9431134645669291
0
LINE
8
BLACK
6
CONTINUOUS
10
1.2270399212598424
20
0.9431134645669291
11
1.218603464566929
21
0.9431134645669291
0
LINE
8
BLACK
6
CONTINUOUS
10
1.218603464566929
20
0.9431134645669291
11
1.2178996062992127
21
0.9433020472440945
0
LINE
8
BLACK
6
CONTINUOUS
10
1.2178996062992127
20
0.9433020472440945
11
1.2171711811023622
21
0.9432898031496063
0
LINE
8
BLACK
6
CONTINUOUS
10
1.2171711811023622
20
0.9432898031496063
11
1.2059225984251969
21
0.9461019291338583
0
LINE
8
BLACK
6
CONTINUOUS
10
1.2059225984251969
20
0.9461019291338583
11
1.2053526377952755
21
0.9464183070866141
0
LINE
8
BLACK
6
CONTINUOUS
10
1.2053526377952755
20
0.9464183070866141
11
1.2047138188976378
21
0.9465490551181102
0
LINE
8
BLACK
6
CONTINUOUS
10
1.2047138188976378
20
0.9465490551181102
11
1.1990895669291339
21
0.9493612204724409
0
LINE
8
BLACK
6
CONTINUOUS
10
1.1990895669291339
20
0.9493612204724409
11
1.1983781889763778
21
0.9499920078740157
0
LINE
8
BLACK
6
CONTINUOUS
10
1.1983781889763778
20
0.9499920078740157
11
1.1975547637795276
21
0.9504674409448819
0
LINE
8
BLACK
6
CONTINUOUS
10
1.1975547637795276
20
0.9504674409448819
11
1.1919304724409447
21
0.9560917322834646
0
LINE
8
BLACK
6
CONTINUOUS
10
1.1919304724409447
20
0.9560917322834646
11
1.1912518110236221
21
0.9572671653543307
0
LINE
8
BLACK
6
CONTINUOUS
10
1.1912518110236221
20
0.9572671653543307
11
1.1905038188976378
21
0.9584000787401574
0
LINE
8
BLACK
6
CONTINUOUS
10
1.1905038188976378
20
0.9584000787401574
11
1.1876916929133858
21
0.9668365354330708
0
LINE
8
BLACK
6
CONTINUOUS
10
1.1876916929133858
20
0.9668365354330708
11
1.18763468503937
21
0.9677855511811023
0
LINE
8
BLACK
6
CONTINUOUS
10
1.18763468503937
20
0.9677855511811023
11
1.187388622047244
21
0.9687040157480314
0
LINE
8
BLACK
6
CONTINUOUS
10
1.187388622047244
20
0.9687040157480314
11
1.187388622047244
21
0.9827647637795275
0
LINE
8
BLACK
6
CONTINUOUS
10
1.187388622047244
20
0.9827647637795275
11
1.1881798031496063
21
0.9857175196850394
0
LINE
8
BLACK
6
CONTINUOUS
10
1.1881798031496063
20
0.9857175196850394
11
1.1903413779527559
21
0.987879094488189
0
LINE
8
BLACK
6
CONTINUOUS
10
1.1903413779527559
20
0.987879094488189
11
1.1932941338582677
21
0.9886702755905512
0
LINE
8
BLACK
6
CONTINUOUS
10
1.1932941338582677
20
0.9886702755905512
11
1.252349251968504
21
0.9886702755905512
0
LINE
8
BLACK
6
CONTINUOUS
10
1.252349251968504
20
0.9886702755905512
11
1.2553020078740158
21
0.987879094488189
0
LINE
8
BLACK
6
CONTINUOUS
10
1.1991996456692913
20
0.969662283464567
11
1.2012678740157481
21
0.9634575984251968
0
LINE
8
BLACK
6
CONTINUOUS
10
1.2012678740157481
20
0.9634575984251968
11
1.2052287795275591
21
0.9594966929133858
0
LINE
8
BLACK
6
CONTINUOUS
10
1.2052287795275591
20
0.9594966929133858
11
1.2094161417322835
21
0.957403031496063
0
LINE
8
BLACK
6
CONTINUOUS
10
1.2094161417322835
20
0.957403031496063
11
1.2193303937007873
21
0.9549244881889764
0
LINE
8
BLACK
6
CONTINUOUS
10
1.2193303937007873
20
0.9549244881889764
11
1.2263129921259843
21
0.9549244881889764
0
LINE
8
BLACK
6
CONTINUOUS
10
1.2263129921259843
20
0.9549244881889764
11
1.2362272047244094
21
0.9574029921259842
0
LINE
8
BLACK
6
CONTINUOUS
10
1.2362272047244094
20
0.9574029921259842
11
1.2404146062992125
21
0.9594967322834645
0
LINE
8
BLACK
6
CONTINUOUS
10
1.2404146062992125
20
0.9594967322834645
11
1.2443754724409448
21
0.9634575984251968
0
LINE
8
BLACK
6
CONTINUOUS
10
1.2443754724409448
20
0.9634575984251968
11
1.2464437401574804
21
0.9696623622047243
0
LINE
8
BLACK
6
CONTINUOUS
10
1.2464437401574804
20
0.9696623622047243
11
1.2464437401574804
21
0.9768592519685039
0
LINE
8
BLACK
6
CONTINUOUS
10
1.2464437401574804
20
0.9768592519685039
11
1.1991996456692913
21
0.9768592519685039
0
LINE
8
BLACK
6
CONTINUOUS
10
1.1991996456692913
20
0.9768592519685039
11
1.1991996456692913
21
0.969662283464567
0
LINE
8
BLACK
6
CONTINUOUS
10
1.1277437401574804
20
0.991293779527559
11
1.1284722047244093
21
0.991306062992126
0
LINE
8
BLACK
6
CONTINUOUS
10
1.1284722047244093
20
0.991306062992126
11
1.1397207874015747
21
0.988493937007874
0
LINE
8
BLACK
6
CONTINUOUS
10
1.1397207874015747
20
0.988493937007874
11
1.1402907480314961
21
0.9881775196850393
0
LINE
8
BLACK
6
CONTINUOUS
10
1.1402907480314961
20
0.9881775196850393
11
1.1409295275590552
21
0.988046811023622
0
LINE
8
BLACK
6
CONTINUOUS
10
1.1409295275590552
20
0.988046811023622
11
1.1465538188976379
21
0.9852346456692913
0
LINE
8
BLACK
6
CONTINUOUS
10
1.1465538188976379
20
0.9852346456692913
11
1.147265157480315
21
0.9846038188976378
0
LINE
8
BLACK
6
CONTINUOUS
10
1.147265157480315
20
0.9846038188976378
11
1.1480886220472442
21
0.9841284251968504
0
LINE
8
BLACK
6
CONTINUOUS
10
1.1480886220472442
20
0.9841284251968504
11
1.1537129133858268
21
0.9785041338582677
0
LINE
8
BLACK
6
CONTINUOUS
10
1.1537129133858268
20
0.9785041338582677
11
1.1543916141732282
21
0.9773285433070866
0
LINE
8
BLACK
6
CONTINUOUS
10
1.1543916141732282
20
0.9773285433070866
11
1.155139527559055
21
0.9761957874015748
0
LINE
8
BLACK
6
CONTINUOUS
10
1.155139527559055
20
0.9761957874015748
11
1.1579516929133857
21
0.9677593700787401
0
LINE
8
BLACK
6
CONTINUOUS
10
1.1579516929133857
20
0.9677593700787401
11
1.1580086614173228
21
0.9668102755905511
0
LINE
8
BLACK
6
CONTINUOUS
10
1.1580086614173228
20
0.9668102755905511
11
1.1582547637795275
21
0.9658918503937007
0
LINE
8
BLACK
6
CONTINUOUS
10
1.1582547637795275
20
0.9658918503937007
11
1.1582547637795275
21
0.9602675590551181
0
LINE
8
BLACK
6
CONTINUOUS
10
1.1582547637795275
20
0.9602675590551181
11
1.1580086614173228
21
0.9593490944881889
0
LINE
8
BLACK
6
CONTINUOUS
10
1.1580086614173228
20
0.9593490944881889
11
1.1579516929133857
21
0.9584000393700787
0
LINE
8
BLACK
6
CONTINUOUS
10
1.1579516929133857
20
0.9584000393700787
11
1.155139527559055
21
0.949963622047244
0
LINE
8
BLACK
6
CONTINUOUS
10
1.155139527559055
20
0.949963622047244
11
1.1543916141732282
21
0.9488308267716535
0
LINE
8
BLACK
6
CONTINUOUS
10
1.1543916141732282
20
0.9488308267716535
11
1.1537129133858268
21
0.9476552755905512
0
LINE
8
BLACK
6
CONTINUOUS
10
1.1537129133858268
20
0.9476552755905512
11
1.1509007874015749
21
0.9448431496062992
0
LINE
8
BLACK
6
CONTINUOUS
10
1.1509007874015749
20
0.9448431496062992
11
1.1482534251968504
21
0.9433146850393701
0
LINE
8
BLACK
6
CONTINUOUS
10
1.1482534251968504
20
0.9433146850393701
11
1.1451964960629921
21
0.9433146850393701
0
LINE
8
BLACK
6
CONTINUOUS
10
1.1451964960629921
20
0.9433146850393701
11
1.1425491338582676
21
0.9448431496062992
0
LINE
8
BLACK
6
CONTINUOUS
10
1.1425491338582676
20
0.9448431496062992
11
1.1410206692913385
21
0.9474905118110236
0
LINE
8
BLACK
6
CONTINUOUS
10
1.1410206692913385
20
0.9474905118110236
11
1.1410206692913385
21
0.9505474409448819
0
LINE
8
BLACK
6
CONTINUOUS
10
1.1410206692913385
20
0.9505474409448819
11
1.1425491338582676
21
0.9531948031496063
0
LINE
8
BLACK
6
CONTINUOUS
10
1.1425491338582676
20
0.9531948031496063
11
1.144375472440945
21
0.9550211417322835
0
LINE
8
BLACK
6
CONTINUOUS
10
1.144375472440945
20
0.9550211417322835
11
1.1464437401574803
21
0.961225905511811
0
LINE
8
BLACK
6
CONTINUOUS
10
1.1464437401574803
20
0.961225905511811
11
1.1464437401574803
21
0.9649334645669291
0
LINE
8
BLACK
6
CONTINUOUS
10
1.1464437401574803
20
0.9649334645669291
11
1.144375472440945
21
0.9711382283464567
0
LINE
8
BLACK
6
CONTINUOUS
10
1.144375472440945
20
0.9711382283464567
11
1.1404146062992127
21
0.975099094488189
0
LINE
8
BLACK
6
CONTINUOUS
10
1.1404146062992127
20
0.975099094488189
11
1.1362272047244095
21
0.9771928346456693
0
LINE
8
BLACK
6
CONTINUOUS
10
1.1362272047244095
20
0.9771928346456693
11
1.1263129921259842
21
0.9796713779527558
0
LINE
8
BLACK
6
CONTINUOUS
10
1.1263129921259842
20
0.9796713779527558
11
1.1193303937007875
21
0.9796713779527558
0
LINE
8
BLACK
6
CONTINUOUS
10
1.1193303937007875
20
0.9796713779527558
11
1.1094161417322834
21
0.9771927952755906
0
LINE
8
BLACK
6
CONTINUOUS
10
1.1094161417322834
20
0.9771927952755906
11
1.105228779527559
21
0.9750991338582677
0
LINE
8
BLACK
6
CONTINUOUS
10
1.105228779527559
20
0.9750991338582677
11
1.101267874015748
21
0.9711382283464567
0
LINE
8
BLACK
6
CONTINUOUS
10
1.101267874015748
20
0.9711382283464567
11
1.0991996456692914
21
0.9649335433070866
0
LINE
8
BLACK
6
CONTINUOUS
10
1.0991996456692914
20
0.9649335433070866
11
1.0991996456692914
21
0.9612258267716535
0
LINE
8
BLACK
6
CONTINUOUS
10
1.0991996456692914
20
0.9612258267716535
11
1.101267874015748
21
0.9550211417322835
0
LINE
8
BLACK
6
CONTINUOUS
10
1.101267874015748
20
0.9550211417322835
11
1.1030942519685039
21
0.9531948031496063
0
LINE
8
BLACK
6
CONTINUOUS
10
1.1030942519685039
20
0.9531948031496063
11
1.104622716535433
21
0.9505474409448819
0
LINE
8
BLACK
6
CONTINUOUS
10
1.104622716535433
20
0.9505474409448819
11
1.104622716535433
21
0.9474905118110236
0
LINE
8
BLACK
6
CONTINUOUS
10
1.104622716535433
20
0.9474905118110236
11
1.1030942519685039
21
0.9448431496062992
0
LINE
8
BLACK
6
CONTINUOUS
10
1.1030942519685039
20
0.9448431496062992
11
1.1004468897637796
21
0.9433146850393701
0
LINE
8
BLACK
6
CONTINUOUS
10
1.1004468897637796
20
0.9433146850393701
11
1.0973899606299213
21
0.9433146850393701
0
LINE
8
BLACK
6
CONTINUOUS
10
1.0973899606299213
20
0.9433146850393701
11
1.0947425984251968
21
0.9448431496062992
0
LINE
8
BLACK
6
CONTINUOUS
10
1.0947425984251968
20
0.9448431496062992
11
1.0919304724409449
21
0.9476552755905512
0
LINE
8
BLACK
6
CONTINUOUS
10
1.0919304724409449
20
0.9476552755905512
11
1.091251811023622
21
0.9488307086614173
0
LINE
8
BLACK
6
CONTINUOUS
10
1.091251811023622
20
0.9488307086614173
11
1.0905038188976377
21
0.949963622047244
0
LINE
8
BLACK
6
CONTINUOUS
10
1.0905038188976377
20
0.949963622047244
11
1.0876916929133857
21
0.9584000787401574
0
LINE
8
BLACK
6
CONTINUOUS
10
1.0876916929133857
20
0.9584000787401574
11
1.0876346850393701
21
0.9593490944881889
0
LINE
8
BLACK
6
CONTINUOUS
10
1.0876346850393701
20
0.9593490944881889
11
1.0873886220472442
21
0.9602675590551181
0
LINE
8
BLACK
6
CONTINUOUS
10
1.0873886220472442
20
0.9602675590551181
11
1.0873886220472442
21
0.9658918503937007
0
LINE
8
BLACK
6
CONTINUOUS
10
1.0873886220472442
20
0.9658918503937007
11
1.0876346850393701
21
0.9668102755905511
0
LINE
8
BLACK
6
CONTINUOUS
10
1.0876346850393701
20
0.9668102755905511
11
1.0876916929133857
21
0.9677593307086614
0
LINE
8
BLACK
6
CONTINUOUS
10
1.0876916929133857
20
0.9677593307086614
11
1.0905038188976377
21
0.9761957874015748
0
LINE
8
BLACK
6
CONTINUOUS
10
1.0905038188976377
20
0.9761957874015748
11
1.091251811023622
21
0.9773286614173228
0
LINE
8
BLACK
6
CONTINUOUS
10
1.091251811023622
20
0.9773286614173228
11
1.0919304724409449
21
0.9785041338582677
0
LINE
8
BLACK
6
CONTINUOUS
10
1.0919304724409449
20
0.9785041338582677
11
1.0975547637795275
21
0.9841284251968504
0
LINE
8
BLACK
6
CONTINUOUS
10
1.0975547637795275
20
0.9841284251968504
11
1.098378188976378
21
0.9846038188976378
0
LINE
8
BLACK
6
CONTINUOUS
10
1.098378188976378
20
0.9846038188976378
11
1.0990895669291338
21
0.9852346456692913
0
LINE
8
BLACK
6
CONTINUOUS
10
1.0990895669291338
20
0.9852346456692913
11
1.1047138188976378
21
0.988046811023622
0
LINE
8
BLACK
6
CONTINUOUS
10
1.1047138188976378
20
0.988046811023622
11
1.1053526377952756
21
0.9881775196850393
0
LINE
8
BLACK
6
CONTINUOUS
10
1.1053526377952756
20
0.9881775196850393
11
1.1059225984251968
21
0.988493937007874
0
LINE
8
BLACK
6
CONTINUOUS
10
1.1059225984251968
20
0.988493937007874
11
1.1171711811023621
21
0.991306062992126
0
LINE
8
BLACK
6
CONTINUOUS
10
1.1171711811023621
20
0.991306062992126
11
1.1178996062992126
21
0.991293779527559
0
LINE
8
BLACK
6
CONTINUOUS
10
1.1178996062992126
20
0.991293779527559
11
1.1186034645669292
21
0.9914824015748032
0
LINE
8
BLACK
6
CONTINUOUS
10
1.1186034645669292
20
0.9914824015748032
11
1.1270399212598425
21
0.9914824015748032
0
LINE
8
BLACK
6
CONTINUOUS
10
1.1270399212598425
20
0.9914824015748032
11
1.1277437401574804
21
0.991293779527559
0
LINE
8
BLACK
6
CONTINUOUS
10
1.5753020078740156
20
1.0082413779527559
11
1.5774635826771652
21
1.0060798031496063
0
LINE
8
BLACK
6
CONTINUOUS
10
1.5774635826771652
20
1.0060798031496063
11
1.5782547637795274
21
1.0031270472440945
0
LINE
8
BLACK
6
CONTINUOUS
10
1.5782547637795274
20
1.0031270472440945
11
1.5782547637795274
21
0.9693812992125984
0
LINE
8
BLACK
6
CONTINUOUS
10
1.5782547637795274
20
0.9693812992125984
11
1.5774635826771652
21
0.9664285433070866
0
LINE
8
BLACK
6
CONTINUOUS
10
1.5774635826771652
20
0.9664285433070866
11
1.5753020078740156
21
0.964266968503937
0
LINE
8
BLACK
6
CONTINUOUS
10
1.5753020078740156
20
0.964266968503937
11
1.5723492519685038
21
0.9634757874015748
0
LINE
8
BLACK
6
CONTINUOUS
10
1.5723492519685038
20
0.9634757874015748
11
1.569396496062992
21
0.964266968503937
0
LINE
8
BLACK
6
CONTINUOUS
10
1.569396496062992
20
0.964266968503937
11
1.5672349212598424
21
0.9664285433070866
0
LINE
8
BLACK
6
CONTINUOUS
10
1.5672349212598424
20
0.9664285433070866
11
1.5664437401574802
21
0.9693812992125984
0
LINE
8
BLACK
6
CONTINUOUS
10
1.5664437401574802
20
0.9693812992125984
11
1.5664437401574802
21
0.9803486614173228
0
LINE
8
BLACK
6
CONTINUOUS
10
1.5664437401574802
20
0.9803486614173228
11
1.5132941338582677
21
0.9803486614173228
0
LINE
8
BLACK
6
CONTINUOUS
10
1.5132941338582677
20
0.9803486614173228
11
1.5103413779527559
21
0.981139842519685
0
LINE
8
BLACK
6
CONTINUOUS
10
1.5103413779527559
20
0.981139842519685
11
1.5081798031496063
21
0.9833014173228346
0
LINE
8
BLACK
6
CONTINUOUS
10
1.5081798031496063
20
0.9833014173228346
11
1.5073886220472441
21
0.9862541732283464
0
LINE
8
BLACK
6
CONTINUOUS
10
1.5073886220472441
20
0.9862541732283464
11
1.5081798031496063
21
0.9892069291338582
0
LINE
8
BLACK
6
CONTINUOUS
10
1.5081798031496063
20
0.9892069291338582
11
1.5103413779527559
21
0.9913685039370078
0
LINE
8
BLACK
6
CONTINUOUS
10
1.5103413779527559
20
0.9913685039370078
11
1.5132941338582677
21
0.99215968503937
0
LINE
8
BLACK
6
CONTINUOUS
10
1.5132941338582677
20
0.99215968503937
11
1.5664437401574802
21
0.99215968503937
0
LINE
8
BLACK
6
CONTINUOUS
10
1.5664437401574802
20
0.99215968503937
11
1.5664437401574802
21
1.0031270472440945
0
LINE
8
BLACK
6
CONTINUOUS
10
1.5664437401574802
20
1.0031270472440945
11
1.5672349212598424
21
1.0060798031496063
0
LINE
8
BLACK
6
CONTINUOUS
10
1.5672349212598424
20
1.0060798031496063
11
1.569396496062992
21
1.0082413779527559
0
LINE
8
BLACK
6
CONTINUOUS
10
1.569396496062992
20
1.0082413779527559
11
1.5723492519685038
21
1.0090325590551181
0
LINE
8
BLACK
6
CONTINUOUS
10
1.5723492519685038
20
1.0090325590551181
11
1.5753020078740156
21
1.0082413779527559
0
LINE
8
BLACK
6
CONTINUOUS
10
0.8528795669291338
20
1.0344595669291339
11
0.8538286220472441
21
1.0344025984251968
0
LINE
8
BLACK
6
CONTINUOUS
10
0.8538286220472441
20
1.0344025984251968
11
0.901635157480315
21
1.0184670866141732
0
LINE
8
BLACK
6
CONTINUOUS
10
0.901635157480315
20
1.0184670866141732
11
0.9041862204724409
21
1.0167827952755906
0
LINE
8
BLACK
6
CONTINUOUS
10
0.9041862204724409
20
1.0167827952755906
11
0.9055533070866142
21
1.0140485826771652
0
LINE
8
BLACK
6
CONTINUOUS
10
0.9055533070866142
20
1.0140485826771652
11
0.9053701574803149
21
1.0109971653543306
0
LINE
8
BLACK
6
CONTINUOUS
10
0.9053701574803149
20
1.0109971653543306
11
0.9036858267716535
21
1.0084461023622047
0
LINE
8
BLACK
6
CONTINUOUS
10
0.9036858267716535
20
1.0084461023622047
11
0.9009516141732283
21
1.0070790157480314
0
LINE
8
BLACK
6
CONTINUOUS
10
0.9009516141732283
20
1.0070790157480314
11
0.8979001968503937
21
1.0072621653543308
0
LINE
8
BLACK
6
CONTINUOUS
10
0.8979001968503937
20
1.0072621653543308
11
0.857866653543307
21
1.0206066929133859
0
LINE
8
BLACK
6
CONTINUOUS
10
0.857866653543307
20
1.0206066929133859
11
0.857866653543307
21
1.0028346456692914
0
LINE
8
BLACK
6
CONTINUOUS
10
0.857866653543307
20
1.0028346456692914
11
0.8742708267716536
21
1.0028346456692914
0
LINE
8
BLACK
6
CONTINUOUS
10
0.8742708267716536
20
1.0028346456692914
11
0.8772235826771654
21
1.0020434645669292
0
LINE
8
BLACK
6
CONTINUOUS
10
0.8772235826771654
20
1.0020434645669292
11
0.879385157480315
21
0.9998818897637795
0
LINE
8
BLACK
6
CONTINUOUS
10
0.879385157480315
20
0.9998818897637795
11
0.8801763385826772
21
0.9969291338582676
0
LINE
8
BLACK
6
CONTINUOUS
10
0.8801763385826772
20
0.9969291338582676
11
0.879385157480315
21
0.9939763779527558
0
LINE
8
BLACK
6
CONTINUOUS
10
0.879385157480315
20
0.9939763779527558
11
0.8772235826771654
21
0.9918148031496062
0
LINE
8
BLACK
6
CONTINUOUS
10
0.8772235826771654
20
0.9918148031496062
11
0.8742708267716536
21
0.991023622047244
0
LINE
8
BLACK
6
CONTINUOUS
10
0.8742708267716536
20
0.991023622047244
11
0.857866653543307
21
0.991023622047244
0
LINE
8
BLACK
6
CONTINUOUS
10
0.857866653543307
20
0.991023622047244
11
0.857866653543307
21
0.9873678346456692
0
LINE
8
BLACK
6
CONTINUOUS
10
0.857866653543307
20
0.9873678346456692
11
0.8570754724409448
21
0.9844150787401574
0
LINE
8
BLACK
6
CONTINUOUS
10
0.8570754724409448
20
0.9844150787401574
11
0.8549138976377952
21
0.9822535039370078
0
LINE
8
BLACK
6
CONTINUOUS
10
0.8549138976377952
20
0.9822535039370078
11
0.8519611417322834
21
0.9814623228346456
0
LINE
8
BLACK
6
CONTINUOUS
10
0.8519611417322834
20
0.9814623228346456
11
0.8490083858267716
21
0.9822535039370078
0
LINE
8
BLACK
6
CONTINUOUS
10
0.8490083858267716
20
0.9822535039370078
11
0.846846811023622
21
0.9844150787401574
0
LINE
8
BLACK
6
CONTINUOUS
10
0.846846811023622
20
0.9844150787401574
11
0.8460556299212598
21
0.9873678346456692
0
LINE
8
BLACK
6
CONTINUOUS
10
0.8460556299212598
20
0.9873678346456692
11
0.8460556299212598
21
0.991023622047244
0
LINE
8
BLACK
6
CONTINUOUS
10
0.8460556299212598
20
0.991023622047244
11
0.8296514173228347
21
0.991023622047244
0
LINE
8
BLACK
6
CONTINUOUS
10
0.8296514173228347
20
0.991023622047244
11
0.8266986614173228
21
0.9918148031496062
0
LINE
8
BLACK
6
CONTINUOUS
10
0.8266986614173228
20
0.9918148031496062
11
0.8245370866141732
21
0.9939763779527558
0
LINE
8
BLACK
6
CONTINUOUS
10
0.8245370866141732
20
0.9939763779527558
11
0.823745905511811
21
0.9969291338582676
0
LINE
8
BLACK
6
CONTINUOUS
10
0.823745905511811
20
0.9969291338582676
11
0.8245370866141732
21
0.9998818897637795
0
LINE
8
BLACK
6
CONTINUOUS
10
0.8245370866141732
20
0.9998818897637795
11
0.8266986614173228
21
1.0020434645669292
0
LINE
8
BLACK
6
CONTINUOUS
10
0.8266986614173228
20
1.0020434645669292
11
0.8296514173228347
21
1.0028346456692914
0
LINE
8
BLACK
6
CONTINUOUS
10
0.8296514173228347
20
1.0028346456692914
11
0.8460556299212598
21
1.0028346456692914
0
LINE
8
BLACK
6
CONTINUOUS
10
0.8460556299212598
20
1.0028346456692914
11
0.8460556299212598
21
1.0288001574803149
0
LINE
8
BLACK
6
CONTINUOUS
10
0.8460556299212598
20
1.0288001574803149
11
0.8463016929133859
21
1.0297185826771653
0
LINE
8
BLACK
6
CONTINUOUS
10
0.8463016929133859
20
1.0297185826771653
11
0.8463587007874016
21
1.0306676377952755
0
LINE
8
BLACK
6
CONTINUOUS
10
0.8463587007874016
20
1.0306676377952755
11
0.846690748031496
21
1.031170590551181
0
LINE
8
BLACK
6
CONTINUOUS
10
0.846690748031496
20
1.031170590551181
11
0.846846811023622
21
1.0317529133858268
0
LINE
8
BLACK
6
CONTINUOUS
10
0.846846811023622
20
1.0317529133858268
11
0.8475191338582677
21
1.0324252362204724
0
LINE
8
BLACK
6
CONTINUOUS
10
0.8475191338582677
20
1.0324252362204724
11
0.8480429921259842
21
1.0332186614173229
0
LINE
8
BLACK
6
CONTINUOUS
10
0.8480429921259842
20
1.0332186614173229
11
0.848582125984252
21
1.0334882283464566
0
LINE
8
BLACK
6
CONTINUOUS
10
0.848582125984252
20
1.0334882283464566
11
0.8490083858267716
21
1.0339144881889764
0
LINE
8
BLACK
6
CONTINUOUS
10
0.8490083858267716
20
1.0339144881889764
11
0.8499267716535432
21
1.0341605511811023
0
LINE
8
BLACK
6
CONTINUOUS
10
0.8499267716535432
20
1.0341605511811023
11
0.8507772047244094
21
1.0345857874015747
0
LINE
8
BLACK
6
CONTINUOUS
10
0.8507772047244094
20
1.0345857874015747
11
0.8513788976377953
21
1.0345496456692913
0
LINE
8
BLACK
6
CONTINUOUS
10
0.8513788976377953
20
1.0345496456692913
11
0.8519611417322834
21
1.0347056692913386
0
LINE
8
BLACK
6
CONTINUOUS
10
0.8519611417322834
20
1.0347056692913386
11
0.8528795669291338
21
1.0344595669291339
0
LINE
8
BLACK
6
CONTINUOUS
10
1.1277437401574804
20
1.0503488976377953
11
1.1284722047244093
21
1.0503611811023621
0
LINE
8
BLACK
6
CONTINUOUS
10
1.1284722047244093
20
1.0503611811023621
11
1.1397207874015747
21
1.0475490551181101
0
LINE
8
BLACK
6
CONTINUOUS
10
1.1397207874015747
20
1.0475490551181101
11
1.1402907480314961
21
1.0472326377952756
0
LINE
8
BLACK
6
CONTINUOUS
10
1.1402907480314961
20
1.0472326377952756
11
1.1409295275590552
21
1.0471019291338581
0
LINE
8
BLACK
6
CONTINUOUS
10
1.1409295275590552
20
1.0471019291338581
11
1.1465538188976379
21
1.0442897637795274
0
LINE
8
BLACK
6
CONTINUOUS
10
1.1465538188976379
20
1.0442897637795274
11
1.147265157480315
21
1.0436589370078739
0
LINE
8
BLACK
6
CONTINUOUS
10
1.147265157480315
20
1.0436589370078739
11
1.1480886220472442
21
1.0431835433070866
0
LINE
8
BLACK
6
CONTINUOUS
10
1.1480886220472442
20
1.0431835433070866
11
1.1537129133858268
21
1.037559251968504
0
LINE
8
BLACK
6
CONTINUOUS
10
1.1537129133858268
20
1.037559251968504
11
1.1543916141732282
21
1.0363836614173227
0
LINE
8
BLACK
6
CONTINUOUS
10
1.1543916141732282
20
1.0363836614173227
11
1.155139527559055
21
1.0352509055118111
0
LINE
8
BLACK
6
CONTINUOUS
10
1.155139527559055
20
1.0352509055118111
11
1.1579516929133857
21
1.0268144881889762
0
LINE
8
BLACK
6
CONTINUOUS
10
1.1579516929133857
20
1.0268144881889762
11
1.1580086614173228
21
1.0258653937007873
0
LINE
8
BLACK
6
CONTINUOUS
10
1.1580086614173228
20
1.0258653937007873
11
1.1582547637795275
21
1.024946968503937
0
LINE
8
BLACK
6
CONTINUOUS
10
1.1582547637795275
20
1.024946968503937
11
1.1582547637795275
21
1.0193226771653543
0
LINE
8
BLACK
6
CONTINUOUS
10
1.1582547637795275
20
1.0193226771653543
11
1.1580086614173228
21
1.0184042125984252
0
LINE
8
BLACK
6
CONTINUOUS
10
1.1580086614173228
20
1.0184042125984252
11
1.1579516929133857
21
1.017455157480315
0
LINE
8
BLACK
6
CONTINUOUS
10
1.1579516929133857
20
1.017455157480315
11
1.155139527559055
21
1.0090187401574804
0
LINE
8
BLACK
6
CONTINUOUS
10
1.155139527559055
20
1.0090187401574804
11
1.1543916141732282
21
1.0078859448818898
0
LINE
8
BLACK
6
CONTINUOUS
10
1.1543916141732282
20
1.0078859448818898
11
1.1537129133858268
21
1.0067103937007873
0
LINE
8
BLACK
6
CONTINUOUS
10
1.1537129133858268
20
1.0067103937007873
11
1.1509007874015749
21
1.0038982677165353
0
LINE
8
BLACK
6
CONTINUOUS
10
1.1509007874015749
20
1.0038982677165353
11
1.1482534251968504
21
1.0023698031496062
0
LINE
8
BLACK
6
CONTINUOUS
10
1.1482534251968504
20
1.0023698031496062
11
1.1451964960629921
21
1.0023698031496062
0
LINE
8
BLACK
6
CONTINUOUS
10
1.1451964960629921
20
1.0023698031496062
11
1.1425491338582676
21
1.0038982677165353
0
LINE
8
BLACK
6
CONTINUOUS
10
1.1425491338582676
20
1.0038982677165353
11
1.1410206692913385
21
1.0065456299212598
0
LINE
8
BLACK
6
CONTINUOUS
10
1.1410206692913385
20
1.0065456299212598
11
1.1410206692913385
21
1.0096025590551181
0
LINE
8
BLACK
6
CONTINUOUS
10
1.1410206692913385
20
1.0096025590551181
11
1.1425491338582676
21
1.0122499212598426
0
LINE
8
BLACK
6
CONTINUOUS
10
1.1425491338582676
20
1.0122499212598426
11
1.144375472440945
21
1.0140762598425197
0
LINE
8
BLACK
6
CONTINUOUS
10
1.144375472440945
20
1.0140762598425197
11
1.1464437401574803
21
1.0202810236220472
0
LINE
8
BLACK
6
CONTINUOUS
10
1.1464437401574803
20
1.0202810236220472
11
1.1464437401574803
21
1.0239885826771653
0
LINE
8
BLACK
6
CONTINUOUS
10
1.1464437401574803
20
1.0239885826771653
11
1.144375472440945
21
1.0301933464566928
0
LINE
8
BLACK
6
CONTINUOUS
10
1.144375472440945
20
1.0301933464566928
11
1.1404146062992127
21
1.0341542125984251
0
LINE
8
BLACK
6
CONTINUOUS
10
1.1404146062992127
20
1.0341542125984251
11
1.1362272047244095
21
1.0362479527559054
0
LINE
8
BLACK
6
CONTINUOUS
10
1.1362272047244095
20
1.0362479527559054
11
1.1263129921259842
21
1.0387264960629921
0
LINE
8
BLACK
6
CONTINUOUS
10
1.1263129921259842
20
1.0387264960629921
11
1.1193303937007875
21
1.0387264960629921
0
LINE
8
BLACK
6
CONTINUOUS
10
1.1193303937007875
20
1.0387264960629921
11
1.1094161417322834
21
1.0362479133858267
0
LINE
8
BLACK
6
CONTINUOUS
10
1.1094161417322834
20
1.0362479133858267
11
1.105228779527559
21
1.0341542519685039
0
LINE
8
BLACK
6
CONTINUOUS
10
1.105228779527559
20
1.0341542519685039
11
1.101267874015748
21
1.0301933464566928
0
LINE
8
BLACK
6
CONTINUOUS
10
1.101267874015748
20
1.0301933464566928
11
1.0991996456692914
21
1.0239886614173228
0
LINE
8
BLACK
6
CONTINUOUS
10
1.0991996456692914
20
1.0239886614173228
11
1.0991996456692914
21
1.0202809448818897
0
LINE
8
BLACK
6
CONTINUOUS
10
1.0991996456692914
20
1.0202809448818897
11
1.101267874015748
21
1.0140762598425197
0
LINE
8
BLACK
6
CONTINUOUS
10
1.101267874015748
20
1.0140762598425197
11
1.1030942519685039
21
1.0122499212598426
0
LINE
8
BLACK
6
CONTINUOUS
10
1.1030942519685039
20
1.0122499212598426
11
1.104622716535433
21
1.0096025590551181
0
LINE
8
BLACK
6
CONTINUOUS
10
1.104622716535433
20
1.0096025590551181
11
1.104622716535433
21
1.0065456299212598
0
LINE
8
BLACK
6
CONTINUOUS
10
1.104622716535433
20
1.0065456299212598
11
1.1030942519685039
21
1.0038982677165353
0
LINE
8
BLACK
6
CONTINUOUS
10
1.1030942519685039
20
1.0038982677165353
11
1.1004468897637796
21
1.0023698031496062
0
LINE
8
BLACK
6
CONTINUOUS
10
1.1004468897637796
20
1.0023698031496062
11
1.0973899606299213
21
1.0023698031496062
0
LINE
8
BLACK
6
CONTINUOUS
10
1.0973899606299213
20
1.0023698031496062
11
1.0947425984251968
21
1.0038982677165353
0
LINE
8
BLACK
6
CONTINUOUS
10
1.0947425984251968
20
1.0038982677165353
11
1.0919304724409449
21
1.0067103937007873
0
LINE
8
BLACK
6
CONTINUOUS
10
1.0919304724409449
20
1.0067103937007873
11
1.091251811023622
21
1.0078858267716535
0
LINE
8
BLACK
6
CONTINUOUS
10
1.091251811023622
20
1.0078858267716535
11
1.0905038188976377
21
1.0090187401574804
0
LINE
8
BLACK
6
CONTINUOUS
10
1.0905038188976377
20
1.0090187401574804
11
1.0876916929133857
21
1.0174551968503938
0
LINE
8
BLACK
6
CONTINUOUS
10
1.0876916929133857
20
1.0174551968503938
11
1.0876346850393701
21
1.0184042125984252
0
LINE
8
BLACK
6
CONTINUOUS
10
1.0876346850393701
20
1.0184042125984252
11
1.0873886220472442
21
1.0193226771653543
0
LINE
8
BLACK
6
CONTINUOUS
10
1.0873886220472442
20
1.0193226771653543
11
1.0873886220472442
21
1.024946968503937
0
LINE
8
BLACK
6
CONTINUOUS
10
1.0873886220472442
20
1.024946968503937
11
1.0876346850393701
21
1.0258653937007873
0
LINE
8
BLACK
6
CONTINUOUS
10
1.0876346850393701
20
1.0258653937007873
11
1.0876916929133857
21
1.0268144488188977
0
LINE
8
BLACK
6
CONTINUOUS
10
1.0876916929133857
20
1.0268144488188977
11
1.0905038188976377
21
1.0352509055118111
0
LINE
8
BLACK
6
CONTINUOUS
10
1.0905038188976377
20
1.0352509055118111
11
1.091251811023622
21
1.036383779527559
0
LINE
8
BLACK
6
CONTINUOUS
10
1.091251811023622
20
1.036383779527559
11
1.0919304724409449
21
1.037559251968504
0
LINE
8
BLACK
6
CONTINUOUS
10
1.0919304724409449
20
1.037559251968504
11
1.0975547637795275
21
1.0431835433070866
0
LINE
8
BLACK
6
CONTINUOUS
10
1.0975547637795275
20
1.0431835433070866
11
1.098378188976378
21
1.0436589370078739
0
LINE
8
BLACK
6
CONTINUOUS
10
1.098378188976378
20
1.0436589370078739
11
1.0990895669291338
21
1.0442897637795274
0
LINE
8
BLACK
6
CONTINUOUS
10
1.0990895669291338
20
1.0442897637795274
11
1.1047138188976378
21
1.0471019291338581
0
LINE
8
BLACK
6
CONTINUOUS
10
1.1047138188976378
20
1.0471019291338581
11
1.1053526377952756
21
1.0472326377952756
0
LINE
8
BLACK
6
CONTINUOUS
10
1.1053526377952756
20
1.0472326377952756
11
1.1059225984251968
21
1.0475490551181101
0
LINE
8
BLACK
6
CONTINUOUS
10
1.1059225984251968
20
1.0475490551181101
11
1.1171711811023621
21
1.0503611811023621
0
LINE
8
BLACK
6
CONTINUOUS
10
1.1171711811023621
20
1.0503611811023621
11
1.1178996062992126
21
1.0503488976377953
0
LINE
8
BLACK
6
CONTINUOUS
10
1.1178996062992126
20
1.0503488976377953
11
1.1186034645669292
21
1.0505375196850393
0
LINE
8
BLACK
6
CONTINUOUS
10
1.1186034645669292
20
1.0505375196850393
11
1.1270399212598425
21
1.0505375196850393
0
LINE
8
BLACK
6
CONTINUOUS
10
1.1270399212598425
20
1.0505375196850393
11
1.1277437401574804
21
1.0503488976377953
0
LINE
8
BLACK
6
CONTINUOUS
10
1.2523623228346457
20
1.0505340157480314
11
1.2523755511811023
21
1.0505375196850393
0
LINE
8
BLACK
6
CONTINUOUS
10
1.2523755511811023
20
1.0505375196850393
11
1.2538413385826772
21
1.0501377165354331
0
LINE
8
BLACK
6
CONTINUOUS
10
1.2538413385826772
20
1.0501377165354331
11
1.2553020078740158
21
1.0497463779527558
0
LINE
8
BLACK
6
CONTINUOUS
10
1.2553020078740158
20
1.0497463779527558
11
1.2553115748031496
21
1.0497367716535433
0
LINE
8
BLACK
6
CONTINUOUS
10
1.2553115748031496
20
1.0497367716535433
11
1.2553247637795275
21
1.0497331889763779
0
LINE
8
BLACK
6
CONTINUOUS
10
1.2553247637795275
20
1.0497331889763779
11
1.2563940944881888
21
1.0486542519685038
0
LINE
8
BLACK
6
CONTINUOUS
10
1.2563940944881888
20
1.0486542519685038
11
1.2574635826771654
21
1.0475848031496062
0
LINE
8
BLACK
6
CONTINUOUS
10
1.2574635826771654
20
1.0475848031496062
11
1.2574670866141733
21
1.0475716535433071
0
LINE
8
BLACK
6
CONTINUOUS
10
1.2574670866141733
20
1.0475716535433071
11
1.2574766929133858
21
1.0475620078740158
0
LINE
8
BLACK
6
CONTINUOUS
10
1.2574766929133858
20
1.0475620078740158
11
1.2578633858267716
21
1.0460926377952755
0
LINE
8
BLACK
6
CONTINUOUS
10
1.2578633858267716
20
1.0460926377952755
11
1.2582547637795276
21
1.0446320472440944
0
LINE
8
BLACK
6
CONTINUOUS
10
1.2582547637795276
20
1.0446320472440944
11
1.258251220472441
21
1.044618937007874
0
LINE
8
BLACK
6
CONTINUOUS
10
1.258251220472441
20
1.044618937007874
11
1.2582547244094489
21
1.0446057480314961
0
LINE
8
BLACK
6
CONTINUOUS
10
1.2582547244094489
20
1.0446057480314961
11
1.2578549212598424
21
1.0431399212598425
0
LINE
8
BLACK
6
CONTINUOUS
10
1.2578549212598424
20
1.0431399212598425
11
1.2574635826771654
21
1.0416792913385826
0
LINE
8
BLACK
6
CONTINUOUS
10
1.2574635826771654
20
1.0416792913385826
11
1.2574539763779526
21
1.0416696850393701
0
LINE
8
BLACK
6
CONTINUOUS
10
1.2574539763779526
20
1.0416696850393701
11
1.2574503937007875
21
1.0416565354330709
0
LINE
8
BLACK
6
CONTINUOUS
10
1.2574503937007875
20
1.0416565354330709
11
1.2563736614173229
21
1.0405893700787401
0
LINE
8
BLACK
6
CONTINUOUS
10
1.2563736614173229
20
1.0405893700787401
11
1.2553020078740158
21
1.039517716535433
0
LINE
8
BLACK
6
CONTINUOUS
10
1.2553020078740158
20
1.039517716535433
11
1.2552888188976377
21
1.0395141732283464
0
LINE
8
BLACK
6
CONTINUOUS
10
1.2552888188976377
20
1.0395141732283464
11
1.2552792125984251
21
1.0395046456692913
0
LINE
8
BLACK
6
CONTINUOUS
10
1.2552792125984251
20
1.0395046456692913
11
1.2155316929133857
21
1.0167917716535433
0
LINE
8
BLACK
6
CONTINUOUS
10
1.2155316929133857
20
1.0167917716535433
11
1.252349251968504
21
1.0167917716535433
0
LINE
8
BLACK
6
CONTINUOUS
10
1.252349251968504
20
1.0167917716535433
11
1.2553020078740158
21
1.0160005905511811
0
LINE
8
BLACK
6
CONTINUOUS
10
1.2553020078740158
20
1.0160005905511811
11
1.2574635826771654
21
1.0138390157480315
0
LINE
8
BLACK
6
CONTINUOUS
10
1.2574635826771654
20
1.0138390157480315
11
1.2582547637795276
21
1.0108862598425197
0
LINE
8
BLACK
6
CONTINUOUS
10
1.2582547637795276
20
1.0108862598425197
11
1.2574635826771654
21
1.0079335039370079
0
LINE
8
BLACK
6
CONTINUOUS
10
1.2574635826771654
20
1.0079335039370079
11
1.2553020078740158
21
1.0057719291338583
0
LINE
8
BLACK
6
CONTINUOUS
10
1.2553020078740158
20
1.0057719291338583
11
1.252349251968504
21
1.0049807480314961
0
LINE
8
BLACK
6
CONTINUOUS
10
1.252349251968504
20
1.0049807480314961
11
1.1932941338582677
21
1.0049807480314961
0
LINE
8
BLACK
6
CONTINUOUS
10
1.1932941338582677
20
1.0049807480314961
11
1.1932810236220472
21
1.0049842519685039
0
LINE
8
BLACK
6
CONTINUOUS
10
1.1932810236220472
20
1.0049842519685039
11
1.1932678346456693
21
1.0049807874015748
0
LINE
8
BLACK
6
CONTINUOUS
10
1.1932678346456693
20
1.0049807874015748
11
1.1918020078740157
21
1.0053805511811023
0
LINE
8
BLACK
6
CONTINUOUS
10
1.1918020078740157
20
1.0053805511811023
11
1.1903413779527559
21
1.0057719291338583
0
LINE
8
BLACK
6
CONTINUOUS
10
1.1903413779527559
20
1.0057719291338583
11
1.1903317716535433
21
1.0057814960629921
0
LINE
8
BLACK
6
CONTINUOUS
10
1.1903317716535433
20
1.0057814960629921
11
1.1903186220472441
21
1.0057851181102362
0
LINE
8
BLACK
6
CONTINUOUS
10
1.1903186220472441
20
1.0057851181102362
11
1.1892514566929133
21
1.006861811023622
0
LINE
8
BLACK
6
CONTINUOUS
10
1.1892514566929133
20
1.006861811023622
11
1.1881798031496063
21
1.0079335039370079
0
LINE
8
BLACK
6
CONTINUOUS
10
1.1881798031496063
20
1.0079335039370079
11
1.1881762598425196
21
1.007946653543307
0
LINE
8
BLACK
6
CONTINUOUS
10
1.1881762598425196
20
1.007946653543307
11
1.1881667322834646
21
1.0079562992125983
0
LINE
8
BLACK
6
CONTINUOUS
10
1.1881667322834646
20
1.0079562992125983
11
1.1877811023622047
21
1.0094214566929134
0
LINE
8
BLACK
6
CONTINUOUS
10
1.1877811023622047
20
1.0094214566929134
11
1.187388622047244
21
1.0108862598425197
0
LINE
8
BLACK
6
CONTINUOUS
10
1.187388622047244
20
1.0108862598425197
11
1.1873921259842519
21
1.0108993307086613
0
LINE
8
BLACK
6
CONTINUOUS
10
1.1873921259842519
20
1.0108993307086613
11
1.1873886614173228
21
1.010912559055118
0
LINE
8
BLACK
6
CONTINUOUS
10
1.1873886614173228
20
1.010912559055118
11
1.1877884251968505
21
1.0123783464566929
0
LINE
8
BLACK
6
CONTINUOUS
10
1.1877884251968505
20
1.0123783464566929
11
1.1881798031496063
21
1.0138390157480315
0
LINE
8
BLACK
6
CONTINUOUS
10
1.1881798031496063
20
1.0138390157480315
11
1.18818937007874
21
1.0138485826771653
0
LINE
8
BLACK
6
CONTINUOUS
10
1.18818937007874
20
1.0138485826771653
11
1.1881929921259842
21
1.0138617716535432
0
LINE
8
BLACK
6
CONTINUOUS
10
1.1881929921259842
20
1.0138617716535432
11
1.18926968503937
21
1.0149288976377953
0
LINE
8
BLACK
6
CONTINUOUS
10
1.18926968503937
20
1.0149288976377953
11
1.1903413779527559
21
1.0160005905511811
0
LINE
8
BLACK
6
CONTINUOUS
10
1.1903413779527559
20
1.0160005905511811
11
1.190354527559055
21
1.016004094488189
0
LINE
8
BLACK
6
CONTINUOUS
10
1.190354527559055
20
1.016004094488189
11
1.1903641732283465
21
1.0160136614173227
0
LINE
8
BLACK
6
CONTINUOUS
10
1.1903641732283465
20
1.0160136614173227
11
1.230111653543307
21
1.0387265354330708
0
LINE
8
BLACK
6
CONTINUOUS
10
1.230111653543307
20
1.0387265354330708
11
1.1932941338582677
21
1.0387265354330708
0
LINE
8
BLACK
6
CONTINUOUS
10
1.1932941338582677
20
1.0387265354330708
11
1.1903413779527559
21
1.039517716535433
0
LINE
8
BLACK
6
CONTINUOUS
10
1.1903413779527559
20
1.039517716535433
11
1.1881798031496063
21
1.0416792913385826
0
LINE
8
BLACK
6
CONTINUOUS
10
1.1881798031496063
20
1.0416792913385826
11
1.187388622047244
21
1.0446320472440944
0
LINE
8
BLACK
6
CONTINUOUS
10
1.187388622047244
20
1.0446320472440944
11
1.1881798031496063
21
1.0475848031496062
0
LINE
8
BLACK
6
CONTINUOUS
10
1.1881798031496063
20
1.0475848031496062
11
1.1903413779527559
21
1.0497463779527558
0
LINE
8
BLACK
6
CONTINUOUS
10
1.1903413779527559
20
1.0497463779527558
11
1.1932941338582677
21
1.050537559055118
0
LINE
8
BLACK
6
CONTINUOUS
10
1.1932941338582677
20
1.050537559055118
11
1.252349251968504
21
1.050537559055118
0
LINE
8
BLACK
6
CONTINUOUS
10
1.252349251968504
20
1.050537559055118
11
1.2523623228346457
21
1.0505340157480314
0
LINE
8
BLACK
6
CONTINUOUS
10
0.3652467322834645
20
1.0780086614173228
11
0.3661957874015748
21
1.0779516929133859
0
LINE
8
BLACK
6
CONTINUOUS
10
0.3661957874015748
20
1.0779516929133859
11
0.3746322440944882
21
1.0751395669291339
0
LINE
8
BLACK
6
CONTINUOUS
10
0.3746322440944882
20
1.0751395669291339
11
0.3771832677165354
21
1.0734552362204723
0
LINE
8
BLACK
6
CONTINUOUS
10
0.3771832677165354
20
1.0734552362204723
11
0.3785503937007874
21
1.0707210236220472
0
LINE
8
BLACK
6
CONTINUOUS
10
0.3785503937007874
20
1.0707210236220472
11
0.3783672047244094
21
1.0676696062992126
0
LINE
8
BLACK
6
CONTINUOUS
10
0.3783672047244094
20
1.0676696062992126
11
0.376682874015748
21
1.0651185433070867
0
LINE
8
BLACK
6
CONTINUOUS
10
0.376682874015748
20
1.0651185433070867
11
0.3739486614173228
21
1.0637514566929134
0
LINE
8
BLACK
6
CONTINUOUS
10
0.3739486614173228
20
1.0637514566929134
11
0.3708972440944882
21
1.0639346456692913
0
LINE
8
BLACK
6
CONTINUOUS
10
0.3708972440944882
20
1.0639346456692913
11
0.3633700393700787
21
1.0664437401574802
0
LINE
8
BLACK
6
CONTINUOUS
10
0.3633700393700787
20
1.0664437401574802
11
0.3516616535433071
21
1.0664437401574802
0
LINE
8
BLACK
6
CONTINUOUS
10
0.3516616535433071
20
1.0664437401574802
11
0.3481414173228347
21
1.0646835826771652
0
LINE
8
BLACK
6
CONTINUOUS
10
0.3481414173228347
20
1.0646835826771652
11
0.3466845275590551
21
1.0632266929133858
0
LINE
8
BLACK
6
CONTINUOUS
10
0.3466845275590551
20
1.0632266929133858
11
0.3449244881889764
21
1.0597065748031496
0
LINE
8
BLACK
6
CONTINUOUS
10
0.3449244881889764
20
1.0597065748031496
11
0.3449244881889764
21
1.056870433070866
0
LINE
8
BLACK
6
CONTINUOUS
10
0.3449244881889764
20
1.056870433070866
11
0.3466845669291339
21
1.0533501968503938
0
LINE
8
BLACK
6
CONTINUOUS
10
0.3466845669291339
20
1.0533501968503938
11
0.3481414173228347
21
1.0518933858267716
0
LINE
8
BLACK
6
CONTINUOUS
10
0.3481414173228347
20
1.0518933858267716
11
0.3523288188976378
21
1.04979968503937
0
LINE
8
BLACK
6
CONTINUOUS
10
0.3523288188976378
20
1.04979968503937
11
0.3629484251968504
21
1.0471448031496062
0
LINE
8
BLACK
6
CONTINUOUS
10
0.3629484251968504
20
1.0471448031496062
11
0.3635183858267717
21
1.0468283858267717
0
LINE
8
BLACK
6
CONTINUOUS
10
0.3635183858267717
20
1.0468283858267717
11
0.3641571653543307
21
1.0466976771653542
0
LINE
8
BLACK
6
CONTINUOUS
10
0.3641571653543307
20
1.0466976771653542
11
0.3697814960629921
21
1.0438855118110235
0
LINE
8
BLACK
6
CONTINUOUS
10
0.3697814960629921
20
1.0438855118110235
11
0.370492874015748
21
1.0432546456692913
0
LINE
8
BLACK
6
CONTINUOUS
10
0.370492874015748
20
1.0432546456692913
11
0.3713162992125984
21
1.0427792913385827
0
LINE
8
BLACK
6
CONTINUOUS
10
0.3713162992125984
20
1.0427792913385827
11
0.3741284251968504
21
1.0399671653543308
0
LINE
8
BLACK
6
CONTINUOUS
10
0.3741284251968504
20
1.0399671653543308
11
0.374603779527559
21
1.0391437401574803
0
LINE
8
BLACK
6
CONTINUOUS
10
0.374603779527559
20
1.0391437401574803
11
0.3752346456692913
21
1.0384323622047245
0
LINE
8
BLACK
6
CONTINUOUS
10
0.3752346456692913
20
1.0384323622047245
11
0.378046811023622
21
1.032808031496063
0
LINE
8
BLACK
6
CONTINUOUS
10
0.378046811023622
20
1.032808031496063
11
0.378318937007874
21
1.0314780708661417
0
LINE
8
BLACK
6
CONTINUOUS
10
0.378318937007874
20
1.0314780708661417
11
0.3786702755905512
21
1.0301670078740157
0
LINE
8
BLACK
6
CONTINUOUS
10
0.3786702755905512
20
1.0301670078740157
11
0.3786702755905512
21
1.0245427165354331
0
LINE
8
BLACK
6
CONTINUOUS
10
0.3786702755905512
20
1.0245427165354331
11
0.3783189763779528
21
1.023231653543307
0
LINE
8
BLACK
6
CONTINUOUS
10
0.3783189763779528
20
1.023231653543307
11
0.378046811023622
21
1.021901653543307
0
LINE
8
BLACK
6
CONTINUOUS
10
0.378046811023622
20
1.021901653543307
11
0.3752346456692913
21
1.0162774015748031
0
LINE
8
BLACK
6
CONTINUOUS
10
0.3752346456692913
20
1.0162774015748031
11
0.3746038188976378
21
1.0155660236220472
0
LINE
8
BLACK
6
CONTINUOUS
10
0.3746038188976378
20
1.0155660236220472
11
0.3741284251968504
21
1.0147425984251968
0
LINE
8
BLACK
6
CONTINUOUS
10
0.3741284251968504
20
1.0147425984251968
11
0.3713162992125984
21
1.0119304724409448
0
LINE
8
BLACK
6
CONTINUOUS
10
0.3713162992125984
20
1.0119304724409448
11
0.370492874015748
21
1.0114550787401575
0
LINE
8
BLACK
6
CONTINUOUS
10
0.370492874015748
20
1.0114550787401575
11
0.3697814960629921
21
1.010824251968504
0
LINE
8
BLACK
6
CONTINUOUS
10
0.3697814960629921
20
1.010824251968504
11
0.3641571653543307
21
1.0080120866141733
0
LINE
8
BLACK
6
CONTINUOUS
10
0.3641571653543307
20
1.0080120866141733
11
0.3628272047244094
21
1.0077399212598426
0
LINE
8
BLACK
6
CONTINUOUS
10
0.3628272047244094
20
1.0077399212598426
11
0.3615161417322835
21
1.0073886220472441
0
LINE
8
BLACK
6
CONTINUOUS
10
0.3615161417322835
20
1.0073886220472441
11
0.3474554330708661
21
1.0073886220472441
0
LINE
8
BLACK
6
CONTINUOUS
10
0.3474554330708661
20
1.0073886220472441
11
0.346536968503937
21
1.00763468503937
0
LINE
8
BLACK
6
CONTINUOUS
10
0.346536968503937
20
1.00763468503937
11
0.3455879133858268
21
1.0076916929133859
0
LINE
8
BLACK
6
CONTINUOUS
10
0.3455879133858268
20
1.0076916929133859
11
0.3371514960629921
21
1.0105038582677166
0
LINE
8
BLACK
6
CONTINUOUS
10
0.3371514960629921
20
1.0105038582677166
11
0.3346004330708661
21
1.0121881496062992
0
LINE
8
BLACK
6
CONTINUOUS
10
0.3346004330708661
20
1.0121881496062992
11
0.3332333464566929
21
1.0149223622047243
0
LINE
8
BLACK
6
CONTINUOUS
10
0.3332333464566929
20
1.0149223622047243
11
0.3334165354330709
21
1.017973779527559
0
LINE
8
BLACK
6
CONTINUOUS
10
0.3334165354330709
20
1.017973779527559
11
0.3351008267716535
21
1.0205248425196851
0
LINE
8
BLACK
6
CONTINUOUS
10
0.3351008267716535
20
1.0205248425196851
11
0.3378350393700787
21
1.0218919291338582
0
LINE
8
BLACK
6
CONTINUOUS
10
0.3378350393700787
20
1.0218919291338582
11
0.3408864566929134
21
1.0217087401574803
0
LINE
8
BLACK
6
CONTINUOUS
10
0.3408864566929134
20
1.0217087401574803
11
0.3484138188976378
21
1.0191996456692913
0
LINE
8
BLACK
6
CONTINUOUS
10
0.3484138188976378
20
1.0191996456692913
11
0.3601220472440945
21
1.0191996456692913
0
LINE
8
BLACK
6
CONTINUOUS
10
0.3601220472440945
20
1.0191996456692913
11
0.3636422834645669
21
1.0209597637795276
0
LINE
8
BLACK
6
CONTINUOUS
10
0.3636422834645669
20
1.0209597637795276
11
0.3650991338582677
21
1.0224166141732283
0
LINE
8
BLACK
6
CONTINUOUS
10
0.3650991338582677
20
1.0224166141732283
11
0.3668592519685039
21
1.025936811023622
0
LINE
8
BLACK
6
CONTINUOUS
10
0.3668592519685039
20
1.025936811023622
11
0.3668592519685039
21
1.0287729133858268
0
LINE
8
BLACK
6
CONTINUOUS
10
0.3668592519685039
20
1.0287729133858268
11
0.3650991338582677
21
1.0322931496062993
0
LINE
8
BLACK
6
CONTINUOUS
10
0.3650991338582677
20
1.0322931496062993
11
0.3636422834645669
21
1.0337499999999999
0
LINE
8
BLACK
6
CONTINUOUS
10
0.3636422834645669
20
1.0337499999999999
11
0.3594548818897638
21
1.0358436614173228
0
LINE
8
BLACK
6
CONTINUOUS
10
0.3594548818897638
20
1.0358436614173228
11
0.3488352755905512
21
1.0384985826771653
0
LINE
8
BLACK
6
CONTINUOUS
10
0.3488352755905512
20
1.0384985826771653
11
0.3482653149606299
21
1.0388149606299213
0
LINE
8
BLACK
6
CONTINUOUS
10
0.3482653149606299
20
1.0388149606299213
11
0.3476264960629921
21
1.0389457086614173
0
LINE
8
BLACK
6
CONTINUOUS
10
0.3476264960629921
20
1.0389457086614173
11
0.3420022440944882
21
1.041757874015748
0
LINE
8
BLACK
6
CONTINUOUS
10
0.3420022440944882
20
1.041757874015748
11
0.3412908661417323
21
1.0423886614173228
0
LINE
8
BLACK
6
CONTINUOUS
10
0.3412908661417323
20
1.0423886614173228
11
0.3404674803149606
21
1.0428640551181103
0
LINE
8
BLACK
6
CONTINUOUS
10
0.3404674803149606
20
1.0428640551181103
11
0.3376553149606299
21
1.0456761811023623
0
LINE
8
BLACK
6
CONTINUOUS
10
0.3376553149606299
20
1.0456761811023623
11
0.3371798818897638
21
1.0464996062992127
0
LINE
8
BLACK
6
CONTINUOUS
10
0.3371798818897638
20
1.0464996062992127
11
0.3365490551181102
21
1.0472110236220473
0
LINE
8
BLACK
6
CONTINUOUS
10
0.3365490551181102
20
1.0472110236220473
11
0.3337369291338583
21
1.0528353937007873
0
LINE
8
BLACK
6
CONTINUOUS
10
0.3337369291338583
20
1.0528353937007873
11
0.3334648031496063
21
1.0541651181102363
0
LINE
8
BLACK
6
CONTINUOUS
10
0.3334648031496063
20
1.0541651181102363
11
0.3331134645669291
21
1.0554763779527558
0
LINE
8
BLACK
6
CONTINUOUS
10
0.3331134645669291
20
1.0554763779527558
11
0.3331134645669291
21
1.0611006692913385
0
LINE
8
BLACK
6
CONTINUOUS
10
0.3331134645669291
20
1.0611006692913385
11
0.3334647637795276
21
1.062411811023622
0
LINE
8
BLACK
6
CONTINUOUS
10
0.3334647637795276
20
1.062411811023622
11
0.3337369291338583
21
1.0637416929133858
0
LINE
8
BLACK
6
CONTINUOUS
10
0.3337369291338583
20
1.0637416929133858
11
0.3365490551181102
21
1.0693659842519685
0
LINE
8
BLACK
6
CONTINUOUS
10
0.3365490551181102
20
1.0693659842519685
11
0.3371798818897638
21
1.0700773622047244
0
LINE
8
BLACK
6
CONTINUOUS
10
0.3371798818897638
20
1.0700773622047244
11
0.3376553149606299
21
1.0709008267716535
0
LINE
8
BLACK
6
CONTINUOUS
10
0.3376553149606299
20
1.0709008267716535
11
0.3404674803149606
21
1.0737129527559055
0
LINE
8
BLACK
6
CONTINUOUS
10
0.3404674803149606
20
1.0737129527559055
11
0.3412908661417323
21
1.0741883070866141
0
LINE
8
BLACK
6
CONTINUOUS
10
0.3412908661417323
20
1.0741883070866141
11
0.3420022440944882
21
1.0748191338582678
0
LINE
8
BLACK
6
CONTINUOUS
10
0.3420022440944882
20
1.0748191338582678
11
0.3476264960629921
21
1.0776312992125985
0
LINE
8
BLACK
6
CONTINUOUS
10
0.3476264960629921
20
1.0776312992125985
11
0.3489564960629921
21
1.0779034645669292
0
LINE
8
BLACK
6
CONTINUOUS
10
0.3489564960629921
20
1.0779034645669292
11
0.3502675590551181
21
1.0782547637795274
0
LINE
8
BLACK
6
CONTINUOUS
10
0.3502675590551181
20
1.0782547637795274
11
0.3643283070866142
21
1.0782547637795274
0
LINE
8
BLACK
6
CONTINUOUS
10
0.3643283070866142
20
1.0782547637795274
11
0.3652467322834645
21
1.0780086614173228
0
LINE
8
BLACK
6
CONTINUOUS
10
0.4291483070866142
20
1.0774635826771652
11
0.4313098818897638
21
1.0753020078740156
0
LINE
8
BLACK
6
CONTINUOUS
10
0.4313098818897638
20
1.0753020078740156
11
0.432101062992126
21
1.0723492519685038
0
LINE
8
BLACK
6
CONTINUOUS
10
0.432101062992126
20
1.0723492519685038
11
0.4313098818897638
21
1.069396496062992
0
LINE
8
BLACK
6
CONTINUOUS
10
0.4313098818897638
20
1.069396496062992
11
0.4291483070866142
21
1.0672349212598424
0
LINE
8
BLACK
6
CONTINUOUS
10
0.4291483070866142
20
1.0672349212598424
11
0.4261955511811024
21
1.0664437401574802
0
LINE
8
BLACK
6
CONTINUOUS
10
0.4261955511811024
20
1.0664437401574802
11
0.4039795669291338
21
1.0664437401574802
0
LINE
8
BLACK
6
CONTINUOUS
10
0.4039795669291338
20
1.0664437401574802
11
0.4039795669291338
21
1.0501332677165354
0
LINE
8
BLACK
6
CONTINUOUS
10
0.4039795669291338
20
1.0501332677165354
11
0.417759094488189
21
1.0501332677165354
0
LINE
8
BLACK
6
CONTINUOUS
10
0.417759094488189
20
1.0501332677165354
11
0.4207118503937008
21
1.0493420866141732
0
LINE
8
BLACK
6
CONTINUOUS
10
0.4207118503937008
20
1.0493420866141732
11
0.4228734251968504
21
1.0471805118110236
0
LINE
8
BLACK
6
CONTINUOUS
10
0.4228734251968504
20
1.0471805118110236
11
0.4236646062992126
21
1.0442277559055118
0
LINE
8
BLACK
6
CONTINUOUS
10
0.4236646062992126
20
1.0442277559055118
11
0.4228734251968504
21
1.041275
0
LINE
8
BLACK
6
CONTINUOUS
10
0.4228734251968504
20
1.041275
11
0.4207118503937008
21
1.0391134251968503
0
LINE
8
BLACK
6
CONTINUOUS
10
0.4207118503937008
20
1.0391134251968503
11
0.417759094488189
21
1.0383222440944881
0
LINE
8
BLACK
6
CONTINUOUS
10
0.417759094488189
20
1.0383222440944881
11
0.4039795669291338
21
1.0383222440944881
0
LINE
8
BLACK
6
CONTINUOUS
10
0.4039795669291338
20
1.0383222440944881
11
0.4039795669291338
21
1.0191996456692913
0
LINE
8
BLACK
6
CONTINUOUS
10
0.4039795669291338
20
1.0191996456692913
11
0.4261955511811024
21
1.0191996456692913
0
LINE
8
BLACK
6
CONTINUOUS
10
0.4261955511811024
20
1.0191996456692913
11
0.4291483070866142
21
1.0184084645669291
0
LINE
8
BLACK
6
CONTINUOUS
10
0.4291483070866142
20
1.0184084645669291
11
0.4313098818897638
21
1.0162468897637795
0
LINE
8
BLACK
6
CONTINUOUS
10
0.4313098818897638
20
1.0162468897637795
11
0.432101062992126
21
1.0132941338582677
0
LINE
8
BLACK
6
CONTINUOUS
10
0.432101062992126
20
1.0132941338582677
11
0.4313098818897638
21
1.0103413779527559
0
LINE
8
BLACK
6
CONTINUOUS
10
0.4313098818897638
20
1.0103413779527559
11
0.4291483070866142
21
1.0081798031496063
0
LINE
8
BLACK
6
CONTINUOUS
10
0.4291483070866142
20
1.0081798031496063
11
0.4261955511811024
21
1.0073886220472441
0
LINE
8
BLACK
6
CONTINUOUS
10
0.4261955511811024
20
1.0073886220472441
11
0.3980740551181102
21
1.0073886220472441
0
LINE
8
BLACK
6
CONTINUOUS
10
0.3980740551181102
20
1.0073886220472441
11
0.3951212992125984
21
1.0081798031496063
0
LINE
8
BLACK
6
CONTINUOUS
10
0.3951212992125984
20
1.0081798031496063
11
0.3929597244094488
21
1.0103413779527559
0
LINE
8
BLACK
6
CONTINUOUS
10
0.3929597244094488
20
1.0103413779527559
11
0.3921685433070866
21
1.0132941338582677
0
LINE
8
BLACK
6
CONTINUOUS
10
0.3921685433070866
20
1.0132941338582677
11
0.3921685433070866
21
1.0723492519685038
0
LINE
8
BLACK
6
CONTINUOUS
10
0.3921685433070866
20
1.0723492519685038
11
0.3929597244094488
21
1.0753020078740156
0
LINE
8
BLACK
6
CONTINUOUS
10
0.3929597244094488
20
1.0753020078740156
11
0.3951212992125984
21
1.0774635826771652
0
LINE
8
BLACK
6
CONTINUOUS
10
0.3951212992125984
20
1.0774635826771652
11
0.3980740551181102
21
1.0782547637795274
0
LINE
8
BLACK
6
CONTINUOUS
10
0.3980740551181102
20
1.0782547637795274
11
0.4261955511811024
21
1.0782547637795274
0
LINE
8
BLACK
6
CONTINUOUS
10
0.4261955511811024
20
1.0782547637795274
11
0.4291483070866142
21
1.0774635826771652
0
LINE
8
BLACK
6
CONTINUOUS
10
0.4544576377952756
20
1.0774635826771652
11
0.4566192125984252
21
1.0753020078740156
0
LINE
8
BLACK
6
CONTINUOUS
10
0.4566192125984252
20
1.0753020078740156
11
0.4574103937007874
21
1.0723492519685038
0
LINE
8
BLACK
6
CONTINUOUS
10
0.4574103937007874
20
1.0723492519685038
11
0.4574103937007874
21
1.0191996456692913
0
LINE
8
BLACK
6
CONTINUOUS
10
0.4574103937007874
20
1.0191996456692913
11
0.4796263779527559
21
1.0191996456692913
0
LINE
8
BLACK
6
CONTINUOUS
10
0.4796263779527559
20
1.0191996456692913
11
0.4825791338582677
21
1.0184084645669291
0
LINE
8
BLACK
6
CONTINUOUS
10
0.4825791338582677
20
1.0184084645669291
11
0.4847407086614173
21
1.0162468897637795
0
LINE
8
BLACK
6
CONTINUOUS
10
0.4847407086614173
20
1.0162468897637795
11
0.4855318897637795
21
1.0132941338582677
0
LINE
8
BLACK
6
CONTINUOUS
10
0.4855318897637795
20
1.0132941338582677
11
0.4847407086614173
21
1.0103413779527559
0
LINE
8
BLACK
6
CONTINUOUS
10
0.4847407086614173
20
1.0103413779527559
11
0.4825791338582677
21
1.0081798031496063
0
LINE
8
BLACK
6
CONTINUOUS
10
0.4825791338582677
20
1.0081798031496063
11
0.4796263779527559
21
1.0073886220472441
0
LINE
8
BLACK
6
CONTINUOUS
10
0.4796263779527559
20
1.0073886220472441
11
0.4515048818897638
21
1.0073886220472441
0
LINE
8
BLACK
6
CONTINUOUS
10
0.4515048818897638
20
1.0073886220472441
11
0.448552125984252
21
1.0081798031496063
0
LINE
8
BLACK
6
CONTINUOUS
10
0.448552125984252
20
1.0081798031496063
11
0.4463905511811024
21
1.0103413779527559
0
LINE
8
BLACK
6
CONTINUOUS
10
0.4463905511811024
20
1.0103413779527559
11
0.4455993700787401
21
1.0132941338582677
0
LINE
8
BLACK
6
CONTINUOUS
10
0.4455993700787401
20
1.0132941338582677
11
0.4455993700787401
21
1.0723492519685038
0
LINE
8
BLACK
6
CONTINUOUS
10
0.4455993700787401
20
1.0723492519685038
11
0.4463905511811024
21
1.0753020078740156
0
LINE
8
BLACK
6
CONTINUOUS
10
0.4463905511811024
20
1.0753020078740156
11
0.448552125984252
21
1.0774635826771652
0
LINE
8
BLACK
6
CONTINUOUS
10
0.448552125984252
20
1.0774635826771652
11
0.4515048818897638
21
1.0782547637795274
0
LINE
8
BLACK
6
CONTINUOUS
10
0.4515048818897638
20
1.0782547637795274
11
0.4544576377952756
21
1.0774635826771652
0
LINE
8
BLACK
6
CONTINUOUS
10
1.5753020078740156
20
1.0616722440944881
11
1.5774635826771652
21
1.0595106692913385
0
LINE
8
BLACK
6
CONTINUOUS
10
1.5774635826771652
20
1.0595106692913385
11
1.5782547637795274
21
1.0565579133858267
0
LINE
8
BLACK
6
CONTINUOUS
10
1.5782547637795274
20
1.0565579133858267
11
1.5774635826771652
21
1.0536051574803149
0
LINE
8
BLACK
6
CONTINUOUS
10
1.5774635826771652
20
1.0536051574803149
11
1.5753020078740156
21
1.0514435826771653
0
LINE
8
BLACK
6
CONTINUOUS
10
1.5753020078740156
20
1.0514435826771653
11
1.5723492519685038
21
1.0506524015748031
0
LINE
8
BLACK
6
CONTINUOUS
10
1.5723492519685038
20
1.0506524015748031
11
1.525936811023622
21
1.0506524015748031
0
LINE
8
BLACK
6
CONTINUOUS
10
1.525936811023622
20
1.0506524015748031
11
1.5224166141732283
21
1.0488922834645669
0
LINE
8
BLACK
6
CONTINUOUS
10
1.5224166141732283
20
1.0488922834645669
11
1.5209597637795276
21
1.0474354330708662
0
LINE
8
BLACK
6
CONTINUOUS
10
1.5209597637795276
20
1.0474354330708662
11
1.5191996456692913
21
1.0439151968503937
0
LINE
8
BLACK
6
CONTINUOUS
10
1.5191996456692913
20
1.0439151968503937
11
1.5191996456692913
21
1.0354548031496063
0
LINE
8
BLACK
6
CONTINUOUS
10
1.5191996456692913
20
1.0354548031496063
11
1.5209597637795276
21
1.031934527559055
0
LINE
8
BLACK
6
CONTINUOUS
10
1.5209597637795276
20
1.031934527559055
11
1.5224166141732283
21
1.0304776771653543
0
LINE
8
BLACK
6
CONTINUOUS
10
1.5224166141732283
20
1.0304776771653543
11
1.525936811023622
21
1.0287176377952756
0
LINE
8
BLACK
6
CONTINUOUS
10
1.525936811023622
20
1.0287176377952756
11
1.5723492519685038
21
1.0287176377952756
0
LINE
8
BLACK
6
CONTINUOUS
10
1.5723492519685038
20
1.0287176377952756
11
1.5753020078740156
21
1.0279264566929134
0
LINE
8
BLACK
6
CONTINUOUS
10
1.5753020078740156
20
1.0279264566929134
11
1.5774635826771652
21
1.0257648818897638
0
LINE
8
BLACK
6
CONTINUOUS
10
1.5774635826771652
20
1.0257648818897638
11
1.5782547637795274
21
1.022812125984252
0
LINE
8
BLACK
6
CONTINUOUS
10
1.5782547637795274
20
1.022812125984252
11
1.5774635826771652
21
1.0198593700787402
0
LINE
8
BLACK
6
CONTINUOUS
10
1.5774635826771652
20
1.0198593700787402
11
1.5753020078740156
21
1.0176977952755906
0
LINE
8
BLACK
6
CONTINUOUS
10
1.5753020078740156
20
1.0176977952755906
11
1.5723492519685038
21
1.0169066141732284
0
LINE
8
BLACK
6
CONTINUOUS
10
1.5723492519685038
20
1.0169066141732284
11
1.5245427165354331
21
1.0169066141732284
0
LINE
8
BLACK
6
CONTINUOUS
10
1.5245427165354331
20
1.0169066141732284
11
1.5232314566929133
21
1.0172579527559056
0
LINE
8
BLACK
6
CONTINUOUS
10
1.5232314566929133
20
1.0172579527559056
11
1.5219017322834645
21
1.0175300787401576
0
LINE
8
BLACK
6
CONTINUOUS
10
1.5219017322834645
20
1.0175300787401576
11
1.5162774015748031
21
1.0203422047244095
0
LINE
8
BLACK
6
CONTINUOUS
10
1.5162774015748031
20
1.0203422047244095
11
1.5155659842519684
21
1.020973031496063
0
LINE
8
BLACK
6
CONTINUOUS
10
1.5155659842519684
20
1.020973031496063
11
1.514742559055118
21
1.0214484645669291
0
LINE
8
BLACK
6
CONTINUOUS
10
1.514742559055118
20
1.0214484645669291
11
1.5119304330708661
21
1.0242606299212598
0
LINE
8
BLACK
6
CONTINUOUS
10
1.5119304330708661
20
1.0242606299212598
11
1.5114550393700787
21
1.0250840157480314
0
LINE
8
BLACK
6
CONTINUOUS
10
1.5114550393700787
20
1.0250840157480314
11
1.510824251968504
21
1.0257953937007873
0
LINE
8
BLACK
6
CONTINUOUS
10
1.510824251968504
20
1.0257953937007873
11
1.5080120866141733
21
1.03141968503937
0
LINE
8
BLACK
6
CONTINUOUS
10
1.5080120866141733
20
1.03141968503937
11
1.5077399212598426
21
1.0327496062992125
0
LINE
8
BLACK
6
CONTINUOUS
10
1.5077399212598426
20
1.0327496062992125
11
1.5073886220472441
21
1.0340607086614173
0
LINE
8
BLACK
6
CONTINUOUS
10
1.5073886220472441
20
1.0340607086614173
11
1.5073886220472441
21
1.0453092913385826
0
LINE
8
BLACK
6
CONTINUOUS
10
1.5073886220472441
20
1.0453092913385826
11
1.5077399212598426
21
1.0466203543307087
0
LINE
8
BLACK
6
CONTINUOUS
10
1.5077399212598426
20
1.0466203543307087
11
1.5080120866141733
21
1.04795031496063
0
LINE
8
BLACK
6
CONTINUOUS
10
1.5080120866141733
20
1.04795031496063
11
1.510824251968504
21
1.0535746456692914
0
LINE
8
BLACK
6
CONTINUOUS
10
1.510824251968504
20
1.0535746456692914
11
1.5114550787401575
21
1.0542860236220473
0
LINE
8
BLACK
6
CONTINUOUS
10
1.5114550787401575
20
1.0542860236220473
11
1.5119304724409448
21
1.0551094488188977
0
LINE
8
BLACK
6
CONTINUOUS
10
1.5119304724409448
20
1.0551094488188977
11
1.5147425984251968
21
1.0579215748031496
0
LINE
8
BLACK
6
CONTINUOUS
10
1.5147425984251968
20
1.0579215748031496
11
1.5155660236220472
21
1.0583969685039369
0
LINE
8
BLACK
6
CONTINUOUS
10
1.5155660236220472
20
1.0583969685039369
11
1.5162774015748031
21
1.0590277952755904
0
LINE
8
BLACK
6
CONTINUOUS
10
1.5162774015748031
20
1.0590277952755904
11
1.521901653543307
21
1.0618399606299211
0
LINE
8
BLACK
6
CONTINUOUS
10
1.521901653543307
20
1.0618399606299211
11
1.523231653543307
21
1.0621121259842519
0
LINE
8
BLACK
6
CONTINUOUS
10
1.523231653543307
20
1.0621121259842519
11
1.5245427165354331
21
1.0624634251968503
0
LINE
8
BLACK
6
CONTINUOUS
10
1.5245427165354331
20
1.0624634251968503
11
1.5723492519685038
21
1.0624634251968503
0
LINE
8
BLACK
6
CONTINUOUS
10
1.5723492519685038
20
1.0624634251968503
11
1.5753020078740156
21
1.0616722440944881
0
LINE
8
BLACK
6
CONTINUOUS
10
0.8686004330708661
20
1.1014461811023621
11
0.8693289370078739
21
1.1014584645669292
0
LINE
8
BLACK
6
CONTINUOUS
10
0.8693289370078739
20
1.1014584645669292
11
0.8820773622047244
21
1.098271377952756
0
LINE
8
BLACK
6
CONTINUOUS
10
0.8820773622047244
20
1.098271377952756
11
0.8826473228346456
21
1.0979549606299213
0
LINE
8
BLACK
6
CONTINUOUS
10
0.8826473228346456
20
1.0979549606299213
11
0.883286062992126
21
1.097824251968504
0
LINE
8
BLACK
6
CONTINUOUS
10
0.883286062992126
20
1.097824251968504
11
0.8896603149606299
21
1.094637125984252
0
LINE
8
BLACK
6
CONTINUOUS
10
0.8896603149606299
20
1.094637125984252
11
0.8903717322834646
21
1.094006220472441
0
LINE
8
BLACK
6
CONTINUOUS
10
0.8903717322834646
20
1.094006220472441
11
0.8911950787401575
21
1.093530905511811
0
LINE
8
BLACK
6
CONTINUOUS
10
0.8911950787401575
20
1.093530905511811
11
0.8975692913385827
21
1.0871566929133858
0
LINE
8
BLACK
6
CONTINUOUS
10
0.8975692913385827
20
1.0871566929133858
11
0.8982479133858268
21
1.0859812204724408
0
LINE
8
BLACK
6
CONTINUOUS
10
0.8982479133858268
20
1.0859812204724408
11
0.8989959448818897
21
1.0848483464566929
0
LINE
8
BLACK
6
CONTINUOUS
10
0.8989959448818897
20
1.0848483464566929
11
0.9021830314960629
21
1.0752870472440945
0
LINE
8
BLACK
6
CONTINUOUS
10
0.9021830314960629
20
1.0752870472440945
11
0.9022399606299213
21
1.0743378740157481
0
LINE
8
BLACK
6
CONTINUOUS
10
0.9022399606299213
20
1.0743378740157481
11
0.902486062992126
21
1.0734195669291338
0
LINE
8
BLACK
6
CONTINUOUS
10
0.902486062992126
20
1.0734195669291338
11
0.902486062992126
21
1.0638582677165354
0
LINE
8
BLACK
6
CONTINUOUS
10
0.902486062992126
20
1.0638582677165354
11
0.9021347244094488
21
1.0625470866141733
0
LINE
8
BLACK
6
CONTINUOUS
10
0.9021347244094488
20
1.0625470866141733
11
0.9018625984251968
21
1.0612172440944883
0
LINE
8
BLACK
6
CONTINUOUS
10
0.9018625984251968
20
1.0612172440944883
11
0.8986755118110236
21
1.0548430314960631
0
LINE
8
BLACK
6
CONTINUOUS
10
0.8986755118110236
20
1.0548430314960631
11
0.8966473622047244
21
1.0525558267716535
0
LINE
8
BLACK
6
CONTINUOUS
10
0.8966473622047244
20
1.0525558267716535
11
0.8937473228346456
21
1.0515891338582677
0
LINE
8
BLACK
6
CONTINUOUS
10
0.8937473228346456
20
1.0515891338582677
11
0.8907524409448818
21
1.0522020078740157
0
LINE
8
BLACK
6
CONTINUOUS
10
0.8907524409448818
20
1.0522020078740157
11
0.8884652362204725
21
1.054230157480315
0
LINE
8
BLACK
6
CONTINUOUS
10
0.8884652362204725
20
1.054230157480315
11
0.8874985433070866
21
1.0571301968503937
0
LINE
8
BLACK
6
CONTINUOUS
10
0.8874985433070866
20
1.0571301968503937
11
0.8881114173228346
21
1.0601250787401575
0
LINE
8
BLACK
6
CONTINUOUS
10
0.8881114173228346
20
1.0601250787401575
11
0.8906750393700787
21
1.0652523228346455
0
LINE
8
BLACK
6
CONTINUOUS
10
0.8906750393700787
20
1.0652523228346455
11
0.8906750393700787
21
1.0724612598425196
0
LINE
8
BLACK
6
CONTINUOUS
10
0.8906750393700787
20
1.0724612598425196
11
0.888231811023622
21
1.0797908267716536
0
LINE
8
BLACK
6
CONTINUOUS
10
0.888231811023622
20
1.0797908267716536
11
0.8835210236220472
21
1.0845016141732282
0
LINE
8
BLACK
6
CONTINUOUS
10
0.8835210236220472
20
1.0845016141732282
11
0.8785837401574803
21
1.0869702755905513
0
LINE
8
BLACK
6
CONTINUOUS
10
0.8785837401574803
20
1.0869702755905513
11
0.8671697244094488
21
1.0898237795275589
0
LINE
8
BLACK
6
CONTINUOUS
10
0.8671697244094488
20
1.0898237795275589
11
0.8590623228346457
21
1.0898237795275589
0
LINE
8
BLACK
6
CONTINUOUS
10
0.8590623228346457
20
1.0898237795275589
11
0.8476482283464567
21
1.0869702755905513
0
LINE
8
BLACK
6
CONTINUOUS
10
0.8476482283464567
20
1.0869702755905513
11
0.842710905511811
21
1.0845016141732282
0
LINE
8
BLACK
6
CONTINUOUS
10
0.842710905511811
20
1.0845016141732282
11
0.8380001181102362
21
1.0797907874015749
0
LINE
8
BLACK
6
CONTINUOUS
10
0.8380001181102362
20
1.0797907874015749
11
0.8355569291338583
21
1.0724612204724409
0
LINE
8
BLACK
6
CONTINUOUS
10
0.8355569291338583
20
1.0724612204724409
11
0.8355569291338583
21
1.0680036614173227
0
LINE
8
BLACK
6
CONTINUOUS
10
0.8355569291338583
20
1.0680036614173227
11
0.8380000787401575
21
1.0606741338582677
0
LINE
8
BLACK
6
CONTINUOUS
10
0.8380000787401575
20
1.0606741338582677
11
0.8384717716535433
21
1.0602024803149606
0
LINE
8
BLACK
6
CONTINUOUS
10
0.8384717716535433
20
1.0602024803149606
11
0.852429842519685
21
1.0602024803149606
0
LINE
8
BLACK
6
CONTINUOUS
10
0.852429842519685
20
1.0602024803149606
11
0.852429842519685
21
1.0670453937007873
0
LINE
8
BLACK
6
CONTINUOUS
10
0.852429842519685
20
1.0670453937007873
11
0.8532210236220472
21
1.0699981496062991
0
LINE
8
BLACK
6
CONTINUOUS
10
0.8532210236220472
20
1.0699981496062991
11
0.8553825984251968
21
1.0721597244094487
0
LINE
8
BLACK
6
CONTINUOUS
10
0.8553825984251968
20
1.0721597244094487
11
0.8583353543307086
21
1.0729509055118109
0
LINE
8
BLACK
6
CONTINUOUS
10
0.8583353543307086
20
1.0729509055118109
11
0.8612881102362204
21
1.0721597244094487
0
LINE
8
BLACK
6
CONTINUOUS
10
0.8612881102362204
20
1.0721597244094487
11
0.86344968503937
21
1.0699981496062991
0
LINE
8
BLACK
6
CONTINUOUS
10
0.86344968503937
20
1.0699981496062991
11
0.8642408661417322
21
1.0670453937007873
0
LINE
8
BLACK
6
CONTINUOUS
10
0.8642408661417322
20
1.0670453937007873
11
0.8642408661417322
21
1.0542969685039369
0
LINE
8
BLACK
6
CONTINUOUS
10
0.8642408661417322
20
1.0542969685039369
11
0.86344968503937
21
1.0513442125984251
0
LINE
8
BLACK
6
CONTINUOUS
10
0.86344968503937
20
1.0513442125984251
11
0.8612881102362204
21
1.0491826377952755
0
LINE
8
BLACK
6
CONTINUOUS
10
0.8612881102362204
20
1.0491826377952755
11
0.8583353543307086
21
1.0483914566929133
0
LINE
8
BLACK
6
CONTINUOUS
10
0.8583353543307086
20
1.0483914566929133
11
0.8360256299212598
21
1.0483914566929133
0
LINE
8
BLACK
6
CONTINUOUS
10
0.8360256299212598
20
1.0483914566929133
11
0.8352746456692913
21
1.0485926771653542
0
LINE
8
BLACK
6
CONTINUOUS
10
0.8352746456692913
20
1.0485926771653542
11
0.8344971653543307
21
1.0485926771653542
0
LINE
8
BLACK
6
CONTINUOUS
10
0.8344971653543307
20
1.0485926771653542
11
0.8338238188976378
21
1.0489813779527559
0
LINE
8
BLACK
6
CONTINUOUS
10
0.8338238188976378
20
1.0489813779527559
11
0.833072874015748
21
1.0491826377952755
0
LINE
8
BLACK
6
CONTINUOUS
10
0.833072874015748
20
1.0491826377952755
11
0.8325230708661417
21
1.0497324015748031
0
LINE
8
BLACK
6
CONTINUOUS
10
0.8325230708661417
20
1.0497324015748031
11
0.8318498031496063
21
1.0501211417322835
0
LINE
8
BLACK
6
CONTINUOUS
10
0.8318498031496063
20
1.0501211417322835
11
0.828662716535433
21
1.0533082283464568
0
LINE
8
BLACK
6
CONTINUOUS
10
0.828662716535433
20
1.0533082283464568
11
0.8279839763779527
21
1.054483779527559
0
LINE
8
BLACK
6
CONTINUOUS
10
0.8279839763779527
20
1.054483779527559
11
0.8272361023622047
21
1.0556165748031496
0
LINE
8
BLACK
6
CONTINUOUS
10
0.8272361023622047
20
1.0556165748031496
11
0.8240489763779527
21
1.0651779133858268
0
LINE
8
BLACK
6
CONTINUOUS
10
0.8240489763779527
20
1.0651779133858268
11
0.823991968503937
21
1.0661269291338582
0
LINE
8
BLACK
6
CONTINUOUS
10
0.823991968503937
20
1.0661269291338582
11
0.823745905511811
21
1.0670453937007873
0
LINE
8
BLACK
6
CONTINUOUS
10
0.823745905511811
20
1.0670453937007873
11
0.823745905511811
21
1.0734195669291338
0
LINE
8
BLACK
6
CONTINUOUS
10
0.823745905511811
20
1.0734195669291338
11
0.823991968503937
21
1.0743379921259841
0
LINE
8
BLACK
6
CONTINUOUS
10
0.823991968503937
20
1.0743379921259841
11
0.8240489763779527
21
1.0752870866141733
0
LINE
8
BLACK
6
CONTINUOUS
10
0.8240489763779527
20
1.0752870866141733
11
0.8272361023622047
21
1.0848483858267717
0
LINE
8
BLACK
6
CONTINUOUS
10
0.8272361023622047
20
1.0848483858267717
11
0.827983937007874
21
1.085981062992126
0
LINE
8
BLACK
6
CONTINUOUS
10
0.827983937007874
20
1.085981062992126
11
0.828662716535433
21
1.0871566929133858
0
LINE
8
BLACK
6
CONTINUOUS
10
0.828662716535433
20
1.0871566929133858
11
0.8350368897637795
21
1.093530905511811
0
LINE
8
BLACK
6
CONTINUOUS
10
0.8350368897637795
20
1.093530905511811
11
0.83586031496063
21
1.0940062992125985
0
LINE
8
BLACK
6
CONTINUOUS
10
0.83586031496063
20
1.0940062992125985
11
0.8365716929133858
21
1.094637125984252
0
LINE
8
BLACK
6
CONTINUOUS
10
0.8365716929133858
20
1.094637125984252
11
0.842945905511811
21
1.097824251968504
0
LINE
8
BLACK
6
CONTINUOUS
10
0.842945905511811
20
1.097824251968504
11
0.8435846456692914
21
1.0979549606299213
0
LINE
8
BLACK
6
CONTINUOUS
10
0.8435846456692914
20
1.0979549606299213
11
0.8441546456692913
21
1.098271377952756
0
LINE
8
BLACK
6
CONTINUOUS
10
0.8441546456692913
20
1.098271377952756
11
0.8569030708661417
21
1.1014585039370079
0
LINE
8
BLACK
6
CONTINUOUS
10
0.8569030708661417
20
1.1014585039370079
11
0.8576316141732283
21
1.1014462204724409
0
LINE
8
BLACK
6
CONTINUOUS
10
0.8576316141732283
20
1.1014462204724409
11
0.8583353543307086
21
1.1016348031496064
0
LINE
8
BLACK
6
CONTINUOUS
10
0.8583353543307086
20
1.1016348031496064
11
0.867896653543307
21
1.1016348031496064
0
LINE
8
BLACK
6
CONTINUOUS
10
0.867896653543307
20
1.1016348031496064
11
0.8686004330708661
21
1.1014461811023621
0
LINE
8
BLACK
6
CONTINUOUS
10
1.1562674015748031
20
1.1052935039370078
11
1.1579517322834645
21
1.1027424409448818
0
LINE
8
BLACK
6
CONTINUOUS
10
1.1579517322834645
20
1.1027424409448818
11
1.1581348818897637
21
1.0996910236220472
0
LINE
8
BLACK
6
CONTINUOUS
10
1.1581348818897637
20
1.0996910236220472
11
1.1567677952755906
21
1.0969568110236221
0
LINE
8
BLACK
6
CONTINUOUS
10
1.1567677952755906
20
1.0969568110236221
11
1.1542167322834644
21
1.0952725196850392
0
LINE
8
BLACK
6
CONTINUOUS
10
1.1542167322834644
20
1.0952725196850392
11
1.111968937007874
21
1.0811899212598426
0
LINE
8
BLACK
6
CONTINUOUS
10
1.111968937007874
20
1.0811899212598426
11
1.1542167322834644
21
1.0671073228346457
0
LINE
8
BLACK
6
CONTINUOUS
10
1.1542167322834644
20
1.0671073228346457
11
1.1567677952755906
21
1.0654230314960629
0
LINE
8
BLACK
6
CONTINUOUS
10
1.1567677952755906
20
1.0654230314960629
11
1.1581348818897637
21
1.0626888188976378
0
LINE
8
BLACK
6
CONTINUOUS
10
1.1581348818897637
20
1.0626888188976378
11
1.1579517322834645
21
1.0596374015748031
0
LINE
8
BLACK
6
CONTINUOUS
10
1.1579517322834645
20
1.0596374015748031
11
1.1562674015748031
21
1.0570863385826772
0
LINE
8
BLACK
6
CONTINUOUS
10
1.1562674015748031
20
1.0570863385826772
11
1.153533188976378
21
1.0557192519685039
0
LINE
8
BLACK
6
CONTINUOUS
10
1.153533188976378
20
1.0557192519685039
11
1.1504817716535434
21
1.0559024015748031
0
LINE
8
BLACK
6
CONTINUOUS
10
1.1504817716535434
20
1.0559024015748031
11
1.091426653543307
21
1.0755874803149605
0
LINE
8
BLACK
6
CONTINUOUS
10
1.091426653543307
20
1.0755874803149605
11
1.0904369291338583
21
1.076240905511811
0
LINE
8
BLACK
6
CONTINUOUS
10
1.0904369291338583
20
1.076240905511811
11
1.0893759842519686
21
1.0767714173228347
0
LINE
8
BLACK
6
CONTINUOUS
10
1.0893759842519686
20
1.0767714173228347
11
1.089176968503937
21
1.0770727559055118
0
LINE
8
BLACK
6
CONTINUOUS
10
1.089176968503937
20
1.0770727559055118
11
1.0888756299212599
21
1.0772717716535434
0
LINE
8
BLACK
6
CONTINUOUS
10
1.0888756299212599
20
1.0772717716535434
11
1.0883451181102362
21
1.0783327165354331
0
LINE
8
BLACK
6
CONTINUOUS
10
1.0883451181102362
20
1.0783327165354331
11
1.0876916929133857
21
1.0793224409448818
0
LINE
8
BLACK
6
CONTINUOUS
10
1.0876916929133857
20
1.0793224409448818
11
1.0876700393700787
21
1.079682874015748
0
LINE
8
BLACK
6
CONTINUOUS
10
1.0876700393700787
20
1.079682874015748
11
1.0875085039370078
21
1.0800059842519685
0
LINE
8
BLACK
6
CONTINUOUS
10
1.0875085039370078
20
1.0800059842519685
11
1.0875795669291339
21
1.0811899212598426
0
LINE
8
BLACK
6
CONTINUOUS
10
1.0875795669291339
20
1.0811899212598426
11
1.0875085039370078
21
1.0823738582677165
0
LINE
8
BLACK
6
CONTINUOUS
10
1.0875085039370078
20
1.0823738582677165
11
1.0876700393700787
21
1.0826969291338582
0
LINE
8
BLACK
6
CONTINUOUS
10
1.0876700393700787
20
1.0826969291338582
11
1.0876916929133857
21
1.0830574015748031
0
LINE
8
BLACK
6
CONTINUOUS
10
1.0876916929133857
20
1.0830574015748031
11
1.0883451181102362
21
1.0840470866141731
0
LINE
8
BLACK
6
CONTINUOUS
10
1.0883451181102362
20
1.0840470866141731
11
1.0888756299212599
21
1.0851080708661418
0
LINE
8
BLACK
6
CONTINUOUS
10
1.0888756299212599
20
1.0851080708661418
11
1.089176968503937
21
1.0853070472440944
0
LINE
8
BLACK
6
CONTINUOUS
10
1.089176968503937
20
1.0853070472440944
11
1.0893759842519686
21
1.0856084251968503
0
LINE
8
BLACK
6
CONTINUOUS
10
1.0893759842519686
20
1.0856084251968503
11
1.0904369291338583
21
1.0861388976377953
0
LINE
8
BLACK
6
CONTINUOUS
10
1.0904369291338583
20
1.0861388976377953
11
1.091426653543307
21
1.0867923622047244
0
LINE
8
BLACK
6
CONTINUOUS
10
1.091426653543307
20
1.0867923622047244
11
1.1504817716535434
21
1.1064774409448819
0
LINE
8
BLACK
6
CONTINUOUS
10
1.1504817716535434
20
1.1064774409448819
11
1.153533188976378
21
1.106660590551181
0
LINE
8
BLACK
6
CONTINUOUS
10
1.153533188976378
20
1.106660590551181
11
1.1562674015748031
21
1.1052935039370078
0
LINE
8
BLACK
6
CONTINUOUS
10
1.2277437401574802
20
1.1122161811023621
11
1.2284722047244094
21
1.1122284645669291
0
LINE
8
BLACK
6
CONTINUOUS
10
1.2284722047244094
20
1.1122284645669291
11
1.2397207874015748
21
1.1094163385826772
0
LINE
8
BLACK
6
CONTINUOUS
10
1.2397207874015748
20
1.1094163385826772
11
1.240290748031496
21
1.1090999212598425
0
LINE
8
BLACK
6
CONTINUOUS
10
1.240290748031496
20
1.1090999212598425
11
1.2409295275590551
21
1.1089692125984252
0
LINE
8
BLACK
6
CONTINUOUS
10
1.2409295275590551
20
1.1089692125984252
11
1.2465538188976377
21
1.1061570472440945
0
LINE
8
BLACK
6
CONTINUOUS
10
1.2465538188976377
20
1.1061570472440945
11
1.2472651574803149
21
1.105526220472441
0
LINE
8
BLACK
6
CONTINUOUS
10
1.2472651574803149
20
1.105526220472441
11
1.248088622047244
21
1.1050508267716534
0
LINE
8
BLACK
6
CONTINUOUS
10
1.248088622047244
20
1.1050508267716534
11
1.2537129133858267
21
1.0994265354330708
0
LINE
8
BLACK
6
CONTINUOUS
10
1.2537129133858267
20
1.0994265354330708
11
1.2543916141732283
21
1.0982509448818898
0
LINE
8
BLACK
6
CONTINUOUS
10
1.2543916141732283
20
1.0982509448818898
11
1.2551395275590551
21
1.0971181889763779
0
LINE
8
BLACK
6
CONTINUOUS
10
1.2551395275590551
20
1.0971181889763779
11
1.2579516929133858
21
1.0886817716535433
0
LINE
8
BLACK
6
CONTINUOUS
10
1.2579516929133858
20
1.0886817716535433
11
1.2580086614173227
21
1.0877326771653544
0
LINE
8
BLACK
6
CONTINUOUS
10
1.2580086614173227
20
1.0877326771653544
11
1.2582547637795276
21
1.086814251968504
0
LINE
8
BLACK
6
CONTINUOUS
10
1.2582547637795276
20
1.086814251968504
11
1.2582547637795276
21
1.0783778346456692
0
LINE
8
BLACK
6
CONTINUOUS
10
1.2582547637795276
20
1.0783778346456692
11
1.2579034251968504
21
1.0770667322834646
0
LINE
8
BLACK
6
CONTINUOUS
10
1.2579034251968504
20
1.0770667322834646
11
1.2576312992125984
21
1.0757368110236221
0
LINE
8
BLACK
6
CONTINUOUS
10
1.2576312992125984
20
1.0757368110236221
11
1.2548191338582677
21
1.0701124803149606
0
LINE
8
BLACK
6
CONTINUOUS
10
1.2548191338582677
20
1.0701124803149606
11
1.2527909842519684
21
1.0678252755905511
0
LINE
8
BLACK
6
CONTINUOUS
10
1.2527909842519684
20
1.0678252755905511
11
1.249890905511811
21
1.0668585826771653
0
LINE
8
BLACK
6
CONTINUOUS
10
1.249890905511811
20
1.0668585826771653
11
1.246896062992126
21
1.0674714566929133
0
LINE
8
BLACK
6
CONTINUOUS
10
1.246896062992126
20
1.0674714566929133
11
1.2446088582677166
21
1.0694996062992126
0
LINE
8
BLACK
6
CONTINUOUS
10
1.2446088582677166
20
1.0694996062992126
11
1.2436421653543306
21
1.07239968503937
0
LINE
8
BLACK
6
CONTINUOUS
10
1.2436421653543306
20
1.07239968503937
11
1.2442550393700786
21
1.0753945275590551
0
LINE
8
BLACK
6
CONTINUOUS
10
1.2442550393700786
20
1.0753945275590551
11
1.2464437401574804
21
1.0797719291338583
0
LINE
8
BLACK
6
CONTINUOUS
10
1.2464437401574804
20
1.0797719291338583
11
1.2464437401574804
21
1.0858558661417324
0
LINE
8
BLACK
6
CONTINUOUS
10
1.2464437401574804
20
1.0858558661417324
11
1.2443754724409448
21
1.0920606299212599
0
LINE
8
BLACK
6
CONTINUOUS
10
1.2443754724409448
20
1.0920606299212599
11
1.2404146062992125
21
1.0960214960629922
0
LINE
8
BLACK
6
CONTINUOUS
10
1.2404146062992125
20
1.0960214960629922
11
1.2362272047244094
21
1.0981152362204725
0
LINE
8
BLACK
6
CONTINUOUS
10
1.2362272047244094
20
1.0981152362204725
11
1.2263129921259843
21
1.1005937795275591
0
LINE
8
BLACK
6
CONTINUOUS
10
1.2263129921259843
20
1.1005937795275591
11
1.2193303937007873
21
1.1005937795275591
0
LINE
8
BLACK
6
CONTINUOUS
10
1.2193303937007873
20
1.1005937795275591
11
1.2094161417322835
21
1.0981151968503937
0
LINE
8
BLACK
6
CONTINUOUS
10
1.2094161417322835
20
1.0981151968503937
11
1.2052287795275591
21
1.0960215354330709
0
LINE
8
BLACK
6
CONTINUOUS
10
1.2052287795275591
20
1.0960215354330709
11
1.2012678740157481
21
1.0920606299212599
0
LINE
8
BLACK
6
CONTINUOUS
10
1.2012678740157481
20
1.0920606299212599
11
1.1991996456692913
21
1.0858559448818896
0
LINE
8
BLACK
6
CONTINUOUS
10
1.1991996456692913
20
1.0858559448818896
11
1.1991996456692913
21
1.0821482283464567
0
LINE
8
BLACK
6
CONTINUOUS
10
1.1991996456692913
20
1.0821482283464567
11
1.2012678740157481
21
1.0759435433070865
0
LINE
8
BLACK
6
CONTINUOUS
10
1.2012678740157481
20
1.0759435433070865
11
1.2013645669291337
21
1.0758468897637794
0
LINE
8
BLACK
6
CONTINUOUS
10
1.2013645669291337
20
1.0758468897637794
11
1.2126979527559054
21
1.0758468897637794
0
LINE
8
BLACK
6
CONTINUOUS
10
1.2126979527559054
20
1.0758468897637794
11
1.2126979527559054
21
1.0811899606299213
0
LINE
8
BLACK
6
CONTINUOUS
10
1.2126979527559054
20
1.0811899606299213
11
1.2134891338582676
21
1.0841427165354331
0
LINE
8
BLACK
6
CONTINUOUS
10
1.2134891338582676
20
1.0841427165354331
11
1.2156507086614172
21
1.0863042913385828
0
LINE
8
BLACK
6
CONTINUOUS
10
1.2156507086614172
20
1.0863042913385828
11
1.218603464566929
21
1.087095472440945
0
LINE
8
BLACK
6
CONTINUOUS
10
1.218603464566929
20
1.087095472440945
11
1.2215562204724408
21
1.0863042913385828
0
LINE
8
BLACK
6
CONTINUOUS
10
1.2215562204724408
20
1.0863042913385828
11
1.2237177952755904
21
1.0841427165354331
0
LINE
8
BLACK
6
CONTINUOUS
10
1.2237177952755904
20
1.0841427165354331
11
1.2245089763779526
21
1.0811899606299213
0
LINE
8
BLACK
6
CONTINUOUS
10
1.2245089763779526
20
1.0811899606299213
11
1.2245089763779526
21
1.0699413779527558
0
LINE
8
BLACK
6
CONTINUOUS
10
1.2245089763779526
20
1.0699413779527558
11
1.2237177952755904
21
1.066988622047244
0
LINE
8
BLACK
6
CONTINUOUS
10
1.2237177952755904
20
1.066988622047244
11
1.2215562204724408
21
1.0648270472440944
0
LINE
8
BLACK
6
CONTINUOUS
10
1.2215562204724408
20
1.0648270472440944
11
1.218603464566929
21
1.0640358661417322
0
LINE
8
BLACK
6
CONTINUOUS
10
1.218603464566929
20
1.0640358661417322
11
1.1989184251968503
21
1.0640358661417322
0
LINE
8
BLACK
6
CONTINUOUS
10
1.1989184251968503
20
1.0640358661417322
11
1.1981674409448819
21
1.0642370866141733
0
LINE
8
BLACK
6
CONTINUOUS
10
1.1981674409448819
20
1.0642370866141733
11
1.1973899606299212
21
1.0642370866141733
0
LINE
8
BLACK
6
CONTINUOUS
10
1.1973899606299212
20
1.0642370866141733
11
1.1967166141732284
21
1.0646257874015748
0
LINE
8
BLACK
6
CONTINUOUS
10
1.1967166141732284
20
1.0646257874015748
11
1.1959656692913385
21
1.0648270472440944
0
LINE
8
BLACK
6
CONTINUOUS
10
1.1959656692913385
20
1.0648270472440944
11
1.1954158661417322
21
1.0653768110236219
0
LINE
8
BLACK
6
CONTINUOUS
10
1.1954158661417322
20
1.0653768110236219
11
1.1947425984251969
21
1.0657655511811024
0
LINE
8
BLACK
6
CONTINUOUS
10
1.1947425984251969
20
1.0657655511811024
11
1.1919304724409447
21
1.0685776771653543
0
LINE
8
BLACK
6
CONTINUOUS
10
1.1919304724409447
20
1.0685776771653543
11
1.1912518110236221
21
1.0697531102362206
0
LINE
8
BLACK
6
CONTINUOUS
10
1.1912518110236221
20
1.0697531102362206
11
1.1905038188976378
21
1.0708860236220472
0
LINE
8
BLACK
6
CONTINUOUS
10
1.1905038188976378
20
1.0708860236220472
11
1.1876916929133858
21
1.0793224803149606
0
LINE
8
BLACK
6
CONTINUOUS
10
1.1876916929133858
20
1.0793224803149606
11
1.18763468503937
21
1.080271496062992
0
LINE
8
BLACK
6
CONTINUOUS
10
1.18763468503937
20
1.080271496062992
11
1.187388622047244
21
1.0811899606299213
0
LINE
8
BLACK
6
CONTINUOUS
10
1.187388622047244
20
1.0811899606299213
11
1.187388622047244
21
1.086814251968504
0
LINE
8
BLACK
6
CONTINUOUS
10
1.187388622047244
20
1.086814251968504
11
1.18763468503937
21
1.0877326771653544
0
LINE
8
BLACK
6
CONTINUOUS
10
1.18763468503937
20
1.0877326771653544
11
1.1876916929133858
21
1.0886817322834645
0
LINE
8
BLACK
6
CONTINUOUS
10
1.1876916929133858
20
1.0886817322834645
11
1.1905038188976378
21
1.0971181889763779
0
LINE
8
BLACK
6
CONTINUOUS
10
1.1905038188976378
20
1.0971181889763779
11
1.1912518110236221
21
1.098251062992126
0
LINE
8
BLACK
6
CONTINUOUS
10
1.1912518110236221
20
1.098251062992126
11
1.1919304724409447
21
1.0994265354330708
0
LINE
8
BLACK
6
CONTINUOUS
10
1.1919304724409447
20
1.0994265354330708
11
1.1975547637795276
21
1.1050508267716534
0
LINE
8
BLACK
6
CONTINUOUS
10
1.1975547637795276
20
1.1050508267716534
11
1.1983781889763778
21
1.105526220472441
0
LINE
8
BLACK
6
CONTINUOUS
10
1.1983781889763778
20
1.105526220472441
11
1.1990895669291339
21
1.1061570472440945
0
LINE
8
BLACK
6
CONTINUOUS
10
1.1990895669291339
20
1.1061570472440945
11
1.2047138188976378
21
1.1089692125984252
0
LINE
8
BLACK
6
CONTINUOUS
10
1.2047138188976378
20
1.1089692125984252
11
1.2053526377952755
21
1.1090999212598425
0
LINE
8
BLACK
6
CONTINUOUS
10
1.2053526377952755
20
1.1090999212598425
11
1.2059225984251969
21
1.1094163385826772
0
LINE
8
BLACK
6
CONTINUOUS
10
1.2059225984251969
20
1.1094163385826772
11
1.2171711811023622
21
1.1122284645669291
0
LINE
8
BLACK
6
CONTINUOUS
10
1.2171711811023622
20
1.1122284645669291
11
1.2178996062992127
21
1.1122161811023621
0
LINE
8
BLACK
6
CONTINUOUS
10
1.2178996062992127
20
1.1122161811023621
11
1.218603464566929
21
1.1124048031496063
0
LINE
8
BLACK
6
CONTINUOUS
10
1.218603464566929
20
1.1124048031496063
11
1.2270399212598424
21
1.1124048031496063
0
LINE
8
BLACK
6
CONTINUOUS
10
1.2270399212598424
20
1.1124048031496063
11
1.2277437401574802
21
1.1122161811023621
0
LINE
8
BLACK
6
CONTINUOUS
10
1.553368031496063
20
1.1269542125984251
11
1.5540964960629922
21
1.1269664960629922
0
LINE
8
BLACK
6
CONTINUOUS
10
1.5540964960629922
20
1.1269664960629922
11
1.5653450787401575
21
1.1241543700787402
0
LINE
8
BLACK
6
CONTINUOUS
10
1.5653450787401575
20
1.1241543700787402
11
1.5653898818897638
21
1.1241294881889763
0
LINE
8
BLACK
6
CONTINUOUS
10
1.5653898818897638
20
1.1241294881889763
11
1.5654412598425196
21
1.1241294881889763
0
LINE
8
BLACK
6
CONTINUOUS
10
1.5654412598425196
20
1.1241294881889763
11
1.5667240551181103
21
1.1233888188976378
0
LINE
8
BLACK
6
CONTINUOUS
10
1.5667240551181103
20
1.1233888188976378
11
1.5680177952755905
21
1.1226706692913386
0
LINE
8
BLACK
6
CONTINUOUS
10
1.5680177952755905
20
1.1226706692913386
11
1.5680441732283463
21
1.1226266535433072
0
LINE
8
BLACK
6
CONTINUOUS
10
1.5680441732283463
20
1.1226266535433072
11
1.5680886220472441
21
1.1226010236220472
0
LINE
8
BLACK
6
CONTINUOUS
10
1.5680886220472441
20
1.1226010236220472
11
1.5737129133858268
21
1.1169767322834645
0
LINE
8
BLACK
6
CONTINUOUS
10
1.5737129133858268
20
1.1169767322834645
11
1.5741882677165353
21
1.1161533070866141
0
LINE
8
BLACK
6
CONTINUOUS
10
1.5741882677165353
20
1.1161533070866141
11
1.5748191338582678
21
1.1154419291338582
0
LINE
8
BLACK
6
CONTINUOUS
10
1.5748191338582678
20
1.1154419291338582
11
1.5776312992125985
21
1.1098175984251968
0
LINE
8
BLACK
6
CONTINUOUS
10
1.5776312992125985
20
1.1098175984251968
11
1.5779034251968505
21
1.1084876377952755
0
LINE
8
BLACK
6
CONTINUOUS
10
1.5779034251968505
20
1.1084876377952755
11
1.5782547637795274
21
1.1071765748031497
0
LINE
8
BLACK
6
CONTINUOUS
10
1.5782547637795274
20
1.1071765748031497
11
1.5782547637795274
21
1.0959279921259841
0
LINE
8
BLACK
6
CONTINUOUS
10
1.5782547637795274
20
1.0959279921259841
11
1.5779034645669292
21
1.0946169291338583
0
LINE
8
BLACK
6
CONTINUOUS
10
1.5779034645669292
20
1.0946169291338583
11
1.5776312992125985
21
1.0932869291338583
0
LINE
8
BLACK
6
CONTINUOUS
10
1.5776312992125985
20
1.0932869291338583
11
1.5748191338582678
21
1.0876626771653544
0
LINE
8
BLACK
6
CONTINUOUS
10
1.5748191338582678
20
1.0876626771653544
11
1.5741883070866141
21
1.0869512992125985
0
LINE
8
BLACK
6
CONTINUOUS
10
1.5741883070866141
20
1.0869512992125985
11
1.5737129133858268
21
1.0861278740157481
0
LINE
8
BLACK
6
CONTINUOUS
10
1.5737129133858268
20
1.0861278740157481
11
1.5680886220472441
21
1.0805035826771654
0
LINE
8
BLACK
6
CONTINUOUS
10
1.5680886220472441
20
1.0805035826771654
11
1.5680441732283463
21
1.0804779133858267
0
LINE
8
BLACK
6
CONTINUOUS
10
1.5680441732283463
20
1.0804779133858267
11
1.5680177952755905
21
1.0804339370078739
0
LINE
8
BLACK
6
CONTINUOUS
10
1.5680177952755905
20
1.0804339370078739
11
1.5667240551181103
21
1.0797157480314961
0
LINE
8
BLACK
6
CONTINUOUS
10
1.5667240551181103
20
1.0797157480314961
11
1.5654412598425196
21
1.0789751181102363
0
LINE
8
BLACK
6
CONTINUOUS
10
1.5654412598425196
20
1.0789751181102363
11
1.5653898818897638
21
1.0789751181102363
0
LINE
8
BLACK
6
CONTINUOUS
10
1.5653898818897638
20
1.0789751181102363
11
1.5653450787401575
21
1.0789502362204724
0
LINE
8
BLACK
6
CONTINUOUS
10
1.5653450787401575
20
1.0789502362204724
11
1.5540965354330709
21
1.0761380708661417
0
LINE
8
BLACK
6
CONTINUOUS
10
1.5540965354330709
20
1.0761380708661417
11
1.5533679921259842
21
1.07615031496063
0
LINE
8
BLACK
6
CONTINUOUS
10
1.5533679921259842
20
1.07615031496063
11
1.5526642125984251
21
1.0759617322834645
0
LINE
8
BLACK
6
CONTINUOUS
10
1.5526642125984251
20
1.0759617322834645
11
1.5329791732283464
21
1.0759617322834645
0
LINE
8
BLACK
6
CONTINUOUS
10
1.5329791732283464
20
1.0759617322834645
11
1.5322753543307086
21
1.07615031496063
0
LINE
8
BLACK
6
CONTINUOUS
10
1.5322753543307086
20
1.07615031496063
11
1.5315468503937006
21
1.0761380708661417
0
LINE
8
BLACK
6
CONTINUOUS
10
1.5315468503937006
20
1.0761380708661417
11
1.5202982677165353
21
1.0789502362204724
0
LINE
8
BLACK
6
CONTINUOUS
10
1.5202982677165353
20
1.0789502362204724
11
1.520253464566929
21
1.0789751181102363
0
LINE
8
BLACK
6
CONTINUOUS
10
1.520253464566929
20
1.0789751181102363
11
1.520202125984252
21
1.0789751181102363
0
LINE
8
BLACK
6
CONTINUOUS
10
1.520202125984252
20
1.0789751181102363
11
1.5189197637795275
21
1.0797154724409448
0
LINE
8
BLACK
6
CONTINUOUS
10
1.5189197637795275
20
1.0797154724409448
11
1.5176255905511811
21
1.0804339370078739
0
LINE
8
BLACK
6
CONTINUOUS
10
1.5176255905511811
20
1.0804339370078739
11
1.5175991732283465
21
1.0804779133858267
0
LINE
8
BLACK
6
CONTINUOUS
10
1.5175991732283465
20
1.0804779133858267
11
1.5175547637795275
21
1.0805035826771654
0
LINE
8
BLACK
6
CONTINUOUS
10
1.5175547637795275
20
1.0805035826771654
11
1.5119304724409448
21
1.0861278740157481
0
LINE
8
BLACK
6
CONTINUOUS
10
1.5119304724409448
20
1.0861278740157481
11
1.5114550393700787
21
1.0869512992125985
0
LINE
8
BLACK
6
CONTINUOUS
10
1.5114550393700787
20
1.0869512992125985
11
1.510824251968504
21
1.0876626771653544
0
LINE
8
BLACK
6
CONTINUOUS
10
1.510824251968504
20
1.0876626771653544
11
1.5080120866141733
21
1.093286968503937
0
LINE
8
BLACK
6
CONTINUOUS
10
1.5080120866141733
20
1.093286968503937
11
1.5077399212598426
21
1.0946168897637796
0
LINE
8
BLACK
6
CONTINUOUS
10
1.5077399212598426
20
1.0946168897637796
11
1.5073886220472441
21
1.0959279921259841
0
LINE
8
BLACK
6
CONTINUOUS
10
1.5073886220472441
20
1.0959279921259841
11
1.5073886220472441
21
1.1071765748031497
0
LINE
8
BLACK
6
CONTINUOUS
10
1.5073886220472441
20
1.1071765748031497
11
1.5077399212598426
21
1.1084876377952755
0
LINE
8
BLACK
6
CONTINUOUS
10
1.5077399212598426
20
1.1084876377952755
11
1.5080120866141733
21
1.1098175984251968
0
LINE
8
BLACK
6
CONTINUOUS
10
1.5080120866141733
20
1.1098175984251968
11
1.510824251968504
21
1.1154419291338582
0
LINE
8
BLACK
6
CONTINUOUS
10
1.510824251968504
20
1.1154419291338582
11
1.5114550787401575
21
1.1161533070866141
0
LINE
8
BLACK
6
CONTINUOUS
10
1.5114550787401575
20
1.1161533070866141
11
1.5119304724409448
21
1.1169767322834645
0
LINE
8
BLACK
6
CONTINUOUS
10
1.5119304724409448
20
1.1169767322834645
11
1.5175547637795275
21
1.1226010236220472
0
LINE
8
BLACK
6
CONTINUOUS
10
1.5175547637795275
20
1.1226010236220472
11
1.5175991732283465
21
1.1226266535433072
0
LINE
8
BLACK
6
CONTINUOUS
10
1.5175991732283465
20
1.1226266535433072
11
1.5176255905511811
21
1.1226706692913386
0
LINE
8
BLACK
6
CONTINUOUS
10
1.5176255905511811
20
1.1226706692913386
11
1.5189192913385827
21
1.1233888188976378
0
LINE
8
BLACK
6
CONTINUOUS
10
1.5189192913385827
20
1.1233888188976378
11
1.520202125984252
21
1.1241294881889763
0
LINE
8
BLACK
6
CONTINUOUS
10
1.520202125984252
20
1.1241294881889763
11
1.5202535039370078
21
1.1241294881889763
0
LINE
8
BLACK
6
CONTINUOUS
10
1.5202535039370078
20
1.1241294881889763
11
1.5202983070866141
21
1.1241543700787402
0
LINE
8
BLACK
6
CONTINUOUS
10
1.5202983070866141
20
1.1241543700787402
11
1.5315468897637794
21
1.1269664960629922
0
LINE
8
BLACK
6
CONTINUOUS
10
1.5315468897637794
20
1.1269664960629922
11
1.5322753149606299
21
1.1269542125984251
0
LINE
8
BLACK
6
CONTINUOUS
10
1.5322753149606299
20
1.1269542125984251
11
1.5329791732283464
21
1.1271428346456693
0
LINE
8
BLACK
6
CONTINUOUS
10
1.5329791732283464
20
1.1271428346456693
11
1.5526642125984251
21
1.1271428346456693
0
LINE
8
BLACK
6
CONTINUOUS
10
1.5526642125984251
20
1.1271428346456693
11
1.553368031496063
21
1.1269542125984251
0
LINE
8
BLACK
6
CONTINUOUS
10
1.5247497637795275
20
1.113092716535433
11
1.5209597637795276
21
1.109302716535433
0
LINE
8
BLACK
6
CONTINUOUS
10
1.5209597637795276
20
1.109302716535433
11
1.5191996456692913
21
1.1057824803149605
0
LINE
8
BLACK
6
CONTINUOUS
10
1.5191996456692913
20
1.1057824803149605
11
1.5191996456692913
21
1.0973220866141733
0
LINE
8
BLACK
6
CONTINUOUS
10
1.5191996456692913
20
1.0973220866141733
11
1.5209597637795276
21
1.0938018503937008
0
LINE
8
BLACK
6
CONTINUOUS
10
1.5209597637795276
20
1.0938018503937008
11
1.5247497637795275
21
1.0900118503937009
0
LINE
8
BLACK
6
CONTINUOUS
10
1.5247497637795275
20
1.0900118503937009
11
1.5337061023622047
21
1.0877727559055117
0
LINE
8
BLACK
6
CONTINUOUS
10
1.5337061023622047
20
1.0877727559055117
11
1.5519372440944881
21
1.0877727559055117
0
LINE
8
BLACK
6
CONTINUOUS
10
1.5519372440944881
20
1.0877727559055117
11
1.5608935826771653
21
1.0900118503937009
0
LINE
8
BLACK
6
CONTINUOUS
10
1.5608935826771653
20
1.0900118503937009
11
1.564683622047244
21
1.0938018897637796
0
LINE
8
BLACK
6
CONTINUOUS
10
1.564683622047244
20
1.0938018897637796
11
1.5664437401574802
21
1.0973220866141733
0
LINE
8
BLACK
6
CONTINUOUS
10
1.5664437401574802
20
1.0973220866141733
11
1.5664437401574802
21
1.1057824803149605
0
LINE
8
BLACK
6
CONTINUOUS
10
1.5664437401574802
20
1.1057824803149605
11
1.564683622047244
21
1.109302716535433
0
LINE
8
BLACK
6
CONTINUOUS
10
1.564683622047244
20
1.109302716535433
11
1.5608935826771653
21
1.113092716535433
0
LINE
8
BLACK
6
CONTINUOUS
10
1.5608935826771653
20
1.113092716535433
11
1.5519372834645668
21
1.1153318110236221
0
LINE
8
BLACK
6
CONTINUOUS
10
1.5519372834645668
20
1.1153318110236221
11
1.5337061023622047
21
1.1153318110236221
0
LINE
8
BLACK
6
CONTINUOUS
10
1.5337061023622047
20
1.1153318110236221
11
1.5247497637795275
21
1.113092716535433
0
LINE
8
BLACK
6
CONTINUOUS
10
0.379568779527559
20
1.1823255511811024
11
0.3812099606299212
21
1.1797465354330707
0
LINE
8
BLACK
6
CONTINUOUS
10
0.3812099606299212
20
1.1797465354330707
11
0.3813417716535433
21
1.1766924409448818
0
LINE
8
BLACK
6
CONTINUOUS
10
0.3813417716535433
20
1.1766924409448818
11
0.3773144881889764
21
1.1585697244094488
0
LINE
8
BLACK
6
CONTINUOUS
10
0.3773144881889764
20
1.1585697244094488
11
0.3812011811023622
21
1.1585697244094488
0
LINE
8
BLACK
6
CONTINUOUS
10
0.3812011811023622
20
1.1585697244094488
11
0.384153937007874
21
1.1577785433070866
0
LINE
8
BLACK
6
CONTINUOUS
10
0.384153937007874
20
1.1577785433070866
11
0.3863155118110236
21
1.155616968503937
0
LINE
8
BLACK
6
CONTINUOUS
10
0.3863155118110236
20
1.155616968503937
11
0.3871066929133858
21
1.1526642125984252
0
LINE
8
BLACK
6
CONTINUOUS
10
0.3871066929133858
20
1.1526642125984252
11
0.3863155118110236
21
1.1497114566929134
0
LINE
8
BLACK
6
CONTINUOUS
10
0.3863155118110236
20
1.1497114566929134
11
0.384153937007874
21
1.1475498818897638
0
LINE
8
BLACK
6
CONTINUOUS
10
0.384153937007874
20
1.1475498818897638
11
0.3812011811023622
21
1.1467587007874016
0
LINE
8
BLACK
6
CONTINUOUS
10
0.3812011811023622
20
1.1467587007874016
11
0.374689842519685
21
1.1467587007874016
0
LINE
8
BLACK
6
CONTINUOUS
10
0.374689842519685
20
1.1467587007874016
11
0.3716901968503937
21
1.1332603937007875
0
LINE
8
BLACK
6
CONTINUOUS
10
0.3716901968503937
20
1.1332603937007875
11
0.3755768897637795
21
1.1332603937007875
0
LINE
8
BLACK
6
CONTINUOUS
10
0.3755768897637795
20
1.1332603937007875
11
0.3785296456692913
21
1.1324692125984253
0
LINE
8
BLACK
6
CONTINUOUS
10
0.3785296456692913
20
1.1324692125984253
11
0.3806912204724409
21
1.1303076377952757
0
LINE
8
BLACK
6
CONTINUOUS
10
0.3806912204724409
20
1.1303076377952757
11
0.3814824015748031
21
1.1273548818897638
0
LINE
8
BLACK
6
CONTINUOUS
10
0.3814824015748031
20
1.1273548818897638
11
0.3806912204724409
21
1.124402125984252
0
LINE
8
BLACK
6
CONTINUOUS
10
0.3806912204724409
20
1.124402125984252
11
0.3785296456692913
21
1.1222405511811024
0
LINE
8
BLACK
6
CONTINUOUS
10
0.3785296456692913
20
1.1222405511811024
11
0.3755768897637795
21
1.1214493700787402
0
LINE
8
BLACK
6
CONTINUOUS
10
0.3755768897637795
20
1.1214493700787402
11
0.3690655511811023
21
1.1214493700787402
0
LINE
8
BLACK
6
CONTINUOUS
10
0.3690655511811023
20
1.1214493700787402
11
0.3644688976377953
21
1.1007644488188977
0
LINE
8
BLACK
6
CONTINUOUS
10
0.3644688976377953
20
1.1007644488188977
11
0.3630560236220473
21
1.0980536614173229
0
LINE
8
BLACK
6
CONTINUOUS
10
0.3630560236220473
20
1.0980536614173229
11
0.3604770078740158
21
1.0964124803149606
0
LINE
8
BLACK
6
CONTINUOUS
10
0.3604770078740158
20
1.0964124803149606
11
0.3574229133858268
21
1.0962806692913385
0
LINE
8
BLACK
6
CONTINUOUS
10
0.3574229133858268
20
1.0962806692913385
11
0.3547121259842519
21
1.0976935433070867
0
LINE
8
BLACK
6
CONTINUOUS
10
0.3547121259842519
20
1.0976935433070867
11
0.3530709448818898
21
1.1002725590551181
0
LINE
8
BLACK
6
CONTINUOUS
10
0.3530709448818898
20
1.1002725590551181
11
0.3529391338582677
21
1.1033266535433071
0
LINE
8
BLACK
6
CONTINUOUS
10
0.3529391338582677
20
1.1033266535433071
11
0.3569664173228346
21
1.1214493700787402
0
LINE
8
BLACK
6
CONTINUOUS
10
0.3569664173228346
20
1.1214493700787402
11
0.3493805118110236
21
1.1214493700787402
0
LINE
8
BLACK
6
CONTINUOUS
10
0.3493805118110236
20
1.1214493700787402
11
0.3447838582677165
21
1.1007644488188977
0
LINE
8
BLACK
6
CONTINUOUS
10
0.3447838582677165
20
1.1007644488188977
11
0.3433709842519685
21
1.0980536614173229
0
LINE
8
BLACK
6
CONTINUOUS
10
0.3433709842519685
20
1.0980536614173229
11
0.340791968503937
21
1.0964124803149606
0
LINE
8
BLACK
6
CONTINUOUS
10
0.340791968503937
20
1.0964124803149606
11
0.337737874015748
21
1.0962806692913385
0
LINE
8
BLACK
6
CONTINUOUS
10
0.337737874015748
20
1.0962806692913385
11
0.3350270866141732
21
1.0976935433070867
0
LINE
8
BLACK
6
CONTINUOUS
10
0.3350270866141732
20
1.0976935433070867
11
0.333385905511811
21
1.1002725590551181
0
LINE
8
BLACK
6
CONTINUOUS
10
0.333385905511811
20
1.1002725590551181
11
0.333254094488189
21
1.1033266535433071
0
LINE
8
BLACK
6
CONTINUOUS
10
0.333254094488189
20
1.1033266535433071
11
0.3372813779527559
21
1.1214493700787402
0
LINE
8
BLACK
6
CONTINUOUS
10
0.3372813779527559
20
1.1214493700787402
11
0.3333946850393701
21
1.1214493700787402
0
LINE
8
BLACK
6
CONTINUOUS
10
0.3333946850393701
20
1.1214493700787402
11
0.3304419291338583
21
1.1222405511811024
0
LINE
8
BLACK
6
CONTINUOUS
10
0.3304419291338583
20
1.1222405511811024
11
0.3282803543307087
21
1.124402125984252
0
LINE
8
BLACK
6
CONTINUOUS
10
0.3282803543307087
20
1.124402125984252
11
0.3274891732283465
21
1.1273548818897638
0
LINE
8
BLACK
6
CONTINUOUS
10
0.3274891732283465
20
1.1273548818897638
11
0.3282803543307087
21
1.1303076377952757
0
LINE
8
BLACK
6
CONTINUOUS
10
0.3282803543307087
20
1.1303076377952757
11
0.3304419291338583
21
1.1324692125984253
0
LINE
8
BLACK
6
CONTINUOUS
10
0.3304419291338583
20
1.1324692125984253
11
0.3333946850393701
21
1.1332603937007875
0
LINE
8
BLACK
6
CONTINUOUS
10
0.3333946850393701
20
1.1332603937007875
11
0.3399060236220472
21
1.1332603937007875
0
LINE
8
BLACK
6
CONTINUOUS
10
0.3399060236220472
20
1.1332603937007875
11
0.3429056692913386
21
1.1467587007874016
0
LINE
8
BLACK
6
CONTINUOUS
10
0.3429056692913386
20
1.1467587007874016
11
0.3390189763779528
21
1.1467587007874016
0
LINE
8
BLACK
6
CONTINUOUS
10
0.3390189763779528
20
1.1467587007874016
11
0.3360662204724409
21
1.1475498818897638
0
LINE
8
BLACK
6
CONTINUOUS
10
0.3360662204724409
20
1.1475498818897638
11
0.3339046456692913
21
1.1497114566929134
0
LINE
8
BLACK
6
CONTINUOUS
10
0.3339046456692913
20
1.1497114566929134
11
0.3331134645669291
21
1.1526642125984252
0
LINE
8
BLACK
6
CONTINUOUS
10
0.3331134645669291
20
1.1526642125984252
11
0.3339046456692913
21
1.155616968503937
0
LINE
8
BLACK
6
CONTINUOUS
10
0.3339046456692913
20
1.155616968503937
11
0.3360662204724409
21
1.1577785433070866
0
LINE
8
BLACK
6
CONTINUOUS
10
0.3360662204724409
20
1.1577785433070866
11
0.3390189763779528
21
1.1585697244094488
0
LINE
8
BLACK
6
CONTINUOUS
10
0.3390189763779528
20
1.1585697244094488
11
0.3455303149606299
21
1.1585697244094488
0
LINE
8
BLACK
6
CONTINUOUS
10
0.3455303149606299
20
1.1585697244094488
11
0.350126968503937
21
1.1792546062992126
0
LINE
8
BLACK
6
CONTINUOUS
10
0.350126968503937
20
1.1792546062992126
11
0.351539842519685
21
1.1819654330708662
0
LINE
8
BLACK
6
CONTINUOUS
10
0.351539842519685
20
1.1819654330708662
11
0.3541188582677166
21
1.1836066141732282
0
LINE
8
BLACK
6
CONTINUOUS
10
0.3541188582677166
20
1.1836066141732282
11
0.3571729527559055
21
1.1837384251968504
0
LINE
8
BLACK
6
CONTINUOUS
10
0.3571729527559055
20
1.1837384251968504
11
0.3598837401574803
21
1.1823255511811024
0
LINE
8
BLACK
6
CONTINUOUS
10
0.3598837401574803
20
1.1823255511811024
11
0.3615249212598425
21
1.1797465354330707
0
LINE
8
BLACK
6
CONTINUOUS
10
0.3615249212598425
20
1.1797465354330707
11
0.3616567322834646
21
1.1766924409448818
0
LINE
8
BLACK
6
CONTINUOUS
10
0.3616567322834646
20
1.1766924409448818
11
0.3576294488188976
21
1.1585697244094488
0
LINE
8
BLACK
6
CONTINUOUS
10
0.3576294488188976
20
1.1585697244094488
11
0.3652153543307087
21
1.1585697244094488
0
LINE
8
BLACK
6
CONTINUOUS
10
0.3652153543307087
20
1.1585697244094488
11
0.3698120078740157
21
1.1792546062992126
0
LINE
8
BLACK
6
CONTINUOUS
10
0.3698120078740157
20
1.1792546062992126
11
0.3712248818897638
21
1.1819654330708662
0
LINE
8
BLACK
6
CONTINUOUS
10
0.3712248818897638
20
1.1819654330708662
11
0.3738038976377953
21
1.1836066141732282
0
LINE
8
BLACK
6
CONTINUOUS
10
0.3738038976377953
20
1.1836066141732282
11
0.3768579921259843
21
1.1837384251968504
0
LINE
8
BLACK
6
CONTINUOUS
10
0.3768579921259843
20
1.1837384251968504
11
0.379568779527559
21
1.1823255511811024
0
LINE
8
BLACK
6
CONTINUOUS
10
0.352005157480315
20
1.1332603937007875
11
0.359591062992126
21
1.1332603937007875
0
LINE
8
BLACK
6
CONTINUOUS
10
0.359591062992126
20
1.1332603937007875
11
0.3625907086614173
21
1.1467587007874016
0
LINE
8
BLACK
6
CONTINUOUS
10
0.3625907086614173
20
1.1467587007874016
11
0.3550048031496063
21
1.1467587007874016
0
LINE
8
BLACK
6
CONTINUOUS
10
0.3550048031496063
20
1.1467587007874016
11
0.352005157480315
21
1.1332603937007875
0
LINE
8
BLACK
6
CONTINUOUS
10
0.6553020078740157
20
1.1429907086614173
11
0.6574635826771653
21
1.1408291338582677
0
LINE
8
BLACK
6
CONTINUOUS
10
0.6574635826771653
20
1.1408291338582677
11
0.6582547637795275
21
1.1378763779527559
0
LINE
8
BLACK
6
CONTINUOUS
10
0.6582547637795275
20
1.1378763779527559
11
0.6582547637795275
21
1.1153791732283465
0
LINE
8
BLACK
6
CONTINUOUS
10
0.6582547637795275
20
1.1153791732283465
11
0.6579034645669292
21
1.1140681102362204
0
LINE
8
BLACK
6
CONTINUOUS
10
0.6579034645669292
20
1.1140681102362204
11
0.6576312992125984
21
1.1127381102362204
0
LINE
8
BLACK
6
CONTINUOUS
10
0.6576312992125984
20
1.1127381102362204
11
0.6548191338582677
21
1.1071138582677165
0
LINE
8
BLACK
6
CONTINUOUS
10
0.6548191338582677
20
1.1071138582677165
11
0.6541883070866141
21
1.1064024803149606
0
LINE
8
BLACK
6
CONTINUOUS
10
0.6541883070866141
20
1.1064024803149606
11
0.6537129527559055
21
1.1055790944881889
0
LINE
8
BLACK
6
CONTINUOUS
10
0.6537129527559055
20
1.1055790944881889
11
0.6509008267716535
21
1.1027669291338582
0
LINE
8
BLACK
6
CONTINUOUS
10
0.6509008267716535
20
1.1027669291338582
11
0.6500773622047243
21
1.1022914960629921
0
LINE
8
BLACK
6
CONTINUOUS
10
0.6500773622047243
20
1.1022914960629921
11
0.6493659842519685
21
1.1016606692913387
0
LINE
8
BLACK
6
CONTINUOUS
10
0.6493659842519685
20
1.1016606692913387
11
0.6437416929133858
21
1.0988485433070865
0
LINE
8
BLACK
6
CONTINUOUS
10
0.6437416929133858
20
1.0988485433070865
11
0.642411811023622
21
1.098576377952756
0
LINE
8
BLACK
6
CONTINUOUS
10
0.642411811023622
20
1.098576377952756
11
0.6411006692913386
21
1.0982250787401575
0
LINE
8
BLACK
6
CONTINUOUS
10
0.6411006692913386
20
1.0982250787401575
11
0.6326642125984252
21
1.0982250787401575
0
LINE
8
BLACK
6
CONTINUOUS
10
0.6326642125984252
20
1.0982250787401575
11
0.6313529527559055
21
1.0985764173228347
0
LINE
8
BLACK
6
CONTINUOUS
10
0.6313529527559055
20
1.0985764173228347
11
0.6300232283464566
21
1.0988485433070865
0
LINE
8
BLACK
6
CONTINUOUS
10
0.6300232283464566
20
1.0988485433070865
11
0.6243988976377952
21
1.1016606692913387
0
LINE
8
BLACK
6
CONTINUOUS
10
0.6243988976377952
20
1.1016606692913387
11
0.6236874803149606
21
1.1022914960629921
0
LINE
8
BLACK
6
CONTINUOUS
10
0.6236874803149606
20
1.1022914960629921
11
0.6228640944881889
21
1.1027668897637795
0
LINE
8
BLACK
6
CONTINUOUS
10
0.6228640944881889
20
1.1027668897637795
11
0.6200519291338582
21
1.1055790551181102
0
LINE
8
BLACK
6
CONTINUOUS
10
0.6200519291338582
20
1.1055790551181102
11
0.6195765354330709
21
1.1064024409448818
0
LINE
8
BLACK
6
CONTINUOUS
10
0.6195765354330709
20
1.1064024409448818
11
0.6189457086614173
21
1.1071138582677165
0
LINE
8
BLACK
6
CONTINUOUS
10
0.6189457086614173
20
1.1071138582677165
11
0.6161335826771653
21
1.1127381496062991
0
LINE
8
BLACK
6
CONTINUOUS
10
0.6161335826771653
20
1.1127381496062991
11
0.616102874015748
21
1.1128881102362205
0
LINE
8
BLACK
6
CONTINUOUS
10
0.616102874015748
20
1.1128881102362205
11
0.5966807086614173
21
1.0992925984251969
0
LINE
8
BLACK
6
CONTINUOUS
10
0.5966807086614173
20
1.0992925984251969
11
0.593808031496063
21
1.0982474803149607
0
LINE
8
BLACK
6
CONTINUOUS
10
0.593808031496063
20
1.0982474803149607
11
0.5907975984251969
21
1.0987787401574802
0
LINE
8
BLACK
6
CONTINUOUS
10
0.5907975984251969
20
1.0987787401574802
11
0.5884561417322834
21
1.1007440157480315
0
LINE
8
BLACK
6
CONTINUOUS
10
0.5884561417322834
20
1.1007440157480315
11
0.5874110236220472
21
1.1036166929133857
0
LINE
8
BLACK
6
CONTINUOUS
10
0.5874110236220472
20
1.1036166929133857
11
0.5879422834645669
21
1.1066271259842519
0
LINE
8
BLACK
6
CONTINUOUS
10
0.5879422834645669
20
1.1066271259842519
11
0.589907559055118
21
1.1089685826771654
0
LINE
8
BLACK
6
CONTINUOUS
10
0.589907559055118
20
1.1089685826771654
11
0.6155101181102363
21
1.1268903543307087
0
LINE
8
BLACK
6
CONTINUOUS
10
0.6155101181102363
20
1.1268903543307087
11
0.6155101181102363
21
1.1319708661417323
0
LINE
8
BLACK
6
CONTINUOUS
10
0.6155101181102363
20
1.1319708661417323
11
0.5932941338582677
21
1.1319708661417323
0
LINE
8
BLACK
6
CONTINUOUS
10
0.5932941338582677
20
1.1319708661417323
11
0.5903413779527559
21
1.1327620472440945
0
LINE
8
BLACK
6
CONTINUOUS
10
0.5903413779527559
20
1.1327620472440945
11
0.5881798031496063
21
1.1349236220472441
0
LINE
8
BLACK
6
CONTINUOUS
10
0.5881798031496063
20
1.1349236220472441
11
0.5873886220472441
21
1.1378763779527559
0
LINE
8
BLACK
6
CONTINUOUS
10
0.5873886220472441
20
1.1378763779527559
11
0.5881798031496063
21
1.1408291338582677
0
LINE
8
BLACK
6
CONTINUOUS
10
0.5881798031496063
20
1.1408291338582677
11
0.5903413779527559
21
1.1429907086614173
0
LINE
8
BLACK
6
CONTINUOUS
10
0.5903413779527559
20
1.1429907086614173
11
0.5932941338582677
21
1.1437818897637795
0
LINE
8
BLACK
6
CONTINUOUS
10
0.5932941338582677
20
1.1437818897637795
11
0.6523492519685039
21
1.1437818897637795
0
LINE
8
BLACK
6
CONTINUOUS
10
0.6523492519685039
20
1.1437818897637795
11
0.6553020078740157
21
1.1429907086614173
0
LINE
8
BLACK
6
CONTINUOUS
10
0.6273211417322835
20
1.1167732283464566
11
0.6290811811023622
21
1.1132530708661417
0
LINE
8
BLACK
6
CONTINUOUS
10
0.6290811811023622
20
1.1132530708661417
11
0.6305380708661417
21
1.1117961811023622
0
LINE
8
BLACK
6
CONTINUOUS
10
0.6305380708661417
20
1.1117961811023622
11
0.6340583070866141
21
1.1100361023622047
0
LINE
8
BLACK
6
CONTINUOUS
10
0.6340583070866141
20
1.1100361023622047
11
0.6397065748031496
21
1.1100361023622047
0
LINE
8
BLACK
6
CONTINUOUS
10
0.6397065748031496
20
1.1100361023622047
11
0.6432266929133859
21
1.1117961417322835
0
LINE
8
BLACK
6
CONTINUOUS
10
0.6432266929133859
20
1.1117961417322835
11
0.6446835826771653
21
1.1132530314960629
0
LINE
8
BLACK
6
CONTINUOUS
10
0.6446835826771653
20
1.1132530314960629
11
0.6464437401574803
21
1.1167732677165354
0
LINE
8
BLACK
6
CONTINUOUS
10
0.6464437401574803
20
1.1167732677165354
11
0.6464437401574803
21
1.1319708661417323
0
LINE
8
BLACK
6
CONTINUOUS
10
0.6464437401574803
20
1.1319708661417323
11
0.6273211417322835
21
1.1319708661417323
0
LINE
8
BLACK
6
CONTINUOUS
10
0.6273211417322835
20
1.1319708661417323
11
0.6273211417322835
21
1.1167732283464566
0
LINE
8
BLACK
6
CONTINUOUS
10
0.4319604724409449
20
1.1774635826771653
11
0.4341220472440945
21
1.1753020078740157
0
LINE
8
BLACK
6
CONTINUOUS
10
0.4341220472440945
20
1.1753020078740157
11
0.4349132283464567
21
1.1723492519685039
0
LINE
8
BLACK
6
CONTINUOUS
10
0.4349132283464567
20
1.1723492519685039
11
0.4341220472440945
21
1.1693964960629921
0
LINE
8
BLACK
6
CONTINUOUS
10
0.4341220472440945
20
1.1693964960629921
11
0.4319604724409449
21
1.1672349212598425
0
LINE
8
BLACK
6
CONTINUOUS
10
0.4319604724409449
20
1.1672349212598425
11
0.4290077165354331
21
1.1664437401574803
0
LINE
8
BLACK
6
CONTINUOUS
10
0.4290077165354331
20
1.1664437401574803
11
0.4067917322834645
21
1.1664437401574803
0
LINE
8
BLACK
6
CONTINUOUS
10
0.4067917322834645
20
1.1664437401574803
11
0.4067917322834645
21
1.1501332677165355
0
LINE
8
BLACK
6
CONTINUOUS
10
0.4067917322834645
20
1.1501332677165355
11
0.4205712598425197
21
1.1501332677165355
0
LINE
8
BLACK
6
CONTINUOUS
10
0.4205712598425197
20
1.1501332677165355
11
0.4235240157480315
21
1.1493420866141733
0
LINE
8
BLACK
6
CONTINUOUS
10
0.4235240157480315
20
1.1493420866141733
11
0.4256855905511811
21
1.1471805118110237
0
LINE
8
BLACK
6
CONTINUOUS
10
0.4256855905511811
20
1.1471805118110237
11
0.4264767716535433
21
1.1442277559055118
0
LINE
8
BLACK
6
CONTINUOUS
10
0.4264767716535433
20
1.1442277559055118
11
0.4256855905511811
21
1.141275
0
LINE
8
BLACK
6
CONTINUOUS
10
0.4256855905511811
20
1.141275
11
0.4235240157480315
21
1.1391134251968504
0
LINE
8
BLACK
6
CONTINUOUS
10
0.4235240157480315
20
1.1391134251968504
11
0.4205712598425197
21
1.1383222440944882
0
LINE
8
BLACK
6
CONTINUOUS
10
0.4205712598425197
20
1.1383222440944882
11
0.4067917322834645
21
1.1383222440944882
0
LINE
8
BLACK
6
CONTINUOUS
10
0.4067917322834645
20
1.1383222440944882
11
0.4067917322834645
21
1.1132941338582676
0
LINE
8
BLACK
6
CONTINUOUS
10
0.4067917322834645
20
1.1132941338582676
11
0.4060005511811023
21
1.1103413779527558
0
LINE
8
BLACK
6
CONTINUOUS
10
0.4060005511811023
20
1.1103413779527558
11
0.4038389763779527
21
1.1081798031496062
0
LINE
8
BLACK
6
CONTINUOUS
10
0.4038389763779527
20
1.1081798031496062
11
0.4008862204724409
21
1.107388622047244
0
LINE
8
BLACK
6
CONTINUOUS
10
0.4008862204724409
20
1.107388622047244
11
0.3979334645669291
21
1.1081798031496062
0
LINE
8
BLACK
6
CONTINUOUS
10
0.3979334645669291
20
1.1081798031496062
11
0.3957718897637795
21
1.1103413779527558
0
LINE
8
BLACK
6
CONTINUOUS
10
0.3957718897637795
20
1.1103413779527558
11
0.3949807086614173
21
1.1132941338582676
0
LINE
8
BLACK
6
CONTINUOUS
10
0.3949807086614173
20
1.1132941338582676
11
0.3949807086614173
21
1.1723492519685039
0
LINE
8
BLACK
6
CONTINUOUS
10
0.3949807086614173
20
1.1723492519685039
11
0.3957718897637795
21
1.1753020078740157
0
LINE
8
BLACK
6
CONTINUOUS
10
0.3957718897637795
20
1.1753020078740157
11
0.3979334645669291
21
1.1774635826771653
0
LINE
8
BLACK
6
CONTINUOUS
10
0.3979334645669291
20
1.1774635826771653
11
0.4008862204724409
21
1.1782547637795275
0
LINE
8
BLACK
6
CONTINUOUS
10
0.4008862204724409
20
1.1782547637795275
11
0.4290077165354331
21
1.1782547637795275
0
LINE
8
BLACK
6
CONTINUOUS
10
0.4290077165354331
20
1.1782547637795275
11
0.4319604724409449
21
1.1774635826771653
0
LINE
8
BLACK
6
CONTINUOUS
10
0.5388220866141732
20
1.1774635826771653
11
0.5409836614173228
21
1.1753020078740157
0
LINE
8
BLACK
6
CONTINUOUS
10
0.5409836614173228
20
1.1753020078740157
11
0.541774842519685
21
1.1723492519685039
0
LINE
8
BLACK
6
CONTINUOUS
10
0.541774842519685
20
1.1723492519685039
11
0.541774842519685
21
1.1245427165354331
0
LINE
8
BLACK
6
CONTINUOUS
10
0.541774842519685
20
1.1245427165354331
11
0.5414234645669291
21
1.1232314566929134
0
LINE
8
BLACK
6
CONTINUOUS
10
0.5414234645669291
20
1.1232314566929134
11
0.5411513779527559
21
1.1219017322834646
0
LINE
8
BLACK
6
CONTINUOUS
10
0.5411513779527559
20
1.1219017322834646
11
0.538339251968504
21
1.1162774015748032
0
LINE
8
BLACK
6
CONTINUOUS
10
0.538339251968504
20
1.1162774015748032
11
0.5377083858267716
21
1.1155659842519685
0
LINE
8
BLACK
6
CONTINUOUS
10
0.5377083858267716
20
1.1155659842519685
11
0.5372329921259842
21
1.1147425590551181
0
LINE
8
BLACK
6
CONTINUOUS
10
0.5372329921259842
20
1.1147425590551181
11
0.5344208267716535
21
1.1119304330708661
0
LINE
8
BLACK
6
CONTINUOUS
10
0.5344208267716535
20
1.1119304330708661
11
0.5335974015748032
21
1.1114550393700786
0
LINE
8
BLACK
6
CONTINUOUS
10
0.5335974015748032
20
1.1114550393700786
11
0.5328860629921259
21
1.1108242519685039
0
LINE
8
BLACK
6
CONTINUOUS
10
0.5328860629921259
20
1.1108242519685039
11
0.5272617716535433
21
1.1080120866141732
0
LINE
8
BLACK
6
CONTINUOUS
10
0.5272617716535433
20
1.1080120866141732
11
0.5259318110236221
21
1.1077399212598424
0
LINE
8
BLACK
6
CONTINUOUS
10
0.5259318110236221
20
1.1077399212598424
11
0.5246207480314961
21
1.107388622047244
0
LINE
8
BLACK
6
CONTINUOUS
10
0.5246207480314961
20
1.107388622047244
11
0.5133721653543307
21
1.107388622047244
0
LINE
8
BLACK
6
CONTINUOUS
10
0.5133721653543307
20
1.107388622047244
11
0.5120611023622047
21
1.1077398818897637
0
LINE
8
BLACK
6
CONTINUOUS
10
0.5120611023622047
20
1.1077398818897637
11
0.5107311023622048
21
1.1080120866141732
0
LINE
8
BLACK
6
CONTINUOUS
10
0.5107311023622048
20
1.1080120866141732
11
0.5051068503937007
21
1.1108242519685039
0
LINE
8
BLACK
6
CONTINUOUS
10
0.5051068503937007
20
1.1108242519685039
11
0.5043954724409448
21
1.1114550393700786
0
LINE
8
BLACK
6
CONTINUOUS
10
0.5043954724409448
20
1.1114550393700786
11
0.5035720866141732
21
1.1119304330708661
0
LINE
8
BLACK
6
CONTINUOUS
10
0.5035720866141732
20
1.1119304330708661
11
0.5007599212598425
21
1.1147425590551181
0
LINE
8
BLACK
6
CONTINUOUS
10
0.5007599212598425
20
1.1147425590551181
11
0.5002844488188977
21
1.1155660236220473
0
LINE
8
BLACK
6
CONTINUOUS
10
0.5002844488188977
20
1.1155660236220473
11
0.4996536614173228
21
1.1162774015748032
0
LINE
8
BLACK
6
CONTINUOUS
10
0.4996536614173228
20
1.1162774015748032
11
0.4968414960629921
21
1.1219016929133858
0
LINE
8
BLACK
6
CONTINUOUS
10
0.4968414960629921
20
1.1219016929133858
11
0.4965693307086614
21
1.1232316141732284
0
LINE
8
BLACK
6
CONTINUOUS
10
0.4965693307086614
20
1.1232316141732284
11
0.496218031496063
21
1.1245427165354331
0
LINE
8
BLACK
6
CONTINUOUS
10
0.496218031496063
20
1.1245427165354331
11
0.496218031496063
21
1.1723492519685039
0
LINE
8
BLACK
6
CONTINUOUS
10
0.496218031496063
20
1.1723492519685039
11
0.4970092125984252
21
1.1753020078740157
0
LINE
8
BLACK
6
CONTINUOUS
10
0.4970092125984252
20
1.1753020078740157
11
0.4991707874015748
21
1.1774635826771653
0
LINE
8
BLACK
6
CONTINUOUS
10
0.4991707874015748
20
1.1774635826771653
11
0.5021235433070866
21
1.1782547637795275
0
LINE
8
BLACK
6
CONTINUOUS
10
0.5021235433070866
20
1.1782547637795275
11
0.5050762992125984
21
1.1774635826771653
0
LINE
8
BLACK
6
CONTINUOUS
10
0.5050762992125984
20
1.1774635826771653
11
0.507237874015748
21
1.1753020078740157
0
LINE
8
BLACK
6
CONTINUOUS
10
0.507237874015748
20
1.1753020078740157
11
0.5080290551181103
21
1.1723492519685039
0
LINE
8
BLACK
6
CONTINUOUS
10
0.5080290551181103
20
1.1723492519685039
11
0.5080290551181103
21
1.1259368110236221
0
LINE
8
BLACK
6
CONTINUOUS
10
0.5080290551181103
20
1.1259368110236221
11
0.5097891732283465
21
1.1224165748031496
0
LINE
8
BLACK
6
CONTINUOUS
10
0.5097891732283465
20
1.1224165748031496
11
0.5112460236220472
21
1.1209597637795274
0
LINE
8
BLACK
6
CONTINUOUS
10
0.5112460236220472
20
1.1209597637795274
11
0.5147662598425197
21
1.1191996456692914
0
LINE
8
BLACK
6
CONTINUOUS
10
0.5147662598425197
20
1.1191996456692914
11
0.5232266535433071
21
1.1191996456692914
0
LINE
8
BLACK
6
CONTINUOUS
10
0.5232266535433071
20
1.1191996456692914
11
0.5267468897637795
21
1.1209597637795274
0
LINE
8
BLACK
6
CONTINUOUS
10
0.5267468897637795
20
1.1209597637795274
11
0.5282037401574803
21
1.1224166141732284
0
LINE
8
BLACK
6
CONTINUOUS
10
0.5282037401574803
20
1.1224166141732284
11
0.5299638188976378
21
1.1259367716535433
0
LINE
8
BLACK
6
CONTINUOUS
10
0.5299638188976378
20
1.1259367716535433
11
0.5299638188976378
21
1.1723492519685039
0
LINE
8
BLACK
6
CONTINUOUS
10
0.5299638188976378
20
1.1723492519685039
11
0.530755
21
1.1753020078740157
0
LINE
8
BLACK
6
CONTINUOUS
10
0.530755
20
1.1753020078740157
11
0.5329165748031496
21
1.1774635826771653
0
LINE
8
BLACK
6
CONTINUOUS
10
0.5329165748031496
20
1.1774635826771653
11
0.5358693307086614
21
1.1782547637795275
0
LINE
8
BLACK
6
CONTINUOUS
10
0.5358693307086614
20
1.1782547637795275
11
0.5388220866141732
21
1.1774635826771653
0
LINE
8
BLACK
6
CONTINUOUS
10
0.4642604330708661
20
1.1779733464566928
11
0.4646209842519685
21
1.1779517322834645
0
LINE
8
BLACK
6
CONTINUOUS
10
0.4646209842519685
20
1.1779517322834645
11
0.465610905511811
21
1.1772981102362206
0
LINE
8
BLACK
6
CONTINUOUS
10
0.465610905511811
20
1.1772981102362206
11
0.4666716535433071
21
1.1767677559055119
0
LINE
8
BLACK
6
CONTINUOUS
10
0.4666716535433071
20
1.1767677559055119
11
0.4668705905511811
21
1.1764664173228345
0
LINE
8
BLACK
6
CONTINUOUS
10
0.4668705905511811
20
1.1764664173228345
11
0.4671720472440945
21
1.1762674015748031
0
LINE
8
BLACK
6
CONTINUOUS
10
0.4671720472440945
20
1.1762674015748031
11
0.4677025590551181
21
1.1752062992125984
0
LINE
8
BLACK
6
CONTINUOUS
10
0.4677025590551181
20
1.1752062992125984
11
0.4683559448818898
21
1.1742167322834645
0
LINE
8
BLACK
6
CONTINUOUS
10
0.4683559448818898
20
1.1742167322834645
11
0.4880410236220472
21
1.1151616141732283
0
LINE
8
BLACK
6
CONTINUOUS
10
0.4880410236220472
20
1.1151616141732283
11
0.4882241732283464
21
1.1121101968503937
0
LINE
8
BLACK
6
CONTINUOUS
10
0.4882241732283464
20
1.1121101968503937
11
0.4868570866141732
21
1.1093759842519684
0
LINE
8
BLACK
6
CONTINUOUS
10
0.4868570866141732
20
1.1093759842519684
11
0.4843060236220472
21
1.107691653543307
0
LINE
8
BLACK
6
CONTINUOUS
10
0.4843060236220472
20
1.107691653543307
11
0.4812546062992126
21
1.1075085039370078
0
LINE
8
BLACK
6
CONTINUOUS
10
0.4812546062992126
20
1.1075085039370078
11
0.4785203937007874
21
1.1088755905511811
0
LINE
8
BLACK
6
CONTINUOUS
10
0.4785203937007874
20
1.1088755905511811
11
0.4768361023622047
21
1.1114266535433071
0
LINE
8
BLACK
6
CONTINUOUS
10
0.4768361023622047
20
1.1114266535433071
11
0.4725578346456693
21
1.1242614960629922
0
LINE
8
BLACK
6
CONTINUOUS
10
0.4725578346456693
20
1.1242614960629922
11
0.4529492125984252
21
1.1242614960629922
0
LINE
8
BLACK
6
CONTINUOUS
10
0.4529492125984252
20
1.1242614960629922
11
0.448670905511811
21
1.1114266535433071
0
LINE
8
BLACK
6
CONTINUOUS
10
0.448670905511811
20
1.1114266535433071
11
0.4469866141732283
21
1.1088756299212599
0
LINE
8
BLACK
6
CONTINUOUS
10
0.4469866141732283
20
1.1088756299212599
11
0.4442524015748031
21
1.1075085039370078
0
LINE
8
BLACK
6
CONTINUOUS
10
0.4442524015748031
20
1.1075085039370078
11
0.4412009842519685
21
1.1076916929133858
0
LINE
8
BLACK
6
CONTINUOUS
10
0.4412009842519685
20
1.1076916929133858
11
0.4386499606299212
21
1.1093759842519684
0
LINE
8
BLACK
6
CONTINUOUS
10
0.4386499606299212
20
1.1093759842519684
11
0.4372828346456693
21
1.1121101968503937
0
LINE
8
BLACK
6
CONTINUOUS
10
0.4372828346456693
20
1.1121101968503937
11
0.4374660236220472
21
1.1151616141732283
0
LINE
8
BLACK
6
CONTINUOUS
10
0.4374660236220472
20
1.1151616141732283
11
0.457151062992126
21
1.1742167322834645
0
LINE
8
BLACK
6
CONTINUOUS
10
0.457151062992126
20
1.1742167322834645
11
0.4578045275590551
21
1.175206496062992
0
LINE
8
BLACK
6
CONTINUOUS
10
0.4578045275590551
20
1.175206496062992
11
0.458335
21
1.1762674015748031
0
LINE
8
BLACK
6
CONTINUOUS
10
0.458335
20
1.1762674015748031
11
0.4586362992125984
21
1.1764663385826772
0
LINE
8
BLACK
6
CONTINUOUS
10
0.4586362992125984
20
1.1764663385826772
11
0.4588353543307087
21
1.1767677952755906
0
LINE
8
BLACK
6
CONTINUOUS
10
0.4588353543307087
20
1.1767677952755906
11
0.4598964173228346
21
1.1772983070866141
0
LINE
8
BLACK
6
CONTINUOUS
10
0.4598964173228346
20
1.1772983070866141
11
0.4608860236220472
21
1.1779516929133858
0
LINE
8
BLACK
6
CONTINUOUS
10
0.4608860236220472
20
1.1779516929133858
11
0.4612464566929134
21
1.1779733070866141
0
LINE
8
BLACK
6
CONTINUOUS
10
0.4612464566929134
20
1.1779733070866141
11
0.4615695669291339
21
1.1781348818897637
0
LINE
8
BLACK
6
CONTINUOUS
10
0.4615695669291339
20
1.1781348818897637
11
0.4627536220472441
21
1.178063779527559
0
LINE
8
BLACK
6
CONTINUOUS
10
0.4627536220472441
20
1.178063779527559
11
0.4639374409448819
21
1.1781348818897637
0
LINE
8
BLACK
6
CONTINUOUS
10
0.4639374409448819
20
1.1781348818897637
11
0.4642604330708661
21
1.1779733464566928
0
LINE
8
BLACK
6
CONTINUOUS
10
0.4568862204724409
20
1.1360725196850394
11
0.4686208267716535
21
1.1360725196850394
0
LINE
8
BLACK
6
CONTINUOUS
10
0.4686208267716535
20
1.1360725196850394
11
0.4627535039370079
21
1.1536743700787402
0
LINE
8
BLACK
6
CONTINUOUS
10
0.4627535039370079
20
1.1536743700787402
11
0.4568862204724409
21
1.1360725196850394
0
LINE
8
BLACK
6
CONTINUOUS
10
0.8995333070866142
20
1.1295275590551181
11
0.9016948818897638
21
1.1273659842519685
0
LINE
8
BLACK
6
CONTINUOUS
10
0.9016948818897638
20
1.1273659842519685
11
0.902486062992126
21
1.1244132283464567
0
LINE
8
BLACK
6
CONTINUOUS
10
0.902486062992126
20
1.1244132283464567
11
0.9016948818897638
21
1.1214604724409449
0
LINE
8
BLACK
6
CONTINUOUS
10
0.9016948818897638
20
1.1214604724409449
11
0.8995333070866142
21
1.1192988976377953
0
LINE
8
BLACK
6
CONTINUOUS
10
0.8995333070866142
20
1.1192988976377953
11
0.8965805511811024
21
1.1185077165354331
0
LINE
8
BLACK
6
CONTINUOUS
10
0.8965805511811024
20
1.1185077165354331
11
0.8296514173228347
21
1.1185077165354331
0
LINE
8
BLACK
6
CONTINUOUS
10
0.8296514173228347
20
1.1185077165354331
11
0.8266986614173228
21
1.1192988976377953
0
LINE
8
BLACK
6
CONTINUOUS
10
0.8266986614173228
20
1.1192988976377953
11
0.8245370866141732
21
1.1214604724409449
0
LINE
8
BLACK
6
CONTINUOUS
10
0.8245370866141732
20
1.1214604724409449
11
0.823745905511811
21
1.1244132283464567
0
LINE
8
BLACK
6
CONTINUOUS
10
0.823745905511811
20
1.1244132283464567
11
0.8245370866141732
21
1.1273659842519685
0
LINE
8
BLACK
6
CONTINUOUS
10
0.8245370866141732
20
1.1273659842519685
11
0.8266986614173228
21
1.1295275590551181
0
LINE
8
BLACK
6
CONTINUOUS
10
0.8266986614173228
20
1.1295275590551181
11
0.8296514173228347
21
1.1303187401574804
0
LINE
8
BLACK
6
CONTINUOUS
10
0.8296514173228347
20
1.1303187401574804
11
0.8965805511811024
21
1.1303187401574804
0
LINE
8
BLACK
6
CONTINUOUS
10
0.8965805511811024
20
1.1303187401574804
11
0.8995333070866142
21
1.1295275590551181
0
LINE
8
BLACK
6
CONTINUOUS
10
0.8995333070866142
20
1.1964566929133857
11
0.9016948818897638
21
1.1942951181102361
0
LINE
8
BLACK
6
CONTINUOUS
10
0.9016948818897638
20
1.1942951181102361
11
0.902486062992126
21
1.1913423622047243
0
LINE
8
BLACK
6
CONTINUOUS
10
0.902486062992126
20
1.1913423622047243
11
0.902486062992126
21
1.1754068503937007
0
LINE
8
BLACK
6
CONTINUOUS
10
0.902486062992126
20
1.1754068503937007
11
0.9022399606299213
21
1.1744885039370079
0
LINE
8
BLACK
6
CONTINUOUS
10
0.9022399606299213
20
1.1744885039370079
11
0.9021830314960629
21
1.1735393700787402
0
LINE
8
BLACK
6
CONTINUOUS
10
0.9021830314960629
20
1.1735393700787402
11
0.8989959448818897
21
1.1639780708661418
0
LINE
8
BLACK
6
CONTINUOUS
10
0.8989959448818897
20
1.1639780708661418
11
0.8982479133858268
21
1.1628451574803149
0
LINE
8
BLACK
6
CONTINUOUS
10
0.8982479133858268
20
1.1628451574803149
11
0.8975692913385827
21
1.1616697244094487
0
LINE
8
BLACK
6
CONTINUOUS
10
0.8975692913385827
20
1.1616697244094487
11
0.8911950787401575
21
1.1552955118110235
0
LINE
8
BLACK
6
CONTINUOUS
10
0.8911950787401575
20
1.1552955118110235
11
0.8903717322834646
21
1.154820157480315
0
LINE
8
BLACK
6
CONTINUOUS
10
0.8903717322834646
20
1.154820157480315
11
0.8896603149606299
21
1.1541892913385827
0
LINE
8
BLACK
6
CONTINUOUS
10
0.8896603149606299
20
1.1541892913385827
11
0.883286062992126
21
1.1510021653543308
0
LINE
8
BLACK
6
CONTINUOUS
10
0.883286062992126
20
1.1510021653543308
11
0.8826473228346456
21
1.1508714173228347
0
LINE
8
BLACK
6
CONTINUOUS
10
0.8826473228346456
20
1.1508714173228347
11
0.8820773622047244
21
1.1505550393700787
0
LINE
8
BLACK
6
CONTINUOUS
10
0.8820773622047244
20
1.1505550393700787
11
0.8693289370078739
21
1.1473679527559055
0
LINE
8
BLACK
6
CONTINUOUS
10
0.8693289370078739
20
1.1473679527559055
11
0.8686004330708661
21
1.1473801968503936
0
LINE
8
BLACK
6
CONTINUOUS
10
0.8686004330708661
20
1.1473801968503936
11
0.867896653543307
21
1.1471916141732283
0
LINE
8
BLACK
6
CONTINUOUS
10
0.867896653543307
20
1.1471916141732283
11
0.8583353543307086
21
1.1471916141732283
0
LINE
8
BLACK
6
CONTINUOUS
10
0.8583353543307086
20
1.1471916141732283
11
0.8576316141732283
21
1.1473801574803149
0
LINE
8
BLACK
6
CONTINUOUS
10
0.8576316141732283
20
1.1473801574803149
11
0.8569030708661417
21
1.1473679133858268
0
LINE
8
BLACK
6
CONTINUOUS
10
0.8569030708661417
20
1.1473679133858268
11
0.8441546456692913
21
1.1505550393700787
0
LINE
8
BLACK
6
CONTINUOUS
10
0.8441546456692913
20
1.1505550393700787
11
0.8435846456692914
21
1.1508714173228347
0
LINE
8
BLACK
6
CONTINUOUS
10
0.8435846456692914
20
1.1508714173228347
11
0.842945905511811
21
1.1510021653543308
0
LINE
8
BLACK
6
CONTINUOUS
10
0.842945905511811
20
1.1510021653543308
11
0.8365716929133858
21
1.1541892913385827
0
LINE
8
BLACK
6
CONTINUOUS
10
0.8365716929133858
20
1.1541892913385827
11
0.83586031496063
21
1.1548200787401575
0
LINE
8
BLACK
6
CONTINUOUS
10
0.83586031496063
20
1.1548200787401575
11
0.8350368897637795
21
1.1552955118110235
0
LINE
8
BLACK
6
CONTINUOUS
10
0.8350368897637795
20
1.1552955118110235
11
0.828662716535433
21
1.1616697244094487
0
LINE
8
BLACK
6
CONTINUOUS
10
0.828662716535433
20
1.1616697244094487
11
0.827983937007874
21
1.1628453149606299
0
LINE
8
BLACK
6
CONTINUOUS
10
0.827983937007874
20
1.1628453149606299
11
0.8272361023622047
21
1.163978031496063
0
LINE
8
BLACK
6
CONTINUOUS
10
0.8272361023622047
20
1.163978031496063
11
0.8240489763779527
21
1.1735393307086615
0
LINE
8
BLACK
6
CONTINUOUS
10
0.8240489763779527
20
1.1735393307086615
11
0.823991968503937
21
1.1744883858267716
0
LINE
8
BLACK
6
CONTINUOUS
10
0.823991968503937
20
1.1744883858267716
11
0.823745905511811
21
1.1754068503937007
0
LINE
8
BLACK
6
CONTINUOUS
10
0.823745905511811
20
1.1754068503937007
11
0.823745905511811
21
1.1913423622047243
0
LINE
8
BLACK
6
CONTINUOUS
10
0.823745905511811
20
1.1913423622047243
11
0.8245370866141732
21
1.1942951181102361
0
LINE
8
BLACK
6
CONTINUOUS
10
0.8245370866141732
20
1.1942951181102361
11
0.8266986614173228
21
1.1964566929133857
0
LINE
8
BLACK
6
CONTINUOUS
10
0.8266986614173228
20
1.1964566929133857
11
0.8296514173228347
21
1.1972478740157479
0
LINE
8
BLACK
6
CONTINUOUS
10
0.8296514173228347
20
1.1972478740157479
11
0.8965805511811024
21
1.1972478740157479
0
LINE
8
BLACK
6
CONTINUOUS
10
0.8965805511811024
20
1.1972478740157479
11
0.8995333070866142
21
1.1964566929133857
0
LINE
8
BLACK
6
CONTINUOUS
10
0.8355569291338583
20
1.1763651574803149
11
0.8380001181102362
21
1.1690355905511811
0
LINE
8
BLACK
6
CONTINUOUS
10
0.8380001181102362
20
1.1690355905511811
11
0.842710905511811
21
1.1643247637795275
0
LINE
8
BLACK
6
CONTINUOUS
10
0.842710905511811
20
1.1643247637795275
11
0.8476482283464567
21
1.1618561023622047
0
LINE
8
BLACK
6
CONTINUOUS
10
0.8476482283464567
20
1.1618561023622047
11
0.8590623228346457
21
1.1590026377952756
0
LINE
8
BLACK
6
CONTINUOUS
10
0.8590623228346457
20
1.1590026377952756
11
0.8671697244094488
21
1.1590026377952756
0
LINE
8
BLACK
6
CONTINUOUS
10
0.8671697244094488
20
1.1590026377952756
11
0.8785837401574803
21
1.1618561023622047
0
LINE
8
BLACK
6
CONTINUOUS
10
0.8785837401574803
20
1.1618561023622047
11
0.8835210236220472
21
1.1643247637795275
0
LINE
8
BLACK
6
CONTINUOUS
10
0.8835210236220472
20
1.1643247637795275
11
0.888231811023622
21
1.1690355511811024
0
LINE
8
BLACK
6
CONTINUOUS
10
0.888231811023622
20
1.1690355511811024
11
0.8906750393700787
21
1.1763651181102361
0
LINE
8
BLACK
6
CONTINUOUS
10
0.8906750393700787
20
1.1763651181102361
11
0.8906750393700787
21
1.1854368503937007
0
LINE
8
BLACK
6
CONTINUOUS
10
0.8906750393700787
20
1.1854368503937007
11
0.8355569291338583
21
1.1854368503937007
0
LINE
8
BLACK
6
CONTINUOUS
10
0.8355569291338583
20
1.1854368503937007
11
0.8355569291338583
21
1.1763651574803149
0
LINE
8
BLACK
6
CONTINUOUS
10
0.6553020078740157
20
1.1964215354330709
11
0.6574635826771653
21
1.1942599606299211
0
LINE
8
BLACK
6
CONTINUOUS
10
0.6574635826771653
20
1.1942599606299211
11
0.6582547637795275
21
1.1913072047244093
0
LINE
8
BLACK
6
CONTINUOUS
10
0.6582547637795275
20
1.1913072047244093
11
0.6582547637795275
21
1.1631857086614172
0
LINE
8
BLACK
6
CONTINUOUS
10
0.6582547637795275
20
1.1631857086614172
11
0.6574635826771653
21
1.1602329527559054
0
LINE
8
BLACK
6
CONTINUOUS
10
0.6574635826771653
20
1.1602329527559054
11
0.6553020078740157
21
1.1580713779527558
0
LINE
8
BLACK
6
CONTINUOUS
10
0.6553020078740157
20
1.1580713779527558
11
0.6523492519685039
21
1.1572801968503936
0
LINE
8
BLACK
6
CONTINUOUS
10
0.6523492519685039
20
1.1572801968503936
11
0.6493964960629921
21
1.1580713779527558
0
LINE
8
BLACK
6
CONTINUOUS
10
0.6493964960629921
20
1.1580713779527558
11
0.6472349212598425
21
1.1602329527559054
0
LINE
8
BLACK
6
CONTINUOUS
10
0.6472349212598425
20
1.1602329527559054
11
0.6464437401574803
21
1.1631857086614172
0
LINE
8
BLACK
6
CONTINUOUS
10
0.6464437401574803
20
1.1631857086614172
11
0.6464437401574803
21
1.1854016929133857
0
LINE
8
BLACK
6
CONTINUOUS
10
0.6464437401574803
20
1.1854016929133857
11
0.6301332677165354
21
1.1854016929133857
0
LINE
8
BLACK
6
CONTINUOUS
10
0.6301332677165354
20
1.1854016929133857
11
0.6301332677165354
21
1.1716221653543306
0
LINE
8
BLACK
6
CONTINUOUS
10
0.6301332677165354
20
1.1716221653543306
11
0.6293420866141732
21
1.1686694094488188
0
LINE
8
BLACK
6
CONTINUOUS
10
0.6293420866141732
20
1.1686694094488188
11
0.6271805118110236
21
1.1665078346456692
0
LINE
8
BLACK
6
CONTINUOUS
10
0.6271805118110236
20
1.1665078346456692
11
0.6242277559055118
21
1.165716653543307
0
LINE
8
BLACK
6
CONTINUOUS
10
0.6242277559055118
20
1.165716653543307
11
0.621275
21
1.1665078346456692
0
LINE
8
BLACK
6
CONTINUOUS
10
0.621275
20
1.1665078346456692
11
0.6191134251968504
21
1.1686694094488188
0
LINE
8
BLACK
6
CONTINUOUS
10
0.6191134251968504
20
1.1686694094488188
11
0.6183222440944882
21
1.1716221653543306
0
LINE
8
BLACK
6
CONTINUOUS
10
0.6183222440944882
20
1.1716221653543306
11
0.6183222440944882
21
1.1854016929133857
0
LINE
8
BLACK
6
CONTINUOUS
10
0.6183222440944882
20
1.1854016929133857
11
0.5991996456692913
21
1.1854016929133857
0
LINE
8
BLACK
6
CONTINUOUS
10
0.5991996456692913
20
1.1854016929133857
11
0.5991996456692913
21
1.1631857086614172
0
LINE
8
BLACK
6
CONTINUOUS
10
0.5991996456692913
20
1.1631857086614172
11
0.5984084645669291
21
1.1602329527559054
0
LINE
8
BLACK
6
CONTINUOUS
10
0.5984084645669291
20
1.1602329527559054
11
0.5962468897637795
21
1.1580713779527558
0
LINE
8
BLACK
6
CONTINUOUS
10
0.5962468897637795
20
1.1580713779527558
11
0.5932941338582677
21
1.1572801968503936
0
LINE
8
BLACK
6
CONTINUOUS
10
0.5932941338582677
20
1.1572801968503936
11
0.5903413779527559
21
1.1580713779527558
0
LINE
8
BLACK
6
CONTINUOUS
10
0.5903413779527559
20
1.1580713779527558
11
0.5881798031496063
21
1.1602329527559054
0
LINE
8
BLACK
6
CONTINUOUS
10
0.5881798031496063
20
1.1602329527559054
11
0.5873886220472441
21
1.1631857086614172
0
LINE
8
BLACK
6
CONTINUOUS
10
0.5873886220472441
20
1.1631857086614172
11
0.5873886220472441
21
1.1913072047244093
0
LINE
8
BLACK
6
CONTINUOUS
10
0.5873886220472441
20
1.1913072047244093
11
0.5881798031496063
21
1.1942599606299211
0
LINE
8
BLACK
6
CONTINUOUS
10
0.5881798031496063
20
1.1942599606299211
11
0.5903413779527559
21
1.1964215354330709
0
LINE
8
BLACK
6
CONTINUOUS
10
0.5903413779527559
20
1.1964215354330709
11
0.5932941338582677
21
1.1972127165354332
0
LINE
8
BLACK
6
CONTINUOUS
10
0.5932941338582677
20
1.1972127165354332
11
0.6523492519685039
21
1.1972127165354332
0
LINE
8
BLACK
6
CONTINUOUS
10
0.6523492519685039
20
1.1972127165354332
11
0.6553020078740157
21
1.1964215354330709
0
LINE
8
BLACK
6
CONTINUOUS
10
1.2852648031496063
20
1.1815552755905512
11
1.2855459842519685
21
1.1814996456692912
0
LINE
8
BLACK
6
CONTINUOUS
10
1.2855459842519685
20
1.1814996456692912
11
1.2856023228346456
21
1.1814154724409449
0
LINE
8
BLACK
6
CONTINUOUS
10
1.2856023228346456
20
1.1814154724409449
11
1.2856959842519684
21
1.1813766929133858
0
LINE
8
BLACK
6
CONTINUOUS
10
1.2856959842519684
20
1.1813766929133858
11
1.2858056299212599
21
1.1811118897637796
0
LINE
8
BLACK
6
CONTINUOUS
10
1.2858056299212599
20
1.1811118897637796
11
1.285965157480315
21
1.1808737401574803
0
LINE
8
BLACK
6
CONTINUOUS
10
1.285965157480315
20
1.1808737401574803
11
1.2859454724409449
21
1.1807742913385826
0
LINE
8
BLACK
6
CONTINUOUS
10
1.2859454724409449
20
1.1807742913385826
11
1.2859842519685039
21
1.1806807086614173
0
LINE
8
BLACK
6
CONTINUOUS
10
1.2859842519685039
20
1.1806807086614173
11
1.2859842519685039
21
1.1619799212598425
0
LINE
8
BLACK
6
CONTINUOUS
10
1.2859842519685039
20
1.1619799212598425
11
1.2906242913385826
21
1.1619799212598425
0
LINE
8
BLACK
6
CONTINUOUS
10
1.2906242913385826
20
1.1619799212598425
11
1.2913202755905511
21
1.1616916535433071
0
LINE
8
BLACK
6
CONTINUOUS
10
1.2913202755905511
20
1.1616916535433071
11
1.2916085433070865
21
1.1609956692913386
0
LINE
8
BLACK
6
CONTINUOUS
10
1.2916085433070865
20
1.1609956692913386
11
1.2913202755905511
21
1.1602996850393701
0
LINE
8
BLACK
6
CONTINUOUS
10
1.2913202755905511
20
1.1602996850393701
11
1.2906242913385826
21
1.1600114173228346
0
LINE
8
BLACK
6
CONTINUOUS
10
1.2906242913385826
20
1.1600114173228346
11
1.2849999999999999
21
1.1600114173228346
0
LINE
8
BLACK
6
CONTINUOUS
10
1.2849999999999999
20
1.1600114173228346
11
1.2793757086614173
21
1.1600114173228346
0
LINE
8
BLACK
6
CONTINUOUS
10
1.2793757086614173
20
1.1600114173228346
11
1.2786797244094488
21
1.1602996850393701
0
LINE
8
BLACK
6
CONTINUOUS
10
1.2786797244094488
20
1.1602996850393701
11
1.2783914566929133
21
1.1609956692913386
0
LINE
8
BLACK
6
CONTINUOUS
10
1.2783914566929133
20
1.1609956692913386
11
1.2786797244094488
21
1.1616916535433071
0
LINE
8
BLACK
6
CONTINUOUS
10
1.2786797244094488
20
1.1616916535433071
11
1.2793757086614173
21
1.1619799212598425
0
LINE
8
BLACK
6
CONTINUOUS
10
1.2793757086614173
20
1.1619799212598425
11
1.284015748031496
21
1.1619799212598425
0
LINE
8
BLACK
6
CONTINUOUS
10
1.284015748031496
20
1.1619799212598425
11
1.284015748031496
21
1.1774299606299212
0
LINE
8
BLACK
6
CONTINUOUS
10
1.284015748031496
20
1.1774299606299212
11
1.2839441732283465
21
1.1773225984251969
0
LINE
8
BLACK
6
CONTINUOUS
10
1.2839441732283465
20
1.1773225984251969
11
1.2838599606299212
21
1.1772661811023621
0
LINE
8
BLACK
6
CONTINUOUS
10
1.2838599606299212
20
1.1772661811023621
11
1.2838211811023621
21
1.1771725590551181
0
LINE
8
BLACK
6
CONTINUOUS
10
1.2838211811023621
20
1.1771725590551181
11
1.2819464566929133
21
1.1752977952755905
0
LINE
8
BLACK
6
CONTINUOUS
10
1.2819464566929133
20
1.1752977952755905
11
1.2817967322834645
21
1.1752357874015749
0
LINE
8
BLACK
6
CONTINUOUS
10
1.2817967322834645
20
1.1752357874015749
11
1.2816906299212598
21
1.1751134251968505
0
LINE
8
BLACK
6
CONTINUOUS
10
1.2816906299212598
20
1.1751134251968505
11
1.2798158661417323
21
1.1741760629921261
0
LINE
8
BLACK
6
CONTINUOUS
10
1.2798158661417323
20
1.1741760629921261
11
1.2790644488188976
21
1.1741226771653543
0
LINE
8
BLACK
6
CONTINUOUS
10
1.2790644488188976
20
1.1741226771653543
11
1.2784953543307087
21
1.1746162598425196
0
LINE
8
BLACK
6
CONTINUOUS
10
1.2784953543307087
20
1.1746162598425196
11
1.278441968503937
21
1.1753676771653543
0
LINE
8
BLACK
6
CONTINUOUS
10
1.278441968503937
20
1.1753676771653543
11
1.2789355511811022
21
1.1759367716535434
0
LINE
8
BLACK
6
CONTINUOUS
10
1.2789355511811022
20
1.1759367716535434
11
1.2806674409448819
21
1.1768027165354331
0
LINE
8
BLACK
6
CONTINUOUS
10
1.2806674409448819
20
1.1768027165354331
11
1.2823603543307087
21
1.1784956299212599
0
LINE
8
BLACK
6
CONTINUOUS
10
1.2823603543307087
20
1.1784956299212599
11
1.284181062992126
21
1.1812266929133859
0
LINE
8
BLACK
6
CONTINUOUS
10
1.284181062992126
20
1.1812266929133859
11
1.2842651968503938
21
1.181283031496063
0
LINE
8
BLACK
6
CONTINUOUS
10
1.2842651968503938
20
1.181283031496063
11
1.2843040157480314
21
1.1813766929133858
0
LINE
8
BLACK
6
CONTINUOUS
10
1.2843040157480314
20
1.1813766929133858
11
1.2845687795275591
21
1.181486338582677
0
LINE
8
BLACK
6
CONTINUOUS
10
1.2845687795275591
20
1.181486338582677
11
1.2848069685039369
21
1.1816458661417322
0
LINE
8
BLACK
6
CONTINUOUS
10
1.2848069685039369
20
1.1816458661417322
11
1.2849063779527559
21
1.1816261811023623
0
LINE
8
BLACK
6
CONTINUOUS
10
1.2849063779527559
20
1.1816261811023623
11
1.2849999999999999
21
1.1816649606299212
0
LINE
8
BLACK
6
CONTINUOUS
10
1.2849999999999999
20
1.1816649606299212
11
1.2852648031496063
21
1.1815552755905512
0
LINE
8
BLACK
6
CONTINUOUS
10
0.542411811023622
20
1.2474800393700787
11
0.5437416929133858
21
1.2472079133858267
0
LINE
8
BLACK
6
CONTINUOUS
10
0.5437416929133858
20
1.2472079133858267
11
0.5493659842519685
21
1.2443957874015747
0
LINE
8
BLACK
6
CONTINUOUS
10
0.5493659842519685
20
1.2443957874015747
11
0.5500773622047244
21
1.2437649212598425
0
LINE
8
BLACK
6
CONTINUOUS
10
0.5500773622047244
20
1.2437649212598425
11
0.5509008267716535
21
1.2432895275590552
0
LINE
8
BLACK
6
CONTINUOUS
10
0.5509008267716535
20
1.2432895275590552
11
0.5537129527559055
21
1.2404773622047245
0
LINE
8
BLACK
6
CONTINUOUS
10
0.5537129527559055
20
1.2404773622047245
11
0.5541883070866142
21
1.2396539370078741
0
LINE
8
BLACK
6
CONTINUOUS
10
0.5541883070866142
20
1.2396539370078741
11
0.5548191338582678
21
1.2389425984251967
0
LINE
8
BLACK
6
CONTINUOUS
10
0.5548191338582678
20
1.2389425984251967
11
0.5576312992125985
21
1.2333183464566928
0
LINE
8
BLACK
6
CONTINUOUS
10
0.5576312992125985
20
1.2333183464566928
11
0.5579034645669291
21
1.2319883070866142
0
LINE
8
BLACK
6
CONTINUOUS
10
0.5579034645669291
20
1.2319883070866142
11
0.5582547637795275
21
1.230677283464567
0
LINE
8
BLACK
6
CONTINUOUS
10
0.5582547637795275
20
1.230677283464567
11
0.5582547637795275
21
1.2166165354330709
0
LINE
8
BLACK
6
CONTINUOUS
10
0.5582547637795275
20
1.2166165354330709
11
0.5580086614173229
21
1.2156980708661418
0
LINE
8
BLACK
6
CONTINUOUS
10
0.5580086614173229
20
1.2156980708661418
11
0.5579516929133859
21
1.2147490157480314
0
LINE
8
BLACK
6
CONTINUOUS
10
0.5579516929133859
20
1.2147490157480314
11
0.5551395275590552
21
1.2063125984251968
0
LINE
8
BLACK
6
CONTINUOUS
10
0.5551395275590552
20
1.2063125984251968
11
0.5534552362204724
21
1.2037615354330709
0
LINE
8
BLACK
6
CONTINUOUS
10
0.5534552362204724
20
1.2037615354330709
11
0.5507210236220472
21
1.2023944488188976
0
LINE
8
BLACK
6
CONTINUOUS
10
0.5507210236220472
20
1.2023944488188976
11
0.5476696062992126
21
1.2025776377952755
0
LINE
8
BLACK
6
CONTINUOUS
10
0.5476696062992126
20
1.2025776377952755
11
0.5451185433070866
21
1.2042619291338583
0
LINE
8
BLACK
6
CONTINUOUS
10
0.5451185433070866
20
1.2042619291338583
11
0.5437514566929134
21
1.2069961417322834
0
LINE
8
BLACK
6
CONTINUOUS
10
0.5437514566929134
20
1.2069961417322834
11
0.5439346456692913
21
1.2100475590551181
0
LINE
8
BLACK
6
CONTINUOUS
10
0.5439346456692913
20
1.2100475590551181
11
0.5464437401574803
21
1.2175748818897638
0
LINE
8
BLACK
6
CONTINUOUS
10
0.5464437401574803
20
1.2175748818897638
11
0.5464437401574803
21
1.2292831496062993
0
LINE
8
BLACK
6
CONTINUOUS
10
0.5464437401574803
20
1.2292831496062993
11
0.5446835826771653
21
1.2328033858267717
0
LINE
8
BLACK
6
CONTINUOUS
10
0.5446835826771653
20
1.2328033858267717
11
0.5432266929133858
21
1.2342602755905512
0
LINE
8
BLACK
6
CONTINUOUS
10
0.5432266929133858
20
1.2342602755905512
11
0.5397065748031495
21
1.2360203543307087
0
LINE
8
BLACK
6
CONTINUOUS
10
0.5397065748031495
20
1.2360203543307087
11
0.5368704330708661
21
1.2360203543307087
0
LINE
8
BLACK
6
CONTINUOUS
10
0.5368704330708661
20
1.2360203543307087
11
0.5333502755905511
21
1.2342602755905512
0
LINE
8
BLACK
6
CONTINUOUS
10
0.5333502755905511
20
1.2342602755905512
11
0.5318933858267716
21
1.2328034251968503
0
LINE
8
BLACK
6
CONTINUOUS
10
0.5318933858267716
20
1.2328034251968503
11
0.5297996456692913
21
1.2286159842519684
0
LINE
8
BLACK
6
CONTINUOUS
10
0.5297996456692913
20
1.2286159842519684
11
0.5271448031496063
21
1.2179964173228346
0
LINE
8
BLACK
6
CONTINUOUS
10
0.5271448031496063
20
1.2179964173228346
11
0.5268283858267716
21
1.2174264566929134
0
LINE
8
BLACK
6
CONTINUOUS
10
0.5268283858267716
20
1.2174264566929134
11
0.5266976771653543
21
1.2167876377952755
0
LINE
8
BLACK
6
CONTINUOUS
10
0.5266976771653543
20
1.2167876377952755
11
0.5238855118110236
21
1.2111633858267716
0
LINE
8
BLACK
6
CONTINUOUS
10
0.5238855118110236
20
1.2111633858267716
11
0.5232546850393701
21
1.2104520078740157
0
LINE
8
BLACK
6
CONTINUOUS
10
0.5232546850393701
20
1.2104520078740157
11
0.5227793307086614
21
1.2096286220472441
0
LINE
8
BLACK
6
CONTINUOUS
10
0.5227793307086614
20
1.2096286220472441
11
0.5199672047244094
21
1.2068164566929134
0
LINE
8
BLACK
6
CONTINUOUS
10
0.5199672047244094
20
1.2068164566929134
11
0.5191437401574803
21
1.2063410236220473
0
LINE
8
BLACK
6
CONTINUOUS
10
0.5191437401574803
20
1.2063410236220473
11
0.5184323622047244
21
1.2057101968503936
0
LINE
8
BLACK
6
CONTINUOUS
10
0.5184323622047244
20
1.2057101968503936
11
0.512808031496063
21
1.2028980314960629
0
LINE
8
BLACK
6
CONTINUOUS
10
0.512808031496063
20
1.2028980314960629
11
0.5114780708661417
21
1.2026258661417322
0
LINE
8
BLACK
6
CONTINUOUS
10
0.5114780708661417
20
1.2026258661417322
11
0.5101670078740157
21
1.2022745669291339
0
LINE
8
BLACK
6
CONTINUOUS
10
0.5101670078740157
20
1.2022745669291339
11
0.504542716535433
21
1.2022745669291339
0
LINE
8
BLACK
6
CONTINUOUS
10
0.504542716535433
20
1.2022745669291339
11
0.5032316535433071
21
1.2026258267716534
0
LINE
8
BLACK
6
CONTINUOUS
10
0.5032316535433071
20
1.2026258267716534
11
0.5019016535433071
21
1.2028980314960629
0
LINE
8
BLACK
6
CONTINUOUS
10
0.5019016535433071
20
1.2028980314960629
11
0.4962774015748032
21
1.2057101968503936
0
LINE
8
BLACK
6
CONTINUOUS
10
0.4962774015748032
20
1.2057101968503936
11
0.4955660236220472
21
1.2063409842519686
0
LINE
8
BLACK
6
CONTINUOUS
10
0.4955660236220472
20
1.2063409842519686
11
0.4947425590551181
21
1.2068164566929134
0
LINE
8
BLACK
6
CONTINUOUS
10
0.4947425590551181
20
1.2068164566929134
11
0.4919304330708661
21
1.2096286220472441
0
LINE
8
BLACK
6
CONTINUOUS
10
0.4919304330708661
20
1.2096286220472441
11
0.4914550393700787
21
1.2104520078740157
0
LINE
8
BLACK
6
CONTINUOUS
10
0.4914550393700787
20
1.2104520078740157
11
0.4908242519685039
21
1.2111633858267716
0
LINE
8
BLACK
6
CONTINUOUS
10
0.4908242519685039
20
1.2111633858267716
11
0.4880120866141732
21
1.2167876771653543
0
LINE
8
BLACK
6
CONTINUOUS
10
0.4880120866141732
20
1.2167876771653543
11
0.4877399212598425
21
1.2181175984251968
0
LINE
8
BLACK
6
CONTINUOUS
10
0.4877399212598425
20
1.2181175984251968
11
0.4873886220472441
21
1.2194287007874016
0
LINE
8
BLACK
6
CONTINUOUS
10
0.4873886220472441
20
1.2194287007874016
11
0.4873886220472441
21
1.2334894488188977
0
LINE
8
BLACK
6
CONTINUOUS
10
0.4873886220472441
20
1.2334894488188977
11
0.4876346850393701
21
1.234407874015748
0
LINE
8
BLACK
6
CONTINUOUS
10
0.4876346850393701
20
1.234407874015748
11
0.4876916929133858
21
1.2353569685039369
0
LINE
8
BLACK
6
CONTINUOUS
10
0.4876916929133858
20
1.2353569685039369
11
0.4905038582677165
21
1.2437933464566928
0
LINE
8
BLACK
6
CONTINUOUS
10
0.4905038582677165
20
1.2437933464566928
11
0.4921881889763779
21
1.2463443700787402
0
LINE
8
BLACK
6
CONTINUOUS
10
0.4921881889763779
20
1.2463443700787402
11
0.4949223622047244
21
1.247711496062992
0
LINE
8
BLACK
6
CONTINUOUS
10
0.4949223622047244
20
1.247711496062992
11
0.4979737795275591
21
1.2475283070866141
0
LINE
8
BLACK
6
CONTINUOUS
10
0.4979737795275591
20
1.2475283070866141
11
0.500524842519685
21
1.2458439763779527
0
LINE
8
BLACK
6
CONTINUOUS
10
0.500524842519685
20
1.2458439763779527
11
0.5018919291338583
21
1.2431097637795274
0
LINE
8
BLACK
6
CONTINUOUS
10
0.5018919291338583
20
1.2431097637795274
11
0.5017087401574803
21
1.240058346456693
0
LINE
8
BLACK
6
CONTINUOUS
10
0.5017087401574803
20
1.240058346456693
11
0.4991996456692913
21
1.2325311023622048
0
LINE
8
BLACK
6
CONTINUOUS
10
0.4991996456692913
20
1.2325311023622048
11
0.4991996456692913
21
1.2208227952755906
0
LINE
8
BLACK
6
CONTINUOUS
10
0.4991996456692913
20
1.2208227952755906
11
0.5009597637795276
21
1.2173025196850393
0
LINE
8
BLACK
6
CONTINUOUS
10
0.5009597637795276
20
1.2173025196850393
11
0.5024166141732284
21
1.2158456692913386
0
LINE
8
BLACK
6
CONTINUOUS
10
0.5024166141732284
20
1.2158456692913386
11
0.5059368110236221
21
1.2140855905511811
0
LINE
8
BLACK
6
CONTINUOUS
10
0.5059368110236221
20
1.2140855905511811
11
0.5087729133858268
21
1.2140855905511811
0
LINE
8
BLACK
6
CONTINUOUS
10
0.5087729133858268
20
1.2140855905511811
11
0.5122931102362205
21
1.2158456692913386
0
LINE
8
BLACK
6
CONTINUOUS
10
0.5122931102362205
20
1.2158456692913386
11
0.5137499606299213
21
1.2173025590551181
0
LINE
8
BLACK
6
CONTINUOUS
10
0.5137499606299213
20
1.2173025590551181
11
0.5158436614173229
21
1.2214899606299212
0
LINE
8
BLACK
6
CONTINUOUS
10
0.5158436614173229
20
1.2214899606299212
11
0.5184985826771653
21
1.2321095669291338
0
LINE
8
BLACK
6
CONTINUOUS
10
0.5184985826771653
20
1.2321095669291338
11
0.5188149606299213
21
1.2326795275590552
0
LINE
8
BLACK
6
CONTINUOUS
10
0.5188149606299213
20
1.2326795275590552
11
0.5189457086614173
21
1.2333183070866141
0
LINE
8
BLACK
6
CONTINUOUS
10
0.5189457086614173
20
1.2333183070866141
11
0.521757874015748
21
1.2389425984251967
0
LINE
8
BLACK
6
CONTINUOUS
10
0.521757874015748
20
1.2389425984251967
11
0.5223886614173229
21
1.2396539370078741
0
LINE
8
BLACK
6
CONTINUOUS
10
0.5223886614173229
20
1.2396539370078741
11
0.5228640551181102
21
1.2404773622047245
0
LINE
8
BLACK
6
CONTINUOUS
10
0.5228640551181102
20
1.2404773622047245
11
0.5256761811023621
21
1.2432895275590552
0
LINE
8
BLACK
6
CONTINUOUS
10
0.5256761811023621
20
1.2432895275590552
11
0.5264996850393701
21
1.243765
0
LINE
8
BLACK
6
CONTINUOUS
10
0.5264996850393701
20
1.243765
11
0.5272110629921259
21
1.2443957874015747
0
LINE
8
BLACK
6
CONTINUOUS
10
0.5272110629921259
20
1.2443957874015747
11
0.5328353937007874
21
1.2472079527559055
0
LINE
8
BLACK
6
CONTINUOUS
10
0.5328353937007874
20
1.2472079527559055
11
0.5341654724409449
21
1.2474801181102362
0
LINE
8
BLACK
6
CONTINUOUS
10
0.5341654724409449
20
1.2474801181102362
11
0.5354763779527559
21
1.2478313779527559
0
LINE
8
BLACK
6
CONTINUOUS
10
0.5354763779527559
20
1.2478313779527559
11
0.5411006692913386
21
1.2478313779527559
0
LINE
8
BLACK
6
CONTINUOUS
10
0.5411006692913386
20
1.2478313779527559
11
0.542411811023622
21
1.2474800393700787
0
LINE
8
BLACK
6
CONTINUOUS
10
0.7523623228346457
20
1.25064
11
0.7523755511811023
21
1.2506435039370078
0
LINE
8
BLACK
6
CONTINUOUS
10
0.7523755511811023
20
1.2506435039370078
11
0.7538413385826771
21
1.2502437007874017
0
LINE
8
BLACK
6
CONTINUOUS
10
0.7538413385826771
20
1.2502437007874017
11
0.7553020078740157
21
1.2498523622047244
0
LINE
8
BLACK
6
CONTINUOUS
10
0.7553020078740157
20
1.2498523622047244
11
0.7553115748031496
21
1.2498427559055119
0
LINE
8
BLACK
6
CONTINUOUS
10
0.7553115748031496
20
1.2498427559055119
11
0.7553247637795275
21
1.2498391732283465
0
LINE
8
BLACK
6
CONTINUOUS
10
0.7553247637795275
20
1.2498391732283465
11
0.756394094488189
21
1.2487602362204724
0
LINE
8
BLACK
6
CONTINUOUS
10
0.756394094488189
20
1.2487602362204724
11
0.7574635826771653
21
1.2476907874015748
0
LINE
8
BLACK
6
CONTINUOUS
10
0.7574635826771653
20
1.2476907874015748
11
0.7574670866141732
21
1.2476776377952756
0
LINE
8
BLACK
6
CONTINUOUS
10
0.7574670866141732
20
1.2476776377952756
11
0.7574766929133858
21
1.2476679921259841
0
LINE
8
BLACK
6
CONTINUOUS
10
0.7574766929133858
20
1.2476679921259841
11
0.7578633858267716
21
1.2461986220472441
0
LINE
8
BLACK
6
CONTINUOUS
10
0.7578633858267716
20
1.2461986220472441
11
0.7582547637795275
21
1.244738031496063
0
LINE
8
BLACK
6
CONTINUOUS
10
0.7582547637795275
20
1.244738031496063
11
0.758251220472441
21
1.2447249212598426
0
LINE
8
BLACK
6
CONTINUOUS
10
0.758251220472441
20
1.2447249212598426
11
0.7582547244094489
21
1.2447117322834644
0
LINE
8
BLACK
6
CONTINUOUS
10
0.7582547244094489
20
1.2447117322834644
11
0.7578549212598426
21
1.243245905511811
0
LINE
8
BLACK
6
CONTINUOUS
10
0.7578549212598426
20
1.243245905511811
11
0.7574635826771653
21
1.2417852755905512
0
LINE
8
BLACK
6
CONTINUOUS
10
0.7574635826771653
20
1.2417852755905512
11
0.7574539763779528
21
1.2417756692913386
0
LINE
8
BLACK
6
CONTINUOUS
10
0.7574539763779528
20
1.2417756692913386
11
0.7574503937007874
21
1.2417625196850393
0
LINE
8
BLACK
6
CONTINUOUS
10
0.7574503937007874
20
1.2417625196850393
11
0.7563736614173228
21
1.2406953543307087
0
LINE
8
BLACK
6
CONTINUOUS
10
0.7563736614173228
20
1.2406953543307087
11
0.7553020078740157
21
1.2396237007874016
0
LINE
8
BLACK
6
CONTINUOUS
10
0.7553020078740157
20
1.2396237007874016
11
0.7552888188976378
21
1.239620157480315
0
LINE
8
BLACK
6
CONTINUOUS
10
0.7552888188976378
20
1.239620157480315
11
0.7552792125984252
21
1.2396106299212599
0
LINE
8
BLACK
6
CONTINUOUS
10
0.7552792125984252
20
1.2396106299212599
11
0.7155316929133858
21
1.2168977559055119
0
LINE
8
BLACK
6
CONTINUOUS
10
0.7155316929133858
20
1.2168977559055119
11
0.7523492519685039
21
1.2168977559055119
0
LINE
8
BLACK
6
CONTINUOUS
10
0.7523492519685039
20
1.2168977559055119
11
0.7553020078740157
21
1.2161065748031497
0
LINE
8
BLACK
6
CONTINUOUS
10
0.7553020078740157
20
1.2161065748031497
11
0.7574635826771653
21
1.2139450000000001
0
LINE
8
BLACK
6
CONTINUOUS
10
0.7574635826771653
20
1.2139450000000001
11
0.7582547637795275
21
1.2109922440944882
0
LINE
8
BLACK
6
CONTINUOUS
10
0.7582547637795275
20
1.2109922440944882
11
0.7574635826771653
21
1.2080394881889764
0
LINE
8
BLACK
6
CONTINUOUS
10
0.7574635826771653
20
1.2080394881889764
11
0.7553020078740157
21
1.2058779133858268
0
LINE
8
BLACK
6
CONTINUOUS
10
0.7553020078740157
20
1.2058779133858268
11
0.7523492519685039
21
1.2050867322834646
0
LINE
8
BLACK
6
CONTINUOUS
10
0.7523492519685039
20
1.2050867322834646
11
0.6932941338582677
21
1.2050867322834646
0
LINE
8
BLACK
6
CONTINUOUS
10
0.6932941338582677
20
1.2050867322834646
11
0.6932810236220472
21
1.2050902362204725
0
LINE
8
BLACK
6
CONTINUOUS
10
0.6932810236220472
20
1.2050902362204725
11
0.6932678346456693
21
1.2050867716535434
0
LINE
8
BLACK
6
CONTINUOUS
10
0.6932678346456693
20
1.2050867716535434
11
0.6918020078740157
21
1.2054865354330708
0
LINE
8
BLACK
6
CONTINUOUS
10
0.6918020078740157
20
1.2054865354330708
11
0.6903413779527559
21
1.2058779133858268
0
LINE
8
BLACK
6
CONTINUOUS
10
0.6903413779527559
20
1.2058779133858268
11
0.6903317716535433
21
1.2058874803149606
0
LINE
8
BLACK
6
CONTINUOUS
10
0.6903317716535433
20
1.2058874803149606
11
0.690318622047244
21
1.2058911023622048
0
LINE
8
BLACK
6
CONTINUOUS
10
0.690318622047244
20
1.2058911023622048
11
0.6892514566929133
21
1.2069677952755906
0
LINE
8
BLACK
6
CONTINUOUS
10
0.6892514566929133
20
1.2069677952755906
11
0.6881798031496063
21
1.2080394881889764
0
LINE
8
BLACK
6
CONTINUOUS
10
0.6881798031496063
20
1.2080394881889764
11
0.6881762598425196
21
1.2080526377952756
0
LINE
8
BLACK
6
CONTINUOUS
10
0.6881762598425196
20
1.2080526377952756
11
0.6881667322834646
21
1.2080622834645669
0
LINE
8
BLACK
6
CONTINUOUS
10
0.6881667322834646
20
1.2080622834645669
11
0.6877811023622047
21
1.209527440944882
0
LINE
8
BLACK
6
CONTINUOUS
10
0.6877811023622047
20
1.209527440944882
11
0.687388622047244
21
1.2109922440944882
0
LINE
8
BLACK
6
CONTINUOUS
10
0.687388622047244
20
1.2109922440944882
11
0.6873921259842519
21
1.2110053149606299
0
LINE
8
BLACK
6
CONTINUOUS
10
0.6873921259842519
20
1.2110053149606299
11
0.6873886614173228
21
1.2110185433070866
0
LINE
8
BLACK
6
CONTINUOUS
10
0.6873886614173228
20
1.2110185433070866
11
0.6877884251968504
21
1.2124843307086615
0
LINE
8
BLACK
6
CONTINUOUS
10
0.6877884251968504
20
1.2124843307086615
11
0.6881798031496063
21
1.2139450000000001
0
LINE
8
BLACK
6
CONTINUOUS
10
0.6881798031496063
20
1.2139450000000001
11
0.6881893700787401
21
1.2139545669291338
0
LINE
8
BLACK
6
CONTINUOUS
10
0.6881893700787401
20
1.2139545669291338
11
0.6881929921259843
21
1.2139677559055118
0
LINE
8
BLACK
6
CONTINUOUS
10
0.6881929921259843
20
1.2139677559055118
11
0.68926968503937
21
1.2150348818897638
0
LINE
8
BLACK
6
CONTINUOUS
10
0.68926968503937
20
1.2150348818897638
11
0.6903413779527559
21
1.2161065748031497
0
LINE
8
BLACK
6
CONTINUOUS
10
0.6903413779527559
20
1.2161065748031497
11
0.6903545275590551
21
1.2161100787401575
0
LINE
8
BLACK
6
CONTINUOUS
10
0.6903545275590551
20
1.2161100787401575
11
0.6903641732283464
21
1.2161196456692913
0
LINE
8
BLACK
6
CONTINUOUS
10
0.6903641732283464
20
1.2161196456692913
11
0.7301116535433071
21
1.2388325196850394
0
LINE
8
BLACK
6
CONTINUOUS
10
0.7301116535433071
20
1.2388325196850394
11
0.6932941338582677
21
1.2388325196850394
0
LINE
8
BLACK
6
CONTINUOUS
10
0.6932941338582677
20
1.2388325196850394
11
0.6903413779527559
21
1.2396237007874016
0
LINE
8
BLACK
6
CONTINUOUS
10
0.6903413779527559
20
1.2396237007874016
11
0.6881798031496063
21
1.2417852755905512
0
LINE
8
BLACK
6
CONTINUOUS
10
0.6881798031496063
20
1.2417852755905512
11
0.687388622047244
21
1.244738031496063
0
LINE
8
BLACK
6
CONTINUOUS
10
0.687388622047244
20
1.244738031496063
11
0.6881798031496063
21
1.2476907874015748
0
LINE
8
BLACK
6
CONTINUOUS
10
0.6881798031496063
20
1.2476907874015748
11
0.6903413779527559
21
1.2498523622047244
0
LINE
8
BLACK
6
CONTINUOUS
10
0.6903413779527559
20
1.2498523622047244
11
0.6932941338582677
21
1.2506435433070866
0
LINE
8
BLACK
6
CONTINUOUS
10
0.6932941338582677
20
1.2506435433070866
11
0.7523492519685039
21
1.2506435433070866
0
LINE
8
BLACK
6
CONTINUOUS
10
0.7523492519685039
20
1.2506435433070866
11
0.7523623228346457
21
1.25064
0
LINE
8
BLACK
6
CONTINUOUS
10
0.9253830314960629
20
1.2779034251968504
11
0.9267129921259842
21
1.2776312992125984
0
LINE
8
BLACK
6
CONTINUOUS
10
0.9267129921259842
20
1.2776312992125984
11
0.9323372834645669
21
1.2748191338582677
0
LINE
8
BLACK
6
CONTINUOUS
10
0.9323372834645669
20
1.2748191338582677
11
0.933048622047244
21
1.2741883070866142
0
LINE
8
BLACK
6
CONTINUOUS
10
0.933048622047244
20
1.2741883070866142
11
0.9338720866141732
21
1.2737129133858267
0
LINE
8
BLACK
6
CONTINUOUS
10
0.9338720866141732
20
1.2737129133858267
11
0.9394963779527559
21
1.268088622047244
0
LINE
8
BLACK
6
CONTINUOUS
10
0.9394963779527559
20
1.268088622047244
11
0.9395220078740157
21
1.2680441732283465
0
LINE
8
BLACK
6
CONTINUOUS
10
0.9395220078740157
20
1.2680441732283465
11
0.9395660236220472
21
1.2680177952755904
0
LINE
8
BLACK
6
CONTINUOUS
10
0.9395660236220472
20
1.2680177952755904
11
0.9402844488188976
21
1.2667235826771652
0
LINE
8
BLACK
6
CONTINUOUS
10
0.9402844488188976
20
1.2667235826771652
11
0.941024842519685
21
1.2654412598425198
0
LINE
8
BLACK
6
CONTINUOUS
10
0.941024842519685
20
1.2654412598425198
11
0.941024842519685
21
1.2653899212598425
0
LINE
8
BLACK
6
CONTINUOUS
10
0.941024842519685
20
1.2653899212598425
11
0.9410497244094488
21
1.2653451181102362
0
LINE
8
BLACK
6
CONTINUOUS
10
0.9410497244094488
20
1.2653451181102362
11
0.9438618897637795
21
1.2540965354330709
0
LINE
8
BLACK
6
CONTINUOUS
10
0.9438618897637795
20
1.2540965354330709
11
0.9438496062992126
21
1.2533679921259842
0
LINE
8
BLACK
6
CONTINUOUS
10
0.9438496062992126
20
1.2533679921259842
11
0.9440382283464567
21
1.2526642125984251
0
LINE
8
BLACK
6
CONTINUOUS
10
0.9440382283464567
20
1.2526642125984251
11
0.9440382283464567
21
1.2329791732283464
0
LINE
8
BLACK
6
CONTINUOUS
10
0.9440382283464567
20
1.2329791732283464
11
0.9438496062992126
21
1.2322753543307086
0
LINE
8
BLACK
6
CONTINUOUS
10
0.9438496062992126
20
1.2322753543307086
11
0.9438618897637795
21
1.2315468503937008
0
LINE
8
BLACK
6
CONTINUOUS
10
0.9438618897637795
20
1.2315468503937008
11
0.9410497244094488
21
1.2202982677165355
0
LINE
8
BLACK
6
CONTINUOUS
10
0.9410497244094488
20
1.2202982677165355
11
0.941024842519685
21
1.2202534251968504
0
LINE
8
BLACK
6
CONTINUOUS
10
0.941024842519685
20
1.2202534251968504
11
0.941024842519685
21
1.2202021259842519
0
LINE
8
BLACK
6
CONTINUOUS
10
0.941024842519685
20
1.2202021259842519
11
0.9402844488188976
21
1.2189197637795275
0
LINE
8
BLACK
6
CONTINUOUS
10
0.9402844488188976
20
1.2189197637795275
11
0.9395660236220472
21
1.217625590551181
0
LINE
8
BLACK
6
CONTINUOUS
10
0.9395660236220472
20
1.217625590551181
11
0.9395220078740157
21
1.2175991732283464
0
LINE
8
BLACK
6
CONTINUOUS
10
0.9395220078740157
20
1.2175991732283464
11
0.9394963779527559
21
1.2175547637795274
0
LINE
8
BLACK
6
CONTINUOUS
10
0.9394963779527559
20
1.2175547637795274
11
0.9338720866141732
21
1.2119304724409448
0
LINE
8
BLACK
6
CONTINUOUS
10
0.9338720866141732
20
1.2119304724409448
11
0.933048622047244
21
1.2114550393700787
0
LINE
8
BLACK
6
CONTINUOUS
10
0.933048622047244
20
1.2114550393700787
11
0.9323372834645669
21
1.210824251968504
0
LINE
8
BLACK
6
CONTINUOUS
10
0.9323372834645669
20
1.210824251968504
11
0.9267129921259842
21
1.2080120866141733
0
LINE
8
BLACK
6
CONTINUOUS
10
0.9267129921259842
20
1.2080120866141733
11
0.9253830314960629
21
1.2077399212598425
0
LINE
8
BLACK
6
CONTINUOUS
10
0.9253830314960629
20
1.2077399212598425
11
0.924071968503937
21
1.2073886220472441
0
LINE
8
BLACK
6
CONTINUOUS
10
0.924071968503937
20
1.2073886220472441
11
0.9128233858267716
21
1.2073886220472441
0
LINE
8
BLACK
6
CONTINUOUS
10
0.9128233858267716
20
1.2073886220472441
11
0.9115123228346457
21
1.2077398818897638
0
LINE
8
BLACK
6
CONTINUOUS
10
0.9115123228346457
20
1.2077398818897638
11
0.9101823228346456
21
1.2080120866141733
0
LINE
8
BLACK
6
CONTINUOUS
10
0.9101823228346456
20
1.2080120866141733
11
0.9045580708661417
21
1.210824251968504
0
LINE
8
BLACK
6
CONTINUOUS
10
0.9045580708661417
20
1.210824251968504
11
0.9038466535433071
21
1.2114550393700787
0
LINE
8
BLACK
6
CONTINUOUS
10
0.9038466535433071
20
1.2114550393700787
11
0.9030232677165354
21
1.2119304724409448
0
LINE
8
BLACK
6
CONTINUOUS
10
0.9030232677165354
20
1.2119304724409448
11
0.897398937007874
21
1.2175547637795274
0
LINE
8
BLACK
6
CONTINUOUS
10
0.897398937007874
20
1.2175547637795274
11
0.8973732677165354
21
1.2175991732283464
0
LINE
8
BLACK
6
CONTINUOUS
10
0.8973732677165354
20
1.2175991732283464
11
0.8973292913385826
21
1.217625590551181
0
LINE
8
BLACK
6
CONTINUOUS
10
0.8973292913385826
20
1.217625590551181
11
0.8966111023622048
21
1.2189192913385827
0
LINE
8
BLACK
6
CONTINUOUS
10
0.8966111023622048
20
1.2189192913385827
11
0.8958704724409449
21
1.2202021259842519
0
LINE
8
BLACK
6
CONTINUOUS
10
0.8958704724409449
20
1.2202021259842519
11
0.8958704724409449
21
1.2202534645669292
0
LINE
8
BLACK
6
CONTINUOUS
10
0.8958704724409449
20
1.2202534645669292
11
0.8958455905511811
21
1.2202983070866142
0
LINE
8
BLACK
6
CONTINUOUS
10
0.8958455905511811
20
1.2202983070866142
11
0.8930334645669291
21
1.2315468897637796
0
LINE
8
BLACK
6
CONTINUOUS
10
0.8930334645669291
20
1.2315468897637796
11
0.8930457086614173
21
1.2322753149606298
0
LINE
8
BLACK
6
CONTINUOUS
10
0.8930457086614173
20
1.2322753149606298
11
0.8928571259842519
21
1.2329791732283464
0
LINE
8
BLACK
6
CONTINUOUS
10
0.8928571259842519
20
1.2329791732283464
11
0.8928571259842519
21
1.2526642125984251
0
LINE
8
BLACK
6
CONTINUOUS
10
0.8928571259842519
20
1.2526642125984251
11
0.8930457086614173
21
1.2533680314960629
0
LINE
8
BLACK
6
CONTINUOUS
10
0.8930457086614173
20
1.2533680314960629
11
0.8930334645669291
21
1.2540964960629921
0
LINE
8
BLACK
6
CONTINUOUS
10
0.8930334645669291
20
1.2540964960629921
11
0.8958455905511811
21
1.2653450787401574
0
LINE
8
BLACK
6
CONTINUOUS
10
0.8958455905511811
20
1.2653450787401574
11
0.8958704724409449
21
1.2653898818897638
0
LINE
8
BLACK
6
CONTINUOUS
10
0.8958704724409449
20
1.2653898818897638
11
0.8958704724409449
21
1.2654412598425198
0
LINE
8
BLACK
6
CONTINUOUS
10
0.8958704724409449
20
1.2654412598425198
11
0.8966111023622048
21
1.2667240551181103
0
LINE
8
BLACK
6
CONTINUOUS
10
0.8966111023622048
20
1.2667240551181103
11
0.8973292913385826
21
1.2680177952755904
0
LINE
8
BLACK
6
CONTINUOUS
10
0.8973292913385826
20
1.2680177952755904
11
0.8973732677165354
21
1.2680441732283465
0
LINE
8
BLACK
6
CONTINUOUS
10
0.8973732677165354
20
1.2680441732283465
11
0.897398937007874
21
1.268088622047244
0
LINE
8
BLACK
6
CONTINUOUS
10
0.897398937007874
20
1.268088622047244
11
0.9030232677165354
21
1.2737129133858267
0
LINE
8
BLACK
6
CONTINUOUS
10
0.9030232677165354
20
1.2737129133858267
11
0.9038466535433071
21
1.2741883070866142
0
LINE
8
BLACK
6
CONTINUOUS
10
0.9038466535433071
20
1.2741883070866142
11
0.9045580708661417
21
1.2748191338582677
0
LINE
8
BLACK
6
CONTINUOUS
10
0.9045580708661417
20
1.2748191338582677
11
0.9101823228346456
21
1.2776312992125984
0
LINE
8
BLACK
6
CONTINUOUS
10
0.9101823228346456
20
1.2776312992125984
11
0.9115123228346457
21
1.2779034645669292
0
LINE
8
BLACK
6
CONTINUOUS
10
0.9115123228346457
20
1.2779034645669292
11
0.9128233858267716
21
1.2782547637795276
0
LINE
8
BLACK
6
CONTINUOUS
10
0.9128233858267716
20
1.2782547637795276
11
0.924071968503937
21
1.2782547637795276
0
LINE
8
BLACK
6
CONTINUOUS
10
0.924071968503937
20
1.2782547637795276
11
0.9253830314960629
21
1.2779034251968504
0
LINE
8
BLACK
6
CONTINUOUS
10
0.9106972440944882
20
1.2646836220472442
11
0.9069072047244094
21
1.2608935433070867
0
LINE
8
BLACK
6
CONTINUOUS
10
0.9069072047244094
20
1.2608935433070867
11
0.9046681496062992
21
1.251937283464567
0
LINE
8
BLACK
6
CONTINUOUS
10
0.9046681496062992
20
1.251937283464567
11
0.9046681496062992
21
1.2337060629921259
0
LINE
8
BLACK
6
CONTINUOUS
10
0.9046681496062992
20
1.2337060629921259
11
0.9069072047244094
21
1.2247498031496062
0
LINE
8
BLACK
6
CONTINUOUS
10
0.9069072047244094
20
1.2247498031496062
11
0.9106972440944882
21
1.2209597244094488
0
LINE
8
BLACK
6
CONTINUOUS
10
0.9106972440944882
20
1.2209597244094488
11
0.9142174803149606
21
1.2191996456692913
0
LINE
8
BLACK
6
CONTINUOUS
10
0.9142174803149606
20
1.2191996456692913
11
0.922677874015748
21
1.2191996456692913
0
LINE
8
BLACK
6
CONTINUOUS
10
0.922677874015748
20
1.2191996456692913
11
0.9261980708661417
21
1.2209597637795275
0
LINE
8
BLACK
6
CONTINUOUS
10
0.9261980708661417
20
1.2209597637795275
11
0.9299880708661417
21
1.2247497637795275
0
LINE
8
BLACK
6
CONTINUOUS
10
0.9299880708661417
20
1.2247497637795275
11
0.9322272047244095
21
1.2337061023622047
0
LINE
8
BLACK
6
CONTINUOUS
10
0.9322272047244095
20
1.2337061023622047
11
0.9322272047244095
21
1.2519372440944883
0
LINE
8
BLACK
6
CONTINUOUS
10
0.9322272047244095
20
1.2519372440944883
11
0.9299880708661417
21
1.2608935826771652
0
LINE
8
BLACK
6
CONTINUOUS
10
0.9299880708661417
20
1.2608935826771652
11
0.9261980708661417
21
1.2646835826771654
0
LINE
8
BLACK
6
CONTINUOUS
10
0.9261980708661417
20
1.2646835826771654
11
0.922677874015748
21
1.2664437401574802
0
LINE
8
BLACK
6
CONTINUOUS
10
0.922677874015748
20
1.2664437401574802
11
0.9142174803149606
21
1.2664437401574802
0
LINE
8
BLACK
6
CONTINUOUS
10
0.9142174803149606
20
1.2664437401574802
11
0.9106972440944882
21
1.2646836220472442
0
LINE
8
BLACK
6
CONTINUOUS
10
1.0001405905511811
20
1.2774635826771654
11
1.0023021653543307
21
1.2753020078740158
0
LINE
8
BLACK
6
CONTINUOUS
10
1.0023021653543307
20
1.2753020078740158
11
1.0030933464566929
21
1.272349251968504
0
LINE
8
BLACK
6
CONTINUOUS
10
1.0030933464566929
20
1.272349251968504
11
1.0030933464566929
21
1.224542716535433
0
LINE
8
BLACK
6
CONTINUOUS
10
1.0030933464566929
20
1.224542716535433
11
1.0027419685039369
21
1.2232314566929134
0
LINE
8
BLACK
6
CONTINUOUS
10
1.0027419685039369
20
1.2232314566929134
11
1.0024698818897637
21
1.2219017322834644
0
LINE
8
BLACK
6
CONTINUOUS
10
1.0024698818897637
20
1.2219017322834644
11
0.9996577559055118
21
1.216277401574803
0
LINE
8
BLACK
6
CONTINUOUS
10
0.9996577559055118
20
1.216277401574803
11
0.9990268897637795
21
1.2155659842519684
0
LINE
8
BLACK
6
CONTINUOUS
10
0.9990268897637795
20
1.2155659842519684
11
0.9985514960629921
21
1.2147425590551182
0
LINE
8
BLACK
6
CONTINUOUS
10
0.9985514960629921
20
1.2147425590551182
11
0.9957393307086614
21
1.211930433070866
0
LINE
8
BLACK
6
CONTINUOUS
10
0.9957393307086614
20
1.211930433070866
11
0.994915905511811
21
1.2114550393700787
0
LINE
8
BLACK
6
CONTINUOUS
10
0.994915905511811
20
1.2114550393700787
11
0.9942045669291338
21
1.210824251968504
0
LINE
8
BLACK
6
CONTINUOUS
10
0.9942045669291338
20
1.210824251968504
11
0.9885802755905512
21
1.2080120866141733
0
LINE
8
BLACK
6
CONTINUOUS
10
0.9885802755905512
20
1.2080120866141733
11
0.9872503149606299
21
1.2077399212598425
0
LINE
8
BLACK
6
CONTINUOUS
10
0.9872503149606299
20
1.2077399212598425
11
0.985939251968504
21
1.2073886220472441
0
LINE
8
BLACK
6
CONTINUOUS
10
0.985939251968504
20
1.2073886220472441
11
0.9746906692913385
21
1.2073886220472441
0
LINE
8
BLACK
6
CONTINUOUS
10
0.9746906692913385
20
1.2073886220472441
11
0.9733796062992126
21
1.2077398818897638
0
LINE
8
BLACK
6
CONTINUOUS
10
0.9733796062992126
20
1.2077398818897638
11
0.9720496062992126
21
1.2080120866141733
0
LINE
8
BLACK
6
CONTINUOUS
10
0.9720496062992126
20
1.2080120866141733
11
0.9664253543307086
21
1.210824251968504
0
LINE
8
BLACK
6
CONTINUOUS
10
0.9664253543307086
20
1.210824251968504
11
0.9657139763779528
21
1.2114550393700787
0
LINE
8
BLACK
6
CONTINUOUS
10
0.9657139763779528
20
1.2114550393700787
11
0.9648905905511811
21
1.211930433070866
0
LINE
8
BLACK
6
CONTINUOUS
10
0.9648905905511811
20
1.211930433070866
11
0.9620784251968504
21
1.2147425590551182
0
LINE
8
BLACK
6
CONTINUOUS
10
0.9620784251968504
20
1.2147425590551182
11
0.9616029527559055
21
1.2155660236220471
0
LINE
8
BLACK
6
CONTINUOUS
10
0.9616029527559055
20
1.2155660236220471
11
0.9609721653543307
21
1.216277401574803
0
LINE
8
BLACK
6
CONTINUOUS
10
0.9609721653543307
20
1.216277401574803
11
0.95816
21
1.2219016929133859
0
LINE
8
BLACK
6
CONTINUOUS
10
0.95816
20
1.2219016929133859
11
0.9578878346456693
21
1.2232316141732282
0
LINE
8
BLACK
6
CONTINUOUS
10
0.9578878346456693
20
1.2232316141732282
11
0.9575365354330708
21
1.224542716535433
0
LINE
8
BLACK
6
CONTINUOUS
10
0.9575365354330708
20
1.224542716535433
11
0.9575365354330708
21
1.272349251968504
0
LINE
8
BLACK
6
CONTINUOUS
10
0.9575365354330708
20
1.272349251968504
11
0.958327716535433
21
1.2753020078740158
0
LINE
8
BLACK
6
CONTINUOUS
10
0.958327716535433
20
1.2753020078740158
11
0.9604892913385826
21
1.2774635826771654
0
LINE
8
BLACK
6
CONTINUOUS
10
0.9604892913385826
20
1.2774635826771654
11
0.9634420472440944
21
1.2782547637795276
0
LINE
8
BLACK
6
CONTINUOUS
10
0.9634420472440944
20
1.2782547637795276
11
0.9663948031496062
21
1.2774635826771654
0
LINE
8
BLACK
6
CONTINUOUS
10
0.9663948031496062
20
1.2774635826771654
11
0.9685563779527558
21
1.2753020078740158
0
LINE
8
BLACK
6
CONTINUOUS
10
0.9685563779527558
20
1.2753020078740158
11
0.969347559055118
21
1.272349251968504
0
LINE
8
BLACK
6
CONTINUOUS
10
0.969347559055118
20
1.272349251968504
11
0.969347559055118
21
1.225936811023622
0
LINE
8
BLACK
6
CONTINUOUS
10
0.969347559055118
20
1.225936811023622
11
0.9711076771653543
21
1.2224165748031495
0
LINE
8
BLACK
6
CONTINUOUS
10
0.9711076771653543
20
1.2224165748031495
11
0.9725645275590551
21
1.2209597637795275
0
LINE
8
BLACK
6
CONTINUOUS
10
0.9725645275590551
20
1.2209597637795275
11
0.9760847637795276
21
1.2191996456692913
0
LINE
8
BLACK
6
CONTINUOUS
10
0.9760847637795276
20
1.2191996456692913
11
0.9845451574803149
21
1.2191996456692913
0
LINE
8
BLACK
6
CONTINUOUS
10
0.9845451574803149
20
1.2191996456692913
11
0.9880653937007874
21
1.2209597637795275
0
LINE
8
BLACK
6
CONTINUOUS
10
0.9880653937007874
20
1.2209597637795275
11
0.9895222440944882
21
1.2224166141732282
0
LINE
8
BLACK
6
CONTINUOUS
10
0.9895222440944882
20
1.2224166141732282
11
0.9912823228346457
21
1.2259367716535432
0
LINE
8
BLACK
6
CONTINUOUS
10
0.9912823228346457
20
1.2259367716535432
11
0.9912823228346457
21
1.272349251968504
0
LINE
8
BLACK
6
CONTINUOUS
10
0.9912823228346457
20
1.272349251968504
11
0.9920735039370079
21
1.2753020078740158
0
LINE
8
BLACK
6
CONTINUOUS
10
0.9920735039370079
20
1.2753020078740158
11
0.9942350787401575
21
1.2774635826771654
0
LINE
8
BLACK
6
CONTINUOUS
10
0.9942350787401575
20
1.2774635826771654
11
0.9971878346456693
21
1.2782547637795276
0
LINE
8
BLACK
6
CONTINUOUS
10
0.9971878346456693
20
1.2782547637795276
11
1.0001405905511811
21
1.2774635826771654
0
LINE
8
BLACK
6
CONTINUOUS
10
1.0535714566929133
20
1.2774635826771654
11
1.0557330314960629
21
1.2753020078740158
0
LINE
8
BLACK
6
CONTINUOUS
10
1.0557330314960629
20
1.2753020078740158
11
1.0565242125984251
21
1.272349251968504
0
LINE
8
BLACK
6
CONTINUOUS
10
1.0565242125984251
20
1.272349251968504
11
1.0557330314960629
21
1.2693964960629922
0
LINE
8
BLACK
6
CONTINUOUS
10
1.0557330314960629
20
1.2693964960629922
11
1.0535714566929133
21
1.2672349212598424
0
LINE
8
BLACK
6
CONTINUOUS
10
1.0535714566929133
20
1.2672349212598424
11
1.0506187007874015
21
1.2664437401574802
0
LINE
8
BLACK
6
CONTINUOUS
10
1.0506187007874015
20
1.2664437401574802
11
1.0396512992125984
21
1.2664437401574802
0
LINE
8
BLACK
6
CONTINUOUS
10
1.0396512992125984
20
1.2664437401574802
11
1.0396512992125984
21
1.2132941338582677
0
LINE
8
BLACK
6
CONTINUOUS
10
1.0396512992125984
20
1.2132941338582677
11
1.0388601181102362
21
1.2103413779527559
0
LINE
8
BLACK
6
CONTINUOUS
10
1.0388601181102362
20
1.2103413779527559
11
1.0366985433070866
21
1.2081798031496063
0
LINE
8
BLACK
6
CONTINUOUS
10
1.0366985433070866
20
1.2081798031496063
11
1.0337457874015747
21
1.2073886220472441
0
LINE
8
BLACK
6
CONTINUOUS
10
1.0337457874015747
20
1.2073886220472441
11
1.0307930314960629
21
1.2081798031496063
0
LINE
8
BLACK
6
CONTINUOUS
10
1.0307930314960629
20
1.2081798031496063
11
1.0286314566929133
21
1.2103413779527559
0
LINE
8
BLACK
6
CONTINUOUS
10
1.0286314566929133
20
1.2103413779527559
11
1.0278402755905511
21
1.2132941338582677
0
LINE
8
BLACK
6
CONTINUOUS
10
1.0278402755905511
20
1.2132941338582677
11
1.0278402755905511
21
1.2664437401574802
0
LINE
8
BLACK
6
CONTINUOUS
10
1.0278402755905511
20
1.2664437401574802
11
1.0168729133858267
21
1.2664437401574802
0
LINE
8
BLACK
6
CONTINUOUS
10
1.0168729133858267
20
1.2664437401574802
11
1.0139201574803149
21
1.2672349212598424
0
LINE
8
BLACK
6
CONTINUOUS
10
1.0139201574803149
20
1.2672349212598424
11
1.0117585826771653
21
1.2693964960629922
0
LINE
8
BLACK
6
CONTINUOUS
10
1.0117585826771653
20
1.2693964960629922
11
1.0109674015748031
21
1.272349251968504
0
LINE
8
BLACK
6
CONTINUOUS
10
1.0109674015748031
20
1.272349251968504
11
1.0117585826771653
21
1.2753020078740158
0
LINE
8
BLACK
6
CONTINUOUS
10
1.0117585826771653
20
1.2753020078740158
11
1.0139201574803149
21
1.2774635826771654
0
LINE
8
BLACK
6
CONTINUOUS
10
1.0139201574803149
20
1.2774635826771654
11
1.0168729133858267
21
1.2782547637795276
0
LINE
8
BLACK
6
CONTINUOUS
10
1.0168729133858267
20
1.2782547637795276
11
1.0506187007874015
21
1.2782547637795276
0
LINE
8
BLACK
6
CONTINUOUS
10
1.0506187007874015
20
1.2782547637795276
11
1.0535714566929133
21
1.2774635826771654
0
LINE
8
BLACK
6
CONTINUOUS
10
1.0834198031496063
20
1.2807638582677165
11
1.0859708267716535
21
1.2790795275590552
0
LINE
8
BLACK
6
CONTINUOUS
10
1.0859708267716535
20
1.2790795275590552
11
1.0873379527559055
21
1.2763453543307086
0
LINE
8
BLACK
6
CONTINUOUS
10
1.0873379527559055
20
1.2763453543307086
11
1.0871547637795276
21
1.273293937007874
0
LINE
8
BLACK
6
CONTINUOUS
10
1.0871547637795276
20
1.273293937007874
11
1.075685
21
1.23888468503937
0
LINE
8
BLACK
6
CONTINUOUS
10
1.075685
20
1.23888468503937
11
1.0897075590551182
21
1.23888468503937
0
LINE
8
BLACK
6
CONTINUOUS
10
1.0897075590551182
20
1.23888468503937
11
1.0897075590551182
21
1.2526642125984251
0
LINE
8
BLACK
6
CONTINUOUS
10
1.0897075590551182
20
1.2526642125984251
11
1.0904987401574804
21
1.2556169685039369
0
LINE
8
BLACK
6
CONTINUOUS
10
1.0904987401574804
20
1.2556169685039369
11
1.09266031496063
21
1.2577785433070865
0
LINE
8
BLACK
6
CONTINUOUS
10
1.09266031496063
20
1.2577785433070865
11
1.0956130708661418
21
1.2585697244094487
0
LINE
8
BLACK
6
CONTINUOUS
10
1.0956130708661418
20
1.2585697244094487
11
1.0985658267716536
21
1.2577785433070865
0
LINE
8
BLACK
6
CONTINUOUS
10
1.0985658267716536
20
1.2577785433070865
11
1.1007274015748032
21
1.2556169685039369
0
LINE
8
BLACK
6
CONTINUOUS
10
1.1007274015748032
20
1.2556169685039369
11
1.1015185826771654
21
1.2526642125984251
0
LINE
8
BLACK
6
CONTINUOUS
10
1.1015185826771654
20
1.2526642125984251
11
1.1015185826771654
21
1.23888468503937
0
LINE
8
BLACK
6
CONTINUOUS
10
1.1015185826771654
20
1.23888468503937
11
1.1040494881889764
21
1.23888468503937
0
LINE
8
BLACK
6
CONTINUOUS
10
1.1040494881889764
20
1.23888468503937
11
1.1070022440944882
21
1.2380935039370078
0
LINE
8
BLACK
6
CONTINUOUS
10
1.1070022440944882
20
1.2380935039370078
11
1.1091638188976378
21
1.2359319291338582
0
LINE
8
BLACK
6
CONTINUOUS
10
1.1091638188976378
20
1.2359319291338582
11
1.109955
21
1.2329791732283464
0
LINE
8
BLACK
6
CONTINUOUS
10
1.109955
20
1.2329791732283464
11
1.1091638188976378
21
1.2300264173228346
0
LINE
8
BLACK
6
CONTINUOUS
10
1.1091638188976378
20
1.2300264173228346
11
1.1070022440944882
21
1.227864842519685
0
LINE
8
BLACK
6
CONTINUOUS
10
1.1070022440944882
20
1.227864842519685
11
1.1040494881889764
21
1.2270736614173228
0
LINE
8
BLACK
6
CONTINUOUS
10
1.1040494881889764
20
1.2270736614173228
11
1.1015185826771654
21
1.2270736614173228
0
LINE
8
BLACK
6
CONTINUOUS
10
1.1015185826771654
20
1.2270736614173228
11
1.1015185826771654
21
1.2132941338582677
0
LINE
8
BLACK
6
CONTINUOUS
10
1.1015185826771654
20
1.2132941338582677
11
1.1007274015748032
21
1.2103413779527559
0
LINE
8
BLACK
6
CONTINUOUS
10
1.1007274015748032
20
1.2103413779527559
11
1.0985658267716536
21
1.2081798031496063
0
LINE
8
BLACK
6
CONTINUOUS
10
1.0985658267716536
20
1.2081798031496063
11
1.0956130708661418
21
1.2073886220472441
0
LINE
8
BLACK
6
CONTINUOUS
10
1.0956130708661418
20
1.2073886220472441
11
1.09266031496063
21
1.2081798031496063
0
LINE
8
BLACK
6
CONTINUOUS
10
1.09266031496063
20
1.2081798031496063
11
1.0904987401574804
21
1.2103413779527559
0
LINE
8
BLACK
6
CONTINUOUS
10
1.0904987401574804
20
1.2103413779527559
11
1.0897075590551182
21
1.2132941338582677
0
LINE
8
BLACK
6
CONTINUOUS
10
1.0897075590551182
20
1.2132941338582677
11
1.0897075590551182
21
1.2270736614173228
0
LINE
8
BLACK
6
CONTINUOUS
10
1.0897075590551182
20
1.2270736614173228
11
1.0674915748031495
21
1.2270736614173228
0
LINE
8
BLACK
6
CONTINUOUS
10
1.0674915748031495
20
1.2270736614173228
11
1.0665731102362204
21
1.2273197244094487
0
LINE
8
BLACK
6
CONTINUOUS
10
1.0665731102362204
20
1.2273197244094487
11
1.065624094488189
21
1.2273767322834646
0
LINE
8
BLACK
6
CONTINUOUS
10
1.065624094488189
20
1.2273767322834646
11
1.0651211023622047
21
1.227708779527559
0
LINE
8
BLACK
6
CONTINUOUS
10
1.0651211023622047
20
1.227708779527559
11
1.0645388188976377
21
1.227864842519685
0
LINE
8
BLACK
6
CONTINUOUS
10
1.0645388188976377
20
1.227864842519685
11
1.0638664566929135
21
1.2285371653543307
0
LINE
8
BLACK
6
CONTINUOUS
10
1.0638664566929135
20
1.2285371653543307
11
1.0630730708661418
21
1.2290610236220472
0
LINE
8
BLACK
6
CONTINUOUS
10
1.0630730708661418
20
1.2290610236220472
11
1.0628034645669291
21
1.229600157480315
0
LINE
8
BLACK
6
CONTINUOUS
10
1.0628034645669291
20
1.229600157480315
11
1.0623772440944881
21
1.2300264173228346
0
LINE
8
BLACK
6
CONTINUOUS
10
1.0623772440944881
20
1.2300264173228346
11
1.0621311417322834
21
1.2309448031496062
0
LINE
8
BLACK
6
CONTINUOUS
10
1.0621311417322834
20
1.2309448031496062
11
1.0617059448818897
21
1.2317952362204725
0
LINE
8
BLACK
6
CONTINUOUS
10
1.0617059448818897
20
1.2317952362204725
11
1.0617420472440944
21
1.2323969291338583
0
LINE
8
BLACK
6
CONTINUOUS
10
1.0617420472440944
20
1.2323969291338583
11
1.0615860629921259
21
1.2329791732283464
0
LINE
8
BLACK
6
CONTINUOUS
10
1.0615860629921259
20
1.2329791732283464
11
1.061832125984252
21
1.2338975984251968
0
LINE
8
BLACK
6
CONTINUOUS
10
1.061832125984252
20
1.2338975984251968
11
1.0618891338582677
21
1.2348466535433071
0
LINE
8
BLACK
6
CONTINUOUS
10
1.0618891338582677
20
1.2348466535433071
11
1.075949842519685
21
1.2770288976377953
0
LINE
8
BLACK
6
CONTINUOUS
10
1.075949842519685
20
1.2770288976377953
11
1.0776341732283465
21
1.2795799212598424
0
LINE
8
BLACK
6
CONTINUOUS
10
1.0776341732283465
20
1.2795799212598424
11
1.0803683858267716
21
1.2809470472440945
0
LINE
8
BLACK
6
CONTINUOUS
10
1.0803683858267716
20
1.2809470472440945
11
1.0834198031496063
21
1.2807638582677165
0
LINE
8
BLACK
6
CONTINUOUS
10
0.6553020078740157
20
1.2582888188976378
11
0.6574635826771653
21
1.2561272440944882
0
LINE
8
BLACK
6
CONTINUOUS
10
0.6574635826771653
20
1.2561272440944882
11
0.6582547637795275
21
1.2531744881889764
0
LINE
8
BLACK
6
CONTINUOUS
10
0.6582547637795275
20
1.2531744881889764
11
0.6574635826771653
21
1.2502217322834646
0
LINE
8
BLACK
6
CONTINUOUS
10
0.6574635826771653
20
1.2502217322834646
11
0.6553020078740157
21
1.248060157480315
0
LINE
8
BLACK
6
CONTINUOUS
10
0.6553020078740157
20
1.248060157480315
11
0.6523492519685039
21
1.2472689763779528
0
LINE
8
BLACK
6
CONTINUOUS
10
0.6523492519685039
20
1.2472689763779528
11
0.6301332677165354
21
1.2472689763779528
0
LINE
8
BLACK
6
CONTINUOUS
10
0.6301332677165354
20
1.2472689763779528
11
0.6301332677165354
21
1.2253342125984252
0
LINE
8
BLACK
6
CONTINUOUS
10
0.6301332677165354
20
1.2253342125984252
11
0.6523492519685039
21
1.2253342125984252
0
LINE
8
BLACK
6
CONTINUOUS
10
0.6523492519685039
20
1.2253342125984252
11
0.6553020078740157
21
1.224543031496063
0
LINE
8
BLACK
6
CONTINUOUS
10
0.6553020078740157
20
1.224543031496063
11
0.6574635826771653
21
1.2223814566929134
0
LINE
8
BLACK
6
CONTINUOUS
10
0.6574635826771653
20
1.2223814566929134
11
0.6582547637795275
21
1.2194287007874016
0
LINE
8
BLACK
6
CONTINUOUS
10
0.6582547637795275
20
1.2194287007874016
11
0.6574635826771653
21
1.2164759448818898
0
LINE
8
BLACK
6
CONTINUOUS
10
0.6574635826771653
20
1.2164759448818898
11
0.6553020078740157
21
1.2143143700787402
0
LINE
8
BLACK
6
CONTINUOUS
10
0.6553020078740157
20
1.2143143700787402
11
0.6523492519685039
21
1.213523188976378
0
LINE
8
BLACK
6
CONTINUOUS
10
0.6523492519685039
20
1.213523188976378
11
0.6242277559055118
21
1.213523188976378
0
LINE
8
BLACK
6
CONTINUOUS
10
0.6242277559055118
20
1.213523188976378
11
0.5932941338582677
21
1.213523188976378
0
LINE
8
BLACK
6
CONTINUOUS
10
0.5932941338582677
20
1.213523188976378
11
0.5903413779527559
21
1.2143143700787402
0
LINE
8
BLACK
6
CONTINUOUS
10
0.5903413779527559
20
1.2143143700787402
11
0.5881798031496063
21
1.2164759448818898
0
LINE
8
BLACK
6
CONTINUOUS
10
0.5881798031496063
20
1.2164759448818898
11
0.5873886220472441
21
1.2194287007874016
0
LINE
8
BLACK
6
CONTINUOUS
10
0.5873886220472441
20
1.2194287007874016
11
0.5881798031496063
21
1.2223814566929134
0
LINE
8
BLACK
6
CONTINUOUS
10
0.5881798031496063
20
1.2223814566929134
11
0.5903413779527559
21
1.224543031496063
0
LINE
8
BLACK
6
CONTINUOUS
10
0.5903413779527559
20
1.224543031496063
11
0.5932941338582677
21
1.2253342125984252
0
LINE
8
BLACK
6
CONTINUOUS
10
0.5932941338582677
20
1.2253342125984252
11
0.6183222440944882
21
1.2253342125984252
0
LINE
8
BLACK
6
CONTINUOUS
10
0.6183222440944882
20
1.2253342125984252
11
0.6183222440944882
21
1.2472689763779528
0
LINE
8
BLACK
6
CONTINUOUS
10
0.6183222440944882
20
1.2472689763779528
11
0.5932941338582677
21
1.2472689763779528
0
LINE
8
BLACK
6
CONTINUOUS
10
0.5932941338582677
20
1.2472689763779528
11
0.5903413779527559
21
1.248060157480315
0
LINE
8
BLACK
6
CONTINUOUS
10
0.5903413779527559
20
1.248060157480315
11
0.5881798031496063
21
1.2502217322834646
0
LINE
8
BLACK
6
CONTINUOUS
10
0.5881798031496063
20
1.2502217322834646
11
0.5873886220472441
21
1.2531744881889764
0
LINE
8
BLACK
6
CONTINUOUS
10
0.5873886220472441
20
1.2531744881889764
11
0.5881798031496063
21
1.2561272440944882
0
LINE
8
BLACK
6
CONTINUOUS
10
0.5881798031496063
20
1.2561272440944882
11
0.5903413779527559
21
1.2582888188976378
0
LINE
8
BLACK
6
CONTINUOUS
10
0.5903413779527559
20
1.2582888188976378
11
0.5932941338582677
21
1.25908
0
LINE
8
BLACK
6
CONTINUOUS
10
0.5932941338582677
20
1.25908
11
0.6523492519685039
21
1.25908
0
LINE
8
BLACK
6
CONTINUOUS
10
0.6523492519685039
20
1.25908
11
0.6553020078740157
21
1.2582888188976378
0
LINE
8
BLACK
6
CONTINUOUS
10
0.5277437401574803
20
1.306697874015748
11
0.5284722047244095
21
1.3067101574803148
0
LINE
8
BLACK
6
CONTINUOUS
10
0.5284722047244095
20
1.3067101574803148
11
0.5397207874015748
21
1.3038980314960629
0
LINE
8
BLACK
6
CONTINUOUS
10
0.5397207874015748
20
1.3038980314960629
11
0.540290748031496
21
1.3035816141732284
0
LINE
8
BLACK
6
CONTINUOUS
10
0.540290748031496
20
1.3035816141732284
11
0.5409295275590551
21
1.3034509055118111
0
LINE
8
BLACK
6
CONTINUOUS
10
0.5409295275590551
20
1.3034509055118111
11
0.5465538188976378
21
1.3006387401574804
0
LINE
8
BLACK
6
CONTINUOUS
10
0.5465538188976378
20
1.3006387401574804
11
0.5472651574803149
21
1.3000079133858267
0
LINE
8
BLACK
6
CONTINUOUS
10
0.5472651574803149
20
1.3000079133858267
11
0.5480886220472441
21
1.2995325196850394
0
LINE
8
BLACK
6
CONTINUOUS
10
0.5480886220472441
20
1.2995325196850394
11
0.5537129133858267
21
1.2939082283464567
0
LINE
8
BLACK
6
CONTINUOUS
10
0.5537129133858267
20
1.2939082283464567
11
0.5543916141732284
21
1.2927326377952755
0
LINE
8
BLACK
6
CONTINUOUS
10
0.5543916141732284
20
1.2927326377952755
11
0.5551395275590552
21
1.2915998818897638
0
LINE
8
BLACK
6
CONTINUOUS
10
0.5551395275590552
20
1.2915998818897638
11
0.5579516929133859
21
1.2831634645669292
0
LINE
8
BLACK
6
CONTINUOUS
10
0.5579516929133859
20
1.2831634645669292
11
0.5580086614173229
21
1.2822143700787401
0
LINE
8
BLACK
6
CONTINUOUS
10
0.5580086614173229
20
1.2822143700787401
11
0.5582547637795275
21
1.2812959448818897
0
LINE
8
BLACK
6
CONTINUOUS
10
0.5582547637795275
20
1.2812959448818897
11
0.5582547637795275
21
1.275671653543307
0
LINE
8
BLACK
6
CONTINUOUS
10
0.5582547637795275
20
1.275671653543307
11
0.5580086614173229
21
1.2747531889763779
0
LINE
8
BLACK
6
CONTINUOUS
10
0.5580086614173229
20
1.2747531889763779
11
0.5579516929133859
21
1.2738041338582677
0
LINE
8
BLACK
6
CONTINUOUS
10
0.5579516929133859
20
1.2738041338582677
11
0.5551395275590552
21
1.2653677165354331
0
LINE
8
BLACK
6
CONTINUOUS
10
0.5551395275590552
20
1.2653677165354331
11
0.5543916141732284
21
1.2642349212598425
0
LINE
8
BLACK
6
CONTINUOUS
10
0.5543916141732284
20
1.2642349212598425
11
0.5537129133858267
21
1.26305937007874
0
LINE
8
BLACK
6
CONTINUOUS
10
0.5537129133858267
20
1.26305937007874
11
0.5509007874015748
21
1.2602472440944881
0
LINE
8
BLACK
6
CONTINUOUS
10
0.5509007874015748
20
1.2602472440944881
11
0.5482534251968504
21
1.258718779527559
0
LINE
8
BLACK
6
CONTINUOUS
10
0.5482534251968504
20
1.258718779527559
11
0.5451964960629921
21
1.258718779527559
0
LINE
8
BLACK
6
CONTINUOUS
10
0.5451964960629921
20
1.258718779527559
11
0.5425491338582678
21
1.2602472440944881
0
LINE
8
BLACK
6
CONTINUOUS
10
0.5425491338582678
20
1.2602472440944881
11
0.5410206692913385
21
1.2628946062992126
0
LINE
8
BLACK
6
CONTINUOUS
10
0.5410206692913385
20
1.2628946062992126
11
0.5410206692913385
21
1.2659515354330708
0
LINE
8
BLACK
6
CONTINUOUS
10
0.5410206692913385
20
1.2659515354330708
11
0.5425491338582678
21
1.2685988976377953
0
LINE
8
BLACK
6
CONTINUOUS
10
0.5425491338582678
20
1.2685988976377953
11
0.5443754724409449
21
1.2704252362204724
0
LINE
8
BLACK
6
CONTINUOUS
10
0.5443754724409449
20
1.2704252362204724
11
0.5464437401574803
21
1.2766299999999999
0
LINE
8
BLACK
6
CONTINUOUS
10
0.5464437401574803
20
1.2766299999999999
11
0.5464437401574803
21
1.280337559055118
0
LINE
8
BLACK
6
CONTINUOUS
10
0.5464437401574803
20
1.280337559055118
11
0.5443754724409449
21
1.2865423228346455
0
LINE
8
BLACK
6
CONTINUOUS
10
0.5443754724409449
20
1.2865423228346455
11
0.5404146062992126
21
1.2905031889763778
0
LINE
8
BLACK
6
CONTINUOUS
10
0.5404146062992126
20
1.2905031889763778
11
0.5362272047244094
21
1.2925969291338582
0
LINE
8
BLACK
6
CONTINUOUS
10
0.5362272047244094
20
1.2925969291338582
11
0.5263129921259843
21
1.2950754724409448
0
LINE
8
BLACK
6
CONTINUOUS
10
0.5263129921259843
20
1.2950754724409448
11
0.5193303937007874
21
1.2950754724409448
0
LINE
8
BLACK
6
CONTINUOUS
10
0.5193303937007874
20
1.2950754724409448
11
0.5094161417322834
21
1.2925968897637794
0
LINE
8
BLACK
6
CONTINUOUS
10
0.5094161417322834
20
1.2925968897637794
11
0.5052287795275591
21
1.2905032283464566
0
LINE
8
BLACK
6
CONTINUOUS
10
0.5052287795275591
20
1.2905032283464566
11
0.501267874015748
21
1.2865423228346455
0
LINE
8
BLACK
6
CONTINUOUS
10
0.501267874015748
20
1.2865423228346455
11
0.4991996456692913
21
1.2803376377952755
0
LINE
8
BLACK
6
CONTINUOUS
10
0.4991996456692913
20
1.2803376377952755
11
0.4991996456692913
21
1.2766299212598424
0
LINE
8
BLACK
6
CONTINUOUS
10
0.4991996456692913
20
1.2766299212598424
11
0.501267874015748
21
1.2704252362204724
0
LINE
8
BLACK
6
CONTINUOUS
10
0.501267874015748
20
1.2704252362204724
11
0.5030942519685039
21
1.2685988976377953
0
LINE
8
BLACK
6
CONTINUOUS
10
0.5030942519685039
20
1.2685988976377953
11
0.5046227165354331
21
1.2659515354330708
0
LINE
8
BLACK
6
CONTINUOUS
10
0.5046227165354331
20
1.2659515354330708
11
0.5046227165354331
21
1.2628946062992126
0
LINE
8
BLACK
6
CONTINUOUS
10
0.5046227165354331
20
1.2628946062992126
11
0.5030942519685039
21
1.2602472440944881
0
LINE
8
BLACK
6
CONTINUOUS
10
0.5030942519685039
20
1.2602472440944881
11
0.5004468897637795
21
1.258718779527559
0
LINE
8
BLACK
6
CONTINUOUS
10
0.5004468897637795
20
1.258718779527559
11
0.4973899606299212
21
1.258718779527559
0
LINE
8
BLACK
6
CONTINUOUS
10
0.4973899606299212
20
1.258718779527559
11
0.4947425984251969
21
1.2602472440944881
0
LINE
8
BLACK
6
CONTINUOUS
10
0.4947425984251969
20
1.2602472440944881
11
0.4919304724409448
21
1.26305937007874
0
LINE
8
BLACK
6
CONTINUOUS
10
0.4919304724409448
20
1.26305937007874
11
0.491251811023622
21
1.2642348031496062
0
LINE
8
BLACK
6
CONTINUOUS
10
0.491251811023622
20
1.2642348031496062
11
0.4905038188976378
21
1.2653677165354331
0
LINE
8
BLACK
6
CONTINUOUS
10
0.4905038188976378
20
1.2653677165354331
11
0.4876916929133858
21
1.2738041732283465
0
LINE
8
BLACK
6
CONTINUOUS
10
0.4876916929133858
20
1.2738041732283465
11
0.4876346850393701
21
1.2747531889763779
0
LINE
8
BLACK
6
CONTINUOUS
10
0.4876346850393701
20
1.2747531889763779
11
0.4873886220472441
21
1.275671653543307
0
LINE
8
BLACK
6
CONTINUOUS
10
0.4873886220472441
20
1.275671653543307
11
0.4873886220472441
21
1.2812959448818897
0
LINE
8
BLACK
6
CONTINUOUS
10
0.4873886220472441
20
1.2812959448818897
11
0.4876346850393701
21
1.2822143700787401
0
LINE
8
BLACK
6
CONTINUOUS
10
0.4876346850393701
20
1.2822143700787401
11
0.4876916929133858
21
1.2831634251968504
0
LINE
8
BLACK
6
CONTINUOUS
10
0.4876916929133858
20
1.2831634251968504
11
0.4905038188976378
21
1.2915998818897638
0
LINE
8
BLACK
6
CONTINUOUS
10
0.4905038188976378
20
1.2915998818897638
11
0.491251811023622
21
1.2927327559055117
0
LINE
8
BLACK
6
CONTINUOUS
10
0.491251811023622
20
1.2927327559055117
11
0.4919304724409448
21
1.2939082283464567
0
LINE
8
BLACK
6
CONTINUOUS
10
0.4919304724409448
20
1.2939082283464567
11
0.4975547637795276
21
1.2995325196850394
0
LINE
8
BLACK
6
CONTINUOUS
10
0.4975547637795276
20
1.2995325196850394
11
0.4983781889763779
21
1.3000079133858267
0
LINE
8
BLACK
6
CONTINUOUS
10
0.4983781889763779
20
1.3000079133858267
11
0.4990895669291339
21
1.3006387401574804
0
LINE
8
BLACK
6
CONTINUOUS
10
0.4990895669291339
20
1.3006387401574804
11
0.5047138188976378
21
1.3034509055118111
0
LINE
8
BLACK
6
CONTINUOUS
10
0.5047138188976378
20
1.3034509055118111
11
0.5053526377952756
21
1.3035816141732284
0
LINE
8
BLACK
6
CONTINUOUS
10
0.5053526377952756
20
1.3035816141732284
11
0.5059225984251968
21
1.3038980314960629
0
LINE
8
BLACK
6
CONTINUOUS
10
0.5059225984251968
20
1.3038980314960629
11
0.5171711811023622
21
1.3067101574803148
0
LINE
8
BLACK
6
CONTINUOUS
10
0.5171711811023622
20
1.3067101574803148
11
0.5178996062992126
21
1.306697874015748
0
LINE
8
BLACK
6
CONTINUOUS
10
0.5178996062992126
20
1.306697874015748
11
0.5186034645669291
21
1.306886496062992
0
LINE
8
BLACK
6
CONTINUOUS
10
0.5186034645669291
20
1.306886496062992
11
0.5270399212598426
21
1.306886496062992
0
LINE
8
BLACK
6
CONTINUOUS
10
0.5270399212598426
20
1.306886496062992
11
0.5277437401574803
21
1.306697874015748
0
LINE
8
BLACK
6
CONTINUOUS
10
0.7553020078740157
20
1.3032831889763778
11
0.7574635826771653
21
1.3011216141732282
0
LINE
8
BLACK
6
CONTINUOUS
10
0.7574635826771653
20
1.3011216141732282
11
0.7582547637795275
21
1.2981688582677164
0
LINE
8
BLACK
6
CONTINUOUS
10
0.7582547637795275
20
1.2981688582677164
11
0.7582547637795275
21
1.2700473622047244
0
LINE
8
BLACK
6
CONTINUOUS
10
0.7582547637795275
20
1.2700473622047244
11
0.7574635826771653
21
1.2670946062992126
0
LINE
8
BLACK
6
CONTINUOUS
10
0.7574635826771653
20
1.2670946062992126
11
0.7553020078740157
21
1.264933031496063
0
LINE
8
BLACK
6
CONTINUOUS
10
0.7553020078740157
20
1.264933031496063
11
0.7523492519685039
21
1.2641418503937008
0
LINE
8
BLACK
6
CONTINUOUS
10
0.7523492519685039
20
1.2641418503937008
11
0.7493964960629921
21
1.264933031496063
0
LINE
8
BLACK
6
CONTINUOUS
10
0.7493964960629921
20
1.264933031496063
11
0.7472349212598425
21
1.2670946062992126
0
LINE
8
BLACK
6
CONTINUOUS
10
0.7472349212598425
20
1.2670946062992126
11
0.7464437401574803
21
1.2700473622047244
0
LINE
8
BLACK
6
CONTINUOUS
10
0.7464437401574803
20
1.2700473622047244
11
0.7464437401574803
21
1.2922633464566928
0
LINE
8
BLACK
6
CONTINUOUS
10
0.7464437401574803
20
1.2922633464566928
11
0.7301332677165354
21
1.2922633464566928
0
LINE
8
BLACK
6
CONTINUOUS
10
0.7301332677165354
20
1.2922633464566928
11
0.7301332677165354
21
1.2784838188976377
0
LINE
8
BLACK
6
CONTINUOUS
10
0.7301332677165354
20
1.2784838188976377
11
0.7293420866141732
21
1.2755310629921259
0
LINE
8
BLACK
6
CONTINUOUS
10
0.7293420866141732
20
1.2755310629921259
11
0.7271805118110236
21
1.2733694881889763
0
LINE
8
BLACK
6
CONTINUOUS
10
0.7271805118110236
20
1.2733694881889763
11
0.7242277559055118
21
1.2725783070866141
0
LINE
8
BLACK
6
CONTINUOUS
10
0.7242277559055118
20
1.2725783070866141
11
0.721275
21
1.2733694881889763
0
LINE
8
BLACK
6
CONTINUOUS
10
0.721275
20
1.2733694881889763
11
0.7191134251968504
21
1.2755310629921259
0
LINE
8
BLACK
6
CONTINUOUS
10
0.7191134251968504
20
1.2755310629921259
11
0.7183222440944882
21
1.2784838188976377
0
LINE
8
BLACK
6
CONTINUOUS
10
0.7183222440944882
20
1.2784838188976377
11
0.7183222440944882
21
1.2922633464566928
0
LINE
8
BLACK
6
CONTINUOUS
10
0.7183222440944882
20
1.2922633464566928
11
0.6991996456692913
21
1.2922633464566928
0
LINE
8
BLACK
6
CONTINUOUS
10
0.6991996456692913
20
1.2922633464566928
11
0.6991996456692913
21
1.2700473622047244
0
LINE
8
BLACK
6
CONTINUOUS
10
0.6991996456692913
20
1.2700473622047244
11
0.6984084645669291
21
1.2670946062992126
0
LINE
8
BLACK
6
CONTINUOUS
10
0.6984084645669291
20
1.2670946062992126
11
0.6962468897637795
21
1.264933031496063
0
LINE
8
BLACK
6
CONTINUOUS
10
0.6962468897637795
20
1.264933031496063
11
0.6932941338582677
21
1.2641418503937008
0
LINE
8
BLACK
6
CONTINUOUS
10
0.6932941338582677
20
1.2641418503937008
11
0.6903413779527559
21
1.264933031496063
0
LINE
8
BLACK
6
CONTINUOUS
10
0.6903413779527559
20
1.264933031496063
11
0.6881798031496063
21
1.2670946062992126
0
LINE
8
BLACK
6
CONTINUOUS
10
0.6881798031496063
20
1.2670946062992126
11
0.687388622047244
21
1.2700473622047244
0
LINE
8
BLACK
6
CONTINUOUS
10
0.687388622047244
20
1.2700473622047244
11
0.687388622047244
21
1.2981688582677164
0
LINE
8
BLACK
6
CONTINUOUS
10
0.687388622047244
20
1.2981688582677164
11
0.6881798031496063
21
1.3011216141732282
0
LINE
8
BLACK
6
CONTINUOUS
10
0.6881798031496063
20
1.3011216141732282
11
0.6903413779527559
21
1.3032831889763778
0
LINE
8
BLACK
6
CONTINUOUS
10
0.6903413779527559
20
1.3032831889763778
11
0.6932941338582677
21
1.3040743700787401
0
LINE
8
BLACK
6
CONTINUOUS
10
0.6932941338582677
20
1.3040743700787401
11
0.7523492519685039
21
1.3040743700787401
0
LINE
8
BLACK
6
CONTINUOUS
10
0.7523492519685039
20
1.3040743700787401
11
0.7553020078740157
21
1.3032831889763778
0
LINE
8
BLACK
6
CONTINUOUS
10
0.6553020078740157
20
1.3117196062992125
11
0.6574635826771653
21
1.3095580314960629
0
LINE
8
BLACK
6
CONTINUOUS
10
0.6574635826771653
20
1.3095580314960629
11
0.6582547637795275
21
1.3066052755905511
0
LINE
8
BLACK
6
CONTINUOUS
10
0.6582547637795275
20
1.3066052755905511
11
0.6582547637795275
21
1.2728595275590551
0
LINE
8
BLACK
6
CONTINUOUS
10
0.6582547637795275
20
1.2728595275590551
11
0.6574635826771653
21
1.2699067716535433
0
LINE
8
BLACK
6
CONTINUOUS
10
0.6574635826771653
20
1.2699067716535433
11
0.6553020078740157
21
1.2677451968503937
0
LINE
8
BLACK
6
CONTINUOUS
10
0.6553020078740157
20
1.2677451968503937
11
0.6523492519685039
21
1.2669540157480315
0
LINE
8
BLACK
6
CONTINUOUS
10
0.6523492519685039
20
1.2669540157480315
11
0.6493964960629921
21
1.2677451968503937
0
LINE
8
BLACK
6
CONTINUOUS
10
0.6493964960629921
20
1.2677451968503937
11
0.6472349212598425
21
1.2699067716535433
0
LINE
8
BLACK
6
CONTINUOUS
10
0.6472349212598425
20
1.2699067716535433
11
0.6464437401574803
21
1.2728595275590551
0
LINE
8
BLACK
6
CONTINUOUS
10
0.6464437401574803
20
1.2728595275590551
11
0.6464437401574803
21
1.2838268897637795
0
LINE
8
BLACK
6
CONTINUOUS
10
0.6464437401574803
20
1.2838268897637795
11
0.5932941338582677
21
1.2838268897637795
0
LINE
8
BLACK
6
CONTINUOUS
10
0.5932941338582677
20
1.2838268897637795
11
0.5903413779527559
21
1.2846180708661417
0
LINE
8
BLACK
6
CONTINUOUS
10
0.5903413779527559
20
1.2846180708661417
11
0.5881798031496063
21
1.2867796456692913
0
LINE
8
BLACK
6
CONTINUOUS
10
0.5881798031496063
20
1.2867796456692913
11
0.5873886220472441
21
1.2897324015748031
0
LINE
8
BLACK
6
CONTINUOUS
10
0.5873886220472441
20
1.2897324015748031
11
0.5881798031496063
21
1.2926851574803149
0
LINE
8
BLACK
6
CONTINUOUS
10
0.5881798031496063
20
1.2926851574803149
11
0.5903413779527559
21
1.2948467322834645
0
LINE
8
BLACK
6
CONTINUOUS
10
0.5903413779527559
20
1.2948467322834645
11
0.5932941338582677
21
1.2956379133858267
0
LINE
8
BLACK
6
CONTINUOUS
10
0.5932941338582677
20
1.2956379133858267
11
0.6464437401574803
21
1.2956379133858267
0
LINE
8
BLACK
6
CONTINUOUS
10
0.6464437401574803
20
1.2956379133858267
11
0.6464437401574803
21
1.3066052755905511
0
LINE
8
BLACK
6
CONTINUOUS
10
0.6464437401574803
20
1.3066052755905511
11
0.6472349212598425
21
1.3095580314960629
0
LINE
8
BLACK
6
CONTINUOUS
10
0.6472349212598425
20
1.3095580314960629
11
0.6493964960629921
21
1.3117196062992125
0
LINE
8
BLACK
6
CONTINUOUS
10
0.6493964960629921
20
1.3117196062992125
11
0.6523492519685039
21
1.3125107874015747
0
LINE
8
BLACK
6
CONTINUOUS
10
0.6523492519685039
20
1.3125107874015747
11
0.6553020078740157
21
1.3117196062992125
0
LINE
8
BLACK
6
CONTINUOUS
10
0.8597002755905512
20
1.2913202755905511
11
0.8599885433070866
21
1.2906242913385826
0
LINE
8
BLACK
6
CONTINUOUS
10
0.8599885433070866
20
1.2906242913385826
11
0.8599885433070866
21
1.2793757086614173
0
LINE
8
BLACK
6
CONTINUOUS
10
0.8599885433070866
20
1.2793757086614173
11
0.8597002755905512
21
1.2786797244094488
0
LINE
8
BLACK
6
CONTINUOUS
10
0.8597002755905512
20
1.2786797244094488
11
0.8590042913385827
21
1.2783914566929133
0
LINE
8
BLACK
6
CONTINUOUS
10
0.8590042913385827
20
1.2783914566929133
11
0.8583083070866142
21
1.2786797244094488
0
LINE
8
BLACK
6
CONTINUOUS
10
0.8583083070866142
20
1.2786797244094488
11
0.8580200393700788
21
1.2793757086614173
0
LINE
8
BLACK
6
CONTINUOUS
10
0.8580200393700788
20
1.2793757086614173
11
0.8580200393700788
21
1.284015748031496
0
LINE
8
BLACK
6
CONTINUOUS
10
0.8580200393700788
20
1.284015748031496
11
0.8425700393700787
21
1.284015748031496
0
LINE
8
BLACK
6
CONTINUOUS
10
0.8425700393700787
20
1.284015748031496
11
0.8426774015748031
21
1.2839441732283465
0
LINE
8
BLACK
6
CONTINUOUS
10
0.8426774015748031
20
1.2839441732283465
11
0.8427337401574803
21
1.28386
0
LINE
8
BLACK
6
CONTINUOUS
10
0.8427337401574803
20
1.28386
11
0.8428274015748032
21
1.2838212204724408
0
LINE
8
BLACK
6
CONTINUOUS
10
0.8428274015748032
20
1.2838212204724408
11
0.844702125984252
21
1.2819464566929133
0
LINE
8
BLACK
6
CONTINUOUS
10
0.844702125984252
20
1.2819464566929133
11
0.844764094488189
21
1.2817967716535432
0
LINE
8
BLACK
6
CONTINUOUS
10
0.844764094488189
20
1.2817967716535432
11
0.8448865354330708
21
1.2816906299212598
0
LINE
8
BLACK
6
CONTINUOUS
10
0.8448865354330708
20
1.2816906299212598
11
0.8458238976377953
21
1.279815905511811
0
LINE
8
BLACK
6
CONTINUOUS
10
0.8458238976377953
20
1.279815905511811
11
0.8458772834645669
21
1.2790644488188976
0
LINE
8
BLACK
6
CONTINUOUS
10
0.8458772834645669
20
1.2790644488188976
11
0.8453837007874015
21
1.2784953937007875
0
LINE
8
BLACK
6
CONTINUOUS
10
0.8453837007874015
20
1.2784953937007875
11
0.8446322834645669
21
1.278441968503937
0
LINE
8
BLACK
6
CONTINUOUS
10
0.8446322834645669
20
1.278441968503937
11
0.8440631889763779
21
1.2789355511811022
0
LINE
8
BLACK
6
CONTINUOUS
10
0.8440631889763779
20
1.2789355511811022
11
0.8431972047244094
21
1.2806674409448819
0
LINE
8
BLACK
6
CONTINUOUS
10
0.8431972047244094
20
1.2806674409448819
11
0.8415042125984252
21
1.2823604330708662
0
LINE
8
BLACK
6
CONTINUOUS
10
0.8415042125984252
20
1.2823604330708662
11
0.8387733070866141
21
1.284181062992126
0
LINE
8
BLACK
6
CONTINUOUS
10
0.8387733070866141
20
1.284181062992126
11
0.8387169291338582
21
1.2842651968503938
0
LINE
8
BLACK
6
CONTINUOUS
10
0.8387169291338582
20
1.2842651968503938
11
0.8386232677165354
21
1.2843040157480314
0
LINE
8
BLACK
6
CONTINUOUS
10
0.8386232677165354
20
1.2843040157480314
11
0.8385135433070866
21
1.2845688582677166
0
LINE
8
BLACK
6
CONTINUOUS
10
0.8385135433070866
20
1.2845688582677166
11
0.838354094488189
21
1.2848069685039369
0
LINE
8
BLACK
6
CONTINUOUS
10
0.838354094488189
20
1.2848069685039369
11
0.8383737401574803
21
1.2849063779527559
0
LINE
8
BLACK
6
CONTINUOUS
10
0.8383737401574803
20
1.2849063779527559
11
0.8383349999999999
21
1.2849999999999999
0
LINE
8
BLACK
6
CONTINUOUS
10
0.8383349999999999
20
1.2849999999999999
11
0.8384446850393701
21
1.2852648031496063
0
LINE
8
BLACK
6
CONTINUOUS
10
0.8384446850393701
20
1.2852648031496063
11
0.8385003149606299
21
1.2855459448818898
0
LINE
8
BLACK
6
CONTINUOUS
10
0.8385003149606299
20
1.2855459448818898
11
0.8385844488188976
21
1.2856022834645668
0
LINE
8
BLACK
6
CONTINUOUS
10
0.8385844488188976
20
1.2856022834645668
11
0.8386232677165354
21
1.2856959842519684
0
LINE
8
BLACK
6
CONTINUOUS
10
0.8386232677165354
20
1.2856959842519684
11
0.8388881102362205
21
1.2858056692913387
0
LINE
8
BLACK
6
CONTINUOUS
10
0.8388881102362205
20
1.2858056692913387
11
0.8391262204724409
21
1.285965157480315
0
LINE
8
BLACK
6
CONTINUOUS
10
0.8391262204724409
20
1.285965157480315
11
0.8392256299212598
21
1.2859454724409449
0
LINE
8
BLACK
6
CONTINUOUS
10
0.8392256299212598
20
1.2859454724409449
11
0.8393192519685039
21
1.2859842519685039
0
LINE
8
BLACK
6
CONTINUOUS
10
0.8393192519685039
20
1.2859842519685039
11
0.8580200393700788
21
1.2859842519685039
0
LINE
8
BLACK
6
CONTINUOUS
10
0.8580200393700788
20
1.2859842519685039
11
0.8580200393700788
21
1.2906242913385826
0
LINE
8
BLACK
6
CONTINUOUS
10
0.8580200393700788
20
1.2906242913385826
11
0.8583083070866142
21
1.2913202755905511
0
LINE
8
BLACK
6
CONTINUOUS
10
0.8583083070866142
20
1.2913202755905511
11
0.8590042913385827
21
1.2916085433070865
0
LINE
8
BLACK
6
CONTINUOUS
10
0.8590042913385827
20
1.2916085433070865
11
0.8597002755905512
21
1.2913202755905511
0
LINE
8
BLACK
6
CONTINUOUS
10
0.413368031496063
20
1.3371341732283464
11
0.4140964960629921
21
1.3371464566929134
0
LINE
8
BLACK
6
CONTINUOUS
10
0.4140964960629921
20
1.3371464566929134
11
0.4253450787401575
21
1.3343343307086615
0
LINE
8
BLACK
6
CONTINUOUS
10
0.4253450787401575
20
1.3343343307086615
11
0.4253898818897638
21
1.3343094488188976
0
LINE
8
BLACK
6
CONTINUOUS
10
0.4253898818897638
20
1.3343094488188976
11
0.4254412598425197
21
1.3343094488188976
0
LINE
8
BLACK
6
CONTINUOUS
10
0.4254412598425197
20
1.3343094488188976
11
0.4267240551181102
21
1.333568779527559
0
LINE
8
BLACK
6
CONTINUOUS
10
0.4267240551181102
20
1.333568779527559
11
0.4280177952755905
21
1.3328506299212599
0
LINE
8
BLACK
6
CONTINUOUS
10
0.4280177952755905
20
1.3328506299212599
11
0.4280441732283464
21
1.3328066141732282
0
LINE
8
BLACK
6
CONTINUOUS
10
0.4280441732283464
20
1.3328066141732282
11
0.4280886220472441
21
1.3327809842519684
0
LINE
8
BLACK
6
CONTINUOUS
10
0.4280886220472441
20
1.3327809842519684
11
0.4337129133858267
21
1.3271566929133858
0
LINE
8
BLACK
6
CONTINUOUS
10
0.4337129133858267
20
1.3271566929133858
11
0.4341882677165354
21
1.3263332677165354
0
LINE
8
BLACK
6
CONTINUOUS
10
0.4341882677165354
20
1.3263332677165354
11
0.4348191338582677
21
1.3256218897637795
0
LINE
8
BLACK
6
CONTINUOUS
10
0.4348191338582677
20
1.3256218897637795
11
0.4376312992125984
21
1.3199975590551181
0
LINE
8
BLACK
6
CONTINUOUS
10
0.4376312992125984
20
1.3199975590551181
11
0.4379034251968504
21
1.3186675984251968
0
LINE
8
BLACK
6
CONTINUOUS
10
0.4379034251968504
20
1.3186675984251968
11
0.4382547637795275
21
1.3173565354330707
0
LINE
8
BLACK
6
CONTINUOUS
10
0.4382547637795275
20
1.3173565354330707
11
0.4382547637795275
21
1.3061079527559054
0
LINE
8
BLACK
6
CONTINUOUS
10
0.4382547637795275
20
1.3061079527559054
11
0.4379034645669291
21
1.3047968897637794
0
LINE
8
BLACK
6
CONTINUOUS
10
0.4379034645669291
20
1.3047968897637794
11
0.4376312992125984
21
1.3034668897637796
0
LINE
8
BLACK
6
CONTINUOUS
10
0.4376312992125984
20
1.3034668897637796
11
0.4348191338582677
21
1.2978426377952756
0
LINE
8
BLACK
6
CONTINUOUS
10
0.4348191338582677
20
1.2978426377952756
11
0.4341883070866142
21
1.2971312598425198
0
LINE
8
BLACK
6
CONTINUOUS
10
0.4341883070866142
20
1.2971312598425198
11
0.4337129133858267
21
1.2963078346456693
0
LINE
8
BLACK
6
CONTINUOUS
10
0.4337129133858267
20
1.2963078346456693
11
0.4280886220472441
21
1.2906835433070867
0
LINE
8
BLACK
6
CONTINUOUS
10
0.4280886220472441
20
1.2906835433070867
11
0.4280441732283464
21
1.2906578740157479
0
LINE
8
BLACK
6
CONTINUOUS
10
0.4280441732283464
20
1.2906578740157479
11
0.4280177952755905
21
1.2906138976377952
0
LINE
8
BLACK
6
CONTINUOUS
10
0.4280177952755905
20
1.2906138976377952
11
0.4267240551181102
21
1.2898957086614173
0
LINE
8
BLACK
6
CONTINUOUS
10
0.4267240551181102
20
1.2898957086614173
11
0.4254412598425197
21
1.2891550787401576
0
LINE
8
BLACK
6
CONTINUOUS
10
0.4254412598425197
20
1.2891550787401576
11
0.4253898818897638
21
1.2891550787401576
0
LINE
8
BLACK
6
CONTINUOUS
10
0.4253898818897638
20
1.2891550787401576
11
0.4253450787401575
21
1.2891301968503937
0
LINE
8
BLACK
6
CONTINUOUS
10
0.4253450787401575
20
1.2891301968503937
11
0.4140965354330708
21
1.2863180314960629
0
LINE
8
BLACK
6
CONTINUOUS
10
0.4140965354330708
20
1.2863180314960629
11
0.4133679921259842
21
1.2863302755905512
0
LINE
8
BLACK
6
CONTINUOUS
10
0.4133679921259842
20
1.2863302755905512
11
0.4126642125984252
21
1.2861416929133858
0
LINE
8
BLACK
6
CONTINUOUS
10
0.4126642125984252
20
1.2861416929133858
11
0.3929791732283465
21
1.2861416929133858
0
LINE
8
BLACK
6
CONTINUOUS
10
0.3929791732283465
20
1.2861416929133858
11
0.3922753543307086
21
1.2863302755905512
0
LINE
8
BLACK
6
CONTINUOUS
10
0.3922753543307086
20
1.2863302755905512
11
0.3915468503937008
21
1.2863180314960629
0
LINE
8
BLACK
6
CONTINUOUS
10
0.3915468503937008
20
1.2863180314960629
11
0.3802982677165354
21
1.2891301968503937
0
LINE
8
BLACK
6
CONTINUOUS
10
0.3802982677165354
20
1.2891301968503937
11
0.3802534645669291
21
1.2891550787401576
0
LINE
8
BLACK
6
CONTINUOUS
10
0.3802534645669291
20
1.2891550787401576
11
0.380202125984252
21
1.2891550787401576
0
LINE
8
BLACK
6
CONTINUOUS
10
0.380202125984252
20
1.2891550787401576
11
0.3789197637795276
21
1.2898954330708661
0
LINE
8
BLACK
6
CONTINUOUS
10
0.3789197637795276
20
1.2898954330708661
11
0.3776255905511811
21
1.2906138976377952
0
LINE
8
BLACK
6
CONTINUOUS
10
0.3776255905511811
20
1.2906138976377952
11
0.3775991732283465
21
1.2906578740157479
0
LINE
8
BLACK
6
CONTINUOUS
10
0.3775991732283465
20
1.2906578740157479
11
0.3775547637795276
21
1.2906835433070867
0
LINE
8
BLACK
6
CONTINUOUS
10
0.3775547637795276
20
1.2906835433070867
11
0.3719304724409448
21
1.2963078346456693
0
LINE
8
BLACK
6
CONTINUOUS
10
0.3719304724409448
20
1.2963078346456693
11
0.3714550393700787
21
1.2971312598425198
0
LINE
8
BLACK
6
CONTINUOUS
10
0.3714550393700787
20
1.2971312598425198
11
0.3708242519685039
21
1.2978426377952756
0
LINE
8
BLACK
6
CONTINUOUS
10
0.3708242519685039
20
1.2978426377952756
11
0.3680120866141732
21
1.3034669291338583
0
LINE
8
BLACK
6
CONTINUOUS
10
0.3680120866141732
20
1.3034669291338583
11
0.3677399212598425
21
1.3047968503937009
0
LINE
8
BLACK
6
CONTINUOUS
10
0.3677399212598425
20
1.3047968503937009
11
0.3673886220472441
21
1.3061079527559054
0
LINE
8
BLACK
6
CONTINUOUS
10
0.3673886220472441
20
1.3061079527559054
11
0.3673886220472441
21
1.3173565354330707
0
LINE
8
BLACK
6
CONTINUOUS
10
0.3673886220472441
20
1.3173565354330707
11
0.3677399212598425
21
1.3186675984251968
0
LINE
8
BLACK
6
CONTINUOUS
10
0.3677399212598425
20
1.3186675984251968
11
0.3680120866141732
21
1.3199975590551181
0
LINE
8
BLACK
6
CONTINUOUS
10
0.3680120866141732
20
1.3199975590551181
11
0.3708242519685039
21
1.3256218897637795
0
LINE
8
BLACK
6
CONTINUOUS
10
0.3708242519685039
20
1.3256218897637795
11
0.3714550787401575
21
1.3263332677165354
0
LINE
8
BLACK
6
CONTINUOUS
10
0.3714550787401575
20
1.3263332677165354
11
0.3719304724409448
21
1.3271566929133858
0
LINE
8
BLACK
6
CONTINUOUS
10
0.3719304724409448
20
1.3271566929133858
11
0.3775547637795276
21
1.3327809842519684
0
LINE
8
BLACK
6
CONTINUOUS
10
0.3775547637795276
20
1.3327809842519684
11
0.3775991732283465
21
1.3328066141732282
0
LINE
8
BLACK
6
CONTINUOUS
10
0.3775991732283465
20
1.3328066141732282
11
0.3776255905511811
21
1.3328506299212599
0
LINE
8
BLACK
6
CONTINUOUS
10
0.3776255905511811
20
1.3328506299212599
11
0.3789192913385827
21
1.333568779527559
0
LINE
8
BLACK
6
CONTINUOUS
10
0.3789192913385827
20
1.333568779527559
11
0.380202125984252
21
1.3343094488188976
0
LINE
8
BLACK
6
CONTINUOUS
10
0.380202125984252
20
1.3343094488188976
11
0.3802535039370079
21
1.3343094488188976
0
LINE
8
BLACK
6
CONTINUOUS
10
0.3802535039370079
20
1.3343094488188976
11
0.3802983070866142
21
1.3343343307086615
0
LINE
8
BLACK
6
CONTINUOUS
10
0.3802983070866142
20
1.3343343307086615
11
0.3915468897637795
21
1.3371464566929134
0
LINE
8
BLACK
6
CONTINUOUS
10
0.3915468897637795
20
1.3371464566929134
11
0.3922753149606299
21
1.3371341732283464
0
LINE
8
BLACK
6
CONTINUOUS
10
0.3922753149606299
20
1.3371341732283464
11
0.3929791732283465
21
1.3373227952755906
0
LINE
8
BLACK
6
CONTINUOUS
10
0.3929791732283465
20
1.3373227952755906
11
0.4126642125984252
21
1.3373227952755906
0
LINE
8
BLACK
6
CONTINUOUS
10
0.4126642125984252
20
1.3373227952755906
11
0.413368031496063
21
1.3371341732283464
0
LINE
8
BLACK
6
CONTINUOUS
10
0.3847497637795276
20
1.3232726771653542
11
0.3809597637795276
21
1.3194826771653543
0
LINE
8
BLACK
6
CONTINUOUS
10
0.3809597637795276
20
1.3194826771653543
11
0.3791996456692913
21
1.3159624409448818
0
LINE
8
BLACK
6
CONTINUOUS
10
0.3791996456692913
20
1.3159624409448818
11
0.3791996456692913
21
1.3075020472440944
0
LINE
8
BLACK
6
CONTINUOUS
10
0.3791996456692913
20
1.3075020472440944
11
0.3809597637795276
21
1.3039818110236221
0
LINE
8
BLACK
6
CONTINUOUS
10
0.3809597637795276
20
1.3039818110236221
11
0.3847497637795276
21
1.3001918110236219
0
LINE
8
BLACK
6
CONTINUOUS
10
0.3847497637795276
20
1.3001918110236219
11
0.3937061023622047
21
1.297952716535433
0
LINE
8
BLACK
6
CONTINUOUS
10
0.3937061023622047
20
1.297952716535433
11
0.4119372440944882
21
1.297952716535433
0
LINE
8
BLACK
6
CONTINUOUS
10
0.4119372440944882
20
1.297952716535433
11
0.4208935826771654
21
1.3001918110236219
0
LINE
8
BLACK
6
CONTINUOUS
10
0.4208935826771654
20
1.3001918110236219
11
0.4246836220472441
21
1.3039818503937008
0
LINE
8
BLACK
6
CONTINUOUS
10
0.4246836220472441
20
1.3039818503937008
11
0.4264437401574803
21
1.3075020472440944
0
LINE
8
BLACK
6
CONTINUOUS
10
0.4264437401574803
20
1.3075020472440944
11
0.4264437401574803
21
1.3159624409448818
0
LINE
8
BLACK
6
CONTINUOUS
10
0.4264437401574803
20
1.3159624409448818
11
0.4246836220472441
21
1.3194826771653543
0
LINE
8
BLACK
6
CONTINUOUS
10
0.4246836220472441
20
1.3194826771653543
11
0.4208935826771654
21
1.3232726771653542
0
LINE
8
BLACK
6
CONTINUOUS
10
0.4208935826771654
20
1.3232726771653542
11
0.4119372834645669
21
1.3255117716535432
0
LINE
8
BLACK
6
CONTINUOUS
10
0.4119372834645669
20
1.3255117716535432
11
0.3937061023622047
21
1.3255117716535432
0
LINE
8
BLACK
6
CONTINUOUS
10
0.3937061023622047
20
1.3255117716535432
11
0.3847497637795276
21
1.3232726771653542
0
LINE
8
BLACK
6
CONTINUOUS
10
0.88
20
1.3200000000000001
11
0.82
21
1.3200000000000001
0
LINE
8
BLACK
6
CONTINUOUS
10
0.82
20
1.3200000000000001
11
0.82
21
1.3799999999999999
0
LINE
8
BLACK
6
CONTINUOUS
10
0.82
20
1.3799999999999999
11
0.88
21
1.3799999999999999
0
LINE
8
BLACK
6
CONTINUOUS
10
0.88
20
1.3799999999999999
11
0.88
21
1.3200000000000001
0
LINE
8
BLACK
6
CONTINUOUS
10
0.98
20
1.3200000000000001
11
0.9199999999999999
21
1.3200000000000001
0
LINE
8
BLACK
6
CONTINUOUS
10
0.9199999999999999
20
1.3200000000000001
11
0.9199999999999999
21
1.3799999999999999
0
LINE
8
BLACK
6
CONTINUOUS
10
0.9199999999999999
20
1.3799999999999999
11
0.98
21
1.3799999999999999
0
LINE
8
BLACK
6
CONTINUOUS
10
0.98
20
1.3799999999999999
11
0.98
21
1.3200000000000001
0
LINE
8
BLACK
6
CONTINUOUS
10
1.0800000000000001
20
1.3200000000000001
11
1.02
21
1.3200000000000001
0
LINE
8
BLACK
6
CONTINUOUS
10
1.02
20
1.3200000000000001
11
1.02
21
1.3799999999999999
0
LINE
8
BLACK
6
CONTINUOUS
10
1.02
20
1.3799999999999999
11
1.0800000000000001
21
1.3799999999999999
0
LINE
8
BLACK
6
CONTINUOUS
10
1.0800000000000001
20
1.3799999999999999
11
1.0800000000000001
21
1.3200000000000001
0
LINE
8
BLACK
6
CONTINUOUS
10
1.1799999999999999
20
1.3200000000000001
11
1.1199999999999999
21
1.3200000000000001
0
LINE
8
BLACK
6
CONTINUOUS
10
1.1199999999999999
20
1.3200000000000001
11
1.1199999999999999
21
1.3799999999999999
0
LINE
8
BLACK
6
CONTINUOUS
10
1.1199999999999999
20
1.3799999999999999
11
1.1799999999999999
21
1.3799999999999999
0
LINE
8
BLACK
6
CONTINUOUS
10
1.1799999999999999
20
1.3799999999999999
11
1.1799999999999999
21
1.3200000000000001
0
LINE
8
BLACK
6
CONTINUOUS
10
0.88
20
1.4199999999999999
11
0.82
21
1.4199999999999999
0
LINE
8
BLACK
6
CONTINUOUS
10
0.82
20
1.4199999999999999
11
0.82
21
1.48
0
LINE
8
BLACK
6
CONTINUOUS
10
0.82
20
1.48
11
0.88
21
1.48
0
LINE
8
BLACK
6
CONTINUOUS
10
0.88
20
1.48
11
0.88
21
1.4199999999999999
0
LINE
8
BLACK
6
CONTINUOUS
10
0.98
20
1.4199999999999999
11
0.9199999999999999
21
1.4199999999999999
0
LINE
8
BLACK
6
CONTINUOUS
10
0.9199999999999999
20
1.4199999999999999
11
0.9199999999999999
21
1.48
0
LINE
8
BLACK
6
CONTINUOUS
10
0.9199999999999999
20
1.48
11
0.98
21
1.48
0
LINE
8
BLACK
6
CONTINUOUS
10
0.98
20
1.48
11
0.98
21
1.4199999999999999
0
LINE
8
BLACK
6
CONTINUOUS
10
1.0800000000000001
20
1.4199999999999999
11
1.02
21
1.4199999999999999
0
LINE
8
BLACK
6
CONTINUOUS
10
1.02
20
1.4199999999999999
11
1.02
21
1.48
0
LINE
8
BLACK
6
CONTINUOUS
10
1.02
20
1.48
11
1.0800000000000001
21
1.48
0
LINE
8
BLACK
6
CONTINUOUS
10
1.0800000000000001
20
1.48
11
1.0800000000000001
21
1.4199999999999999
0
LINE
8
BLACK
6
CONTINUOUS
10
1.1799999999999999
20
1.4199999999999999
11
1.1199999999999999
21
1.4199999999999999
0
LINE
8
BLACK
6
CONTINUOUS
10
1.1199999999999999
20
1.4199999999999999
11
1.1199999999999999
21
1.48
0
LINE
8
BLACK
6
CONTINUOUS
10
1.1199999999999999
20
1.48
11
1.1799999999999999
21
1.48
0
LINE
8
BLACK
6
CONTINUOUS
10
1.1799999999999999
20
1.48
11
1.1799999999999999
21
1.4199999999999999
0
LINE
8
BLACK
6
CONTINUOUS
10
1.2003835039370079
20
1.5028851181102363
11
1.2005127559055118
21
1.5029079133858267
0
LINE
8
BLACK
6
CONTINUOUS
10
1.2005127559055118
20
1.5029079133858267
11
1.2006263385826772
21
1.5028422834645669
0
LINE
8
BLACK
6
CONTINUOUS
10
1.2006263385826772
20
1.5028422834645669
11
1.2010099212598424
21
1.50277468503937
0
LINE
8
BLACK
6
CONTINUOUS
10
1.2010099212598424
20
1.50277468503937
11
1.2015975984251968
21
1.5022815354330707
0
LINE
8
BLACK
6
CONTINUOUS
10
1.2015975984251968
20
1.5022815354330707
11
1.2022619291338583
21
1.5018979921259843
0
LINE
8
BLACK
6
CONTINUOUS
10
1.2022619291338583
20
1.5018979921259843
11
1.2023530314960629
21
1.5016476377952757
0
LINE
8
BLACK
6
CONTINUOUS
10
1.2023530314960629
20
1.5016476377952757
11
1.2025571653543308
21
1.5014763779527558
0
LINE
8
BLACK
6
CONTINUOUS
10
1.2025571653543308
20
1.5014763779527558
11
1.2026903937007873
21
1.5007207874015747
0
LINE
8
BLACK
6
CONTINUOUS
10
1.2026903937007873
20
1.5007207874015747
11
1.2029527559055118
21
1.5
0
LINE
8
BLACK
6
CONTINUOUS
10
1.2029527559055118
20
1.5
11
1.2029527559055118
21
1.3
0
LINE
8
BLACK
6
CONTINUOUS
10
1.2029527559055118
20
1.3
11
1.2028851181102362
21
1.2996164566929134
0
LINE
8
BLACK
6
CONTINUOUS
10
1.2028851181102362
20
1.2996164566929134
11
1.2029079133858267
21
1.2994872440944882
0
LINE
8
BLACK
6
CONTINUOUS
10
1.2029079133858267
20
1.2994872440944882
11
1.2028422834645669
21
1.299373622047244
0
LINE
8
BLACK
6
CONTINUOUS
10
1.2028422834645669
20
1.299373622047244
11
1.2027746850393701
21
1.2989900787401574
0
LINE
8
BLACK
6
CONTINUOUS
10
1.2027746850393701
20
1.2989900787401574
11
1.2022815354330709
21
1.2984023622047243
0
LINE
8
BLACK
6
CONTINUOUS
10
1.2022815354330709
20
1.2984023622047243
11
1.2018979921259842
21
1.2977380708661417
0
LINE
8
BLACK
6
CONTINUOUS
10
1.2018979921259842
20
1.2977380708661417
11
1.2016476377952756
21
1.2976469291338582
0
LINE
8
BLACK
6
CONTINUOUS
10
1.2016476377952756
20
1.2976469291338582
11
1.201476377952756
21
1.2974428346456692
0
LINE
8
BLACK
6
CONTINUOUS
10
1.201476377952756
20
1.2974428346456692
11
1.2007207874015748
21
1.2973095669291339
0
LINE
8
BLACK
6
CONTINUOUS
10
1.2007207874015748
20
1.2973095669291339
11
1.2
21
1.2970472440944882
0
LINE
8
BLACK
6
CONTINUOUS
10
1.2
20
1.2970472440944882
11
0.7999999999999999
21
1.2970472440944882
0
LINE
8
BLACK
6
CONTINUOUS
10
0.7999999999999999
20
1.2970472440944882
11
0.7996164566929134
21
1.297114842519685
0
LINE
8
BLACK
6
CONTINUOUS
10
0.7996164566929134
20
1.297114842519685
11
0.7994872440944881
21
1.2970920866141733
0
LINE
8
BLACK
6
CONTINUOUS
10
0.7994872440944881
20
1.2970920866141733
11
0.799373622047244
21
1.2971576771653544
0
LINE
8
BLACK
6
CONTINUOUS
10
0.799373622047244
20
1.2971576771653544
11
0.7989900787401575
21
1.2972253149606299
0
LINE
8
BLACK
6
CONTINUOUS
10
0.7989900787401575
20
1.2972253149606299
11
0.7984023622047244
21
1.2977184251968503
0
LINE
8
BLACK
6
CONTINUOUS
10
0.7984023622047244
20
1.2977184251968503
11
0.7977380708661417
21
1.2981020078740158
0
LINE
8
BLACK
6
CONTINUOUS
10
0.7977380708661417
20
1.2981020078740158
11
0.7976469291338583
21
1.2983523228346456
0
LINE
8
BLACK
6
CONTINUOUS
10
0.7976469291338583
20
1.2983523228346456
11
0.7974428346456692
21
1.298523622047244
0
LINE
8
BLACK
6
CONTINUOUS
10
0.7974428346456692
20
1.298523622047244
11
0.7973095669291338
21
1.2992791732283464
0
LINE
8
BLACK
6
CONTINUOUS
10
0.7973095669291338
20
1.2992791732283464
11
0.7970472440944881
21
1.3
0
LINE
8
BLACK
6
CONTINUOUS
10
0.7970472440944881
20
1.3
11
0.7970472440944881
21
1.5
0
LINE
8
BLACK
6
CONTINUOUS
10
0.7970472440944881
20
1.5
11
0.797114842519685
21
1.5003835039370079
0
LINE
8
BLACK
6
CONTINUOUS
10
0.797114842519685
20
1.5003835039370079
11
0.7970920866141732
21
1.5005127559055118
0
LINE
8
BLACK
6
CONTINUOUS
10
0.7970920866141732
20
1.5005127559055118
11
0.7971576771653544
21
1.500626338582677
0
LINE
8
BLACK
6
CONTINUOUS
10
0.7971576771653544
20
1.500626338582677
11
0.7972253149606299
21
1.5010099212598425
0
LINE
8
BLACK
6
CONTINUOUS
10
0.7972253149606299
20
1.5010099212598425
11
0.7977184251968503
21
1.5015975984251968
0
LINE
8
BLACK
6
CONTINUOUS
10
0.7977184251968503
20
1.5015975984251968
11
0.7981020078740158
21
1.5022619291338581
0
LINE
8
BLACK
6
CONTINUOUS
10
0.7981020078740158
20
1.5022619291338581
11
0.7983523228346456
21
1.5023530314960629
0
LINE
8
BLACK
6
CONTINUOUS
10
0.7983523228346456
20
1.5023530314960629
11
0.798523622047244
21
1.5025571653543306
0
LINE
8
BLACK
6
CONTINUOUS
10
0.798523622047244
20
1.5025571653543306
11
0.7992791732283464
21
1.5026903937007874
0
LINE
8
BLACK
6
CONTINUOUS
10
0.7992791732283464
20
1.5026903937007874
11
0.7999999999999999
21
1.5029527559055118
0
LINE
8
BLACK
6
CONTINUOUS
10
0.7999999999999999
20
1.5029527559055118
11
1.2
21
1.5029527559055118
0
LINE
8
BLACK
6
CONTINUOUS
10
1.2
20
1.5029527559055118
11
1.2003835039370079
21
1.5028851181102363
0
LINE
8
BLACK
6
CONTINUOUS
10
0.8029527559055117
20
1.4970472440944882
11
0.8029527559055117
21
1.3029527559055119
0
LINE
8
BLACK
6
CONTINUOUS
10
0.8029527559055117
20
1.3029527559055119
11
1.1970472440944881
21
1.3029527559055119
0
LINE
8
BLACK
6
CONTINUOUS
10
1.1970472440944881
20
1.3029527559055119
11
1.1970472440944881
21
1.4970472440944882
0
LINE
8
BLACK
6
CONTINUOUS
10
1.1970472440944881
20
1.4970472440944882
11
0.8029527559055117
21
1.4970472440944882
0
LINE
8
BLACK
6
CONTINUOUS
10
0.75
20
1.3400000000000001
11
0.6899999999999999
21
1.3400000000000001
0
LINE
8
BLACK
6
CONTINUOUS
10
0.6899999999999999
20
1.3400000000000001
11
0.6899999999999999
21
1.3999999999999999
0
LINE
8
BLACK
6
CONTINUOUS
10
0.6899999999999999
20
1.3999999999999999
11
0.75
21
1.3999999999999999
0
LINE
8
BLACK
6
CONTINUOUS
10
0.75
20
1.3999999999999999
11
0.75
21
1.3400000000000001
0
LINE
8
BLACK
6
CONTINUOUS
10
0.75
20
1.4399999999999999
11
0.6899999999999999
21
1.4399999999999999
0
LINE
8
BLACK
6
CONTINUOUS
10
0.6899999999999999
20
1.4399999999999999
11
0.6899999999999999
21
1.5
0
LINE
8
BLACK
6
CONTINUOUS
10
0.6899999999999999
20
1.5
11
0.75
21
1.5
0
LINE
8
BLACK
6
CONTINUOUS
10
0.75
20
1.5
11
0.75
21
1.4399999999999999
0
LINE
8
BLACK
6
CONTINUOUS
10
0.65
20
1.3400000000000001
11
0.59
21
1.3400000000000001
0
LINE
8
BLACK
6
CONTINUOUS
10
0.59
20
1.3400000000000001
11
0.59
21
1.3999999999999999
0
LINE
8
BLACK
6
CONTINUOUS
10
0.59
20
1.3999999999999999
11
0.65
21
1.3999999999999999
0
LINE
8
BLACK
6
CONTINUOUS
10
0.65
20
1.3999999999999999
11
0.65
21
1.3400000000000001
0
LINE
8
BLACK
6
CONTINUOUS
10
0.65
20
1.4399999999999999
11
0.59
21
1.4399999999999999
0
LINE
8
BLACK
6
CONTINUOUS
10
0.59
20
1.4399999999999999
11
0.59
21
1.5
0
LINE
8
BLACK
6
CONTINUOUS
10
0.59
20
1.5
11
0.65
21
1.5
0
LINE
8
BLACK
6
CONTINUOUS
10
0.65
20
1.5
11
0.65
21
1.4399999999999999
0
LINE
8
BLACK
6
CONTINUOUS
10
0.5499999999999999
20
1.3400000000000001
11
0.49
21
1.3400000000000001
0
LINE
8
BLACK
6
CONTINUOUS
10
0.49
20
1.3400000000000001
11
0.49
21
1.3999999999999999
0
LINE
8
BLACK
6
CONTINUOUS
10
0.49
20
1.3999999999999999
11
0.5499999999999999
21
1.3999999999999999
0
LINE
8
BLACK
6
CONTINUOUS
10
0.5499999999999999
20
1.3999999999999999
11
0.5499999999999999
21
1.3400000000000001
0
LINE
8
BLACK
6
CONTINUOUS
10
0.5499999999999999
20
1.4399999999999999
11
0.49
21
1.4399999999999999
0
LINE
8
BLACK
6
CONTINUOUS
10
0.49
20
1.4399999999999999
11
0.49
21
1.5
0
LINE
8
BLACK
6
CONTINUOUS
10
0.49
20
1.5
11
0.5499999999999999
21
1.5
0
LINE
8
BLACK
6
CONTINUOUS
10
0.5499999999999999
20
1.5
11
0.5499999999999999
21
1.4399999999999999
0
LINE
8
BLACK
6
CONTINUOUS
10
0.57
20
1.5229527559055118
11
0.67
21
1.5229527559055118
0
LINE
8
BLACK
6
CONTINUOUS
10
0.67
20
1.5229527559055118
11
0.77
21
1.5229527559055118
0
LINE
8
BLACK
6
CONTINUOUS
10
0.77
20
1.5229527559055118
11
0.7703835039370078
21
1.5228851181102361
0
LINE
8
BLACK
6
CONTINUOUS
10
0.7703835039370078
20
1.5228851181102361
11
0.7705127559055118
21
1.5229079133858268
0
LINE
8
BLACK
6
CONTINUOUS
10
0.7705127559055118
20
1.5229079133858268
11
0.7706263385826772
21
1.522842283464567
0
LINE
8
BLACK
6
CONTINUOUS
10
0.7706263385826772
20
1.522842283464567
11
0.7710099212598425
21
1.52277468503937
0
LINE
8
BLACK
6
CONTINUOUS
10
0.7710099212598425
20
1.52277468503937
11
0.7715975984251968
21
1.5222815354330708
0
LINE
8
BLACK
6
CONTINUOUS
10
0.7715975984251968
20
1.5222815354330708
11
0.7722619291338583
21
1.5218979921259843
0
LINE
8
BLACK
6
CONTINUOUS
10
0.7722619291338583
20
1.5218979921259843
11
0.7723530314960629
21
1.5216476377952755
0
LINE
8
BLACK
6
CONTINUOUS
10
0.7723530314960629
20
1.5216476377952755
11
0.7725571653543307
21
1.5214763779527558
0
LINE
8
BLACK
6
CONTINUOUS
10
0.7725571653543307
20
1.5214763779527558
11
0.7726903937007874
21
1.5207207874015747
0
LINE
8
BLACK
6
CONTINUOUS
10
0.7726903937007874
20
1.5207207874015747
11
0.7729527559055118
21
1.52
0
LINE
8
BLACK
6
CONTINUOUS
10
0.7729527559055118
20
1.52
11
0.7729527559055118
21
1.3200000000000001
0
LINE
8
BLACK
6
CONTINUOUS
10
0.7729527559055118
20
1.3200000000000001
11
0.7728851181102362
21
1.3196164566929134
0
LINE
8
BLACK
6
CONTINUOUS
10
0.7728851181102362
20
1.3196164566929134
11
0.7729079133858268
21
1.3194872440944883
0
LINE
8
BLACK
6
CONTINUOUS
10
0.7729079133858268
20
1.3194872440944883
11
0.772842283464567
21
1.3193736220472441
0
LINE
8
BLACK
6
CONTINUOUS
10
0.772842283464567
20
1.3193736220472441
11
0.7727746850393701
21
1.3189900787401574
0
LINE
8
BLACK
6
CONTINUOUS
10
0.7727746850393701
20
1.3189900787401574
11
0.7722815354330709
21
1.3184023622047243
0
LINE
8
BLACK
6
CONTINUOUS
10
0.7722815354330709
20
1.3184023622047243
11
0.7718979921259842
21
1.3177380708661417
0
LINE
8
BLACK
6
CONTINUOUS
10
0.7718979921259842
20
1.3177380708661417
11
0.7716476377952756
21
1.3176469291338582
0
LINE
8
BLACK
6
CONTINUOUS
10
0.7716476377952756
20
1.3176469291338582
11
0.7714763779527559
21
1.3174428346456692
0
LINE
8
BLACK
6
CONTINUOUS
10
0.7714763779527559
20
1.3174428346456692
11
0.7707207874015748
21
1.3173095669291339
0
LINE
8
BLACK
6
CONTINUOUS
10
0.7707207874015748
20
1.3173095669291339
11
0.77
21
1.3170472440944883
0
LINE
8
BLACK
6
CONTINUOUS
10
0.77
20
1.3170472440944883
11
0.67
21
1.3170472440944883
0
LINE
8
BLACK
6
CONTINUOUS
10
0.67
20
1.3170472440944883
11
0.57
21
1.3170472440944883
0
LINE
8
BLACK
6
CONTINUOUS
10
0.57
20
1.3170472440944883
11
0.47
21
1.3170472440944883
0
LINE
8
BLACK
6
CONTINUOUS
10
0.47
20
1.3170472440944883
11
0.4696164566929134
21
1.317114842519685
0
LINE
8
BLACK
6
CONTINUOUS
10
0.4696164566929134
20
1.317114842519685
11
0.4694872440944882
21
1.3170920866141731
0
LINE
8
BLACK
6
CONTINUOUS
10
0.4694872440944882
20
1.3170920866141731
11
0.4693736220472441
21
1.3171576771653544
0
LINE
8
BLACK
6
CONTINUOUS
10
0.4693736220472441
20
1.3171576771653544
11
0.4689900787401575
21
1.3172253149606299
0
LINE
8
BLACK
6
CONTINUOUS
10
0.4689900787401575
20
1.3172253149606299
11
0.4684023622047244
21
1.3177184251968503
0
LINE
8
BLACK
6
CONTINUOUS
10
0.4684023622047244
20
1.3177184251968503
11
0.4677380708661417
21
1.3181020078740158
0
LINE
8
BLACK
6
CONTINUOUS
10
0.4677380708661417
20
1.3181020078740158
11
0.4676469291338582
21
1.3183523228346457
0
LINE
8
BLACK
6
CONTINUOUS
10
0.4676469291338582
20
1.3183523228346457
11
0.4674428346456693
21
1.318523622047244
0
LINE
8
BLACK
6
CONTINUOUS
10
0.4674428346456693
20
1.318523622047244
11
0.4673095669291338
21
1.3192791732283464
0
LINE
8
BLACK
6
CONTINUOUS
10
0.4673095669291338
20
1.3192791732283464
11
0.4670472440944882
21
1.3200000000000001
0
LINE
8
BLACK
6
CONTINUOUS
10
0.4670472440944882
20
1.3200000000000001
11
0.4670472440944882
21
1.52
0
LINE
8
BLACK
6
CONTINUOUS
10
0.4670472440944882
20
1.52
11
0.467114842519685
21
1.5203835039370079
0
LINE
8
BLACK
6
CONTINUOUS
10
0.467114842519685
20
1.5203835039370079
11
0.4670920866141732
21
1.5205127559055118
0
LINE
8
BLACK
6
CONTINUOUS
10
0.4670920866141732
20
1.5205127559055118
11
0.4671576771653543
21
1.520626338582677
0
LINE
8
BLACK
6
CONTINUOUS
10
0.4671576771653543
20
1.520626338582677
11
0.4672253149606299
21
1.5210099212598425
0
LINE
8
BLACK
6
CONTINUOUS
10
0.4672253149606299
20
1.5210099212598425
11
0.4677184251968504
21
1.5215975984251968
0
LINE
8
BLACK
6
CONTINUOUS
10
0.4677184251968504
20
1.5215975984251968
11
0.4681020078740157
21
1.5222619291338582
0
LINE
8
BLACK
6
CONTINUOUS
10
0.4681020078740157
20
1.5222619291338582
11
0.4683523228346457
21
1.5223530314960629
0
LINE
8
BLACK
6
CONTINUOUS
10
0.4683523228346457
20
1.5223530314960629
11
0.4685236220472441
21
1.5225571653543306
0
LINE
8
BLACK
6
CONTINUOUS
10
0.4685236220472441
20
1.5225571653543306
11
0.4692791732283464
21
1.5226903937007874
0
LINE
8
BLACK
6
CONTINUOUS
10
0.4692791732283464
20
1.5226903937007874
11
0.47
21
1.5229527559055118
0
LINE
8
BLACK
6
CONTINUOUS
10
0.47
20
1.5229527559055118
11
0.57
21
1.5229527559055118
0
LINE
8
BLACK
6
CONTINUOUS
10
0.6729527559055118
20
1.5170472440944882
11
0.6729527559055118
21
1.3229527559055119
0
LINE
8
BLACK
6
CONTINUOUS
10
0.6729527559055118
20
1.3229527559055119
11
0.7670472440944882
21
1.3229527559055119
0
LINE
8
BLACK
6
CONTINUOUS
10
0.7670472440944882
20
1.3229527559055119
11
0.7670472440944882
21
1.5170472440944882
0
LINE
8
BLACK
6
CONTINUOUS
10
0.7670472440944882
20
1.5170472440944882
11
0.6729527559055118
21
1.5170472440944882
0
LINE
8
BLACK
6
CONTINUOUS
10
0.5729527559055118
20
1.5170472440944882
11
0.5729527559055118
21
1.3229527559055119
0
LINE
8
BLACK
6
CONTINUOUS
10
0.5729527559055118
20
1.3229527559055119
11
0.6670472440944881
21
1.3229527559055119
0
LINE
8
BLACK
6
CONTINUOUS
10
0.6670472440944881
20
1.3229527559055119
11
0.6670472440944881
21
1.5170472440944882
0
LINE
8
BLACK
6
CONTINUOUS
10
0.6670472440944881
20
1.5170472440944882
11
0.5729527559055118
21
1.5170472440944882
0
LINE
8
BLACK
6
CONTINUOUS
10
0.4729527559055118
20
1.5170472440944882
11
0.4729527559055118
21
1.3229527559055119
0
LINE
8
BLACK
6
CONTINUOUS
10
0.4729527559055118
20
1.3229527559055119
11
0.5670472440944881
21
1.3229527559055119
0
LINE
8
BLACK
6
CONTINUOUS
10
0.5670472440944881
20
1.3229527559055119
11
0.5670472440944881
21
1.5170472440944882
0
LINE
8
BLACK
6
CONTINUOUS
10
0.5670472440944881
20
1.5170472440944882
11
0.4729527559055118
21
1.5170472440944882
0
LINE
8
BLACK
6
CONTINUOUS
10
0.4353020078740157
20
1.3955867716535433
11
0.4374635826771653
21
1.3934251968503937
0
LINE
8
BLACK
6
CONTINUOUS
10
0.4374635826771653
20
1.3934251968503937
11
0.4382547637795275
21
1.3904724409448819
0
LINE
8
BLACK
6
CONTINUOUS
10
0.4382547637795275
20
1.3904724409448819
11
0.4374635826771653
21
1.3875196850393701
0
LINE
8
BLACK
6
CONTINUOUS
10
0.4374635826771653
20
1.3875196850393701
11
0.4353020078740157
21
1.3853581102362205
0
LINE
8
BLACK
6
CONTINUOUS
10
0.4353020078740157
20
1.3853581102362205
11
0.4323492519685039
21
1.3845669291338583
0
LINE
8
BLACK
6
CONTINUOUS
10
0.4323492519685039
20
1.3845669291338583
11
0.4101332677165354
21
1.3845669291338583
0
LINE
8
BLACK
6
CONTINUOUS
10
0.4101332677165354
20
1.3845669291338583
11
0.4101332677165354
21
1.3626321653543307
0
LINE
8
BLACK
6
CONTINUOUS
10
0.4101332677165354
20
1.3626321653543307
11
0.4323492519685039
21
1.3626321653543307
0
LINE
8
BLACK
6
CONTINUOUS
10
0.4323492519685039
20
1.3626321653543307
11
0.4353020078740157
21
1.3618409842519685
0
LINE
8
BLACK
6
CONTINUOUS
10
0.4353020078740157
20
1.3618409842519685
11
0.4374635826771653
21
1.3596794094488189
0
LINE
8
BLACK
6
CONTINUOUS
10
0.4374635826771653
20
1.3596794094488189
11
0.4382547637795275
21
1.3567266535433071
0
LINE
8
BLACK
6
CONTINUOUS
10
0.4382547637795275
20
1.3567266535433071
11
0.4374635826771653
21
1.3537738976377953
0
LINE
8
BLACK
6
CONTINUOUS
10
0.4374635826771653
20
1.3537738976377953
11
0.4353020078740157
21
1.3516123228346457
0
LINE
8
BLACK
6
CONTINUOUS
10
0.4353020078740157
20
1.3516123228346457
11
0.4323492519685039
21
1.3508211417322835
0
LINE
8
BLACK
6
CONTINUOUS
10
0.4323492519685039
20
1.3508211417322835
11
0.4042277559055118
21
1.3508211417322835
0
LINE
8
BLACK
6
CONTINUOUS
10
0.4042277559055118
20
1.3508211417322835
11
0.3732941338582677
21
1.3508211417322835
0
LINE
8
BLACK
6
CONTINUOUS
10
0.3732941338582677
20
1.3508211417322835
11
0.3703413779527559
21
1.3516123228346457
0
LINE
8
BLACK
6
CONTINUOUS
10
0.3703413779527559
20
1.3516123228346457
11
0.3681798031496063
21
1.3537738976377953
0
LINE
8
BLACK
6
CONTINUOUS
10
0.3681798031496063
20
1.3537738976377953
11
0.3673886220472441
21
1.3567266535433071
0
LINE
8
BLACK
6
CONTINUOUS
10
0.3673886220472441
20
1.3567266535433071
11
0.3681798031496063
21
1.3596794094488189
0
LINE
8
BLACK
6
CONTINUOUS
10
0.3681798031496063
20
1.3596794094488189
11
0.3703413779527559
21
1.3618409842519685
0
LINE
8
BLACK
6
CONTINUOUS
10
0.3703413779527559
20
1.3618409842519685
11
0.3732941338582677
21
1.3626321653543307
0
LINE
8
BLACK
6
CONTINUOUS
10
0.3732941338582677
20
1.3626321653543307
11
0.3983222440944882
21
1.3626321653543307
0
LINE
8
BLACK
6
CONTINUOUS
10
0.3983222440944882
20
1.3626321653543307
11
0.3983222440944882
21
1.3845669291338583
0
LINE
8
BLACK
6
CONTINUOUS
10
0.3983222440944882
20
1.3845669291338583
11
0.3732941338582677
21
1.3845669291338583
0
LINE
8
BLACK
6
CONTINUOUS
10
0.3732941338582677
20
1.3845669291338583
11
0.3703413779527559
21
1.3853581102362205
0
LINE
8
BLACK
6
CONTINUOUS
10
0.3703413779527559
20
1.3853581102362205
11
0.3681798031496063
21
1.3875196850393701
0
LINE
8
BLACK
6
CONTINUOUS
10
0.3681798031496063
20
1.3875196850393701
11
0.3673886220472441
21
1.3904724409448819
0
LINE
8
BLACK
6
CONTINUOUS
10
0.3673886220472441
20
1.3904724409448819
11
0.3681798031496063
21
1.3934251968503937
0
LINE
8
BLACK
6
CONTINUOUS
10
0.3681798031496063
20
1.3934251968503937
11
0.3703413779527559
21
1.3955867716535433
0
LINE
8
BLACK
6
CONTINUOUS
10
0.3703413779527559
20
1.3955867716535433
11
0.3732941338582677
21
1.3963779527559055
0
LINE
8
BLACK
6
CONTINUOUS
10
0.3732941338582677
20
1.3963779527559055
11
0.4323492519685039
21
1.3963779527559055
0
LINE
8
BLACK
6
CONTINUOUS
10
0.4323492519685039
20
1.3963779527559055
11
0.4353020078740157
21
1.3955867716535433
0
LINE
8
BLACK
6
CONTINUOUS
10
0.4077437401574803
20
1.4580565748031495
11
0.4084722047244094
21
1.4580688582677166
0
LINE
8
BLACK
6
CONTINUOUS
10
0.4084722047244094
20
1.4580688582677166
11
0.4197207874015748
21
1.4552567322834646
0
LINE
8
BLACK
6
CONTINUOUS
10
0.4197207874015748
20
1.4552567322834646
11
0.4202907480314961
21
1.4549403149606299
0
LINE
8
BLACK
6
CONTINUOUS
10
0.4202907480314961
20
1.4549403149606299
11
0.4209295275590551
21
1.4548096062992126
0
LINE
8
BLACK
6
CONTINUOUS
10
0.4209295275590551
20
1.4548096062992126
11
0.4265538188976378
21
1.4519974409448819
0
LINE
8
BLACK
6
CONTINUOUS
10
0.4265538188976378
20
1.4519974409448819
11
0.427265157480315
21
1.4513666141732282
0
LINE
8
BLACK
6
CONTINUOUS
10
0.427265157480315
20
1.4513666141732282
11
0.4280886220472441
21
1.4508912204724409
0
LINE
8
BLACK
6
CONTINUOUS
10
0.4280886220472441
20
1.4508912204724409
11
0.4337129133858267
21
1.4452669291338582
0
LINE
8
BLACK
6
CONTINUOUS
10
0.4337129133858267
20
1.4452669291338582
11
0.4343916141732284
21
1.4440913385826772
0
LINE
8
BLACK
6
CONTINUOUS
10
0.4343916141732284
20
1.4440913385826772
11
0.4351395275590551
21
1.4429585826771654
0
LINE
8
BLACK
6
CONTINUOUS
10
0.4351395275590551
20
1.4429585826771654
11
0.4379516929133858
21
1.4345221653543307
0
LINE
8
BLACK
6
CONTINUOUS
10
0.4379516929133858
20
1.4345221653543307
11
0.4380086614173228
21
1.4335730708661416
0
LINE
8
BLACK
6
CONTINUOUS
10
0.4380086614173228
20
1.4335730708661416
11
0.4382547637795275
21
1.4326546456692912
0
LINE
8
BLACK
6
CONTINUOUS
10
0.4382547637795275
20
1.4326546456692912
11
0.4382547637795275
21
1.4270303543307086
0
LINE
8
BLACK
6
CONTINUOUS
10
0.4382547637795275
20
1.4270303543307086
11
0.4380086614173228
21
1.4261118897637795
0
LINE
8
BLACK
6
CONTINUOUS
10
0.4380086614173228
20
1.4261118897637795
11
0.4379516929133858
21
1.4251628346456693
0
LINE
8
BLACK
6
CONTINUOUS
10
0.4379516929133858
20
1.4251628346456693
11
0.4351395275590551
21
1.4167264173228347
0
LINE
8
BLACK
6
CONTINUOUS
10
0.4351395275590551
20
1.4167264173228347
11
0.4343916141732284
21
1.415593622047244
0
LINE
8
BLACK
6
CONTINUOUS
10
0.4343916141732284
20
1.415593622047244
11
0.4337129133858267
21
1.4144180708661418
0
LINE
8
BLACK
6
CONTINUOUS
10
0.4337129133858267
20
1.4144180708661418
11
0.4309007874015748
21
1.4116059448818898
0
LINE
8
BLACK
6
CONTINUOUS
10
0.4309007874015748
20
1.4116059448818898
11
0.4282534251968504
21
1.4100774803149605
0
LINE
8
BLACK
6
CONTINUOUS
10
0.4282534251968504
20
1.4100774803149605
11
0.4251964960629921
21
1.4100774803149605
0
LINE
8
BLACK
6
CONTINUOUS
10
0.4251964960629921
20
1.4100774803149605
11
0.4225491338582677
21
1.4116059448818898
0
LINE
8
BLACK
6
CONTINUOUS
10
0.4225491338582677
20
1.4116059448818898
11
0.4210206692913386
21
1.4142533070866141
0
LINE
8
BLACK
6
CONTINUOUS
10
0.4210206692913386
20
1.4142533070866141
11
0.4210206692913386
21
1.4173102362204724
0
LINE
8
BLACK
6
CONTINUOUS
10
0.4210206692913386
20
1.4173102362204724
11
0.4225491338582677
21
1.4199575984251969
0
LINE
8
BLACK
6
CONTINUOUS
10
0.4225491338582677
20
1.4199575984251969
11
0.4243754724409449
21
1.421783937007874
0
LINE
8
BLACK
6
CONTINUOUS
10
0.4243754724409449
20
1.421783937007874
11
0.4264437401574803
21
1.4279887007874015
0
LINE
8
BLACK
6
CONTINUOUS
10
0.4264437401574803
20
1.4279887007874015
11
0.4264437401574803
21
1.4316962598425196
0
LINE
8
BLACK
6
CONTINUOUS
10
0.4264437401574803
20
1.4316962598425196
11
0.4243754724409449
21
1.4379010236220473
0
LINE
8
BLACK
6
CONTINUOUS
10
0.4243754724409449
20
1.4379010236220473
11
0.4204146062992126
21
1.4418618897637796
0
LINE
8
BLACK
6
CONTINUOUS
10
0.4204146062992126
20
1.4418618897637796
11
0.4162272047244094
21
1.4439556299212599
0
LINE
8
BLACK
6
CONTINUOUS
10
0.4162272047244094
20
1.4439556299212599
11
0.4063129921259843
21
1.4464341732283463
0
LINE
8
BLACK
6
CONTINUOUS
10
0.4063129921259843
20
1.4464341732283463
11
0.3993303937007874
21
1.4464341732283463
0
LINE
8
BLACK
6
CONTINUOUS
10
0.3993303937007874
20
1.4464341732283463
11
0.3894161417322834
21
1.4439555905511812
0
LINE
8
BLACK
6
CONTINUOUS
10
0.3894161417322834
20
1.4439555905511812
11
0.3852287795275591
21
1.4418619291338581
0
LINE
8
BLACK
6
CONTINUOUS
10
0.3852287795275591
20
1.4418619291338581
11
0.381267874015748
21
1.4379010236220473
0
LINE
8
BLACK
6
CONTINUOUS
10
0.381267874015748
20
1.4379010236220473
11
0.3791996456692913
21
1.4316963385826771
0
LINE
8
BLACK
6
CONTINUOUS
10
0.3791996456692913
20
1.4316963385826771
11
0.3791996456692913
21
1.427988622047244
0
LINE
8
BLACK
6
CONTINUOUS
10
0.3791996456692913
20
1.427988622047244
11
0.381267874015748
21
1.421783937007874
0
LINE
8
BLACK
6
CONTINUOUS
10
0.381267874015748
20
1.421783937007874
11
0.3830942519685039
21
1.4199575984251969
0
LINE
8
BLACK
6
CONTINUOUS
10
0.3830942519685039
20
1.4199575984251969
11
0.3846227165354331
21
1.4173102362204724
0
LINE
8
BLACK
6
CONTINUOUS
10
0.3846227165354331
20
1.4173102362204724
11
0.3846227165354331
21
1.4142533070866141
0
LINE
8
BLACK
6
CONTINUOUS
10
0.3846227165354331
20
1.4142533070866141
11
0.3830942519685039
21
1.4116059448818898
0
LINE
8
BLACK
6
CONTINUOUS
10
0.3830942519685039
20
1.4116059448818898
11
0.3804468897637795
21
1.4100774803149605
0
LINE
8
BLACK
6
CONTINUOUS
10
0.3804468897637795
20
1.4100774803149605
11
0.3773899606299213
21
1.4100774803149605
0
LINE
8
BLACK
6
CONTINUOUS
10
0.3773899606299213
20
1.4100774803149605
11
0.3747425984251969
21
1.4116059448818898
0
LINE
8
BLACK
6
CONTINUOUS
10
0.3747425984251969
20
1.4116059448818898
11
0.3719304724409448
21
1.4144180708661418
0
LINE
8
BLACK
6
CONTINUOUS
10
0.3719304724409448
20
1.4144180708661418
11
0.371251811023622
21
1.4155935039370078
0
LINE
8
BLACK
6
CONTINUOUS
10
0.371251811023622
20
1.4155935039370078
11
0.3705038188976378
21
1.4167264173228347
0
LINE
8
BLACK
6
CONTINUOUS
10
0.3705038188976378
20
1.4167264173228347
11
0.3676916929133858
21
1.425162874015748
0
LINE
8
BLACK
6
CONTINUOUS
10
0.3676916929133858
20
1.425162874015748
11
0.3676346850393701
21
1.4261118897637795
0
LINE
8
BLACK
6
CONTINUOUS
10
0.3676346850393701
20
1.4261118897637795
11
0.3673886220472441
21
1.4270303543307086
0
LINE
8
BLACK
6
CONTINUOUS
10
0.3673886220472441
20
1.4270303543307086
11
0.3673886220472441
21
1.4326546456692912
0
LINE
8
BLACK
6
CONTINUOUS
10
0.3673886220472441
20
1.4326546456692912
11
0.3676346850393701
21
1.4335730708661416
0
LINE
8
BLACK
6
CONTINUOUS
10
0.3676346850393701
20
1.4335730708661416
11
0.3676916929133858
21
1.434522125984252
0
LINE
8
BLACK
6
CONTINUOUS
10
0.3676916929133858
20
1.434522125984252
11
0.3705038188976378
21
1.4429585826771654
0
LINE
8
BLACK
6
CONTINUOUS
10
0.3705038188976378
20
1.4429585826771654
11
0.371251811023622
21
1.4440914566929133
0
LINE
8
BLACK
6
CONTINUOUS
10
0.371251811023622
20
1.4440914566929133
11
0.3719304724409448
21
1.4452669291338582
0
LINE
8
BLACK
6
CONTINUOUS
10
0.3719304724409448
20
1.4452669291338582
11
0.3775547637795276
21
1.4508912204724409
0
LINE
8
BLACK
6
CONTINUOUS
10
0.3775547637795276
20
1.4508912204724409
11
0.3783781889763779
21
1.4513666141732282
0
LINE
8
BLACK
6
CONTINUOUS
10
0.3783781889763779
20
1.4513666141732282
11
0.3790895669291339
21
1.4519974409448819
0
LINE
8
BLACK
6
CONTINUOUS
10
0.3790895669291339
20
1.4519974409448819
11
0.3847138188976378
21
1.4548096062992126
0
LINE
8
BLACK
6
CONTINUOUS
10
0.3847138188976378
20
1.4548096062992126
11
0.3853526377952756
21
1.4549403149606299
0
LINE
8
BLACK
6
CONTINUOUS
10
0.3853526377952756
20
1.4549403149606299
11
0.3859225984251968
21
1.4552567322834646
0
LINE
8
BLACK
6
CONTINUOUS
10
0.3859225984251968
20
1.4552567322834646
11
0.3971711811023622
21
1.4580688582677166
0
LINE
8
BLACK
6
CONTINUOUS
10
0.3971711811023622
20
1.4580688582677166
11
0.3978996062992126
21
1.4580565748031495
0
LINE
8
BLACK
6
CONTINUOUS
10
0.3978996062992126
20
1.4580565748031495
11
0.3986034645669291
21
1.4582451968503938
0
LINE
8
BLACK
6
CONTINUOUS
10
0.3986034645669291
20
1.4582451968503938
11
0.4070399212598425
21
1.4582451968503938
0
LINE
8
BLACK
6
CONTINUOUS
10
0.4070399212598425
20
1.4582451968503938
11
0.4077437401574803
21
1.4580565748031495
0
LINE
8
BLACK
6
CONTINUOUS
10
0.3751616141732284
20
1.5141850787401574
11
0.4342167322834646
21
1.4945000393700787
0
LINE
8
BLACK
6
CONTINUOUS
10
0.4342167322834646
20
1.4945000393700787
11
0.4352063385826772
21
1.4938466141732283
0
LINE
8
BLACK
6
CONTINUOUS
10
0.4352063385826772
20
1.4938466141732283
11
0.4362674015748031
21
1.4933161417322833
0
LINE
8
BLACK
6
CONTINUOUS
10
0.4362674015748031
20
1.4933161417322833
11
0.4364663779527559
21
1.4930147244094487
0
LINE
8
BLACK
6
CONTINUOUS
10
0.4364663779527559
20
1.4930147244094487
11
0.4367677952755906
21
1.4928157480314961
0
LINE
8
BLACK
6
CONTINUOUS
10
0.4367677952755906
20
1.4928157480314961
11
0.4372982283464567
21
1.4917548425196849
0
LINE
8
BLACK
6
CONTINUOUS
10
0.4372982283464567
20
1.4917548425196849
11
0.4379517322834646
21
1.4907650787401574
0
LINE
8
BLACK
6
CONTINUOUS
10
0.4379517322834646
20
1.4907650787401574
11
0.4379733464566929
21
1.4904045275590552
0
LINE
8
BLACK
6
CONTINUOUS
10
0.4379733464566929
20
1.4904045275590552
11
0.4381348818897638
21
1.4900815354330708
0
LINE
8
BLACK
6
CONTINUOUS
10
0.4381348818897638
20
1.4900815354330708
11
0.4380638188976378
21
1.4888975984251969
0
LINE
8
BLACK
6
CONTINUOUS
10
0.4380638188976378
20
1.4888975984251969
11
0.4381348818897638
21
1.4877136614173228
0
LINE
8
BLACK
6
CONTINUOUS
10
0.4381348818897638
20
1.4877136614173228
11
0.4379733464566929
21
1.4873906299212598
0
LINE
8
BLACK
6
CONTINUOUS
10
0.4379733464566929
20
1.4873906299212598
11
0.4379517322834646
21
1.4870301181102361
0
LINE
8
BLACK
6
CONTINUOUS
10
0.4379517322834646
20
1.4870301181102361
11
0.4372982283464567
21
1.4860403149606298
0
LINE
8
BLACK
6
CONTINUOUS
10
0.4372982283464567
20
1.4860403149606298
11
0.4367677952755906
21
1.4849794488188977
0
LINE
8
BLACK
6
CONTINUOUS
10
0.4367677952755906
20
1.4849794488188977
11
0.4364663779527559
21
1.484780433070866
0
LINE
8
BLACK
6
CONTINUOUS
10
0.4364663779527559
20
1.484780433070866
11
0.4362674015748031
21
1.4844790551181102
0
LINE
8
BLACK
6
CONTINUOUS
10
0.4362674015748031
20
1.4844790551181102
11
0.4352063385826772
21
1.4839485433070865
0
LINE
8
BLACK
6
CONTINUOUS
10
0.4352063385826772
20
1.4839485433070865
11
0.4342167322834646
21
1.4832951574803148
0
LINE
8
BLACK
6
CONTINUOUS
10
0.4342167322834646
20
1.4832951574803148
11
0.3751616141732284
21
1.4636101181102361
0
LINE
8
BLACK
6
CONTINUOUS
10
0.3751616141732284
20
1.4636101181102361
11
0.3721101968503937
21
1.4634269291338582
0
LINE
8
BLACK
6
CONTINUOUS
10
0.3721101968503937
20
1.4634269291338582
11
0.3693759842519685
21
1.4647940551181102
0
LINE
8
BLACK
6
CONTINUOUS
10
0.3693759842519685
20
1.4647940551181102
11
0.3676916929133858
21
1.4673450787401574
0
LINE
8
BLACK
6
CONTINUOUS
10
0.3676916929133858
20
1.4673450787401574
11
0.3675085039370078
21
1.4703964960629921
0
LINE
8
BLACK
6
CONTINUOUS
10
0.3675085039370078
20
1.4703964960629921
11
0.3688756299212598
21
1.4731307086614174
0
LINE
8
BLACK
6
CONTINUOUS
10
0.3688756299212598
20
1.4731307086614174
11
0.3714266535433071
21
1.474815
0
LINE
8
BLACK
6
CONTINUOUS
10
0.3714266535433071
20
1.474815
11
0.3842614960629921
21
1.4790932677165354
0
LINE
8
BLACK
6
CONTINUOUS
10
0.3842614960629921
20
1.4790932677165354
11
0.3842614960629921
21
1.4987018897637796
0
LINE
8
BLACK
6
CONTINUOUS
10
0.3842614960629921
20
1.4987018897637796
11
0.3714266535433071
21
1.5029801968503937
0
LINE
8
BLACK
6
CONTINUOUS
10
0.3714266535433071
20
1.5029801968503937
11
0.3688756299212598
21
1.5046644881889764
0
LINE
8
BLACK
6
CONTINUOUS
10
0.3688756299212598
20
1.5046644881889764
11
0.3675085039370078
21
1.5073987007874015
0
LINE
8
BLACK
6
CONTINUOUS
10
0.3675085039370078
20
1.5073987007874015
11
0.3676916929133858
21
1.5104501181102361
0
LINE
8
BLACK
6
CONTINUOUS
10
0.3676916929133858
20
1.5104501181102361
11
0.3693759842519685
21
1.5130011417322835
0
LINE
8
BLACK
6
CONTINUOUS
10
0.3693759842519685
20
1.5130011417322835
11
0.3721101968503937
21
1.5143682677165353
0
LINE
8
BLACK
6
CONTINUOUS
10
0.3721101968503937
20
1.5143682677165353
11
0.3751616141732284
21
1.5141850787401574
0
LINE
8
BLACK
6
CONTINUOUS
10
0.3960725196850394
20
1.4830302755905511
11
0.4136743307086614
21
1.4888975984251969
0
LINE
8
BLACK
6
CONTINUOUS
10
0.4136743307086614
20
1.4888975984251969
11
0.3960725196850394
21
1.4947648818897636
0
LINE
8
BLACK
6
CONTINUOUS
10
0.3960725196850394
20
1.4947648818897636
11
0.3960725196850394
21
1.4830302755905511
0
LINE
8
BLACK
6
CONTINUOUS
10
0.3762468897637795
20
1.5558792125984251
11
0.3784084645669291
21
1.5537176377952755
0
LINE
8
BLACK
6
CONTINUOUS
10
0.3784084645669291
20
1.5537176377952755
11
0.3791996456692913
21
1.5507648818897637
0
LINE
8
BLACK
6
CONTINUOUS
10
0.3791996456692913
20
1.5507648818897637
11
0.3791996456692913
21
1.5460988582677164
0
LINE
8
BLACK
6
CONTINUOUS
10
0.3791996456692913
20
1.5460988582677164
11
0.381267874015748
21
1.5398941732283464
0
LINE
8
BLACK
6
CONTINUOUS
10
0.381267874015748
20
1.5398941732283464
11
0.3849206299212599
21
1.5362414173228347
0
LINE
8
BLACK
6
CONTINUOUS
10
0.3849206299212599
20
1.5362414173228347
11
0.3911252755905512
21
1.5341731889763779
0
LINE
8
BLACK
6
CONTINUOUS
10
0.3911252755905512
20
1.5341731889763779
11
0.4323492519685039
21
1.5341731889763779
0
LINE
8
BLACK
6
CONTINUOUS
10
0.4323492519685039
20
1.5341731889763779
11
0.4353020078740157
21
1.5333820078740157
0
LINE
8
BLACK
6
CONTINUOUS
10
0.4353020078740157
20
1.5333820078740157
11
0.4374635826771653
21
1.5312204330708661
0
LINE
8
BLACK
6
CONTINUOUS
10
0.4374635826771653
20
1.5312204330708661
11
0.4382547637795275
21
1.5282676771653543
0
LINE
8
BLACK
6
CONTINUOUS
10
0.4382547637795275
20
1.5282676771653543
11
0.4374635826771653
21
1.5253149212598425
0
LINE
8
BLACK
6
CONTINUOUS
10
0.4374635826771653
20
1.5253149212598425
11
0.4353020078740157
21
1.5231533464566929
0
LINE
8
BLACK
6
CONTINUOUS
10
0.4353020078740157
20
1.5231533464566929
11
0.4323492519685039
21
1.5223621653543307
0
LINE
8
BLACK
6
CONTINUOUS
10
0.4323492519685039
20
1.5223621653543307
11
0.3901670078740158
21
1.5223621653543307
0
LINE
8
BLACK
6
CONTINUOUS
10
0.3901670078740158
20
1.5223621653543307
11
0.3892485433070866
21
1.5226082283464566
0
LINE
8
BLACK
6
CONTINUOUS
10
0.3892485433070866
20
1.5226082283464566
11
0.3882994881889764
21
1.5226652362204725
0
LINE
8
BLACK
6
CONTINUOUS
10
0.3882994881889764
20
1.5226652362204725
11
0.3798630708661417
21
1.5254774015748032
0
LINE
8
BLACK
6
CONTINUOUS
10
0.3798630708661417
20
1.5254774015748032
11
0.3787303543307087
21
1.5262252362204725
0
LINE
8
BLACK
6
CONTINUOUS
10
0.3787303543307087
20
1.5262252362204725
11
0.3775547637795276
21
1.5269040157480314
0
LINE
8
BLACK
6
CONTINUOUS
10
0.3775547637795276
20
1.5269040157480314
11
0.3719304724409448
21
1.532528307086614
0
LINE
8
BLACK
6
CONTINUOUS
10
0.3719304724409448
20
1.532528307086614
11
0.371251811023622
21
1.5337037401574802
0
LINE
8
BLACK
6
CONTINUOUS
10
0.371251811023622
20
1.5337037401574802
11
0.3705038188976378
21
1.5348366535433071
0
LINE
8
BLACK
6
CONTINUOUS
10
0.3705038188976378
20
1.5348366535433071
11
0.3676916929133858
21
1.5432731102362205
0
LINE
8
BLACK
6
CONTINUOUS
10
0.3676916929133858
20
1.5432731102362205
11
0.3676346850393701
21
1.5442221259842519
0
LINE
8
BLACK
6
CONTINUOUS
10
0.3676346850393701
20
1.5442221259842519
11
0.3673886220472441
21
1.545140590551181
0
LINE
8
BLACK
6
CONTINUOUS
10
0.3673886220472441
20
1.545140590551181
11
0.3673886220472441
21
1.5507648818897637
0
LINE
8
BLACK
6
CONTINUOUS
10
0.3673886220472441
20
1.5507648818897637
11
0.3681798031496063
21
1.5537176377952755
0
LINE
8
BLACK
6
CONTINUOUS
10
0.3681798031496063
20
1.5537176377952755
11
0.3703413779527559
21
1.5558792125984251
0
LINE
8
BLACK
6
CONTINUOUS
10
0.3703413779527559
20
1.5558792125984251
11
0.3732941338582677
21
1.5566703937007873
0
LINE
8
BLACK
6
CONTINUOUS
10
0.3732941338582677
20
1.5566703937007873
11
0.3762468897637795
21
1.5558792125984251
0
CIRCLE
8
BLACK
10
0.2
20
0.2
40
0.0068897637795276
0
CIRCLE
8
BLACK
10
1.3999999999999999
20
0.2
40
0.0068897637795276
0
CIRCLE
8
BLACK
10
1.3999999999999999
20
1.3999999999999999
40
0.0068897637795276
0
CIRCLE
8
BLACK
10
0.2
20
1.3999999999999999
40
0.0068897637795276
0
CIRCLE
8
BLACK
10
0.67
20
0.2131496062992126
40
0.0068897637795276
0
CIRCLE
8
BLACK
10
0.67
20
0.41
40
0.0068897637795276
0
CIRCLE
8
BLACK
10
0.47
20
0.2131496062992126
40
0.0068897637795276
0
CIRCLE
8
BLACK
10
0.47
20
0.41
40
0.0068897637795276
0
CIRCLE
8
BLACK
10
0.15
20
1.1399999999999999
40
0.0068897637795276
0
CIRCLE
8
BLACK
10
0.25
20
1.1399999999999999
40
0.0068897637795276
0
CIRCLE
8
BLACK
10
0.52
20
1.3699999999999999
40
0.0068897637795276
0
CIRCLE
8
BLACK
10
0.52
20
1.47
40
0.0068897637795276
0
CIRCLE
8
BLACK
10
0.15
20
0.54
40
0.0068897637795276
0
CIRCLE
8
BLACK
10
0.25
20
0.54
40
0.0068897637795276
0
CIRCLE
8
BLACK
10
0.15
20
0.64
40
0.0068897637795276
0
CIRCLE
8
BLACK
10
0.25
20
0.64
40
0.0068897637795276
0
CIRCLE
8
BLACK
10
0.15
20
0.74
40
0.0068897637795276
0
CIRCLE
8
BLACK
10
0.25
20
0.74
40
0.0068897637795276
0
CIRCLE
8
BLACK
10
0.15
20
0.84
40
0.0068897637795276
0
CIRCLE
8
BLACK
10
0.25
20
0.84
40
0.0068897637795276
0
CIRCLE
8
BLACK
10
0.15
20
0.9399999999999999
40
0.0068897637795276
0
CIRCLE
8
BLACK
10
0.25
20
0.9399999999999999
40
0.0068897637795276
0
CIRCLE
8
BLACK
10
0.15
20
1.04
40
0.0068897637795276
0
CIRCLE
8
BLACK
10
0.25
20
1.04
40
0.0068897637795276
0
CIRCLE
8
BLACK
10
0.72
20
1.3699999999999999
40
0.0068897637795276
0
CIRCLE
8
BLACK
10
0.72
20
1.47
40
0.0068897637795276
0
CIRCLE
8
BLACK
10
0.62
20
1.3699999999999999
40
0.0068897637795276
0
CIRCLE
8
BLACK
10
0.62
20
1.47
40
0.0068897637795276
0
CIRCLE
8
BLACK
10
0.85
20
0.14
40
0.0068897637795276
0
CIRCLE
8
BLACK
10
0.85
20
0.24
40
0.0068897637795276
0
CIRCLE
8
BLACK
10
0.95
20
0.14
40
0.0068897637795276
0
CIRCLE
8
BLACK
10
0.95
20
0.24
40
0.0068897637795276
0
CIRCLE
8
BLACK
10
1.05
20
0.14
40
0.0068897637795276
0
CIRCLE
8
BLACK
10
1.05
20
0.24
40
0.0068897637795276
0
CIRCLE
8
BLACK
10
1.1499999999999999
20
0.14
40
0.0068897637795276
0
CIRCLE
8
BLACK
10
1.1499999999999999
20
0.24
40
0.0068897637795276
0
CIRCLE
8
BLACK
10
1.3499999999999999
20
0.73
40
0.0068897637795276
0
CIRCLE
8
BLACK
10
1.45
20
0.73
40
0.0068897637795276
0
CIRCLE
8
BLACK
10
1.3499999999999999
20
0.63
40
0.0068897637795276
0
CIRCLE
8
BLACK
10
1.45
20
0.63
40
0.0068897637795276
0
CIRCLE
8
BLACK
10
1.3499999999999999
20
0.53
40
0.0068897637795276
0
CIRCLE
8
BLACK
10
1.45
20
0.53
40
0.0068897637795276
0
CIRCLE
8
BLACK
10
1.3499999999999999
20
0.43
40
0.0068897637795276
0
CIRCLE
8
BLACK
10
1.45
20
0.43
40
0.0068897637795276
0
CIRCLE
8
BLACK
10
1.3499999999999999
20
1.1699999999999999
40
0.0068897637795276
0
CIRCLE
8
BLACK
10
1.45
20
1.1699999999999999
40
0.0068897637795276
0
CIRCLE
8
BLACK
10
1.3499999999999999
20
1.0700000000000001
40
0.0068897637795276
0
CIRCLE
8
BLACK
10
1.45
20
1.0700000000000001
40
0.0068897637795276
0
CIRCLE
8
BLACK
10
1.3499999999999999
20
0.97
40
0.0068897637795276
0
CIRCLE
8
BLACK
10
1.45
20
0.97
40
0.0068897637795276
0
CIRCLE
8
BLACK
10
1.3499999999999999
20
0.87
40
0.0068897637795276
0
CIRCLE
8
BLACK
10
1.45
20
0.87
40
0.0068897637795276
0
CIRCLE
8
BLACK
10
0.85
20
1.3499999999999999
40
0.0068897637795276
0
CIRCLE
8
BLACK
10
0.85
20
1.45
40
0.0068897637795276
0
CIRCLE
8
BLACK
10
0.95
20
1.3499999999999999
40
0.0068897637795276
0
CIRCLE
8
BLACK
10
0.95
20
1.45
40
0.0068897637795276
0
CIRCLE
8
BLACK
10
1.05
20
1.3499999999999999
40
0.0068897637795276
0
CIRCLE
8
BLACK
10
1.05
20
1.45
40
0.0068897637795276
0
CIRCLE
8
BLACK
10
1.1499999999999999
20
1.3499999999999999
40
0.0068897637795276
0
CIRCLE
8
BLACK
10
1.1499999999999999
20
1.45
40
0.0068897637795276
0
CIRCLE
8
BLACK
10
1.1199999999999999
20
0.85
40
0.0068897637795276
0
CIRCLE
8
BLACK
10
1.22
20
0.85
40
0.0068897637795276
0
CIRCLE
8
BLACK
10
0.15
20
0.44
40
0.0068897637795276
0
CIRCLE
8
BLACK
10
0.25
20
0.44
40
0.0068897637795276
0
CIRCLE
8
BLACK
10
0.6927362204724409
20
0.789251968503937
40
0.0068897637795276
0
CIRCLE
8
BLACK
10
0.740236220472441
20
0.789251968503937
40
0.0068897637795276
0
CIRCLE
8
BLACK
10
0.787736220472441
20
0.789251968503937
40
0.0068897637795276
0
CIRCLE
8
BLACK
10
0.6927362204724409
20
0.829251968503937
40
0.0068897637795276
0
CIRCLE
8
BLACK
10
0.740236220472441
20
0.829251968503937
40
0.0068897637795276
0
CIRCLE
8
BLACK
10
0.787736220472441
20
0.829251968503937
40
0.0068897637795276
0
CIRCLE
8
BLACK
10
0.6927362204724409
20
0.8692519685039369
40
0.0068897637795276
0
CIRCLE
8
BLACK
10
0.740236220472441
20
0.8692519685039369
40
0.0068897637795276
0
CIRCLE
8
BLACK
10
0.787736220472441
20
0.8692519685039369
40
0.0068897637795276
0
CIRCLE
8
BLACK
10
0.6927362204724409
20
0.909251968503937
40
0.0068897637795276
0
CIRCLE
8
BLACK
10
0.740236220472441
20
0.909251968503937
40
0.0068897637795276
0
CIRCLE
8
BLACK
10
0.787736220472441
20
0.909251968503937
40
0.0068897637795276
0
CIRCLE
8
BLACK
10
0.6927362204724409
20
0.949251968503937
40
0.0068897637795276
0
CIRCLE
8
BLACK
10
0.740236220472441
20
0.949251968503937
40
0.0068897637795276
0
CIRCLE
8
BLACK
10
0.7872362204724409
20
0.949251968503937
40
0.0068897637795276
  0
ENDSEC
  0
EOF
