  0
SECTION
  2
HEADER
  9
$ANGBASE
  50
0.0
  9
$ANGDIR
  70
1
  9
$MEASUREMENT
  70
0
  0
ENDSEC
  0
SECTION
  2
TABLES
  0
TABLE
  2
LTYPE
  70
4
  0
LTYPE
  5
40F
  2
CONTINUOUS
  70
0
  3
Solid line
  72
65
  73
0
  40
0.0
  0
LTYPE
  5
410
  2
DASHDOT
 70
0
  3
Dash Dot ____ _ ____ _
 72
65
 73
4
 40
2.0
 49
1.25
 49
-0.25
 49
0.25
 49
-0.25
  0
LTYPE
  5
411
  2
DASHED
 70
0
  3
Dashed __ __ __ __ __
 72
65
 73
2
 40
0.75
 49
0.5
 49
-0.25
  0
LTYPE
  5
43B
  2
DOTTED
 70
0
  3
Dotted .  .  .  .
 72
65
 73
2
 40
0.2
 49
0.0
 49
-0.2
  0
ENDTAB
  0
TABLE
  2
STYLE
  70
4
  0
STYLE
  2
KICAD
  70
0
  40
0
  41
1
  42
1
  50
0
  71
0
  3
isocp.shx
  0
STYLE
  2
KICADB
  70
0
  40
0
  41
1
  42
1
  50
0
  71
0
  3
isocp.shx
  0
STYLE
  2
KICADI
  70
0
  40
0
  41
1
  42
1
  50
15
  71
0
  3
isocp.shx
  0
STYLE
  2
KICADBI
  70
0
  40
0
  41
1
  42
1
  50
15
  71
0
  3
isocp.shx
  0
ENDTAB
  0
TABLE
  2
LAYER
  70
1
  0
LAYER
  2
BLACK
  70
0
  62
7
  6
CONTINUOUS
  0
ENDTAB
  0
ENDSEC
  0
SECTION
  2
ENTITIES
0
LINE
8
BLACK
6
CONTINUOUS
10
0.2033930708661417
20
0.3257937007874016
11
0.2068202362204724
21
0.3257937007874016
0
LINE
8
BLACK
6
CONTINUOUS
10
0.2068202362204724
20
0.3257937007874016
11
0.2104794094488189
21
0.3253957086614173
0
LINE
8
BLACK
6
CONTINUOUS
10
0.2104794094488189
20
0.3253957086614173
11
0.2141057480314961
21
0.3251920866141732
0
LINE
8
BLACK
6
CONTINUOUS
10
0.2141057480314961
20
0.3251920866141732
11
0.2172249212598425
21
0.3246620866141732
0
LINE
8
BLACK
6
CONTINUOUS
10
0.2172249212598425
20
0.3246620866141732
11
0.2203811023622047
21
0.3243188582677165
0
LINE
8
BLACK
6
CONTINUOUS
10
0.2203811023622047
20
0.3243188582677165
11
0.2242248818897638
21
0.3234727559055118
0
LINE
8
BLACK
6
CONTINUOUS
10
0.2242248818897638
20
0.3234727559055118
11
0.2280341338582677
21
0.3228255511811023
0
LINE
8
BLACK
6
CONTINUOUS
10
0.2280341338582677
20
0.3228255511811023
11
0.2308478346456693
21
0.3220149212598425
0
LINE
8
BLACK
6
CONTINUOUS
10
0.2308478346456693
20
0.3220149212598425
11
0.233702874015748
21
0.3213864960629921
0
LINE
8
BLACK
6
CONTINUOUS
10
0.233702874015748
20
0.3213864960629921
11
0.2376761023622047
21
0.3200477559055118
0
LINE
8
BLACK
6
CONTINUOUS
10
0.2376761023622047
20
0.3200477559055118
11
0.2416099606299213
21
0.3189144488188976
0
LINE
8
BLACK
6
CONTINUOUS
10
0.2416099606299213
20
0.3189144488188976
11
0.2440963779527559
21
0.3178845275590551
0
LINE
8
BLACK
6
CONTINUOUS
10
0.2440963779527559
20
0.3178845275590551
11
0.2466292913385827
21
0.3170311023622047
0
LINE
8
BLACK
6
CONTINUOUS
10
0.2466292913385827
20
0.3170311023622047
11
0.2506707874015748
21
0.3151612992125984
0
LINE
8
BLACK
6
CONTINUOUS
10
0.2506707874015748
20
0.3151612992125984
11
0.2546625196850394
21
0.313507874015748
0
LINE
8
BLACK
6
CONTINUOUS
10
0.2546625196850394
20
0.313507874015748
11
0.2568098031496063
21
0.312321062992126
0
LINE
8
BLACK
6
CONTINUOUS
10
0.2568098031496063
20
0.312321062992126
11
0.2590093307086614
21
0.3113035039370078
0
LINE
8
BLACK
6
CONTINUOUS
10
0.2590093307086614
20
0.3113035039370078
11
0.2630505511811024
21
0.308871968503937
0
LINE
8
BLACK
6
CONTINUOUS
10
0.2630505511811024
20
0.308871968503937
11
0.2670276771653543
21
0.3066738976377953
0
LINE
8
BLACK
6
CONTINUOUS
10
0.2670276771653543
20
0.3066738976377953
11
0.2688345669291339
21
0.3053918110236221
0
LINE
8
BLACK
6
CONTINUOUS
10
0.2688345669291339
20
0.3053918110236221
11
0.2706976377952756
21
0.3042708661417323
0
LINE
8
BLACK
6
CONTINUOUS
10
0.2706976377952756
20
0.3042708661417323
11
0.2746654724409449
21
0.3012545669291338
0
LINE
8
BLACK
6
CONTINUOUS
10
0.2746654724409449
20
0.3012545669291338
11
0.2785498818897638
21
0.2984984645669291
0
LINE
8
BLACK
6
CONTINUOUS
10
0.2785498818897638
20
0.2984984645669291
11
0.2800237007874016
21
0.2971813779527559
0
LINE
8
BLACK
6
CONTINUOUS
10
0.2800237007874016
20
0.2971813779527559
11
0.2815566535433071
21
0.296016062992126
0
LINE
8
BLACK
6
CONTINUOUS
10
0.2815566535433071
20
0.296016062992126
11
0.285373937007874
21
0.2924000787401575
0
LINE
8
BLACK
6
CONTINUOUS
10
0.285373937007874
20
0.2924000787401575
11
0.2890843307086614
21
0.2890843307086614
0
LINE
8
BLACK
6
CONTINUOUS
10
0.2890843307086614
20
0.2890843307086614
11
0.2902422440944882
21
0.2877885826771653
0
LINE
8
BLACK
6
CONTINUOUS
10
0.2902422440944882
20
0.2877885826771653
11
0.2914596456692913
21
0.2866354330708661
0
LINE
8
BLACK
6
CONTINUOUS
10
0.2914596456692913
20
0.2866354330708661
11
0.2950464960629921
21
0.2824126377952756
0
LINE
8
BLACK
6
CONTINUOUS
10
0.2950464960629921
20
0.2824126377952756
11
0.2984984645669291
21
0.2785498818897638
0
LINE
8
BLACK
6
CONTINUOUS
10
0.2984984645669291
20
0.2785498818897638
11
0.2993655118110236
21
0.2773278346456693
0
LINE
8
BLACK
6
CONTINUOUS
10
0.2993655118110236
20
0.2773278346456693
11
0.3002906692913386
21
0.2762387007874016
0
LINE
8
BLACK
6
CONTINUOUS
10
0.3002906692913386
20
0.2762387007874016
11
0.303567874015748
21
0.271405157480315
0
LINE
8
BLACK
6
CONTINUOUS
10
0.303567874015748
20
0.271405157480315
11
0.3066738976377953
21
0.2670276771653543
0
LINE
8
BLACK
6
CONTINUOUS
10
0.3066738976377953
20
0.2670276771653543
11
0.3072822047244094
21
0.2659269291338582
0
LINE
8
BLACK
6
CONTINUOUS
10
0.3072822047244094
20
0.2659269291338582
11
0.3079456299212598
21
0.2649485433070866
0
LINE
8
BLACK
6
CONTINUOUS
10
0.3079456299212598
20
0.2649485433070866
11
0.3108335433070866
21
0.2595013385826772
0
LINE
8
BLACK
6
CONTINUOUS
10
0.3108335433070866
20
0.2595013385826772
11
0.313507874015748
21
0.2546625196850394
0
LINE
8
BLACK
6
CONTINUOUS
10
0.313507874015748
20
0.2546625196850394
11
0.3138970078740158
21
0.2537229527559055
0
LINE
8
BLACK
6
CONTINUOUS
10
0.3138970078740158
20
0.2537229527559055
11
0.3143348031496063
21
0.2528972834645669
0
LINE
8
BLACK
6
CONTINUOUS
10
0.3143348031496063
20
0.2528972834645669
11
0.3167526377952756
21
0.2468289763779528
0
LINE
8
BLACK
6
CONTINUOUS
10
0.3167526377952756
20
0.2468289763779528
11
0.3189144488188976
21
0.2416099606299213
0
LINE
8
BLACK
6
CONTINUOUS
10
0.3189144488188976
20
0.2416099606299213
11
0.3191294094488189
21
0.2408637401574803
0
LINE
8
BLACK
6
CONTINUOUS
10
0.3191294094488189
20
0.2408637401574803
11
0.3193839763779527
21
0.2402248818897638
0
LINE
8
BLACK
6
CONTINUOUS
10
0.3193839763779527
20
0.2402248818897638
11
0.3212576771653543
21
0.2334763385826772
0
LINE
8
BLACK
6
CONTINUOUS
10
0.3212576771653543
20
0.2334763385826772
11
0.3228255511811023
21
0.2280341338582677
0
LINE
8
BLACK
6
CONTINUOUS
10
0.3228255511811023
20
0.2280341338582677
11
0.3229151968503937
21
0.2275064566929134
0
LINE
8
BLACK
6
CONTINUOUS
10
0.3229151968503937
20
0.2275064566929134
11
0.3230331102362204
21
0.227081811023622
0
LINE
8
BLACK
6
CONTINUOUS
10
0.3230331102362204
20
0.227081811023622
11
0.3242899212598425
21
0.2194154724409449
0
LINE
8
BLACK
6
CONTINUOUS
10
0.3242899212598425
20
0.2194154724409449
11
0.3251920866141732
21
0.2141057480314961
0
LINE
8
BLACK
6
CONTINUOUS
10
0.3251920866141732
20
0.2141057480314961
11
0.3252085826771653
21
0.2138117322834646
0
LINE
8
BLACK
6
CONTINUOUS
10
0.3252085826771653
20
0.2138117322834646
11
0.3252399606299213
21
0.2136204330708661
0
LINE
8
BLACK
6
CONTINUOUS
10
0.3252399606299213
20
0.2136204330708661
11
0.3258165748031496
21
0.2029851181102362
0
LINE
8
BLACK
6
CONTINUOUS
10
0.3258165748031496
20
0.2029851181102362
11
0.3259842519685039
21
0.2
0
LINE
8
BLACK
6
CONTINUOUS
10
0.3259842519685039
20
0.2
11
0.3258166141732283
21
0.1970151181102362
0
LINE
8
BLACK
6
CONTINUOUS
10
0.3258166141732283
20
0.1970151181102362
11
0.3252399606299213
21
0.1863795275590551
0
LINE
8
BLACK
6
CONTINUOUS
10
0.3252399606299213
20
0.1863795275590551
11
0.3252085826771653
21
0.186188188976378
0
LINE
8
BLACK
6
CONTINUOUS
10
0.3252085826771653
20
0.186188188976378
11
0.3251920866141732
21
0.1858942519685039
0
LINE
8
BLACK
6
CONTINUOUS
10
0.3251920866141732
20
0.1858942519685039
11
0.3242900787401575
21
0.1805855905511811
0
LINE
8
BLACK
6
CONTINUOUS
10
0.3242900787401575
20
0.1805855905511811
11
0.3230331102362204
21
0.1729181496062992
0
LINE
8
BLACK
6
CONTINUOUS
10
0.3230331102362204
20
0.1729181496062992
11
0.322915157480315
21
0.1724934251968504
0
LINE
8
BLACK
6
CONTINUOUS
10
0.322915157480315
20
0.1724934251968504
11
0.3228255511811023
21
0.1719658661417323
0
LINE
8
BLACK
6
CONTINUOUS
10
0.3228255511811023
20
0.1719658661417323
11
0.3212579527559055
21
0.1665246456692913
0
LINE
8
BLACK
6
CONTINUOUS
10
0.3212579527559055
20
0.1665246456692913
11
0.3193839763779527
21
0.1597750787401575
0
LINE
8
BLACK
6
CONTINUOUS
10
0.3193839763779527
20
0.1597750787401575
11
0.3191293700787401
21
0.1591361023622047
0
LINE
8
BLACK
6
CONTINUOUS
10
0.3191293700787401
20
0.1591361023622047
11
0.3189144488188976
21
0.1583900393700787
0
LINE
8
BLACK
6
CONTINUOUS
10
0.3189144488188976
20
0.1583900393700787
11
0.316753031496063
21
0.1531720078740157
0
LINE
8
BLACK
6
CONTINUOUS
10
0.316753031496063
20
0.1531720078740157
11
0.3143348031496063
21
0.1471026771653543
0
LINE
8
BLACK
6
CONTINUOUS
10
0.3143348031496063
20
0.1471026771653543
11
0.313896968503937
21
0.1462768110236221
0
LINE
8
BLACK
6
CONTINUOUS
10
0.313896968503937
20
0.1462768110236221
11
0.313507874015748
21
0.1453374803149606
0
LINE
8
BLACK
6
CONTINUOUS
10
0.313507874015748
20
0.1453374803149606
11
0.3108340551181102
21
0.1404995669291338
0
LINE
8
BLACK
6
CONTINUOUS
10
0.3108340551181102
20
0.1404995669291338
11
0.3079456299212598
21
0.1350514173228347
0
LINE
8
BLACK
6
CONTINUOUS
10
0.3079456299212598
20
0.1350514173228347
11
0.3072820866141732
21
0.1340727952755905
0
LINE
8
BLACK
6
CONTINUOUS
10
0.3072820866141732
20
0.1340727952755905
11
0.3066738976377953
21
0.1329723228346457
0
LINE
8
BLACK
6
CONTINUOUS
10
0.3066738976377953
20
0.1329723228346457
11
0.3035684645669292
21
0.1285956299212598
0
LINE
8
BLACK
6
CONTINUOUS
10
0.3035684645669292
20
0.1285956299212598
11
0.3002906692913386
21
0.1237612598425197
0
LINE
8
BLACK
6
CONTINUOUS
10
0.3002906692913386
20
0.1237612598425197
11
0.2993653543307087
21
0.1226718897637795
0
LINE
8
BLACK
6
CONTINUOUS
10
0.2993653543307087
20
0.1226718897637795
11
0.2984984645669291
21
0.1214501181102362
0
LINE
8
BLACK
6
CONTINUOUS
10
0.2984984645669291
20
0.1214501181102362
11
0.2950471653543307
21
0.1175881102362205
0
LINE
8
BLACK
6
CONTINUOUS
10
0.2950471653543307
20
0.1175881102362205
11
0.2914596456692913
21
0.1133645275590551
0
LINE
8
BLACK
6
CONTINUOUS
10
0.2914596456692913
20
0.1133645275590551
11
0.2902420078740157
21
0.1122111023622047
0
LINE
8
BLACK
6
CONTINUOUS
10
0.2902420078740157
20
0.1122111023622047
11
0.2890843307086614
21
0.1109156692913386
0
LINE
8
BLACK
6
CONTINUOUS
10
0.2890843307086614
20
0.1109156692913386
11
0.2853746850393701
21
0.1076005118110236
0
LINE
8
BLACK
6
CONTINUOUS
10
0.2853746850393701
20
0.1076005118110236
11
0.2815566535433071
21
0.1039838976377953
0
LINE
8
BLACK
6
CONTINUOUS
10
0.2815566535433071
20
0.1039838976377953
11
0.2800233858267717
21
0.1028183464566929
0
LINE
8
BLACK
6
CONTINUOUS
10
0.2800233858267717
20
0.1028183464566929
11
0.2785498818897638
21
0.1015015354330709
0
LINE
8
BLACK
6
CONTINUOUS
10
0.2785498818897638
20
0.1015015354330709
11
0.2746662598425197
21
0.0987459448818898
0
LINE
8
BLACK
6
CONTINUOUS
10
0.2746662598425197
20
0.0987459448818898
11
0.2706976377952756
21
0.095729094488189
0
LINE
8
BLACK
6
CONTINUOUS
10
0.2706976377952756
20
0.095729094488189
11
0.2688341732283465
21
0.094607874015748
0
LINE
8
BLACK
6
CONTINUOUS
10
0.2688341732283465
20
0.094607874015748
11
0.2670276771653543
21
0.0933261023622047
0
LINE
8
BLACK
6
CONTINUOUS
10
0.2670276771653543
20
0.0933261023622047
11
0.2630513385826772
21
0.0911284645669291
0
LINE
8
BLACK
6
CONTINUOUS
10
0.2630513385826772
20
0.0911284645669291
11
0.2590093307086614
21
0.0886964566929134
0
LINE
8
BLACK
6
CONTINUOUS
10
0.2590093307086614
20
0.0886964566929134
11
0.2568093700787402
21
0.0876786220472441
0
LINE
8
BLACK
6
CONTINUOUS
10
0.2568093700787402
20
0.0876786220472441
11
0.2546625196850394
21
0.086492125984252
0
LINE
8
BLACK
6
CONTINUOUS
10
0.2546625196850394
20
0.086492125984252
11
0.2506716141732284
21
0.0848390157480315
0
LINE
8
BLACK
6
CONTINUOUS
10
0.2506716141732284
20
0.0848390157480315
11
0.2466292913385827
21
0.0829688582677165
0
LINE
8
BLACK
6
CONTINUOUS
10
0.2466292913385827
20
0.0829688582677165
11
0.2440958661417323
21
0.0821152362204724
0
LINE
8
BLACK
6
CONTINUOUS
10
0.2440958661417323
20
0.0821152362204724
11
0.2416099606299213
21
0.0810855511811024
0
LINE
8
BLACK
6
CONTINUOUS
10
0.2416099606299213
20
0.0810855511811024
11
0.2376768897637795
21
0.0799524409448819
0
LINE
8
BLACK
6
CONTINUOUS
10
0.2376768897637795
20
0.0799524409448819
11
0.233702874015748
21
0.0786134645669291
0
LINE
8
BLACK
6
CONTINUOUS
10
0.233702874015748
20
0.0786134645669291
11
0.2308472440944882
21
0.0779848818897638
0
LINE
8
BLACK
6
CONTINUOUS
10
0.2308472440944882
20
0.0779848818897638
11
0.2280341338582677
21
0.0771744488188976
0
LINE
8
BLACK
6
CONTINUOUS
10
0.2280341338582677
20
0.0771744488188976
11
0.2242256692913386
21
0.0765273622047244
0
LINE
8
BLACK
6
CONTINUOUS
10
0.2242256692913386
20
0.0765273622047244
11
0.2203811023622047
21
0.0756811023622047
0
LINE
8
BLACK
6
CONTINUOUS
10
0.2203811023622047
20
0.0756811023622047
11
0.2172244094488189
21
0.0753377952755905
0
LINE
8
BLACK
6
CONTINUOUS
10
0.2172244094488189
20
0.0753377952755905
11
0.2141057480314961
21
0.0748079133858268
0
LINE
8
BLACK
6
CONTINUOUS
10
0.2141057480314961
20
0.0748079133858268
11
0.2104796062992126
21
0.0746042519685039
0
LINE
8
BLACK
6
CONTINUOUS
10
0.2104796062992126
20
0.0746042519685039
11
0.2068202362204724
21
0.0742062992125984
0
LINE
8
BLACK
6
CONTINUOUS
10
0.2068202362204724
20
0.0742062992125984
11
0.2033930708661417
21
0.0742062992125984
0
LINE
8
BLACK
6
CONTINUOUS
10
0.2033930708661417
20
0.0742062992125984
11
0.2
21
0.0740157480314961
0
LINE
8
BLACK
6
CONTINUOUS
10
0.2
20
0.0740157480314961
11
0.1966069291338583
21
0.0742062992125984
0
LINE
8
BLACK
6
CONTINUOUS
10
0.1966069291338583
20
0.0742062992125984
11
0.1931797637795276
21
0.0742062992125984
0
LINE
8
BLACK
6
CONTINUOUS
10
0.1931797637795276
20
0.0742062992125984
11
0.1895203149606299
21
0.0746042519685039
0
LINE
8
BLACK
6
CONTINUOUS
10
0.1895203149606299
20
0.0746042519685039
11
0.1858942519685039
21
0.0748079133858268
0
LINE
8
BLACK
6
CONTINUOUS
10
0.1858942519685039
20
0.0748079133858268
11
0.1827755905511811
21
0.0753377559055118
0
LINE
8
BLACK
6
CONTINUOUS
10
0.1827755905511811
20
0.0753377559055118
11
0.1796188582677165
21
0.0756811023622047
0
LINE
8
BLACK
6
CONTINUOUS
10
0.1796188582677165
20
0.0756811023622047
11
0.175774094488189
21
0.0765273622047244
0
LINE
8
BLACK
6
CONTINUOUS
10
0.175774094488189
20
0.0765273622047244
11
0.1719658661417323
21
0.0771744488188976
0
LINE
8
BLACK
6
CONTINUOUS
10
0.1719658661417323
20
0.0771744488188976
11
0.1691528346456693
21
0.077984842519685
0
LINE
8
BLACK
6
CONTINUOUS
10
0.1691528346456693
20
0.077984842519685
11
0.1662970866141732
21
0.0786134645669291
0
LINE
8
BLACK
6
CONTINUOUS
10
0.1662970866141732
20
0.0786134645669291
11
0.1623227952755905
21
0.0799525196850394
0
LINE
8
BLACK
6
CONTINUOUS
10
0.1623227952755905
20
0.0799525196850394
11
0.1583900393700787
21
0.0810855511811024
0
LINE
8
BLACK
6
CONTINUOUS
10
0.1583900393700787
20
0.0810855511811024
11
0.1559042913385827
21
0.082115157480315
0
LINE
8
BLACK
6
CONTINUOUS
10
0.1559042913385827
20
0.082115157480315
11
0.1533706692913386
21
0.0829688582677165
0
LINE
8
BLACK
6
CONTINUOUS
10
0.1533706692913386
20
0.0829688582677165
11
0.1493279921259842
21
0.0848391732283465
0
LINE
8
BLACK
6
CONTINUOUS
10
0.1493279921259842
20
0.0848391732283465
11
0.1453374803149606
21
0.086492125984252
0
LINE
8
BLACK
6
CONTINUOUS
10
0.1453374803149606
20
0.086492125984252
11
0.1431907874015748
21
0.0876785433070866
0
LINE
8
BLACK
6
CONTINUOUS
10
0.1431907874015748
20
0.0876785433070866
11
0.1409906299212599
21
0.0886964566929134
0
LINE
8
BLACK
6
CONTINUOUS
10
0.1409906299212599
20
0.0886964566929134
11
0.1369481496062992
21
0.0911287401574803
0
LINE
8
BLACK
6
CONTINUOUS
10
0.1369481496062992
20
0.0911287401574803
11
0.1329723228346457
21
0.0933261023622047
0
LINE
8
BLACK
6
CONTINUOUS
10
0.1329723228346457
20
0.0933261023622047
11
0.1311659842519685
21
0.0946077165354331
0
LINE
8
BLACK
6
CONTINUOUS
10
0.1311659842519685
20
0.0946077165354331
11
0.1293023228346457
21
0.095729094488189
0
LINE
8
BLACK
6
CONTINUOUS
10
0.1293023228346457
20
0.095729094488189
11
0.1253331102362205
21
0.0987463779527559
0
LINE
8
BLACK
6
CONTINUOUS
10
0.1253331102362205
20
0.0987463779527559
11
0.1214501181102362
21
0.1015015354330709
0
LINE
8
BLACK
6
CONTINUOUS
10
0.1214501181102362
20
0.1015015354330709
11
0.1199768110236221
21
0.1028181496062992
0
LINE
8
BLACK
6
CONTINUOUS
10
0.1199768110236221
20
0.1028181496062992
11
0.1184433070866142
21
0.1039838976377953
0
LINE
8
BLACK
6
CONTINUOUS
10
0.1184433070866142
20
0.1039838976377953
11
0.1146246062992126
21
0.1076011417322835
0
LINE
8
BLACK
6
CONTINUOUS
10
0.1146246062992126
20
0.1076011417322835
11
0.1109156692913386
21
0.1109156692913386
0
LINE
8
BLACK
6
CONTINUOUS
10
0.1109156692913386
20
0.1109156692913386
11
0.1097581496062992
21
0.1122108661417323
0
LINE
8
BLACK
6
CONTINUOUS
10
0.1097581496062992
20
0.1122108661417323
11
0.1085403149606299
21
0.1133645275590551
0
LINE
8
BLACK
6
CONTINUOUS
10
0.1085403149606299
20
0.1133645275590551
11
0.1049520078740157
21
0.1175889763779528
0
LINE
8
BLACK
6
CONTINUOUS
10
0.1049520078740157
20
0.1175889763779528
11
0.1015015354330709
21
0.1214501181102362
0
LINE
8
BLACK
6
CONTINUOUS
10
0.1015015354330709
20
0.1214501181102362
11
0.1006348031496063
21
0.1226716141732283
0
LINE
8
BLACK
6
CONTINUOUS
10
0.1006348031496063
20
0.1226716141732283
11
0.0997092913385827
21
0.1237612598425197
0
LINE
8
BLACK
6
CONTINUOUS
10
0.0997092913385827
20
0.1237612598425197
11
0.0964305905511811
21
0.1285968897637795
0
LINE
8
BLACK
6
CONTINUOUS
10
0.0964305905511811
20
0.1285968897637795
11
0.0933261023622047
21
0.1329723228346457
0
LINE
8
BLACK
6
CONTINUOUS
10
0.0933261023622047
20
0.1329723228346457
11
0.092718031496063
21
0.1340724803149606
0
LINE
8
BLACK
6
CONTINUOUS
10
0.092718031496063
20
0.1340724803149606
11
0.0920543307086614
21
0.1350514173228347
0
LINE
8
BLACK
6
CONTINUOUS
10
0.0920543307086614
20
0.1350514173228347
11
0.0891649606299213
21
0.1405012992125984
0
LINE
8
BLACK
6
CONTINUOUS
10
0.0891649606299213
20
0.1405012992125984
11
0.086492125984252
21
0.1453374803149606
0
LINE
8
BLACK
6
CONTINUOUS
10
0.086492125984252
20
0.1453374803149606
11
0.0861031496062992
21
0.1462764960629921
0
LINE
8
BLACK
6
CONTINUOUS
10
0.0861031496062992
20
0.1462764960629921
11
0.085665157480315
21
0.1471026771653543
0
LINE
8
BLACK
6
CONTINUOUS
10
0.085665157480315
20
0.1471026771653543
11
0.0832458661417323
21
0.1531744881889764
0
LINE
8
BLACK
6
CONTINUOUS
10
0.0832458661417323
20
0.1531744881889764
11
0.0810855511811024
21
0.1583900393700787
0
LINE
8
BLACK
6
CONTINUOUS
10
0.0810855511811024
20
0.1583900393700787
11
0.0808707086614173
21
0.159135748031496
0
LINE
8
BLACK
6
CONTINUOUS
10
0.0808707086614173
20
0.159135748031496
11
0.0806159842519685
21
0.1597750787401575
0
LINE
8
BLACK
6
CONTINUOUS
10
0.0806159842519685
20
0.1597750787401575
11
0.078740905511811
21
0.1665284251968504
0
LINE
8
BLACK
6
CONTINUOUS
10
0.078740905511811
20
0.1665284251968504
11
0.0771744488188976
21
0.1719658661417323
0
LINE
8
BLACK
6
CONTINUOUS
10
0.0771744488188976
20
0.1719658661417323
11
0.077084842519685
21
0.172493031496063
0
LINE
8
BLACK
6
CONTINUOUS
10
0.077084842519685
20
0.172493031496063
11
0.0769668503937008
21
0.1729181496062992
0
LINE
8
BLACK
6
CONTINUOUS
10
0.0769668503937008
20
0.1729181496062992
11
0.0757087401574803
21
0.1805921653543307
0
LINE
8
BLACK
6
CONTINUOUS
10
0.0757087401574803
20
0.1805921653543307
11
0.0748079133858268
21
0.1858942519685039
0
LINE
8
BLACK
6
CONTINUOUS
10
0.0748079133858268
20
0.1858942519685039
11
0.0747914173228346
21
0.1861877952755905
0
LINE
8
BLACK
6
CONTINUOUS
10
0.0747914173228346
20
0.1861877952755905
11
0.07476
21
0.1863795275590551
0
LINE
8
BLACK
6
CONTINUOUS
10
0.07476
20
0.1863795275590551
11
0.0741822047244095
21
0.1970353937007874
0
LINE
8
BLACK
6
CONTINUOUS
10
0.0741822047244095
20
0.1970353937007874
11
0.0740157480314961
21
0.2
0
LINE
8
BLACK
6
CONTINUOUS
10
0.0740157480314961
20
0.2
11
0.0741822440944882
21
0.2029648031496063
0
LINE
8
BLACK
6
CONTINUOUS
10
0.0741822440944882
20
0.2029648031496063
11
0.07476
21
0.2136204330708661
0
LINE
8
BLACK
6
CONTINUOUS
10
0.07476
20
0.2136204330708661
11
0.0747914173228346
21
0.2138120866141732
0
LINE
8
BLACK
6
CONTINUOUS
10
0.0747914173228346
20
0.2138120866141732
11
0.0748079133858268
21
0.2141057480314961
0
LINE
8
BLACK
6
CONTINUOUS
10
0.0748079133858268
20
0.2141057480314961
11
0.075708937007874
21
0.2194088582677165
0
LINE
8
BLACK
6
CONTINUOUS
10
0.075708937007874
20
0.2194088582677165
11
0.0769668503937008
21
0.227081811023622
0
LINE
8
BLACK
6
CONTINUOUS
10
0.0769668503937008
20
0.227081811023622
11
0.077084842519685
21
0.2275068110236221
0
LINE
8
BLACK
6
CONTINUOUS
10
0.077084842519685
20
0.2275068110236221
11
0.0771744488188976
21
0.2280341338582677
0
LINE
8
BLACK
6
CONTINUOUS
10
0.0771744488188976
20
0.2280341338582677
11
0.0787412204724409
21
0.2334725984251969
0
LINE
8
BLACK
6
CONTINUOUS
10
0.0787412204724409
20
0.2334725984251969
11
0.0806159842519685
21
0.2402248818897638
0
LINE
8
BLACK
6
CONTINUOUS
10
0.0806159842519685
20
0.2402248818897638
11
0.0808706692913386
21
0.240864094488189
0
LINE
8
BLACK
6
CONTINUOUS
10
0.0808706692913386
20
0.240864094488189
11
0.0810855511811024
21
0.2416099606299213
0
LINE
8
BLACK
6
CONTINUOUS
10
0.0810855511811024
20
0.2416099606299213
11
0.0832462992125984
21
0.2468264566929134
0
LINE
8
BLACK
6
CONTINUOUS
10
0.0832462992125984
20
0.2468264566929134
11
0.085665157480315
21
0.2528972834645669
0
LINE
8
BLACK
6
CONTINUOUS
10
0.085665157480315
20
0.2528972834645669
11
0.0861030708661417
21
0.2537233070866142
0
LINE
8
BLACK
6
CONTINUOUS
10
0.0861030708661417
20
0.2537233070866142
11
0.086492125984252
21
0.2546625196850394
0
LINE
8
BLACK
6
CONTINUOUS
10
0.086492125984252
20
0.2546625196850394
11
0.0891654724409449
21
0.2594995669291338
0
LINE
8
BLACK
6
CONTINUOUS
10
0.0891654724409449
20
0.2594995669291338
11
0.0920543307086614
21
0.2649485433070866
0
LINE
8
BLACK
6
CONTINUOUS
10
0.0920543307086614
20
0.2649485433070866
11
0.0927179133858268
21
0.2659272440944882
0
LINE
8
BLACK
6
CONTINUOUS
10
0.0927179133858268
20
0.2659272440944882
11
0.0933261023622047
21
0.2670276771653543
0
LINE
8
BLACK
6
CONTINUOUS
10
0.0933261023622047
20
0.2670276771653543
11
0.0964311811023622
21
0.2714038976377953
0
LINE
8
BLACK
6
CONTINUOUS
10
0.0964311811023622
20
0.2714038976377953
11
0.0997092913385827
21
0.2762387007874016
0
LINE
8
BLACK
6
CONTINUOUS
10
0.0997092913385827
20
0.2762387007874016
11
0.1006346456692913
21
0.2773281102362204
0
LINE
8
BLACK
6
CONTINUOUS
10
0.1006346456692913
20
0.2773281102362204
11
0.1015015354330709
21
0.2785498818897638
0
LINE
8
BLACK
6
CONTINUOUS
10
0.1015015354330709
20
0.2785498818897638
11
0.1049526771653543
21
0.2824117322834646
0
LINE
8
BLACK
6
CONTINUOUS
10
0.1049526771653543
20
0.2824117322834646
11
0.1085403149606299
21
0.2866354330708661
0
LINE
8
BLACK
6
CONTINUOUS
10
0.1085403149606299
20
0.2866354330708661
11
0.1097579527559055
21
0.2877888188976378
0
LINE
8
BLACK
6
CONTINUOUS
10
0.1097579527559055
20
0.2877888188976378
11
0.1109156692913386
21
0.2890843307086614
0
LINE
8
BLACK
6
CONTINUOUS
10
0.1109156692913386
20
0.2890843307086614
11
0.1146253149606299
21
0.2923994881889764
0
LINE
8
BLACK
6
CONTINUOUS
10
0.1146253149606299
20
0.2923994881889764
11
0.1184433070866142
21
0.296016062992126
0
LINE
8
BLACK
6
CONTINUOUS
10
0.1184433070866142
20
0.296016062992126
11
0.1199764960629921
21
0.2971815748031496
0
LINE
8
BLACK
6
CONTINUOUS
10
0.1199764960629921
20
0.2971815748031496
11
0.1214501181102362
21
0.2984984645669291
0
LINE
8
BLACK
6
CONTINUOUS
10
0.1214501181102362
20
0.2984984645669291
11
0.1253338976377953
21
0.3012541338582677
0
LINE
8
BLACK
6
CONTINUOUS
10
0.1253338976377953
20
0.3012541338582677
11
0.1293023228346457
21
0.3042708661417323
0
LINE
8
BLACK
6
CONTINUOUS
10
0.1293023228346457
20
0.3042708661417323
11
0.1311656299212599
21
0.305391968503937
0
LINE
8
BLACK
6
CONTINUOUS
10
0.1311656299212599
20
0.305391968503937
11
0.1329723228346457
21
0.3066738976377953
0
LINE
8
BLACK
6
CONTINUOUS
10
0.1329723228346457
20
0.3066738976377953
11
0.136948937007874
21
0.3088716929133858
0
LINE
8
BLACK
6
CONTINUOUS
10
0.136948937007874
20
0.3088716929133858
11
0.1409906299212599
21
0.3113035039370078
0
LINE
8
BLACK
6
CONTINUOUS
10
0.1409906299212599
20
0.3113035039370078
11
0.1431903543307086
21
0.3123211811023622
0
LINE
8
BLACK
6
CONTINUOUS
10
0.1431903543307086
20
0.3123211811023622
11
0.1453374803149606
21
0.313507874015748
0
LINE
8
BLACK
6
CONTINUOUS
10
0.1453374803149606
20
0.313507874015748
11
0.1493288188976378
21
0.3151611417322834
0
LINE
8
BLACK
6
CONTINUOUS
10
0.1493288188976378
20
0.3151611417322834
11
0.1533706692913386
21
0.3170311023622047
0
LINE
8
BLACK
6
CONTINUOUS
10
0.1533706692913386
20
0.3170311023622047
11
0.155903779527559
21
0.3178846062992126
0
LINE
8
BLACK
6
CONTINUOUS
10
0.155903779527559
20
0.3178846062992126
11
0.1583900393700787
21
0.3189144488188976
0
LINE
8
BLACK
6
CONTINUOUS
10
0.1583900393700787
20
0.3189144488188976
11
0.1623235826771653
21
0.3200476771653543
0
LINE
8
BLACK
6
CONTINUOUS
10
0.1623235826771653
20
0.3200476771653543
11
0.1662970866141732
21
0.3213864960629921
0
LINE
8
BLACK
6
CONTINUOUS
10
0.1662970866141732
20
0.3213864960629921
11
0.1691522440944882
21
0.3220149606299212
0
LINE
8
BLACK
6
CONTINUOUS
10
0.1691522440944882
20
0.3220149606299212
11
0.1719658661417323
21
0.3228255511811023
0
LINE
8
BLACK
6
CONTINUOUS
10
0.1719658661417323
20
0.3228255511811023
11
0.1757748818897638
21
0.3234727165354331
0
LINE
8
BLACK
6
CONTINUOUS
10
0.1757748818897638
20
0.3234727165354331
11
0.1796188582677165
21
0.3243188582677165
0
LINE
8
BLACK
6
CONTINUOUS
10
0.1796188582677165
20
0.3243188582677165
11
0.1827751181102362
21
0.3246620866141732
0
LINE
8
BLACK
6
CONTINUOUS
10
0.1827751181102362
20
0.3246620866141732
11
0.1858942519685039
21
0.3251920866141732
0
LINE
8
BLACK
6
CONTINUOUS
10
0.1858942519685039
20
0.3251920866141732
11
0.1895205511811024
21
0.3253957086614173
0
LINE
8
BLACK
6
CONTINUOUS
10
0.1895205511811024
20
0.3253957086614173
11
0.1931797637795276
21
0.3257937007874016
0
LINE
8
BLACK
6
CONTINUOUS
10
0.1931797637795276
20
0.3257937007874016
11
0.1966069291338583
21
0.3257937007874016
0
LINE
8
BLACK
6
CONTINUOUS
10
0.1966069291338583
20
0.3257937007874016
11
0.2
21
0.3259842519685039
0
LINE
8
BLACK
6
CONTINUOUS
10
0.2
20
0.3259842519685039
11
0.2033930708661417
21
0.3257937007874016
0
LINE
8
BLACK
6
CONTINUOUS
10
1.4033930708661417
20
0.3257937007874016
11
1.4068202362204725
21
0.3257937007874016
0
LINE
8
BLACK
6
CONTINUOUS
10
1.4068202362204725
20
0.3257937007874016
11
1.4104794094488189
21
0.3253957086614173
0
LINE
8
BLACK
6
CONTINUOUS
10
1.4104794094488189
20
0.3253957086614173
11
1.414105748031496
21
0.3251920866141732
0
LINE
8
BLACK
6
CONTINUOUS
10
1.414105748031496
20
0.3251920866141732
11
1.4172249212598425
21
0.3246620866141732
0
LINE
8
BLACK
6
CONTINUOUS
10
1.4172249212598425
20
0.3246620866141732
11
1.4203811023622046
21
0.3243188582677165
0
LINE
8
BLACK
6
CONTINUOUS
10
1.4203811023622046
20
0.3243188582677165
11
1.4242248818897638
21
0.3234727559055118
0
LINE
8
BLACK
6
CONTINUOUS
10
1.4242248818897638
20
0.3234727559055118
11
1.4280341338582676
21
0.3228255511811023
0
LINE
8
BLACK
6
CONTINUOUS
10
1.4280341338582676
20
0.3228255511811023
11
1.4308478346456692
21
0.3220149212598425
0
LINE
8
BLACK
6
CONTINUOUS
10
1.4308478346456692
20
0.3220149212598425
11
1.433702874015748
21
0.3213864960629921
0
LINE
8
BLACK
6
CONTINUOUS
10
1.433702874015748
20
0.3213864960629921
11
1.4376761023622047
21
0.3200477559055118
0
LINE
8
BLACK
6
CONTINUOUS
10
1.4376761023622047
20
0.3200477559055118
11
1.4416099606299213
21
0.3189144488188976
0
LINE
8
BLACK
6
CONTINUOUS
10
1.4416099606299213
20
0.3189144488188976
11
1.4440963779527558
21
0.3178845275590551
0
LINE
8
BLACK
6
CONTINUOUS
10
1.4440963779527558
20
0.3178845275590551
11
1.4466292913385825
21
0.3170311023622047
0
LINE
8
BLACK
6
CONTINUOUS
10
1.4466292913385825
20
0.3170311023622047
11
1.4506707874015747
21
0.3151612992125984
0
LINE
8
BLACK
6
CONTINUOUS
10
1.4506707874015747
20
0.3151612992125984
11
1.4546625196850393
21
0.313507874015748
0
LINE
8
BLACK
6
CONTINUOUS
10
1.4546625196850393
20
0.313507874015748
11
1.4568098031496062
21
0.312321062992126
0
LINE
8
BLACK
6
CONTINUOUS
10
1.4568098031496062
20
0.312321062992126
11
1.4590093307086613
21
0.3113035039370078
0
LINE
8
BLACK
6
CONTINUOUS
10
1.4590093307086613
20
0.3113035039370078
11
1.4630505511811023
21
0.308871968503937
0
LINE
8
BLACK
6
CONTINUOUS
10
1.4630505511811023
20
0.308871968503937
11
1.4670276771653543
21
0.3066738976377953
0
LINE
8
BLACK
6
CONTINUOUS
10
1.4670276771653543
20
0.3066738976377953
11
1.4688345669291338
21
0.3053918110236221
0
LINE
8
BLACK
6
CONTINUOUS
10
1.4688345669291338
20
0.3053918110236221
11
1.4706976377952756
21
0.3042708661417323
0
LINE
8
BLACK
6
CONTINUOUS
10
1.4706976377952756
20
0.3042708661417323
11
1.4746654724409449
21
0.3012545669291338
0
LINE
8
BLACK
6
CONTINUOUS
10
1.4746654724409449
20
0.3012545669291338
11
1.4785498818897638
21
0.2984984645669291
0
LINE
8
BLACK
6
CONTINUOUS
10
1.4785498818897638
20
0.2984984645669291
11
1.4800237007874015
21
0.2971813779527559
0
LINE
8
BLACK
6
CONTINUOUS
10
1.4800237007874015
20
0.2971813779527559
11
1.4815566535433071
21
0.296016062992126
0
LINE
8
BLACK
6
CONTINUOUS
10
1.4815566535433071
20
0.296016062992126
11
1.485373937007874
21
0.2924000787401575
0
LINE
8
BLACK
6
CONTINUOUS
10
1.485373937007874
20
0.2924000787401575
11
1.4890843307086614
21
0.2890843307086614
0
LINE
8
BLACK
6
CONTINUOUS
10
1.4890843307086614
20
0.2890843307086614
11
1.4902422440944882
21
0.2877885826771653
0
LINE
8
BLACK
6
CONTINUOUS
10
1.4902422440944882
20
0.2877885826771653
11
1.4914596456692912
21
0.2866354330708661
0
LINE
8
BLACK
6
CONTINUOUS
10
1.4914596456692912
20
0.2866354330708661
11
1.4950464960629921
21
0.2824126377952756
0
LINE
8
BLACK
6
CONTINUOUS
10
1.4950464960629921
20
0.2824126377952756
11
1.498498464566929
21
0.2785498818897638
0
LINE
8
BLACK
6
CONTINUOUS
10
1.498498464566929
20
0.2785498818897638
11
1.4993655118110236
21
0.2773278346456693
0
LINE
8
BLACK
6
CONTINUOUS
10
1.4993655118110236
20
0.2773278346456693
11
1.5002906692913385
21
0.2762387007874016
0
LINE
8
BLACK
6
CONTINUOUS
10
1.5002906692913385
20
0.2762387007874016
11
1.5035678740157481
21
0.271405157480315
0
LINE
8
BLACK
6
CONTINUOUS
10
1.5035678740157481
20
0.271405157480315
11
1.5066738976377951
21
0.2670276771653543
0
LINE
8
BLACK
6
CONTINUOUS
10
1.5066738976377951
20
0.2670276771653543
11
1.5072822047244094
21
0.2659269291338582
0
LINE
8
BLACK
6
CONTINUOUS
10
1.5072822047244094
20
0.2659269291338582
11
1.5079456299212599
21
0.2649485433070866
0
LINE
8
BLACK
6
CONTINUOUS
10
1.5079456299212599
20
0.2649485433070866
11
1.5108335433070865
21
0.2595013385826772
0
LINE
8
BLACK
6
CONTINUOUS
10
1.5108335433070865
20
0.2595013385826772
11
1.5135078740157479
21
0.2546625196850394
0
LINE
8
BLACK
6
CONTINUOUS
10
1.5135078740157479
20
0.2546625196850394
11
1.5138970078740157
21
0.2537229527559055
0
LINE
8
BLACK
6
CONTINUOUS
10
1.5138970078740157
20
0.2537229527559055
11
1.5143348031496062
21
0.2528972834645669
0
LINE
8
BLACK
6
CONTINUOUS
10
1.5143348031496062
20
0.2528972834645669
11
1.5167526377952756
21
0.2468289763779528
0
LINE
8
BLACK
6
CONTINUOUS
10
1.5167526377952756
20
0.2468289763779528
11
1.5189144488188977
21
0.2416099606299213
0
LINE
8
BLACK
6
CONTINUOUS
10
1.5189144488188977
20
0.2416099606299213
11
1.5191294094488188
21
0.2408637401574803
0
LINE
8
BLACK
6
CONTINUOUS
10
1.5191294094488188
20
0.2408637401574803
11
1.5193839763779526
21
0.2402248818897638
0
LINE
8
BLACK
6
CONTINUOUS
10
1.5193839763779526
20
0.2402248818897638
11
1.5212576771653543
21
0.2334763385826772
0
LINE
8
BLACK
6
CONTINUOUS
10
1.5212576771653543
20
0.2334763385826772
11
1.5228255511811024
21
0.2280341338582677
0
LINE
8
BLACK
6
CONTINUOUS
10
1.5228255511811024
20
0.2280341338582677
11
1.5229151968503936
21
0.2275064566929134
0
LINE
8
BLACK
6
CONTINUOUS
10
1.5229151968503936
20
0.2275064566929134
11
1.5230331102362205
21
0.227081811023622
0
LINE
8
BLACK
6
CONTINUOUS
10
1.5230331102362205
20
0.227081811023622
11
1.5242899212598424
21
0.2194154724409449
0
LINE
8
BLACK
6
CONTINUOUS
10
1.5242899212598424
20
0.2194154724409449
11
1.5251920866141733
21
0.2141057480314961
0
LINE
8
BLACK
6
CONTINUOUS
10
1.5251920866141733
20
0.2141057480314961
11
1.5252085826771653
21
0.2138117322834646
0
LINE
8
BLACK
6
CONTINUOUS
10
1.5252085826771653
20
0.2138117322834646
11
1.5252399606299212
21
0.2136204330708661
0
LINE
8
BLACK
6
CONTINUOUS
10
1.5252399606299212
20
0.2136204330708661
11
1.5258165748031496
21
0.2029851181102362
0
LINE
8
BLACK
6
CONTINUOUS
10
1.5258165748031496
20
0.2029851181102362
11
1.5259842519685038
21
0.2
0
LINE
8
BLACK
6
CONTINUOUS
10
1.5259842519685038
20
0.2
11
1.5258166141732283
21
0.1970151181102362
0
LINE
8
BLACK
6
CONTINUOUS
10
1.5258166141732283
20
0.1970151181102362
11
1.5252399606299212
21
0.1863795275590551
0
LINE
8
BLACK
6
CONTINUOUS
10
1.5252399606299212
20
0.1863795275590551
11
1.5252085826771653
21
0.186188188976378
0
LINE
8
BLACK
6
CONTINUOUS
10
1.5252085826771653
20
0.186188188976378
11
1.5251920866141733
21
0.1858942519685039
0
LINE
8
BLACK
6
CONTINUOUS
10
1.5251920866141733
20
0.1858942519685039
11
1.5242900787401574
21
0.1805855905511811
0
LINE
8
BLACK
6
CONTINUOUS
10
1.5242900787401574
20
0.1805855905511811
11
1.5230331102362205
21
0.1729181496062992
0
LINE
8
BLACK
6
CONTINUOUS
10
1.5230331102362205
20
0.1729181496062992
11
1.522915157480315
21
0.1724934251968504
0
LINE
8
BLACK
6
CONTINUOUS
10
1.522915157480315
20
0.1724934251968504
11
1.5228255511811024
21
0.1719658661417323
0
LINE
8
BLACK
6
CONTINUOUS
10
1.5228255511811024
20
0.1719658661417323
11
1.5212579527559056
21
0.1665246456692913
0
LINE
8
BLACK
6
CONTINUOUS
10
1.5212579527559056
20
0.1665246456692913
11
1.5193839763779526
21
0.1597750787401575
0
LINE
8
BLACK
6
CONTINUOUS
10
1.5193839763779526
20
0.1597750787401575
11
1.51912937007874
21
0.1591361023622047
0
LINE
8
BLACK
6
CONTINUOUS
10
1.51912937007874
20
0.1591361023622047
11
1.5189144488188977
21
0.1583900393700787
0
LINE
8
BLACK
6
CONTINUOUS
10
1.5189144488188977
20
0.1583900393700787
11
1.5167530314960629
21
0.1531720078740157
0
LINE
8
BLACK
6
CONTINUOUS
10
1.5167530314960629
20
0.1531720078740157
11
1.5143348031496062
21
0.1471026771653543
0
LINE
8
BLACK
6
CONTINUOUS
10
1.5143348031496062
20
0.1471026771653543
11
1.513896968503937
21
0.1462768110236221
0
LINE
8
BLACK
6
CONTINUOUS
10
1.513896968503937
20
0.1462768110236221
11
1.5135078740157479
21
0.1453374803149606
0
LINE
8
BLACK
6
CONTINUOUS
10
1.5135078740157479
20
0.1453374803149606
11
1.5108340551181103
21
0.1404995669291338
0
LINE
8
BLACK
6
CONTINUOUS
10
1.5108340551181103
20
0.1404995669291338
11
1.5079456299212599
21
0.1350514173228347
0
LINE
8
BLACK
6
CONTINUOUS
10
1.5079456299212599
20
0.1350514173228347
11
1.5072820866141732
21
0.1340727952755905
0
LINE
8
BLACK
6
CONTINUOUS
10
1.5072820866141732
20
0.1340727952755905
11
1.5066738976377951
21
0.1329723228346457
0
LINE
8
BLACK
6
CONTINUOUS
10
1.5066738976377951
20
0.1329723228346457
11
1.5035684645669292
21
0.1285956299212598
0
LINE
8
BLACK
6
CONTINUOUS
10
1.5035684645669292
20
0.1285956299212598
11
1.5002906692913385
21
0.1237612598425197
0
LINE
8
BLACK
6
CONTINUOUS
10
1.5002906692913385
20
0.1237612598425197
11
1.4993653543307086
21
0.1226718897637795
0
LINE
8
BLACK
6
CONTINUOUS
10
1.4993653543307086
20
0.1226718897637795
11
1.498498464566929
21
0.1214501181102362
0
LINE
8
BLACK
6
CONTINUOUS
10
1.498498464566929
20
0.1214501181102362
11
1.4950471653543307
21
0.1175881102362205
0
LINE
8
BLACK
6
CONTINUOUS
10
1.4950471653543307
20
0.1175881102362205
11
1.4914596456692912
21
0.1133645275590551
0
LINE
8
BLACK
6
CONTINUOUS
10
1.4914596456692912
20
0.1133645275590551
11
1.4902420078740157
21
0.1122111023622047
0
LINE
8
BLACK
6
CONTINUOUS
10
1.4902420078740157
20
0.1122111023622047
11
1.4890843307086614
21
0.1109156692913386
0
LINE
8
BLACK
6
CONTINUOUS
10
1.4890843307086614
20
0.1109156692913386
11
1.4853746850393701
21
0.1076005118110236
0
LINE
8
BLACK
6
CONTINUOUS
10
1.4853746850393701
20
0.1076005118110236
11
1.4815566535433071
21
0.1039838976377953
0
LINE
8
BLACK
6
CONTINUOUS
10
1.4815566535433071
20
0.1039838976377953
11
1.4800233858267715
21
0.1028183464566929
0
LINE
8
BLACK
6
CONTINUOUS
10
1.4800233858267715
20
0.1028183464566929
11
1.4785498818897638
21
0.1015015354330709
0
LINE
8
BLACK
6
CONTINUOUS
10
1.4785498818897638
20
0.1015015354330709
11
1.4746662598425198
21
0.0987459448818898
0
LINE
8
BLACK
6
CONTINUOUS
10
1.4746662598425198
20
0.0987459448818898
11
1.4706976377952756
21
0.095729094488189
0
LINE
8
BLACK
6
CONTINUOUS
10
1.4706976377952756
20
0.095729094488189
11
1.4688341732283465
21
0.094607874015748
0
LINE
8
BLACK
6
CONTINUOUS
10
1.4688341732283465
20
0.094607874015748
11
1.4670276771653543
21
0.0933261023622047
0
LINE
8
BLACK
6
CONTINUOUS
10
1.4670276771653543
20
0.0933261023622047
11
1.4630513385826771
21
0.0911284645669291
0
LINE
8
BLACK
6
CONTINUOUS
10
1.4630513385826771
20
0.0911284645669291
11
1.4590093307086613
21
0.0886964566929134
0
LINE
8
BLACK
6
CONTINUOUS
10
1.4590093307086613
20
0.0886964566929134
11
1.4568093700787401
21
0.0876786220472441
0
LINE
8
BLACK
6
CONTINUOUS
10
1.4568093700787401
20
0.0876786220472441
11
1.4546625196850393
21
0.086492125984252
0
LINE
8
BLACK
6
CONTINUOUS
10
1.4546625196850393
20
0.086492125984252
11
1.4506716141732283
21
0.0848390157480315
0
LINE
8
BLACK
6
CONTINUOUS
10
1.4506716141732283
20
0.0848390157480315
11
1.4466292913385825
21
0.0829688582677165
0
LINE
8
BLACK
6
CONTINUOUS
10
1.4466292913385825
20
0.0829688582677165
11
1.4440958661417322
21
0.0821152362204724
0
LINE
8
BLACK
6
CONTINUOUS
10
1.4440958661417322
20
0.0821152362204724
11
1.4416099606299213
21
0.0810855511811024
0
LINE
8
BLACK
6
CONTINUOUS
10
1.4416099606299213
20
0.0810855511811024
11
1.4376768897637795
21
0.0799524409448819
0
LINE
8
BLACK
6
CONTINUOUS
10
1.4376768897637795
20
0.0799524409448819
11
1.433702874015748
21
0.0786134645669291
0
LINE
8
BLACK
6
CONTINUOUS
10
1.433702874015748
20
0.0786134645669291
11
1.4308472440944882
21
0.0779848818897638
0
LINE
8
BLACK
6
CONTINUOUS
10
1.4308472440944882
20
0.0779848818897638
11
1.4280341338582676
21
0.0771744488188976
0
LINE
8
BLACK
6
CONTINUOUS
10
1.4280341338582676
20
0.0771744488188976
11
1.4242256692913386
21
0.0765273622047244
0
LINE
8
BLACK
6
CONTINUOUS
10
1.4242256692913386
20
0.0765273622047244
11
1.4203811023622046
21
0.0756811023622047
0
LINE
8
BLACK
6
CONTINUOUS
10
1.4203811023622046
20
0.0756811023622047
11
1.4172244094488189
21
0.0753377952755905
0
LINE
8
BLACK
6
CONTINUOUS
10
1.4172244094488189
20
0.0753377952755905
11
1.414105748031496
21
0.0748079133858268
0
LINE
8
BLACK
6
CONTINUOUS
10
1.414105748031496
20
0.0748079133858268
11
1.4104796062992127
21
0.0746042519685039
0
LINE
8
BLACK
6
CONTINUOUS
10
1.4104796062992127
20
0.0746042519685039
11
1.4068202362204725
21
0.0742062992125984
0
LINE
8
BLACK
6
CONTINUOUS
10
1.4068202362204725
20
0.0742062992125984
11
1.4033930708661417
21
0.0742062992125984
0
LINE
8
BLACK
6
CONTINUOUS
10
1.4033930708661417
20
0.0742062992125984
11
1.3999999999999999
21
0.0740157480314961
0
LINE
8
BLACK
6
CONTINUOUS
10
1.3999999999999999
20
0.0740157480314961
11
1.3966069291338583
21
0.0742062992125984
0
LINE
8
BLACK
6
CONTINUOUS
10
1.3966069291338583
20
0.0742062992125984
11
1.3931797637795276
21
0.0742062992125984
0
LINE
8
BLACK
6
CONTINUOUS
10
1.3931797637795276
20
0.0742062992125984
11
1.3895203149606299
21
0.0746042519685039
0
LINE
8
BLACK
6
CONTINUOUS
10
1.3895203149606299
20
0.0746042519685039
11
1.3858942519685038
21
0.0748079133858268
0
LINE
8
BLACK
6
CONTINUOUS
10
1.3858942519685038
20
0.0748079133858268
11
1.3827755905511812
21
0.0753377559055118
0
LINE
8
BLACK
6
CONTINUOUS
10
1.3827755905511812
20
0.0753377559055118
11
1.3796188582677165
21
0.0756811023622047
0
LINE
8
BLACK
6
CONTINUOUS
10
1.3796188582677165
20
0.0756811023622047
11
1.3757740944881889
21
0.0765273622047244
0
LINE
8
BLACK
6
CONTINUOUS
10
1.3757740944881889
20
0.0765273622047244
11
1.3719658661417322
21
0.0771744488188976
0
LINE
8
BLACK
6
CONTINUOUS
10
1.3719658661417322
20
0.0771744488188976
11
1.3691528346456692
21
0.077984842519685
0
LINE
8
BLACK
6
CONTINUOUS
10
1.3691528346456692
20
0.077984842519685
11
1.3662970866141733
21
0.0786134645669291
0
LINE
8
BLACK
6
CONTINUOUS
10
1.3662970866141733
20
0.0786134645669291
11
1.3623227952755905
21
0.0799525196850394
0
LINE
8
BLACK
6
CONTINUOUS
10
1.3623227952755905
20
0.0799525196850394
11
1.3583900393700787
21
0.0810855511811024
0
LINE
8
BLACK
6
CONTINUOUS
10
1.3583900393700787
20
0.0810855511811024
11
1.3559042913385826
21
0.082115157480315
0
LINE
8
BLACK
6
CONTINUOUS
10
1.3559042913385826
20
0.082115157480315
11
1.3533706692913385
21
0.0829688582677165
0
LINE
8
BLACK
6
CONTINUOUS
10
1.3533706692913385
20
0.0829688582677165
11
1.3493279921259842
21
0.0848391732283465
0
LINE
8
BLACK
6
CONTINUOUS
10
1.3493279921259842
20
0.0848391732283465
11
1.3453374803149607
21
0.086492125984252
0
LINE
8
BLACK
6
CONTINUOUS
10
1.3453374803149607
20
0.086492125984252
11
1.3431907874015747
21
0.0876785433070866
0
LINE
8
BLACK
6
CONTINUOUS
10
1.3431907874015747
20
0.0876785433070866
11
1.3409906299212597
21
0.0886964566929134
0
LINE
8
BLACK
6
CONTINUOUS
10
1.3409906299212597
20
0.0886964566929134
11
1.3369481496062992
21
0.0911287401574803
0
LINE
8
BLACK
6
CONTINUOUS
10
1.3369481496062992
20
0.0911287401574803
11
1.3329723228346457
21
0.0933261023622047
0
LINE
8
BLACK
6
CONTINUOUS
10
1.3329723228346457
20
0.0933261023622047
11
1.3311659842519685
21
0.0946077165354331
0
LINE
8
BLACK
6
CONTINUOUS
10
1.3311659842519685
20
0.0946077165354331
11
1.3293023228346457
21
0.095729094488189
0
LINE
8
BLACK
6
CONTINUOUS
10
1.3293023228346457
20
0.095729094488189
11
1.3253331102362205
21
0.0987463779527559
0
LINE
8
BLACK
6
CONTINUOUS
10
1.3253331102362205
20
0.0987463779527559
11
1.3214501181102363
21
0.1015015354330709
0
LINE
8
BLACK
6
CONTINUOUS
10
1.3214501181102363
20
0.1015015354330709
11
1.3199768110236221
21
0.1028181496062992
0
LINE
8
BLACK
6
CONTINUOUS
10
1.3199768110236221
20
0.1028181496062992
11
1.3184433070866142
21
0.1039838976377953
0
LINE
8
BLACK
6
CONTINUOUS
10
1.3184433070866142
20
0.1039838976377953
11
1.3146246062992126
21
0.1076011417322835
0
LINE
8
BLACK
6
CONTINUOUS
10
1.3146246062992126
20
0.1076011417322835
11
1.3109156692913386
21
0.1109156692913386
0
LINE
8
BLACK
6
CONTINUOUS
10
1.3109156692913386
20
0.1109156692913386
11
1.3097581496062991
21
0.1122108661417323
0
LINE
8
BLACK
6
CONTINUOUS
10
1.3097581496062991
20
0.1122108661417323
11
1.3085403149606298
21
0.1133645275590551
0
LINE
8
BLACK
6
CONTINUOUS
10
1.3085403149606298
20
0.1133645275590551
11
1.3049520078740158
21
0.1175889763779528
0
LINE
8
BLACK
6
CONTINUOUS
10
1.3049520078740158
20
0.1175889763779528
11
1.3015015354330708
21
0.1214501181102362
0
LINE
8
BLACK
6
CONTINUOUS
10
1.3015015354330708
20
0.1214501181102362
11
1.3006348031496062
21
0.1226716141732283
0
LINE
8
BLACK
6
CONTINUOUS
10
1.3006348031496062
20
0.1226716141732283
11
1.2997092913385826
21
0.1237612598425197
0
LINE
8
BLACK
6
CONTINUOUS
10
1.2997092913385826
20
0.1237612598425197
11
1.296430590551181
21
0.1285968897637795
0
LINE
8
BLACK
6
CONTINUOUS
10
1.296430590551181
20
0.1285968897637795
11
1.2933261023622047
21
0.1329723228346457
0
LINE
8
BLACK
6
CONTINUOUS
10
1.2933261023622047
20
0.1329723228346457
11
1.2927180314960629
21
0.1340724803149606
0
LINE
8
BLACK
6
CONTINUOUS
10
1.2927180314960629
20
0.1340724803149606
11
1.2920543307086614
21
0.1350514173228347
0
LINE
8
BLACK
6
CONTINUOUS
10
1.2920543307086614
20
0.1350514173228347
11
1.2891649606299211
21
0.1405012992125984
0
LINE
8
BLACK
6
CONTINUOUS
10
1.2891649606299211
20
0.1405012992125984
11
1.2864921259842519
21
0.1453374803149606
0
LINE
8
BLACK
6
CONTINUOUS
10
1.2864921259842519
20
0.1453374803149606
11
1.2861031496062991
21
0.1462764960629921
0
LINE
8
BLACK
6
CONTINUOUS
10
1.2861031496062991
20
0.1462764960629921
11
1.2856651574803148
21
0.1471026771653543
0
LINE
8
BLACK
6
CONTINUOUS
10
1.2856651574803148
20
0.1471026771653543
11
1.2832458661417323
21
0.1531744881889764
0
LINE
8
BLACK
6
CONTINUOUS
10
1.2832458661417323
20
0.1531744881889764
11
1.2810855511811023
21
0.1583900393700787
0
LINE
8
BLACK
6
CONTINUOUS
10
1.2810855511811023
20
0.1583900393700787
11
1.2808707086614173
21
0.159135748031496
0
LINE
8
BLACK
6
CONTINUOUS
10
1.2808707086614173
20
0.159135748031496
11
1.2806159842519684
21
0.1597750787401575
0
LINE
8
BLACK
6
CONTINUOUS
10
1.2806159842519684
20
0.1597750787401575
11
1.2787409055118111
21
0.1665284251968504
0
LINE
8
BLACK
6
CONTINUOUS
10
1.2787409055118111
20
0.1665284251968504
11
1.2771744488188976
21
0.1719658661417323
0
LINE
8
BLACK
6
CONTINUOUS
10
1.2771744488188976
20
0.1719658661417323
11
1.277084842519685
21
0.172493031496063
0
LINE
8
BLACK
6
CONTINUOUS
10
1.277084842519685
20
0.172493031496063
11
1.2769668503937008
21
0.1729181496062992
0
LINE
8
BLACK
6
CONTINUOUS
10
1.2769668503937008
20
0.1729181496062992
11
1.2757087401574803
21
0.1805921653543307
0
LINE
8
BLACK
6
CONTINUOUS
10
1.2757087401574803
20
0.1805921653543307
11
1.2748079133858268
21
0.1858942519685039
0
LINE
8
BLACK
6
CONTINUOUS
10
1.2748079133858268
20
0.1858942519685039
11
1.2747914173228345
21
0.1861877952755905
0
LINE
8
BLACK
6
CONTINUOUS
10
1.2747914173228345
20
0.1861877952755905
11
1.2747599999999999
21
0.1863795275590551
0
LINE
8
BLACK
6
CONTINUOUS
10
1.2747599999999999
20
0.1863795275590551
11
1.2741822047244094
21
0.1970353937007874
0
LINE
8
BLACK
6
CONTINUOUS
10
1.2741822047244094
20
0.1970353937007874
11
1.274015748031496
21
0.2
0
LINE
8
BLACK
6
CONTINUOUS
10
1.274015748031496
20
0.2
11
1.2741822440944881
21
0.2029648031496063
0
LINE
8
BLACK
6
CONTINUOUS
10
1.2741822440944881
20
0.2029648031496063
11
1.2747599999999999
21
0.2136204330708661
0
LINE
8
BLACK
6
CONTINUOUS
10
1.2747599999999999
20
0.2136204330708661
11
1.2747914173228345
21
0.2138120866141732
0
LINE
8
BLACK
6
CONTINUOUS
10
1.2747914173228345
20
0.2138120866141732
11
1.2748079133858268
21
0.2141057480314961
0
LINE
8
BLACK
6
CONTINUOUS
10
1.2748079133858268
20
0.2141057480314961
11
1.275708937007874
21
0.2194088582677165
0
LINE
8
BLACK
6
CONTINUOUS
10
1.275708937007874
20
0.2194088582677165
11
1.2769668503937008
21
0.227081811023622
0
LINE
8
BLACK
6
CONTINUOUS
10
1.2769668503937008
20
0.227081811023622
11
1.277084842519685
21
0.2275068110236221
0
LINE
8
BLACK
6
CONTINUOUS
10
1.277084842519685
20
0.2275068110236221
11
1.2771744488188976
21
0.2280341338582677
0
LINE
8
BLACK
6
CONTINUOUS
10
1.2771744488188976
20
0.2280341338582677
11
1.2787412204724409
21
0.2334725984251969
0
LINE
8
BLACK
6
CONTINUOUS
10
1.2787412204724409
20
0.2334725984251969
11
1.2806159842519684
21
0.2402248818897638
0
LINE
8
BLACK
6
CONTINUOUS
10
1.2806159842519684
20
0.2402248818897638
11
1.2808706692913385
21
0.240864094488189
0
LINE
8
BLACK
6
CONTINUOUS
10
1.2808706692913385
20
0.240864094488189
11
1.2810855511811023
21
0.2416099606299213
0
LINE
8
BLACK
6
CONTINUOUS
10
1.2810855511811023
20
0.2416099606299213
11
1.2832462992125984
21
0.2468264566929134
0
LINE
8
BLACK
6
CONTINUOUS
10
1.2832462992125984
20
0.2468264566929134
11
1.2856651574803148
21
0.2528972834645669
0
LINE
8
BLACK
6
CONTINUOUS
10
1.2856651574803148
20
0.2528972834645669
11
1.2861030708661416
21
0.2537233070866142
0
LINE
8
BLACK
6
CONTINUOUS
10
1.2861030708661416
20
0.2537233070866142
11
1.2864921259842519
21
0.2546625196850394
0
LINE
8
BLACK
6
CONTINUOUS
10
1.2864921259842519
20
0.2546625196850394
11
1.2891654724409449
21
0.2594995669291338
0
LINE
8
BLACK
6
CONTINUOUS
10
1.2891654724409449
20
0.2594995669291338
11
1.2920543307086614
21
0.2649485433070866
0
LINE
8
BLACK
6
CONTINUOUS
10
1.2920543307086614
20
0.2649485433070866
11
1.2927179133858266
21
0.2659272440944882
0
LINE
8
BLACK
6
CONTINUOUS
10
1.2927179133858266
20
0.2659272440944882
11
1.2933261023622047
21
0.2670276771653543
0
LINE
8
BLACK
6
CONTINUOUS
10
1.2933261023622047
20
0.2670276771653543
11
1.2964311811023621
21
0.2714038976377953
0
LINE
8
BLACK
6
CONTINUOUS
10
1.2964311811023621
20
0.2714038976377953
11
1.2997092913385826
21
0.2762387007874016
0
LINE
8
BLACK
6
CONTINUOUS
10
1.2997092913385826
20
0.2762387007874016
11
1.3006346456692912
21
0.2773281102362204
0
LINE
8
BLACK
6
CONTINUOUS
10
1.3006346456692912
20
0.2773281102362204
11
1.3015015354330708
21
0.2785498818897638
0
LINE
8
BLACK
6
CONTINUOUS
10
1.3015015354330708
20
0.2785498818897638
11
1.3049526771653543
21
0.2824117322834646
0
LINE
8
BLACK
6
CONTINUOUS
10
1.3049526771653543
20
0.2824117322834646
11
1.3085403149606298
21
0.2866354330708661
0
LINE
8
BLACK
6
CONTINUOUS
10
1.3085403149606298
20
0.2866354330708661
11
1.3097579527559056
21
0.2877888188976378
0
LINE
8
BLACK
6
CONTINUOUS
10
1.3097579527559056
20
0.2877888188976378
11
1.3109156692913386
21
0.2890843307086614
0
LINE
8
BLACK
6
CONTINUOUS
10
1.3109156692913386
20
0.2890843307086614
11
1.31462531496063
21
0.2923994881889764
0
LINE
8
BLACK
6
CONTINUOUS
10
1.31462531496063
20
0.2923994881889764
11
1.3184433070866142
21
0.296016062992126
0
LINE
8
BLACK
6
CONTINUOUS
10
1.3184433070866142
20
0.296016062992126
11
1.3199764960629921
21
0.2971815748031496
0
LINE
8
BLACK
6
CONTINUOUS
10
1.3199764960629921
20
0.2971815748031496
11
1.3214501181102363
21
0.2984984645669291
0
LINE
8
BLACK
6
CONTINUOUS
10
1.3214501181102363
20
0.2984984645669291
11
1.3253338976377953
21
0.3012541338582677
0
LINE
8
BLACK
6
CONTINUOUS
10
1.3253338976377953
20
0.3012541338582677
11
1.3293023228346457
21
0.3042708661417323
0
LINE
8
BLACK
6
CONTINUOUS
10
1.3293023228346457
20
0.3042708661417323
11
1.3311656299212598
21
0.305391968503937
0
LINE
8
BLACK
6
CONTINUOUS
10
1.3311656299212598
20
0.305391968503937
11
1.3329723228346457
21
0.3066738976377953
0
LINE
8
BLACK
6
CONTINUOUS
10
1.3329723228346457
20
0.3066738976377953
11
1.336948937007874
21
0.3088716929133858
0
LINE
8
BLACK
6
CONTINUOUS
10
1.336948937007874
20
0.3088716929133858
11
1.3409906299212597
21
0.3113035039370078
0
LINE
8
BLACK
6
CONTINUOUS
10
1.3409906299212597
20
0.3113035039370078
11
1.3431903543307087
21
0.3123211811023622
0
LINE
8
BLACK
6
CONTINUOUS
10
1.3431903543307087
20
0.3123211811023622
11
1.3453374803149607
21
0.313507874015748
0
LINE
8
BLACK
6
CONTINUOUS
10
1.3453374803149607
20
0.313507874015748
11
1.3493288188976378
21
0.3151611417322834
0
LINE
8
BLACK
6
CONTINUOUS
10
1.3493288188976378
20
0.3151611417322834
11
1.3533706692913385
21
0.3170311023622047
0
LINE
8
BLACK
6
CONTINUOUS
10
1.3533706692913385
20
0.3170311023622047
11
1.355903779527559
21
0.3178846062992126
0
LINE
8
BLACK
6
CONTINUOUS
10
1.355903779527559
20
0.3178846062992126
11
1.3583900393700787
21
0.3189144488188976
0
LINE
8
BLACK
6
CONTINUOUS
10
1.3583900393700787
20
0.3189144488188976
11
1.3623235826771654
21
0.3200476771653543
0
LINE
8
BLACK
6
CONTINUOUS
10
1.3623235826771654
20
0.3200476771653543
11
1.3662970866141733
21
0.3213864960629921
0
LINE
8
BLACK
6
CONTINUOUS
10
1.3662970866141733
20
0.3213864960629921
11
1.3691522440944881
21
0.3220149606299212
0
LINE
8
BLACK
6
CONTINUOUS
10
1.3691522440944881
20
0.3220149606299212
11
1.3719658661417322
21
0.3228255511811023
0
LINE
8
BLACK
6
CONTINUOUS
10
1.3719658661417322
20
0.3228255511811023
11
1.3757748818897637
21
0.3234727165354331
0
LINE
8
BLACK
6
CONTINUOUS
10
1.3757748818897637
20
0.3234727165354331
11
1.3796188582677165
21
0.3243188582677165
0
LINE
8
BLACK
6
CONTINUOUS
10
1.3796188582677165
20
0.3243188582677165
11
1.3827751181102361
21
0.3246620866141732
0
LINE
8
BLACK
6
CONTINUOUS
10
1.3827751181102361
20
0.3246620866141732
11
1.3858942519685038
21
0.3251920866141732
0
LINE
8
BLACK
6
CONTINUOUS
10
1.3858942519685038
20
0.3251920866141732
11
1.3895205511811024
21
0.3253957086614173
0
LINE
8
BLACK
6
CONTINUOUS
10
1.3895205511811024
20
0.3253957086614173
11
1.3931797637795276
21
0.3257937007874016
0
LINE
8
BLACK
6
CONTINUOUS
10
1.3931797637795276
20
0.3257937007874016
11
1.3966069291338583
21
0.3257937007874016
0
LINE
8
BLACK
6
CONTINUOUS
10
1.3966069291338583
20
0.3257937007874016
11
1.3999999999999999
21
0.3259842519685039
0
LINE
8
BLACK
6
CONTINUOUS
10
1.3999999999999999
20
0.3259842519685039
11
1.4033930708661417
21
0.3257937007874016
0
LINE
8
BLACK
6
CONTINUOUS
10
0.8803191732283464
20
0.1778105118110236
11
0.8816588188976378
21
0.1776551181102362
0
LINE
8
BLACK
6
CONTINUOUS
10
0.8816588188976378
20
0.1776551181102362
11
0.8821164960629921
21
0.1774529921259843
0
LINE
8
BLACK
6
CONTINUOUS
10
0.8821164960629921
20
0.1774529921259843
11
0.8830132677165354
21
0.1772746456692913
0
LINE
8
BLACK
6
CONTINUOUS
10
0.8830132677165354
20
0.1772746456692913
11
0.8839732677165354
21
0.1766331496062992
0
LINE
8
BLACK
6
CONTINUOUS
10
0.8839732677165354
20
0.1766331496062992
11
0.8844112992125984
21
0.1764397637795276
0
LINE
8
BLACK
6
CONTINUOUS
10
0.8844112992125984
20
0.1764397637795276
11
0.8847104724409449
21
0.1761405511811024
0
LINE
8
BLACK
6
CONTINUOUS
10
0.8847104724409449
20
0.1761405511811024
11
0.8855677559055118
21
0.1755677559055118
0
LINE
8
BLACK
6
CONTINUOUS
10
0.8855677559055118
20
0.1755677559055118
11
0.8861405511811024
21
0.1747104724409449
0
LINE
8
BLACK
6
CONTINUOUS
10
0.8861405511811024
20
0.1747104724409449
11
0.8864397637795275
21
0.1744112992125984
0
LINE
8
BLACK
6
CONTINUOUS
10
0.8864397637795275
20
0.1744112992125984
11
0.8866331496062992
21
0.1739732677165354
0
LINE
8
BLACK
6
CONTINUOUS
10
0.8866331496062992
20
0.1739732677165354
11
0.8872746456692914
21
0.1730132677165354
0
LINE
8
BLACK
6
CONTINUOUS
10
0.8872746456692914
20
0.1730132677165354
11
0.8874529921259843
21
0.1721164960629921
0
LINE
8
BLACK
6
CONTINUOUS
10
0.8874529921259843
20
0.1721164960629921
11
0.8876551181102362
21
0.1716588188976378
0
LINE
8
BLACK
6
CONTINUOUS
10
0.8876551181102362
20
0.1716588188976378
11
0.8878105118110236
21
0.170319094488189
0
LINE
8
BLACK
6
CONTINUOUS
10
0.8878105118110236
20
0.170319094488189
11
0.8878740157480315
21
0.17
0
LINE
8
BLACK
6
CONTINUOUS
10
0.8878740157480315
20
0.17
11
0.8878740157480315
21
0.11
0
LINE
8
BLACK
6
CONTINUOUS
10
0.8878740157480315
20
0.11
11
0.8878105118110236
21
0.1096808661417323
0
LINE
8
BLACK
6
CONTINUOUS
10
0.8878105118110236
20
0.1096808661417323
11
0.8876551181102362
21
0.1083411417322835
0
LINE
8
BLACK
6
CONTINUOUS
10
0.8876551181102362
20
0.1083411417322835
11
0.8874529921259843
21
0.1078833858267716
0
LINE
8
BLACK
6
CONTINUOUS
10
0.8874529921259843
20
0.1078833858267716
11
0.8872746456692914
21
0.1069867322834646
0
LINE
8
BLACK
6
CONTINUOUS
10
0.8872746456692914
20
0.1069867322834646
11
0.8866331889763779
21
0.1060267716535433
0
LINE
8
BLACK
6
CONTINUOUS
10
0.8866331889763779
20
0.1060267716535433
11
0.8864397637795275
21
0.1055886614173228
0
LINE
8
BLACK
6
CONTINUOUS
10
0.8864397637795275
20
0.1055886614173228
11
0.8861404724409448
21
0.1052893700787402
0
LINE
8
BLACK
6
CONTINUOUS
10
0.8861404724409448
20
0.1052893700787402
11
0.8855677559055118
21
0.1044322440944882
0
LINE
8
BLACK
6
CONTINUOUS
10
0.8855677559055118
20
0.1044322440944882
11
0.8847105905511811
21
0.1038594881889764
0
LINE
8
BLACK
6
CONTINUOUS
10
0.8847105905511811
20
0.1038594881889764
11
0.8844112992125984
21
0.1035601968503937
0
LINE
8
BLACK
6
CONTINUOUS
10
0.8844112992125984
20
0.1035601968503937
11
0.8839731102362205
21
0.1033666929133858
0
LINE
8
BLACK
6
CONTINUOUS
10
0.8839731102362205
20
0.1033666929133858
11
0.8830132677165354
21
0.1027253543307087
0
LINE
8
BLACK
6
CONTINUOUS
10
0.8830132677165354
20
0.1027253543307087
11
0.8821166929133858
21
0.1025470078740157
0
LINE
8
BLACK
6
CONTINUOUS
10
0.8821166929133858
20
0.1025470078740157
11
0.8816588188976378
21
0.102344842519685
0
LINE
8
BLACK
6
CONTINUOUS
10
0.8816588188976378
20
0.102344842519685
11
0.8803186220472441
21
0.1021893307086614
0
LINE
8
BLACK
6
CONTINUOUS
10
0.8803186220472441
20
0.1021893307086614
11
0.88
21
0.1021259842519685
0
LINE
8
BLACK
6
CONTINUOUS
10
0.88
20
0.1021259842519685
11
0.8797723228346457
21
0.1021259842519685
0
LINE
8
BLACK
6
CONTINUOUS
10
0.8797723228346457
20
0.1021259842519685
11
0.820227716535433
21
0.1021259842519685
0
LINE
8
BLACK
6
CONTINUOUS
10
0.820227716535433
20
0.1021259842519685
11
0.82
21
0.1021259842519685
0
LINE
8
BLACK
6
CONTINUOUS
10
0.82
20
0.1021259842519685
11
0.8196813385826771
21
0.1021893307086614
0
LINE
8
BLACK
6
CONTINUOUS
10
0.8196813385826771
20
0.1021893307086614
11
0.8183411417322835
21
0.102344842519685
0
LINE
8
BLACK
6
CONTINUOUS
10
0.8183411417322835
20
0.102344842519685
11
0.8178832283464567
21
0.1025470078740157
0
LINE
8
BLACK
6
CONTINUOUS
10
0.8178832283464567
20
0.1025470078740157
11
0.8169867322834645
21
0.1027253543307087
0
LINE
8
BLACK
6
CONTINUOUS
10
0.8169867322834645
20
0.1027253543307087
11
0.8160269291338582
21
0.1033666535433071
0
LINE
8
BLACK
6
CONTINUOUS
10
0.8160269291338582
20
0.1033666535433071
11
0.8155886614173228
21
0.1035601968503937
0
LINE
8
BLACK
6
CONTINUOUS
10
0.8155886614173228
20
0.1035601968503937
11
0.8152892519685039
21
0.1038595669291339
0
LINE
8
BLACK
6
CONTINUOUS
10
0.8152892519685039
20
0.1038595669291339
11
0.8144322440944882
21
0.1044322440944882
0
LINE
8
BLACK
6
CONTINUOUS
10
0.8144322440944882
20
0.1044322440944882
11
0.8138595669291339
21
0.1052892519685039
0
LINE
8
BLACK
6
CONTINUOUS
10
0.8138595669291339
20
0.1052892519685039
11
0.8135601968503937
21
0.1055886614173228
0
LINE
8
BLACK
6
CONTINUOUS
10
0.8135601968503937
20
0.1055886614173228
11
0.8133666535433071
21
0.1060269291338583
0
LINE
8
BLACK
6
CONTINUOUS
10
0.8133666535433071
20
0.1060269291338583
11
0.8127253543307087
21
0.1069867322834646
0
LINE
8
BLACK
6
CONTINUOUS
10
0.8127253543307087
20
0.1069867322834646
11
0.8125470078740157
21
0.1078832283464567
0
LINE
8
BLACK
6
CONTINUOUS
10
0.8125470078740157
20
0.1078832283464567
11
0.812344842519685
21
0.1083411417322835
0
LINE
8
BLACK
6
CONTINUOUS
10
0.812344842519685
20
0.1083411417322835
11
0.8121893307086614
21
0.1096814173228346
0
LINE
8
BLACK
6
CONTINUOUS
10
0.8121893307086614
20
0.1096814173228346
11
0.8121259842519685
21
0.11
0
LINE
8
BLACK
6
CONTINUOUS
10
0.8121259842519685
20
0.11
11
0.8121259842519685
21
0.17
0
LINE
8
BLACK
6
CONTINUOUS
10
0.8121259842519685
20
0.17
11
0.8121893700787401
21
0.1703187007874016
0
LINE
8
BLACK
6
CONTINUOUS
10
0.8121893700787401
20
0.1703187007874016
11
0.812344842519685
21
0.1716588188976378
0
LINE
8
BLACK
6
CONTINUOUS
10
0.812344842519685
20
0.1716588188976378
11
0.8125470078740157
21
0.1721166929133858
0
LINE
8
BLACK
6
CONTINUOUS
10
0.8125470078740157
20
0.1721166929133858
11
0.8127253543307087
21
0.1730132677165354
0
LINE
8
BLACK
6
CONTINUOUS
10
0.8127253543307087
20
0.1730132677165354
11
0.8133666929133858
21
0.1739731102362205
0
LINE
8
BLACK
6
CONTINUOUS
10
0.8133666929133858
20
0.1739731102362205
11
0.8135601968503937
21
0.1744112992125984
0
LINE
8
BLACK
6
CONTINUOUS
10
0.8135601968503937
20
0.1744112992125984
11
0.8138594881889764
21
0.1747105905511811
0
LINE
8
BLACK
6
CONTINUOUS
10
0.8138594881889764
20
0.1747105905511811
11
0.8144322440944882
21
0.1755677559055118
0
LINE
8
BLACK
6
CONTINUOUS
10
0.8144322440944882
20
0.1755677559055118
11
0.8152893700787401
21
0.1761404724409449
0
LINE
8
BLACK
6
CONTINUOUS
10
0.8152893700787401
20
0.1761404724409449
11
0.8155886614173228
21
0.1764397637795276
0
LINE
8
BLACK
6
CONTINUOUS
10
0.8155886614173228
20
0.1764397637795276
11
0.8160267716535433
21
0.1766331889763779
0
LINE
8
BLACK
6
CONTINUOUS
10
0.8160267716535433
20
0.1766331889763779
11
0.8169867322834645
21
0.1772746456692913
0
LINE
8
BLACK
6
CONTINUOUS
10
0.8169867322834645
20
0.1772746456692913
11
0.8178833858267717
21
0.1774529921259843
0
LINE
8
BLACK
6
CONTINUOUS
10
0.8178833858267717
20
0.1774529921259843
11
0.8183411417322835
21
0.1776551181102362
0
LINE
8
BLACK
6
CONTINUOUS
10
0.8183411417322835
20
0.1776551181102362
11
0.8196809448818897
21
0.1778105511811024
0
LINE
8
BLACK
6
CONTINUOUS
10
0.8196809448818897
20
0.1778105511811024
11
0.82
21
0.1778740157480315
0
LINE
8
BLACK
6
CONTINUOUS
10
0.82
20
0.1778740157480315
11
0.88
21
0.1778740157480315
0
LINE
8
BLACK
6
CONTINUOUS
10
0.88
20
0.1778740157480315
11
0.8803191732283464
21
0.1778105118110236
0
LINE
8
BLACK
6
CONTINUOUS
10
0.9803191732283464
20
0.1778105118110236
11
0.9816588188976377
21
0.1776551181102362
0
LINE
8
BLACK
6
CONTINUOUS
10
0.9816588188976377
20
0.1776551181102362
11
0.9821164960629921
21
0.1774529921259843
0
LINE
8
BLACK
6
CONTINUOUS
10
0.9821164960629921
20
0.1774529921259843
11
0.9830132677165354
21
0.1772746456692913
0
LINE
8
BLACK
6
CONTINUOUS
10
0.9830132677165354
20
0.1772746456692913
11
0.9839732677165354
21
0.1766331496062992
0
LINE
8
BLACK
6
CONTINUOUS
10
0.9839732677165354
20
0.1766331496062992
11
0.9844112992125984
21
0.1764397637795276
0
LINE
8
BLACK
6
CONTINUOUS
10
0.9844112992125984
20
0.1764397637795276
11
0.9847104724409449
21
0.1761405511811024
0
LINE
8
BLACK
6
CONTINUOUS
10
0.9847104724409449
20
0.1761405511811024
11
0.9855677559055118
21
0.1755677559055118
0
LINE
8
BLACK
6
CONTINUOUS
10
0.9855677559055118
20
0.1755677559055118
11
0.9861405511811023
21
0.1747104724409449
0
LINE
8
BLACK
6
CONTINUOUS
10
0.9861405511811023
20
0.1747104724409449
11
0.9864397637795276
21
0.1744112992125984
0
LINE
8
BLACK
6
CONTINUOUS
10
0.9864397637795276
20
0.1744112992125984
11
0.9866331496062992
21
0.1739732677165354
0
LINE
8
BLACK
6
CONTINUOUS
10
0.9866331496062992
20
0.1739732677165354
11
0.9872746456692914
21
0.1730132677165354
0
LINE
8
BLACK
6
CONTINUOUS
10
0.9872746456692914
20
0.1730132677165354
11
0.9874529921259843
21
0.1721164960629921
0
LINE
8
BLACK
6
CONTINUOUS
10
0.9874529921259843
20
0.1721164960629921
11
0.9876551181102362
21
0.1716588188976378
0
LINE
8
BLACK
6
CONTINUOUS
10
0.9876551181102362
20
0.1716588188976378
11
0.9878105118110236
21
0.170319094488189
0
LINE
8
BLACK
6
CONTINUOUS
10
0.9878105118110236
20
0.170319094488189
11
0.9878740157480315
21
0.17
0
LINE
8
BLACK
6
CONTINUOUS
10
0.9878740157480315
20
0.17
11
0.9878740157480315
21
0.11
0
LINE
8
BLACK
6
CONTINUOUS
10
0.9878740157480315
20
0.11
11
0.9878105118110236
21
0.1096808661417323
0
LINE
8
BLACK
6
CONTINUOUS
10
0.9878105118110236
20
0.1096808661417323
11
0.9876551181102362
21
0.1083411417322835
0
LINE
8
BLACK
6
CONTINUOUS
10
0.9876551181102362
20
0.1083411417322835
11
0.9874529921259843
21
0.1078833858267716
0
LINE
8
BLACK
6
CONTINUOUS
10
0.9874529921259843
20
0.1078833858267716
11
0.9872746456692914
21
0.1069867322834646
0
LINE
8
BLACK
6
CONTINUOUS
10
0.9872746456692914
20
0.1069867322834646
11
0.986633188976378
21
0.1060267716535433
0
LINE
8
BLACK
6
CONTINUOUS
10
0.986633188976378
20
0.1060267716535433
11
0.9864397637795276
21
0.1055886614173228
0
LINE
8
BLACK
6
CONTINUOUS
10
0.9864397637795276
20
0.1055886614173228
11
0.9861404724409448
21
0.1052893700787402
0
LINE
8
BLACK
6
CONTINUOUS
10
0.9861404724409448
20
0.1052893700787402
11
0.9855677559055118
21
0.1044322440944882
0
LINE
8
BLACK
6
CONTINUOUS
10
0.9855677559055118
20
0.1044322440944882
11
0.984710590551181
21
0.1038594881889764
0
LINE
8
BLACK
6
CONTINUOUS
10
0.984710590551181
20
0.1038594881889764
11
0.9844112992125984
21
0.1035601968503937
0
LINE
8
BLACK
6
CONTINUOUS
10
0.9844112992125984
20
0.1035601968503937
11
0.9839731102362205
21
0.1033666929133858
0
LINE
8
BLACK
6
CONTINUOUS
10
0.9839731102362205
20
0.1033666929133858
11
0.9830132677165354
21
0.1027253543307087
0
LINE
8
BLACK
6
CONTINUOUS
10
0.9830132677165354
20
0.1027253543307087
11
0.9821166929133858
21
0.1025470078740157
0
LINE
8
BLACK
6
CONTINUOUS
10
0.9821166929133858
20
0.1025470078740157
11
0.9816588188976377
21
0.102344842519685
0
LINE
8
BLACK
6
CONTINUOUS
10
0.9816588188976377
20
0.102344842519685
11
0.9803186220472441
21
0.1021893307086614
0
LINE
8
BLACK
6
CONTINUOUS
10
0.9803186220472441
20
0.1021893307086614
11
0.98
21
0.1021259842519685
0
LINE
8
BLACK
6
CONTINUOUS
10
0.98
20
0.1021259842519685
11
0.9797723228346457
21
0.1021259842519685
0
LINE
8
BLACK
6
CONTINUOUS
10
0.9797723228346457
20
0.1021259842519685
11
0.920227716535433
21
0.1021259842519685
0
LINE
8
BLACK
6
CONTINUOUS
10
0.920227716535433
20
0.1021259842519685
11
0.9199999999999999
21
0.1021259842519685
0
LINE
8
BLACK
6
CONTINUOUS
10
0.9199999999999999
20
0.1021259842519685
11
0.9196813385826772
21
0.1021893307086614
0
LINE
8
BLACK
6
CONTINUOUS
10
0.9196813385826772
20
0.1021893307086614
11
0.9183411417322834
21
0.102344842519685
0
LINE
8
BLACK
6
CONTINUOUS
10
0.9183411417322834
20
0.102344842519685
11
0.9178832283464566
21
0.1025470078740157
0
LINE
8
BLACK
6
CONTINUOUS
10
0.9178832283464566
20
0.1025470078740157
11
0.9169867322834645
21
0.1027253543307087
0
LINE
8
BLACK
6
CONTINUOUS
10
0.9169867322834645
20
0.1027253543307087
11
0.9160269291338582
21
0.1033666535433071
0
LINE
8
BLACK
6
CONTINUOUS
10
0.9160269291338582
20
0.1033666535433071
11
0.9155886614173229
21
0.1035601968503937
0
LINE
8
BLACK
6
CONTINUOUS
10
0.9155886614173229
20
0.1035601968503937
11
0.915289251968504
21
0.1038595669291339
0
LINE
8
BLACK
6
CONTINUOUS
10
0.915289251968504
20
0.1038595669291339
11
0.9144322440944882
21
0.1044322440944882
0
LINE
8
BLACK
6
CONTINUOUS
10
0.9144322440944882
20
0.1044322440944882
11
0.9138595669291338
21
0.1052892519685039
0
LINE
8
BLACK
6
CONTINUOUS
10
0.9138595669291338
20
0.1052892519685039
11
0.9135601968503937
21
0.1055886614173228
0
LINE
8
BLACK
6
CONTINUOUS
10
0.9135601968503937
20
0.1055886614173228
11
0.913366653543307
21
0.1060269291338583
0
LINE
8
BLACK
6
CONTINUOUS
10
0.913366653543307
20
0.1060269291338583
11
0.9127253543307087
21
0.1069867322834646
0
LINE
8
BLACK
6
CONTINUOUS
10
0.9127253543307087
20
0.1069867322834646
11
0.9125470078740158
21
0.1078832283464567
0
LINE
8
BLACK
6
CONTINUOUS
10
0.9125470078740158
20
0.1078832283464567
11
0.9123448425196851
21
0.1083411417322835
0
LINE
8
BLACK
6
CONTINUOUS
10
0.9123448425196851
20
0.1083411417322835
11
0.9121893307086614
21
0.1096814173228346
0
LINE
8
BLACK
6
CONTINUOUS
10
0.9121893307086614
20
0.1096814173228346
11
0.9121259842519684
21
0.11
0
LINE
8
BLACK
6
CONTINUOUS
10
0.9121259842519684
20
0.11
11
0.9121259842519684
21
0.17
0
LINE
8
BLACK
6
CONTINUOUS
10
0.9121259842519684
20
0.17
11
0.9121893700787401
21
0.1703187007874016
0
LINE
8
BLACK
6
CONTINUOUS
10
0.9121893700787401
20
0.1703187007874016
11
0.9123448425196851
21
0.1716588188976378
0
LINE
8
BLACK
6
CONTINUOUS
10
0.9123448425196851
20
0.1716588188976378
11
0.9125470078740158
21
0.1721166929133858
0
LINE
8
BLACK
6
CONTINUOUS
10
0.9125470078740158
20
0.1721166929133858
11
0.9127253543307087
21
0.1730132677165354
0
LINE
8
BLACK
6
CONTINUOUS
10
0.9127253543307087
20
0.1730132677165354
11
0.9133666929133858
21
0.1739731102362205
0
LINE
8
BLACK
6
CONTINUOUS
10
0.9133666929133858
20
0.1739731102362205
11
0.9135601968503937
21
0.1744112992125984
0
LINE
8
BLACK
6
CONTINUOUS
10
0.9135601968503937
20
0.1744112992125984
11
0.9138594881889763
21
0.1747105905511811
0
LINE
8
BLACK
6
CONTINUOUS
10
0.9138594881889763
20
0.1747105905511811
11
0.9144322440944882
21
0.1755677559055118
0
LINE
8
BLACK
6
CONTINUOUS
10
0.9144322440944882
20
0.1755677559055118
11
0.9152893700787401
21
0.1761404724409449
0
LINE
8
BLACK
6
CONTINUOUS
10
0.9152893700787401
20
0.1761404724409449
11
0.9155886614173229
21
0.1764397637795276
0
LINE
8
BLACK
6
CONTINUOUS
10
0.9155886614173229
20
0.1764397637795276
11
0.9160267716535433
21
0.1766331889763779
0
LINE
8
BLACK
6
CONTINUOUS
10
0.9160267716535433
20
0.1766331889763779
11
0.9169867322834645
21
0.1772746456692913
0
LINE
8
BLACK
6
CONTINUOUS
10
0.9169867322834645
20
0.1772746456692913
11
0.9178833858267716
21
0.1774529921259843
0
LINE
8
BLACK
6
CONTINUOUS
10
0.9178833858267716
20
0.1774529921259843
11
0.9183411417322834
21
0.1776551181102362
0
LINE
8
BLACK
6
CONTINUOUS
10
0.9183411417322834
20
0.1776551181102362
11
0.9196809448818898
21
0.1778105511811024
0
LINE
8
BLACK
6
CONTINUOUS
10
0.9196809448818898
20
0.1778105511811024
11
0.9199999999999999
21
0.1778740157480315
0
LINE
8
BLACK
6
CONTINUOUS
10
0.9199999999999999
20
0.1778740157480315
11
0.98
21
0.1778740157480315
0
LINE
8
BLACK
6
CONTINUOUS
10
0.98
20
0.1778740157480315
11
0.9803191732283464
21
0.1778105118110236
0
LINE
8
BLACK
6
CONTINUOUS
10
1.0803191732283464
20
0.1778105118110236
11
1.0816588188976377
21
0.1776551181102362
0
LINE
8
BLACK
6
CONTINUOUS
10
1.0816588188976377
20
0.1776551181102362
11
1.0821164960629921
21
0.1774529921259843
0
LINE
8
BLACK
6
CONTINUOUS
10
1.0821164960629921
20
0.1774529921259843
11
1.0830132677165354
21
0.1772746456692913
0
LINE
8
BLACK
6
CONTINUOUS
10
1.0830132677165354
20
0.1772746456692913
11
1.0839732677165355
21
0.1766331496062992
0
LINE
8
BLACK
6
CONTINUOUS
10
1.0839732677165355
20
0.1766331496062992
11
1.0844112992125985
21
0.1764397637795276
0
LINE
8
BLACK
6
CONTINUOUS
10
1.0844112992125985
20
0.1764397637795276
11
1.0847104724409449
21
0.1761405511811024
0
LINE
8
BLACK
6
CONTINUOUS
10
1.0847104724409449
20
0.1761405511811024
11
1.0855677559055117
21
0.1755677559055118
0
LINE
8
BLACK
6
CONTINUOUS
10
1.0855677559055117
20
0.1755677559055118
11
1.0861405511811024
21
0.1747104724409449
0
LINE
8
BLACK
6
CONTINUOUS
10
1.0861405511811024
20
0.1747104724409449
11
1.0864397637795276
21
0.1744112992125984
0
LINE
8
BLACK
6
CONTINUOUS
10
1.0864397637795276
20
0.1744112992125984
11
1.0866331496062991
21
0.1739732677165354
0
LINE
8
BLACK
6
CONTINUOUS
10
1.0866331496062991
20
0.1739732677165354
11
1.0872746456692912
21
0.1730132677165354
0
LINE
8
BLACK
6
CONTINUOUS
10
1.0872746456692912
20
0.1730132677165354
11
1.0874529921259841
21
0.1721164960629921
0
LINE
8
BLACK
6
CONTINUOUS
10
1.0874529921259841
20
0.1721164960629921
11
1.0876551181102363
21
0.1716588188976378
0
LINE
8
BLACK
6
CONTINUOUS
10
1.0876551181102363
20
0.1716588188976378
11
1.0878105118110235
21
0.170319094488189
0
LINE
8
BLACK
6
CONTINUOUS
10
1.0878105118110235
20
0.170319094488189
11
1.0878740157480316
21
0.17
0
LINE
8
BLACK
6
CONTINUOUS
10
1.0878740157480316
20
0.17
11
1.0878740157480316
21
0.11
0
LINE
8
BLACK
6
CONTINUOUS
10
1.0878740157480316
20
0.11
11
1.0878105118110235
21
0.1096808661417323
0
LINE
8
BLACK
6
CONTINUOUS
10
1.0878105118110235
20
0.1096808661417323
11
1.0876551181102363
21
0.1083411417322835
0
LINE
8
BLACK
6
CONTINUOUS
10
1.0876551181102363
20
0.1083411417322835
11
1.0874529921259841
21
0.1078833858267716
0
LINE
8
BLACK
6
CONTINUOUS
10
1.0874529921259841
20
0.1078833858267716
11
1.0872746456692912
21
0.1069867322834646
0
LINE
8
BLACK
6
CONTINUOUS
10
1.0872746456692912
20
0.1069867322834646
11
1.0866331889763778
21
0.1060267716535433
0
LINE
8
BLACK
6
CONTINUOUS
10
1.0866331889763778
20
0.1060267716535433
11
1.0864397637795276
21
0.1055886614173228
0
LINE
8
BLACK
6
CONTINUOUS
10
1.0864397637795276
20
0.1055886614173228
11
1.0861404724409449
21
0.1052893700787402
0
LINE
8
BLACK
6
CONTINUOUS
10
1.0861404724409449
20
0.1052893700787402
11
1.0855677559055117
21
0.1044322440944882
0
LINE
8
BLACK
6
CONTINUOUS
10
1.0855677559055117
20
0.1044322440944882
11
1.0847105905511811
21
0.1038594881889764
0
LINE
8
BLACK
6
CONTINUOUS
10
1.0847105905511811
20
0.1038594881889764
11
1.0844112992125985
21
0.1035601968503937
0
LINE
8
BLACK
6
CONTINUOUS
10
1.0844112992125985
20
0.1035601968503937
11
1.0839731102362204
21
0.1033666929133858
0
LINE
8
BLACK
6
CONTINUOUS
10
1.0839731102362204
20
0.1033666929133858
11
1.0830132677165354
21
0.1027253543307087
0
LINE
8
BLACK
6
CONTINUOUS
10
1.0830132677165354
20
0.1027253543307087
11
1.0821166929133859
21
0.1025470078740157
0
LINE
8
BLACK
6
CONTINUOUS
10
1.0821166929133859
20
0.1025470078740157
11
1.0816588188976377
21
0.102344842519685
0
LINE
8
BLACK
6
CONTINUOUS
10
1.0816588188976377
20
0.102344842519685
11
1.080318622047244
21
0.1021893307086614
0
LINE
8
BLACK
6
CONTINUOUS
10
1.080318622047244
20
0.1021893307086614
11
1.0800000000000001
21
0.1021259842519685
0
LINE
8
BLACK
6
CONTINUOUS
10
1.0800000000000001
20
0.1021259842519685
11
1.0797723228346456
21
0.1021259842519685
0
LINE
8
BLACK
6
CONTINUOUS
10
1.0797723228346456
20
0.1021259842519685
11
1.020227716535433
21
0.1021259842519685
0
LINE
8
BLACK
6
CONTINUOUS
10
1.020227716535433
20
0.1021259842519685
11
1.02
21
0.1021259842519685
0
LINE
8
BLACK
6
CONTINUOUS
10
1.02
20
0.1021259842519685
11
1.0196813385826771
21
0.1021893307086614
0
LINE
8
BLACK
6
CONTINUOUS
10
1.0196813385826771
20
0.1021893307086614
11
1.0183411417322834
21
0.102344842519685
0
LINE
8
BLACK
6
CONTINUOUS
10
1.0183411417322834
20
0.102344842519685
11
1.0178832283464567
21
0.1025470078740157
0
LINE
8
BLACK
6
CONTINUOUS
10
1.0178832283464567
20
0.1025470078740157
11
1.0169867322834645
21
0.1027253543307087
0
LINE
8
BLACK
6
CONTINUOUS
10
1.0169867322834645
20
0.1027253543307087
11
1.0160269291338582
21
0.1033666535433071
0
LINE
8
BLACK
6
CONTINUOUS
10
1.0160269291338582
20
0.1033666535433071
11
1.0155886614173228
21
0.1035601968503937
0
LINE
8
BLACK
6
CONTINUOUS
10
1.0155886614173228
20
0.1035601968503937
11
1.0152892519685039
21
0.1038595669291339
0
LINE
8
BLACK
6
CONTINUOUS
10
1.0152892519685039
20
0.1038595669291339
11
1.0144322440944882
21
0.1044322440944882
0
LINE
8
BLACK
6
CONTINUOUS
10
1.0144322440944882
20
0.1044322440944882
11
1.0138595669291339
21
0.1052892519685039
0
LINE
8
BLACK
6
CONTINUOUS
10
1.0138595669291339
20
0.1052892519685039
11
1.0135601968503938
21
0.1055886614173228
0
LINE
8
BLACK
6
CONTINUOUS
10
1.0135601968503938
20
0.1055886614173228
11
1.013366653543307
21
0.1060269291338583
0
LINE
8
BLACK
6
CONTINUOUS
10
1.013366653543307
20
0.1060269291338583
11
1.0127253543307086
21
0.1069867322834646
0
LINE
8
BLACK
6
CONTINUOUS
10
1.0127253543307086
20
0.1069867322834646
11
1.0125470078740157
21
0.1078832283464567
0
LINE
8
BLACK
6
CONTINUOUS
10
1.0125470078740157
20
0.1078832283464567
11
1.012344842519685
21
0.1083411417322835
0
LINE
8
BLACK
6
CONTINUOUS
10
1.012344842519685
20
0.1083411417322835
11
1.0121893307086614
21
0.1096814173228346
0
LINE
8
BLACK
6
CONTINUOUS
10
1.0121893307086614
20
0.1096814173228346
11
1.0121259842519685
21
0.11
0
LINE
8
BLACK
6
CONTINUOUS
10
1.0121259842519685
20
0.11
11
1.0121259842519685
21
0.17
0
LINE
8
BLACK
6
CONTINUOUS
10
1.0121259842519685
20
0.17
11
1.0121893700787401
21
0.1703187007874016
0
LINE
8
BLACK
6
CONTINUOUS
10
1.0121893700787401
20
0.1703187007874016
11
1.012344842519685
21
0.1716588188976378
0
LINE
8
BLACK
6
CONTINUOUS
10
1.012344842519685
20
0.1716588188976378
11
1.0125470078740157
21
0.1721166929133858
0
LINE
8
BLACK
6
CONTINUOUS
10
1.0125470078740157
20
0.1721166929133858
11
1.0127253543307086
21
0.1730132677165354
0
LINE
8
BLACK
6
CONTINUOUS
10
1.0127253543307086
20
0.1730132677165354
11
1.0133666929133858
21
0.1739731102362205
0
LINE
8
BLACK
6
CONTINUOUS
10
1.0133666929133858
20
0.1739731102362205
11
1.0135601968503938
21
0.1744112992125984
0
LINE
8
BLACK
6
CONTINUOUS
10
1.0135601968503938
20
0.1744112992125984
11
1.0138594881889764
21
0.1747105905511811
0
LINE
8
BLACK
6
CONTINUOUS
10
1.0138594881889764
20
0.1747105905511811
11
1.0144322440944882
21
0.1755677559055118
0
LINE
8
BLACK
6
CONTINUOUS
10
1.0144322440944882
20
0.1755677559055118
11
1.0152893700787402
21
0.1761404724409449
0
LINE
8
BLACK
6
CONTINUOUS
10
1.0152893700787402
20
0.1761404724409449
11
1.0155886614173228
21
0.1764397637795276
0
LINE
8
BLACK
6
CONTINUOUS
10
1.0155886614173228
20
0.1764397637795276
11
1.0160267716535434
21
0.1766331889763779
0
LINE
8
BLACK
6
CONTINUOUS
10
1.0160267716535434
20
0.1766331889763779
11
1.0169867322834645
21
0.1772746456692913
0
LINE
8
BLACK
6
CONTINUOUS
10
1.0169867322834645
20
0.1772746456692913
11
1.0178833858267717
21
0.1774529921259843
0
LINE
8
BLACK
6
CONTINUOUS
10
1.0178833858267717
20
0.1774529921259843
11
1.0183411417322834
21
0.1776551181102362
0
LINE
8
BLACK
6
CONTINUOUS
10
1.0183411417322834
20
0.1776551181102362
11
1.0196809448818898
21
0.1778105511811024
0
LINE
8
BLACK
6
CONTINUOUS
10
1.0196809448818898
20
0.1778105511811024
11
1.02
21
0.1778740157480315
0
LINE
8
BLACK
6
CONTINUOUS
10
1.02
20
0.1778740157480315
11
1.0800000000000001
21
0.1778740157480315
0
LINE
8
BLACK
6
CONTINUOUS
10
1.0800000000000001
20
0.1778740157480315
11
1.0803191732283464
21
0.1778105118110236
0
LINE
8
BLACK
6
CONTINUOUS
10
1.1803191732283465
20
0.1778105118110236
11
1.1816588188976378
21
0.1776551181102362
0
LINE
8
BLACK
6
CONTINUOUS
10
1.1816588188976378
20
0.1776551181102362
11
1.1821164960629922
21
0.1774529921259843
0
LINE
8
BLACK
6
CONTINUOUS
10
1.1821164960629922
20
0.1774529921259843
11
1.1830132677165355
21
0.1772746456692913
0
LINE
8
BLACK
6
CONTINUOUS
10
1.1830132677165355
20
0.1772746456692913
11
1.1839732677165353
21
0.1766331496062992
0
LINE
8
BLACK
6
CONTINUOUS
10
1.1839732677165353
20
0.1766331496062992
11
1.1844112992125984
21
0.1764397637795276
0
LINE
8
BLACK
6
CONTINUOUS
10
1.1844112992125984
20
0.1764397637795276
11
1.184710472440945
21
0.1761405511811024
0
LINE
8
BLACK
6
CONTINUOUS
10
1.184710472440945
20
0.1761405511811024
11
1.1855677559055118
21
0.1755677559055118
0
LINE
8
BLACK
6
CONTINUOUS
10
1.1855677559055118
20
0.1755677559055118
11
1.1861405511811023
21
0.1747104724409449
0
LINE
8
BLACK
6
CONTINUOUS
10
1.1861405511811023
20
0.1747104724409449
11
1.1864397637795274
21
0.1744112992125984
0
LINE
8
BLACK
6
CONTINUOUS
10
1.1864397637795274
20
0.1744112992125984
11
1.1866331496062992
21
0.1739732677165354
0
LINE
8
BLACK
6
CONTINUOUS
10
1.1866331496062992
20
0.1739732677165354
11
1.1872746456692913
21
0.1730132677165354
0
LINE
8
BLACK
6
CONTINUOUS
10
1.1872746456692913
20
0.1730132677165354
11
1.1874529921259842
21
0.1721164960629921
0
LINE
8
BLACK
6
CONTINUOUS
10
1.1874529921259842
20
0.1721164960629921
11
1.1876551181102362
21
0.1716588188976378
0
LINE
8
BLACK
6
CONTINUOUS
10
1.1876551181102362
20
0.1716588188976378
11
1.1878105118110236
21
0.170319094488189
0
LINE
8
BLACK
6
CONTINUOUS
10
1.1878105118110236
20
0.170319094488189
11
1.1878740157480314
21
0.17
0
LINE
8
BLACK
6
CONTINUOUS
10
1.1878740157480314
20
0.17
11
1.1878740157480314
21
0.11
0
LINE
8
BLACK
6
CONTINUOUS
10
1.1878740157480314
20
0.11
11
1.1878105118110236
21
0.1096808661417323
0
LINE
8
BLACK
6
CONTINUOUS
10
1.1878105118110236
20
0.1096808661417323
11
1.1876551181102362
21
0.1083411417322835
0
LINE
8
BLACK
6
CONTINUOUS
10
1.1876551181102362
20
0.1083411417322835
11
1.1874529921259842
21
0.1078833858267716
0
LINE
8
BLACK
6
CONTINUOUS
10
1.1874529921259842
20
0.1078833858267716
11
1.1872746456692913
21
0.1069867322834646
0
LINE
8
BLACK
6
CONTINUOUS
10
1.1872746456692913
20
0.1069867322834646
11
1.1866331889763779
21
0.1060267716535433
0
LINE
8
BLACK
6
CONTINUOUS
10
1.1866331889763779
20
0.1060267716535433
11
1.1864397637795274
21
0.1055886614173228
0
LINE
8
BLACK
6
CONTINUOUS
10
1.1864397637795274
20
0.1055886614173228
11
1.1861404724409448
21
0.1052893700787402
0
LINE
8
BLACK
6
CONTINUOUS
10
1.1861404724409448
20
0.1052893700787402
11
1.1855677559055118
21
0.1044322440944882
0
LINE
8
BLACK
6
CONTINUOUS
10
1.1855677559055118
20
0.1044322440944882
11
1.184710590551181
21
0.1038594881889764
0
LINE
8
BLACK
6
CONTINUOUS
10
1.184710590551181
20
0.1038594881889764
11
1.1844112992125984
21
0.1035601968503937
0
LINE
8
BLACK
6
CONTINUOUS
10
1.1844112992125984
20
0.1035601968503937
11
1.1839731102362205
21
0.1033666929133858
0
LINE
8
BLACK
6
CONTINUOUS
10
1.1839731102362205
20
0.1033666929133858
11
1.1830132677165355
21
0.1027253543307087
0
LINE
8
BLACK
6
CONTINUOUS
10
1.1830132677165355
20
0.1027253543307087
11
1.1821166929133857
21
0.1025470078740157
0
LINE
8
BLACK
6
CONTINUOUS
10
1.1821166929133857
20
0.1025470078740157
11
1.1816588188976378
21
0.102344842519685
0
LINE
8
BLACK
6
CONTINUOUS
10
1.1816588188976378
20
0.102344842519685
11
1.1803186220472441
21
0.1021893307086614
0
LINE
8
BLACK
6
CONTINUOUS
10
1.1803186220472441
20
0.1021893307086614
11
1.1799999999999999
21
0.1021259842519685
0
LINE
8
BLACK
6
CONTINUOUS
10
1.1799999999999999
20
0.1021259842519685
11
1.1797723228346457
21
0.1021259842519685
0
LINE
8
BLACK
6
CONTINUOUS
10
1.1797723228346457
20
0.1021259842519685
11
1.1202277165354331
21
0.1021259842519685
0
LINE
8
BLACK
6
CONTINUOUS
10
1.1202277165354331
20
0.1021259842519685
11
1.1199999999999999
21
0.1021259842519685
0
LINE
8
BLACK
6
CONTINUOUS
10
1.1199999999999999
20
0.1021259842519685
11
1.1196813385826772
21
0.1021893307086614
0
LINE
8
BLACK
6
CONTINUOUS
10
1.1196813385826772
20
0.1021893307086614
11
1.1183411417322835
21
0.102344842519685
0
LINE
8
BLACK
6
CONTINUOUS
10
1.1183411417322835
20
0.102344842519685
11
1.1178832283464566
21
0.1025470078740157
0
LINE
8
BLACK
6
CONTINUOUS
10
1.1178832283464566
20
0.1025470078740157
11
1.1169867322834646
21
0.1027253543307087
0
LINE
8
BLACK
6
CONTINUOUS
10
1.1169867322834646
20
0.1027253543307087
11
1.1160269291338583
21
0.1033666535433071
0
LINE
8
BLACK
6
CONTINUOUS
10
1.1160269291338583
20
0.1033666535433071
11
1.1155886614173227
21
0.1035601968503937
0
LINE
8
BLACK
6
CONTINUOUS
10
1.1155886614173227
20
0.1035601968503937
11
1.1152892519685038
21
0.1038595669291339
0
LINE
8
BLACK
6
CONTINUOUS
10
1.1152892519685038
20
0.1038595669291339
11
1.1144322440944883
21
0.1044322440944882
0
LINE
8
BLACK
6
CONTINUOUS
10
1.1144322440944883
20
0.1044322440944882
11
1.1138595669291338
21
0.1052892519685039
0
LINE
8
BLACK
6
CONTINUOUS
10
1.1138595669291338
20
0.1052892519685039
11
1.1135601968503936
21
0.1055886614173228
0
LINE
8
BLACK
6
CONTINUOUS
10
1.1135601968503936
20
0.1055886614173228
11
1.1133666535433071
21
0.1060269291338583
0
LINE
8
BLACK
6
CONTINUOUS
10
1.1133666535433071
20
0.1060269291338583
11
1.1127253543307087
21
0.1069867322834646
0
LINE
8
BLACK
6
CONTINUOUS
10
1.1127253543307087
20
0.1069867322834646
11
1.1125470078740156
21
0.1078832283464567
0
LINE
8
BLACK
6
CONTINUOUS
10
1.1125470078740156
20
0.1078832283464567
11
1.1123448425196849
21
0.1083411417322835
0
LINE
8
BLACK
6
CONTINUOUS
10
1.1123448425196849
20
0.1083411417322835
11
1.1121893307086614
21
0.1096814173228346
0
LINE
8
BLACK
6
CONTINUOUS
10
1.1121893307086614
20
0.1096814173228346
11
1.1121259842519684
21
0.11
0
LINE
8
BLACK
6
CONTINUOUS
10
1.1121259842519684
20
0.11
11
1.1121259842519684
21
0.17
0
LINE
8
BLACK
6
CONTINUOUS
10
1.1121259842519684
20
0.17
11
1.1121893700787402
21
0.1703187007874016
0
LINE
8
BLACK
6
CONTINUOUS
10
1.1121893700787402
20
0.1703187007874016
11
1.1123448425196849
21
0.1716588188976378
0
LINE
8
BLACK
6
CONTINUOUS
10
1.1123448425196849
20
0.1716588188976378
11
1.1125470078740156
21
0.1721166929133858
0
LINE
8
BLACK
6
CONTINUOUS
10
1.1125470078740156
20
0.1721166929133858
11
1.1127253543307087
21
0.1730132677165354
0
LINE
8
BLACK
6
CONTINUOUS
10
1.1127253543307087
20
0.1730132677165354
11
1.1133666929133859
21
0.1739731102362205
0
LINE
8
BLACK
6
CONTINUOUS
10
1.1133666929133859
20
0.1739731102362205
11
1.1135601968503936
21
0.1744112992125984
0
LINE
8
BLACK
6
CONTINUOUS
10
1.1135601968503936
20
0.1744112992125984
11
1.1138594881889763
21
0.1747105905511811
0
LINE
8
BLACK
6
CONTINUOUS
10
1.1138594881889763
20
0.1747105905511811
11
1.1144322440944883
21
0.1755677559055118
0
LINE
8
BLACK
6
CONTINUOUS
10
1.1144322440944883
20
0.1755677559055118
11
1.1152893700787401
21
0.1761404724409449
0
LINE
8
BLACK
6
CONTINUOUS
10
1.1152893700787401
20
0.1761404724409449
11
1.1155886614173227
21
0.1764397637795276
0
LINE
8
BLACK
6
CONTINUOUS
10
1.1155886614173227
20
0.1764397637795276
11
1.1160267716535432
21
0.1766331889763779
0
LINE
8
BLACK
6
CONTINUOUS
10
1.1160267716535432
20
0.1766331889763779
11
1.1169867322834646
21
0.1772746456692913
0
LINE
8
BLACK
6
CONTINUOUS
10
1.1169867322834646
20
0.1772746456692913
11
1.1178833858267716
21
0.1774529921259843
0
LINE
8
BLACK
6
CONTINUOUS
10
1.1178833858267716
20
0.1774529921259843
11
1.1183411417322835
21
0.1776551181102362
0
LINE
8
BLACK
6
CONTINUOUS
10
1.1183411417322835
20
0.1776551181102362
11
1.1196809448818896
21
0.1778105511811024
0
LINE
8
BLACK
6
CONTINUOUS
10
1.1196809448818896
20
0.1778105511811024
11
1.1199999999999999
21
0.1778740157480315
0
LINE
8
BLACK
6
CONTINUOUS
10
1.1199999999999999
20
0.1778740157480315
11
1.1799999999999999
21
0.1778740157480315
0
LINE
8
BLACK
6
CONTINUOUS
10
1.1799999999999999
20
0.1778740157480315
11
1.1803191732283465
21
0.1778105118110236
0
LINE
8
BLACK
6
CONTINUOUS
10
0.5453191732283464
20
0.2959601181102362
11
0.5466588188976378
21
0.2958047244094488
0
LINE
8
BLACK
6
CONTINUOUS
10
0.5466588188976378
20
0.2958047244094488
11
0.5471164960629921
21
0.2956025984251968
0
LINE
8
BLACK
6
CONTINUOUS
10
0.5471164960629921
20
0.2956025984251968
11
0.5480132677165355
21
0.2954242519685039
0
LINE
8
BLACK
6
CONTINUOUS
10
0.5480132677165355
20
0.2954242519685039
11
0.5489732677165354
21
0.2947827559055118
0
LINE
8
BLACK
6
CONTINUOUS
10
0.5489732677165354
20
0.2947827559055118
11
0.5494112992125985
21
0.2945893700787401
0
LINE
8
BLACK
6
CONTINUOUS
10
0.5494112992125985
20
0.2945893700787401
11
0.5497104724409448
21
0.294290157480315
0
LINE
8
BLACK
6
CONTINUOUS
10
0.5497104724409448
20
0.294290157480315
11
0.5505677559055118
21
0.2937173622047244
0
LINE
8
BLACK
6
CONTINUOUS
10
0.5505677559055118
20
0.2937173622047244
11
0.5511405511811024
21
0.2928600787401575
0
LINE
8
BLACK
6
CONTINUOUS
10
0.5511405511811024
20
0.2928600787401575
11
0.5514397637795275
21
0.292560905511811
0
LINE
8
BLACK
6
CONTINUOUS
10
0.5514397637795275
20
0.292560905511811
11
0.5516331496062992
21
0.292122874015748
0
LINE
8
BLACK
6
CONTINUOUS
10
0.5516331496062992
20
0.292122874015748
11
0.5522746456692913
21
0.291162874015748
0
LINE
8
BLACK
6
CONTINUOUS
10
0.5522746456692913
20
0.291162874015748
11
0.5524529921259842
21
0.2902661023622047
0
LINE
8
BLACK
6
CONTINUOUS
10
0.5524529921259842
20
0.2902661023622047
11
0.5526551181102362
21
0.2898084251968504
0
LINE
8
BLACK
6
CONTINUOUS
10
0.5526551181102362
20
0.2898084251968504
11
0.5528105118110236
21
0.2884687007874016
0
LINE
8
BLACK
6
CONTINUOUS
10
0.5528105118110236
20
0.2884687007874016
11
0.5528740157480315
21
0.2881496062992126
0
LINE
8
BLACK
6
CONTINUOUS
10
0.5528740157480315
20
0.2881496062992126
11
0.5528740157480315
21
0.1381496062992126
0
LINE
8
BLACK
6
CONTINUOUS
10
0.5528740157480315
20
0.1381496062992126
11
0.5528105118110236
21
0.1378304724409449
0
LINE
8
BLACK
6
CONTINUOUS
10
0.5528105118110236
20
0.1378304724409449
11
0.5526551181102362
21
0.1364907480314961
0
LINE
8
BLACK
6
CONTINUOUS
10
0.5526551181102362
20
0.1364907480314961
11
0.5524529921259842
21
0.1360329921259842
0
LINE
8
BLACK
6
CONTINUOUS
10
0.5524529921259842
20
0.1360329921259842
11
0.5522746456692913
21
0.1351363385826772
0
LINE
8
BLACK
6
CONTINUOUS
10
0.5522746456692913
20
0.1351363385826772
11
0.5516331889763779
21
0.1341763779527559
0
LINE
8
BLACK
6
CONTINUOUS
10
0.5516331889763779
20
0.1341763779527559
11
0.5514397637795275
21
0.1337382677165354
0
LINE
8
BLACK
6
CONTINUOUS
10
0.5514397637795275
20
0.1337382677165354
11
0.5511404724409449
21
0.1334389763779527
0
LINE
8
BLACK
6
CONTINUOUS
10
0.5511404724409449
20
0.1334389763779527
11
0.5505677559055118
21
0.1325818503937008
0
LINE
8
BLACK
6
CONTINUOUS
10
0.5505677559055118
20
0.1325818503937008
11
0.5497105905511811
21
0.132009094488189
0
LINE
8
BLACK
6
CONTINUOUS
10
0.5497105905511811
20
0.132009094488189
11
0.5494112992125985
21
0.1317098031496063
0
LINE
8
BLACK
6
CONTINUOUS
10
0.5494112992125985
20
0.1317098031496063
11
0.5489731102362204
21
0.1315162992125984
0
LINE
8
BLACK
6
CONTINUOUS
10
0.5489731102362204
20
0.1315162992125984
11
0.5480132677165355
21
0.1308749606299213
0
LINE
8
BLACK
6
CONTINUOUS
10
0.5480132677165355
20
0.1308749606299213
11
0.5471166929133858
21
0.1306966141732283
0
LINE
8
BLACK
6
CONTINUOUS
10
0.5471166929133858
20
0.1306966141732283
11
0.5466588188976378
21
0.1304944488188976
0
LINE
8
BLACK
6
CONTINUOUS
10
0.5466588188976378
20
0.1304944488188976
11
0.5453186220472441
21
0.130338937007874
0
LINE
8
BLACK
6
CONTINUOUS
10
0.5453186220472441
20
0.130338937007874
11
0.545
21
0.1302755905511811
0
LINE
8
BLACK
6
CONTINUOUS
10
0.545
20
0.1302755905511811
11
0.5447723228346456
21
0.1302755905511811
0
LINE
8
BLACK
6
CONTINUOUS
10
0.5447723228346456
20
0.1302755905511811
11
0.395227716535433
21
0.1302755905511811
0
LINE
8
BLACK
6
CONTINUOUS
10
0.395227716535433
20
0.1302755905511811
11
0.395
21
0.1302755905511811
0
LINE
8
BLACK
6
CONTINUOUS
10
0.395
20
0.1302755905511811
11
0.3946813385826772
21
0.130338937007874
0
LINE
8
BLACK
6
CONTINUOUS
10
0.3946813385826772
20
0.130338937007874
11
0.3933411417322835
21
0.1304944488188976
0
LINE
8
BLACK
6
CONTINUOUS
10
0.3933411417322835
20
0.1304944488188976
11
0.3928832283464567
21
0.1306966141732283
0
LINE
8
BLACK
6
CONTINUOUS
10
0.3928832283464567
20
0.1306966141732283
11
0.3919867322834645
21
0.1308749606299213
0
LINE
8
BLACK
6
CONTINUOUS
10
0.3919867322834645
20
0.1308749606299213
11
0.3910269291338583
21
0.1315162598425197
0
LINE
8
BLACK
6
CONTINUOUS
10
0.3910269291338583
20
0.1315162598425197
11
0.3905886614173228
21
0.1317098031496063
0
LINE
8
BLACK
6
CONTINUOUS
10
0.3905886614173228
20
0.1317098031496063
11
0.3902892519685039
21
0.1320091732283465
0
LINE
8
BLACK
6
CONTINUOUS
10
0.3902892519685039
20
0.1320091732283465
11
0.3894322440944882
21
0.1325818503937008
0
LINE
8
BLACK
6
CONTINUOUS
10
0.3894322440944882
20
0.1325818503937008
11
0.3888595669291339
21
0.1334388582677165
0
LINE
8
BLACK
6
CONTINUOUS
10
0.3888595669291339
20
0.1334388582677165
11
0.3885601968503937
21
0.1337382677165354
0
LINE
8
BLACK
6
CONTINUOUS
10
0.3885601968503937
20
0.1337382677165354
11
0.3883666535433071
21
0.1341765354330709
0
LINE
8
BLACK
6
CONTINUOUS
10
0.3883666535433071
20
0.1341765354330709
11
0.3877253543307086
21
0.1351363385826772
0
LINE
8
BLACK
6
CONTINUOUS
10
0.3877253543307086
20
0.1351363385826772
11
0.3875470078740157
21
0.1360328346456693
0
LINE
8
BLACK
6
CONTINUOUS
10
0.3875470078740157
20
0.1360328346456693
11
0.387344842519685
21
0.1364907480314961
0
LINE
8
BLACK
6
CONTINUOUS
10
0.387344842519685
20
0.1364907480314961
11
0.3871893307086614
21
0.1378310236220472
0
LINE
8
BLACK
6
CONTINUOUS
10
0.3871893307086614
20
0.1378310236220472
11
0.3871259842519685
21
0.1381496062992126
0
LINE
8
BLACK
6
CONTINUOUS
10
0.3871259842519685
20
0.1381496062992126
11
0.3871259842519685
21
0.2881496062992126
0
LINE
8
BLACK
6
CONTINUOUS
10
0.3871259842519685
20
0.2881496062992126
11
0.3871893700787402
21
0.2884683070866141
0
LINE
8
BLACK
6
CONTINUOUS
10
0.3871893700787402
20
0.2884683070866141
11
0.387344842519685
21
0.2898084251968504
0
LINE
8
BLACK
6
CONTINUOUS
10
0.387344842519685
20
0.2898084251968504
11
0.3875470078740157
21
0.2902662992125984
0
LINE
8
BLACK
6
CONTINUOUS
10
0.3875470078740157
20
0.2902662992125984
11
0.3877253543307086
21
0.291162874015748
0
LINE
8
BLACK
6
CONTINUOUS
10
0.3877253543307086
20
0.291162874015748
11
0.3883666929133858
21
0.2921227165354331
0
LINE
8
BLACK
6
CONTINUOUS
10
0.3883666929133858
20
0.2921227165354331
11
0.3885601968503937
21
0.292560905511811
0
LINE
8
BLACK
6
CONTINUOUS
10
0.3885601968503937
20
0.292560905511811
11
0.3888594881889764
21
0.2928601968503937
0
LINE
8
BLACK
6
CONTINUOUS
10
0.3888594881889764
20
0.2928601968503937
11
0.3894322440944882
21
0.2937173622047244
0
LINE
8
BLACK
6
CONTINUOUS
10
0.3894322440944882
20
0.2937173622047244
11
0.3902893700787401
21
0.2942900787401575
0
LINE
8
BLACK
6
CONTINUOUS
10
0.3902893700787401
20
0.2942900787401575
11
0.3905886614173228
21
0.2945893700787401
0
LINE
8
BLACK
6
CONTINUOUS
10
0.3905886614173228
20
0.2945893700787401
11
0.3910267716535433
21
0.2947827952755905
0
LINE
8
BLACK
6
CONTINUOUS
10
0.3910267716535433
20
0.2947827952755905
11
0.3919867322834645
21
0.2954242519685039
0
LINE
8
BLACK
6
CONTINUOUS
10
0.3919867322834645
20
0.2954242519685039
11
0.3928833858267716
21
0.2956025984251968
0
LINE
8
BLACK
6
CONTINUOUS
10
0.3928833858267716
20
0.2956025984251968
11
0.3933411417322835
21
0.2958047244094488
0
LINE
8
BLACK
6
CONTINUOUS
10
0.3933411417322835
20
0.2958047244094488
11
0.3946809448818898
21
0.295960157480315
0
LINE
8
BLACK
6
CONTINUOUS
10
0.3946809448818898
20
0.295960157480315
11
0.395
21
0.2960236220472441
0
LINE
8
BLACK
6
CONTINUOUS
10
0.395
20
0.2960236220472441
11
0.545
21
0.2960236220472441
0
LINE
8
BLACK
6
CONTINUOUS
10
0.545
20
0.2960236220472441
11
0.5453191732283464
21
0.2959601181102362
0
LINE
8
BLACK
6
CONTINUOUS
10
0.7453191732283464
20
0.2959601181102362
11
0.7466588188976377
21
0.2958047244094488
0
LINE
8
BLACK
6
CONTINUOUS
10
0.7466588188976377
20
0.2958047244094488
11
0.7471164960629921
21
0.2956025984251968
0
LINE
8
BLACK
6
CONTINUOUS
10
0.7471164960629921
20
0.2956025984251968
11
0.7480132677165354
21
0.2954242519685039
0
LINE
8
BLACK
6
CONTINUOUS
10
0.7480132677165354
20
0.2954242519685039
11
0.7489732677165354
21
0.2947827559055118
0
LINE
8
BLACK
6
CONTINUOUS
10
0.7489732677165354
20
0.2947827559055118
11
0.7494112992125984
21
0.2945893700787401
0
LINE
8
BLACK
6
CONTINUOUS
10
0.7494112992125984
20
0.2945893700787401
11
0.7497104724409449
21
0.294290157480315
0
LINE
8
BLACK
6
CONTINUOUS
10
0.7497104724409449
20
0.294290157480315
11
0.7505677559055118
21
0.2937173622047244
0
LINE
8
BLACK
6
CONTINUOUS
10
0.7505677559055118
20
0.2937173622047244
11
0.7511405511811023
21
0.2928600787401575
0
LINE
8
BLACK
6
CONTINUOUS
10
0.7511405511811023
20
0.2928600787401575
11
0.7514397637795276
21
0.292560905511811
0
LINE
8
BLACK
6
CONTINUOUS
10
0.7514397637795276
20
0.292560905511811
11
0.7516331496062992
21
0.292122874015748
0
LINE
8
BLACK
6
CONTINUOUS
10
0.7516331496062992
20
0.292122874015748
11
0.7522746456692914
21
0.291162874015748
0
LINE
8
BLACK
6
CONTINUOUS
10
0.7522746456692914
20
0.291162874015748
11
0.7524529921259843
21
0.2902661023622047
0
LINE
8
BLACK
6
CONTINUOUS
10
0.7524529921259843
20
0.2902661023622047
11
0.7526551181102362
21
0.2898084251968504
0
LINE
8
BLACK
6
CONTINUOUS
10
0.7526551181102362
20
0.2898084251968504
11
0.7528105118110237
21
0.2884687007874016
0
LINE
8
BLACK
6
CONTINUOUS
10
0.7528105118110237
20
0.2884687007874016
11
0.7528740157480315
21
0.2881496062992126
0
LINE
8
BLACK
6
CONTINUOUS
10
0.7528740157480315
20
0.2881496062992126
11
0.7528740157480315
21
0.1381496062992126
0
LINE
8
BLACK
6
CONTINUOUS
10
0.7528740157480315
20
0.1381496062992126
11
0.7528105118110237
21
0.1378304724409449
0
LINE
8
BLACK
6
CONTINUOUS
10
0.7528105118110237
20
0.1378304724409449
11
0.7526551181102362
21
0.1364907480314961
0
LINE
8
BLACK
6
CONTINUOUS
10
0.7526551181102362
20
0.1364907480314961
11
0.7524529921259843
21
0.1360329921259842
0
LINE
8
BLACK
6
CONTINUOUS
10
0.7524529921259843
20
0.1360329921259842
11
0.7522746456692914
21
0.1351363385826772
0
LINE
8
BLACK
6
CONTINUOUS
10
0.7522746456692914
20
0.1351363385826772
11
0.751633188976378
21
0.1341763779527559
0
LINE
8
BLACK
6
CONTINUOUS
10
0.751633188976378
20
0.1341763779527559
11
0.7514397637795276
21
0.1337382677165354
0
LINE
8
BLACK
6
CONTINUOUS
10
0.7514397637795276
20
0.1337382677165354
11
0.7511404724409448
21
0.1334389763779527
0
LINE
8
BLACK
6
CONTINUOUS
10
0.7511404724409448
20
0.1334389763779527
11
0.7505677559055118
21
0.1325818503937008
0
LINE
8
BLACK
6
CONTINUOUS
10
0.7505677559055118
20
0.1325818503937008
11
0.7497105905511811
21
0.132009094488189
0
LINE
8
BLACK
6
CONTINUOUS
10
0.7497105905511811
20
0.132009094488189
11
0.7494112992125984
21
0.1317098031496063
0
LINE
8
BLACK
6
CONTINUOUS
10
0.7494112992125984
20
0.1317098031496063
11
0.7489731102362205
21
0.1315162992125984
0
LINE
8
BLACK
6
CONTINUOUS
10
0.7489731102362205
20
0.1315162992125984
11
0.7480132677165354
21
0.1308749606299213
0
LINE
8
BLACK
6
CONTINUOUS
10
0.7480132677165354
20
0.1308749606299213
11
0.7471166929133858
21
0.1306966141732283
0
LINE
8
BLACK
6
CONTINUOUS
10
0.7471166929133858
20
0.1306966141732283
11
0.7466588188976377
21
0.1304944488188976
0
LINE
8
BLACK
6
CONTINUOUS
10
0.7466588188976377
20
0.1304944488188976
11
0.7453186220472441
21
0.130338937007874
0
LINE
8
BLACK
6
CONTINUOUS
10
0.7453186220472441
20
0.130338937007874
11
0.745
21
0.1302755905511811
0
LINE
8
BLACK
6
CONTINUOUS
10
0.745
20
0.1302755905511811
11
0.7447723228346457
21
0.1302755905511811
0
LINE
8
BLACK
6
CONTINUOUS
10
0.7447723228346457
20
0.1302755905511811
11
0.595227716535433
21
0.1302755905511811
0
LINE
8
BLACK
6
CONTINUOUS
10
0.595227716535433
20
0.1302755905511811
11
0.595
21
0.1302755905511811
0
LINE
8
BLACK
6
CONTINUOUS
10
0.595
20
0.1302755905511811
11
0.5946813385826771
21
0.130338937007874
0
LINE
8
BLACK
6
CONTINUOUS
10
0.5946813385826771
20
0.130338937007874
11
0.5933411417322835
21
0.1304944488188976
0
LINE
8
BLACK
6
CONTINUOUS
10
0.5933411417322835
20
0.1304944488188976
11
0.5928832283464567
21
0.1306966141732283
0
LINE
8
BLACK
6
CONTINUOUS
10
0.5928832283464567
20
0.1306966141732283
11
0.5919867322834645
21
0.1308749606299213
0
LINE
8
BLACK
6
CONTINUOUS
10
0.5919867322834645
20
0.1308749606299213
11
0.5910269291338582
21
0.1315162598425197
0
LINE
8
BLACK
6
CONTINUOUS
10
0.5910269291338582
20
0.1315162598425197
11
0.5905886614173228
21
0.1317098031496063
0
LINE
8
BLACK
6
CONTINUOUS
10
0.5905886614173228
20
0.1317098031496063
11
0.5902892519685039
21
0.1320091732283465
0
LINE
8
BLACK
6
CONTINUOUS
10
0.5902892519685039
20
0.1320091732283465
11
0.5894322440944881
21
0.1325818503937008
0
LINE
8
BLACK
6
CONTINUOUS
10
0.5894322440944881
20
0.1325818503937008
11
0.5888595669291339
21
0.1334388582677165
0
LINE
8
BLACK
6
CONTINUOUS
10
0.5888595669291339
20
0.1334388582677165
11
0.5885601968503937
21
0.1337382677165354
0
LINE
8
BLACK
6
CONTINUOUS
10
0.5885601968503937
20
0.1337382677165354
11
0.5883666535433071
21
0.1341765354330709
0
LINE
8
BLACK
6
CONTINUOUS
10
0.5883666535433071
20
0.1341765354330709
11
0.5877253543307086
21
0.1351363385826772
0
LINE
8
BLACK
6
CONTINUOUS
10
0.5877253543307086
20
0.1351363385826772
11
0.5875470078740157
21
0.1360328346456693
0
LINE
8
BLACK
6
CONTINUOUS
10
0.5875470078740157
20
0.1360328346456693
11
0.587344842519685
21
0.1364907480314961
0
LINE
8
BLACK
6
CONTINUOUS
10
0.587344842519685
20
0.1364907480314961
11
0.5871893307086614
21
0.1378310236220472
0
LINE
8
BLACK
6
CONTINUOUS
10
0.5871893307086614
20
0.1378310236220472
11
0.5871259842519685
21
0.1381496062992126
0
LINE
8
BLACK
6
CONTINUOUS
10
0.5871259842519685
20
0.1381496062992126
11
0.5871259842519685
21
0.2881496062992126
0
LINE
8
BLACK
6
CONTINUOUS
10
0.5871259842519685
20
0.2881496062992126
11
0.5871893700787402
21
0.2884683070866141
0
LINE
8
BLACK
6
CONTINUOUS
10
0.5871893700787402
20
0.2884683070866141
11
0.587344842519685
21
0.2898084251968504
0
LINE
8
BLACK
6
CONTINUOUS
10
0.587344842519685
20
0.2898084251968504
11
0.5875470078740157
21
0.2902662992125984
0
LINE
8
BLACK
6
CONTINUOUS
10
0.5875470078740157
20
0.2902662992125984
11
0.5877253543307086
21
0.291162874015748
0
LINE
8
BLACK
6
CONTINUOUS
10
0.5877253543307086
20
0.291162874015748
11
0.5883666929133858
21
0.2921227165354331
0
LINE
8
BLACK
6
CONTINUOUS
10
0.5883666929133858
20
0.2921227165354331
11
0.5885601968503937
21
0.292560905511811
0
LINE
8
BLACK
6
CONTINUOUS
10
0.5885601968503937
20
0.292560905511811
11
0.5888594881889764
21
0.2928601968503937
0
LINE
8
BLACK
6
CONTINUOUS
10
0.5888594881889764
20
0.2928601968503937
11
0.5894322440944881
21
0.2937173622047244
0
LINE
8
BLACK
6
CONTINUOUS
10
0.5894322440944881
20
0.2937173622047244
11
0.5902893700787402
21
0.2942900787401575
0
LINE
8
BLACK
6
CONTINUOUS
10
0.5902893700787402
20
0.2942900787401575
11
0.5905886614173228
21
0.2945893700787401
0
LINE
8
BLACK
6
CONTINUOUS
10
0.5905886614173228
20
0.2945893700787401
11
0.5910267716535433
21
0.2947827952755905
0
LINE
8
BLACK
6
CONTINUOUS
10
0.5910267716535433
20
0.2947827952755905
11
0.5919867322834645
21
0.2954242519685039
0
LINE
8
BLACK
6
CONTINUOUS
10
0.5919867322834645
20
0.2954242519685039
11
0.5928833858267717
21
0.2956025984251968
0
LINE
8
BLACK
6
CONTINUOUS
10
0.5928833858267717
20
0.2956025984251968
11
0.5933411417322835
21
0.2958047244094488
0
LINE
8
BLACK
6
CONTINUOUS
10
0.5933411417322835
20
0.2958047244094488
11
0.5946809448818897
21
0.295960157480315
0
LINE
8
BLACK
6
CONTINUOUS
10
0.5946809448818897
20
0.295960157480315
11
0.595
21
0.2960236220472441
0
LINE
8
BLACK
6
CONTINUOUS
10
0.595
20
0.2960236220472441
11
0.745
21
0.2960236220472441
0
LINE
8
BLACK
6
CONTINUOUS
10
0.745
20
0.2960236220472441
11
0.7453191732283464
21
0.2959601181102362
0
LINE
8
BLACK
6
CONTINUOUS
10
0.8803191732283464
20
0.2778105118110236
11
0.8816588188976378
21
0.2776551181102362
0
LINE
8
BLACK
6
CONTINUOUS
10
0.8816588188976378
20
0.2776551181102362
11
0.8821164960629921
21
0.2774529921259842
0
LINE
8
BLACK
6
CONTINUOUS
10
0.8821164960629921
20
0.2774529921259842
11
0.8830132677165354
21
0.2772746456692913
0
LINE
8
BLACK
6
CONTINUOUS
10
0.8830132677165354
20
0.2772746456692913
11
0.8839732677165354
21
0.2766331496062992
0
LINE
8
BLACK
6
CONTINUOUS
10
0.8839732677165354
20
0.2766331496062992
11
0.8844112992125984
21
0.2764397637795276
0
LINE
8
BLACK
6
CONTINUOUS
10
0.8844112992125984
20
0.2764397637795276
11
0.8847104724409449
21
0.2761405511811024
0
LINE
8
BLACK
6
CONTINUOUS
10
0.8847104724409449
20
0.2761405511811024
11
0.8855677559055118
21
0.2755677559055118
0
LINE
8
BLACK
6
CONTINUOUS
10
0.8855677559055118
20
0.2755677559055118
11
0.8861405511811024
21
0.2747104724409449
0
LINE
8
BLACK
6
CONTINUOUS
10
0.8861405511811024
20
0.2747104724409449
11
0.8864397637795275
21
0.2744112992125984
0
LINE
8
BLACK
6
CONTINUOUS
10
0.8864397637795275
20
0.2744112992125984
11
0.8866331496062992
21
0.2739732677165354
0
LINE
8
BLACK
6
CONTINUOUS
10
0.8866331496062992
20
0.2739732677165354
11
0.8872746456692914
21
0.2730132677165354
0
LINE
8
BLACK
6
CONTINUOUS
10
0.8872746456692914
20
0.2730132677165354
11
0.8874529921259843
21
0.2721164960629921
0
LINE
8
BLACK
6
CONTINUOUS
10
0.8874529921259843
20
0.2721164960629921
11
0.8876551181102362
21
0.2716588188976378
0
LINE
8
BLACK
6
CONTINUOUS
10
0.8876551181102362
20
0.2716588188976378
11
0.8878105118110236
21
0.270319094488189
0
LINE
8
BLACK
6
CONTINUOUS
10
0.8878105118110236
20
0.270319094488189
11
0.8878740157480315
21
0.27
0
LINE
8
BLACK
6
CONTINUOUS
10
0.8878740157480315
20
0.27
11
0.8878740157480315
21
0.21
0
LINE
8
BLACK
6
CONTINUOUS
10
0.8878740157480315
20
0.21
11
0.8878105118110236
21
0.2096808661417323
0
LINE
8
BLACK
6
CONTINUOUS
10
0.8878105118110236
20
0.2096808661417323
11
0.8876551181102362
21
0.2083411417322835
0
LINE
8
BLACK
6
CONTINUOUS
10
0.8876551181102362
20
0.2083411417322835
11
0.8874529921259843
21
0.2078833858267717
0
LINE
8
BLACK
6
CONTINUOUS
10
0.8874529921259843
20
0.2078833858267717
11
0.8872746456692914
21
0.2069867322834646
0
LINE
8
BLACK
6
CONTINUOUS
10
0.8872746456692914
20
0.2069867322834646
11
0.8866331889763779
21
0.2060267716535433
0
LINE
8
BLACK
6
CONTINUOUS
10
0.8866331889763779
20
0.2060267716535433
11
0.8864397637795275
21
0.2055886614173228
0
LINE
8
BLACK
6
CONTINUOUS
10
0.8864397637795275
20
0.2055886614173228
11
0.8861404724409448
21
0.2052893700787402
0
LINE
8
BLACK
6
CONTINUOUS
10
0.8861404724409448
20
0.2052893700787402
11
0.8855677559055118
21
0.2044322440944882
0
LINE
8
BLACK
6
CONTINUOUS
10
0.8855677559055118
20
0.2044322440944882
11
0.8847105905511811
21
0.2038594881889764
0
LINE
8
BLACK
6
CONTINUOUS
10
0.8847105905511811
20
0.2038594881889764
11
0.8844112992125984
21
0.2035601968503937
0
LINE
8
BLACK
6
CONTINUOUS
10
0.8844112992125984
20
0.2035601968503937
11
0.8839731102362205
21
0.2033666929133858
0
LINE
8
BLACK
6
CONTINUOUS
10
0.8839731102362205
20
0.2033666929133858
11
0.8830132677165354
21
0.2027253543307087
0
LINE
8
BLACK
6
CONTINUOUS
10
0.8830132677165354
20
0.2027253543307087
11
0.8821166929133858
21
0.2025470078740157
0
LINE
8
BLACK
6
CONTINUOUS
10
0.8821166929133858
20
0.2025470078740157
11
0.8816588188976378
21
0.202344842519685
0
LINE
8
BLACK
6
CONTINUOUS
10
0.8816588188976378
20
0.202344842519685
11
0.8803186220472441
21
0.2021893307086614
0
LINE
8
BLACK
6
CONTINUOUS
10
0.8803186220472441
20
0.2021893307086614
11
0.88
21
0.2021259842519685
0
LINE
8
BLACK
6
CONTINUOUS
10
0.88
20
0.2021259842519685
11
0.8797723228346457
21
0.2021259842519685
0
LINE
8
BLACK
6
CONTINUOUS
10
0.8797723228346457
20
0.2021259842519685
11
0.820227716535433
21
0.2021259842519685
0
LINE
8
BLACK
6
CONTINUOUS
10
0.820227716535433
20
0.2021259842519685
11
0.82
21
0.2021259842519685
0
LINE
8
BLACK
6
CONTINUOUS
10
0.82
20
0.2021259842519685
11
0.8196813385826771
21
0.2021893307086614
0
LINE
8
BLACK
6
CONTINUOUS
10
0.8196813385826771
20
0.2021893307086614
11
0.8183411417322835
21
0.202344842519685
0
LINE
8
BLACK
6
CONTINUOUS
10
0.8183411417322835
20
0.202344842519685
11
0.8178832283464567
21
0.2025470078740157
0
LINE
8
BLACK
6
CONTINUOUS
10
0.8178832283464567
20
0.2025470078740157
11
0.8169867322834645
21
0.2027253543307087
0
LINE
8
BLACK
6
CONTINUOUS
10
0.8169867322834645
20
0.2027253543307087
11
0.8160269291338582
21
0.2033666535433071
0
LINE
8
BLACK
6
CONTINUOUS
10
0.8160269291338582
20
0.2033666535433071
11
0.8155886614173228
21
0.2035601968503937
0
LINE
8
BLACK
6
CONTINUOUS
10
0.8155886614173228
20
0.2035601968503937
11
0.8152892519685039
21
0.2038595669291338
0
LINE
8
BLACK
6
CONTINUOUS
10
0.8152892519685039
20
0.2038595669291338
11
0.8144322440944882
21
0.2044322440944882
0
LINE
8
BLACK
6
CONTINUOUS
10
0.8144322440944882
20
0.2044322440944882
11
0.8138595669291339
21
0.2052892519685039
0
LINE
8
BLACK
6
CONTINUOUS
10
0.8138595669291339
20
0.2052892519685039
11
0.8135601968503937
21
0.2055886614173228
0
LINE
8
BLACK
6
CONTINUOUS
10
0.8135601968503937
20
0.2055886614173228
11
0.8133666535433071
21
0.2060269291338583
0
LINE
8
BLACK
6
CONTINUOUS
10
0.8133666535433071
20
0.2060269291338583
11
0.8127253543307087
21
0.2069867322834646
0
LINE
8
BLACK
6
CONTINUOUS
10
0.8127253543307087
20
0.2069867322834646
11
0.8125470078740157
21
0.2078832283464567
0
LINE
8
BLACK
6
CONTINUOUS
10
0.8125470078740157
20
0.2078832283464567
11
0.812344842519685
21
0.2083411417322835
0
LINE
8
BLACK
6
CONTINUOUS
10
0.812344842519685
20
0.2083411417322835
11
0.8121893307086614
21
0.2096814173228346
0
LINE
8
BLACK
6
CONTINUOUS
10
0.8121893307086614
20
0.2096814173228346
11
0.8121259842519685
21
0.21
0
LINE
8
BLACK
6
CONTINUOUS
10
0.8121259842519685
20
0.21
11
0.8121259842519685
21
0.27
0
LINE
8
BLACK
6
CONTINUOUS
10
0.8121259842519685
20
0.27
11
0.8121893700787401
21
0.2703187007874016
0
LINE
8
BLACK
6
CONTINUOUS
10
0.8121893700787401
20
0.2703187007874016
11
0.812344842519685
21
0.2716588188976378
0
LINE
8
BLACK
6
CONTINUOUS
10
0.812344842519685
20
0.2716588188976378
11
0.8125470078740157
21
0.2721166929133858
0
LINE
8
BLACK
6
CONTINUOUS
10
0.8125470078740157
20
0.2721166929133858
11
0.8127253543307087
21
0.2730132677165354
0
LINE
8
BLACK
6
CONTINUOUS
10
0.8127253543307087
20
0.2730132677165354
11
0.8133666929133858
21
0.2739731102362205
0
LINE
8
BLACK
6
CONTINUOUS
10
0.8133666929133858
20
0.2739731102362205
11
0.8135601968503937
21
0.2744112992125984
0
LINE
8
BLACK
6
CONTINUOUS
10
0.8135601968503937
20
0.2744112992125984
11
0.8138594881889764
21
0.2747105905511811
0
LINE
8
BLACK
6
CONTINUOUS
10
0.8138594881889764
20
0.2747105905511811
11
0.8144322440944882
21
0.2755677559055118
0
LINE
8
BLACK
6
CONTINUOUS
10
0.8144322440944882
20
0.2755677559055118
11
0.8152893700787401
21
0.2761404724409449
0
LINE
8
BLACK
6
CONTINUOUS
10
0.8152893700787401
20
0.2761404724409449
11
0.8155886614173228
21
0.2764397637795276
0
LINE
8
BLACK
6
CONTINUOUS
10
0.8155886614173228
20
0.2764397637795276
11
0.8160267716535433
21
0.276633188976378
0
LINE
8
BLACK
6
CONTINUOUS
10
0.8160267716535433
20
0.276633188976378
11
0.8169867322834645
21
0.2772746456692913
0
LINE
8
BLACK
6
CONTINUOUS
10
0.8169867322834645
20
0.2772746456692913
11
0.8178833858267717
21
0.2774529921259842
0
LINE
8
BLACK
6
CONTINUOUS
10
0.8178833858267717
20
0.2774529921259842
11
0.8183411417322835
21
0.2776551181102362
0
LINE
8
BLACK
6
CONTINUOUS
10
0.8183411417322835
20
0.2776551181102362
11
0.8196809448818897
21
0.2778105511811024
0
LINE
8
BLACK
6
CONTINUOUS
10
0.8196809448818897
20
0.2778105511811024
11
0.82
21
0.2778740157480315
0
LINE
8
BLACK
6
CONTINUOUS
10
0.82
20
0.2778740157480315
11
0.88
21
0.2778740157480315
0
LINE
8
BLACK
6
CONTINUOUS
10
0.88
20
0.2778740157480315
11
0.8803191732283464
21
0.2778105118110236
0
LINE
8
BLACK
6
CONTINUOUS
10
0.9803191732283464
20
0.2778105118110236
11
0.9816588188976377
21
0.2776551181102362
0
LINE
8
BLACK
6
CONTINUOUS
10
0.9816588188976377
20
0.2776551181102362
11
0.9821164960629921
21
0.2774529921259842
0
LINE
8
BLACK
6
CONTINUOUS
10
0.9821164960629921
20
0.2774529921259842
11
0.9830132677165354
21
0.2772746456692913
0
LINE
8
BLACK
6
CONTINUOUS
10
0.9830132677165354
20
0.2772746456692913
11
0.9839732677165354
21
0.2766331496062992
0
LINE
8
BLACK
6
CONTINUOUS
10
0.9839732677165354
20
0.2766331496062992
11
0.9844112992125984
21
0.2764397637795276
0
LINE
8
BLACK
6
CONTINUOUS
10
0.9844112992125984
20
0.2764397637795276
11
0.9847104724409449
21
0.2761405511811024
0
LINE
8
BLACK
6
CONTINUOUS
10
0.9847104724409449
20
0.2761405511811024
11
0.9855677559055118
21
0.2755677559055118
0
LINE
8
BLACK
6
CONTINUOUS
10
0.9855677559055118
20
0.2755677559055118
11
0.9861405511811023
21
0.2747104724409449
0
LINE
8
BLACK
6
CONTINUOUS
10
0.9861405511811023
20
0.2747104724409449
11
0.9864397637795276
21
0.2744112992125984
0
LINE
8
BLACK
6
CONTINUOUS
10
0.9864397637795276
20
0.2744112992125984
11
0.9866331496062992
21
0.2739732677165354
0
LINE
8
BLACK
6
CONTINUOUS
10
0.9866331496062992
20
0.2739732677165354
11
0.9872746456692914
21
0.2730132677165354
0
LINE
8
BLACK
6
CONTINUOUS
10
0.9872746456692914
20
0.2730132677165354
11
0.9874529921259843
21
0.2721164960629921
0
LINE
8
BLACK
6
CONTINUOUS
10
0.9874529921259843
20
0.2721164960629921
11
0.9876551181102362
21
0.2716588188976378
0
LINE
8
BLACK
6
CONTINUOUS
10
0.9876551181102362
20
0.2716588188976378
11
0.9878105118110236
21
0.270319094488189
0
LINE
8
BLACK
6
CONTINUOUS
10
0.9878105118110236
20
0.270319094488189
11
0.9878740157480315
21
0.27
0
LINE
8
BLACK
6
CONTINUOUS
10
0.9878740157480315
20
0.27
11
0.9878740157480315
21
0.21
0
LINE
8
BLACK
6
CONTINUOUS
10
0.9878740157480315
20
0.21
11
0.9878105118110236
21
0.2096808661417323
0
LINE
8
BLACK
6
CONTINUOUS
10
0.9878105118110236
20
0.2096808661417323
11
0.9876551181102362
21
0.2083411417322835
0
LINE
8
BLACK
6
CONTINUOUS
10
0.9876551181102362
20
0.2083411417322835
11
0.9874529921259843
21
0.2078833858267717
0
LINE
8
BLACK
6
CONTINUOUS
10
0.9874529921259843
20
0.2078833858267717
11
0.9872746456692914
21
0.2069867322834646
0
LINE
8
BLACK
6
CONTINUOUS
10
0.9872746456692914
20
0.2069867322834646
11
0.986633188976378
21
0.2060267716535433
0
LINE
8
BLACK
6
CONTINUOUS
10
0.986633188976378
20
0.2060267716535433
11
0.9864397637795276
21
0.2055886614173228
0
LINE
8
BLACK
6
CONTINUOUS
10
0.9864397637795276
20
0.2055886614173228
11
0.9861404724409448
21
0.2052893700787402
0
LINE
8
BLACK
6
CONTINUOUS
10
0.9861404724409448
20
0.2052893700787402
11
0.9855677559055118
21
0.2044322440944882
0
LINE
8
BLACK
6
CONTINUOUS
10
0.9855677559055118
20
0.2044322440944882
11
0.984710590551181
21
0.2038594881889764
0
LINE
8
BLACK
6
CONTINUOUS
10
0.984710590551181
20
0.2038594881889764
11
0.9844112992125984
21
0.2035601968503937
0
LINE
8
BLACK
6
CONTINUOUS
10
0.9844112992125984
20
0.2035601968503937
11
0.9839731102362205
21
0.2033666929133858
0
LINE
8
BLACK
6
CONTINUOUS
10
0.9839731102362205
20
0.2033666929133858
11
0.9830132677165354
21
0.2027253543307087
0
LINE
8
BLACK
6
CONTINUOUS
10
0.9830132677165354
20
0.2027253543307087
11
0.9821166929133858
21
0.2025470078740157
0
LINE
8
BLACK
6
CONTINUOUS
10
0.9821166929133858
20
0.2025470078740157
11
0.9816588188976377
21
0.202344842519685
0
LINE
8
BLACK
6
CONTINUOUS
10
0.9816588188976377
20
0.202344842519685
11
0.9803186220472441
21
0.2021893307086614
0
LINE
8
BLACK
6
CONTINUOUS
10
0.9803186220472441
20
0.2021893307086614
11
0.98
21
0.2021259842519685
0
LINE
8
BLACK
6
CONTINUOUS
10
0.98
20
0.2021259842519685
11
0.9797723228346457
21
0.2021259842519685
0
LINE
8
BLACK
6
CONTINUOUS
10
0.9797723228346457
20
0.2021259842519685
11
0.920227716535433
21
0.2021259842519685
0
LINE
8
BLACK
6
CONTINUOUS
10
0.920227716535433
20
0.2021259842519685
11
0.9199999999999999
21
0.2021259842519685
0
LINE
8
BLACK
6
CONTINUOUS
10
0.9199999999999999
20
0.2021259842519685
11
0.9196813385826772
21
0.2021893307086614
0
LINE
8
BLACK
6
CONTINUOUS
10
0.9196813385826772
20
0.2021893307086614
11
0.9183411417322834
21
0.202344842519685
0
LINE
8
BLACK
6
CONTINUOUS
10
0.9183411417322834
20
0.202344842519685
11
0.9178832283464566
21
0.2025470078740157
0
LINE
8
BLACK
6
CONTINUOUS
10
0.9178832283464566
20
0.2025470078740157
11
0.9169867322834645
21
0.2027253543307087
0
LINE
8
BLACK
6
CONTINUOUS
10
0.9169867322834645
20
0.2027253543307087
11
0.9160269291338582
21
0.2033666535433071
0
LINE
8
BLACK
6
CONTINUOUS
10
0.9160269291338582
20
0.2033666535433071
11
0.9155886614173229
21
0.2035601968503937
0
LINE
8
BLACK
6
CONTINUOUS
10
0.9155886614173229
20
0.2035601968503937
11
0.915289251968504
21
0.2038595669291338
0
LINE
8
BLACK
6
CONTINUOUS
10
0.915289251968504
20
0.2038595669291338
11
0.9144322440944882
21
0.2044322440944882
0
LINE
8
BLACK
6
CONTINUOUS
10
0.9144322440944882
20
0.2044322440944882
11
0.9138595669291338
21
0.2052892519685039
0
LINE
8
BLACK
6
CONTINUOUS
10
0.9138595669291338
20
0.2052892519685039
11
0.9135601968503937
21
0.2055886614173228
0
LINE
8
BLACK
6
CONTINUOUS
10
0.9135601968503937
20
0.2055886614173228
11
0.913366653543307
21
0.2060269291338583
0
LINE
8
BLACK
6
CONTINUOUS
10
0.913366653543307
20
0.2060269291338583
11
0.9127253543307087
21
0.2069867322834646
0
LINE
8
BLACK
6
CONTINUOUS
10
0.9127253543307087
20
0.2069867322834646
11
0.9125470078740158
21
0.2078832283464567
0
LINE
8
BLACK
6
CONTINUOUS
10
0.9125470078740158
20
0.2078832283464567
11
0.9123448425196851
21
0.2083411417322835
0
LINE
8
BLACK
6
CONTINUOUS
10
0.9123448425196851
20
0.2083411417322835
11
0.9121893307086614
21
0.2096814173228346
0
LINE
8
BLACK
6
CONTINUOUS
10
0.9121893307086614
20
0.2096814173228346
11
0.9121259842519684
21
0.21
0
LINE
8
BLACK
6
CONTINUOUS
10
0.9121259842519684
20
0.21
11
0.9121259842519684
21
0.27
0
LINE
8
BLACK
6
CONTINUOUS
10
0.9121259842519684
20
0.27
11
0.9121893700787401
21
0.2703187007874016
0
LINE
8
BLACK
6
CONTINUOUS
10
0.9121893700787401
20
0.2703187007874016
11
0.9123448425196851
21
0.2716588188976378
0
LINE
8
BLACK
6
CONTINUOUS
10
0.9123448425196851
20
0.2716588188976378
11
0.9125470078740158
21
0.2721166929133858
0
LINE
8
BLACK
6
CONTINUOUS
10
0.9125470078740158
20
0.2721166929133858
11
0.9127253543307087
21
0.2730132677165354
0
LINE
8
BLACK
6
CONTINUOUS
10
0.9127253543307087
20
0.2730132677165354
11
0.9133666929133858
21
0.2739731102362205
0
LINE
8
BLACK
6
CONTINUOUS
10
0.9133666929133858
20
0.2739731102362205
11
0.9135601968503937
21
0.2744112992125984
0
LINE
8
BLACK
6
CONTINUOUS
10
0.9135601968503937
20
0.2744112992125984
11
0.9138594881889763
21
0.2747105905511811
0
LINE
8
BLACK
6
CONTINUOUS
10
0.9138594881889763
20
0.2747105905511811
11
0.9144322440944882
21
0.2755677559055118
0
LINE
8
BLACK
6
CONTINUOUS
10
0.9144322440944882
20
0.2755677559055118
11
0.9152893700787401
21
0.2761404724409449
0
LINE
8
BLACK
6
CONTINUOUS
10
0.9152893700787401
20
0.2761404724409449
11
0.9155886614173229
21
0.2764397637795276
0
LINE
8
BLACK
6
CONTINUOUS
10
0.9155886614173229
20
0.2764397637795276
11
0.9160267716535433
21
0.276633188976378
0
LINE
8
BLACK
6
CONTINUOUS
10
0.9160267716535433
20
0.276633188976378
11
0.9169867322834645
21
0.2772746456692913
0
LINE
8
BLACK
6
CONTINUOUS
10
0.9169867322834645
20
0.2772746456692913
11
0.9178833858267716
21
0.2774529921259842
0
LINE
8
BLACK
6
CONTINUOUS
10
0.9178833858267716
20
0.2774529921259842
11
0.9183411417322834
21
0.2776551181102362
0
LINE
8
BLACK
6
CONTINUOUS
10
0.9183411417322834
20
0.2776551181102362
11
0.9196809448818898
21
0.2778105511811024
0
LINE
8
BLACK
6
CONTINUOUS
10
0.9196809448818898
20
0.2778105511811024
11
0.9199999999999999
21
0.2778740157480315
0
LINE
8
BLACK
6
CONTINUOUS
10
0.9199999999999999
20
0.2778740157480315
11
0.98
21
0.2778740157480315
0
LINE
8
BLACK
6
CONTINUOUS
10
0.98
20
0.2778740157480315
11
0.9803191732283464
21
0.2778105118110236
0
LINE
8
BLACK
6
CONTINUOUS
10
1.0803191732283464
20
0.2778105118110236
11
1.0816588188976377
21
0.2776551181102362
0
LINE
8
BLACK
6
CONTINUOUS
10
1.0816588188976377
20
0.2776551181102362
11
1.0821164960629921
21
0.2774529921259842
0
LINE
8
BLACK
6
CONTINUOUS
10
1.0821164960629921
20
0.2774529921259842
11
1.0830132677165354
21
0.2772746456692913
0
LINE
8
BLACK
6
CONTINUOUS
10
1.0830132677165354
20
0.2772746456692913
11
1.0839732677165355
21
0.2766331496062992
0
LINE
8
BLACK
6
CONTINUOUS
10
1.0839732677165355
20
0.2766331496062992
11
1.0844112992125985
21
0.2764397637795276
0
LINE
8
BLACK
6
CONTINUOUS
10
1.0844112992125985
20
0.2764397637795276
11
1.0847104724409449
21
0.2761405511811024
0
LINE
8
BLACK
6
CONTINUOUS
10
1.0847104724409449
20
0.2761405511811024
11
1.0855677559055117
21
0.2755677559055118
0
LINE
8
BLACK
6
CONTINUOUS
10
1.0855677559055117
20
0.2755677559055118
11
1.0861405511811024
21
0.2747104724409449
0
LINE
8
BLACK
6
CONTINUOUS
10
1.0861405511811024
20
0.2747104724409449
11
1.0864397637795276
21
0.2744112992125984
0
LINE
8
BLACK
6
CONTINUOUS
10
1.0864397637795276
20
0.2744112992125984
11
1.0866331496062991
21
0.2739732677165354
0
LINE
8
BLACK
6
CONTINUOUS
10
1.0866331496062991
20
0.2739732677165354
11
1.0872746456692912
21
0.2730132677165354
0
LINE
8
BLACK
6
CONTINUOUS
10
1.0872746456692912
20
0.2730132677165354
11
1.0874529921259841
21
0.2721164960629921
0
LINE
8
BLACK
6
CONTINUOUS
10
1.0874529921259841
20
0.2721164960629921
11
1.0876551181102363
21
0.2716588188976378
0
LINE
8
BLACK
6
CONTINUOUS
10
1.0876551181102363
20
0.2716588188976378
11
1.0878105118110235
21
0.270319094488189
0
LINE
8
BLACK
6
CONTINUOUS
10
1.0878105118110235
20
0.270319094488189
11
1.0878740157480316
21
0.27
0
LINE
8
BLACK
6
CONTINUOUS
10
1.0878740157480316
20
0.27
11
1.0878740157480316
21
0.21
0
LINE
8
BLACK
6
CONTINUOUS
10
1.0878740157480316
20
0.21
11
1.0878105118110235
21
0.2096808661417323
0
LINE
8
BLACK
6
CONTINUOUS
10
1.0878105118110235
20
0.2096808661417323
11
1.0876551181102363
21
0.2083411417322835
0
LINE
8
BLACK
6
CONTINUOUS
10
1.0876551181102363
20
0.2083411417322835
11
1.0874529921259841
21
0.2078833858267717
0
LINE
8
BLACK
6
CONTINUOUS
10
1.0874529921259841
20
0.2078833858267717
11
1.0872746456692912
21
0.2069867322834646
0
LINE
8
BLACK
6
CONTINUOUS
10
1.0872746456692912
20
0.2069867322834646
11
1.0866331889763778
21
0.2060267716535433
0
LINE
8
BLACK
6
CONTINUOUS
10
1.0866331889763778
20
0.2060267716535433
11
1.0864397637795276
21
0.2055886614173228
0
LINE
8
BLACK
6
CONTINUOUS
10
1.0864397637795276
20
0.2055886614173228
11
1.0861404724409449
21
0.2052893700787402
0
LINE
8
BLACK
6
CONTINUOUS
10
1.0861404724409449
20
0.2052893700787402
11
1.0855677559055117
21
0.2044322440944882
0
LINE
8
BLACK
6
CONTINUOUS
10
1.0855677559055117
20
0.2044322440944882
11
1.0847105905511811
21
0.2038594881889764
0
LINE
8
BLACK
6
CONTINUOUS
10
1.0847105905511811
20
0.2038594881889764
11
1.0844112992125985
21
0.2035601968503937
0
LINE
8
BLACK
6
CONTINUOUS
10
1.0844112992125985
20
0.2035601968503937
11
1.0839731102362204
21
0.2033666929133858
0
LINE
8
BLACK
6
CONTINUOUS
10
1.0839731102362204
20
0.2033666929133858
11
1.0830132677165354
21
0.2027253543307087
0
LINE
8
BLACK
6
CONTINUOUS
10
1.0830132677165354
20
0.2027253543307087
11
1.0821166929133859
21
0.2025470078740157
0
LINE
8
BLACK
6
CONTINUOUS
10
1.0821166929133859
20
0.2025470078740157
11
1.0816588188976377
21
0.202344842519685
0
LINE
8
BLACK
6
CONTINUOUS
10
1.0816588188976377
20
0.202344842519685
11
1.080318622047244
21
0.2021893307086614
0
LINE
8
BLACK
6
CONTINUOUS
10
1.080318622047244
20
0.2021893307086614
11
1.0800000000000001
21
0.2021259842519685
0
LINE
8
BLACK
6
CONTINUOUS
10
1.0800000000000001
20
0.2021259842519685
11
1.0797723228346456
21
0.2021259842519685
0
LINE
8
BLACK
6
CONTINUOUS
10
1.0797723228346456
20
0.2021259842519685
11
1.020227716535433
21
0.2021259842519685
0
LINE
8
BLACK
6
CONTINUOUS
10
1.020227716535433
20
0.2021259842519685
11
1.02
21
0.2021259842519685
0
LINE
8
BLACK
6
CONTINUOUS
10
1.02
20
0.2021259842519685
11
1.0196813385826771
21
0.2021893307086614
0
LINE
8
BLACK
6
CONTINUOUS
10
1.0196813385826771
20
0.2021893307086614
11
1.0183411417322834
21
0.202344842519685
0
LINE
8
BLACK
6
CONTINUOUS
10
1.0183411417322834
20
0.202344842519685
11
1.0178832283464567
21
0.2025470078740157
0
LINE
8
BLACK
6
CONTINUOUS
10
1.0178832283464567
20
0.2025470078740157
11
1.0169867322834645
21
0.2027253543307087
0
LINE
8
BLACK
6
CONTINUOUS
10
1.0169867322834645
20
0.2027253543307087
11
1.0160269291338582
21
0.2033666535433071
0
LINE
8
BLACK
6
CONTINUOUS
10
1.0160269291338582
20
0.2033666535433071
11
1.0155886614173228
21
0.2035601968503937
0
LINE
8
BLACK
6
CONTINUOUS
10
1.0155886614173228
20
0.2035601968503937
11
1.0152892519685039
21
0.2038595669291338
0
LINE
8
BLACK
6
CONTINUOUS
10
1.0152892519685039
20
0.2038595669291338
11
1.0144322440944882
21
0.2044322440944882
0
LINE
8
BLACK
6
CONTINUOUS
10
1.0144322440944882
20
0.2044322440944882
11
1.0138595669291339
21
0.2052892519685039
0
LINE
8
BLACK
6
CONTINUOUS
10
1.0138595669291339
20
0.2052892519685039
11
1.0135601968503938
21
0.2055886614173228
0
LINE
8
BLACK
6
CONTINUOUS
10
1.0135601968503938
20
0.2055886614173228
11
1.013366653543307
21
0.2060269291338583
0
LINE
8
BLACK
6
CONTINUOUS
10
1.013366653543307
20
0.2060269291338583
11
1.0127253543307086
21
0.2069867322834646
0
LINE
8
BLACK
6
CONTINUOUS
10
1.0127253543307086
20
0.2069867322834646
11
1.0125470078740157
21
0.2078832283464567
0
LINE
8
BLACK
6
CONTINUOUS
10
1.0125470078740157
20
0.2078832283464567
11
1.012344842519685
21
0.2083411417322835
0
LINE
8
BLACK
6
CONTINUOUS
10
1.012344842519685
20
0.2083411417322835
11
1.0121893307086614
21
0.2096814173228346
0
LINE
8
BLACK
6
CONTINUOUS
10
1.0121893307086614
20
0.2096814173228346
11
1.0121259842519685
21
0.21
0
LINE
8
BLACK
6
CONTINUOUS
10
1.0121259842519685
20
0.21
11
1.0121259842519685
21
0.27
0
LINE
8
BLACK
6
CONTINUOUS
10
1.0121259842519685
20
0.27
11
1.0121893700787401
21
0.2703187007874016
0
LINE
8
BLACK
6
CONTINUOUS
10
1.0121893700787401
20
0.2703187007874016
11
1.012344842519685
21
0.2716588188976378
0
LINE
8
BLACK
6
CONTINUOUS
10
1.012344842519685
20
0.2716588188976378
11
1.0125470078740157
21
0.2721166929133858
0
LINE
8
BLACK
6
CONTINUOUS
10
1.0125470078740157
20
0.2721166929133858
11
1.0127253543307086
21
0.2730132677165354
0
LINE
8
BLACK
6
CONTINUOUS
10
1.0127253543307086
20
0.2730132677165354
11
1.0133666929133858
21
0.2739731102362205
0
LINE
8
BLACK
6
CONTINUOUS
10
1.0133666929133858
20
0.2739731102362205
11
1.0135601968503938
21
0.2744112992125984
0
LINE
8
BLACK
6
CONTINUOUS
10
1.0135601968503938
20
0.2744112992125984
11
1.0138594881889764
21
0.2747105905511811
0
LINE
8
BLACK
6
CONTINUOUS
10
1.0138594881889764
20
0.2747105905511811
11
1.0144322440944882
21
0.2755677559055118
0
LINE
8
BLACK
6
CONTINUOUS
10
1.0144322440944882
20
0.2755677559055118
11
1.0152893700787402
21
0.2761404724409449
0
LINE
8
BLACK
6
CONTINUOUS
10
1.0152893700787402
20
0.2761404724409449
11
1.0155886614173228
21
0.2764397637795276
0
LINE
8
BLACK
6
CONTINUOUS
10
1.0155886614173228
20
0.2764397637795276
11
1.0160267716535434
21
0.276633188976378
0
LINE
8
BLACK
6
CONTINUOUS
10
1.0160267716535434
20
0.276633188976378
11
1.0169867322834645
21
0.2772746456692913
0
LINE
8
BLACK
6
CONTINUOUS
10
1.0169867322834645
20
0.2772746456692913
11
1.0178833858267717
21
0.2774529921259842
0
LINE
8
BLACK
6
CONTINUOUS
10
1.0178833858267717
20
0.2774529921259842
11
1.0183411417322834
21
0.2776551181102362
0
LINE
8
BLACK
6
CONTINUOUS
10
1.0183411417322834
20
0.2776551181102362
11
1.0196809448818898
21
0.2778105511811024
0
LINE
8
BLACK
6
CONTINUOUS
10
1.0196809448818898
20
0.2778105511811024
11
1.02
21
0.2778740157480315
0
LINE
8
BLACK
6
CONTINUOUS
10
1.02
20
0.2778740157480315
11
1.0800000000000001
21
0.2778740157480315
0
LINE
8
BLACK
6
CONTINUOUS
10
1.0800000000000001
20
0.2778740157480315
11
1.0803191732283464
21
0.2778105118110236
0
LINE
8
BLACK
6
CONTINUOUS
10
1.1803191732283465
20
0.2778105118110236
11
1.1816588188976378
21
0.2776551181102362
0
LINE
8
BLACK
6
CONTINUOUS
10
1.1816588188976378
20
0.2776551181102362
11
1.1821164960629922
21
0.2774529921259842
0
LINE
8
BLACK
6
CONTINUOUS
10
1.1821164960629922
20
0.2774529921259842
11
1.1830132677165355
21
0.2772746456692913
0
LINE
8
BLACK
6
CONTINUOUS
10
1.1830132677165355
20
0.2772746456692913
11
1.1839732677165353
21
0.2766331496062992
0
LINE
8
BLACK
6
CONTINUOUS
10
1.1839732677165353
20
0.2766331496062992
11
1.1844112992125984
21
0.2764397637795276
0
LINE
8
BLACK
6
CONTINUOUS
10
1.1844112992125984
20
0.2764397637795276
11
1.184710472440945
21
0.2761405511811024
0
LINE
8
BLACK
6
CONTINUOUS
10
1.184710472440945
20
0.2761405511811024
11
1.1855677559055118
21
0.2755677559055118
0
LINE
8
BLACK
6
CONTINUOUS
10
1.1855677559055118
20
0.2755677559055118
11
1.1861405511811023
21
0.2747104724409449
0
LINE
8
BLACK
6
CONTINUOUS
10
1.1861405511811023
20
0.2747104724409449
11
1.1864397637795274
21
0.2744112992125984
0
LINE
8
BLACK
6
CONTINUOUS
10
1.1864397637795274
20
0.2744112992125984
11
1.1866331496062992
21
0.2739732677165354
0
LINE
8
BLACK
6
CONTINUOUS
10
1.1866331496062992
20
0.2739732677165354
11
1.1872746456692913
21
0.2730132677165354
0
LINE
8
BLACK
6
CONTINUOUS
10
1.1872746456692913
20
0.2730132677165354
11
1.1874529921259842
21
0.2721164960629921
0
LINE
8
BLACK
6
CONTINUOUS
10
1.1874529921259842
20
0.2721164960629921
11
1.1876551181102362
21
0.2716588188976378
0
LINE
8
BLACK
6
CONTINUOUS
10
1.1876551181102362
20
0.2716588188976378
11
1.1878105118110236
21
0.270319094488189
0
LINE
8
BLACK
6
CONTINUOUS
10
1.1878105118110236
20
0.270319094488189
11
1.1878740157480314
21
0.27
0
LINE
8
BLACK
6
CONTINUOUS
10
1.1878740157480314
20
0.27
11
1.1878740157480314
21
0.21
0
LINE
8
BLACK
6
CONTINUOUS
10
1.1878740157480314
20
0.21
11
1.1878105118110236
21
0.2096808661417323
0
LINE
8
BLACK
6
CONTINUOUS
10
1.1878105118110236
20
0.2096808661417323
11
1.1876551181102362
21
0.2083411417322835
0
LINE
8
BLACK
6
CONTINUOUS
10
1.1876551181102362
20
0.2083411417322835
11
1.1874529921259842
21
0.2078833858267717
0
LINE
8
BLACK
6
CONTINUOUS
10
1.1874529921259842
20
0.2078833858267717
11
1.1872746456692913
21
0.2069867322834646
0
LINE
8
BLACK
6
CONTINUOUS
10
1.1872746456692913
20
0.2069867322834646
11
1.1866331889763779
21
0.2060267716535433
0
LINE
8
BLACK
6
CONTINUOUS
10
1.1866331889763779
20
0.2060267716535433
11
1.1864397637795274
21
0.2055886614173228
0
LINE
8
BLACK
6
CONTINUOUS
10
1.1864397637795274
20
0.2055886614173228
11
1.1861404724409448
21
0.2052893700787402
0
LINE
8
BLACK
6
CONTINUOUS
10
1.1861404724409448
20
0.2052893700787402
11
1.1855677559055118
21
0.2044322440944882
0
LINE
8
BLACK
6
CONTINUOUS
10
1.1855677559055118
20
0.2044322440944882
11
1.184710590551181
21
0.2038594881889764
0
LINE
8
BLACK
6
CONTINUOUS
10
1.184710590551181
20
0.2038594881889764
11
1.1844112992125984
21
0.2035601968503937
0
LINE
8
BLACK
6
CONTINUOUS
10
1.1844112992125984
20
0.2035601968503937
11
1.1839731102362205
21
0.2033666929133858
0
LINE
8
BLACK
6
CONTINUOUS
10
1.1839731102362205
20
0.2033666929133858
11
1.1830132677165355
21
0.2027253543307087
0
LINE
8
BLACK
6
CONTINUOUS
10
1.1830132677165355
20
0.2027253543307087
11
1.1821166929133857
21
0.2025470078740157
0
LINE
8
BLACK
6
CONTINUOUS
10
1.1821166929133857
20
0.2025470078740157
11
1.1816588188976378
21
0.202344842519685
0
LINE
8
BLACK
6
CONTINUOUS
10
1.1816588188976378
20
0.202344842519685
11
1.1803186220472441
21
0.2021893307086614
0
LINE
8
BLACK
6
CONTINUOUS
10
1.1803186220472441
20
0.2021893307086614
11
1.1799999999999999
21
0.2021259842519685
0
LINE
8
BLACK
6
CONTINUOUS
10
1.1799999999999999
20
0.2021259842519685
11
1.1797723228346457
21
0.2021259842519685
0
LINE
8
BLACK
6
CONTINUOUS
10
1.1797723228346457
20
0.2021259842519685
11
1.1202277165354331
21
0.2021259842519685
0
LINE
8
BLACK
6
CONTINUOUS
10
1.1202277165354331
20
0.2021259842519685
11
1.1199999999999999
21
0.2021259842519685
0
LINE
8
BLACK
6
CONTINUOUS
10
1.1199999999999999
20
0.2021259842519685
11
1.1196813385826772
21
0.2021893307086614
0
LINE
8
BLACK
6
CONTINUOUS
10
1.1196813385826772
20
0.2021893307086614
11
1.1183411417322835
21
0.202344842519685
0
LINE
8
BLACK
6
CONTINUOUS
10
1.1183411417322835
20
0.202344842519685
11
1.1178832283464566
21
0.2025470078740157
0
LINE
8
BLACK
6
CONTINUOUS
10
1.1178832283464566
20
0.2025470078740157
11
1.1169867322834646
21
0.2027253543307087
0
LINE
8
BLACK
6
CONTINUOUS
10
1.1169867322834646
20
0.2027253543307087
11
1.1160269291338583
21
0.2033666535433071
0
LINE
8
BLACK
6
CONTINUOUS
10
1.1160269291338583
20
0.2033666535433071
11
1.1155886614173227
21
0.2035601968503937
0
LINE
8
BLACK
6
CONTINUOUS
10
1.1155886614173227
20
0.2035601968503937
11
1.1152892519685038
21
0.2038595669291338
0
LINE
8
BLACK
6
CONTINUOUS
10
1.1152892519685038
20
0.2038595669291338
11
1.1144322440944883
21
0.2044322440944882
0
LINE
8
BLACK
6
CONTINUOUS
10
1.1144322440944883
20
0.2044322440944882
11
1.1138595669291338
21
0.2052892519685039
0
LINE
8
BLACK
6
CONTINUOUS
10
1.1138595669291338
20
0.2052892519685039
11
1.1135601968503936
21
0.2055886614173228
0
LINE
8
BLACK
6
CONTINUOUS
10
1.1135601968503936
20
0.2055886614173228
11
1.1133666535433071
21
0.2060269291338583
0
LINE
8
BLACK
6
CONTINUOUS
10
1.1133666535433071
20
0.2060269291338583
11
1.1127253543307087
21
0.2069867322834646
0
LINE
8
BLACK
6
CONTINUOUS
10
1.1127253543307087
20
0.2069867322834646
11
1.1125470078740156
21
0.2078832283464567
0
LINE
8
BLACK
6
CONTINUOUS
10
1.1125470078740156
20
0.2078832283464567
11
1.1123448425196849
21
0.2083411417322835
0
LINE
8
BLACK
6
CONTINUOUS
10
1.1123448425196849
20
0.2083411417322835
11
1.1121893307086614
21
0.2096814173228346
0
LINE
8
BLACK
6
CONTINUOUS
10
1.1121893307086614
20
0.2096814173228346
11
1.1121259842519684
21
0.21
0
LINE
8
BLACK
6
CONTINUOUS
10
1.1121259842519684
20
0.21
11
1.1121259842519684
21
0.27
0
LINE
8
BLACK
6
CONTINUOUS
10
1.1121259842519684
20
0.27
11
1.1121893700787402
21
0.2703187007874016
0
LINE
8
BLACK
6
CONTINUOUS
10
1.1121893700787402
20
0.2703187007874016
11
1.1123448425196849
21
0.2716588188976378
0
LINE
8
BLACK
6
CONTINUOUS
10
1.1123448425196849
20
0.2716588188976378
11
1.1125470078740156
21
0.2721166929133858
0
LINE
8
BLACK
6
CONTINUOUS
10
1.1125470078740156
20
0.2721166929133858
11
1.1127253543307087
21
0.2730132677165354
0
LINE
8
BLACK
6
CONTINUOUS
10
1.1127253543307087
20
0.2730132677165354
11
1.1133666929133859
21
0.2739731102362205
0
LINE
8
BLACK
6
CONTINUOUS
10
1.1133666929133859
20
0.2739731102362205
11
1.1135601968503936
21
0.2744112992125984
0
LINE
8
BLACK
6
CONTINUOUS
10
1.1135601968503936
20
0.2744112992125984
11
1.1138594881889763
21
0.2747105905511811
0
LINE
8
BLACK
6
CONTINUOUS
10
1.1138594881889763
20
0.2747105905511811
11
1.1144322440944883
21
0.2755677559055118
0
LINE
8
BLACK
6
CONTINUOUS
10
1.1144322440944883
20
0.2755677559055118
11
1.1152893700787401
21
0.2761404724409449
0
LINE
8
BLACK
6
CONTINUOUS
10
1.1152893700787401
20
0.2761404724409449
11
1.1155886614173227
21
0.2764397637795276
0
LINE
8
BLACK
6
CONTINUOUS
10
1.1155886614173227
20
0.2764397637795276
11
1.1160267716535432
21
0.276633188976378
0
LINE
8
BLACK
6
CONTINUOUS
10
1.1160267716535432
20
0.276633188976378
11
1.1169867322834646
21
0.2772746456692913
0
LINE
8
BLACK
6
CONTINUOUS
10
1.1169867322834646
20
0.2772746456692913
11
1.1178833858267716
21
0.2774529921259842
0
LINE
8
BLACK
6
CONTINUOUS
10
1.1178833858267716
20
0.2774529921259842
11
1.1183411417322835
21
0.2776551181102362
0
LINE
8
BLACK
6
CONTINUOUS
10
1.1183411417322835
20
0.2776551181102362
11
1.1196809448818896
21
0.2778105511811024
0
LINE
8
BLACK
6
CONTINUOUS
10
1.1196809448818896
20
0.2778105511811024
11
1.1199999999999999
21
0.2778740157480315
0
LINE
8
BLACK
6
CONTINUOUS
10
1.1199999999999999
20
0.2778740157480315
11
1.1799999999999999
21
0.2778740157480315
0
LINE
8
BLACK
6
CONTINUOUS
10
1.1799999999999999
20
0.2778740157480315
11
1.1803191732283465
21
0.2778105118110236
0
LINE
8
BLACK
6
CONTINUOUS
10
0.5453191732283464
20
0.4928105118110236
11
0.5466588188976378
21
0.4926551181102362
0
LINE
8
BLACK
6
CONTINUOUS
10
0.5466588188976378
20
0.4926551181102362
11
0.5471164960629921
21
0.4924529921259843
0
LINE
8
BLACK
6
CONTINUOUS
10
0.5471164960629921
20
0.4924529921259843
11
0.5480132677165355
21
0.4922746456692913
0
LINE
8
BLACK
6
CONTINUOUS
10
0.5480132677165355
20
0.4922746456692913
11
0.5489732677165354
21
0.4916331496062992
0
LINE
8
BLACK
6
CONTINUOUS
10
0.5489732677165354
20
0.4916331496062992
11
0.5494112992125985
21
0.4914397637795275
0
LINE
8
BLACK
6
CONTINUOUS
10
0.5494112992125985
20
0.4914397637795275
11
0.5497104724409448
21
0.4911405511811023
0
LINE
8
BLACK
6
CONTINUOUS
10
0.5497104724409448
20
0.4911405511811023
11
0.5505677559055118
21
0.4905677559055118
0
LINE
8
BLACK
6
CONTINUOUS
10
0.5505677559055118
20
0.4905677559055118
11
0.5511405511811024
21
0.4897104724409448
0
LINE
8
BLACK
6
CONTINUOUS
10
0.5511405511811024
20
0.4897104724409448
11
0.5514397637795275
21
0.4894112992125984
0
LINE
8
BLACK
6
CONTINUOUS
10
0.5514397637795275
20
0.4894112992125984
11
0.5516331496062992
21
0.4889732677165354
0
LINE
8
BLACK
6
CONTINUOUS
10
0.5516331496062992
20
0.4889732677165354
11
0.5522746456692913
21
0.4880132677165354
0
LINE
8
BLACK
6
CONTINUOUS
10
0.5522746456692913
20
0.4880132677165354
11
0.5524529921259842
21
0.4871164960629921
0
LINE
8
BLACK
6
CONTINUOUS
10
0.5524529921259842
20
0.4871164960629921
11
0.5526551181102362
21
0.4866588188976378
0
LINE
8
BLACK
6
CONTINUOUS
10
0.5526551181102362
20
0.4866588188976378
11
0.5528105118110236
21
0.4853190944881889
0
LINE
8
BLACK
6
CONTINUOUS
10
0.5528105118110236
20
0.4853190944881889
11
0.5528740157480315
21
0.485
0
LINE
8
BLACK
6
CONTINUOUS
10
0.5528740157480315
20
0.485
11
0.5528740157480315
21
0.335
0
LINE
8
BLACK
6
CONTINUOUS
10
0.5528740157480315
20
0.335
11
0.5528105118110236
21
0.3346808661417323
0
LINE
8
BLACK
6
CONTINUOUS
10
0.5528105118110236
20
0.3346808661417323
11
0.5526551181102362
21
0.3333411417322835
0
LINE
8
BLACK
6
CONTINUOUS
10
0.5526551181102362
20
0.3333411417322835
11
0.5524529921259842
21
0.3328833858267716
0
LINE
8
BLACK
6
CONTINUOUS
10
0.5524529921259842
20
0.3328833858267716
11
0.5522746456692913
21
0.3319867322834645
0
LINE
8
BLACK
6
CONTINUOUS
10
0.5522746456692913
20
0.3319867322834645
11
0.5516331889763779
21
0.3310267716535433
0
LINE
8
BLACK
6
CONTINUOUS
10
0.5516331889763779
20
0.3310267716535433
11
0.5514397637795275
21
0.3305886614173228
0
LINE
8
BLACK
6
CONTINUOUS
10
0.5514397637795275
20
0.3305886614173228
11
0.5511404724409449
21
0.3302893700787402
0
LINE
8
BLACK
6
CONTINUOUS
10
0.5511404724409449
20
0.3302893700787402
11
0.5505677559055118
21
0.3294322440944882
0
LINE
8
BLACK
6
CONTINUOUS
10
0.5505677559055118
20
0.3294322440944882
11
0.5497105905511811
21
0.3288594881889764
0
LINE
8
BLACK
6
CONTINUOUS
10
0.5497105905511811
20
0.3288594881889764
11
0.5494112992125985
21
0.3285601968503937
0
LINE
8
BLACK
6
CONTINUOUS
10
0.5494112992125985
20
0.3285601968503937
11
0.5489731102362204
21
0.3283666929133858
0
LINE
8
BLACK
6
CONTINUOUS
10
0.5489731102362204
20
0.3283666929133858
11
0.5480132677165355
21
0.3277253543307087
0
LINE
8
BLACK
6
CONTINUOUS
10
0.5480132677165355
20
0.3277253543307087
11
0.5471166929133858
21
0.3275470078740157
0
LINE
8
BLACK
6
CONTINUOUS
10
0.5471166929133858
20
0.3275470078740157
11
0.5466588188976378
21
0.327344842519685
0
LINE
8
BLACK
6
CONTINUOUS
10
0.5466588188976378
20
0.327344842519685
11
0.5453186220472441
21
0.3271893307086614
0
LINE
8
BLACK
6
CONTINUOUS
10
0.5453186220472441
20
0.3271893307086614
11
0.545
21
0.3271259842519685
0
LINE
8
BLACK
6
CONTINUOUS
10
0.545
20
0.3271259842519685
11
0.5447723228346456
21
0.3271259842519685
0
LINE
8
BLACK
6
CONTINUOUS
10
0.5447723228346456
20
0.3271259842519685
11
0.395227716535433
21
0.3271259842519685
0
LINE
8
BLACK
6
CONTINUOUS
10
0.395227716535433
20
0.3271259842519685
11
0.395
21
0.3271259842519685
0
LINE
8
BLACK
6
CONTINUOUS
10
0.395
20
0.3271259842519685
11
0.3946813385826772
21
0.3271893307086614
0
LINE
8
BLACK
6
CONTINUOUS
10
0.3946813385826772
20
0.3271893307086614
11
0.3933411417322835
21
0.327344842519685
0
LINE
8
BLACK
6
CONTINUOUS
10
0.3933411417322835
20
0.327344842519685
11
0.3928832283464567
21
0.3275470078740157
0
LINE
8
BLACK
6
CONTINUOUS
10
0.3928832283464567
20
0.3275470078740157
11
0.3919867322834645
21
0.3277253543307087
0
LINE
8
BLACK
6
CONTINUOUS
10
0.3919867322834645
20
0.3277253543307087
11
0.3910269291338583
21
0.3283666535433071
0
LINE
8
BLACK
6
CONTINUOUS
10
0.3910269291338583
20
0.3283666535433071
11
0.3905886614173228
21
0.3285601968503937
0
LINE
8
BLACK
6
CONTINUOUS
10
0.3905886614173228
20
0.3285601968503937
11
0.3902892519685039
21
0.3288595669291339
0
LINE
8
BLACK
6
CONTINUOUS
10
0.3902892519685039
20
0.3288595669291339
11
0.3894322440944882
21
0.3294322440944882
0
LINE
8
BLACK
6
CONTINUOUS
10
0.3894322440944882
20
0.3294322440944882
11
0.3888595669291339
21
0.3302892519685039
0
LINE
8
BLACK
6
CONTINUOUS
10
0.3888595669291339
20
0.3302892519685039
11
0.3885601968503937
21
0.3305886614173228
0
LINE
8
BLACK
6
CONTINUOUS
10
0.3885601968503937
20
0.3305886614173228
11
0.3883666535433071
21
0.3310269291338583
0
LINE
8
BLACK
6
CONTINUOUS
10
0.3883666535433071
20
0.3310269291338583
11
0.3877253543307086
21
0.3319867322834645
0
LINE
8
BLACK
6
CONTINUOUS
10
0.3877253543307086
20
0.3319867322834645
11
0.3875470078740157
21
0.3328832283464567
0
LINE
8
BLACK
6
CONTINUOUS
10
0.3875470078740157
20
0.3328832283464567
11
0.387344842519685
21
0.3333411417322835
0
LINE
8
BLACK
6
CONTINUOUS
10
0.387344842519685
20
0.3333411417322835
11
0.3871893307086614
21
0.3346814173228346
0
LINE
8
BLACK
6
CONTINUOUS
10
0.3871893307086614
20
0.3346814173228346
11
0.3871259842519685
21
0.335
0
LINE
8
BLACK
6
CONTINUOUS
10
0.3871259842519685
20
0.335
11
0.3871259842519685
21
0.485
0
LINE
8
BLACK
6
CONTINUOUS
10
0.3871259842519685
20
0.485
11
0.3871893700787402
21
0.4853187007874016
0
LINE
8
BLACK
6
CONTINUOUS
10
0.3871893700787402
20
0.4853187007874016
11
0.387344842519685
21
0.4866588188976378
0
LINE
8
BLACK
6
CONTINUOUS
10
0.387344842519685
20
0.4866588188976378
11
0.3875470078740157
21
0.4871166929133858
0
LINE
8
BLACK
6
CONTINUOUS
10
0.3875470078740157
20
0.4871166929133858
11
0.3877253543307086
21
0.4880132677165354
0
LINE
8
BLACK
6
CONTINUOUS
10
0.3877253543307086
20
0.4880132677165354
11
0.3883666929133858
21
0.4889731102362205
0
LINE
8
BLACK
6
CONTINUOUS
10
0.3883666929133858
20
0.4889731102362205
11
0.3885601968503937
21
0.4894112992125984
0
LINE
8
BLACK
6
CONTINUOUS
10
0.3885601968503937
20
0.4894112992125984
11
0.3888594881889764
21
0.4897105905511811
0
LINE
8
BLACK
6
CONTINUOUS
10
0.3888594881889764
20
0.4897105905511811
11
0.3894322440944882
21
0.4905677559055118
0
LINE
8
BLACK
6
CONTINUOUS
10
0.3894322440944882
20
0.4905677559055118
11
0.3902893700787401
21
0.4911404724409449
0
LINE
8
BLACK
6
CONTINUOUS
10
0.3902893700787401
20
0.4911404724409449
11
0.3905886614173228
21
0.4914397637795275
0
LINE
8
BLACK
6
CONTINUOUS
10
0.3905886614173228
20
0.4914397637795275
11
0.3910267716535433
21
0.4916331889763779
0
LINE
8
BLACK
6
CONTINUOUS
10
0.3910267716535433
20
0.4916331889763779
11
0.3919867322834645
21
0.4922746456692913
0
LINE
8
BLACK
6
CONTINUOUS
10
0.3919867322834645
20
0.4922746456692913
11
0.3928833858267716
21
0.4924529921259843
0
LINE
8
BLACK
6
CONTINUOUS
10
0.3928833858267716
20
0.4924529921259843
11
0.3933411417322835
21
0.4926551181102362
0
LINE
8
BLACK
6
CONTINUOUS
10
0.3933411417322835
20
0.4926551181102362
11
0.3946809448818898
21
0.4928105511811023
0
LINE
8
BLACK
6
CONTINUOUS
10
0.3946809448818898
20
0.4928105511811023
11
0.395
21
0.4928740157480315
0
LINE
8
BLACK
6
CONTINUOUS
10
0.395
20
0.4928740157480315
11
0.545
21
0.4928740157480315
0
LINE
8
BLACK
6
CONTINUOUS
10
0.545
20
0.4928740157480315
11
0.5453191732283464
21
0.4928105118110236
0
LINE
8
BLACK
6
CONTINUOUS
10
0.7453191732283464
20
0.4928105118110236
11
0.7466588188976377
21
0.4926551181102362
0
LINE
8
BLACK
6
CONTINUOUS
10
0.7466588188976377
20
0.4926551181102362
11
0.7471164960629921
21
0.4924529921259843
0
LINE
8
BLACK
6
CONTINUOUS
10
0.7471164960629921
20
0.4924529921259843
11
0.7480132677165354
21
0.4922746456692913
0
LINE
8
BLACK
6
CONTINUOUS
10
0.7480132677165354
20
0.4922746456692913
11
0.7489732677165354
21
0.4916331496062992
0
LINE
8
BLACK
6
CONTINUOUS
10
0.7489732677165354
20
0.4916331496062992
11
0.7494112992125984
21
0.4914397637795275
0
LINE
8
BLACK
6
CONTINUOUS
10
0.7494112992125984
20
0.4914397637795275
11
0.7497104724409449
21
0.4911405511811023
0
LINE
8
BLACK
6
CONTINUOUS
10
0.7497104724409449
20
0.4911405511811023
11
0.7505677559055118
21
0.4905677559055118
0
LINE
8
BLACK
6
CONTINUOUS
10
0.7505677559055118
20
0.4905677559055118
11
0.7511405511811023
21
0.4897104724409448
0
LINE
8
BLACK
6
CONTINUOUS
10
0.7511405511811023
20
0.4897104724409448
11
0.7514397637795276
21
0.4894112992125984
0
LINE
8
BLACK
6
CONTINUOUS
10
0.7514397637795276
20
0.4894112992125984
11
0.7516331496062992
21
0.4889732677165354
0
LINE
8
BLACK
6
CONTINUOUS
10
0.7516331496062992
20
0.4889732677165354
11
0.7522746456692914
21
0.4880132677165354
0
LINE
8
BLACK
6
CONTINUOUS
10
0.7522746456692914
20
0.4880132677165354
11
0.7524529921259843
21
0.4871164960629921
0
LINE
8
BLACK
6
CONTINUOUS
10
0.7524529921259843
20
0.4871164960629921
11
0.7526551181102362
21
0.4866588188976378
0
LINE
8
BLACK
6
CONTINUOUS
10
0.7526551181102362
20
0.4866588188976378
11
0.7528105118110237
21
0.4853190944881889
0
LINE
8
BLACK
6
CONTINUOUS
10
0.7528105118110237
20
0.4853190944881889
11
0.7528740157480315
21
0.485
0
LINE
8
BLACK
6
CONTINUOUS
10
0.7528740157480315
20
0.485
11
0.7528740157480315
21
0.335
0
LINE
8
BLACK
6
CONTINUOUS
10
0.7528740157480315
20
0.335
11
0.7528105118110237
21
0.3346808661417323
0
LINE
8
BLACK
6
CONTINUOUS
10
0.7528105118110237
20
0.3346808661417323
11
0.7526551181102362
21
0.3333411417322835
0
LINE
8
BLACK
6
CONTINUOUS
10
0.7526551181102362
20
0.3333411417322835
11
0.7524529921259843
21
0.3328833858267716
0
LINE
8
BLACK
6
CONTINUOUS
10
0.7524529921259843
20
0.3328833858267716
11
0.7522746456692914
21
0.3319867322834645
0
LINE
8
BLACK
6
CONTINUOUS
10
0.7522746456692914
20
0.3319867322834645
11
0.751633188976378
21
0.3310267716535433
0
LINE
8
BLACK
6
CONTINUOUS
10
0.751633188976378
20
0.3310267716535433
11
0.7514397637795276
21
0.3305886614173228
0
LINE
8
BLACK
6
CONTINUOUS
10
0.7514397637795276
20
0.3305886614173228
11
0.7511404724409448
21
0.3302893700787402
0
LINE
8
BLACK
6
CONTINUOUS
10
0.7511404724409448
20
0.3302893700787402
11
0.7505677559055118
21
0.3294322440944882
0
LINE
8
BLACK
6
CONTINUOUS
10
0.7505677559055118
20
0.3294322440944882
11
0.7497105905511811
21
0.3288594881889764
0
LINE
8
BLACK
6
CONTINUOUS
10
0.7497105905511811
20
0.3288594881889764
11
0.7494112992125984
21
0.3285601968503937
0
LINE
8
BLACK
6
CONTINUOUS
10
0.7494112992125984
20
0.3285601968503937
11
0.7489731102362205
21
0.3283666929133858
0
LINE
8
BLACK
6
CONTINUOUS
10
0.7489731102362205
20
0.3283666929133858
11
0.7480132677165354
21
0.3277253543307087
0
LINE
8
BLACK
6
CONTINUOUS
10
0.7480132677165354
20
0.3277253543307087
11
0.7471166929133858
21
0.3275470078740157
0
LINE
8
BLACK
6
CONTINUOUS
10
0.7471166929133858
20
0.3275470078740157
11
0.7466588188976377
21
0.327344842519685
0
LINE
8
BLACK
6
CONTINUOUS
10
0.7466588188976377
20
0.327344842519685
11
0.7453186220472441
21
0.3271893307086614
0
LINE
8
BLACK
6
CONTINUOUS
10
0.7453186220472441
20
0.3271893307086614
11
0.745
21
0.3271259842519685
0
LINE
8
BLACK
6
CONTINUOUS
10
0.745
20
0.3271259842519685
11
0.7447723228346457
21
0.3271259842519685
0
LINE
8
BLACK
6
CONTINUOUS
10
0.7447723228346457
20
0.3271259842519685
11
0.595227716535433
21
0.3271259842519685
0
LINE
8
BLACK
6
CONTINUOUS
10
0.595227716535433
20
0.3271259842519685
11
0.595
21
0.3271259842519685
0
LINE
8
BLACK
6
CONTINUOUS
10
0.595
20
0.3271259842519685
11
0.5946813385826771
21
0.3271893307086614
0
LINE
8
BLACK
6
CONTINUOUS
10
0.5946813385826771
20
0.3271893307086614
11
0.5933411417322835
21
0.327344842519685
0
LINE
8
BLACK
6
CONTINUOUS
10
0.5933411417322835
20
0.327344842519685
11
0.5928832283464567
21
0.3275470078740157
0
LINE
8
BLACK
6
CONTINUOUS
10
0.5928832283464567
20
0.3275470078740157
11
0.5919867322834645
21
0.3277253543307087
0
LINE
8
BLACK
6
CONTINUOUS
10
0.5919867322834645
20
0.3277253543307087
11
0.5910269291338582
21
0.3283666535433071
0
LINE
8
BLACK
6
CONTINUOUS
10
0.5910269291338582
20
0.3283666535433071
11
0.5905886614173228
21
0.3285601968503937
0
LINE
8
BLACK
6
CONTINUOUS
10
0.5905886614173228
20
0.3285601968503937
11
0.5902892519685039
21
0.3288595669291339
0
LINE
8
BLACK
6
CONTINUOUS
10
0.5902892519685039
20
0.3288595669291339
11
0.5894322440944881
21
0.3294322440944882
0
LINE
8
BLACK
6
CONTINUOUS
10
0.5894322440944881
20
0.3294322440944882
11
0.5888595669291339
21
0.3302892519685039
0
LINE
8
BLACK
6
CONTINUOUS
10
0.5888595669291339
20
0.3302892519685039
11
0.5885601968503937
21
0.3305886614173228
0
LINE
8
BLACK
6
CONTINUOUS
10
0.5885601968503937
20
0.3305886614173228
11
0.5883666535433071
21
0.3310269291338583
0
LINE
8
BLACK
6
CONTINUOUS
10
0.5883666535433071
20
0.3310269291338583
11
0.5877253543307086
21
0.3319867322834645
0
LINE
8
BLACK
6
CONTINUOUS
10
0.5877253543307086
20
0.3319867322834645
11
0.5875470078740157
21
0.3328832283464567
0
LINE
8
BLACK
6
CONTINUOUS
10
0.5875470078740157
20
0.3328832283464567
11
0.587344842519685
21
0.3333411417322835
0
LINE
8
BLACK
6
CONTINUOUS
10
0.587344842519685
20
0.3333411417322835
11
0.5871893307086614
21
0.3346814173228346
0
LINE
8
BLACK
6
CONTINUOUS
10
0.5871893307086614
20
0.3346814173228346
11
0.5871259842519685
21
0.335
0
LINE
8
BLACK
6
CONTINUOUS
10
0.5871259842519685
20
0.335
11
0.5871259842519685
21
0.485
0
LINE
8
BLACK
6
CONTINUOUS
10
0.5871259842519685
20
0.485
11
0.5871893700787402
21
0.4853187007874016
0
LINE
8
BLACK
6
CONTINUOUS
10
0.5871893700787402
20
0.4853187007874016
11
0.587344842519685
21
0.4866588188976378
0
LINE
8
BLACK
6
CONTINUOUS
10
0.587344842519685
20
0.4866588188976378
11
0.5875470078740157
21
0.4871166929133858
0
LINE
8
BLACK
6
CONTINUOUS
10
0.5875470078740157
20
0.4871166929133858
11
0.5877253543307086
21
0.4880132677165354
0
LINE
8
BLACK
6
CONTINUOUS
10
0.5877253543307086
20
0.4880132677165354
11
0.5883666929133858
21
0.4889731102362205
0
LINE
8
BLACK
6
CONTINUOUS
10
0.5883666929133858
20
0.4889731102362205
11
0.5885601968503937
21
0.4894112992125984
0
LINE
8
BLACK
6
CONTINUOUS
10
0.5885601968503937
20
0.4894112992125984
11
0.5888594881889764
21
0.4897105905511811
0
LINE
8
BLACK
6
CONTINUOUS
10
0.5888594881889764
20
0.4897105905511811
11
0.5894322440944881
21
0.4905677559055118
0
LINE
8
BLACK
6
CONTINUOUS
10
0.5894322440944881
20
0.4905677559055118
11
0.5902893700787402
21
0.4911404724409449
0
LINE
8
BLACK
6
CONTINUOUS
10
0.5902893700787402
20
0.4911404724409449
11
0.5905886614173228
21
0.4914397637795275
0
LINE
8
BLACK
6
CONTINUOUS
10
0.5905886614173228
20
0.4914397637795275
11
0.5910267716535433
21
0.4916331889763779
0
LINE
8
BLACK
6
CONTINUOUS
10
0.5910267716535433
20
0.4916331889763779
11
0.5919867322834645
21
0.4922746456692913
0
LINE
8
BLACK
6
CONTINUOUS
10
0.5919867322834645
20
0.4922746456692913
11
0.5928833858267717
21
0.4924529921259843
0
LINE
8
BLACK
6
CONTINUOUS
10
0.5928833858267717
20
0.4924529921259843
11
0.5933411417322835
21
0.4926551181102362
0
LINE
8
BLACK
6
CONTINUOUS
10
0.5933411417322835
20
0.4926551181102362
11
0.5946809448818897
21
0.4928105511811023
0
LINE
8
BLACK
6
CONTINUOUS
10
0.5946809448818897
20
0.4928105511811023
11
0.595
21
0.4928740157480315
0
LINE
8
BLACK
6
CONTINUOUS
10
0.595
20
0.4928740157480315
11
0.745
21
0.4928740157480315
0
LINE
8
BLACK
6
CONTINUOUS
10
0.745
20
0.4928740157480315
11
0.7453191732283464
21
0.4928105118110236
0
LINE
8
BLACK
6
CONTINUOUS
10
1.3803191732283464
20
0.4678105118110236
11
1.3816588188976378
21
0.4676551181102362
0
LINE
8
BLACK
6
CONTINUOUS
10
1.3816588188976378
20
0.4676551181102362
11
1.3821164960629921
21
0.4674529921259842
0
LINE
8
BLACK
6
CONTINUOUS
10
1.3821164960629921
20
0.4674529921259842
11
1.3830132677165354
21
0.4672746456692913
0
LINE
8
BLACK
6
CONTINUOUS
10
1.3830132677165354
20
0.4672746456692913
11
1.3839732677165355
21
0.4666331496062992
0
LINE
8
BLACK
6
CONTINUOUS
10
1.3839732677165355
20
0.4666331496062992
11
1.3844112992125983
21
0.4664397637795276
0
LINE
8
BLACK
6
CONTINUOUS
10
1.3844112992125983
20
0.4664397637795276
11
1.3847104724409449
21
0.4661405511811024
0
LINE
8
BLACK
6
CONTINUOUS
10
1.3847104724409449
20
0.4661405511811024
11
1.3855677559055117
21
0.4655677559055118
0
LINE
8
BLACK
6
CONTINUOUS
10
1.3855677559055117
20
0.4655677559055118
11
1.3861405511811022
21
0.4647104724409449
0
LINE
8
BLACK
6
CONTINUOUS
10
1.3861405511811022
20
0.4647104724409449
11
1.3864397637795276
21
0.4644112992125984
0
LINE
8
BLACK
6
CONTINUOUS
10
1.3864397637795276
20
0.4644112992125984
11
1.3866331496062991
21
0.4639732677165354
0
LINE
8
BLACK
6
CONTINUOUS
10
1.3866331496062991
20
0.4639732677165354
11
1.3872746456692913
21
0.4630132677165354
0
LINE
8
BLACK
6
CONTINUOUS
10
1.3872746456692913
20
0.4630132677165354
11
1.3874529921259842
21
0.4621164960629921
0
LINE
8
BLACK
6
CONTINUOUS
10
1.3874529921259842
20
0.4621164960629921
11
1.3876551181102361
21
0.4616588188976378
0
LINE
8
BLACK
6
CONTINUOUS
10
1.3876551181102361
20
0.4616588188976378
11
1.3878105118110236
21
0.460319094488189
0
LINE
8
BLACK
6
CONTINUOUS
10
1.3878105118110236
20
0.460319094488189
11
1.3878740157480314
21
0.46
0
LINE
8
BLACK
6
CONTINUOUS
10
1.3878740157480314
20
0.46
11
1.3878740157480314
21
0.4
0
LINE
8
BLACK
6
CONTINUOUS
10
1.3878740157480314
20
0.4
11
1.3878105118110236
21
0.3996808661417323
0
LINE
8
BLACK
6
CONTINUOUS
10
1.3878105118110236
20
0.3996808661417323
11
1.3876551181102361
21
0.3983411417322835
0
LINE
8
BLACK
6
CONTINUOUS
10
1.3876551181102361
20
0.3983411417322835
11
1.3874529921259842
21
0.3978833858267716
0
LINE
8
BLACK
6
CONTINUOUS
10
1.3874529921259842
20
0.3978833858267716
11
1.3872746456692913
21
0.3969867322834645
0
LINE
8
BLACK
6
CONTINUOUS
10
1.3872746456692913
20
0.3969867322834645
11
1.3866331889763779
21
0.3960267716535433
0
LINE
8
BLACK
6
CONTINUOUS
10
1.3866331889763779
20
0.3960267716535433
11
1.3864397637795276
21
0.3955886614173229
0
LINE
8
BLACK
6
CONTINUOUS
10
1.3864397637795276
20
0.3955886614173229
11
1.386140472440945
21
0.3952893700787402
0
LINE
8
BLACK
6
CONTINUOUS
10
1.386140472440945
20
0.3952893700787402
11
1.3855677559055117
21
0.3944322440944882
0
LINE
8
BLACK
6
CONTINUOUS
10
1.3855677559055117
20
0.3944322440944882
11
1.3847105905511812
21
0.3938594881889764
0
LINE
8
BLACK
6
CONTINUOUS
10
1.3847105905511812
20
0.3938594881889764
11
1.3844112992125983
21
0.3935601968503937
0
LINE
8
BLACK
6
CONTINUOUS
10
1.3844112992125983
20
0.3935601968503937
11
1.3839731102362205
21
0.3933666929133858
0
LINE
8
BLACK
6
CONTINUOUS
10
1.3839731102362205
20
0.3933666929133858
11
1.3830132677165354
21
0.3927253543307087
0
LINE
8
BLACK
6
CONTINUOUS
10
1.3830132677165354
20
0.3927253543307087
11
1.3821166929133859
21
0.3925470078740158
0
LINE
8
BLACK
6
CONTINUOUS
10
1.3821166929133859
20
0.3925470078740158
11
1.3816588188976378
21
0.392344842519685
0
LINE
8
BLACK
6
CONTINUOUS
10
1.3816588188976378
20
0.392344842519685
11
1.3803186220472441
21
0.3921893307086614
0
LINE
8
BLACK
6
CONTINUOUS
10
1.3803186220472441
20
0.3921893307086614
11
1.3799999999999999
21
0.3921259842519685
0
LINE
8
BLACK
6
CONTINUOUS
10
1.3799999999999999
20
0.3921259842519685
11
1.3797723228346457
21
0.3921259842519685
0
LINE
8
BLACK
6
CONTINUOUS
10
1.3797723228346457
20
0.3921259842519685
11
1.320227716535433
21
0.3921259842519685
0
LINE
8
BLACK
6
CONTINUOUS
10
1.320227716535433
20
0.3921259842519685
11
1.3200000000000001
21
0.3921259842519685
0
LINE
8
BLACK
6
CONTINUOUS
10
1.3200000000000001
20
0.3921259842519685
11
1.3196813385826771
21
0.3921893307086614
0
LINE
8
BLACK
6
CONTINUOUS
10
1.3196813385826771
20
0.3921893307086614
11
1.3183411417322835
21
0.392344842519685
0
LINE
8
BLACK
6
CONTINUOUS
10
1.3183411417322835
20
0.392344842519685
11
1.3178832283464568
21
0.3925470078740158
0
LINE
8
BLACK
6
CONTINUOUS
10
1.3178832283464568
20
0.3925470078740158
11
1.3169867322834645
21
0.3927253543307087
0
LINE
8
BLACK
6
CONTINUOUS
10
1.3169867322834645
20
0.3927253543307087
11
1.3160269291338582
21
0.3933666535433071
0
LINE
8
BLACK
6
CONTINUOUS
10
1.3160269291338582
20
0.3933666535433071
11
1.3155886614173229
21
0.3935601968503937
0
LINE
8
BLACK
6
CONTINUOUS
10
1.3155886614173229
20
0.3935601968503937
11
1.315289251968504
21
0.3938595669291339
0
LINE
8
BLACK
6
CONTINUOUS
10
1.315289251968504
20
0.3938595669291339
11
1.3144322440944882
21
0.3944322440944882
0
LINE
8
BLACK
6
CONTINUOUS
10
1.3144322440944882
20
0.3944322440944882
11
1.3138595669291337
21
0.395289251968504
0
LINE
8
BLACK
6
CONTINUOUS
10
1.3138595669291337
20
0.395289251968504
11
1.3135601968503936
21
0.3955886614173229
0
LINE
8
BLACK
6
CONTINUOUS
10
1.3135601968503936
20
0.3955886614173229
11
1.3133666535433071
21
0.3960269291338583
0
LINE
8
BLACK
6
CONTINUOUS
10
1.3133666535433071
20
0.3960269291338583
11
1.3127253543307087
21
0.3969867322834645
0
LINE
8
BLACK
6
CONTINUOUS
10
1.3127253543307087
20
0.3969867322834645
11
1.3125470078740158
21
0.3978832283464567
0
LINE
8
BLACK
6
CONTINUOUS
10
1.3125470078740158
20
0.3978832283464567
11
1.3123448425196851
21
0.3983411417322835
0
LINE
8
BLACK
6
CONTINUOUS
10
1.3123448425196851
20
0.3983411417322835
11
1.3121893307086614
21
0.3996814173228346
0
LINE
8
BLACK
6
CONTINUOUS
10
1.3121893307086614
20
0.3996814173228346
11
1.3121259842519686
21
0.4
0
LINE
8
BLACK
6
CONTINUOUS
10
1.3121259842519686
20
0.4
11
1.3121259842519686
21
0.46
0
LINE
8
BLACK
6
CONTINUOUS
10
1.3121259842519686
20
0.46
11
1.3121893700787401
21
0.4603187007874016
0
LINE
8
BLACK
6
CONTINUOUS
10
1.3121893700787401
20
0.4603187007874016
11
1.3123448425196851
21
0.4616588188976378
0
LINE
8
BLACK
6
CONTINUOUS
10
1.3123448425196851
20
0.4616588188976378
11
1.3125470078740158
21
0.4621166929133858
0
LINE
8
BLACK
6
CONTINUOUS
10
1.3125470078740158
20
0.4621166929133858
11
1.3127253543307087
21
0.4630132677165354
0
LINE
8
BLACK
6
CONTINUOUS
10
1.3127253543307087
20
0.4630132677165354
11
1.3133666929133858
21
0.4639731102362205
0
LINE
8
BLACK
6
CONTINUOUS
10
1.3133666929133858
20
0.4639731102362205
11
1.3135601968503936
21
0.4644112992125984
0
LINE
8
BLACK
6
CONTINUOUS
10
1.3135601968503936
20
0.4644112992125984
11
1.3138594881889762
21
0.4647105905511811
0
LINE
8
BLACK
6
CONTINUOUS
10
1.3138594881889762
20
0.4647105905511811
11
1.3144322440944882
21
0.4655677559055118
0
LINE
8
BLACK
6
CONTINUOUS
10
1.3144322440944882
20
0.4655677559055118
11
1.31528937007874
21
0.4661404724409449
0
LINE
8
BLACK
6
CONTINUOUS
10
1.31528937007874
20
0.4661404724409449
11
1.3155886614173229
21
0.4664397637795276
0
LINE
8
BLACK
6
CONTINUOUS
10
1.3155886614173229
20
0.4664397637795276
11
1.3160267716535432
21
0.466633188976378
0
LINE
8
BLACK
6
CONTINUOUS
10
1.3160267716535432
20
0.466633188976378
11
1.3169867322834645
21
0.4672746456692913
0
LINE
8
BLACK
6
CONTINUOUS
10
1.3169867322834645
20
0.4672746456692913
11
1.3178833858267716
21
0.4674529921259842
0
LINE
8
BLACK
6
CONTINUOUS
10
1.3178833858267716
20
0.4674529921259842
11
1.3183411417322835
21
0.4676551181102362
0
LINE
8
BLACK
6
CONTINUOUS
10
1.3183411417322835
20
0.4676551181102362
11
1.3196809448818898
21
0.4678105511811024
0
LINE
8
BLACK
6
CONTINUOUS
10
1.3196809448818898
20
0.4678105511811024
11
1.3200000000000001
21
0.4678740157480315
0
LINE
8
BLACK
6
CONTINUOUS
10
1.3200000000000001
20
0.4678740157480315
11
1.3799999999999999
21
0.4678740157480315
0
LINE
8
BLACK
6
CONTINUOUS
10
1.3799999999999999
20
0.4678740157480315
11
1.3803191732283464
21
0.4678105118110236
0
LINE
8
BLACK
6
CONTINUOUS
10
1.4803191732283465
20
0.4678105118110236
11
1.4816588188976378
21
0.4676551181102362
0
LINE
8
BLACK
6
CONTINUOUS
10
1.4816588188976378
20
0.4676551181102362
11
1.482116496062992
21
0.4674529921259842
0
LINE
8
BLACK
6
CONTINUOUS
10
1.482116496062992
20
0.4674529921259842
11
1.4830132677165353
21
0.4672746456692913
0
LINE
8
BLACK
6
CONTINUOUS
10
1.4830132677165353
20
0.4672746456692913
11
1.4839732677165354
21
0.4666331496062992
0
LINE
8
BLACK
6
CONTINUOUS
10
1.4839732677165354
20
0.4666331496062992
11
1.4844112992125984
21
0.4664397637795276
0
LINE
8
BLACK
6
CONTINUOUS
10
1.4844112992125984
20
0.4664397637795276
11
1.4847104724409448
21
0.4661405511811024
0
LINE
8
BLACK
6
CONTINUOUS
10
1.4847104724409448
20
0.4661405511811024
11
1.4855677559055118
21
0.4655677559055118
0
LINE
8
BLACK
6
CONTINUOUS
10
1.4855677559055118
20
0.4655677559055118
11
1.4861405511811023
21
0.4647104724409449
0
LINE
8
BLACK
6
CONTINUOUS
10
1.4861405511811023
20
0.4647104724409449
11
1.4864397637795275
21
0.4644112992125984
0
LINE
8
BLACK
6
CONTINUOUS
10
1.4864397637795275
20
0.4644112992125984
11
1.4866331496062992
21
0.4639732677165354
0
LINE
8
BLACK
6
CONTINUOUS
10
1.4866331496062992
20
0.4639732677165354
11
1.4872746456692914
21
0.4630132677165354
0
LINE
8
BLACK
6
CONTINUOUS
10
1.4872746456692914
20
0.4630132677165354
11
1.4874529921259843
21
0.4621164960629921
0
LINE
8
BLACK
6
CONTINUOUS
10
1.4874529921259843
20
0.4621164960629921
11
1.4876551181102362
21
0.4616588188976378
0
LINE
8
BLACK
6
CONTINUOUS
10
1.4876551181102362
20
0.4616588188976378
11
1.4878105118110236
21
0.460319094488189
0
LINE
8
BLACK
6
CONTINUOUS
10
1.4878105118110236
20
0.460319094488189
11
1.4878740157480315
21
0.46
0
LINE
8
BLACK
6
CONTINUOUS
10
1.4878740157480315
20
0.46
11
1.4878740157480315
21
0.4
0
LINE
8
BLACK
6
CONTINUOUS
10
1.4878740157480315
20
0.4
11
1.4878105118110236
21
0.3996808661417323
0
LINE
8
BLACK
6
CONTINUOUS
10
1.4878105118110236
20
0.3996808661417323
11
1.4876551181102362
21
0.3983411417322835
0
LINE
8
BLACK
6
CONTINUOUS
10
1.4876551181102362
20
0.3983411417322835
11
1.4874529921259843
21
0.3978833858267716
0
LINE
8
BLACK
6
CONTINUOUS
10
1.4874529921259843
20
0.3978833858267716
11
1.4872746456692914
21
0.3969867322834645
0
LINE
8
BLACK
6
CONTINUOUS
10
1.4872746456692914
20
0.3969867322834645
11
1.486633188976378
21
0.3960267716535433
0
LINE
8
BLACK
6
CONTINUOUS
10
1.486633188976378
20
0.3960267716535433
11
1.4864397637795275
21
0.3955886614173229
0
LINE
8
BLACK
6
CONTINUOUS
10
1.4864397637795275
20
0.3955886614173229
11
1.4861404724409448
21
0.3952893700787402
0
LINE
8
BLACK
6
CONTINUOUS
10
1.4861404724409448
20
0.3952893700787402
11
1.4855677559055118
21
0.3944322440944882
0
LINE
8
BLACK
6
CONTINUOUS
10
1.4855677559055118
20
0.3944322440944882
11
1.484710590551181
21
0.3938594881889764
0
LINE
8
BLACK
6
CONTINUOUS
10
1.484710590551181
20
0.3938594881889764
11
1.4844112992125984
21
0.3935601968503937
0
LINE
8
BLACK
6
CONTINUOUS
10
1.4844112992125984
20
0.3935601968503937
11
1.4839731102362204
21
0.3933666929133858
0
LINE
8
BLACK
6
CONTINUOUS
10
1.4839731102362204
20
0.3933666929133858
11
1.4830132677165353
21
0.3927253543307087
0
LINE
8
BLACK
6
CONTINUOUS
10
1.4830132677165353
20
0.3927253543307087
11
1.4821166929133858
21
0.3925470078740158
0
LINE
8
BLACK
6
CONTINUOUS
10
1.4821166929133858
20
0.3925470078740158
11
1.4816588188976378
21
0.392344842519685
0
LINE
8
BLACK
6
CONTINUOUS
10
1.4816588188976378
20
0.392344842519685
11
1.480318622047244
21
0.3921893307086614
0
LINE
8
BLACK
6
CONTINUOUS
10
1.480318622047244
20
0.3921893307086614
11
1.48
21
0.3921259842519685
0
LINE
8
BLACK
6
CONTINUOUS
10
1.48
20
0.3921259842519685
11
1.4797723228346455
21
0.3921259842519685
0
LINE
8
BLACK
6
CONTINUOUS
10
1.4797723228346455
20
0.3921259842519685
11
1.4202277165354331
21
0.3921259842519685
0
LINE
8
BLACK
6
CONTINUOUS
10
1.4202277165354331
20
0.3921259842519685
11
1.4199999999999999
21
0.3921259842519685
0
LINE
8
BLACK
6
CONTINUOUS
10
1.4199999999999999
20
0.3921259842519685
11
1.4196813385826772
21
0.3921893307086614
0
LINE
8
BLACK
6
CONTINUOUS
10
1.4196813385826772
20
0.3921893307086614
11
1.4183411417322835
21
0.392344842519685
0
LINE
8
BLACK
6
CONTINUOUS
10
1.4183411417322835
20
0.392344842519685
11
1.4178832283464566
21
0.3925470078740158
0
LINE
8
BLACK
6
CONTINUOUS
10
1.4178832283464566
20
0.3925470078740158
11
1.4169867322834646
21
0.3927253543307087
0
LINE
8
BLACK
6
CONTINUOUS
10
1.4169867322834646
20
0.3927253543307087
11
1.4160269291338583
21
0.3933666535433071
0
LINE
8
BLACK
6
CONTINUOUS
10
1.4160269291338583
20
0.3933666535433071
11
1.4155886614173228
21
0.3935601968503937
0
LINE
8
BLACK
6
CONTINUOUS
10
1.4155886614173228
20
0.3935601968503937
11
1.4152892519685039
21
0.3938595669291339
0
LINE
8
BLACK
6
CONTINUOUS
10
1.4152892519685039
20
0.3938595669291339
11
1.4144322440944881
21
0.3944322440944882
0
LINE
8
BLACK
6
CONTINUOUS
10
1.4144322440944881
20
0.3944322440944882
11
1.4138595669291338
21
0.395289251968504
0
LINE
8
BLACK
6
CONTINUOUS
10
1.4138595669291338
20
0.395289251968504
11
1.4135601968503937
21
0.3955886614173229
0
LINE
8
BLACK
6
CONTINUOUS
10
1.4135601968503937
20
0.3955886614173229
11
1.4133666535433071
21
0.3960269291338583
0
LINE
8
BLACK
6
CONTINUOUS
10
1.4133666535433071
20
0.3960269291338583
11
1.4127253543307086
21
0.3969867322834645
0
LINE
8
BLACK
6
CONTINUOUS
10
1.4127253543307086
20
0.3969867322834645
11
1.4125470078740157
21
0.3978832283464567
0
LINE
8
BLACK
6
CONTINUOUS
10
1.4125470078740157
20
0.3978832283464567
11
1.412344842519685
21
0.3983411417322835
0
LINE
8
BLACK
6
CONTINUOUS
10
1.412344842519685
20
0.3983411417322835
11
1.4121893307086615
21
0.3996814173228346
0
LINE
8
BLACK
6
CONTINUOUS
10
1.4121893307086615
20
0.3996814173228346
11
1.4121259842519684
21
0.4
0
LINE
8
BLACK
6
CONTINUOUS
10
1.4121259842519684
20
0.4
11
1.4121259842519684
21
0.46
0
LINE
8
BLACK
6
CONTINUOUS
10
1.4121259842519684
20
0.46
11
1.4121893700787402
21
0.4603187007874016
0
LINE
8
BLACK
6
CONTINUOUS
10
1.4121893700787402
20
0.4603187007874016
11
1.412344842519685
21
0.4616588188976378
0
LINE
8
BLACK
6
CONTINUOUS
10
1.412344842519685
20
0.4616588188976378
11
1.4125470078740157
21
0.4621166929133858
0
LINE
8
BLACK
6
CONTINUOUS
10
1.4125470078740157
20
0.4621166929133858
11
1.4127253543307086
21
0.4630132677165354
0
LINE
8
BLACK
6
CONTINUOUS
10
1.4127253543307086
20
0.4630132677165354
11
1.4133666929133859
21
0.4639731102362205
0
LINE
8
BLACK
6
CONTINUOUS
10
1.4133666929133859
20
0.4639731102362205
11
1.4135601968503937
21
0.4644112992125984
0
LINE
8
BLACK
6
CONTINUOUS
10
1.4135601968503937
20
0.4644112992125984
11
1.4138594881889763
21
0.4647105905511811
0
LINE
8
BLACK
6
CONTINUOUS
10
1.4138594881889763
20
0.4647105905511811
11
1.4144322440944881
21
0.4655677559055118
0
LINE
8
BLACK
6
CONTINUOUS
10
1.4144322440944881
20
0.4655677559055118
11
1.4152893700787401
21
0.4661404724409449
0
LINE
8
BLACK
6
CONTINUOUS
10
1.4152893700787401
20
0.4661404724409449
11
1.4155886614173228
21
0.4664397637795276
0
LINE
8
BLACK
6
CONTINUOUS
10
1.4155886614173228
20
0.4664397637795276
11
1.4160267716535433
21
0.466633188976378
0
LINE
8
BLACK
6
CONTINUOUS
10
1.4160267716535433
20
0.466633188976378
11
1.4169867322834646
21
0.4672746456692913
0
LINE
8
BLACK
6
CONTINUOUS
10
1.4169867322834646
20
0.4672746456692913
11
1.4178833858267716
21
0.4674529921259842
0
LINE
8
BLACK
6
CONTINUOUS
10
1.4178833858267716
20
0.4674529921259842
11
1.4183411417322835
21
0.4676551181102362
0
LINE
8
BLACK
6
CONTINUOUS
10
1.4183411417322835
20
0.4676551181102362
11
1.4196809448818897
21
0.4678105511811024
0
LINE
8
BLACK
6
CONTINUOUS
10
1.4196809448818897
20
0.4678105511811024
11
1.4199999999999999
21
0.4678740157480315
0
LINE
8
BLACK
6
CONTINUOUS
10
1.4199999999999999
20
0.4678740157480315
11
1.48
21
0.4678740157480315
0
LINE
8
BLACK
6
CONTINUOUS
10
1.48
20
0.4678740157480315
11
1.4803191732283465
21
0.4678105118110236
0
LINE
8
BLACK
6
CONTINUOUS
10
0.1803191732283465
20
0.4778105118110236
11
0.1816588188976378
21
0.4776551181102362
0
LINE
8
BLACK
6
CONTINUOUS
10
0.1816588188976378
20
0.4776551181102362
11
0.1821164960629921
21
0.4774529921259842
0
LINE
8
BLACK
6
CONTINUOUS
10
0.1821164960629921
20
0.4774529921259842
11
0.1830132677165354
21
0.4772746456692913
0
LINE
8
BLACK
6
CONTINUOUS
10
0.1830132677165354
20
0.4772746456692913
11
0.1839732677165354
21
0.4766331496062992
0
LINE
8
BLACK
6
CONTINUOUS
10
0.1839732677165354
20
0.4766331496062992
11
0.1844112992125984
21
0.4764397637795276
0
LINE
8
BLACK
6
CONTINUOUS
10
0.1844112992125984
20
0.4764397637795276
11
0.1847104724409449
21
0.4761405511811024
0
LINE
8
BLACK
6
CONTINUOUS
10
0.1847104724409449
20
0.4761405511811024
11
0.1855677559055118
21
0.4755677559055118
0
LINE
8
BLACK
6
CONTINUOUS
10
0.1855677559055118
20
0.4755677559055118
11
0.1861405511811024
21
0.4747104724409449
0
LINE
8
BLACK
6
CONTINUOUS
10
0.1861405511811024
20
0.4747104724409449
11
0.1864397637795276
21
0.4744112992125984
0
LINE
8
BLACK
6
CONTINUOUS
10
0.1864397637795276
20
0.4744112992125984
11
0.1866331496062992
21
0.4739732677165354
0
LINE
8
BLACK
6
CONTINUOUS
10
0.1866331496062992
20
0.4739732677165354
11
0.1872746456692913
21
0.4730132677165354
0
LINE
8
BLACK
6
CONTINUOUS
10
0.1872746456692913
20
0.4730132677165354
11
0.1874529921259842
21
0.4721164960629921
0
LINE
8
BLACK
6
CONTINUOUS
10
0.1874529921259842
20
0.4721164960629921
11
0.1876551181102362
21
0.4716588188976378
0
LINE
8
BLACK
6
CONTINUOUS
10
0.1876551181102362
20
0.4716588188976378
11
0.1878105118110236
21
0.470319094488189
0
LINE
8
BLACK
6
CONTINUOUS
10
0.1878105118110236
20
0.470319094488189
11
0.1878740157480315
21
0.47
0
LINE
8
BLACK
6
CONTINUOUS
10
0.1878740157480315
20
0.47
11
0.1878740157480315
21
0.41
0
LINE
8
BLACK
6
CONTINUOUS
10
0.1878740157480315
20
0.41
11
0.1878105118110236
21
0.4096808661417323
0
LINE
8
BLACK
6
CONTINUOUS
10
0.1878105118110236
20
0.4096808661417323
11
0.1876551181102362
21
0.4083411417322835
0
LINE
8
BLACK
6
CONTINUOUS
10
0.1876551181102362
20
0.4083411417322835
11
0.1874529921259842
21
0.4078833858267716
0
LINE
8
BLACK
6
CONTINUOUS
10
0.1874529921259842
20
0.4078833858267716
11
0.1872746456692913
21
0.4069867322834645
0
LINE
8
BLACK
6
CONTINUOUS
10
0.1872746456692913
20
0.4069867322834645
11
0.186633188976378
21
0.4060267716535433
0
LINE
8
BLACK
6
CONTINUOUS
10
0.186633188976378
20
0.4060267716535433
11
0.1864397637795276
21
0.4055886614173228
0
LINE
8
BLACK
6
CONTINUOUS
10
0.1864397637795276
20
0.4055886614173228
11
0.1861404724409449
21
0.4052893700787402
0
LINE
8
BLACK
6
CONTINUOUS
10
0.1861404724409449
20
0.4052893700787402
11
0.1855677559055118
21
0.4044322440944882
0
LINE
8
BLACK
6
CONTINUOUS
10
0.1855677559055118
20
0.4044322440944882
11
0.1847105905511811
21
0.4038594881889764
0
LINE
8
BLACK
6
CONTINUOUS
10
0.1847105905511811
20
0.4038594881889764
11
0.1844112992125984
21
0.4035601968503937
0
LINE
8
BLACK
6
CONTINUOUS
10
0.1844112992125984
20
0.4035601968503937
11
0.1839731102362205
21
0.4033666929133858
0
LINE
8
BLACK
6
CONTINUOUS
10
0.1839731102362205
20
0.4033666929133858
11
0.1830132677165354
21
0.4027253543307087
0
LINE
8
BLACK
6
CONTINUOUS
10
0.1830132677165354
20
0.4027253543307087
11
0.1821166929133858
21
0.4025470078740158
0
LINE
8
BLACK
6
CONTINUOUS
10
0.1821166929133858
20
0.4025470078740158
11
0.1816588188976378
21
0.4023448425196851
0
LINE
8
BLACK
6
CONTINUOUS
10
0.1816588188976378
20
0.4023448425196851
11
0.1803186220472441
21
0.4021893307086614
0
LINE
8
BLACK
6
CONTINUOUS
10
0.1803186220472441
20
0.4021893307086614
11
0.18
21
0.4021259842519685
0
LINE
8
BLACK
6
CONTINUOUS
10
0.18
20
0.4021259842519685
11
0.1797723228346457
21
0.4021259842519685
0
LINE
8
BLACK
6
CONTINUOUS
10
0.1797723228346457
20
0.4021259842519685
11
0.1202277165354331
21
0.4021259842519685
0
LINE
8
BLACK
6
CONTINUOUS
10
0.1202277165354331
20
0.4021259842519685
11
0.12
21
0.4021259842519685
0
LINE
8
BLACK
6
CONTINUOUS
10
0.12
20
0.4021259842519685
11
0.1196813385826772
21
0.4021893307086614
0
LINE
8
BLACK
6
CONTINUOUS
10
0.1196813385826772
20
0.4021893307086614
11
0.1183411417322835
21
0.4023448425196851
0
LINE
8
BLACK
6
CONTINUOUS
10
0.1183411417322835
20
0.4023448425196851
11
0.1178832283464567
21
0.4025470078740158
0
LINE
8
BLACK
6
CONTINUOUS
10
0.1178832283464567
20
0.4025470078740158
11
0.1169867322834646
21
0.4027253543307087
0
LINE
8
BLACK
6
CONTINUOUS
10
0.1169867322834646
20
0.4027253543307087
11
0.1160269291338583
21
0.4033666535433071
0
LINE
8
BLACK
6
CONTINUOUS
10
0.1160269291338583
20
0.4033666535433071
11
0.1155886614173228
21
0.4035601968503937
0
LINE
8
BLACK
6
CONTINUOUS
10
0.1155886614173228
20
0.4035601968503937
11
0.1152892519685039
21
0.4038595669291338
0
LINE
8
BLACK
6
CONTINUOUS
10
0.1152892519685039
20
0.4038595669291338
11
0.1144322440944882
21
0.4044322440944882
0
LINE
8
BLACK
6
CONTINUOUS
10
0.1144322440944882
20
0.4044322440944882
11
0.1138595669291339
21
0.4052892519685039
0
LINE
8
BLACK
6
CONTINUOUS
10
0.1138595669291339
20
0.4052892519685039
11
0.1135601968503937
21
0.4055886614173228
0
LINE
8
BLACK
6
CONTINUOUS
10
0.1135601968503937
20
0.4055886614173228
11
0.1133666535433071
21
0.4060269291338582
0
LINE
8
BLACK
6
CONTINUOUS
10
0.1133666535433071
20
0.4060269291338582
11
0.1127253543307087
21
0.4069867322834645
0
LINE
8
BLACK
6
CONTINUOUS
10
0.1127253543307087
20
0.4069867322834645
11
0.1125470078740157
21
0.4078832283464567
0
LINE
8
BLACK
6
CONTINUOUS
10
0.1125470078740157
20
0.4078832283464567
11
0.112344842519685
21
0.4083411417322835
0
LINE
8
BLACK
6
CONTINUOUS
10
0.112344842519685
20
0.4083411417322835
11
0.1121893307086614
21
0.4096814173228346
0
LINE
8
BLACK
6
CONTINUOUS
10
0.1121893307086614
20
0.4096814173228346
11
0.1121259842519685
21
0.41
0
LINE
8
BLACK
6
CONTINUOUS
10
0.1121259842519685
20
0.41
11
0.1121259842519685
21
0.47
0
LINE
8
BLACK
6
CONTINUOUS
10
0.1121259842519685
20
0.47
11
0.1121893700787401
21
0.4703187007874016
0
LINE
8
BLACK
6
CONTINUOUS
10
0.1121893700787401
20
0.4703187007874016
11
0.112344842519685
21
0.4716588188976378
0
LINE
8
BLACK
6
CONTINUOUS
10
0.112344842519685
20
0.4716588188976378
11
0.1125470078740157
21
0.4721166929133858
0
LINE
8
BLACK
6
CONTINUOUS
10
0.1125470078740157
20
0.4721166929133858
11
0.1127253543307087
21
0.4730132677165354
0
LINE
8
BLACK
6
CONTINUOUS
10
0.1127253543307087
20
0.4730132677165354
11
0.1133666929133858
21
0.4739731102362205
0
LINE
8
BLACK
6
CONTINUOUS
10
0.1133666929133858
20
0.4739731102362205
11
0.1135601968503937
21
0.4744112992125984
0
LINE
8
BLACK
6
CONTINUOUS
10
0.1135601968503937
20
0.4744112992125984
11
0.1138594881889764
21
0.4747105905511811
0
LINE
8
BLACK
6
CONTINUOUS
10
0.1138594881889764
20
0.4747105905511811
11
0.1144322440944882
21
0.4755677559055118
0
LINE
8
BLACK
6
CONTINUOUS
10
0.1144322440944882
20
0.4755677559055118
11
0.1152893700787402
21
0.4761404724409449
0
LINE
8
BLACK
6
CONTINUOUS
10
0.1152893700787402
20
0.4761404724409449
11
0.1155886614173228
21
0.4764397637795276
0
LINE
8
BLACK
6
CONTINUOUS
10
0.1155886614173228
20
0.4764397637795276
11
0.1160267716535433
21
0.476633188976378
0
LINE
8
BLACK
6
CONTINUOUS
10
0.1160267716535433
20
0.476633188976378
11
0.1169867322834646
21
0.4772746456692913
0
LINE
8
BLACK
6
CONTINUOUS
10
0.1169867322834646
20
0.4772746456692913
11
0.1178833858267716
21
0.4774529921259842
0
LINE
8
BLACK
6
CONTINUOUS
10
0.1178833858267716
20
0.4774529921259842
11
0.1183411417322835
21
0.4776551181102362
0
LINE
8
BLACK
6
CONTINUOUS
10
0.1183411417322835
20
0.4776551181102362
11
0.1196809448818898
21
0.4778105511811023
0
LINE
8
BLACK
6
CONTINUOUS
10
0.1196809448818898
20
0.4778105511811023
11
0.12
21
0.4778740157480315
0
LINE
8
BLACK
6
CONTINUOUS
10
0.12
20
0.4778740157480315
11
0.18
21
0.4778740157480315
0
LINE
8
BLACK
6
CONTINUOUS
10
0.18
20
0.4778740157480315
11
0.1803191732283465
21
0.4778105118110236
0
LINE
8
BLACK
6
CONTINUOUS
10
0.2803191732283464
20
0.4778105118110236
11
0.2816588188976378
21
0.4776551181102362
0
LINE
8
BLACK
6
CONTINUOUS
10
0.2816588188976378
20
0.4776551181102362
11
0.2821164960629921
21
0.4774529921259842
0
LINE
8
BLACK
6
CONTINUOUS
10
0.2821164960629921
20
0.4774529921259842
11
0.2830132677165354
21
0.4772746456692913
0
LINE
8
BLACK
6
CONTINUOUS
10
0.2830132677165354
20
0.4772746456692913
11
0.2839732677165354
21
0.4766331496062992
0
LINE
8
BLACK
6
CONTINUOUS
10
0.2839732677165354
20
0.4766331496062992
11
0.2844112992125984
21
0.4764397637795276
0
LINE
8
BLACK
6
CONTINUOUS
10
0.2844112992125984
20
0.4764397637795276
11
0.2847104724409449
21
0.4761405511811024
0
LINE
8
BLACK
6
CONTINUOUS
10
0.2847104724409449
20
0.4761405511811024
11
0.2855677559055118
21
0.4755677559055118
0
LINE
8
BLACK
6
CONTINUOUS
10
0.2855677559055118
20
0.4755677559055118
11
0.2861405511811024
21
0.4747104724409449
0
LINE
8
BLACK
6
CONTINUOUS
10
0.2861405511811024
20
0.4747104724409449
11
0.2864397637795276
21
0.4744112992125984
0
LINE
8
BLACK
6
CONTINUOUS
10
0.2864397637795276
20
0.4744112992125984
11
0.2866331496062992
21
0.4739732677165354
0
LINE
8
BLACK
6
CONTINUOUS
10
0.2866331496062992
20
0.4739732677165354
11
0.2872746456692913
21
0.4730132677165354
0
LINE
8
BLACK
6
CONTINUOUS
10
0.2872746456692913
20
0.4730132677165354
11
0.2874529921259842
21
0.4721164960629921
0
LINE
8
BLACK
6
CONTINUOUS
10
0.2874529921259842
20
0.4721164960629921
11
0.2876551181102362
21
0.4716588188976378
0
LINE
8
BLACK
6
CONTINUOUS
10
0.2876551181102362
20
0.4716588188976378
11
0.2878105118110236
21
0.470319094488189
0
LINE
8
BLACK
6
CONTINUOUS
10
0.2878105118110236
20
0.470319094488189
11
0.2878740157480315
21
0.47
0
LINE
8
BLACK
6
CONTINUOUS
10
0.2878740157480315
20
0.47
11
0.2878740157480315
21
0.41
0
LINE
8
BLACK
6
CONTINUOUS
10
0.2878740157480315
20
0.41
11
0.2878105118110236
21
0.4096808661417323
0
LINE
8
BLACK
6
CONTINUOUS
10
0.2878105118110236
20
0.4096808661417323
11
0.2876551181102362
21
0.4083411417322835
0
LINE
8
BLACK
6
CONTINUOUS
10
0.2876551181102362
20
0.4083411417322835
11
0.2874529921259842
21
0.4078833858267716
0
LINE
8
BLACK
6
CONTINUOUS
10
0.2874529921259842
20
0.4078833858267716
11
0.2872746456692913
21
0.4069867322834645
0
LINE
8
BLACK
6
CONTINUOUS
10
0.2872746456692913
20
0.4069867322834645
11
0.286633188976378
21
0.4060267716535433
0
LINE
8
BLACK
6
CONTINUOUS
10
0.286633188976378
20
0.4060267716535433
11
0.2864397637795276
21
0.4055886614173228
0
LINE
8
BLACK
6
CONTINUOUS
10
0.2864397637795276
20
0.4055886614173228
11
0.2861404724409449
21
0.4052893700787402
0
LINE
8
BLACK
6
CONTINUOUS
10
0.2861404724409449
20
0.4052893700787402
11
0.2855677559055118
21
0.4044322440944882
0
LINE
8
BLACK
6
CONTINUOUS
10
0.2855677559055118
20
0.4044322440944882
11
0.2847105905511811
21
0.4038594881889764
0
LINE
8
BLACK
6
CONTINUOUS
10
0.2847105905511811
20
0.4038594881889764
11
0.2844112992125984
21
0.4035601968503937
0
LINE
8
BLACK
6
CONTINUOUS
10
0.2844112992125984
20
0.4035601968503937
11
0.2839731102362205
21
0.4033666929133858
0
LINE
8
BLACK
6
CONTINUOUS
10
0.2839731102362205
20
0.4033666929133858
11
0.2830132677165354
21
0.4027253543307087
0
LINE
8
BLACK
6
CONTINUOUS
10
0.2830132677165354
20
0.4027253543307087
11
0.2821166929133858
21
0.4025470078740158
0
LINE
8
BLACK
6
CONTINUOUS
10
0.2821166929133858
20
0.4025470078740158
11
0.2816588188976378
21
0.4023448425196851
0
LINE
8
BLACK
6
CONTINUOUS
10
0.2816588188976378
20
0.4023448425196851
11
0.2803186220472441
21
0.4021893307086614
0
LINE
8
BLACK
6
CONTINUOUS
10
0.2803186220472441
20
0.4021893307086614
11
0.28
21
0.4021259842519685
0
LINE
8
BLACK
6
CONTINUOUS
10
0.28
20
0.4021259842519685
11
0.2797723228346456
21
0.4021259842519685
0
LINE
8
BLACK
6
CONTINUOUS
10
0.2797723228346456
20
0.4021259842519685
11
0.2202277165354331
21
0.4021259842519685
0
LINE
8
BLACK
6
CONTINUOUS
10
0.2202277165354331
20
0.4021259842519685
11
0.22
21
0.4021259842519685
0
LINE
8
BLACK
6
CONTINUOUS
10
0.22
20
0.4021259842519685
11
0.2196813385826772
21
0.4021893307086614
0
LINE
8
BLACK
6
CONTINUOUS
10
0.2196813385826772
20
0.4021893307086614
11
0.2183411417322835
21
0.4023448425196851
0
LINE
8
BLACK
6
CONTINUOUS
10
0.2183411417322835
20
0.4023448425196851
11
0.2178832283464567
21
0.4025470078740158
0
LINE
8
BLACK
6
CONTINUOUS
10
0.2178832283464567
20
0.4025470078740158
11
0.2169867322834646
21
0.4027253543307087
0
LINE
8
BLACK
6
CONTINUOUS
10
0.2169867322834646
20
0.4027253543307087
11
0.2160269291338583
21
0.4033666535433071
0
LINE
8
BLACK
6
CONTINUOUS
10
0.2160269291338583
20
0.4033666535433071
11
0.2155886614173228
21
0.4035601968503937
0
LINE
8
BLACK
6
CONTINUOUS
10
0.2155886614173228
20
0.4035601968503937
11
0.2152892519685039
21
0.4038595669291338
0
LINE
8
BLACK
6
CONTINUOUS
10
0.2152892519685039
20
0.4038595669291338
11
0.2144322440944882
21
0.4044322440944882
0
LINE
8
BLACK
6
CONTINUOUS
10
0.2144322440944882
20
0.4044322440944882
11
0.2138595669291339
21
0.4052892519685039
0
LINE
8
BLACK
6
CONTINUOUS
10
0.2138595669291339
20
0.4052892519685039
11
0.2135601968503937
21
0.4055886614173228
0
LINE
8
BLACK
6
CONTINUOUS
10
0.2135601968503937
20
0.4055886614173228
11
0.2133666535433071
21
0.4060269291338582
0
LINE
8
BLACK
6
CONTINUOUS
10
0.2133666535433071
20
0.4060269291338582
11
0.2127253543307087
21
0.4069867322834645
0
LINE
8
BLACK
6
CONTINUOUS
10
0.2127253543307087
20
0.4069867322834645
11
0.2125470078740157
21
0.4078832283464567
0
LINE
8
BLACK
6
CONTINUOUS
10
0.2125470078740157
20
0.4078832283464567
11
0.212344842519685
21
0.4083411417322835
0
LINE
8
BLACK
6
CONTINUOUS
10
0.212344842519685
20
0.4083411417322835
11
0.2121893307086614
21
0.4096814173228346
0
LINE
8
BLACK
6
CONTINUOUS
10
0.2121893307086614
20
0.4096814173228346
11
0.2121259842519685
21
0.41
0
LINE
8
BLACK
6
CONTINUOUS
10
0.2121259842519685
20
0.41
11
0.2121259842519685
21
0.47
0
LINE
8
BLACK
6
CONTINUOUS
10
0.2121259842519685
20
0.47
11
0.2121893700787401
21
0.4703187007874016
0
LINE
8
BLACK
6
CONTINUOUS
10
0.2121893700787401
20
0.4703187007874016
11
0.212344842519685
21
0.4716588188976378
0
LINE
8
BLACK
6
CONTINUOUS
10
0.212344842519685
20
0.4716588188976378
11
0.2125470078740157
21
0.4721166929133858
0
LINE
8
BLACK
6
CONTINUOUS
10
0.2125470078740157
20
0.4721166929133858
11
0.2127253543307087
21
0.4730132677165354
0
LINE
8
BLACK
6
CONTINUOUS
10
0.2127253543307087
20
0.4730132677165354
11
0.2133666929133858
21
0.4739731102362205
0
LINE
8
BLACK
6
CONTINUOUS
10
0.2133666929133858
20
0.4739731102362205
11
0.2135601968503937
21
0.4744112992125984
0
LINE
8
BLACK
6
CONTINUOUS
10
0.2135601968503937
20
0.4744112992125984
11
0.2138594881889764
21
0.4747105905511811
0
LINE
8
BLACK
6
CONTINUOUS
10
0.2138594881889764
20
0.4747105905511811
11
0.2144322440944882
21
0.4755677559055118
0
LINE
8
BLACK
6
CONTINUOUS
10
0.2144322440944882
20
0.4755677559055118
11
0.2152893700787402
21
0.4761404724409449
0
LINE
8
BLACK
6
CONTINUOUS
10
0.2152893700787402
20
0.4761404724409449
11
0.2155886614173228
21
0.4764397637795276
0
LINE
8
BLACK
6
CONTINUOUS
10
0.2155886614173228
20
0.4764397637795276
11
0.2160267716535433
21
0.476633188976378
0
LINE
8
BLACK
6
CONTINUOUS
10
0.2160267716535433
20
0.476633188976378
11
0.2169867322834646
21
0.4772746456692913
0
LINE
8
BLACK
6
CONTINUOUS
10
0.2169867322834646
20
0.4772746456692913
11
0.2178833858267716
21
0.4774529921259842
0
LINE
8
BLACK
6
CONTINUOUS
10
0.2178833858267716
20
0.4774529921259842
11
0.2183411417322835
21
0.4776551181102362
0
LINE
8
BLACK
6
CONTINUOUS
10
0.2183411417322835
20
0.4776551181102362
11
0.2196809448818898
21
0.4778105511811023
0
LINE
8
BLACK
6
CONTINUOUS
10
0.2196809448818898
20
0.4778105511811023
11
0.22
21
0.4778740157480315
0
LINE
8
BLACK
6
CONTINUOUS
10
0.22
20
0.4778740157480315
11
0.28
21
0.4778740157480315
0
LINE
8
BLACK
6
CONTINUOUS
10
0.28
20
0.4778740157480315
11
0.2803191732283464
21
0.4778105118110236
0
LINE
8
BLACK
6
CONTINUOUS
10
1.3803191732283464
20
0.5678105118110236
11
1.3816588188976378
21
0.5676551181102362
0
LINE
8
BLACK
6
CONTINUOUS
10
1.3816588188976378
20
0.5676551181102362
11
1.3821164960629921
21
0.5674529921259842
0
LINE
8
BLACK
6
CONTINUOUS
10
1.3821164960629921
20
0.5674529921259842
11
1.3830132677165354
21
0.5672746456692913
0
LINE
8
BLACK
6
CONTINUOUS
10
1.3830132677165354
20
0.5672746456692913
11
1.3839732677165355
21
0.5666331496062992
0
LINE
8
BLACK
6
CONTINUOUS
10
1.3839732677165355
20
0.5666331496062992
11
1.3844112992125983
21
0.5664397637795275
0
LINE
8
BLACK
6
CONTINUOUS
10
1.3844112992125983
20
0.5664397637795275
11
1.3847104724409449
21
0.5661405511811024
0
LINE
8
BLACK
6
CONTINUOUS
10
1.3847104724409449
20
0.5661405511811024
11
1.3855677559055117
21
0.5655677559055118
0
LINE
8
BLACK
6
CONTINUOUS
10
1.3855677559055117
20
0.5655677559055118
11
1.3861405511811022
21
0.5647104724409449
0
LINE
8
BLACK
6
CONTINUOUS
10
1.3861405511811022
20
0.5647104724409449
11
1.3864397637795276
21
0.5644112992125984
0
LINE
8
BLACK
6
CONTINUOUS
10
1.3864397637795276
20
0.5644112992125984
11
1.3866331496062991
21
0.5639732677165354
0
LINE
8
BLACK
6
CONTINUOUS
10
1.3866331496062991
20
0.5639732677165354
11
1.3872746456692913
21
0.5630132677165354
0
LINE
8
BLACK
6
CONTINUOUS
10
1.3872746456692913
20
0.5630132677165354
11
1.3874529921259842
21
0.5621164960629921
0
LINE
8
BLACK
6
CONTINUOUS
10
1.3874529921259842
20
0.5621164960629921
11
1.3876551181102361
21
0.5616588188976378
0
LINE
8
BLACK
6
CONTINUOUS
10
1.3876551181102361
20
0.5616588188976378
11
1.3878105118110236
21
0.560319094488189
0
LINE
8
BLACK
6
CONTINUOUS
10
1.3878105118110236
20
0.560319094488189
11
1.3878740157480314
21
0.5599999999999999
0
LINE
8
BLACK
6
CONTINUOUS
10
1.3878740157480314
20
0.5599999999999999
11
1.3878740157480314
21
0.5
0
LINE
8
BLACK
6
CONTINUOUS
10
1.3878740157480314
20
0.5
11
1.3878105118110236
21
0.4996808661417323
0
LINE
8
BLACK
6
CONTINUOUS
10
1.3878105118110236
20
0.4996808661417323
11
1.3876551181102361
21
0.4983411417322834
0
LINE
8
BLACK
6
CONTINUOUS
10
1.3876551181102361
20
0.4983411417322834
11
1.3874529921259842
21
0.4978833858267717
0
LINE
8
BLACK
6
CONTINUOUS
10
1.3874529921259842
20
0.4978833858267717
11
1.3872746456692913
21
0.4969867322834646
0
LINE
8
BLACK
6
CONTINUOUS
10
1.3872746456692913
20
0.4969867322834646
11
1.3866331889763779
21
0.4960267716535433
0
LINE
8
BLACK
6
CONTINUOUS
10
1.3866331889763779
20
0.4960267716535433
11
1.3864397637795276
21
0.4955886614173228
0
LINE
8
BLACK
6
CONTINUOUS
10
1.3864397637795276
20
0.4955886614173228
11
1.386140472440945
21
0.4952893700787401
0
LINE
8
BLACK
6
CONTINUOUS
10
1.386140472440945
20
0.4952893700787401
11
1.3855677559055117
21
0.4944322440944882
0
LINE
8
BLACK
6
CONTINUOUS
10
1.3855677559055117
20
0.4944322440944882
11
1.3847105905511812
21
0.4938594881889763
0
LINE
8
BLACK
6
CONTINUOUS
10
1.3847105905511812
20
0.4938594881889763
11
1.3844112992125983
21
0.4935601968503937
0
LINE
8
BLACK
6
CONTINUOUS
10
1.3844112992125983
20
0.4935601968503937
11
1.3839731102362205
21
0.4933666929133858
0
LINE
8
BLACK
6
CONTINUOUS
10
1.3839731102362205
20
0.4933666929133858
11
1.3830132677165354
21
0.4927253543307086
0
LINE
8
BLACK
6
CONTINUOUS
10
1.3830132677165354
20
0.4927253543307086
11
1.3821166929133859
21
0.4925470078740157
0
LINE
8
BLACK
6
CONTINUOUS
10
1.3821166929133859
20
0.4925470078740157
11
1.3816588188976378
21
0.492344842519685
0
LINE
8
BLACK
6
CONTINUOUS
10
1.3816588188976378
20
0.492344842519685
11
1.3803186220472441
21
0.4921893307086614
0
LINE
8
BLACK
6
CONTINUOUS
10
1.3803186220472441
20
0.4921893307086614
11
1.3799999999999999
21
0.4921259842519685
0
LINE
8
BLACK
6
CONTINUOUS
10
1.3799999999999999
20
0.4921259842519685
11
1.3797723228346457
21
0.4921259842519685
0
LINE
8
BLACK
6
CONTINUOUS
10
1.3797723228346457
20
0.4921259842519685
11
1.320227716535433
21
0.4921259842519685
0
LINE
8
BLACK
6
CONTINUOUS
10
1.320227716535433
20
0.4921259842519685
11
1.3200000000000001
21
0.4921259842519685
0
LINE
8
BLACK
6
CONTINUOUS
10
1.3200000000000001
20
0.4921259842519685
11
1.3196813385826771
21
0.4921893307086614
0
LINE
8
BLACK
6
CONTINUOUS
10
1.3196813385826771
20
0.4921893307086614
11
1.3183411417322835
21
0.492344842519685
0
LINE
8
BLACK
6
CONTINUOUS
10
1.3183411417322835
20
0.492344842519685
11
1.3178832283464568
21
0.4925470078740157
0
LINE
8
BLACK
6
CONTINUOUS
10
1.3178832283464568
20
0.4925470078740157
11
1.3169867322834645
21
0.4927253543307086
0
LINE
8
BLACK
6
CONTINUOUS
10
1.3169867322834645
20
0.4927253543307086
11
1.3160269291338582
21
0.4933666535433071
0
LINE
8
BLACK
6
CONTINUOUS
10
1.3160269291338582
20
0.4933666535433071
11
1.3155886614173229
21
0.4935601968503937
0
LINE
8
BLACK
6
CONTINUOUS
10
1.3155886614173229
20
0.4935601968503937
11
1.315289251968504
21
0.4938595669291339
0
LINE
8
BLACK
6
CONTINUOUS
10
1.315289251968504
20
0.4938595669291339
11
1.3144322440944882
21
0.4944322440944882
0
LINE
8
BLACK
6
CONTINUOUS
10
1.3144322440944882
20
0.4944322440944882
11
1.3138595669291337
21
0.4952892519685039
0
LINE
8
BLACK
6
CONTINUOUS
10
1.3138595669291337
20
0.4952892519685039
11
1.3135601968503936
21
0.4955886614173228
0
LINE
8
BLACK
6
CONTINUOUS
10
1.3135601968503936
20
0.4955886614173228
11
1.3133666535433071
21
0.4960269291338583
0
LINE
8
BLACK
6
CONTINUOUS
10
1.3133666535433071
20
0.4960269291338583
11
1.3127253543307087
21
0.4969867322834646
0
LINE
8
BLACK
6
CONTINUOUS
10
1.3127253543307087
20
0.4969867322834646
11
1.3125470078740158
21
0.4978832283464567
0
LINE
8
BLACK
6
CONTINUOUS
10
1.3125470078740158
20
0.4978832283464567
11
1.3123448425196851
21
0.4983411417322834
0
LINE
8
BLACK
6
CONTINUOUS
10
1.3123448425196851
20
0.4983411417322834
11
1.3121893307086614
21
0.4996814173228346
0
LINE
8
BLACK
6
CONTINUOUS
10
1.3121893307086614
20
0.4996814173228346
11
1.3121259842519686
21
0.5
0
LINE
8
BLACK
6
CONTINUOUS
10
1.3121259842519686
20
0.5
11
1.3121259842519686
21
0.5599999999999999
0
LINE
8
BLACK
6
CONTINUOUS
10
1.3121259842519686
20
0.5599999999999999
11
1.3121893700787401
21
0.5603187007874015
0
LINE
8
BLACK
6
CONTINUOUS
10
1.3121893700787401
20
0.5603187007874015
11
1.3123448425196851
21
0.5616588188976378
0
LINE
8
BLACK
6
CONTINUOUS
10
1.3123448425196851
20
0.5616588188976378
11
1.3125470078740158
21
0.5621166929133858
0
LINE
8
BLACK
6
CONTINUOUS
10
1.3125470078740158
20
0.5621166929133858
11
1.3127253543307087
21
0.5630132677165354
0
LINE
8
BLACK
6
CONTINUOUS
10
1.3127253543307087
20
0.5630132677165354
11
1.3133666929133858
21
0.5639731102362204
0
LINE
8
BLACK
6
CONTINUOUS
10
1.3133666929133858
20
0.5639731102362204
11
1.3135601968503936
21
0.5644112992125984
0
LINE
8
BLACK
6
CONTINUOUS
10
1.3135601968503936
20
0.5644112992125984
11
1.3138594881889762
21
0.5647105905511811
0
LINE
8
BLACK
6
CONTINUOUS
10
1.3138594881889762
20
0.5647105905511811
11
1.3144322440944882
21
0.5655677559055118
0
LINE
8
BLACK
6
CONTINUOUS
10
1.3144322440944882
20
0.5655677559055118
11
1.31528937007874
21
0.5661404724409449
0
LINE
8
BLACK
6
CONTINUOUS
10
1.31528937007874
20
0.5661404724409449
11
1.3155886614173229
21
0.5664397637795275
0
LINE
8
BLACK
6
CONTINUOUS
10
1.3155886614173229
20
0.5664397637795275
11
1.3160267716535432
21
0.5666331889763779
0
LINE
8
BLACK
6
CONTINUOUS
10
1.3160267716535432
20
0.5666331889763779
11
1.3169867322834645
21
0.5672746456692913
0
LINE
8
BLACK
6
CONTINUOUS
10
1.3169867322834645
20
0.5672746456692913
11
1.3178833858267716
21
0.5674529921259842
0
LINE
8
BLACK
6
CONTINUOUS
10
1.3178833858267716
20
0.5674529921259842
11
1.3183411417322835
21
0.5676551181102362
0
LINE
8
BLACK
6
CONTINUOUS
10
1.3183411417322835
20
0.5676551181102362
11
1.3196809448818898
21
0.5678105511811024
0
LINE
8
BLACK
6
CONTINUOUS
10
1.3196809448818898
20
0.5678105511811024
11
1.3200000000000001
21
0.5678740157480315
0
LINE
8
BLACK
6
CONTINUOUS
10
1.3200000000000001
20
0.5678740157480315
11
1.3799999999999999
21
0.5678740157480315
0
LINE
8
BLACK
6
CONTINUOUS
10
1.3799999999999999
20
0.5678740157480315
11
1.3803191732283464
21
0.5678105118110236
0
LINE
8
BLACK
6
CONTINUOUS
10
1.4803191732283465
20
0.5678105118110236
11
1.4816588188976378
21
0.5676551181102362
0
LINE
8
BLACK
6
CONTINUOUS
10
1.4816588188976378
20
0.5676551181102362
11
1.482116496062992
21
0.5674529921259842
0
LINE
8
BLACK
6
CONTINUOUS
10
1.482116496062992
20
0.5674529921259842
11
1.4830132677165353
21
0.5672746456692913
0
LINE
8
BLACK
6
CONTINUOUS
10
1.4830132677165353
20
0.5672746456692913
11
1.4839732677165354
21
0.5666331496062992
0
LINE
8
BLACK
6
CONTINUOUS
10
1.4839732677165354
20
0.5666331496062992
11
1.4844112992125984
21
0.5664397637795275
0
LINE
8
BLACK
6
CONTINUOUS
10
1.4844112992125984
20
0.5664397637795275
11
1.4847104724409448
21
0.5661405511811024
0
LINE
8
BLACK
6
CONTINUOUS
10
1.4847104724409448
20
0.5661405511811024
11
1.4855677559055118
21
0.5655677559055118
0
LINE
8
BLACK
6
CONTINUOUS
10
1.4855677559055118
20
0.5655677559055118
11
1.4861405511811023
21
0.5647104724409449
0
LINE
8
BLACK
6
CONTINUOUS
10
1.4861405511811023
20
0.5647104724409449
11
1.4864397637795275
21
0.5644112992125984
0
LINE
8
BLACK
6
CONTINUOUS
10
1.4864397637795275
20
0.5644112992125984
11
1.4866331496062992
21
0.5639732677165354
0
LINE
8
BLACK
6
CONTINUOUS
10
1.4866331496062992
20
0.5639732677165354
11
1.4872746456692914
21
0.5630132677165354
0
LINE
8
BLACK
6
CONTINUOUS
10
1.4872746456692914
20
0.5630132677165354
11
1.4874529921259843
21
0.5621164960629921
0
LINE
8
BLACK
6
CONTINUOUS
10
1.4874529921259843
20
0.5621164960629921
11
1.4876551181102362
21
0.5616588188976378
0
LINE
8
BLACK
6
CONTINUOUS
10
1.4876551181102362
20
0.5616588188976378
11
1.4878105118110236
21
0.560319094488189
0
LINE
8
BLACK
6
CONTINUOUS
10
1.4878105118110236
20
0.560319094488189
11
1.4878740157480315
21
0.5599999999999999
0
LINE
8
BLACK
6
CONTINUOUS
10
1.4878740157480315
20
0.5599999999999999
11
1.4878740157480315
21
0.5
0
LINE
8
BLACK
6
CONTINUOUS
10
1.4878740157480315
20
0.5
11
1.4878105118110236
21
0.4996808661417323
0
LINE
8
BLACK
6
CONTINUOUS
10
1.4878105118110236
20
0.4996808661417323
11
1.4876551181102362
21
0.4983411417322834
0
LINE
8
BLACK
6
CONTINUOUS
10
1.4876551181102362
20
0.4983411417322834
11
1.4874529921259843
21
0.4978833858267717
0
LINE
8
BLACK
6
CONTINUOUS
10
1.4874529921259843
20
0.4978833858267717
11
1.4872746456692914
21
0.4969867322834646
0
LINE
8
BLACK
6
CONTINUOUS
10
1.4872746456692914
20
0.4969867322834646
11
1.486633188976378
21
0.4960267716535433
0
LINE
8
BLACK
6
CONTINUOUS
10
1.486633188976378
20
0.4960267716535433
11
1.4864397637795275
21
0.4955886614173228
0
LINE
8
BLACK
6
CONTINUOUS
10
1.4864397637795275
20
0.4955886614173228
11
1.4861404724409448
21
0.4952893700787401
0
LINE
8
BLACK
6
CONTINUOUS
10
1.4861404724409448
20
0.4952893700787401
11
1.4855677559055118
21
0.4944322440944882
0
LINE
8
BLACK
6
CONTINUOUS
10
1.4855677559055118
20
0.4944322440944882
11
1.484710590551181
21
0.4938594881889763
0
LINE
8
BLACK
6
CONTINUOUS
10
1.484710590551181
20
0.4938594881889763
11
1.4844112992125984
21
0.4935601968503937
0
LINE
8
BLACK
6
CONTINUOUS
10
1.4844112992125984
20
0.4935601968503937
11
1.4839731102362204
21
0.4933666929133858
0
LINE
8
BLACK
6
CONTINUOUS
10
1.4839731102362204
20
0.4933666929133858
11
1.4830132677165353
21
0.4927253543307086
0
LINE
8
BLACK
6
CONTINUOUS
10
1.4830132677165353
20
0.4927253543307086
11
1.4821166929133858
21
0.4925470078740157
0
LINE
8
BLACK
6
CONTINUOUS
10
1.4821166929133858
20
0.4925470078740157
11
1.4816588188976378
21
0.492344842519685
0
LINE
8
BLACK
6
CONTINUOUS
10
1.4816588188976378
20
0.492344842519685
11
1.480318622047244
21
0.4921893307086614
0
LINE
8
BLACK
6
CONTINUOUS
10
1.480318622047244
20
0.4921893307086614
11
1.48
21
0.4921259842519685
0
LINE
8
BLACK
6
CONTINUOUS
10
1.48
20
0.4921259842519685
11
1.4797723228346455
21
0.4921259842519685
0
LINE
8
BLACK
6
CONTINUOUS
10
1.4797723228346455
20
0.4921259842519685
11
1.4202277165354331
21
0.4921259842519685
0
LINE
8
BLACK
6
CONTINUOUS
10
1.4202277165354331
20
0.4921259842519685
11
1.4199999999999999
21
0.4921259842519685
0
LINE
8
BLACK
6
CONTINUOUS
10
1.4199999999999999
20
0.4921259842519685
11
1.4196813385826772
21
0.4921893307086614
0
LINE
8
BLACK
6
CONTINUOUS
10
1.4196813385826772
20
0.4921893307086614
11
1.4183411417322835
21
0.492344842519685
0
LINE
8
BLACK
6
CONTINUOUS
10
1.4183411417322835
20
0.492344842519685
11
1.4178832283464566
21
0.4925470078740157
0
LINE
8
BLACK
6
CONTINUOUS
10
1.4178832283464566
20
0.4925470078740157
11
1.4169867322834646
21
0.4927253543307086
0
LINE
8
BLACK
6
CONTINUOUS
10
1.4169867322834646
20
0.4927253543307086
11
1.4160269291338583
21
0.4933666535433071
0
LINE
8
BLACK
6
CONTINUOUS
10
1.4160269291338583
20
0.4933666535433071
11
1.4155886614173228
21
0.4935601968503937
0
LINE
8
BLACK
6
CONTINUOUS
10
1.4155886614173228
20
0.4935601968503937
11
1.4152892519685039
21
0.4938595669291339
0
LINE
8
BLACK
6
CONTINUOUS
10
1.4152892519685039
20
0.4938595669291339
11
1.4144322440944881
21
0.4944322440944882
0
LINE
8
BLACK
6
CONTINUOUS
10
1.4144322440944881
20
0.4944322440944882
11
1.4138595669291338
21
0.4952892519685039
0
LINE
8
BLACK
6
CONTINUOUS
10
1.4138595669291338
20
0.4952892519685039
11
1.4135601968503937
21
0.4955886614173228
0
LINE
8
BLACK
6
CONTINUOUS
10
1.4135601968503937
20
0.4955886614173228
11
1.4133666535433071
21
0.4960269291338583
0
LINE
8
BLACK
6
CONTINUOUS
10
1.4133666535433071
20
0.4960269291338583
11
1.4127253543307086
21
0.4969867322834646
0
LINE
8
BLACK
6
CONTINUOUS
10
1.4127253543307086
20
0.4969867322834646
11
1.4125470078740157
21
0.4978832283464567
0
LINE
8
BLACK
6
CONTINUOUS
10
1.4125470078740157
20
0.4978832283464567
11
1.412344842519685
21
0.4983411417322834
0
LINE
8
BLACK
6
CONTINUOUS
10
1.412344842519685
20
0.4983411417322834
11
1.4121893307086615
21
0.4996814173228346
0
LINE
8
BLACK
6
CONTINUOUS
10
1.4121893307086615
20
0.4996814173228346
11
1.4121259842519684
21
0.5
0
LINE
8
BLACK
6
CONTINUOUS
10
1.4121259842519684
20
0.5
11
1.4121259842519684
21
0.5599999999999999
0
LINE
8
BLACK
6
CONTINUOUS
10
1.4121259842519684
20
0.5599999999999999
11
1.4121893700787402
21
0.5603187007874015
0
LINE
8
BLACK
6
CONTINUOUS
10
1.4121893700787402
20
0.5603187007874015
11
1.412344842519685
21
0.5616588188976378
0
LINE
8
BLACK
6
CONTINUOUS
10
1.412344842519685
20
0.5616588188976378
11
1.4125470078740157
21
0.5621166929133858
0
LINE
8
BLACK
6
CONTINUOUS
10
1.4125470078740157
20
0.5621166929133858
11
1.4127253543307086
21
0.5630132677165354
0
LINE
8
BLACK
6
CONTINUOUS
10
1.4127253543307086
20
0.5630132677165354
11
1.4133666929133859
21
0.5639731102362204
0
LINE
8
BLACK
6
CONTINUOUS
10
1.4133666929133859
20
0.5639731102362204
11
1.4135601968503937
21
0.5644112992125984
0
LINE
8
BLACK
6
CONTINUOUS
10
1.4135601968503937
20
0.5644112992125984
11
1.4138594881889763
21
0.5647105905511811
0
LINE
8
BLACK
6
CONTINUOUS
10
1.4138594881889763
20
0.5647105905511811
11
1.4144322440944881
21
0.5655677559055118
0
LINE
8
BLACK
6
CONTINUOUS
10
1.4144322440944881
20
0.5655677559055118
11
1.4152893700787401
21
0.5661404724409449
0
LINE
8
BLACK
6
CONTINUOUS
10
1.4152893700787401
20
0.5661404724409449
11
1.4155886614173228
21
0.5664397637795275
0
LINE
8
BLACK
6
CONTINUOUS
10
1.4155886614173228
20
0.5664397637795275
11
1.4160267716535433
21
0.5666331889763779
0
LINE
8
BLACK
6
CONTINUOUS
10
1.4160267716535433
20
0.5666331889763779
11
1.4169867322834646
21
0.5672746456692913
0
LINE
8
BLACK
6
CONTINUOUS
10
1.4169867322834646
20
0.5672746456692913
11
1.4178833858267716
21
0.5674529921259842
0
LINE
8
BLACK
6
CONTINUOUS
10
1.4178833858267716
20
0.5674529921259842
11
1.4183411417322835
21
0.5676551181102362
0
LINE
8
BLACK
6
CONTINUOUS
10
1.4183411417322835
20
0.5676551181102362
11
1.4196809448818897
21
0.5678105511811024
0
LINE
8
BLACK
6
CONTINUOUS
10
1.4196809448818897
20
0.5678105511811024
11
1.4199999999999999
21
0.5678740157480315
0
LINE
8
BLACK
6
CONTINUOUS
10
1.4199999999999999
20
0.5678740157480315
11
1.48
21
0.5678740157480315
0
LINE
8
BLACK
6
CONTINUOUS
10
1.48
20
0.5678740157480315
11
1.4803191732283465
21
0.5678105118110236
0
LINE
8
BLACK
6
CONTINUOUS
10
0.1803191732283465
20
0.5778105118110236
11
0.1816588188976378
21
0.5776551181102362
0
LINE
8
BLACK
6
CONTINUOUS
10
0.1816588188976378
20
0.5776551181102362
11
0.1821164960629921
21
0.5774529921259842
0
LINE
8
BLACK
6
CONTINUOUS
10
0.1821164960629921
20
0.5774529921259842
11
0.1830132677165354
21
0.5772746456692913
0
LINE
8
BLACK
6
CONTINUOUS
10
0.1830132677165354
20
0.5772746456692913
11
0.1839732677165354
21
0.5766331496062992
0
LINE
8
BLACK
6
CONTINUOUS
10
0.1839732677165354
20
0.5766331496062992
11
0.1844112992125984
21
0.5764397637795275
0
LINE
8
BLACK
6
CONTINUOUS
10
0.1844112992125984
20
0.5764397637795275
11
0.1847104724409449
21
0.5761405511811023
0
LINE
8
BLACK
6
CONTINUOUS
10
0.1847104724409449
20
0.5761405511811023
11
0.1855677559055118
21
0.5755677559055118
0
LINE
8
BLACK
6
CONTINUOUS
10
0.1855677559055118
20
0.5755677559055118
11
0.1861405511811024
21
0.5747104724409449
0
LINE
8
BLACK
6
CONTINUOUS
10
0.1861405511811024
20
0.5747104724409449
11
0.1864397637795276
21
0.5744112992125984
0
LINE
8
BLACK
6
CONTINUOUS
10
0.1864397637795276
20
0.5744112992125984
11
0.1866331496062992
21
0.5739732677165355
0
LINE
8
BLACK
6
CONTINUOUS
10
0.1866331496062992
20
0.5739732677165355
11
0.1872746456692913
21
0.5730132677165354
0
LINE
8
BLACK
6
CONTINUOUS
10
0.1872746456692913
20
0.5730132677165354
11
0.1874529921259842
21
0.5721164960629921
0
LINE
8
BLACK
6
CONTINUOUS
10
0.1874529921259842
20
0.5721164960629921
11
0.1876551181102362
21
0.5716588188976378
0
LINE
8
BLACK
6
CONTINUOUS
10
0.1876551181102362
20
0.5716588188976378
11
0.1878105118110236
21
0.570319094488189
0
LINE
8
BLACK
6
CONTINUOUS
10
0.1878105118110236
20
0.570319094488189
11
0.1878740157480315
21
0.57
0
LINE
8
BLACK
6
CONTINUOUS
10
0.1878740157480315
20
0.57
11
0.1878740157480315
21
0.51
0
LINE
8
BLACK
6
CONTINUOUS
10
0.1878740157480315
20
0.51
11
0.1878105118110236
21
0.5096808661417322
0
LINE
8
BLACK
6
CONTINUOUS
10
0.1878105118110236
20
0.5096808661417322
11
0.1876551181102362
21
0.5083411417322835
0
LINE
8
BLACK
6
CONTINUOUS
10
0.1876551181102362
20
0.5083411417322835
11
0.1874529921259842
21
0.5078833858267716
0
LINE
8
BLACK
6
CONTINUOUS
10
0.1874529921259842
20
0.5078833858267716
11
0.1872746456692913
21
0.5069867322834646
0
LINE
8
BLACK
6
CONTINUOUS
10
0.1872746456692913
20
0.5069867322834646
11
0.186633188976378
21
0.5060267716535433
0
LINE
8
BLACK
6
CONTINUOUS
10
0.186633188976378
20
0.5060267716535433
11
0.1864397637795276
21
0.5055886614173228
0
LINE
8
BLACK
6
CONTINUOUS
10
0.1864397637795276
20
0.5055886614173228
11
0.1861404724409449
21
0.5052893700787402
0
LINE
8
BLACK
6
CONTINUOUS
10
0.1861404724409449
20
0.5052893700787402
11
0.1855677559055118
21
0.5044322440944882
0
LINE
8
BLACK
6
CONTINUOUS
10
0.1855677559055118
20
0.5044322440944882
11
0.1847105905511811
21
0.5038594881889764
0
LINE
8
BLACK
6
CONTINUOUS
10
0.1847105905511811
20
0.5038594881889764
11
0.1844112992125984
21
0.5035601968503937
0
LINE
8
BLACK
6
CONTINUOUS
10
0.1844112992125984
20
0.5035601968503937
11
0.1839731102362205
21
0.5033666929133858
0
LINE
8
BLACK
6
CONTINUOUS
10
0.1839731102362205
20
0.5033666929133858
11
0.1830132677165354
21
0.5027253543307086
0
LINE
8
BLACK
6
CONTINUOUS
10
0.1830132677165354
20
0.5027253543307086
11
0.1821166929133858
21
0.5025470078740157
0
LINE
8
BLACK
6
CONTINUOUS
10
0.1821166929133858
20
0.5025470078740157
11
0.1816588188976378
21
0.502344842519685
0
LINE
8
BLACK
6
CONTINUOUS
10
0.1816588188976378
20
0.502344842519685
11
0.1803186220472441
21
0.5021893307086615
0
LINE
8
BLACK
6
CONTINUOUS
10
0.1803186220472441
20
0.5021893307086615
11
0.18
21
0.5021259842519685
0
LINE
8
BLACK
6
CONTINUOUS
10
0.18
20
0.5021259842519685
11
0.1797723228346457
21
0.5021259842519685
0
LINE
8
BLACK
6
CONTINUOUS
10
0.1797723228346457
20
0.5021259842519685
11
0.1202277165354331
21
0.5021259842519685
0
LINE
8
BLACK
6
CONTINUOUS
10
0.1202277165354331
20
0.5021259842519685
11
0.12
21
0.5021259842519685
0
LINE
8
BLACK
6
CONTINUOUS
10
0.12
20
0.5021259842519685
11
0.1196813385826772
21
0.5021893307086615
0
LINE
8
BLACK
6
CONTINUOUS
10
0.1196813385826772
20
0.5021893307086615
11
0.1183411417322835
21
0.502344842519685
0
LINE
8
BLACK
6
CONTINUOUS
10
0.1183411417322835
20
0.502344842519685
11
0.1178832283464567
21
0.5025470078740157
0
LINE
8
BLACK
6
CONTINUOUS
10
0.1178832283464567
20
0.5025470078740157
11
0.1169867322834646
21
0.5027253543307086
0
LINE
8
BLACK
6
CONTINUOUS
10
0.1169867322834646
20
0.5027253543307086
11
0.1160269291338583
21
0.5033666535433071
0
LINE
8
BLACK
6
CONTINUOUS
10
0.1160269291338583
20
0.5033666535433071
11
0.1155886614173228
21
0.5035601968503937
0
LINE
8
BLACK
6
CONTINUOUS
10
0.1155886614173228
20
0.5035601968503937
11
0.1152892519685039
21
0.5038595669291338
0
LINE
8
BLACK
6
CONTINUOUS
10
0.1152892519685039
20
0.5038595669291338
11
0.1144322440944882
21
0.5044322440944882
0
LINE
8
BLACK
6
CONTINUOUS
10
0.1144322440944882
20
0.5044322440944882
11
0.1138595669291339
21
0.5052892519685039
0
LINE
8
BLACK
6
CONTINUOUS
10
0.1138595669291339
20
0.5052892519685039
11
0.1135601968503937
21
0.5055886614173228
0
LINE
8
BLACK
6
CONTINUOUS
10
0.1135601968503937
20
0.5055886614173228
11
0.1133666535433071
21
0.5060269291338583
0
LINE
8
BLACK
6
CONTINUOUS
10
0.1133666535433071
20
0.5060269291338583
11
0.1127253543307087
21
0.5069867322834646
0
LINE
8
BLACK
6
CONTINUOUS
10
0.1127253543307087
20
0.5069867322834646
11
0.1125470078740157
21
0.5078832283464567
0
LINE
8
BLACK
6
CONTINUOUS
10
0.1125470078740157
20
0.5078832283464567
11
0.112344842519685
21
0.5083411417322835
0
LINE
8
BLACK
6
CONTINUOUS
10
0.112344842519685
20
0.5083411417322835
11
0.1121893307086614
21
0.5096814173228347
0
LINE
8
BLACK
6
CONTINUOUS
10
0.1121893307086614
20
0.5096814173228347
11
0.1121259842519685
21
0.51
0
LINE
8
BLACK
6
CONTINUOUS
10
0.1121259842519685
20
0.51
11
0.1121259842519685
21
0.57
0
LINE
8
BLACK
6
CONTINUOUS
10
0.1121259842519685
20
0.57
11
0.1121893700787401
21
0.5703187007874015
0
LINE
8
BLACK
6
CONTINUOUS
10
0.1121893700787401
20
0.5703187007874015
11
0.112344842519685
21
0.5716588188976378
0
LINE
8
BLACK
6
CONTINUOUS
10
0.112344842519685
20
0.5716588188976378
11
0.1125470078740157
21
0.5721166929133858
0
LINE
8
BLACK
6
CONTINUOUS
10
0.1125470078740157
20
0.5721166929133858
11
0.1127253543307087
21
0.5730132677165354
0
LINE
8
BLACK
6
CONTINUOUS
10
0.1127253543307087
20
0.5730132677165354
11
0.1133666929133858
21
0.5739731102362204
0
LINE
8
BLACK
6
CONTINUOUS
10
0.1133666929133858
20
0.5739731102362204
11
0.1135601968503937
21
0.5744112992125984
0
LINE
8
BLACK
6
CONTINUOUS
10
0.1135601968503937
20
0.5744112992125984
11
0.1138594881889764
21
0.5747105905511811
0
LINE
8
BLACK
6
CONTINUOUS
10
0.1138594881889764
20
0.5747105905511811
11
0.1144322440944882
21
0.5755677559055118
0
LINE
8
BLACK
6
CONTINUOUS
10
0.1144322440944882
20
0.5755677559055118
11
0.1152893700787402
21
0.5761404724409449
0
LINE
8
BLACK
6
CONTINUOUS
10
0.1152893700787402
20
0.5761404724409449
11
0.1155886614173228
21
0.5764397637795275
0
LINE
8
BLACK
6
CONTINUOUS
10
0.1155886614173228
20
0.5764397637795275
11
0.1160267716535433
21
0.5766331889763779
0
LINE
8
BLACK
6
CONTINUOUS
10
0.1160267716535433
20
0.5766331889763779
11
0.1169867322834646
21
0.5772746456692913
0
LINE
8
BLACK
6
CONTINUOUS
10
0.1169867322834646
20
0.5772746456692913
11
0.1178833858267716
21
0.5774529921259842
0
LINE
8
BLACK
6
CONTINUOUS
10
0.1178833858267716
20
0.5774529921259842
11
0.1183411417322835
21
0.5776551181102362
0
LINE
8
BLACK
6
CONTINUOUS
10
0.1183411417322835
20
0.5776551181102362
11
0.1196809448818898
21
0.5778105511811024
0
LINE
8
BLACK
6
CONTINUOUS
10
0.1196809448818898
20
0.5778105511811024
11
0.12
21
0.5778740157480314
0
LINE
8
BLACK
6
CONTINUOUS
10
0.12
20
0.5778740157480314
11
0.18
21
0.5778740157480314
0
LINE
8
BLACK
6
CONTINUOUS
10
0.18
20
0.5778740157480314
11
0.1803191732283465
21
0.5778105118110236
0
LINE
8
BLACK
6
CONTINUOUS
10
0.2803191732283464
20
0.5778105118110236
11
0.2816588188976378
21
0.5776551181102362
0
LINE
8
BLACK
6
CONTINUOUS
10
0.2816588188976378
20
0.5776551181102362
11
0.2821164960629921
21
0.5774529921259842
0
LINE
8
BLACK
6
CONTINUOUS
10
0.2821164960629921
20
0.5774529921259842
11
0.2830132677165354
21
0.5772746456692913
0
LINE
8
BLACK
6
CONTINUOUS
10
0.2830132677165354
20
0.5772746456692913
11
0.2839732677165354
21
0.5766331496062992
0
LINE
8
BLACK
6
CONTINUOUS
10
0.2839732677165354
20
0.5766331496062992
11
0.2844112992125984
21
0.5764397637795275
0
LINE
8
BLACK
6
CONTINUOUS
10
0.2844112992125984
20
0.5764397637795275
11
0.2847104724409449
21
0.5761405511811023
0
LINE
8
BLACK
6
CONTINUOUS
10
0.2847104724409449
20
0.5761405511811023
11
0.2855677559055118
21
0.5755677559055118
0
LINE
8
BLACK
6
CONTINUOUS
10
0.2855677559055118
20
0.5755677559055118
11
0.2861405511811024
21
0.5747104724409449
0
LINE
8
BLACK
6
CONTINUOUS
10
0.2861405511811024
20
0.5747104724409449
11
0.2864397637795276
21
0.5744112992125984
0
LINE
8
BLACK
6
CONTINUOUS
10
0.2864397637795276
20
0.5744112992125984
11
0.2866331496062992
21
0.5739732677165355
0
LINE
8
BLACK
6
CONTINUOUS
10
0.2866331496062992
20
0.5739732677165355
11
0.2872746456692913
21
0.5730132677165354
0
LINE
8
BLACK
6
CONTINUOUS
10
0.2872746456692913
20
0.5730132677165354
11
0.2874529921259842
21
0.5721164960629921
0
LINE
8
BLACK
6
CONTINUOUS
10
0.2874529921259842
20
0.5721164960629921
11
0.2876551181102362
21
0.5716588188976378
0
LINE
8
BLACK
6
CONTINUOUS
10
0.2876551181102362
20
0.5716588188976378
11
0.2878105118110236
21
0.570319094488189
0
LINE
8
BLACK
6
CONTINUOUS
10
0.2878105118110236
20
0.570319094488189
11
0.2878740157480315
21
0.57
0
LINE
8
BLACK
6
CONTINUOUS
10
0.2878740157480315
20
0.57
11
0.2878740157480315
21
0.51
0
LINE
8
BLACK
6
CONTINUOUS
10
0.2878740157480315
20
0.51
11
0.2878105118110236
21
0.5096808661417322
0
LINE
8
BLACK
6
CONTINUOUS
10
0.2878105118110236
20
0.5096808661417322
11
0.2876551181102362
21
0.5083411417322835
0
LINE
8
BLACK
6
CONTINUOUS
10
0.2876551181102362
20
0.5083411417322835
11
0.2874529921259842
21
0.5078833858267716
0
LINE
8
BLACK
6
CONTINUOUS
10
0.2874529921259842
20
0.5078833858267716
11
0.2872746456692913
21
0.5069867322834646
0
LINE
8
BLACK
6
CONTINUOUS
10
0.2872746456692913
20
0.5069867322834646
11
0.286633188976378
21
0.5060267716535433
0
LINE
8
BLACK
6
CONTINUOUS
10
0.286633188976378
20
0.5060267716535433
11
0.2864397637795276
21
0.5055886614173228
0
LINE
8
BLACK
6
CONTINUOUS
10
0.2864397637795276
20
0.5055886614173228
11
0.2861404724409449
21
0.5052893700787402
0
LINE
8
BLACK
6
CONTINUOUS
10
0.2861404724409449
20
0.5052893700787402
11
0.2855677559055118
21
0.5044322440944882
0
LINE
8
BLACK
6
CONTINUOUS
10
0.2855677559055118
20
0.5044322440944882
11
0.2847105905511811
21
0.5038594881889764
0
LINE
8
BLACK
6
CONTINUOUS
10
0.2847105905511811
20
0.5038594881889764
11
0.2844112992125984
21
0.5035601968503937
0
LINE
8
BLACK
6
CONTINUOUS
10
0.2844112992125984
20
0.5035601968503937
11
0.2839731102362205
21
0.5033666929133858
0
LINE
8
BLACK
6
CONTINUOUS
10
0.2839731102362205
20
0.5033666929133858
11
0.2830132677165354
21
0.5027253543307086
0
LINE
8
BLACK
6
CONTINUOUS
10
0.2830132677165354
20
0.5027253543307086
11
0.2821166929133858
21
0.5025470078740157
0
LINE
8
BLACK
6
CONTINUOUS
10
0.2821166929133858
20
0.5025470078740157
11
0.2816588188976378
21
0.502344842519685
0
LINE
8
BLACK
6
CONTINUOUS
10
0.2816588188976378
20
0.502344842519685
11
0.2803186220472441
21
0.5021893307086615
0
LINE
8
BLACK
6
CONTINUOUS
10
0.2803186220472441
20
0.5021893307086615
11
0.28
21
0.5021259842519685
0
LINE
8
BLACK
6
CONTINUOUS
10
0.28
20
0.5021259842519685
11
0.2797723228346456
21
0.5021259842519685
0
LINE
8
BLACK
6
CONTINUOUS
10
0.2797723228346456
20
0.5021259842519685
11
0.2202277165354331
21
0.5021259842519685
0
LINE
8
BLACK
6
CONTINUOUS
10
0.2202277165354331
20
0.5021259842519685
11
0.22
21
0.5021259842519685
0
LINE
8
BLACK
6
CONTINUOUS
10
0.22
20
0.5021259842519685
11
0.2196813385826772
21
0.5021893307086615
0
LINE
8
BLACK
6
CONTINUOUS
10
0.2196813385826772
20
0.5021893307086615
11
0.2183411417322835
21
0.502344842519685
0
LINE
8
BLACK
6
CONTINUOUS
10
0.2183411417322835
20
0.502344842519685
11
0.2178832283464567
21
0.5025470078740157
0
LINE
8
BLACK
6
CONTINUOUS
10
0.2178832283464567
20
0.5025470078740157
11
0.2169867322834646
21
0.5027253543307086
0
LINE
8
BLACK
6
CONTINUOUS
10
0.2169867322834646
20
0.5027253543307086
11
0.2160269291338583
21
0.5033666535433071
0
LINE
8
BLACK
6
CONTINUOUS
10
0.2160269291338583
20
0.5033666535433071
11
0.2155886614173228
21
0.5035601968503937
0
LINE
8
BLACK
6
CONTINUOUS
10
0.2155886614173228
20
0.5035601968503937
11
0.2152892519685039
21
0.5038595669291338
0
LINE
8
BLACK
6
CONTINUOUS
10
0.2152892519685039
20
0.5038595669291338
11
0.2144322440944882
21
0.5044322440944882
0
LINE
8
BLACK
6
CONTINUOUS
10
0.2144322440944882
20
0.5044322440944882
11
0.2138595669291339
21
0.5052892519685039
0
LINE
8
BLACK
6
CONTINUOUS
10
0.2138595669291339
20
0.5052892519685039
11
0.2135601968503937
21
0.5055886614173228
0
LINE
8
BLACK
6
CONTINUOUS
10
0.2135601968503937
20
0.5055886614173228
11
0.2133666535433071
21
0.5060269291338583
0
LINE
8
BLACK
6
CONTINUOUS
10
0.2133666535433071
20
0.5060269291338583
11
0.2127253543307087
21
0.5069867322834646
0
LINE
8
BLACK
6
CONTINUOUS
10
0.2127253543307087
20
0.5069867322834646
11
0.2125470078740157
21
0.5078832283464567
0
LINE
8
BLACK
6
CONTINUOUS
10
0.2125470078740157
20
0.5078832283464567
11
0.212344842519685
21
0.5083411417322835
0
LINE
8
BLACK
6
CONTINUOUS
10
0.212344842519685
20
0.5083411417322835
11
0.2121893307086614
21
0.5096814173228347
0
LINE
8
BLACK
6
CONTINUOUS
10
0.2121893307086614
20
0.5096814173228347
11
0.2121259842519685
21
0.51
0
LINE
8
BLACK
6
CONTINUOUS
10
0.2121259842519685
20
0.51
11
0.2121259842519685
21
0.57
0
LINE
8
BLACK
6
CONTINUOUS
10
0.2121259842519685
20
0.57
11
0.2121893700787401
21
0.5703187007874015
0
LINE
8
BLACK
6
CONTINUOUS
10
0.2121893700787401
20
0.5703187007874015
11
0.212344842519685
21
0.5716588188976378
0
LINE
8
BLACK
6
CONTINUOUS
10
0.212344842519685
20
0.5716588188976378
11
0.2125470078740157
21
0.5721166929133858
0
LINE
8
BLACK
6
CONTINUOUS
10
0.2125470078740157
20
0.5721166929133858
11
0.2127253543307087
21
0.5730132677165354
0
LINE
8
BLACK
6
CONTINUOUS
10
0.2127253543307087
20
0.5730132677165354
11
0.2133666929133858
21
0.5739731102362204
0
LINE
8
BLACK
6
CONTINUOUS
10
0.2133666929133858
20
0.5739731102362204
11
0.2135601968503937
21
0.5744112992125984
0
LINE
8
BLACK
6
CONTINUOUS
10
0.2135601968503937
20
0.5744112992125984
11
0.2138594881889764
21
0.5747105905511811
0
LINE
8
BLACK
6
CONTINUOUS
10
0.2138594881889764
20
0.5747105905511811
11
0.2144322440944882
21
0.5755677559055118
0
LINE
8
BLACK
6
CONTINUOUS
10
0.2144322440944882
20
0.5755677559055118
11
0.2152893700787402
21
0.5761404724409449
0
LINE
8
BLACK
6
CONTINUOUS
10
0.2152893700787402
20
0.5761404724409449
11
0.2155886614173228
21
0.5764397637795275
0
LINE
8
BLACK
6
CONTINUOUS
10
0.2155886614173228
20
0.5764397637795275
11
0.2160267716535433
21
0.5766331889763779
0
LINE
8
BLACK
6
CONTINUOUS
10
0.2160267716535433
20
0.5766331889763779
11
0.2169867322834646
21
0.5772746456692913
0
LINE
8
BLACK
6
CONTINUOUS
10
0.2169867322834646
20
0.5772746456692913
11
0.2178833858267716
21
0.5774529921259842
0
LINE
8
BLACK
6
CONTINUOUS
10
0.2178833858267716
20
0.5774529921259842
11
0.2183411417322835
21
0.5776551181102362
0
LINE
8
BLACK
6
CONTINUOUS
10
0.2183411417322835
20
0.5776551181102362
11
0.2196809448818898
21
0.5778105511811024
0
LINE
8
BLACK
6
CONTINUOUS
10
0.2196809448818898
20
0.5778105511811024
11
0.22
21
0.5778740157480314
0
LINE
8
BLACK
6
CONTINUOUS
10
0.22
20
0.5778740157480314
11
0.28
21
0.5778740157480314
0
LINE
8
BLACK
6
CONTINUOUS
10
0.28
20
0.5778740157480314
11
0.2803191732283464
21
0.5778105118110236
0
LINE
8
BLACK
6
CONTINUOUS
10
1.3803191732283464
20
0.6678105118110236
11
1.3816588188976378
21
0.6676551181102363
0
LINE
8
BLACK
6
CONTINUOUS
10
1.3816588188976378
20
0.6676551181102363
11
1.3821164960629921
21
0.6674529921259842
0
LINE
8
BLACK
6
CONTINUOUS
10
1.3821164960629921
20
0.6674529921259842
11
1.3830132677165354
21
0.6672746456692913
0
LINE
8
BLACK
6
CONTINUOUS
10
1.3830132677165354
20
0.6672746456692913
11
1.3839732677165355
21
0.6666331496062992
0
LINE
8
BLACK
6
CONTINUOUS
10
1.3839732677165355
20
0.6666331496062992
11
1.3844112992125983
21
0.6664397637795275
0
LINE
8
BLACK
6
CONTINUOUS
10
1.3844112992125983
20
0.6664397637795275
11
1.3847104724409449
21
0.6661405511811024
0
LINE
8
BLACK
6
CONTINUOUS
10
1.3847104724409449
20
0.6661405511811024
11
1.3855677559055117
21
0.6655677559055118
0
LINE
8
BLACK
6
CONTINUOUS
10
1.3855677559055117
20
0.6655677559055118
11
1.3861405511811022
21
0.6647104724409448
0
LINE
8
BLACK
6
CONTINUOUS
10
1.3861405511811022
20
0.6647104724409448
11
1.3864397637795276
21
0.6644112992125984
0
LINE
8
BLACK
6
CONTINUOUS
10
1.3864397637795276
20
0.6644112992125984
11
1.3866331496062991
21
0.6639732677165354
0
LINE
8
BLACK
6
CONTINUOUS
10
1.3866331496062991
20
0.6639732677165354
11
1.3872746456692913
21
0.6630132677165355
0
LINE
8
BLACK
6
CONTINUOUS
10
1.3872746456692913
20
0.6630132677165355
11
1.3874529921259842
21
0.6621164960629922
0
LINE
8
BLACK
6
CONTINUOUS
10
1.3874529921259842
20
0.6621164960629922
11
1.3876551181102361
21
0.6616588188976378
0
LINE
8
BLACK
6
CONTINUOUS
10
1.3876551181102361
20
0.6616588188976378
11
1.3878105118110236
21
0.6603190944881889
0
LINE
8
BLACK
6
CONTINUOUS
10
1.3878105118110236
20
0.6603190944881889
11
1.3878740157480314
21
0.66
0
LINE
8
BLACK
6
CONTINUOUS
10
1.3878740157480314
20
0.66
11
1.3878740157480314
21
0.6
0
LINE
8
BLACK
6
CONTINUOUS
10
1.3878740157480314
20
0.6
11
1.3878105118110236
21
0.5996808661417322
0
LINE
8
BLACK
6
CONTINUOUS
10
1.3878105118110236
20
0.5996808661417322
11
1.3876551181102361
21
0.5983411417322835
0
LINE
8
BLACK
6
CONTINUOUS
10
1.3876551181102361
20
0.5983411417322835
11
1.3874529921259842
21
0.5978833858267716
0
LINE
8
BLACK
6
CONTINUOUS
10
1.3874529921259842
20
0.5978833858267716
11
1.3872746456692913
21
0.5969867322834645
0
LINE
8
BLACK
6
CONTINUOUS
10
1.3872746456692913
20
0.5969867322834645
11
1.3866331889763779
21
0.5960267716535433
0
LINE
8
BLACK
6
CONTINUOUS
10
1.3866331889763779
20
0.5960267716535433
11
1.3864397637795276
21
0.5955886614173228
0
LINE
8
BLACK
6
CONTINUOUS
10
1.3864397637795276
20
0.5955886614173228
11
1.386140472440945
21
0.5952893700787402
0
LINE
8
BLACK
6
CONTINUOUS
10
1.386140472440945
20
0.5952893700787402
11
1.3855677559055117
21
0.5944322440944881
0
LINE
8
BLACK
6
CONTINUOUS
10
1.3855677559055117
20
0.5944322440944881
11
1.3847105905511812
21
0.5938594881889764
0
LINE
8
BLACK
6
CONTINUOUS
10
1.3847105905511812
20
0.5938594881889764
11
1.3844112992125983
21
0.5935601968503937
0
LINE
8
BLACK
6
CONTINUOUS
10
1.3844112992125983
20
0.5935601968503937
11
1.3839731102362205
21
0.5933666929133858
0
LINE
8
BLACK
6
CONTINUOUS
10
1.3839731102362205
20
0.5933666929133858
11
1.3830132677165354
21
0.5927253543307086
0
LINE
8
BLACK
6
CONTINUOUS
10
1.3830132677165354
20
0.5927253543307086
11
1.3821166929133859
21
0.5925470078740157
0
LINE
8
BLACK
6
CONTINUOUS
10
1.3821166929133859
20
0.5925470078740157
11
1.3816588188976378
21
0.592344842519685
0
LINE
8
BLACK
6
CONTINUOUS
10
1.3816588188976378
20
0.592344842519685
11
1.3803186220472441
21
0.5921893307086614
0
LINE
8
BLACK
6
CONTINUOUS
10
1.3803186220472441
20
0.5921893307086614
11
1.3799999999999999
21
0.5921259842519685
0
LINE
8
BLACK
6
CONTINUOUS
10
1.3799999999999999
20
0.5921259842519685
11
1.3797723228346457
21
0.5921259842519685
0
LINE
8
BLACK
6
CONTINUOUS
10
1.3797723228346457
20
0.5921259842519685
11
1.320227716535433
21
0.5921259842519685
0
LINE
8
BLACK
6
CONTINUOUS
10
1.320227716535433
20
0.5921259842519685
11
1.3200000000000001
21
0.5921259842519685
0
LINE
8
BLACK
6
CONTINUOUS
10
1.3200000000000001
20
0.5921259842519685
11
1.3196813385826771
21
0.5921893307086614
0
LINE
8
BLACK
6
CONTINUOUS
10
1.3196813385826771
20
0.5921893307086614
11
1.3183411417322835
21
0.592344842519685
0
LINE
8
BLACK
6
CONTINUOUS
10
1.3183411417322835
20
0.592344842519685
11
1.3178832283464568
21
0.5925470078740157
0
LINE
8
BLACK
6
CONTINUOUS
10
1.3178832283464568
20
0.5925470078740157
11
1.3169867322834645
21
0.5927253543307086
0
LINE
8
BLACK
6
CONTINUOUS
10
1.3169867322834645
20
0.5927253543307086
11
1.3160269291338582
21
0.5933666535433071
0
LINE
8
BLACK
6
CONTINUOUS
10
1.3160269291338582
20
0.5933666535433071
11
1.3155886614173229
21
0.5935601968503937
0
LINE
8
BLACK
6
CONTINUOUS
10
1.3155886614173229
20
0.5935601968503937
11
1.315289251968504
21
0.5938595669291339
0
LINE
8
BLACK
6
CONTINUOUS
10
1.315289251968504
20
0.5938595669291339
11
1.3144322440944882
21
0.5944322440944881
0
LINE
8
BLACK
6
CONTINUOUS
10
1.3144322440944882
20
0.5944322440944881
11
1.3138595669291337
21
0.5952892519685039
0
LINE
8
BLACK
6
CONTINUOUS
10
1.3138595669291337
20
0.5952892519685039
11
1.3135601968503936
21
0.5955886614173228
0
LINE
8
BLACK
6
CONTINUOUS
10
1.3135601968503936
20
0.5955886614173228
11
1.3133666535433071
21
0.5960269291338582
0
LINE
8
BLACK
6
CONTINUOUS
10
1.3133666535433071
20
0.5960269291338582
11
1.3127253543307087
21
0.5969867322834645
0
LINE
8
BLACK
6
CONTINUOUS
10
1.3127253543307087
20
0.5969867322834645
11
1.3125470078740158
21
0.5978832283464567
0
LINE
8
BLACK
6
CONTINUOUS
10
1.3125470078740158
20
0.5978832283464567
11
1.3123448425196851
21
0.5983411417322835
0
LINE
8
BLACK
6
CONTINUOUS
10
1.3123448425196851
20
0.5983411417322835
11
1.3121893307086614
21
0.5996814173228346
0
LINE
8
BLACK
6
CONTINUOUS
10
1.3121893307086614
20
0.5996814173228346
11
1.3121259842519686
21
0.6
0
LINE
8
BLACK
6
CONTINUOUS
10
1.3121259842519686
20
0.6
11
1.3121259842519686
21
0.66
0
LINE
8
BLACK
6
CONTINUOUS
10
1.3121259842519686
20
0.66
11
1.3121893700787401
21
0.6603187007874015
0
LINE
8
BLACK
6
CONTINUOUS
10
1.3121893700787401
20
0.6603187007874015
11
1.3123448425196851
21
0.6616588188976378
0
LINE
8
BLACK
6
CONTINUOUS
10
1.3123448425196851
20
0.6616588188976378
11
1.3125470078740158
21
0.6621166929133858
0
LINE
8
BLACK
6
CONTINUOUS
10
1.3125470078740158
20
0.6621166929133858
11
1.3127253543307087
21
0.6630132677165355
0
LINE
8
BLACK
6
CONTINUOUS
10
1.3127253543307087
20
0.6630132677165355
11
1.3133666929133858
21
0.6639731102362204
0
LINE
8
BLACK
6
CONTINUOUS
10
1.3133666929133858
20
0.6639731102362204
11
1.3135601968503936
21
0.6644112992125984
0
LINE
8
BLACK
6
CONTINUOUS
10
1.3135601968503936
20
0.6644112992125984
11
1.3138594881889762
21
0.6647105905511811
0
LINE
8
BLACK
6
CONTINUOUS
10
1.3138594881889762
20
0.6647105905511811
11
1.3144322440944882
21
0.6655677559055118
0
LINE
8
BLACK
6
CONTINUOUS
10
1.3144322440944882
20
0.6655677559055118
11
1.31528937007874
21
0.6661404724409449
0
LINE
8
BLACK
6
CONTINUOUS
10
1.31528937007874
20
0.6661404724409449
11
1.3155886614173229
21
0.6664397637795275
0
LINE
8
BLACK
6
CONTINUOUS
10
1.3155886614173229
20
0.6664397637795275
11
1.3160267716535432
21
0.6666331889763779
0
LINE
8
BLACK
6
CONTINUOUS
10
1.3160267716535432
20
0.6666331889763779
11
1.3169867322834645
21
0.6672746456692913
0
LINE
8
BLACK
6
CONTINUOUS
10
1.3169867322834645
20
0.6672746456692913
11
1.3178833858267716
21
0.6674529921259842
0
LINE
8
BLACK
6
CONTINUOUS
10
1.3178833858267716
20
0.6674529921259842
11
1.3183411417322835
21
0.6676551181102363
0
LINE
8
BLACK
6
CONTINUOUS
10
1.3183411417322835
20
0.6676551181102363
11
1.3196809448818898
21
0.6678105511811023
0
LINE
8
BLACK
6
CONTINUOUS
10
1.3196809448818898
20
0.6678105511811023
11
1.3200000000000001
21
0.6678740157480315
0
LINE
8
BLACK
6
CONTINUOUS
10
1.3200000000000001
20
0.6678740157480315
11
1.3799999999999999
21
0.6678740157480315
0
LINE
8
BLACK
6
CONTINUOUS
10
1.3799999999999999
20
0.6678740157480315
11
1.3803191732283464
21
0.6678105118110236
0
LINE
8
BLACK
6
CONTINUOUS
10
1.4803191732283465
20
0.6678105118110236
11
1.4816588188976378
21
0.6676551181102363
0
LINE
8
BLACK
6
CONTINUOUS
10
1.4816588188976378
20
0.6676551181102363
11
1.482116496062992
21
0.6674529921259842
0
LINE
8
BLACK
6
CONTINUOUS
10
1.482116496062992
20
0.6674529921259842
11
1.4830132677165353
21
0.6672746456692913
0
LINE
8
BLACK
6
CONTINUOUS
10
1.4830132677165353
20
0.6672746456692913
11
1.4839732677165354
21
0.6666331496062992
0
LINE
8
BLACK
6
CONTINUOUS
10
1.4839732677165354
20
0.6666331496062992
11
1.4844112992125984
21
0.6664397637795275
0
LINE
8
BLACK
6
CONTINUOUS
10
1.4844112992125984
20
0.6664397637795275
11
1.4847104724409448
21
0.6661405511811024
0
LINE
8
BLACK
6
CONTINUOUS
10
1.4847104724409448
20
0.6661405511811024
11
1.4855677559055118
21
0.6655677559055118
0
LINE
8
BLACK
6
CONTINUOUS
10
1.4855677559055118
20
0.6655677559055118
11
1.4861405511811023
21
0.6647104724409448
0
LINE
8
BLACK
6
CONTINUOUS
10
1.4861405511811023
20
0.6647104724409448
11
1.4864397637795275
21
0.6644112992125984
0
LINE
8
BLACK
6
CONTINUOUS
10
1.4864397637795275
20
0.6644112992125984
11
1.4866331496062992
21
0.6639732677165354
0
LINE
8
BLACK
6
CONTINUOUS
10
1.4866331496062992
20
0.6639732677165354
11
1.4872746456692914
21
0.6630132677165355
0
LINE
8
BLACK
6
CONTINUOUS
10
1.4872746456692914
20
0.6630132677165355
11
1.4874529921259843
21
0.6621164960629922
0
LINE
8
BLACK
6
CONTINUOUS
10
1.4874529921259843
20
0.6621164960629922
11
1.4876551181102362
21
0.6616588188976378
0
LINE
8
BLACK
6
CONTINUOUS
10
1.4876551181102362
20
0.6616588188976378
11
1.4878105118110236
21
0.6603190944881889
0
LINE
8
BLACK
6
CONTINUOUS
10
1.4878105118110236
20
0.6603190944881889
11
1.4878740157480315
21
0.66
0
LINE
8
BLACK
6
CONTINUOUS
10
1.4878740157480315
20
0.66
11
1.4878740157480315
21
0.6
0
LINE
8
BLACK
6
CONTINUOUS
10
1.4878740157480315
20
0.6
11
1.4878105118110236
21
0.5996808661417322
0
LINE
8
BLACK
6
CONTINUOUS
10
1.4878105118110236
20
0.5996808661417322
11
1.4876551181102362
21
0.5983411417322835
0
LINE
8
BLACK
6
CONTINUOUS
10
1.4876551181102362
20
0.5983411417322835
11
1.4874529921259843
21
0.5978833858267716
0
LINE
8
BLACK
6
CONTINUOUS
10
1.4874529921259843
20
0.5978833858267716
11
1.4872746456692914
21
0.5969867322834645
0
LINE
8
BLACK
6
CONTINUOUS
10
1.4872746456692914
20
0.5969867322834645
11
1.486633188976378
21
0.5960267716535433
0
LINE
8
BLACK
6
CONTINUOUS
10
1.486633188976378
20
0.5960267716535433
11
1.4864397637795275
21
0.5955886614173228
0
LINE
8
BLACK
6
CONTINUOUS
10
1.4864397637795275
20
0.5955886614173228
11
1.4861404724409448
21
0.5952893700787402
0
LINE
8
BLACK
6
CONTINUOUS
10
1.4861404724409448
20
0.5952893700787402
11
1.4855677559055118
21
0.5944322440944881
0
LINE
8
BLACK
6
CONTINUOUS
10
1.4855677559055118
20
0.5944322440944881
11
1.484710590551181
21
0.5938594881889764
0
LINE
8
BLACK
6
CONTINUOUS
10
1.484710590551181
20
0.5938594881889764
11
1.4844112992125984
21
0.5935601968503937
0
LINE
8
BLACK
6
CONTINUOUS
10
1.4844112992125984
20
0.5935601968503937
11
1.4839731102362204
21
0.5933666929133858
0
LINE
8
BLACK
6
CONTINUOUS
10
1.4839731102362204
20
0.5933666929133858
11
1.4830132677165353
21
0.5927253543307086
0
LINE
8
BLACK
6
CONTINUOUS
10
1.4830132677165353
20
0.5927253543307086
11
1.4821166929133858
21
0.5925470078740157
0
LINE
8
BLACK
6
CONTINUOUS
10
1.4821166929133858
20
0.5925470078740157
11
1.4816588188976378
21
0.592344842519685
0
LINE
8
BLACK
6
CONTINUOUS
10
1.4816588188976378
20
0.592344842519685
11
1.480318622047244
21
0.5921893307086614
0
LINE
8
BLACK
6
CONTINUOUS
10
1.480318622047244
20
0.5921893307086614
11
1.48
21
0.5921259842519685
0
LINE
8
BLACK
6
CONTINUOUS
10
1.48
20
0.5921259842519685
11
1.4797723228346455
21
0.5921259842519685
0
LINE
8
BLACK
6
CONTINUOUS
10
1.4797723228346455
20
0.5921259842519685
11
1.4202277165354331
21
0.5921259842519685
0
LINE
8
BLACK
6
CONTINUOUS
10
1.4202277165354331
20
0.5921259842519685
11
1.4199999999999999
21
0.5921259842519685
0
LINE
8
BLACK
6
CONTINUOUS
10
1.4199999999999999
20
0.5921259842519685
11
1.4196813385826772
21
0.5921893307086614
0
LINE
8
BLACK
6
CONTINUOUS
10
1.4196813385826772
20
0.5921893307086614
11
1.4183411417322835
21
0.592344842519685
0
LINE
8
BLACK
6
CONTINUOUS
10
1.4183411417322835
20
0.592344842519685
11
1.4178832283464566
21
0.5925470078740157
0
LINE
8
BLACK
6
CONTINUOUS
10
1.4178832283464566
20
0.5925470078740157
11
1.4169867322834646
21
0.5927253543307086
0
LINE
8
BLACK
6
CONTINUOUS
10
1.4169867322834646
20
0.5927253543307086
11
1.4160269291338583
21
0.5933666535433071
0
LINE
8
BLACK
6
CONTINUOUS
10
1.4160269291338583
20
0.5933666535433071
11
1.4155886614173228
21
0.5935601968503937
0
LINE
8
BLACK
6
CONTINUOUS
10
1.4155886614173228
20
0.5935601968503937
11
1.4152892519685039
21
0.5938595669291339
0
LINE
8
BLACK
6
CONTINUOUS
10
1.4152892519685039
20
0.5938595669291339
11
1.4144322440944881
21
0.5944322440944881
0
LINE
8
BLACK
6
CONTINUOUS
10
1.4144322440944881
20
0.5944322440944881
11
1.4138595669291338
21
0.5952892519685039
0
LINE
8
BLACK
6
CONTINUOUS
10
1.4138595669291338
20
0.5952892519685039
11
1.4135601968503937
21
0.5955886614173228
0
LINE
8
BLACK
6
CONTINUOUS
10
1.4135601968503937
20
0.5955886614173228
11
1.4133666535433071
21
0.5960269291338582
0
LINE
8
BLACK
6
CONTINUOUS
10
1.4133666535433071
20
0.5960269291338582
11
1.4127253543307086
21
0.5969867322834645
0
LINE
8
BLACK
6
CONTINUOUS
10
1.4127253543307086
20
0.5969867322834645
11
1.4125470078740157
21
0.5978832283464567
0
LINE
8
BLACK
6
CONTINUOUS
10
1.4125470078740157
20
0.5978832283464567
11
1.412344842519685
21
0.5983411417322835
0
LINE
8
BLACK
6
CONTINUOUS
10
1.412344842519685
20
0.5983411417322835
11
1.4121893307086615
21
0.5996814173228346
0
LINE
8
BLACK
6
CONTINUOUS
10
1.4121893307086615
20
0.5996814173228346
11
1.4121259842519684
21
0.6
0
LINE
8
BLACK
6
CONTINUOUS
10
1.4121259842519684
20
0.6
11
1.4121259842519684
21
0.66
0
LINE
8
BLACK
6
CONTINUOUS
10
1.4121259842519684
20
0.66
11
1.4121893700787402
21
0.6603187007874015
0
LINE
8
BLACK
6
CONTINUOUS
10
1.4121893700787402
20
0.6603187007874015
11
1.412344842519685
21
0.6616588188976378
0
LINE
8
BLACK
6
CONTINUOUS
10
1.412344842519685
20
0.6616588188976378
11
1.4125470078740157
21
0.6621166929133858
0
LINE
8
BLACK
6
CONTINUOUS
10
1.4125470078740157
20
0.6621166929133858
11
1.4127253543307086
21
0.6630132677165355
0
LINE
8
BLACK
6
CONTINUOUS
10
1.4127253543307086
20
0.6630132677165355
11
1.4133666929133859
21
0.6639731102362204
0
LINE
8
BLACK
6
CONTINUOUS
10
1.4133666929133859
20
0.6639731102362204
11
1.4135601968503937
21
0.6644112992125984
0
LINE
8
BLACK
6
CONTINUOUS
10
1.4135601968503937
20
0.6644112992125984
11
1.4138594881889763
21
0.6647105905511811
0
LINE
8
BLACK
6
CONTINUOUS
10
1.4138594881889763
20
0.6647105905511811
11
1.4144322440944881
21
0.6655677559055118
0
LINE
8
BLACK
6
CONTINUOUS
10
1.4144322440944881
20
0.6655677559055118
11
1.4152893700787401
21
0.6661404724409449
0
LINE
8
BLACK
6
CONTINUOUS
10
1.4152893700787401
20
0.6661404724409449
11
1.4155886614173228
21
0.6664397637795275
0
LINE
8
BLACK
6
CONTINUOUS
10
1.4155886614173228
20
0.6664397637795275
11
1.4160267716535433
21
0.6666331889763779
0
LINE
8
BLACK
6
CONTINUOUS
10
1.4160267716535433
20
0.6666331889763779
11
1.4169867322834646
21
0.6672746456692913
0
LINE
8
BLACK
6
CONTINUOUS
10
1.4169867322834646
20
0.6672746456692913
11
1.4178833858267716
21
0.6674529921259842
0
LINE
8
BLACK
6
CONTINUOUS
10
1.4178833858267716
20
0.6674529921259842
11
1.4183411417322835
21
0.6676551181102363
0
LINE
8
BLACK
6
CONTINUOUS
10
1.4183411417322835
20
0.6676551181102363
11
1.4196809448818897
21
0.6678105511811023
0
LINE
8
BLACK
6
CONTINUOUS
10
1.4196809448818897
20
0.6678105511811023
11
1.4199999999999999
21
0.6678740157480315
0
LINE
8
BLACK
6
CONTINUOUS
10
1.4199999999999999
20
0.6678740157480315
11
1.48
21
0.6678740157480315
0
LINE
8
BLACK
6
CONTINUOUS
10
1.48
20
0.6678740157480315
11
1.4803191732283465
21
0.6678105118110236
0
LINE
8
BLACK
6
CONTINUOUS
10
0.1803191732283465
20
0.6778105118110236
11
0.1816588188976378
21
0.6776551181102362
0
LINE
8
BLACK
6
CONTINUOUS
10
0.1816588188976378
20
0.6776551181102362
11
0.1821164960629921
21
0.6774529921259842
0
LINE
8
BLACK
6
CONTINUOUS
10
0.1821164960629921
20
0.6774529921259842
11
0.1830132677165354
21
0.6772746456692913
0
LINE
8
BLACK
6
CONTINUOUS
10
0.1830132677165354
20
0.6772746456692913
11
0.1839732677165354
21
0.6766331496062992
0
LINE
8
BLACK
6
CONTINUOUS
10
0.1839732677165354
20
0.6766331496062992
11
0.1844112992125984
21
0.6764397637795275
0
LINE
8
BLACK
6
CONTINUOUS
10
0.1844112992125984
20
0.6764397637795275
11
0.1847104724409449
21
0.6761405511811024
0
LINE
8
BLACK
6
CONTINUOUS
10
0.1847104724409449
20
0.6761405511811024
11
0.1855677559055118
21
0.6755677559055118
0
LINE
8
BLACK
6
CONTINUOUS
10
0.1855677559055118
20
0.6755677559055118
11
0.1861405511811024
21
0.6747104724409448
0
LINE
8
BLACK
6
CONTINUOUS
10
0.1861405511811024
20
0.6747104724409448
11
0.1864397637795276
21
0.6744112992125985
0
LINE
8
BLACK
6
CONTINUOUS
10
0.1864397637795276
20
0.6744112992125985
11
0.1866331496062992
21
0.6739732677165354
0
LINE
8
BLACK
6
CONTINUOUS
10
0.1866331496062992
20
0.6739732677165354
11
0.1872746456692913
21
0.6730132677165355
0
LINE
8
BLACK
6
CONTINUOUS
10
0.1872746456692913
20
0.6730132677165355
11
0.1874529921259842
21
0.6721164960629921
0
LINE
8
BLACK
6
CONTINUOUS
10
0.1874529921259842
20
0.6721164960629921
11
0.1876551181102362
21
0.6716588188976378
0
LINE
8
BLACK
6
CONTINUOUS
10
0.1876551181102362
20
0.6716588188976378
11
0.1878105118110236
21
0.6703190944881889
0
LINE
8
BLACK
6
CONTINUOUS
10
0.1878105118110236
20
0.6703190944881889
11
0.1878740157480315
21
0.67
0
LINE
8
BLACK
6
CONTINUOUS
10
0.1878740157480315
20
0.67
11
0.1878740157480315
21
0.61
0
LINE
8
BLACK
6
CONTINUOUS
10
0.1878740157480315
20
0.61
11
0.1878105118110236
21
0.6096808661417322
0
LINE
8
BLACK
6
CONTINUOUS
10
0.1878105118110236
20
0.6096808661417322
11
0.1876551181102362
21
0.6083411417322835
0
LINE
8
BLACK
6
CONTINUOUS
10
0.1876551181102362
20
0.6083411417322835
11
0.1874529921259842
21
0.6078833858267716
0
LINE
8
BLACK
6
CONTINUOUS
10
0.1874529921259842
20
0.6078833858267716
11
0.1872746456692913
21
0.6069867322834646
0
LINE
8
BLACK
6
CONTINUOUS
10
0.1872746456692913
20
0.6069867322834646
11
0.186633188976378
21
0.6060267716535432
0
LINE
8
BLACK
6
CONTINUOUS
10
0.186633188976378
20
0.6060267716535432
11
0.1864397637795276
21
0.6055886614173228
0
LINE
8
BLACK
6
CONTINUOUS
10
0.1864397637795276
20
0.6055886614173228
11
0.1861404724409449
21
0.6052893700787402
0
LINE
8
BLACK
6
CONTINUOUS
10
0.1861404724409449
20
0.6052893700787402
11
0.1855677559055118
21
0.6044322440944881
0
LINE
8
BLACK
6
CONTINUOUS
10
0.1855677559055118
20
0.6044322440944881
11
0.1847105905511811
21
0.6038594881889764
0
LINE
8
BLACK
6
CONTINUOUS
10
0.1847105905511811
20
0.6038594881889764
11
0.1844112992125984
21
0.6035601968503936
0
LINE
8
BLACK
6
CONTINUOUS
10
0.1844112992125984
20
0.6035601968503936
11
0.1839731102362205
21
0.6033666929133858
0
LINE
8
BLACK
6
CONTINUOUS
10
0.1839731102362205
20
0.6033666929133858
11
0.1830132677165354
21
0.6027253543307086
0
LINE
8
BLACK
6
CONTINUOUS
10
0.1830132677165354
20
0.6027253543307086
11
0.1821166929133858
21
0.6025470078740157
0
LINE
8
BLACK
6
CONTINUOUS
10
0.1821166929133858
20
0.6025470078740157
11
0.1816588188976378
21
0.602344842519685
0
LINE
8
BLACK
6
CONTINUOUS
10
0.1816588188976378
20
0.602344842519685
11
0.1803186220472441
21
0.6021893307086614
0
LINE
8
BLACK
6
CONTINUOUS
10
0.1803186220472441
20
0.6021893307086614
11
0.18
21
0.6021259842519685
0
LINE
8
BLACK
6
CONTINUOUS
10
0.18
20
0.6021259842519685
11
0.1797723228346457
21
0.6021259842519685
0
LINE
8
BLACK
6
CONTINUOUS
10
0.1797723228346457
20
0.6021259842519685
11
0.1202277165354331
21
0.6021259842519685
0
LINE
8
BLACK
6
CONTINUOUS
10
0.1202277165354331
20
0.6021259842519685
11
0.12
21
0.6021259842519685
0
LINE
8
BLACK
6
CONTINUOUS
10
0.12
20
0.6021259842519685
11
0.1196813385826772
21
0.6021893307086614
0
LINE
8
BLACK
6
CONTINUOUS
10
0.1196813385826772
20
0.6021893307086614
11
0.1183411417322835
21
0.602344842519685
0
LINE
8
BLACK
6
CONTINUOUS
10
0.1183411417322835
20
0.602344842519685
11
0.1178832283464567
21
0.6025470078740157
0
LINE
8
BLACK
6
CONTINUOUS
10
0.1178832283464567
20
0.6025470078740157
11
0.1169867322834646
21
0.6027253543307086
0
LINE
8
BLACK
6
CONTINUOUS
10
0.1169867322834646
20
0.6027253543307086
11
0.1160269291338583
21
0.6033666535433071
0
LINE
8
BLACK
6
CONTINUOUS
10
0.1160269291338583
20
0.6033666535433071
11
0.1155886614173228
21
0.6035601968503936
0
LINE
8
BLACK
6
CONTINUOUS
10
0.1155886614173228
20
0.6035601968503936
11
0.1152892519685039
21
0.6038595669291339
0
LINE
8
BLACK
6
CONTINUOUS
10
0.1152892519685039
20
0.6038595669291339
11
0.1144322440944882
21
0.6044322440944881
0
LINE
8
BLACK
6
CONTINUOUS
10
0.1144322440944882
20
0.6044322440944881
11
0.1138595669291339
21
0.6052892519685039
0
LINE
8
BLACK
6
CONTINUOUS
10
0.1138595669291339
20
0.6052892519685039
11
0.1135601968503937
21
0.6055886614173228
0
LINE
8
BLACK
6
CONTINUOUS
10
0.1135601968503937
20
0.6055886614173228
11
0.1133666535433071
21
0.6060269291338582
0
LINE
8
BLACK
6
CONTINUOUS
10
0.1133666535433071
20
0.6060269291338582
11
0.1127253543307087
21
0.6069867322834646
0
LINE
8
BLACK
6
CONTINUOUS
10
0.1127253543307087
20
0.6069867322834646
11
0.1125470078740157
21
0.6078832283464567
0
LINE
8
BLACK
6
CONTINUOUS
10
0.1125470078740157
20
0.6078832283464567
11
0.112344842519685
21
0.6083411417322835
0
LINE
8
BLACK
6
CONTINUOUS
10
0.112344842519685
20
0.6083411417322835
11
0.1121893307086614
21
0.6096814173228347
0
LINE
8
BLACK
6
CONTINUOUS
10
0.1121893307086614
20
0.6096814173228347
11
0.1121259842519685
21
0.61
0
LINE
8
BLACK
6
CONTINUOUS
10
0.1121259842519685
20
0.61
11
0.1121259842519685
21
0.67
0
LINE
8
BLACK
6
CONTINUOUS
10
0.1121259842519685
20
0.67
11
0.1121893700787401
21
0.6703187007874015
0
LINE
8
BLACK
6
CONTINUOUS
10
0.1121893700787401
20
0.6703187007874015
11
0.112344842519685
21
0.6716588188976378
0
LINE
8
BLACK
6
CONTINUOUS
10
0.112344842519685
20
0.6716588188976378
11
0.1125470078740157
21
0.6721166929133858
0
LINE
8
BLACK
6
CONTINUOUS
10
0.1125470078740157
20
0.6721166929133858
11
0.1127253543307087
21
0.6730132677165355
0
LINE
8
BLACK
6
CONTINUOUS
10
0.1127253543307087
20
0.6730132677165355
11
0.1133666929133858
21
0.6739731102362204
0
LINE
8
BLACK
6
CONTINUOUS
10
0.1133666929133858
20
0.6739731102362204
11
0.1135601968503937
21
0.6744112992125985
0
LINE
8
BLACK
6
CONTINUOUS
10
0.1135601968503937
20
0.6744112992125985
11
0.1138594881889764
21
0.6747105905511811
0
LINE
8
BLACK
6
CONTINUOUS
10
0.1138594881889764
20
0.6747105905511811
11
0.1144322440944882
21
0.6755677559055118
0
LINE
8
BLACK
6
CONTINUOUS
10
0.1144322440944882
20
0.6755677559055118
11
0.1152893700787402
21
0.6761404724409449
0
LINE
8
BLACK
6
CONTINUOUS
10
0.1152893700787402
20
0.6761404724409449
11
0.1155886614173228
21
0.6764397637795275
0
LINE
8
BLACK
6
CONTINUOUS
10
0.1155886614173228
20
0.6764397637795275
11
0.1160267716535433
21
0.6766331889763779
0
LINE
8
BLACK
6
CONTINUOUS
10
0.1160267716535433
20
0.6766331889763779
11
0.1169867322834646
21
0.6772746456692913
0
LINE
8
BLACK
6
CONTINUOUS
10
0.1169867322834646
20
0.6772746456692913
11
0.1178833858267716
21
0.6774529921259842
0
LINE
8
BLACK
6
CONTINUOUS
10
0.1178833858267716
20
0.6774529921259842
11
0.1183411417322835
21
0.6776551181102362
0
LINE
8
BLACK
6
CONTINUOUS
10
0.1183411417322835
20
0.6776551181102362
11
0.1196809448818898
21
0.6778105511811023
0
LINE
8
BLACK
6
CONTINUOUS
10
0.1196809448818898
20
0.6778105511811023
11
0.12
21
0.6778740157480315
0
LINE
8
BLACK
6
CONTINUOUS
10
0.12
20
0.6778740157480315
11
0.18
21
0.6778740157480315
0
LINE
8
BLACK
6
CONTINUOUS
10
0.18
20
0.6778740157480315
11
0.1803191732283465
21
0.6778105118110236
0
LINE
8
BLACK
6
CONTINUOUS
10
0.2803191732283464
20
0.6778105118110236
11
0.2816588188976378
21
0.6776551181102362
0
LINE
8
BLACK
6
CONTINUOUS
10
0.2816588188976378
20
0.6776551181102362
11
0.2821164960629921
21
0.6774529921259842
0
LINE
8
BLACK
6
CONTINUOUS
10
0.2821164960629921
20
0.6774529921259842
11
0.2830132677165354
21
0.6772746456692913
0
LINE
8
BLACK
6
CONTINUOUS
10
0.2830132677165354
20
0.6772746456692913
11
0.2839732677165354
21
0.6766331496062992
0
LINE
8
BLACK
6
CONTINUOUS
10
0.2839732677165354
20
0.6766331496062992
11
0.2844112992125984
21
0.6764397637795275
0
LINE
8
BLACK
6
CONTINUOUS
10
0.2844112992125984
20
0.6764397637795275
11
0.2847104724409449
21
0.6761405511811024
0
LINE
8
BLACK
6
CONTINUOUS
10
0.2847104724409449
20
0.6761405511811024
11
0.2855677559055118
21
0.6755677559055118
0
LINE
8
BLACK
6
CONTINUOUS
10
0.2855677559055118
20
0.6755677559055118
11
0.2861405511811024
21
0.6747104724409448
0
LINE
8
BLACK
6
CONTINUOUS
10
0.2861405511811024
20
0.6747104724409448
11
0.2864397637795276
21
0.6744112992125985
0
LINE
8
BLACK
6
CONTINUOUS
10
0.2864397637795276
20
0.6744112992125985
11
0.2866331496062992
21
0.6739732677165354
0
LINE
8
BLACK
6
CONTINUOUS
10
0.2866331496062992
20
0.6739732677165354
11
0.2872746456692913
21
0.6730132677165355
0
LINE
8
BLACK
6
CONTINUOUS
10
0.2872746456692913
20
0.6730132677165355
11
0.2874529921259842
21
0.6721164960629921
0
LINE
8
BLACK
6
CONTINUOUS
10
0.2874529921259842
20
0.6721164960629921
11
0.2876551181102362
21
0.6716588188976378
0
LINE
8
BLACK
6
CONTINUOUS
10
0.2876551181102362
20
0.6716588188976378
11
0.2878105118110236
21
0.6703190944881889
0
LINE
8
BLACK
6
CONTINUOUS
10
0.2878105118110236
20
0.6703190944881889
11
0.2878740157480315
21
0.67
0
LINE
8
BLACK
6
CONTINUOUS
10
0.2878740157480315
20
0.67
11
0.2878740157480315
21
0.61
0
LINE
8
BLACK
6
CONTINUOUS
10
0.2878740157480315
20
0.61
11
0.2878105118110236
21
0.6096808661417322
0
LINE
8
BLACK
6
CONTINUOUS
10
0.2878105118110236
20
0.6096808661417322
11
0.2876551181102362
21
0.6083411417322835
0
LINE
8
BLACK
6
CONTINUOUS
10
0.2876551181102362
20
0.6083411417322835
11
0.2874529921259842
21
0.6078833858267716
0
LINE
8
BLACK
6
CONTINUOUS
10
0.2874529921259842
20
0.6078833858267716
11
0.2872746456692913
21
0.6069867322834646
0
LINE
8
BLACK
6
CONTINUOUS
10
0.2872746456692913
20
0.6069867322834646
11
0.286633188976378
21
0.6060267716535432
0
LINE
8
BLACK
6
CONTINUOUS
10
0.286633188976378
20
0.6060267716535432
11
0.2864397637795276
21
0.6055886614173228
0
LINE
8
BLACK
6
CONTINUOUS
10
0.2864397637795276
20
0.6055886614173228
11
0.2861404724409449
21
0.6052893700787402
0
LINE
8
BLACK
6
CONTINUOUS
10
0.2861404724409449
20
0.6052893700787402
11
0.2855677559055118
21
0.6044322440944881
0
LINE
8
BLACK
6
CONTINUOUS
10
0.2855677559055118
20
0.6044322440944881
11
0.2847105905511811
21
0.6038594881889764
0
LINE
8
BLACK
6
CONTINUOUS
10
0.2847105905511811
20
0.6038594881889764
11
0.2844112992125984
21
0.6035601968503936
0
LINE
8
BLACK
6
CONTINUOUS
10
0.2844112992125984
20
0.6035601968503936
11
0.2839731102362205
21
0.6033666929133858
0
LINE
8
BLACK
6
CONTINUOUS
10
0.2839731102362205
20
0.6033666929133858
11
0.2830132677165354
21
0.6027253543307086
0
LINE
8
BLACK
6
CONTINUOUS
10
0.2830132677165354
20
0.6027253543307086
11
0.2821166929133858
21
0.6025470078740157
0
LINE
8
BLACK
6
CONTINUOUS
10
0.2821166929133858
20
0.6025470078740157
11
0.2816588188976378
21
0.602344842519685
0
LINE
8
BLACK
6
CONTINUOUS
10
0.2816588188976378
20
0.602344842519685
11
0.2803186220472441
21
0.6021893307086614
0
LINE
8
BLACK
6
CONTINUOUS
10
0.2803186220472441
20
0.6021893307086614
11
0.28
21
0.6021259842519685
0
LINE
8
BLACK
6
CONTINUOUS
10
0.28
20
0.6021259842519685
11
0.2797723228346456
21
0.6021259842519685
0
LINE
8
BLACK
6
CONTINUOUS
10
0.2797723228346456
20
0.6021259842519685
11
0.2202277165354331
21
0.6021259842519685
0
LINE
8
BLACK
6
CONTINUOUS
10
0.2202277165354331
20
0.6021259842519685
11
0.22
21
0.6021259842519685
0
LINE
8
BLACK
6
CONTINUOUS
10
0.22
20
0.6021259842519685
11
0.2196813385826772
21
0.6021893307086614
0
LINE
8
BLACK
6
CONTINUOUS
10
0.2196813385826772
20
0.6021893307086614
11
0.2183411417322835
21
0.602344842519685
0
LINE
8
BLACK
6
CONTINUOUS
10
0.2183411417322835
20
0.602344842519685
11
0.2178832283464567
21
0.6025470078740157
0
LINE
8
BLACK
6
CONTINUOUS
10
0.2178832283464567
20
0.6025470078740157
11
0.2169867322834646
21
0.6027253543307086
0
LINE
8
BLACK
6
CONTINUOUS
10
0.2169867322834646
20
0.6027253543307086
11
0.2160269291338583
21
0.6033666535433071
0
LINE
8
BLACK
6
CONTINUOUS
10
0.2160269291338583
20
0.6033666535433071
11
0.2155886614173228
21
0.6035601968503936
0
LINE
8
BLACK
6
CONTINUOUS
10
0.2155886614173228
20
0.6035601968503936
11
0.2152892519685039
21
0.6038595669291339
0
LINE
8
BLACK
6
CONTINUOUS
10
0.2152892519685039
20
0.6038595669291339
11
0.2144322440944882
21
0.6044322440944881
0
LINE
8
BLACK
6
CONTINUOUS
10
0.2144322440944882
20
0.6044322440944881
11
0.2138595669291339
21
0.6052892519685039
0
LINE
8
BLACK
6
CONTINUOUS
10
0.2138595669291339
20
0.6052892519685039
11
0.2135601968503937
21
0.6055886614173228
0
LINE
8
BLACK
6
CONTINUOUS
10
0.2135601968503937
20
0.6055886614173228
11
0.2133666535433071
21
0.6060269291338582
0
LINE
8
BLACK
6
CONTINUOUS
10
0.2133666535433071
20
0.6060269291338582
11
0.2127253543307087
21
0.6069867322834646
0
LINE
8
BLACK
6
CONTINUOUS
10
0.2127253543307087
20
0.6069867322834646
11
0.2125470078740157
21
0.6078832283464567
0
LINE
8
BLACK
6
CONTINUOUS
10
0.2125470078740157
20
0.6078832283464567
11
0.212344842519685
21
0.6083411417322835
0
LINE
8
BLACK
6
CONTINUOUS
10
0.212344842519685
20
0.6083411417322835
11
0.2121893307086614
21
0.6096814173228347
0
LINE
8
BLACK
6
CONTINUOUS
10
0.2121893307086614
20
0.6096814173228347
11
0.2121259842519685
21
0.61
0
LINE
8
BLACK
6
CONTINUOUS
10
0.2121259842519685
20
0.61
11
0.2121259842519685
21
0.67
0
LINE
8
BLACK
6
CONTINUOUS
10
0.2121259842519685
20
0.67
11
0.2121893700787401
21
0.6703187007874015
0
LINE
8
BLACK
6
CONTINUOUS
10
0.2121893700787401
20
0.6703187007874015
11
0.212344842519685
21
0.6716588188976378
0
LINE
8
BLACK
6
CONTINUOUS
10
0.212344842519685
20
0.6716588188976378
11
0.2125470078740157
21
0.6721166929133858
0
LINE
8
BLACK
6
CONTINUOUS
10
0.2125470078740157
20
0.6721166929133858
11
0.2127253543307087
21
0.6730132677165355
0
LINE
8
BLACK
6
CONTINUOUS
10
0.2127253543307087
20
0.6730132677165355
11
0.2133666929133858
21
0.6739731102362204
0
LINE
8
BLACK
6
CONTINUOUS
10
0.2133666929133858
20
0.6739731102362204
11
0.2135601968503937
21
0.6744112992125985
0
LINE
8
BLACK
6
CONTINUOUS
10
0.2135601968503937
20
0.6744112992125985
11
0.2138594881889764
21
0.6747105905511811
0
LINE
8
BLACK
6
CONTINUOUS
10
0.2138594881889764
20
0.6747105905511811
11
0.2144322440944882
21
0.6755677559055118
0
LINE
8
BLACK
6
CONTINUOUS
10
0.2144322440944882
20
0.6755677559055118
11
0.2152893700787402
21
0.6761404724409449
0
LINE
8
BLACK
6
CONTINUOUS
10
0.2152893700787402
20
0.6761404724409449
11
0.2155886614173228
21
0.6764397637795275
0
LINE
8
BLACK
6
CONTINUOUS
10
0.2155886614173228
20
0.6764397637795275
11
0.2160267716535433
21
0.6766331889763779
0
LINE
8
BLACK
6
CONTINUOUS
10
0.2160267716535433
20
0.6766331889763779
11
0.2169867322834646
21
0.6772746456692913
0
LINE
8
BLACK
6
CONTINUOUS
10
0.2169867322834646
20
0.6772746456692913
11
0.2178833858267716
21
0.6774529921259842
0
LINE
8
BLACK
6
CONTINUOUS
10
0.2178833858267716
20
0.6774529921259842
11
0.2183411417322835
21
0.6776551181102362
0
LINE
8
BLACK
6
CONTINUOUS
10
0.2183411417322835
20
0.6776551181102362
11
0.2196809448818898
21
0.6778105511811023
0
LINE
8
BLACK
6
CONTINUOUS
10
0.2196809448818898
20
0.6778105511811023
11
0.22
21
0.6778740157480315
0
LINE
8
BLACK
6
CONTINUOUS
10
0.22
20
0.6778740157480315
11
0.28
21
0.6778740157480315
0
LINE
8
BLACK
6
CONTINUOUS
10
0.28
20
0.6778740157480315
11
0.2803191732283464
21
0.6778105118110236
0
LINE
8
BLACK
6
CONTINUOUS
10
1.3803191732283464
20
0.7678105118110236
11
1.3816588188976378
21
0.7676551181102362
0
LINE
8
BLACK
6
CONTINUOUS
10
1.3816588188976378
20
0.7676551181102362
11
1.3821164960629921
21
0.7674529921259843
0
LINE
8
BLACK
6
CONTINUOUS
10
1.3821164960629921
20
0.7674529921259843
11
1.3830132677165354
21
0.7672746456692913
0
LINE
8
BLACK
6
CONTINUOUS
10
1.3830132677165354
20
0.7672746456692913
11
1.3839732677165355
21
0.7666331496062992
0
LINE
8
BLACK
6
CONTINUOUS
10
1.3839732677165355
20
0.7666331496062992
11
1.3844112992125983
21
0.7664397637795275
0
LINE
8
BLACK
6
CONTINUOUS
10
1.3844112992125983
20
0.7664397637795275
11
1.3847104724409449
21
0.7661405511811024
0
LINE
8
BLACK
6
CONTINUOUS
10
1.3847104724409449
20
0.7661405511811024
11
1.3855677559055117
21
0.7655677559055118
0
LINE
8
BLACK
6
CONTINUOUS
10
1.3855677559055117
20
0.7655677559055118
11
1.3861405511811022
21
0.7647104724409448
0
LINE
8
BLACK
6
CONTINUOUS
10
1.3861405511811022
20
0.7647104724409448
11
1.3864397637795276
21
0.7644112992125984
0
LINE
8
BLACK
6
CONTINUOUS
10
1.3864397637795276
20
0.7644112992125984
11
1.3866331496062991
21
0.7639732677165354
0
LINE
8
BLACK
6
CONTINUOUS
10
1.3866331496062991
20
0.7639732677165354
11
1.3872746456692913
21
0.7630132677165354
0
LINE
8
BLACK
6
CONTINUOUS
10
1.3872746456692913
20
0.7630132677165354
11
1.3874529921259842
21
0.7621164960629921
0
LINE
8
BLACK
6
CONTINUOUS
10
1.3874529921259842
20
0.7621164960629921
11
1.3876551181102361
21
0.7616588188976378
0
LINE
8
BLACK
6
CONTINUOUS
10
1.3876551181102361
20
0.7616588188976378
11
1.3878105118110236
21
0.7603190944881889
0
LINE
8
BLACK
6
CONTINUOUS
10
1.3878105118110236
20
0.7603190944881889
11
1.3878740157480314
21
0.76
0
LINE
8
BLACK
6
CONTINUOUS
10
1.3878740157480314
20
0.76
11
1.3878740157480314
21
0.7
0
LINE
8
BLACK
6
CONTINUOUS
10
1.3878740157480314
20
0.7
11
1.3878105118110236
21
0.6996808661417323
0
LINE
8
BLACK
6
CONTINUOUS
10
1.3878105118110236
20
0.6996808661417323
11
1.3876551181102361
21
0.6983411417322835
0
LINE
8
BLACK
6
CONTINUOUS
10
1.3876551181102361
20
0.6983411417322835
11
1.3874529921259842
21
0.6978833858267717
0
LINE
8
BLACK
6
CONTINUOUS
10
1.3874529921259842
20
0.6978833858267717
11
1.3872746456692913
21
0.6969867322834645
0
LINE
8
BLACK
6
CONTINUOUS
10
1.3872746456692913
20
0.6969867322834645
11
1.3866331889763779
21
0.6960267716535433
0
LINE
8
BLACK
6
CONTINUOUS
10
1.3866331889763779
20
0.6960267716535433
11
1.3864397637795276
21
0.6955886614173228
0
LINE
8
BLACK
6
CONTINUOUS
10
1.3864397637795276
20
0.6955886614173228
11
1.386140472440945
21
0.6952893700787401
0
LINE
8
BLACK
6
CONTINUOUS
10
1.386140472440945
20
0.6952893700787401
11
1.3855677559055117
21
0.6944322440944882
0
LINE
8
BLACK
6
CONTINUOUS
10
1.3855677559055117
20
0.6944322440944882
11
1.3847105905511812
21
0.6938594881889764
0
LINE
8
BLACK
6
CONTINUOUS
10
1.3847105905511812
20
0.6938594881889764
11
1.3844112992125983
21
0.6935601968503937
0
LINE
8
BLACK
6
CONTINUOUS
10
1.3844112992125983
20
0.6935601968503937
11
1.3839731102362205
21
0.6933666929133858
0
LINE
8
BLACK
6
CONTINUOUS
10
1.3839731102362205
20
0.6933666929133858
11
1.3830132677165354
21
0.6927253543307087
0
LINE
8
BLACK
6
CONTINUOUS
10
1.3830132677165354
20
0.6927253543307087
11
1.3821166929133859
21
0.6925470078740157
0
LINE
8
BLACK
6
CONTINUOUS
10
1.3821166929133859
20
0.6925470078740157
11
1.3816588188976378
21
0.692344842519685
0
LINE
8
BLACK
6
CONTINUOUS
10
1.3816588188976378
20
0.692344842519685
11
1.3803186220472441
21
0.6921893307086614
0
LINE
8
BLACK
6
CONTINUOUS
10
1.3803186220472441
20
0.6921893307086614
11
1.3799999999999999
21
0.6921259842519685
0
LINE
8
BLACK
6
CONTINUOUS
10
1.3799999999999999
20
0.6921259842519685
11
1.3797723228346457
21
0.6921259842519685
0
LINE
8
BLACK
6
CONTINUOUS
10
1.3797723228346457
20
0.6921259842519685
11
1.320227716535433
21
0.6921259842519685
0
LINE
8
BLACK
6
CONTINUOUS
10
1.320227716535433
20
0.6921259842519685
11
1.3200000000000001
21
0.6921259842519685
0
LINE
8
BLACK
6
CONTINUOUS
10
1.3200000000000001
20
0.6921259842519685
11
1.3196813385826771
21
0.6921893307086614
0
LINE
8
BLACK
6
CONTINUOUS
10
1.3196813385826771
20
0.6921893307086614
11
1.3183411417322835
21
0.692344842519685
0
LINE
8
BLACK
6
CONTINUOUS
10
1.3183411417322835
20
0.692344842519685
11
1.3178832283464568
21
0.6925470078740157
0
LINE
8
BLACK
6
CONTINUOUS
10
1.3178832283464568
20
0.6925470078740157
11
1.3169867322834645
21
0.6927253543307087
0
LINE
8
BLACK
6
CONTINUOUS
10
1.3169867322834645
20
0.6927253543307087
11
1.3160269291338582
21
0.6933666535433071
0
LINE
8
BLACK
6
CONTINUOUS
10
1.3160269291338582
20
0.6933666535433071
11
1.3155886614173229
21
0.6935601968503937
0
LINE
8
BLACK
6
CONTINUOUS
10
1.3155886614173229
20
0.6935601968503937
11
1.315289251968504
21
0.6938595669291339
0
LINE
8
BLACK
6
CONTINUOUS
10
1.315289251968504
20
0.6938595669291339
11
1.3144322440944882
21
0.6944322440944882
0
LINE
8
BLACK
6
CONTINUOUS
10
1.3144322440944882
20
0.6944322440944882
11
1.3138595669291337
21
0.6952892519685039
0
LINE
8
BLACK
6
CONTINUOUS
10
1.3138595669291337
20
0.6952892519685039
11
1.3135601968503936
21
0.6955886614173228
0
LINE
8
BLACK
6
CONTINUOUS
10
1.3135601968503936
20
0.6955886614173228
11
1.3133666535433071
21
0.6960269291338582
0
LINE
8
BLACK
6
CONTINUOUS
10
1.3133666535433071
20
0.6960269291338582
11
1.3127253543307087
21
0.6969867322834645
0
LINE
8
BLACK
6
CONTINUOUS
10
1.3127253543307087
20
0.6969867322834645
11
1.3125470078740158
21
0.6978832283464567
0
LINE
8
BLACK
6
CONTINUOUS
10
1.3125470078740158
20
0.6978832283464567
11
1.3123448425196851
21
0.6983411417322835
0
LINE
8
BLACK
6
CONTINUOUS
10
1.3123448425196851
20
0.6983411417322835
11
1.3121893307086614
21
0.6996814173228346
0
LINE
8
BLACK
6
CONTINUOUS
10
1.3121893307086614
20
0.6996814173228346
11
1.3121259842519686
21
0.7
0
LINE
8
BLACK
6
CONTINUOUS
10
1.3121259842519686
20
0.7
11
1.3121259842519686
21
0.76
0
LINE
8
BLACK
6
CONTINUOUS
10
1.3121259842519686
20
0.76
11
1.3121893700787401
21
0.7603187007874016
0
LINE
8
BLACK
6
CONTINUOUS
10
1.3121893700787401
20
0.7603187007874016
11
1.3123448425196851
21
0.7616588188976378
0
LINE
8
BLACK
6
CONTINUOUS
10
1.3123448425196851
20
0.7616588188976378
11
1.3125470078740158
21
0.7621166929133858
0
LINE
8
BLACK
6
CONTINUOUS
10
1.3125470078740158
20
0.7621166929133858
11
1.3127253543307087
21
0.7630132677165354
0
LINE
8
BLACK
6
CONTINUOUS
10
1.3127253543307087
20
0.7630132677165354
11
1.3133666929133858
21
0.7639731102362205
0
LINE
8
BLACK
6
CONTINUOUS
10
1.3133666929133858
20
0.7639731102362205
11
1.3135601968503936
21
0.7644112992125984
0
LINE
8
BLACK
6
CONTINUOUS
10
1.3135601968503936
20
0.7644112992125984
11
1.3138594881889762
21
0.7647105905511811
0
LINE
8
BLACK
6
CONTINUOUS
10
1.3138594881889762
20
0.7647105905511811
11
1.3144322440944882
21
0.7655677559055118
0
LINE
8
BLACK
6
CONTINUOUS
10
1.3144322440944882
20
0.7655677559055118
11
1.31528937007874
21
0.7661404724409449
0
LINE
8
BLACK
6
CONTINUOUS
10
1.31528937007874
20
0.7661404724409449
11
1.3155886614173229
21
0.7664397637795275
0
LINE
8
BLACK
6
CONTINUOUS
10
1.3155886614173229
20
0.7664397637795275
11
1.3160267716535432
21
0.7666331889763779
0
LINE
8
BLACK
6
CONTINUOUS
10
1.3160267716535432
20
0.7666331889763779
11
1.3169867322834645
21
0.7672746456692913
0
LINE
8
BLACK
6
CONTINUOUS
10
1.3169867322834645
20
0.7672746456692913
11
1.3178833858267716
21
0.7674529921259843
0
LINE
8
BLACK
6
CONTINUOUS
10
1.3178833858267716
20
0.7674529921259843
11
1.3183411417322835
21
0.7676551181102362
0
LINE
8
BLACK
6
CONTINUOUS
10
1.3183411417322835
20
0.7676551181102362
11
1.3196809448818898
21
0.7678105511811023
0
LINE
8
BLACK
6
CONTINUOUS
10
1.3196809448818898
20
0.7678105511811023
11
1.3200000000000001
21
0.7678740157480315
0
LINE
8
BLACK
6
CONTINUOUS
10
1.3200000000000001
20
0.7678740157480315
11
1.3799999999999999
21
0.7678740157480315
0
LINE
8
BLACK
6
CONTINUOUS
10
1.3799999999999999
20
0.7678740157480315
11
1.3803191732283464
21
0.7678105118110236
0
LINE
8
BLACK
6
CONTINUOUS
10
1.4803191732283465
20
0.7678105118110236
11
1.4816588188976378
21
0.7676551181102362
0
LINE
8
BLACK
6
CONTINUOUS
10
1.4816588188976378
20
0.7676551181102362
11
1.482116496062992
21
0.7674529921259843
0
LINE
8
BLACK
6
CONTINUOUS
10
1.482116496062992
20
0.7674529921259843
11
1.4830132677165353
21
0.7672746456692913
0
LINE
8
BLACK
6
CONTINUOUS
10
1.4830132677165353
20
0.7672746456692913
11
1.4839732677165354
21
0.7666331496062992
0
LINE
8
BLACK
6
CONTINUOUS
10
1.4839732677165354
20
0.7666331496062992
11
1.4844112992125984
21
0.7664397637795275
0
LINE
8
BLACK
6
CONTINUOUS
10
1.4844112992125984
20
0.7664397637795275
11
1.4847104724409448
21
0.7661405511811024
0
LINE
8
BLACK
6
CONTINUOUS
10
1.4847104724409448
20
0.7661405511811024
11
1.4855677559055118
21
0.7655677559055118
0
LINE
8
BLACK
6
CONTINUOUS
10
1.4855677559055118
20
0.7655677559055118
11
1.4861405511811023
21
0.7647104724409448
0
LINE
8
BLACK
6
CONTINUOUS
10
1.4861405511811023
20
0.7647104724409448
11
1.4864397637795275
21
0.7644112992125984
0
LINE
8
BLACK
6
CONTINUOUS
10
1.4864397637795275
20
0.7644112992125984
11
1.4866331496062992
21
0.7639732677165354
0
LINE
8
BLACK
6
CONTINUOUS
10
1.4866331496062992
20
0.7639732677165354
11
1.4872746456692914
21
0.7630132677165354
0
LINE
8
BLACK
6
CONTINUOUS
10
1.4872746456692914
20
0.7630132677165354
11
1.4874529921259843
21
0.7621164960629921
0
LINE
8
BLACK
6
CONTINUOUS
10
1.4874529921259843
20
0.7621164960629921
11
1.4876551181102362
21
0.7616588188976378
0
LINE
8
BLACK
6
CONTINUOUS
10
1.4876551181102362
20
0.7616588188976378
11
1.4878105118110236
21
0.7603190944881889
0
LINE
8
BLACK
6
CONTINUOUS
10
1.4878105118110236
20
0.7603190944881889
11
1.4878740157480315
21
0.76
0
LINE
8
BLACK
6
CONTINUOUS
10
1.4878740157480315
20
0.76
11
1.4878740157480315
21
0.7
0
LINE
8
BLACK
6
CONTINUOUS
10
1.4878740157480315
20
0.7
11
1.4878105118110236
21
0.6996808661417323
0
LINE
8
BLACK
6
CONTINUOUS
10
1.4878105118110236
20
0.6996808661417323
11
1.4876551181102362
21
0.6983411417322835
0
LINE
8
BLACK
6
CONTINUOUS
10
1.4876551181102362
20
0.6983411417322835
11
1.4874529921259843
21
0.6978833858267717
0
LINE
8
BLACK
6
CONTINUOUS
10
1.4874529921259843
20
0.6978833858267717
11
1.4872746456692914
21
0.6969867322834645
0
LINE
8
BLACK
6
CONTINUOUS
10
1.4872746456692914
20
0.6969867322834645
11
1.486633188976378
21
0.6960267716535433
0
LINE
8
BLACK
6
CONTINUOUS
10
1.486633188976378
20
0.6960267716535433
11
1.4864397637795275
21
0.6955886614173228
0
LINE
8
BLACK
6
CONTINUOUS
10
1.4864397637795275
20
0.6955886614173228
11
1.4861404724409448
21
0.6952893700787401
0
LINE
8
BLACK
6
CONTINUOUS
10
1.4861404724409448
20
0.6952893700787401
11
1.4855677559055118
21
0.6944322440944882
0
LINE
8
BLACK
6
CONTINUOUS
10
1.4855677559055118
20
0.6944322440944882
11
1.484710590551181
21
0.6938594881889764
0
LINE
8
BLACK
6
CONTINUOUS
10
1.484710590551181
20
0.6938594881889764
11
1.4844112992125984
21
0.6935601968503937
0
LINE
8
BLACK
6
CONTINUOUS
10
1.4844112992125984
20
0.6935601968503937
11
1.4839731102362204
21
0.6933666929133858
0
LINE
8
BLACK
6
CONTINUOUS
10
1.4839731102362204
20
0.6933666929133858
11
1.4830132677165353
21
0.6927253543307087
0
LINE
8
BLACK
6
CONTINUOUS
10
1.4830132677165353
20
0.6927253543307087
11
1.4821166929133858
21
0.6925470078740157
0
LINE
8
BLACK
6
CONTINUOUS
10
1.4821166929133858
20
0.6925470078740157
11
1.4816588188976378
21
0.692344842519685
0
LINE
8
BLACK
6
CONTINUOUS
10
1.4816588188976378
20
0.692344842519685
11
1.480318622047244
21
0.6921893307086614
0
LINE
8
BLACK
6
CONTINUOUS
10
1.480318622047244
20
0.6921893307086614
11
1.48
21
0.6921259842519685
0
LINE
8
BLACK
6
CONTINUOUS
10
1.48
20
0.6921259842519685
11
1.4797723228346455
21
0.6921259842519685
0
LINE
8
BLACK
6
CONTINUOUS
10
1.4797723228346455
20
0.6921259842519685
11
1.4202277165354331
21
0.6921259842519685
0
LINE
8
BLACK
6
CONTINUOUS
10
1.4202277165354331
20
0.6921259842519685
11
1.4199999999999999
21
0.6921259842519685
0
LINE
8
BLACK
6
CONTINUOUS
10
1.4199999999999999
20
0.6921259842519685
11
1.4196813385826772
21
0.6921893307086614
0
LINE
8
BLACK
6
CONTINUOUS
10
1.4196813385826772
20
0.6921893307086614
11
1.4183411417322835
21
0.692344842519685
0
LINE
8
BLACK
6
CONTINUOUS
10
1.4183411417322835
20
0.692344842519685
11
1.4178832283464566
21
0.6925470078740157
0
LINE
8
BLACK
6
CONTINUOUS
10
1.4178832283464566
20
0.6925470078740157
11
1.4169867322834646
21
0.6927253543307087
0
LINE
8
BLACK
6
CONTINUOUS
10
1.4169867322834646
20
0.6927253543307087
11
1.4160269291338583
21
0.6933666535433071
0
LINE
8
BLACK
6
CONTINUOUS
10
1.4160269291338583
20
0.6933666535433071
11
1.4155886614173228
21
0.6935601968503937
0
LINE
8
BLACK
6
CONTINUOUS
10
1.4155886614173228
20
0.6935601968503937
11
1.4152892519685039
21
0.6938595669291339
0
LINE
8
BLACK
6
CONTINUOUS
10
1.4152892519685039
20
0.6938595669291339
11
1.4144322440944881
21
0.6944322440944882
0
LINE
8
BLACK
6
CONTINUOUS
10
1.4144322440944881
20
0.6944322440944882
11
1.4138595669291338
21
0.6952892519685039
0
LINE
8
BLACK
6
CONTINUOUS
10
1.4138595669291338
20
0.6952892519685039
11
1.4135601968503937
21
0.6955886614173228
0
LINE
8
BLACK
6
CONTINUOUS
10
1.4135601968503937
20
0.6955886614173228
11
1.4133666535433071
21
0.6960269291338582
0
LINE
8
BLACK
6
CONTINUOUS
10
1.4133666535433071
20
0.6960269291338582
11
1.4127253543307086
21
0.6969867322834645
0
LINE
8
BLACK
6
CONTINUOUS
10
1.4127253543307086
20
0.6969867322834645
11
1.4125470078740157
21
0.6978832283464567
0
LINE
8
BLACK
6
CONTINUOUS
10
1.4125470078740157
20
0.6978832283464567
11
1.412344842519685
21
0.6983411417322835
0
LINE
8
BLACK
6
CONTINUOUS
10
1.412344842519685
20
0.6983411417322835
11
1.4121893307086615
21
0.6996814173228346
0
LINE
8
BLACK
6
CONTINUOUS
10
1.4121893307086615
20
0.6996814173228346
11
1.4121259842519684
21
0.7
0
LINE
8
BLACK
6
CONTINUOUS
10
1.4121259842519684
20
0.7
11
1.4121259842519684
21
0.76
0
LINE
8
BLACK
6
CONTINUOUS
10
1.4121259842519684
20
0.76
11
1.4121893700787402
21
0.7603187007874016
0
LINE
8
BLACK
6
CONTINUOUS
10
1.4121893700787402
20
0.7603187007874016
11
1.412344842519685
21
0.7616588188976378
0
LINE
8
BLACK
6
CONTINUOUS
10
1.412344842519685
20
0.7616588188976378
11
1.4125470078740157
21
0.7621166929133858
0
LINE
8
BLACK
6
CONTINUOUS
10
1.4125470078740157
20
0.7621166929133858
11
1.4127253543307086
21
0.7630132677165354
0
LINE
8
BLACK
6
CONTINUOUS
10
1.4127253543307086
20
0.7630132677165354
11
1.4133666929133859
21
0.7639731102362205
0
LINE
8
BLACK
6
CONTINUOUS
10
1.4133666929133859
20
0.7639731102362205
11
1.4135601968503937
21
0.7644112992125984
0
LINE
8
BLACK
6
CONTINUOUS
10
1.4135601968503937
20
0.7644112992125984
11
1.4138594881889763
21
0.7647105905511811
0
LINE
8
BLACK
6
CONTINUOUS
10
1.4138594881889763
20
0.7647105905511811
11
1.4144322440944881
21
0.7655677559055118
0
LINE
8
BLACK
6
CONTINUOUS
10
1.4144322440944881
20
0.7655677559055118
11
1.4152893700787401
21
0.7661404724409449
0
LINE
8
BLACK
6
CONTINUOUS
10
1.4152893700787401
20
0.7661404724409449
11
1.4155886614173228
21
0.7664397637795275
0
LINE
8
BLACK
6
CONTINUOUS
10
1.4155886614173228
20
0.7664397637795275
11
1.4160267716535433
21
0.7666331889763779
0
LINE
8
BLACK
6
CONTINUOUS
10
1.4160267716535433
20
0.7666331889763779
11
1.4169867322834646
21
0.7672746456692913
0
LINE
8
BLACK
6
CONTINUOUS
10
1.4169867322834646
20
0.7672746456692913
11
1.4178833858267716
21
0.7674529921259843
0
LINE
8
BLACK
6
CONTINUOUS
10
1.4178833858267716
20
0.7674529921259843
11
1.4183411417322835
21
0.7676551181102362
0
LINE
8
BLACK
6
CONTINUOUS
10
1.4183411417322835
20
0.7676551181102362
11
1.4196809448818897
21
0.7678105511811023
0
LINE
8
BLACK
6
CONTINUOUS
10
1.4196809448818897
20
0.7678105511811023
11
1.4199999999999999
21
0.7678740157480315
0
LINE
8
BLACK
6
CONTINUOUS
10
1.4199999999999999
20
0.7678740157480315
11
1.48
21
0.7678740157480315
0
LINE
8
BLACK
6
CONTINUOUS
10
1.48
20
0.7678740157480315
11
1.4803191732283465
21
0.7678105118110236
0
LINE
8
BLACK
6
CONTINUOUS
10
0.1803191732283465
20
0.7778105118110236
11
0.1816588188976378
21
0.7776551181102362
0
LINE
8
BLACK
6
CONTINUOUS
10
0.1816588188976378
20
0.7776551181102362
11
0.1821164960629921
21
0.7774529921259843
0
LINE
8
BLACK
6
CONTINUOUS
10
0.1821164960629921
20
0.7774529921259843
11
0.1830132677165354
21
0.7772746456692913
0
LINE
8
BLACK
6
CONTINUOUS
10
0.1830132677165354
20
0.7772746456692913
11
0.1839732677165354
21
0.7766331496062991
0
LINE
8
BLACK
6
CONTINUOUS
10
0.1839732677165354
20
0.7766331496062991
11
0.1844112992125984
21
0.7764397637795275
0
LINE
8
BLACK
6
CONTINUOUS
10
0.1844112992125984
20
0.7764397637795275
11
0.1847104724409449
21
0.7761405511811024
0
LINE
8
BLACK
6
CONTINUOUS
10
0.1847104724409449
20
0.7761405511811024
11
0.1855677559055118
21
0.7755677559055117
0
LINE
8
BLACK
6
CONTINUOUS
10
0.1855677559055118
20
0.7755677559055117
11
0.1861405511811024
21
0.7747104724409448
0
LINE
8
BLACK
6
CONTINUOUS
10
0.1861405511811024
20
0.7747104724409448
11
0.1864397637795276
21
0.7744112992125984
0
LINE
8
BLACK
6
CONTINUOUS
10
0.1864397637795276
20
0.7744112992125984
11
0.1866331496062992
21
0.7739732677165354
0
LINE
8
BLACK
6
CONTINUOUS
10
0.1866331496062992
20
0.7739732677165354
11
0.1872746456692913
21
0.7730132677165354
0
LINE
8
BLACK
6
CONTINUOUS
10
0.1872746456692913
20
0.7730132677165354
11
0.1874529921259842
21
0.7721164960629922
0
LINE
8
BLACK
6
CONTINUOUS
10
0.1874529921259842
20
0.7721164960629922
11
0.1876551181102362
21
0.7716588188976378
0
LINE
8
BLACK
6
CONTINUOUS
10
0.1876551181102362
20
0.7716588188976378
11
0.1878105118110236
21
0.7703190944881889
0
LINE
8
BLACK
6
CONTINUOUS
10
0.1878105118110236
20
0.7703190944881889
11
0.1878740157480315
21
0.77
0
LINE
8
BLACK
6
CONTINUOUS
10
0.1878740157480315
20
0.77
11
0.1878740157480315
21
0.71
0
LINE
8
BLACK
6
CONTINUOUS
10
0.1878740157480315
20
0.71
11
0.1878105118110236
21
0.7096808661417323
0
LINE
8
BLACK
6
CONTINUOUS
10
0.1878105118110236
20
0.7096808661417323
11
0.1876551181102362
21
0.7083411417322835
0
LINE
8
BLACK
6
CONTINUOUS
10
0.1876551181102362
20
0.7083411417322835
11
0.1874529921259842
21
0.7078833858267717
0
LINE
8
BLACK
6
CONTINUOUS
10
0.1874529921259842
20
0.7078833858267717
11
0.1872746456692913
21
0.7069867322834645
0
LINE
8
BLACK
6
CONTINUOUS
10
0.1872746456692913
20
0.7069867322834645
11
0.186633188976378
21
0.7060267716535433
0
LINE
8
BLACK
6
CONTINUOUS
10
0.186633188976378
20
0.7060267716535433
11
0.1864397637795276
21
0.7055886614173228
0
LINE
8
BLACK
6
CONTINUOUS
10
0.1864397637795276
20
0.7055886614173228
11
0.1861404724409449
21
0.7052893700787402
0
LINE
8
BLACK
6
CONTINUOUS
10
0.1861404724409449
20
0.7052893700787402
11
0.1855677559055118
21
0.7044322440944881
0
LINE
8
BLACK
6
CONTINUOUS
10
0.1855677559055118
20
0.7044322440944881
11
0.1847105905511811
21
0.7038594881889764
0
LINE
8
BLACK
6
CONTINUOUS
10
0.1847105905511811
20
0.7038594881889764
11
0.1844112992125984
21
0.7035601968503937
0
LINE
8
BLACK
6
CONTINUOUS
10
0.1844112992125984
20
0.7035601968503937
11
0.1839731102362205
21
0.7033666929133858
0
LINE
8
BLACK
6
CONTINUOUS
10
0.1839731102362205
20
0.7033666929133858
11
0.1830132677165354
21
0.7027253543307086
0
LINE
8
BLACK
6
CONTINUOUS
10
0.1830132677165354
20
0.7027253543307086
11
0.1821166929133858
21
0.7025470078740157
0
LINE
8
BLACK
6
CONTINUOUS
10
0.1821166929133858
20
0.7025470078740157
11
0.1816588188976378
21
0.702344842519685
0
LINE
8
BLACK
6
CONTINUOUS
10
0.1816588188976378
20
0.702344842519685
11
0.1803186220472441
21
0.7021893307086614
0
LINE
8
BLACK
6
CONTINUOUS
10
0.1803186220472441
20
0.7021893307086614
11
0.18
21
0.7021259842519685
0
LINE
8
BLACK
6
CONTINUOUS
10
0.18
20
0.7021259842519685
11
0.1797723228346457
21
0.7021259842519685
0
LINE
8
BLACK
6
CONTINUOUS
10
0.1797723228346457
20
0.7021259842519685
11
0.1202277165354331
21
0.7021259842519685
0
LINE
8
BLACK
6
CONTINUOUS
10
0.1202277165354331
20
0.7021259842519685
11
0.12
21
0.7021259842519685
0
LINE
8
BLACK
6
CONTINUOUS
10
0.12
20
0.7021259842519685
11
0.1196813385826772
21
0.7021893307086614
0
LINE
8
BLACK
6
CONTINUOUS
10
0.1196813385826772
20
0.7021893307086614
11
0.1183411417322835
21
0.702344842519685
0
LINE
8
BLACK
6
CONTINUOUS
10
0.1183411417322835
20
0.702344842519685
11
0.1178832283464567
21
0.7025470078740157
0
LINE
8
BLACK
6
CONTINUOUS
10
0.1178832283464567
20
0.7025470078740157
11
0.1169867322834646
21
0.7027253543307086
0
LINE
8
BLACK
6
CONTINUOUS
10
0.1169867322834646
20
0.7027253543307086
11
0.1160269291338583
21
0.7033666535433071
0
LINE
8
BLACK
6
CONTINUOUS
10
0.1160269291338583
20
0.7033666535433071
11
0.1155886614173228
21
0.7035601968503937
0
LINE
8
BLACK
6
CONTINUOUS
10
0.1155886614173228
20
0.7035601968503937
11
0.1152892519685039
21
0.7038595669291339
0
LINE
8
BLACK
6
CONTINUOUS
10
0.1152892519685039
20
0.7038595669291339
11
0.1144322440944882
21
0.7044322440944881
0
LINE
8
BLACK
6
CONTINUOUS
10
0.1144322440944882
20
0.7044322440944881
11
0.1138595669291339
21
0.7052892519685039
0
LINE
8
BLACK
6
CONTINUOUS
10
0.1138595669291339
20
0.7052892519685039
11
0.1135601968503937
21
0.7055886614173228
0
LINE
8
BLACK
6
CONTINUOUS
10
0.1135601968503937
20
0.7055886614173228
11
0.1133666535433071
21
0.7060269291338582
0
LINE
8
BLACK
6
CONTINUOUS
10
0.1133666535433071
20
0.7060269291338582
11
0.1127253543307087
21
0.7069867322834645
0
LINE
8
BLACK
6
CONTINUOUS
10
0.1127253543307087
20
0.7069867322834645
11
0.1125470078740157
21
0.7078832283464567
0
LINE
8
BLACK
6
CONTINUOUS
10
0.1125470078740157
20
0.7078832283464567
11
0.112344842519685
21
0.7083411417322835
0
LINE
8
BLACK
6
CONTINUOUS
10
0.112344842519685
20
0.7083411417322835
11
0.1121893307086614
21
0.7096814173228346
0
LINE
8
BLACK
6
CONTINUOUS
10
0.1121893307086614
20
0.7096814173228346
11
0.1121259842519685
21
0.71
0
LINE
8
BLACK
6
CONTINUOUS
10
0.1121259842519685
20
0.71
11
0.1121259842519685
21
0.77
0
LINE
8
BLACK
6
CONTINUOUS
10
0.1121259842519685
20
0.77
11
0.1121893700787401
21
0.7703187007874016
0
LINE
8
BLACK
6
CONTINUOUS
10
0.1121893700787401
20
0.7703187007874016
11
0.112344842519685
21
0.7716588188976378
0
LINE
8
BLACK
6
CONTINUOUS
10
0.112344842519685
20
0.7716588188976378
11
0.1125470078740157
21
0.7721166929133858
0
LINE
8
BLACK
6
CONTINUOUS
10
0.1125470078740157
20
0.7721166929133858
11
0.1127253543307087
21
0.7730132677165354
0
LINE
8
BLACK
6
CONTINUOUS
10
0.1127253543307087
20
0.7730132677165354
11
0.1133666929133858
21
0.7739731102362205
0
LINE
8
BLACK
6
CONTINUOUS
10
0.1133666929133858
20
0.7739731102362205
11
0.1135601968503937
21
0.7744112992125984
0
LINE
8
BLACK
6
CONTINUOUS
10
0.1135601968503937
20
0.7744112992125984
11
0.1138594881889764
21
0.7747105905511811
0
LINE
8
BLACK
6
CONTINUOUS
10
0.1138594881889764
20
0.7747105905511811
11
0.1144322440944882
21
0.7755677559055117
0
LINE
8
BLACK
6
CONTINUOUS
10
0.1144322440944882
20
0.7755677559055117
11
0.1152893700787402
21
0.7761404724409449
0
LINE
8
BLACK
6
CONTINUOUS
10
0.1152893700787402
20
0.7761404724409449
11
0.1155886614173228
21
0.7764397637795275
0
LINE
8
BLACK
6
CONTINUOUS
10
0.1155886614173228
20
0.7764397637795275
11
0.1160267716535433
21
0.7766331889763779
0
LINE
8
BLACK
6
CONTINUOUS
10
0.1160267716535433
20
0.7766331889763779
11
0.1169867322834646
21
0.7772746456692913
0
LINE
8
BLACK
6
CONTINUOUS
10
0.1169867322834646
20
0.7772746456692913
11
0.1178833858267716
21
0.7774529921259843
0
LINE
8
BLACK
6
CONTINUOUS
10
0.1178833858267716
20
0.7774529921259843
11
0.1183411417322835
21
0.7776551181102362
0
LINE
8
BLACK
6
CONTINUOUS
10
0.1183411417322835
20
0.7776551181102362
11
0.1196809448818898
21
0.7778105511811023
0
LINE
8
BLACK
6
CONTINUOUS
10
0.1196809448818898
20
0.7778105511811023
11
0.12
21
0.7778740157480315
0
LINE
8
BLACK
6
CONTINUOUS
10
0.12
20
0.7778740157480315
11
0.18
21
0.7778740157480315
0
LINE
8
BLACK
6
CONTINUOUS
10
0.18
20
0.7778740157480315
11
0.1803191732283465
21
0.7778105118110236
0
LINE
8
BLACK
6
CONTINUOUS
10
0.2803191732283464
20
0.7778105118110236
11
0.2816588188976378
21
0.7776551181102362
0
LINE
8
BLACK
6
CONTINUOUS
10
0.2816588188976378
20
0.7776551181102362
11
0.2821164960629921
21
0.7774529921259843
0
LINE
8
BLACK
6
CONTINUOUS
10
0.2821164960629921
20
0.7774529921259843
11
0.2830132677165354
21
0.7772746456692913
0
LINE
8
BLACK
6
CONTINUOUS
10
0.2830132677165354
20
0.7772746456692913
11
0.2839732677165354
21
0.7766331496062991
0
LINE
8
BLACK
6
CONTINUOUS
10
0.2839732677165354
20
0.7766331496062991
11
0.2844112992125984
21
0.7764397637795275
0
LINE
8
BLACK
6
CONTINUOUS
10
0.2844112992125984
20
0.7764397637795275
11
0.2847104724409449
21
0.7761405511811024
0
LINE
8
BLACK
6
CONTINUOUS
10
0.2847104724409449
20
0.7761405511811024
11
0.2855677559055118
21
0.7755677559055117
0
LINE
8
BLACK
6
CONTINUOUS
10
0.2855677559055118
20
0.7755677559055117
11
0.2861405511811024
21
0.7747104724409448
0
LINE
8
BLACK
6
CONTINUOUS
10
0.2861405511811024
20
0.7747104724409448
11
0.2864397637795276
21
0.7744112992125984
0
LINE
8
BLACK
6
CONTINUOUS
10
0.2864397637795276
20
0.7744112992125984
11
0.2866331496062992
21
0.7739732677165354
0
LINE
8
BLACK
6
CONTINUOUS
10
0.2866331496062992
20
0.7739732677165354
11
0.2872746456692913
21
0.7730132677165354
0
LINE
8
BLACK
6
CONTINUOUS
10
0.2872746456692913
20
0.7730132677165354
11
0.2874529921259842
21
0.7721164960629922
0
LINE
8
BLACK
6
CONTINUOUS
10
0.2874529921259842
20
0.7721164960629922
11
0.2876551181102362
21
0.7716588188976378
0
LINE
8
BLACK
6
CONTINUOUS
10
0.2876551181102362
20
0.7716588188976378
11
0.2878105118110236
21
0.7703190944881889
0
LINE
8
BLACK
6
CONTINUOUS
10
0.2878105118110236
20
0.7703190944881889
11
0.2878740157480315
21
0.77
0
LINE
8
BLACK
6
CONTINUOUS
10
0.2878740157480315
20
0.77
11
0.2878740157480315
21
0.71
0
LINE
8
BLACK
6
CONTINUOUS
10
0.2878740157480315
20
0.71
11
0.2878105118110236
21
0.7096808661417323
0
LINE
8
BLACK
6
CONTINUOUS
10
0.2878105118110236
20
0.7096808661417323
11
0.2876551181102362
21
0.7083411417322835
0
LINE
8
BLACK
6
CONTINUOUS
10
0.2876551181102362
20
0.7083411417322835
11
0.2874529921259842
21
0.7078833858267717
0
LINE
8
BLACK
6
CONTINUOUS
10
0.2874529921259842
20
0.7078833858267717
11
0.2872746456692913
21
0.7069867322834645
0
LINE
8
BLACK
6
CONTINUOUS
10
0.2872746456692913
20
0.7069867322834645
11
0.286633188976378
21
0.7060267716535433
0
LINE
8
BLACK
6
CONTINUOUS
10
0.286633188976378
20
0.7060267716535433
11
0.2864397637795276
21
0.7055886614173228
0
LINE
8
BLACK
6
CONTINUOUS
10
0.2864397637795276
20
0.7055886614173228
11
0.2861404724409449
21
0.7052893700787402
0
LINE
8
BLACK
6
CONTINUOUS
10
0.2861404724409449
20
0.7052893700787402
11
0.2855677559055118
21
0.7044322440944881
0
LINE
8
BLACK
6
CONTINUOUS
10
0.2855677559055118
20
0.7044322440944881
11
0.2847105905511811
21
0.7038594881889764
0
LINE
8
BLACK
6
CONTINUOUS
10
0.2847105905511811
20
0.7038594881889764
11
0.2844112992125984
21
0.7035601968503937
0
LINE
8
BLACK
6
CONTINUOUS
10
0.2844112992125984
20
0.7035601968503937
11
0.2839731102362205
21
0.7033666929133858
0
LINE
8
BLACK
6
CONTINUOUS
10
0.2839731102362205
20
0.7033666929133858
11
0.2830132677165354
21
0.7027253543307086
0
LINE
8
BLACK
6
CONTINUOUS
10
0.2830132677165354
20
0.7027253543307086
11
0.2821166929133858
21
0.7025470078740157
0
LINE
8
BLACK
6
CONTINUOUS
10
0.2821166929133858
20
0.7025470078740157
11
0.2816588188976378
21
0.702344842519685
0
LINE
8
BLACK
6
CONTINUOUS
10
0.2816588188976378
20
0.702344842519685
11
0.2803186220472441
21
0.7021893307086614
0
LINE
8
BLACK
6
CONTINUOUS
10
0.2803186220472441
20
0.7021893307086614
11
0.28
21
0.7021259842519685
0
LINE
8
BLACK
6
CONTINUOUS
10
0.28
20
0.7021259842519685
11
0.2797723228346456
21
0.7021259842519685
0
LINE
8
BLACK
6
CONTINUOUS
10
0.2797723228346456
20
0.7021259842519685
11
0.2202277165354331
21
0.7021259842519685
0
LINE
8
BLACK
6
CONTINUOUS
10
0.2202277165354331
20
0.7021259842519685
11
0.22
21
0.7021259842519685
0
LINE
8
BLACK
6
CONTINUOUS
10
0.22
20
0.7021259842519685
11
0.2196813385826772
21
0.7021893307086614
0
LINE
8
BLACK
6
CONTINUOUS
10
0.2196813385826772
20
0.7021893307086614
11
0.2183411417322835
21
0.702344842519685
0
LINE
8
BLACK
6
CONTINUOUS
10
0.2183411417322835
20
0.702344842519685
11
0.2178832283464567
21
0.7025470078740157
0
LINE
8
BLACK
6
CONTINUOUS
10
0.2178832283464567
20
0.7025470078740157
11
0.2169867322834646
21
0.7027253543307086
0
LINE
8
BLACK
6
CONTINUOUS
10
0.2169867322834646
20
0.7027253543307086
11
0.2160269291338583
21
0.7033666535433071
0
LINE
8
BLACK
6
CONTINUOUS
10
0.2160269291338583
20
0.7033666535433071
11
0.2155886614173228
21
0.7035601968503937
0
LINE
8
BLACK
6
CONTINUOUS
10
0.2155886614173228
20
0.7035601968503937
11
0.2152892519685039
21
0.7038595669291339
0
LINE
8
BLACK
6
CONTINUOUS
10
0.2152892519685039
20
0.7038595669291339
11
0.2144322440944882
21
0.7044322440944881
0
LINE
8
BLACK
6
CONTINUOUS
10
0.2144322440944882
20
0.7044322440944881
11
0.2138595669291339
21
0.7052892519685039
0
LINE
8
BLACK
6
CONTINUOUS
10
0.2138595669291339
20
0.7052892519685039
11
0.2135601968503937
21
0.7055886614173228
0
LINE
8
BLACK
6
CONTINUOUS
10
0.2135601968503937
20
0.7055886614173228
11
0.2133666535433071
21
0.7060269291338582
0
LINE
8
BLACK
6
CONTINUOUS
10
0.2133666535433071
20
0.7060269291338582
11
0.2127253543307087
21
0.7069867322834645
0
LINE
8
BLACK
6
CONTINUOUS
10
0.2127253543307087
20
0.7069867322834645
11
0.2125470078740157
21
0.7078832283464567
0
LINE
8
BLACK
6
CONTINUOUS
10
0.2125470078740157
20
0.7078832283464567
11
0.212344842519685
21
0.7083411417322835
0
LINE
8
BLACK
6
CONTINUOUS
10
0.212344842519685
20
0.7083411417322835
11
0.2121893307086614
21
0.7096814173228346
0
LINE
8
BLACK
6
CONTINUOUS
10
0.2121893307086614
20
0.7096814173228346
11
0.2121259842519685
21
0.71
0
LINE
8
BLACK
6
CONTINUOUS
10
0.2121259842519685
20
0.71
11
0.2121259842519685
21
0.77
0
LINE
8
BLACK
6
CONTINUOUS
10
0.2121259842519685
20
0.77
11
0.2121893700787401
21
0.7703187007874016
0
LINE
8
BLACK
6
CONTINUOUS
10
0.2121893700787401
20
0.7703187007874016
11
0.212344842519685
21
0.7716588188976378
0
LINE
8
BLACK
6
CONTINUOUS
10
0.212344842519685
20
0.7716588188976378
11
0.2125470078740157
21
0.7721166929133858
0
LINE
8
BLACK
6
CONTINUOUS
10
0.2125470078740157
20
0.7721166929133858
11
0.2127253543307087
21
0.7730132677165354
0
LINE
8
BLACK
6
CONTINUOUS
10
0.2127253543307087
20
0.7730132677165354
11
0.2133666929133858
21
0.7739731102362205
0
LINE
8
BLACK
6
CONTINUOUS
10
0.2133666929133858
20
0.7739731102362205
11
0.2135601968503937
21
0.7744112992125984
0
LINE
8
BLACK
6
CONTINUOUS
10
0.2135601968503937
20
0.7744112992125984
11
0.2138594881889764
21
0.7747105905511811
0
LINE
8
BLACK
6
CONTINUOUS
10
0.2138594881889764
20
0.7747105905511811
11
0.2144322440944882
21
0.7755677559055117
0
LINE
8
BLACK
6
CONTINUOUS
10
0.2144322440944882
20
0.7755677559055117
11
0.2152893700787402
21
0.7761404724409449
0
LINE
8
BLACK
6
CONTINUOUS
10
0.2152893700787402
20
0.7761404724409449
11
0.2155886614173228
21
0.7764397637795275
0
LINE
8
BLACK
6
CONTINUOUS
10
0.2155886614173228
20
0.7764397637795275
11
0.2160267716535433
21
0.7766331889763779
0
LINE
8
BLACK
6
CONTINUOUS
10
0.2160267716535433
20
0.7766331889763779
11
0.2169867322834646
21
0.7772746456692913
0
LINE
8
BLACK
6
CONTINUOUS
10
0.2169867322834646
20
0.7772746456692913
11
0.2178833858267716
21
0.7774529921259843
0
LINE
8
BLACK
6
CONTINUOUS
10
0.2178833858267716
20
0.7774529921259843
11
0.2183411417322835
21
0.7776551181102362
0
LINE
8
BLACK
6
CONTINUOUS
10
0.2183411417322835
20
0.7776551181102362
11
0.2196809448818898
21
0.7778105511811023
0
LINE
8
BLACK
6
CONTINUOUS
10
0.2196809448818898
20
0.7778105511811023
11
0.22
21
0.7778740157480315
0
LINE
8
BLACK
6
CONTINUOUS
10
0.22
20
0.7778740157480315
11
0.28
21
0.7778740157480315
0
LINE
8
BLACK
6
CONTINUOUS
10
0.28
20
0.7778740157480315
11
0.2803191732283464
21
0.7778105118110236
0
LINE
8
BLACK
6
CONTINUOUS
10
0.7887625196850393
20
0.9726730708661417
11
0.7900800787401575
21
0.9726730708661417
0
LINE
8
BLACK
6
CONTINUOUS
10
0.7900800787401575
20
0.9726730708661417
11
0.7915906692913386
21
0.9723007086614173
0
LINE
8
BLACK
6
CONTINUOUS
10
0.7915906692913386
20
0.9723007086614173
11
0.7933500393700788
21
0.9720690944881889
0
LINE
8
BLACK
6
CONTINUOUS
10
0.7933500393700788
20
0.9720690944881889
11
0.7945545275590551
21
0.9715701574803149
0
LINE
8
BLACK
6
CONTINUOUS
10
0.7945545275590551
20
0.9715701574803149
11
0.7956024015748031
21
0.9713118897637795
0
LINE
8
BLACK
6
CONTINUOUS
10
0.7956024015748031
20
0.9713118897637795
11
0.7971911023622047
21
0.9704780708661417
0
LINE
8
BLACK
6
CONTINUOUS
10
0.7971911023622047
20
0.9704780708661417
11
0.7990472440944881
21
0.9697092519685039
0
LINE
8
BLACK
6
CONTINUOUS
10
0.7990472440944881
20
0.9697092519685039
11
0.799893937007874
21
0.9690595275590551
0
LINE
8
BLACK
6
CONTINUOUS
10
0.799893937007874
20
0.9690595275590551
11
0.8006386614173228
21
0.9686687007874015
0
LINE
8
BLACK
6
CONTINUOUS
10
0.8006386614173228
20
0.9686687007874015
11
0.8021612598425196
21
0.9673197637795276
0
LINE
8
BLACK
6
CONTINUOUS
10
0.8021612598425196
20
0.9673197637795276
11
0.8039395275590551
21
0.9659552755905512
0
LINE
8
BLACK
6
CONTINUOUS
10
0.8039395275590551
20
0.9659552755905512
11
0.8044449212598425
21
0.9652966141732283
0
LINE
8
BLACK
6
CONTINUOUS
10
0.8044449212598425
20
0.9652966141732283
11
0.8048958661417323
21
0.9648971259842519
0
LINE
8
BLACK
6
CONTINUOUS
10
0.8048958661417323
20
0.9648971259842519
11
0.8061888976377952
21
0.963023779527559
0
LINE
8
BLACK
6
CONTINUOUS
10
0.8061888976377952
20
0.963023779527559
11
0.8076935039370079
21
0.9610629921259842
0
LINE
8
BLACK
6
CONTINUOUS
10
0.8076935039370079
20
0.9610629921259842
11
0.8079202755905511
21
0.9605154724409448
0
LINE
8
BLACK
6
CONTINUOUS
10
0.8079202755905511
20
0.9605154724409448
11
0.8081268503937008
21
0.9602162204724409
0
LINE
8
BLACK
6
CONTINUOUS
10
0.8081268503937008
20
0.9602162204724409
11
0.8090229921259843
21
0.9578532677165355
0
LINE
8
BLACK
6
CONTINUOUS
10
0.8090229921259843
20
0.9578532677165355
11
0.8100533464566929
21
0.9553657874015747
0
LINE
8
BLACK
6
CONTINUOUS
10
0.8100533464566929
20
0.9553657874015747
11
0.8100995669291339
21
0.9550145669291339
0
LINE
8
BLACK
6
CONTINUOUS
10
0.8100995669291339
20
0.9550145669291339
11
0.8101437401574803
21
0.9548981496062992
0
LINE
8
BLACK
6
CONTINUOUS
10
0.8101437401574803
20
0.9548981496062992
11
0.8104858661417322
21
0.9520804330708661
0
LINE
8
BLACK
6
CONTINUOUS
10
0.8104858661417322
20
0.9520804330708661
11
0.8108582677165355
21
0.949251968503937
0
LINE
8
BLACK
6
CONTINUOUS
10
0.8108582677165355
20
0.949251968503937
11
0.810485905511811
21
0.9464237007874016
0
LINE
8
BLACK
6
CONTINUOUS
10
0.810485905511811
20
0.9464237007874016
11
0.8101437401574803
21
0.943605748031496
0
LINE
8
BLACK
6
CONTINUOUS
10
0.8101437401574803
20
0.943605748031496
11
0.8100995669291339
21
0.9434892913385826
0
LINE
8
BLACK
6
CONTINUOUS
10
0.8100995669291339
20
0.9434892913385826
11
0.8100533464566929
21
0.9431381496062992
0
LINE
8
BLACK
6
CONTINUOUS
10
0.8100533464566929
20
0.9431381496062992
11
0.8090231496062992
21
0.940651062992126
0
LINE
8
BLACK
6
CONTINUOUS
10
0.8090231496062992
20
0.940651062992126
11
0.8081268503937008
21
0.9382876771653543
0
LINE
8
BLACK
6
CONTINUOUS
10
0.8081268503937008
20
0.9382876771653543
11
0.8079202362204724
21
0.9379883464566929
0
LINE
8
BLACK
6
CONTINUOUS
10
0.8079202362204724
20
0.9379883464566929
11
0.8076935039370079
21
0.9374409448818898
0
LINE
8
BLACK
6
CONTINUOUS
10
0.8076935039370079
20
0.9374409448818898
11
0.8061891732283465
21
0.9354804724409449
0
LINE
8
BLACK
6
CONTINUOUS
10
0.8061891732283465
20
0.9354804724409449
11
0.8048958661417323
21
0.9336067716535433
0
LINE
8
BLACK
6
CONTINUOUS
10
0.8048958661417323
20
0.9336067716535433
11
0.8044448031496063
21
0.9332071259842519
0
LINE
8
BLACK
6
CONTINUOUS
10
0.8044448031496063
20
0.9332071259842519
11
0.8039395275590551
21
0.9325486614173228
0
LINE
8
BLACK
6
CONTINUOUS
10
0.8039395275590551
20
0.9325486614173228
11
0.8022303543307087
21
0.9312371653543307
0
LINE
8
BLACK
6
CONTINUOUS
10
0.8022303543307087
20
0.9312371653543307
11
0.8022303543307087
21
0.9277014960629921
0
LINE
8
BLACK
6
CONTINUOUS
10
0.8022303543307087
20
0.9277014960629921
11
0.8026609448818898
21
0.92732
0
LINE
8
BLACK
6
CONTINUOUS
10
0.8026609448818898
20
0.92732
11
0.8044395275590551
21
0.9259552755905511
0
LINE
8
BLACK
6
CONTINUOUS
10
0.8044395275590551
20
0.9259552755905511
11
0.8049449212598425
21
0.9252965748031496
0
LINE
8
BLACK
6
CONTINUOUS
10
0.8049449212598425
20
0.9252965748031496
11
0.805395905511811
21
0.9248970866141732
0
LINE
8
BLACK
6
CONTINUOUS
10
0.805395905511811
20
0.9248970866141732
11
0.8066889763779528
21
0.9230237007874016
0
LINE
8
BLACK
6
CONTINUOUS
10
0.8066889763779528
20
0.9230237007874016
11
0.8081935039370078
21
0.9210629921259842
0
LINE
8
BLACK
6
CONTINUOUS
10
0.8081935039370078
20
0.9210629921259842
11
0.8084202755905512
21
0.9205154724409449
0
LINE
8
BLACK
6
CONTINUOUS
10
0.8084202755905512
20
0.9205154724409449
11
0.8086268503937007
21
0.9202162204724409
0
LINE
8
BLACK
6
CONTINUOUS
10
0.8086268503937007
20
0.9202162204724409
11
0.8095229921259842
21
0.9178532677165354
0
LINE
8
BLACK
6
CONTINUOUS
10
0.8095229921259842
20
0.9178532677165354
11
0.8105533464566929
21
0.9153657874015748
0
LINE
8
BLACK
6
CONTINUOUS
10
0.8105533464566929
20
0.9153657874015748
11
0.8105995669291338
21
0.9150145669291339
0
LINE
8
BLACK
6
CONTINUOUS
10
0.8105995669291338
20
0.9150145669291339
11
0.8106437401574803
21
0.9148981496062992
0
LINE
8
BLACK
6
CONTINUOUS
10
0.8106437401574803
20
0.9148981496062992
11
0.8109858661417323
21
0.9120804330708662
0
LINE
8
BLACK
6
CONTINUOUS
10
0.8109858661417323
20
0.9120804330708662
11
0.8113582677165354
21
0.909251968503937
0
LINE
8
BLACK
6
CONTINUOUS
10
0.8113582677165354
20
0.909251968503937
11
0.810985905511811
21
0.9064237007874015
0
LINE
8
BLACK
6
CONTINUOUS
10
0.810985905511811
20
0.9064237007874015
11
0.8106437401574803
21
0.9036057480314961
0
LINE
8
BLACK
6
CONTINUOUS
10
0.8106437401574803
20
0.9036057480314961
11
0.8105995669291338
21
0.9034892913385827
0
LINE
8
BLACK
6
CONTINUOUS
10
0.8105995669291338
20
0.9034892913385827
11
0.8105533464566929
21
0.9031381496062992
0
LINE
8
BLACK
6
CONTINUOUS
10
0.8105533464566929
20
0.9031381496062992
11
0.8095231496062992
21
0.9006510629921259
0
LINE
8
BLACK
6
CONTINUOUS
10
0.8095231496062992
20
0.9006510629921259
11
0.8086268503937007
21
0.8982876771653543
0
LINE
8
BLACK
6
CONTINUOUS
10
0.8086268503937007
20
0.8982876771653543
11
0.8084202362204724
21
0.8979883464566929
0
LINE
8
BLACK
6
CONTINUOUS
10
0.8084202362204724
20
0.8979883464566929
11
0.8081935039370078
21
0.8974409448818897
0
LINE
8
BLACK
6
CONTINUOUS
10
0.8081935039370078
20
0.8974409448818897
11
0.8066891732283464
21
0.8954804724409449
0
LINE
8
BLACK
6
CONTINUOUS
10
0.8066891732283464
20
0.8954804724409449
11
0.8053958661417323
21
0.8936067716535433
0
LINE
8
BLACK
6
CONTINUOUS
10
0.8053958661417323
20
0.8936067716535433
11
0.8049448031496063
21
0.8932071653543306
0
LINE
8
BLACK
6
CONTINUOUS
10
0.8049448031496063
20
0.8932071653543306
11
0.8044395275590551
21
0.8925486614173228
0
LINE
8
BLACK
6
CONTINUOUS
10
0.8044395275590551
20
0.8925486614173228
11
0.8026614566929133
21
0.8911842913385827
0
LINE
8
BLACK
6
CONTINUOUS
10
0.8026614566929133
20
0.8911842913385827
11
0.8024803543307086
21
0.8910238582677165
0
LINE
8
BLACK
6
CONTINUOUS
10
0.8024803543307086
20
0.8910238582677165
11
0.8024803543307086
21
0.8874800787401574
0
LINE
8
BLACK
6
CONTINUOUS
10
0.8024803543307086
20
0.8874800787401574
11
0.8026614173228346
21
0.8873196456692913
0
LINE
8
BLACK
6
CONTINUOUS
10
0.8026614173228346
20
0.8873196456692913
11
0.8044395275590551
21
0.8859552755905512
0
LINE
8
BLACK
6
CONTINUOUS
10
0.8044395275590551
20
0.8859552755905512
11
0.8049448818897638
21
0.8852966141732284
0
LINE
8
BLACK
6
CONTINUOUS
10
0.8049448818897638
20
0.8852966141732284
11
0.8053958661417323
21
0.884897125984252
0
LINE
8
BLACK
6
CONTINUOUS
10
0.8053958661417323
20
0.884897125984252
11
0.8066888976377953
21
0.8830237795275591
0
LINE
8
BLACK
6
CONTINUOUS
10
0.8066888976377953
20
0.8830237795275591
11
0.8081935039370078
21
0.8810629921259843
0
LINE
8
BLACK
6
CONTINUOUS
10
0.8081935039370078
20
0.8810629921259843
11
0.8084202755905512
21
0.8805154724409449
0
LINE
8
BLACK
6
CONTINUOUS
10
0.8084202755905512
20
0.8805154724409449
11
0.8086268503937007
21
0.880216220472441
0
LINE
8
BLACK
6
CONTINUOUS
10
0.8086268503937007
20
0.880216220472441
11
0.8095229921259842
21
0.8778532677165354
0
LINE
8
BLACK
6
CONTINUOUS
10
0.8095229921259842
20
0.8778532677165354
11
0.8105533464566929
21
0.8753657874015748
0
LINE
8
BLACK
6
CONTINUOUS
10
0.8105533464566929
20
0.8753657874015748
11
0.8105995669291338
21
0.8750145669291338
0
LINE
8
BLACK
6
CONTINUOUS
10
0.8105995669291338
20
0.8750145669291338
11
0.8106437401574803
21
0.8748981496062992
0
LINE
8
BLACK
6
CONTINUOUS
10
0.8106437401574803
20
0.8748981496062992
11
0.8109858661417323
21
0.8720804330708661
0
LINE
8
BLACK
6
CONTINUOUS
10
0.8109858661417323
20
0.8720804330708661
11
0.8113582677165354
21
0.8692519685039369
0
LINE
8
BLACK
6
CONTINUOUS
10
0.8113582677165354
20
0.8692519685039369
11
0.810985905511811
21
0.8664237007874016
0
LINE
8
BLACK
6
CONTINUOUS
10
0.810985905511811
20
0.8664237007874016
11
0.8106437401574803
21
0.863605748031496
0
LINE
8
BLACK
6
CONTINUOUS
10
0.8106437401574803
20
0.863605748031496
11
0.8105995669291338
21
0.8634892913385827
0
LINE
8
BLACK
6
CONTINUOUS
10
0.8105995669291338
20
0.8634892913385827
11
0.8105533464566929
21
0.8631381496062992
0
LINE
8
BLACK
6
CONTINUOUS
10
0.8105533464566929
20
0.8631381496062992
11
0.8095231496062992
21
0.860651062992126
0
LINE
8
BLACK
6
CONTINUOUS
10
0.8095231496062992
20
0.860651062992126
11
0.8086268503937007
21
0.8582876771653543
0
LINE
8
BLACK
6
CONTINUOUS
10
0.8086268503937007
20
0.8582876771653543
11
0.8084202362204724
21
0.8579883464566929
0
LINE
8
BLACK
6
CONTINUOUS
10
0.8084202362204724
20
0.8579883464566929
11
0.8081935039370078
21
0.8574409448818897
0
LINE
8
BLACK
6
CONTINUOUS
10
0.8081935039370078
20
0.8574409448818897
11
0.8066891732283464
21
0.8554804724409448
0
LINE
8
BLACK
6
CONTINUOUS
10
0.8066891732283464
20
0.8554804724409448
11
0.8053958661417323
21
0.8536067716535433
0
LINE
8
BLACK
6
CONTINUOUS
10
0.8053958661417323
20
0.8536067716535433
11
0.8049448031496063
21
0.8532071653543307
0
LINE
8
BLACK
6
CONTINUOUS
10
0.8049448031496063
20
0.8532071653543307
11
0.8044395275590551
21
0.8525486614173228
0
LINE
8
BLACK
6
CONTINUOUS
10
0.8044395275590551
20
0.8525486614173228
11
0.8026614566929133
21
0.8511842913385826
0
LINE
8
BLACK
6
CONTINUOUS
10
0.8026614566929133
20
0.8511842913385826
11
0.8024803543307086
21
0.8510238582677165
0
LINE
8
BLACK
6
CONTINUOUS
10
0.8024803543307086
20
0.8510238582677165
11
0.8024803543307086
21
0.8474800787401575
0
LINE
8
BLACK
6
CONTINUOUS
10
0.8024803543307086
20
0.8474800787401575
11
0.8026614173228346
21
0.8473196456692913
0
LINE
8
BLACK
6
CONTINUOUS
10
0.8026614173228346
20
0.8473196456692913
11
0.8044395275590551
21
0.8459552755905512
0
LINE
8
BLACK
6
CONTINUOUS
10
0.8044395275590551
20
0.8459552755905512
11
0.8049448818897638
21
0.8452966141732283
0
LINE
8
BLACK
6
CONTINUOUS
10
0.8049448818897638
20
0.8452966141732283
11
0.8053958661417323
21
0.8448971259842519
0
LINE
8
BLACK
6
CONTINUOUS
10
0.8053958661417323
20
0.8448971259842519
11
0.8066888976377953
21
0.843023779527559
0
LINE
8
BLACK
6
CONTINUOUS
10
0.8066888976377953
20
0.843023779527559
11
0.8081935039370078
21
0.8410629921259842
0
LINE
8
BLACK
6
CONTINUOUS
10
0.8081935039370078
20
0.8410629921259842
11
0.8084202755905512
21
0.8405154724409448
0
LINE
8
BLACK
6
CONTINUOUS
10
0.8084202755905512
20
0.8405154724409448
11
0.8086268503937007
21
0.8402162204724409
0
LINE
8
BLACK
6
CONTINUOUS
10
0.8086268503937007
20
0.8402162204724409
11
0.8095229921259842
21
0.8378532677165355
0
LINE
8
BLACK
6
CONTINUOUS
10
0.8095229921259842
20
0.8378532677165355
11
0.8105533464566929
21
0.8353657874015747
0
LINE
8
BLACK
6
CONTINUOUS
10
0.8105533464566929
20
0.8353657874015747
11
0.8105995669291338
21
0.8350145669291339
0
LINE
8
BLACK
6
CONTINUOUS
10
0.8105995669291338
20
0.8350145669291339
11
0.8106437401574803
21
0.8348981496062992
0
LINE
8
BLACK
6
CONTINUOUS
10
0.8106437401574803
20
0.8348981496062992
11
0.8109858661417323
21
0.8320804330708661
0
LINE
8
BLACK
6
CONTINUOUS
10
0.8109858661417323
20
0.8320804330708661
11
0.8113582677165354
21
0.829251968503937
0
LINE
8
BLACK
6
CONTINUOUS
10
0.8113582677165354
20
0.829251968503937
11
0.810985905511811
21
0.8264237007874016
0
LINE
8
BLACK
6
CONTINUOUS
10
0.810985905511811
20
0.8264237007874016
11
0.8106437401574803
21
0.823605748031496
0
LINE
8
BLACK
6
CONTINUOUS
10
0.8106437401574803
20
0.823605748031496
11
0.8105995669291338
21
0.8234892913385826
0
LINE
8
BLACK
6
CONTINUOUS
10
0.8105995669291338
20
0.8234892913385826
11
0.8105533464566929
21
0.8231381496062992
0
LINE
8
BLACK
6
CONTINUOUS
10
0.8105533464566929
20
0.8231381496062992
11
0.8095231496062992
21
0.820651062992126
0
LINE
8
BLACK
6
CONTINUOUS
10
0.8095231496062992
20
0.820651062992126
11
0.8086268503937007
21
0.8182876771653543
0
LINE
8
BLACK
6
CONTINUOUS
10
0.8086268503937007
20
0.8182876771653543
11
0.8084202362204724
21
0.8179883464566929
0
LINE
8
BLACK
6
CONTINUOUS
10
0.8084202362204724
20
0.8179883464566929
11
0.8081935039370078
21
0.8174409448818898
0
LINE
8
BLACK
6
CONTINUOUS
10
0.8081935039370078
20
0.8174409448818898
11
0.8066891732283464
21
0.8154804724409449
0
LINE
8
BLACK
6
CONTINUOUS
10
0.8066891732283464
20
0.8154804724409449
11
0.8053958661417323
21
0.8136067716535433
0
LINE
8
BLACK
6
CONTINUOUS
10
0.8053958661417323
20
0.8136067716535433
11
0.8049448031496063
21
0.8132071653543307
0
LINE
8
BLACK
6
CONTINUOUS
10
0.8049448031496063
20
0.8132071653543307
11
0.8044395275590551
21
0.8125486614173228
0
LINE
8
BLACK
6
CONTINUOUS
10
0.8044395275590551
20
0.8125486614173228
11
0.8026614566929133
21
0.8111842913385826
0
LINE
8
BLACK
6
CONTINUOUS
10
0.8026614566929133
20
0.8111842913385826
11
0.8024803543307086
21
0.8110238582677165
0
LINE
8
BLACK
6
CONTINUOUS
10
0.8024803543307086
20
0.8110238582677165
11
0.8024803543307086
21
0.8074800787401575
0
LINE
8
BLACK
6
CONTINUOUS
10
0.8024803543307086
20
0.8074800787401575
11
0.8026614173228346
21
0.8073196456692914
0
LINE
8
BLACK
6
CONTINUOUS
10
0.8026614173228346
20
0.8073196456692914
11
0.8044395275590551
21
0.8059552755905511
0
LINE
8
BLACK
6
CONTINUOUS
10
0.8044395275590551
20
0.8059552755905511
11
0.8049448818897638
21
0.8052966141732283
0
LINE
8
BLACK
6
CONTINUOUS
10
0.8049448818897638
20
0.8052966141732283
11
0.8053958661417323
21
0.804897125984252
0
LINE
8
BLACK
6
CONTINUOUS
10
0.8053958661417323
20
0.804897125984252
11
0.8066888976377953
21
0.803023779527559
0
LINE
8
BLACK
6
CONTINUOUS
10
0.8066888976377953
20
0.803023779527559
11
0.8081935039370078
21
0.8010629921259842
0
LINE
8
BLACK
6
CONTINUOUS
10
0.8081935039370078
20
0.8010629921259842
11
0.8084202755905512
21
0.8005154724409449
0
LINE
8
BLACK
6
CONTINUOUS
10
0.8084202755905512
20
0.8005154724409449
11
0.8086268503937007
21
0.8002162204724409
0
LINE
8
BLACK
6
CONTINUOUS
10
0.8086268503937007
20
0.8002162204724409
11
0.8095229921259842
21
0.7978532677165354
0
LINE
8
BLACK
6
CONTINUOUS
10
0.8095229921259842
20
0.7978532677165354
11
0.8105533464566929
21
0.7953657874015748
0
LINE
8
BLACK
6
CONTINUOUS
10
0.8105533464566929
20
0.7953657874015748
11
0.8105995669291338
21
0.7950145669291339
0
LINE
8
BLACK
6
CONTINUOUS
10
0.8105995669291338
20
0.7950145669291339
11
0.8106437401574803
21
0.7948981496062992
0
LINE
8
BLACK
6
CONTINUOUS
10
0.8106437401574803
20
0.7948981496062992
11
0.8109858661417323
21
0.7920804330708662
0
LINE
8
BLACK
6
CONTINUOUS
10
0.8109858661417323
20
0.7920804330708662
11
0.8113582677165354
21
0.789251968503937
0
LINE
8
BLACK
6
CONTINUOUS
10
0.8113582677165354
20
0.789251968503937
11
0.810985905511811
21
0.7864237007874015
0
LINE
8
BLACK
6
CONTINUOUS
10
0.810985905511811
20
0.7864237007874015
11
0.8106437401574803
21
0.7836057480314961
0
LINE
8
BLACK
6
CONTINUOUS
10
0.8106437401574803
20
0.7836057480314961
11
0.8105995669291338
21
0.7834892913385827
0
LINE
8
BLACK
6
CONTINUOUS
10
0.8105995669291338
20
0.7834892913385827
11
0.8105533464566929
21
0.7831381496062992
0
LINE
8
BLACK
6
CONTINUOUS
10
0.8105533464566929
20
0.7831381496062992
11
0.8095231496062992
21
0.7806510629921259
0
LINE
8
BLACK
6
CONTINUOUS
10
0.8095231496062992
20
0.7806510629921259
11
0.8086268503937007
21
0.7782876771653543
0
LINE
8
BLACK
6
CONTINUOUS
10
0.8086268503937007
20
0.7782876771653543
11
0.8084202362204724
21
0.7779883464566929
0
LINE
8
BLACK
6
CONTINUOUS
10
0.8084202362204724
20
0.7779883464566929
11
0.8081935039370078
21
0.7774409448818898
0
LINE
8
BLACK
6
CONTINUOUS
10
0.8081935039370078
20
0.7774409448818898
11
0.8066891732283464
21
0.7754804724409449
0
LINE
8
BLACK
6
CONTINUOUS
10
0.8066891732283464
20
0.7754804724409449
11
0.8053958661417323
21
0.7736067716535433
0
LINE
8
BLACK
6
CONTINUOUS
10
0.8053958661417323
20
0.7736067716535433
11
0.8049448031496063
21
0.7732071653543306
0
LINE
8
BLACK
6
CONTINUOUS
10
0.8049448031496063
20
0.7732071653543306
11
0.8044395275590551
21
0.7725486614173228
0
LINE
8
BLACK
6
CONTINUOUS
10
0.8044395275590551
20
0.7725486614173228
11
0.8026615748031496
21
0.7711844094488188
0
LINE
8
BLACK
6
CONTINUOUS
10
0.8026615748031496
20
0.7711844094488188
11
0.8011386614173228
21
0.7698351968503937
0
LINE
8
BLACK
6
CONTINUOUS
10
0.8011386614173228
20
0.7698351968503937
11
0.8003937795275591
21
0.769444251968504
0
LINE
8
BLACK
6
CONTINUOUS
10
0.8003937795275591
20
0.769444251968504
11
0.7995472440944882
21
0.7687946850393701
0
LINE
8
BLACK
6
CONTINUOUS
10
0.7995472440944882
20
0.7687946850393701
11
0.7976914566929134
21
0.7680259842519684
0
LINE
8
BLACK
6
CONTINUOUS
10
0.7976914566929134
20
0.7680259842519684
11
0.7961024015748032
21
0.7671920078740158
0
LINE
8
BLACK
6
CONTINUOUS
10
0.7961024015748032
20
0.7671920078740158
11
0.7950543700787401
21
0.7669336614173228
0
LINE
8
BLACK
6
CONTINUOUS
10
0.7950543700787401
20
0.7669336614173228
11
0.7938500393700787
21
0.766434842519685
0
LINE
8
BLACK
6
CONTINUOUS
10
0.7938500393700787
20
0.766434842519685
11
0.7920907874015748
21
0.766203188976378
0
LINE
8
BLACK
6
CONTINUOUS
10
0.7920907874015748
20
0.766203188976378
11
0.7905800787401575
21
0.7658308661417322
0
LINE
8
BLACK
6
CONTINUOUS
10
0.7905800787401575
20
0.7658308661417322
11
0.7892625196850394
21
0.7658308661417322
0
LINE
8
BLACK
6
CONTINUOUS
10
0.7892625196850394
20
0.7658308661417322
11
0.787736220472441
21
0.7656299212598425
0
LINE
8
BLACK
6
CONTINUOUS
10
0.787736220472441
20
0.7656299212598425
11
0.7862099212598425
21
0.7658308661417322
0
LINE
8
BLACK
6
CONTINUOUS
10
0.7862099212598425
20
0.7658308661417322
11
0.7848923622047244
21
0.7658308661417322
0
LINE
8
BLACK
6
CONTINUOUS
10
0.7848923622047244
20
0.7658308661417322
11
0.7833816141732284
21
0.7662032283464567
0
LINE
8
BLACK
6
CONTINUOUS
10
0.7833816141732284
20
0.7662032283464567
11
0.7816224015748031
21
0.766434842519685
0
LINE
8
BLACK
6
CONTINUOUS
10
0.7816224015748031
20
0.766434842519685
11
0.7804181102362204
21
0.7669336614173228
0
LINE
8
BLACK
6
CONTINUOUS
10
0.7804181102362204
20
0.7669336614173228
11
0.77937
21
0.7671920078740158
0
LINE
8
BLACK
6
CONTINUOUS
10
0.77937
20
0.7671920078740158
11
0.777780748031496
21
0.7680260629921259
0
LINE
8
BLACK
6
CONTINUOUS
10
0.777780748031496
20
0.7680260629921259
11
0.7759251968503936
21
0.7687946850393701
0
LINE
8
BLACK
6
CONTINUOUS
10
0.7759251968503936
20
0.7687946850393701
11
0.7750787007874016
21
0.7694441732283465
0
LINE
8
BLACK
6
CONTINUOUS
10
0.7750787007874016
20
0.7694441732283465
11
0.7743337401574802
21
0.7698351968503937
0
LINE
8
BLACK
6
CONTINUOUS
10
0.7743337401574802
20
0.7698351968503937
11
0.7728105118110236
21
0.7711846062992126
0
LINE
8
BLACK
6
CONTINUOUS
10
0.7728105118110236
20
0.7711846062992126
11
0.7710329133858268
21
0.7725486614173228
0
LINE
8
BLACK
6
CONTINUOUS
10
0.7710329133858268
20
0.7725486614173228
11
0.7705276771653543
21
0.7732070472440945
0
LINE
8
BLACK
6
CONTINUOUS
10
0.7705276771653543
20
0.7732070472440945
11
0.7700765354330709
21
0.7736067716535433
0
LINE
8
BLACK
6
CONTINUOUS
10
0.7700765354330709
20
0.7736067716535433
11
0.7687829133858267
21
0.775480905511811
0
LINE
8
BLACK
6
CONTINUOUS
10
0.7687829133858267
20
0.775480905511811
11
0.767278937007874
21
0.7774409448818898
0
LINE
8
BLACK
6
CONTINUOUS
10
0.767278937007874
20
0.7774409448818898
11
0.7670522047244094
21
0.7779882677165354
0
LINE
8
BLACK
6
CONTINUOUS
10
0.7670522047244094
20
0.7779882677165354
11
0.7660525196850394
21
0.7794366141732283
0
LINE
8
BLACK
6
CONTINUOUS
10
0.7660525196850394
20
0.7794366141732283
11
0.7619199212598425
21
0.7794366141732283
0
LINE
8
BLACK
6
CONTINUOUS
10
0.7619199212598425
20
0.7794366141732283
11
0.7609201968503937
21
0.7779883070866142
0
LINE
8
BLACK
6
CONTINUOUS
10
0.7609201968503937
20
0.7779883070866142
11
0.7606935039370079
21
0.7774409448818898
0
LINE
8
BLACK
6
CONTINUOUS
10
0.7606935039370079
20
0.7774409448818898
11
0.759189251968504
21
0.7754805511811024
0
LINE
8
BLACK
6
CONTINUOUS
10
0.759189251968504
20
0.7754805511811024
11
0.7578958661417323
21
0.7736067716535433
0
LINE
8
BLACK
6
CONTINUOUS
10
0.7578958661417323
20
0.7736067716535433
11
0.7574448031496063
21
0.7732071653543306
0
LINE
8
BLACK
6
CONTINUOUS
10
0.7574448031496063
20
0.7732071653543306
11
0.7569395275590551
21
0.7725486614173228
0
LINE
8
BLACK
6
CONTINUOUS
10
0.7569395275590551
20
0.7725486614173228
11
0.7551615748031496
21
0.7711844094488188
0
LINE
8
BLACK
6
CONTINUOUS
10
0.7551615748031496
20
0.7711844094488188
11
0.7536386614173228
21
0.7698351968503937
0
LINE
8
BLACK
6
CONTINUOUS
10
0.7536386614173228
20
0.7698351968503937
11
0.7528937795275591
21
0.769444251968504
0
LINE
8
BLACK
6
CONTINUOUS
10
0.7528937795275591
20
0.769444251968504
11
0.7520472440944882
21
0.7687946850393701
0
LINE
8
BLACK
6
CONTINUOUS
10
0.7520472440944882
20
0.7687946850393701
11
0.7501914566929133
21
0.7680259842519684
0
LINE
8
BLACK
6
CONTINUOUS
10
0.7501914566929133
20
0.7680259842519684
11
0.7486024015748032
21
0.7671920078740158
0
LINE
8
BLACK
6
CONTINUOUS
10
0.7486024015748032
20
0.7671920078740158
11
0.7475543700787401
21
0.7669336614173228
0
LINE
8
BLACK
6
CONTINUOUS
10
0.7475543700787401
20
0.7669336614173228
11
0.7463500393700787
21
0.766434842519685
0
LINE
8
BLACK
6
CONTINUOUS
10
0.7463500393700787
20
0.766434842519685
11
0.7445907874015748
21
0.766203188976378
0
LINE
8
BLACK
6
CONTINUOUS
10
0.7445907874015748
20
0.766203188976378
11
0.7430800787401575
21
0.7658308661417322
0
LINE
8
BLACK
6
CONTINUOUS
10
0.7430800787401575
20
0.7658308661417322
11
0.7417625196850394
21
0.7658308661417322
0
LINE
8
BLACK
6
CONTINUOUS
10
0.7417625196850394
20
0.7658308661417322
11
0.740236220472441
21
0.7656299212598425
0
LINE
8
BLACK
6
CONTINUOUS
10
0.740236220472441
20
0.7656299212598425
11
0.7387099212598425
21
0.7658308661417322
0
LINE
8
BLACK
6
CONTINUOUS
10
0.7387099212598425
20
0.7658308661417322
11
0.7373923622047244
21
0.7658308661417322
0
LINE
8
BLACK
6
CONTINUOUS
10
0.7373923622047244
20
0.7658308661417322
11
0.7358816141732283
21
0.7662032283464567
0
LINE
8
BLACK
6
CONTINUOUS
10
0.7358816141732283
20
0.7662032283464567
11
0.7341224015748031
21
0.766434842519685
0
LINE
8
BLACK
6
CONTINUOUS
10
0.7341224015748031
20
0.766434842519685
11
0.7329181102362204
21
0.7669336614173228
0
LINE
8
BLACK
6
CONTINUOUS
10
0.7329181102362204
20
0.7669336614173228
11
0.73187
21
0.7671920078740158
0
LINE
8
BLACK
6
CONTINUOUS
10
0.73187
20
0.7671920078740158
11
0.730280748031496
21
0.7680260629921259
0
LINE
8
BLACK
6
CONTINUOUS
10
0.730280748031496
20
0.7680260629921259
11
0.7284251968503936
21
0.7687946850393701
0
LINE
8
BLACK
6
CONTINUOUS
10
0.7284251968503936
20
0.7687946850393701
11
0.7275787007874016
21
0.7694441732283465
0
LINE
8
BLACK
6
CONTINUOUS
10
0.7275787007874016
20
0.7694441732283465
11
0.7268337401574803
21
0.7698351968503937
0
LINE
8
BLACK
6
CONTINUOUS
10
0.7268337401574803
20
0.7698351968503937
11
0.7253105118110236
21
0.7711846062992126
0
LINE
8
BLACK
6
CONTINUOUS
10
0.7253105118110236
20
0.7711846062992126
11
0.7235329133858267
21
0.7725486614173228
0
LINE
8
BLACK
6
CONTINUOUS
10
0.7235329133858267
20
0.7725486614173228
11
0.7230276771653543
21
0.7732070472440945
0
LINE
8
BLACK
6
CONTINUOUS
10
0.7230276771653543
20
0.7732070472440945
11
0.7225765354330709
21
0.7736067716535433
0
LINE
8
BLACK
6
CONTINUOUS
10
0.7225765354330709
20
0.7736067716535433
11
0.7212829133858267
21
0.775480905511811
0
LINE
8
BLACK
6
CONTINUOUS
10
0.7212829133858267
20
0.775480905511811
11
0.719778937007874
21
0.7774409448818898
0
LINE
8
BLACK
6
CONTINUOUS
10
0.719778937007874
20
0.7774409448818898
11
0.7195522047244094
21
0.7779882677165354
0
LINE
8
BLACK
6
CONTINUOUS
10
0.7195522047244094
20
0.7779882677165354
11
0.7185525196850393
21
0.7794366141732283
0
LINE
8
BLACK
6
CONTINUOUS
10
0.7185525196850393
20
0.7794366141732283
11
0.7144199212598425
21
0.7794366141732283
0
LINE
8
BLACK
6
CONTINUOUS
10
0.7144199212598425
20
0.7794366141732283
11
0.7134201968503937
21
0.7779883070866142
0
LINE
8
BLACK
6
CONTINUOUS
10
0.7134201968503937
20
0.7779883070866142
11
0.7131935039370079
21
0.7774409448818898
0
LINE
8
BLACK
6
CONTINUOUS
10
0.7131935039370079
20
0.7774409448818898
11
0.711689251968504
21
0.7754805511811024
0
LINE
8
BLACK
6
CONTINUOUS
10
0.711689251968504
20
0.7754805511811024
11
0.7103958661417322
21
0.7736067716535433
0
LINE
8
BLACK
6
CONTINUOUS
10
0.7103958661417322
20
0.7736067716535433
11
0.7099448031496063
21
0.7732071653543306
0
LINE
8
BLACK
6
CONTINUOUS
10
0.7099448031496063
20
0.7732071653543306
11
0.7094395275590551
21
0.7725486614173228
0
LINE
8
BLACK
6
CONTINUOUS
10
0.7094395275590551
20
0.7725486614173228
11
0.7076615748031496
21
0.7711844094488188
0
LINE
8
BLACK
6
CONTINUOUS
10
0.7076615748031496
20
0.7711844094488188
11
0.7061386614173228
21
0.7698351968503937
0
LINE
8
BLACK
6
CONTINUOUS
10
0.7061386614173228
20
0.7698351968503937
11
0.705393779527559
21
0.769444251968504
0
LINE
8
BLACK
6
CONTINUOUS
10
0.705393779527559
20
0.769444251968504
11
0.7045472440944882
21
0.7687946850393701
0
LINE
8
BLACK
6
CONTINUOUS
10
0.7045472440944882
20
0.7687946850393701
11
0.7026914566929133
21
0.7680259842519684
0
LINE
8
BLACK
6
CONTINUOUS
10
0.7026914566929133
20
0.7680259842519684
11
0.7011024015748031
21
0.7671920078740158
0
LINE
8
BLACK
6
CONTINUOUS
10
0.7011024015748031
20
0.7671920078740158
11
0.7000543700787402
21
0.7669336614173228
0
LINE
8
BLACK
6
CONTINUOUS
10
0.7000543700787402
20
0.7669336614173228
11
0.6988500393700787
21
0.766434842519685
0
LINE
8
BLACK
6
CONTINUOUS
10
0.6988500393700787
20
0.766434842519685
11
0.6970907874015748
21
0.766203188976378
0
LINE
8
BLACK
6
CONTINUOUS
10
0.6970907874015748
20
0.766203188976378
11
0.6955800787401575
21
0.7658308661417322
0
LINE
8
BLACK
6
CONTINUOUS
10
0.6955800787401575
20
0.7658308661417322
11
0.6942625196850394
21
0.7658308661417322
0
LINE
8
BLACK
6
CONTINUOUS
10
0.6942625196850394
20
0.7658308661417322
11
0.6927362204724409
21
0.7656299212598425
0
LINE
8
BLACK
6
CONTINUOUS
10
0.6927362204724409
20
0.7656299212598425
11
0.6912099212598425
21
0.7658308661417322
0
LINE
8
BLACK
6
CONTINUOUS
10
0.6912099212598425
20
0.7658308661417322
11
0.6898923622047244
21
0.7658308661417322
0
LINE
8
BLACK
6
CONTINUOUS
10
0.6898923622047244
20
0.7658308661417322
11
0.6883816141732283
21
0.7662032283464567
0
LINE
8
BLACK
6
CONTINUOUS
10
0.6883816141732283
20
0.7662032283464567
11
0.6866224015748031
21
0.766434842519685
0
LINE
8
BLACK
6
CONTINUOUS
10
0.6866224015748031
20
0.766434842519685
11
0.6854181102362205
21
0.7669336614173228
0
LINE
8
BLACK
6
CONTINUOUS
10
0.6854181102362205
20
0.7669336614173228
11
0.68437
21
0.7671920078740158
0
LINE
8
BLACK
6
CONTINUOUS
10
0.68437
20
0.7671920078740158
11
0.682780748031496
21
0.7680260629921259
0
LINE
8
BLACK
6
CONTINUOUS
10
0.682780748031496
20
0.7680260629921259
11
0.6809251968503937
21
0.7687946850393701
0
LINE
8
BLACK
6
CONTINUOUS
10
0.6809251968503937
20
0.7687946850393701
11
0.6800787007874015
21
0.7694441732283465
0
LINE
8
BLACK
6
CONTINUOUS
10
0.6800787007874015
20
0.7694441732283465
11
0.6793337401574803
21
0.7698351968503937
0
LINE
8
BLACK
6
CONTINUOUS
10
0.6793337401574803
20
0.7698351968503937
11
0.6778105118110236
21
0.7711846062992126
0
LINE
8
BLACK
6
CONTINUOUS
10
0.6778105118110236
20
0.7711846062992126
11
0.6760329133858267
21
0.7725486614173228
0
LINE
8
BLACK
6
CONTINUOUS
10
0.6760329133858267
20
0.7725486614173228
11
0.6755276771653543
21
0.7732070472440945
0
LINE
8
BLACK
6
CONTINUOUS
10
0.6755276771653543
20
0.7732070472440945
11
0.6750765354330709
21
0.7736067716535433
0
LINE
8
BLACK
6
CONTINUOUS
10
0.6750765354330709
20
0.7736067716535433
11
0.6737828346456692
21
0.7754809842519685
0
LINE
8
BLACK
6
CONTINUOUS
10
0.6737828346456692
20
0.7754809842519685
11
0.672278937007874
21
0.7774409448818898
0
LINE
8
BLACK
6
CONTINUOUS
10
0.672278937007874
20
0.7774409448818898
11
0.6720522440944882
21
0.7779881889763779
0
LINE
8
BLACK
6
CONTINUOUS
10
0.6720522440944882
20
0.7779881889763779
11
0.6718455511811023
21
0.7782876771653543
0
LINE
8
BLACK
6
CONTINUOUS
10
0.6718455511811023
20
0.7782876771653543
11
0.670948779527559
21
0.7806522047244094
0
LINE
8
BLACK
6
CONTINUOUS
10
0.670948779527559
20
0.7806522047244094
11
0.669919094488189
21
0.7831381496062992
0
LINE
8
BLACK
6
CONTINUOUS
10
0.669919094488189
20
0.7831381496062992
11
0.669872874015748
21
0.7834891338582677
0
LINE
8
BLACK
6
CONTINUOUS
10
0.669872874015748
20
0.7834891338582677
11
0.6698286614173228
21
0.7836057480314961
0
LINE
8
BLACK
6
CONTINUOUS
10
0.6698286614173228
20
0.7836057480314961
11
0.6694860236220472
21
0.7864275196850393
0
LINE
8
BLACK
6
CONTINUOUS
10
0.6694860236220472
20
0.7864275196850393
11
0.6691141732283464
21
0.789251968503937
0
LINE
8
BLACK
6
CONTINUOUS
10
0.6691141732283464
20
0.789251968503937
11
0.6694860236220472
21
0.7920766141732283
0
LINE
8
BLACK
6
CONTINUOUS
10
0.6694860236220472
20
0.7920766141732283
11
0.6698286614173228
21
0.7948981496062992
0
LINE
8
BLACK
6
CONTINUOUS
10
0.6698286614173228
20
0.7948981496062992
11
0.669872874015748
21
0.7950147244094488
0
LINE
8
BLACK
6
CONTINUOUS
10
0.669872874015748
20
0.7950147244094488
11
0.669919094488189
21
0.7953657874015748
0
LINE
8
BLACK
6
CONTINUOUS
10
0.669919094488189
20
0.7953657874015748
11
0.6709489370078739
21
0.7978521259842519
0
LINE
8
BLACK
6
CONTINUOUS
10
0.6709489370078739
20
0.7978521259842519
11
0.6718455511811023
21
0.8002162204724409
0
LINE
8
BLACK
6
CONTINUOUS
10
0.6718455511811023
20
0.8002162204724409
11
0.6720522047244094
21
0.800515590551181
0
LINE
8
BLACK
6
CONTINUOUS
10
0.6720522047244094
20
0.800515590551181
11
0.672278937007874
21
0.8010629921259842
0
LINE
8
BLACK
6
CONTINUOUS
10
0.672278937007874
20
0.8010629921259842
11
0.6737831102362205
21
0.8030232677165354
0
LINE
8
BLACK
6
CONTINUOUS
10
0.6737831102362205
20
0.8030232677165354
11
0.6750765354330709
21
0.804897125984252
0
LINE
8
BLACK
6
CONTINUOUS
10
0.6750765354330709
20
0.804897125984252
11
0.6755275984251968
21
0.8052967322834645
0
LINE
8
BLACK
6
CONTINUOUS
10
0.6755275984251968
20
0.8052967322834645
11
0.6760329133858267
21
0.8059552755905511
0
LINE
8
BLACK
6
CONTINUOUS
10
0.6760329133858267
20
0.8059552755905511
11
0.6778103543307087
21
0.8073191732283465
0
LINE
8
BLACK
6
CONTINUOUS
10
0.6778103543307087
20
0.8073191732283465
11
0.6779920078740157
21
0.8074800787401575
0
LINE
8
BLACK
6
CONTINUOUS
10
0.6779920078740157
20
0.8074800787401575
11
0.7074803543307087
21
0.8074800787401575
0
LINE
8
BLACK
6
CONTINUOUS
10
0.7074803543307087
20
0.8074800787401575
11
0.7076614566929134
21
0.8073196062992126
0
LINE
8
BLACK
6
CONTINUOUS
10
0.7076614566929134
20
0.8073196062992126
11
0.7094395275590551
21
0.8059552755905511
0
LINE
8
BLACK
6
CONTINUOUS
10
0.7094395275590551
20
0.8059552755905511
11
0.709944842519685
21
0.8052966929133858
0
LINE
8
BLACK
6
CONTINUOUS
10
0.709944842519685
20
0.8052966929133858
11
0.7103959448818897
21
0.8048970866141733
0
LINE
8
BLACK
6
CONTINUOUS
10
0.7103959448818897
20
0.8048970866141733
11
0.7116893307086614
21
0.8030232283464567
0
LINE
8
BLACK
6
CONTINUOUS
10
0.7116893307086614
20
0.8030232283464567
11
0.7131935039370079
21
0.8010629921259842
0
LINE
8
BLACK
6
CONTINUOUS
10
0.7131935039370079
20
0.8010629921259842
11
0.7134202362204725
21
0.8005155511811023
0
LINE
8
BLACK
6
CONTINUOUS
10
0.7134202362204725
20
0.8005155511811023
11
0.7144199212598425
21
0.7990672834645669
0
LINE
8
BLACK
6
CONTINUOUS
10
0.7144199212598425
20
0.7990672834645669
11
0.7185525196850393
21
0.7990672834645669
0
LINE
8
BLACK
6
CONTINUOUS
10
0.7185525196850393
20
0.7990672834645669
11
0.7195521653543306
21
0.8005155511811023
0
LINE
8
BLACK
6
CONTINUOUS
10
0.7195521653543306
20
0.8005155511811023
11
0.719778937007874
21
0.8010629921259842
0
LINE
8
BLACK
6
CONTINUOUS
10
0.719778937007874
20
0.8010629921259842
11
0.7212830708661417
21
0.8030232283464567
0
LINE
8
BLACK
6
CONTINUOUS
10
0.7212830708661417
20
0.8030232283464567
11
0.7225764960629921
21
0.8048970866141733
0
LINE
8
BLACK
6
CONTINUOUS
10
0.7225764960629921
20
0.8048970866141733
11
0.7230275984251968
21
0.8052967322834645
0
LINE
8
BLACK
6
CONTINUOUS
10
0.7230275984251968
20
0.8052967322834645
11
0.7235329133858267
21
0.8059552755905511
0
LINE
8
BLACK
6
CONTINUOUS
10
0.7235329133858267
20
0.8059552755905511
11
0.7253103937007874
21
0.8073191732283465
0
LINE
8
BLACK
6
CONTINUOUS
10
0.7253103937007874
20
0.8073191732283465
11
0.7254920078740157
21
0.8074800787401575
0
LINE
8
BLACK
6
CONTINUOUS
10
0.7254920078740157
20
0.8074800787401575
11
0.7549803543307086
21
0.8074800787401575
0
LINE
8
BLACK
6
CONTINUOUS
10
0.7549803543307086
20
0.8074800787401575
11
0.7551614566929133
21
0.8073196062992126
0
LINE
8
BLACK
6
CONTINUOUS
10
0.7551614566929133
20
0.8073196062992126
11
0.7569395275590551
21
0.8059552755905511
0
LINE
8
BLACK
6
CONTINUOUS
10
0.7569395275590551
20
0.8059552755905511
11
0.757444842519685
21
0.8052966929133858
0
LINE
8
BLACK
6
CONTINUOUS
10
0.757444842519685
20
0.8052966929133858
11
0.7578959448818897
21
0.8048970866141733
0
LINE
8
BLACK
6
CONTINUOUS
10
0.7578959448818897
20
0.8048970866141733
11
0.7591893307086613
21
0.8030232283464567
0
LINE
8
BLACK
6
CONTINUOUS
10
0.7591893307086613
20
0.8030232283464567
11
0.7606935039370079
21
0.8010629921259842
0
LINE
8
BLACK
6
CONTINUOUS
10
0.7606935039370079
20
0.8010629921259842
11
0.7609202362204724
21
0.8005155511811023
0
LINE
8
BLACK
6
CONTINUOUS
10
0.7609202362204724
20
0.8005155511811023
11
0.7619199212598425
21
0.7990672834645669
0
LINE
8
BLACK
6
CONTINUOUS
10
0.7619199212598425
20
0.7990672834645669
11
0.7660525196850394
21
0.7990672834645669
0
LINE
8
BLACK
6
CONTINUOUS
10
0.7660525196850394
20
0.7990672834645669
11
0.7670521653543307
21
0.8005155511811023
0
LINE
8
BLACK
6
CONTINUOUS
10
0.7670521653543307
20
0.8005155511811023
11
0.767278937007874
21
0.8010629921259842
0
LINE
8
BLACK
6
CONTINUOUS
10
0.767278937007874
20
0.8010629921259842
11
0.7687830708661417
21
0.8030232283464567
0
LINE
8
BLACK
6
CONTINUOUS
10
0.7687830708661417
20
0.8030232283464567
11
0.7700764960629921
21
0.8048970866141733
0
LINE
8
BLACK
6
CONTINUOUS
10
0.7700764960629921
20
0.8048970866141733
11
0.7705275984251968
21
0.8052967322834645
0
LINE
8
BLACK
6
CONTINUOUS
10
0.7705275984251968
20
0.8052967322834645
11
0.7710329133858268
21
0.8059552755905511
0
LINE
8
BLACK
6
CONTINUOUS
10
0.7710329133858268
20
0.8059552755905511
11
0.7728103937007874
21
0.8073191732283465
0
LINE
8
BLACK
6
CONTINUOUS
10
0.7728103937007874
20
0.8073191732283465
11
0.7729920472440944
21
0.8074801181102362
0
LINE
8
BLACK
6
CONTINUOUS
10
0.7729920472440944
20
0.8074801181102362
11
0.7729920472440944
21
0.8110238188976377
0
LINE
8
BLACK
6
CONTINUOUS
10
0.7729920472440944
20
0.8110238188976377
11
0.7728103543307087
21
0.8111847637795275
0
LINE
8
BLACK
6
CONTINUOUS
10
0.7728103543307087
20
0.8111847637795275
11
0.7710329133858268
21
0.8125486614173228
0
LINE
8
BLACK
6
CONTINUOUS
10
0.7710329133858268
20
0.8125486614173228
11
0.7705276771653543
21
0.8132070472440944
0
LINE
8
BLACK
6
CONTINUOUS
10
0.7705276771653543
20
0.8132070472440944
11
0.7700765354330709
21
0.8136067716535433
0
LINE
8
BLACK
6
CONTINUOUS
10
0.7700765354330709
20
0.8136067716535433
11
0.7687829133858267
21
0.815480905511811
0
LINE
8
BLACK
6
CONTINUOUS
10
0.7687829133858267
20
0.815480905511811
11
0.767278937007874
21
0.8174409448818898
0
LINE
8
BLACK
6
CONTINUOUS
10
0.767278937007874
20
0.8174409448818898
11
0.7670522047244094
21
0.8179882677165354
0
LINE
8
BLACK
6
CONTINUOUS
10
0.7670522047244094
20
0.8179882677165354
11
0.7660525196850394
21
0.8194366141732283
0
LINE
8
BLACK
6
CONTINUOUS
10
0.7660525196850394
20
0.8194366141732283
11
0.7619199212598425
21
0.8194366141732283
0
LINE
8
BLACK
6
CONTINUOUS
10
0.7619199212598425
20
0.8194366141732283
11
0.7609201968503937
21
0.8179883070866142
0
LINE
8
BLACK
6
CONTINUOUS
10
0.7609201968503937
20
0.8179883070866142
11
0.7606935039370079
21
0.8174409448818898
0
LINE
8
BLACK
6
CONTINUOUS
10
0.7606935039370079
20
0.8174409448818898
11
0.759189251968504
21
0.8154805511811023
0
LINE
8
BLACK
6
CONTINUOUS
10
0.759189251968504
20
0.8154805511811023
11
0.7578958661417323
21
0.8136067716535433
0
LINE
8
BLACK
6
CONTINUOUS
10
0.7578958661417323
20
0.8136067716535433
11
0.7574448031496063
21
0.8132071653543307
0
LINE
8
BLACK
6
CONTINUOUS
10
0.7574448031496063
20
0.8132071653543307
11
0.7569395275590551
21
0.8125486614173228
0
LINE
8
BLACK
6
CONTINUOUS
10
0.7569395275590551
20
0.8125486614173228
11
0.7551614566929133
21
0.8111842913385826
0
LINE
8
BLACK
6
CONTINUOUS
10
0.7551614566929133
20
0.8111842913385826
11
0.7549803543307086
21
0.8110238582677165
0
LINE
8
BLACK
6
CONTINUOUS
10
0.7549803543307086
20
0.8110238582677165
11
0.7549803543307086
21
0.8074800787401575
0
LINE
8
BLACK
6
CONTINUOUS
10
0.7549803543307086
20
0.8074800787401575
11
0.7254920078740157
21
0.8074800787401575
0
LINE
8
BLACK
6
CONTINUOUS
10
0.7254920078740157
20
0.8074800787401575
11
0.7254920472440944
21
0.8074801181102362
0
LINE
8
BLACK
6
CONTINUOUS
10
0.7254920472440944
20
0.8074801181102362
11
0.7254920472440944
21
0.8110238188976377
0
LINE
8
BLACK
6
CONTINUOUS
10
0.7254920472440944
20
0.8110238188976377
11
0.7253103543307087
21
0.8111847637795275
0
LINE
8
BLACK
6
CONTINUOUS
10
0.7253103543307087
20
0.8111847637795275
11
0.7235329133858267
21
0.8125486614173228
0
LINE
8
BLACK
6
CONTINUOUS
10
0.7235329133858267
20
0.8125486614173228
11
0.7230276771653543
21
0.8132070472440944
0
LINE
8
BLACK
6
CONTINUOUS
10
0.7230276771653543
20
0.8132070472440944
11
0.7225765354330709
21
0.8136067716535433
0
LINE
8
BLACK
6
CONTINUOUS
10
0.7225765354330709
20
0.8136067716535433
11
0.7212829133858267
21
0.815480905511811
0
LINE
8
BLACK
6
CONTINUOUS
10
0.7212829133858267
20
0.815480905511811
11
0.719778937007874
21
0.8174409448818898
0
LINE
8
BLACK
6
CONTINUOUS
10
0.719778937007874
20
0.8174409448818898
11
0.7195522047244094
21
0.8179882677165354
0
LINE
8
BLACK
6
CONTINUOUS
10
0.7195522047244094
20
0.8179882677165354
11
0.7185525196850393
21
0.8194366141732283
0
LINE
8
BLACK
6
CONTINUOUS
10
0.7185525196850393
20
0.8194366141732283
11
0.7144199212598425
21
0.8194366141732283
0
LINE
8
BLACK
6
CONTINUOUS
10
0.7144199212598425
20
0.8194366141732283
11
0.7134201968503937
21
0.8179883070866142
0
LINE
8
BLACK
6
CONTINUOUS
10
0.7134201968503937
20
0.8179883070866142
11
0.7131935039370079
21
0.8174409448818898
0
LINE
8
BLACK
6
CONTINUOUS
10
0.7131935039370079
20
0.8174409448818898
11
0.711689251968504
21
0.8154805511811023
0
LINE
8
BLACK
6
CONTINUOUS
10
0.711689251968504
20
0.8154805511811023
11
0.7103958661417322
21
0.8136067716535433
0
LINE
8
BLACK
6
CONTINUOUS
10
0.7103958661417322
20
0.8136067716535433
11
0.7099448031496063
21
0.8132071653543307
0
LINE
8
BLACK
6
CONTINUOUS
10
0.7099448031496063
20
0.8132071653543307
11
0.7094395275590551
21
0.8125486614173228
0
LINE
8
BLACK
6
CONTINUOUS
10
0.7094395275590551
20
0.8125486614173228
11
0.7076614566929134
21
0.8111842913385826
0
LINE
8
BLACK
6
CONTINUOUS
10
0.7076614566929134
20
0.8111842913385826
11
0.7074803543307087
21
0.8110238582677165
0
LINE
8
BLACK
6
CONTINUOUS
10
0.7074803543307087
20
0.8110238582677165
11
0.7074803543307087
21
0.8074800787401575
0
LINE
8
BLACK
6
CONTINUOUS
10
0.7074803543307087
20
0.8074800787401575
11
0.6779920078740157
21
0.8074800787401575
0
LINE
8
BLACK
6
CONTINUOUS
10
0.6779920078740157
20
0.8074800787401575
11
0.6779920472440945
21
0.8074801181102362
0
LINE
8
BLACK
6
CONTINUOUS
10
0.6779920472440945
20
0.8074801181102362
11
0.6779920472440945
21
0.8110238188976377
0
LINE
8
BLACK
6
CONTINUOUS
10
0.6779920472440945
20
0.8110238188976377
11
0.6778103543307087
21
0.8111847637795275
0
LINE
8
BLACK
6
CONTINUOUS
10
0.6778103543307087
20
0.8111847637795275
11
0.6760329133858267
21
0.8125486614173228
0
LINE
8
BLACK
6
CONTINUOUS
10
0.6760329133858267
20
0.8125486614173228
11
0.6755276771653543
21
0.8132070472440944
0
LINE
8
BLACK
6
CONTINUOUS
10
0.6755276771653543
20
0.8132070472440944
11
0.6750765354330709
21
0.8136067716535433
0
LINE
8
BLACK
6
CONTINUOUS
10
0.6750765354330709
20
0.8136067716535433
11
0.6737828346456692
21
0.8154809842519685
0
LINE
8
BLACK
6
CONTINUOUS
10
0.6737828346456692
20
0.8154809842519685
11
0.672278937007874
21
0.8174409448818898
0
LINE
8
BLACK
6
CONTINUOUS
10
0.672278937007874
20
0.8174409448818898
11
0.6720522440944882
21
0.8179881889763779
0
LINE
8
BLACK
6
CONTINUOUS
10
0.6720522440944882
20
0.8179881889763779
11
0.6718455511811023
21
0.8182876771653543
0
LINE
8
BLACK
6
CONTINUOUS
10
0.6718455511811023
20
0.8182876771653543
11
0.670948779527559
21
0.8206522047244095
0
LINE
8
BLACK
6
CONTINUOUS
10
0.670948779527559
20
0.8206522047244095
11
0.669919094488189
21
0.8231381496062992
0
LINE
8
BLACK
6
CONTINUOUS
10
0.669919094488189
20
0.8231381496062992
11
0.669872874015748
21
0.8234891338582677
0
LINE
8
BLACK
6
CONTINUOUS
10
0.669872874015748
20
0.8234891338582677
11
0.6698286614173228
21
0.823605748031496
0
LINE
8
BLACK
6
CONTINUOUS
10
0.6698286614173228
20
0.823605748031496
11
0.6694860236220472
21
0.8264275196850394
0
LINE
8
BLACK
6
CONTINUOUS
10
0.6694860236220472
20
0.8264275196850394
11
0.6691141732283464
21
0.829251968503937
0
LINE
8
BLACK
6
CONTINUOUS
10
0.6691141732283464
20
0.829251968503937
11
0.6694860236220472
21
0.8320766141732283
0
LINE
8
BLACK
6
CONTINUOUS
10
0.6694860236220472
20
0.8320766141732283
11
0.6698286614173228
21
0.8348981496062992
0
LINE
8
BLACK
6
CONTINUOUS
10
0.6698286614173228
20
0.8348981496062992
11
0.669872874015748
21
0.8350147244094488
0
LINE
8
BLACK
6
CONTINUOUS
10
0.669872874015748
20
0.8350147244094488
11
0.669919094488189
21
0.8353657874015747
0
LINE
8
BLACK
6
CONTINUOUS
10
0.669919094488189
20
0.8353657874015747
11
0.6709489370078739
21
0.837852125984252
0
LINE
8
BLACK
6
CONTINUOUS
10
0.6709489370078739
20
0.837852125984252
11
0.6718455511811023
21
0.8402162204724409
0
LINE
8
BLACK
6
CONTINUOUS
10
0.6718455511811023
20
0.8402162204724409
11
0.6720522047244094
21
0.8405155905511811
0
LINE
8
BLACK
6
CONTINUOUS
10
0.6720522047244094
20
0.8405155905511811
11
0.672278937007874
21
0.8410629921259842
0
LINE
8
BLACK
6
CONTINUOUS
10
0.672278937007874
20
0.8410629921259842
11
0.6737831102362205
21
0.8430232677165355
0
LINE
8
BLACK
6
CONTINUOUS
10
0.6737831102362205
20
0.8430232677165355
11
0.6750765354330709
21
0.8448971259842519
0
LINE
8
BLACK
6
CONTINUOUS
10
0.6750765354330709
20
0.8448971259842519
11
0.6755275984251968
21
0.8452967322834646
0
LINE
8
BLACK
6
CONTINUOUS
10
0.6755275984251968
20
0.8452967322834646
11
0.6760329133858267
21
0.8459552755905512
0
LINE
8
BLACK
6
CONTINUOUS
10
0.6760329133858267
20
0.8459552755905512
11
0.6778103543307087
21
0.8473191732283465
0
LINE
8
BLACK
6
CONTINUOUS
10
0.6778103543307087
20
0.8473191732283465
11
0.6779920078740157
21
0.8474800787401575
0
LINE
8
BLACK
6
CONTINUOUS
10
0.6779920078740157
20
0.8474800787401575
11
0.7074803543307087
21
0.8474800787401575
0
LINE
8
BLACK
6
CONTINUOUS
10
0.7074803543307087
20
0.8474800787401575
11
0.7076614566929134
21
0.8473196062992125
0
LINE
8
BLACK
6
CONTINUOUS
10
0.7076614566929134
20
0.8473196062992125
11
0.7094395275590551
21
0.8459552755905512
0
LINE
8
BLACK
6
CONTINUOUS
10
0.7094395275590551
20
0.8459552755905512
11
0.709944842519685
21
0.8452966929133858
0
LINE
8
BLACK
6
CONTINUOUS
10
0.709944842519685
20
0.8452966929133858
11
0.7103959448818897
21
0.8448970866141732
0
LINE
8
BLACK
6
CONTINUOUS
10
0.7103959448818897
20
0.8448970866141732
11
0.7116893307086614
21
0.8430232283464567
0
LINE
8
BLACK
6
CONTINUOUS
10
0.7116893307086614
20
0.8430232283464567
11
0.7131935039370079
21
0.8410629921259842
0
LINE
8
BLACK
6
CONTINUOUS
10
0.7131935039370079
20
0.8410629921259842
11
0.7134202362204725
21
0.8405155511811023
0
LINE
8
BLACK
6
CONTINUOUS
10
0.7134202362204725
20
0.8405155511811023
11
0.7144199212598425
21
0.8390672834645669
0
LINE
8
BLACK
6
CONTINUOUS
10
0.7144199212598425
20
0.8390672834645669
11
0.7185525196850393
21
0.8390672834645669
0
LINE
8
BLACK
6
CONTINUOUS
10
0.7185525196850393
20
0.8390672834645669
11
0.7195521653543306
21
0.8405155511811023
0
LINE
8
BLACK
6
CONTINUOUS
10
0.7195521653543306
20
0.8405155511811023
11
0.719778937007874
21
0.8410629921259842
0
LINE
8
BLACK
6
CONTINUOUS
10
0.719778937007874
20
0.8410629921259842
11
0.7212830708661417
21
0.8430232283464567
0
LINE
8
BLACK
6
CONTINUOUS
10
0.7212830708661417
20
0.8430232283464567
11
0.7225764960629921
21
0.8448970866141732
0
LINE
8
BLACK
6
CONTINUOUS
10
0.7225764960629921
20
0.8448970866141732
11
0.7230275984251968
21
0.8452967322834646
0
LINE
8
BLACK
6
CONTINUOUS
10
0.7230275984251968
20
0.8452967322834646
11
0.7235329133858267
21
0.8459552755905512
0
LINE
8
BLACK
6
CONTINUOUS
10
0.7235329133858267
20
0.8459552755905512
11
0.7253103937007874
21
0.8473191732283465
0
LINE
8
BLACK
6
CONTINUOUS
10
0.7253103937007874
20
0.8473191732283465
11
0.7254920078740157
21
0.8474800787401575
0
LINE
8
BLACK
6
CONTINUOUS
10
0.7254920078740157
20
0.8474800787401575
11
0.7549803543307086
21
0.8474800787401575
0
LINE
8
BLACK
6
CONTINUOUS
10
0.7549803543307086
20
0.8474800787401575
11
0.7551614566929133
21
0.8473196062992125
0
LINE
8
BLACK
6
CONTINUOUS
10
0.7551614566929133
20
0.8473196062992125
11
0.7569395275590551
21
0.8459552755905512
0
LINE
8
BLACK
6
CONTINUOUS
10
0.7569395275590551
20
0.8459552755905512
11
0.757444842519685
21
0.8452966929133858
0
LINE
8
BLACK
6
CONTINUOUS
10
0.757444842519685
20
0.8452966929133858
11
0.7578959448818897
21
0.8448970866141732
0
LINE
8
BLACK
6
CONTINUOUS
10
0.7578959448818897
20
0.8448970866141732
11
0.7591893307086613
21
0.8430232283464567
0
LINE
8
BLACK
6
CONTINUOUS
10
0.7591893307086613
20
0.8430232283464567
11
0.7606935039370079
21
0.8410629921259842
0
LINE
8
BLACK
6
CONTINUOUS
10
0.7606935039370079
20
0.8410629921259842
11
0.7609202362204724
21
0.8405155511811023
0
LINE
8
BLACK
6
CONTINUOUS
10
0.7609202362204724
20
0.8405155511811023
11
0.7619199212598425
21
0.8390672834645669
0
LINE
8
BLACK
6
CONTINUOUS
10
0.7619199212598425
20
0.8390672834645669
11
0.7660525196850394
21
0.8390672834645669
0
LINE
8
BLACK
6
CONTINUOUS
10
0.7660525196850394
20
0.8390672834645669
11
0.7670521653543307
21
0.8405155511811023
0
LINE
8
BLACK
6
CONTINUOUS
10
0.7670521653543307
20
0.8405155511811023
11
0.767278937007874
21
0.8410629921259842
0
LINE
8
BLACK
6
CONTINUOUS
10
0.767278937007874
20
0.8410629921259842
11
0.7687830708661417
21
0.8430232283464567
0
LINE
8
BLACK
6
CONTINUOUS
10
0.7687830708661417
20
0.8430232283464567
11
0.7700764960629921
21
0.8448970866141732
0
LINE
8
BLACK
6
CONTINUOUS
10
0.7700764960629921
20
0.8448970866141732
11
0.7705275984251968
21
0.8452967322834646
0
LINE
8
BLACK
6
CONTINUOUS
10
0.7705275984251968
20
0.8452967322834646
11
0.7710329133858268
21
0.8459552755905512
0
LINE
8
BLACK
6
CONTINUOUS
10
0.7710329133858268
20
0.8459552755905512
11
0.7728103937007874
21
0.8473191732283465
0
LINE
8
BLACK
6
CONTINUOUS
10
0.7728103937007874
20
0.8473191732283465
11
0.7729920472440944
21
0.8474801181102362
0
LINE
8
BLACK
6
CONTINUOUS
10
0.7729920472440944
20
0.8474801181102362
11
0.7729920472440944
21
0.8510238188976378
0
LINE
8
BLACK
6
CONTINUOUS
10
0.7729920472440944
20
0.8510238188976378
11
0.7728103543307087
21
0.8511847637795276
0
LINE
8
BLACK
6
CONTINUOUS
10
0.7728103543307087
20
0.8511847637795276
11
0.7710329133858268
21
0.8525486614173228
0
LINE
8
BLACK
6
CONTINUOUS
10
0.7710329133858268
20
0.8525486614173228
11
0.7705276771653543
21
0.8532070472440945
0
LINE
8
BLACK
6
CONTINUOUS
10
0.7705276771653543
20
0.8532070472440945
11
0.7700765354330709
21
0.8536067716535433
0
LINE
8
BLACK
6
CONTINUOUS
10
0.7700765354330709
20
0.8536067716535433
11
0.7687829133858267
21
0.855480905511811
0
LINE
8
BLACK
6
CONTINUOUS
10
0.7687829133858267
20
0.855480905511811
11
0.767278937007874
21
0.8574409448818897
0
LINE
8
BLACK
6
CONTINUOUS
10
0.767278937007874
20
0.8574409448818897
11
0.7670522047244094
21
0.8579882677165355
0
LINE
8
BLACK
6
CONTINUOUS
10
0.7670522047244094
20
0.8579882677165355
11
0.7660525196850394
21
0.8594366141732284
0
LINE
8
BLACK
6
CONTINUOUS
10
0.7660525196850394
20
0.8594366141732284
11
0.7619199212598425
21
0.8594366141732284
0
LINE
8
BLACK
6
CONTINUOUS
10
0.7619199212598425
20
0.8594366141732284
11
0.7609201968503937
21
0.8579883070866141
0
LINE
8
BLACK
6
CONTINUOUS
10
0.7609201968503937
20
0.8579883070866141
11
0.7606935039370079
21
0.8574409448818897
0
LINE
8
BLACK
6
CONTINUOUS
10
0.7606935039370079
20
0.8574409448818897
11
0.759189251968504
21
0.8554805511811023
0
LINE
8
BLACK
6
CONTINUOUS
10
0.759189251968504
20
0.8554805511811023
11
0.7578958661417323
21
0.8536067716535433
0
LINE
8
BLACK
6
CONTINUOUS
10
0.7578958661417323
20
0.8536067716535433
11
0.7574448031496063
21
0.8532071653543307
0
LINE
8
BLACK
6
CONTINUOUS
10
0.7574448031496063
20
0.8532071653543307
11
0.7569395275590551
21
0.8525486614173228
0
LINE
8
BLACK
6
CONTINUOUS
10
0.7569395275590551
20
0.8525486614173228
11
0.7551614566929133
21
0.8511842913385826
0
LINE
8
BLACK
6
CONTINUOUS
10
0.7551614566929133
20
0.8511842913385826
11
0.7549803543307086
21
0.8510238582677165
0
LINE
8
BLACK
6
CONTINUOUS
10
0.7549803543307086
20
0.8510238582677165
11
0.7549803543307086
21
0.8474800787401575
0
LINE
8
BLACK
6
CONTINUOUS
10
0.7549803543307086
20
0.8474800787401575
11
0.7254920078740157
21
0.8474800787401575
0
LINE
8
BLACK
6
CONTINUOUS
10
0.7254920078740157
20
0.8474800787401575
11
0.7254920472440944
21
0.8474801181102362
0
LINE
8
BLACK
6
CONTINUOUS
10
0.7254920472440944
20
0.8474801181102362
11
0.7254920472440944
21
0.8510238188976378
0
LINE
8
BLACK
6
CONTINUOUS
10
0.7254920472440944
20
0.8510238188976378
11
0.7253103543307087
21
0.8511847637795276
0
LINE
8
BLACK
6
CONTINUOUS
10
0.7253103543307087
20
0.8511847637795276
11
0.7235329133858267
21
0.8525486614173228
0
LINE
8
BLACK
6
CONTINUOUS
10
0.7235329133858267
20
0.8525486614173228
11
0.7230276771653543
21
0.8532070472440945
0
LINE
8
BLACK
6
CONTINUOUS
10
0.7230276771653543
20
0.8532070472440945
11
0.7225765354330709
21
0.8536067716535433
0
LINE
8
BLACK
6
CONTINUOUS
10
0.7225765354330709
20
0.8536067716535433
11
0.7212829133858267
21
0.855480905511811
0
LINE
8
BLACK
6
CONTINUOUS
10
0.7212829133858267
20
0.855480905511811
11
0.719778937007874
21
0.8574409448818897
0
LINE
8
BLACK
6
CONTINUOUS
10
0.719778937007874
20
0.8574409448818897
11
0.7195522047244094
21
0.8579882677165355
0
LINE
8
BLACK
6
CONTINUOUS
10
0.7195522047244094
20
0.8579882677165355
11
0.7185525196850393
21
0.8594366141732284
0
LINE
8
BLACK
6
CONTINUOUS
10
0.7185525196850393
20
0.8594366141732284
11
0.7144199212598425
21
0.8594366141732284
0
LINE
8
BLACK
6
CONTINUOUS
10
0.7144199212598425
20
0.8594366141732284
11
0.7134201968503937
21
0.8579883070866141
0
LINE
8
BLACK
6
CONTINUOUS
10
0.7134201968503937
20
0.8579883070866141
11
0.7131935039370079
21
0.8574409448818897
0
LINE
8
BLACK
6
CONTINUOUS
10
0.7131935039370079
20
0.8574409448818897
11
0.711689251968504
21
0.8554805511811023
0
LINE
8
BLACK
6
CONTINUOUS
10
0.711689251968504
20
0.8554805511811023
11
0.7103958661417322
21
0.8536067716535433
0
LINE
8
BLACK
6
CONTINUOUS
10
0.7103958661417322
20
0.8536067716535433
11
0.7099448031496063
21
0.8532071653543307
0
LINE
8
BLACK
6
CONTINUOUS
10
0.7099448031496063
20
0.8532071653543307
11
0.7094395275590551
21
0.8525486614173228
0
LINE
8
BLACK
6
CONTINUOUS
10
0.7094395275590551
20
0.8525486614173228
11
0.7076614566929134
21
0.8511842913385826
0
LINE
8
BLACK
6
CONTINUOUS
10
0.7076614566929134
20
0.8511842913385826
11
0.7074803543307087
21
0.8510238582677165
0
LINE
8
BLACK
6
CONTINUOUS
10
0.7074803543307087
20
0.8510238582677165
11
0.7074803543307087
21
0.8474800787401575
0
LINE
8
BLACK
6
CONTINUOUS
10
0.7074803543307087
20
0.8474800787401575
11
0.6779920078740157
21
0.8474800787401575
0
LINE
8
BLACK
6
CONTINUOUS
10
0.6779920078740157
20
0.8474800787401575
11
0.6779920472440945
21
0.8474801181102362
0
LINE
8
BLACK
6
CONTINUOUS
10
0.6779920472440945
20
0.8474801181102362
11
0.6779920472440945
21
0.8510238188976378
0
LINE
8
BLACK
6
CONTINUOUS
10
0.6779920472440945
20
0.8510238188976378
11
0.6778103543307087
21
0.8511847637795276
0
LINE
8
BLACK
6
CONTINUOUS
10
0.6778103543307087
20
0.8511847637795276
11
0.6760329133858267
21
0.8525486614173228
0
LINE
8
BLACK
6
CONTINUOUS
10
0.6760329133858267
20
0.8525486614173228
11
0.6755276771653543
21
0.8532070472440945
0
LINE
8
BLACK
6
CONTINUOUS
10
0.6755276771653543
20
0.8532070472440945
11
0.6750765354330709
21
0.8536067716535433
0
LINE
8
BLACK
6
CONTINUOUS
10
0.6750765354330709
20
0.8536067716535433
11
0.6737828346456692
21
0.8554809842519685
0
LINE
8
BLACK
6
CONTINUOUS
10
0.6737828346456692
20
0.8554809842519685
11
0.672278937007874
21
0.8574409448818897
0
LINE
8
BLACK
6
CONTINUOUS
10
0.672278937007874
20
0.8574409448818897
11
0.6720522440944882
21
0.857988188976378
0
LINE
8
BLACK
6
CONTINUOUS
10
0.6720522440944882
20
0.857988188976378
11
0.6718455511811023
21
0.8582876771653543
0
LINE
8
BLACK
6
CONTINUOUS
10
0.6718455511811023
20
0.8582876771653543
11
0.670948779527559
21
0.8606522047244094
0
LINE
8
BLACK
6
CONTINUOUS
10
0.670948779527559
20
0.8606522047244094
11
0.669919094488189
21
0.8631381496062992
0
LINE
8
BLACK
6
CONTINUOUS
10
0.669919094488189
20
0.8631381496062992
11
0.669872874015748
21
0.8634891338582676
0
LINE
8
BLACK
6
CONTINUOUS
10
0.669872874015748
20
0.8634891338582676
11
0.6698286614173228
21
0.863605748031496
0
LINE
8
BLACK
6
CONTINUOUS
10
0.6698286614173228
20
0.863605748031496
11
0.6694860236220472
21
0.8664275196850394
0
LINE
8
BLACK
6
CONTINUOUS
10
0.6694860236220472
20
0.8664275196850394
11
0.6691141732283464
21
0.8692519685039369
0
LINE
8
BLACK
6
CONTINUOUS
10
0.6691141732283464
20
0.8692519685039369
11
0.6694860236220472
21
0.8720766141732283
0
LINE
8
BLACK
6
CONTINUOUS
10
0.6694860236220472
20
0.8720766141732283
11
0.6698286614173228
21
0.8748981496062992
0
LINE
8
BLACK
6
CONTINUOUS
10
0.6698286614173228
20
0.8748981496062992
11
0.669872874015748
21
0.8750147244094488
0
LINE
8
BLACK
6
CONTINUOUS
10
0.669872874015748
20
0.8750147244094488
11
0.669919094488189
21
0.8753657874015748
0
LINE
8
BLACK
6
CONTINUOUS
10
0.669919094488189
20
0.8753657874015748
11
0.6709489370078739
21
0.877852125984252
0
LINE
8
BLACK
6
CONTINUOUS
10
0.6709489370078739
20
0.877852125984252
11
0.6718455511811023
21
0.880216220472441
0
LINE
8
BLACK
6
CONTINUOUS
10
0.6718455511811023
20
0.880216220472441
11
0.6720522047244094
21
0.8805155905511811
0
LINE
8
BLACK
6
CONTINUOUS
10
0.6720522047244094
20
0.8805155905511811
11
0.672278937007874
21
0.8810629921259843
0
LINE
8
BLACK
6
CONTINUOUS
10
0.672278937007874
20
0.8810629921259843
11
0.6737831102362205
21
0.8830232677165354
0
LINE
8
BLACK
6
CONTINUOUS
10
0.6737831102362205
20
0.8830232677165354
11
0.6750765354330709
21
0.884897125984252
0
LINE
8
BLACK
6
CONTINUOUS
10
0.6750765354330709
20
0.884897125984252
11
0.6755275984251968
21
0.8852967322834645
0
LINE
8
BLACK
6
CONTINUOUS
10
0.6755275984251968
20
0.8852967322834645
11
0.6760329133858267
21
0.8859552755905512
0
LINE
8
BLACK
6
CONTINUOUS
10
0.6760329133858267
20
0.8859552755905512
11
0.6778103543307087
21
0.8873191732283464
0
LINE
8
BLACK
6
CONTINUOUS
10
0.6778103543307087
20
0.8873191732283464
11
0.6779920078740157
21
0.8874800787401574
0
LINE
8
BLACK
6
CONTINUOUS
10
0.6779920078740157
20
0.8874800787401574
11
0.7074803543307087
21
0.8874800787401574
0
LINE
8
BLACK
6
CONTINUOUS
10
0.7074803543307087
20
0.8874800787401574
11
0.7076614566929134
21
0.8873196062992126
0
LINE
8
BLACK
6
CONTINUOUS
10
0.7076614566929134
20
0.8873196062992126
11
0.7094395275590551
21
0.8859552755905512
0
LINE
8
BLACK
6
CONTINUOUS
10
0.7094395275590551
20
0.8859552755905512
11
0.709944842519685
21
0.8852966929133858
0
LINE
8
BLACK
6
CONTINUOUS
10
0.709944842519685
20
0.8852966929133858
11
0.7103959448818897
21
0.8848970866141732
0
LINE
8
BLACK
6
CONTINUOUS
10
0.7103959448818897
20
0.8848970866141732
11
0.7116893307086614
21
0.8830232283464566
0
LINE
8
BLACK
6
CONTINUOUS
10
0.7116893307086614
20
0.8830232283464566
11
0.7131935039370079
21
0.8810629921259843
0
LINE
8
BLACK
6
CONTINUOUS
10
0.7131935039370079
20
0.8810629921259843
11
0.7134202362204725
21
0.8805155511811024
0
LINE
8
BLACK
6
CONTINUOUS
10
0.7134202362204725
20
0.8805155511811024
11
0.7144199212598425
21
0.8790672834645669
0
LINE
8
BLACK
6
CONTINUOUS
10
0.7144199212598425
20
0.8790672834645669
11
0.7185525196850393
21
0.8790672834645669
0
LINE
8
BLACK
6
CONTINUOUS
10
0.7185525196850393
20
0.8790672834645669
11
0.7195521653543306
21
0.8805155511811024
0
LINE
8
BLACK
6
CONTINUOUS
10
0.7195521653543306
20
0.8805155511811024
11
0.719778937007874
21
0.8810629921259843
0
LINE
8
BLACK
6
CONTINUOUS
10
0.719778937007874
20
0.8810629921259843
11
0.7212830708661417
21
0.8830232283464566
0
LINE
8
BLACK
6
CONTINUOUS
10
0.7212830708661417
20
0.8830232283464566
11
0.7225764960629921
21
0.8848970866141732
0
LINE
8
BLACK
6
CONTINUOUS
10
0.7225764960629921
20
0.8848970866141732
11
0.7230275984251968
21
0.8852967322834645
0
LINE
8
BLACK
6
CONTINUOUS
10
0.7230275984251968
20
0.8852967322834645
11
0.7235329133858267
21
0.8859552755905512
0
LINE
8
BLACK
6
CONTINUOUS
10
0.7235329133858267
20
0.8859552755905512
11
0.7253103937007874
21
0.8873191732283464
0
LINE
8
BLACK
6
CONTINUOUS
10
0.7253103937007874
20
0.8873191732283464
11
0.7254920078740157
21
0.8874800787401574
0
LINE
8
BLACK
6
CONTINUOUS
10
0.7254920078740157
20
0.8874800787401574
11
0.7549803543307086
21
0.8874800787401574
0
LINE
8
BLACK
6
CONTINUOUS
10
0.7549803543307086
20
0.8874800787401574
11
0.7551614566929133
21
0.8873196062992126
0
LINE
8
BLACK
6
CONTINUOUS
10
0.7551614566929133
20
0.8873196062992126
11
0.7569395275590551
21
0.8859552755905512
0
LINE
8
BLACK
6
CONTINUOUS
10
0.7569395275590551
20
0.8859552755905512
11
0.757444842519685
21
0.8852966929133858
0
LINE
8
BLACK
6
CONTINUOUS
10
0.757444842519685
20
0.8852966929133858
11
0.7578959448818897
21
0.8848970866141732
0
LINE
8
BLACK
6
CONTINUOUS
10
0.7578959448818897
20
0.8848970866141732
11
0.7591893307086613
21
0.8830232283464566
0
LINE
8
BLACK
6
CONTINUOUS
10
0.7591893307086613
20
0.8830232283464566
11
0.7606935039370079
21
0.8810629921259843
0
LINE
8
BLACK
6
CONTINUOUS
10
0.7606935039370079
20
0.8810629921259843
11
0.7609202362204724
21
0.8805155511811024
0
LINE
8
BLACK
6
CONTINUOUS
10
0.7609202362204724
20
0.8805155511811024
11
0.7619199212598425
21
0.8790672834645669
0
LINE
8
BLACK
6
CONTINUOUS
10
0.7619199212598425
20
0.8790672834645669
11
0.7660525196850394
21
0.8790672834645669
0
LINE
8
BLACK
6
CONTINUOUS
10
0.7660525196850394
20
0.8790672834645669
11
0.7670521653543307
21
0.8805155511811024
0
LINE
8
BLACK
6
CONTINUOUS
10
0.7670521653543307
20
0.8805155511811024
11
0.767278937007874
21
0.8810629921259843
0
LINE
8
BLACK
6
CONTINUOUS
10
0.767278937007874
20
0.8810629921259843
11
0.7687830708661417
21
0.8830232283464566
0
LINE
8
BLACK
6
CONTINUOUS
10
0.7687830708661417
20
0.8830232283464566
11
0.7700764960629921
21
0.8848970866141732
0
LINE
8
BLACK
6
CONTINUOUS
10
0.7700764960629921
20
0.8848970866141732
11
0.7705275984251968
21
0.8852967322834645
0
LINE
8
BLACK
6
CONTINUOUS
10
0.7705275984251968
20
0.8852967322834645
11
0.7710329133858268
21
0.8859552755905512
0
LINE
8
BLACK
6
CONTINUOUS
10
0.7710329133858268
20
0.8859552755905512
11
0.7728103937007874
21
0.8873191732283464
0
LINE
8
BLACK
6
CONTINUOUS
10
0.7728103937007874
20
0.8873191732283464
11
0.7729920472440944
21
0.8874801181102362
0
LINE
8
BLACK
6
CONTINUOUS
10
0.7729920472440944
20
0.8874801181102362
11
0.7729920472440944
21
0.8910238188976378
0
LINE
8
BLACK
6
CONTINUOUS
10
0.7729920472440944
20
0.8910238188976378
11
0.7728103543307087
21
0.8911847637795275
0
LINE
8
BLACK
6
CONTINUOUS
10
0.7728103543307087
20
0.8911847637795275
11
0.7710329133858268
21
0.8925486614173228
0
LINE
8
BLACK
6
CONTINUOUS
10
0.7710329133858268
20
0.8925486614173228
11
0.7705276771653543
21
0.8932070472440945
0
LINE
8
BLACK
6
CONTINUOUS
10
0.7705276771653543
20
0.8932070472440945
11
0.7700765354330709
21
0.8936067716535433
0
LINE
8
BLACK
6
CONTINUOUS
10
0.7700765354330709
20
0.8936067716535433
11
0.7687829133858267
21
0.895480905511811
0
LINE
8
BLACK
6
CONTINUOUS
10
0.7687829133858267
20
0.895480905511811
11
0.767278937007874
21
0.8974409448818897
0
LINE
8
BLACK
6
CONTINUOUS
10
0.767278937007874
20
0.8974409448818897
11
0.7670522047244094
21
0.8979882677165354
0
LINE
8
BLACK
6
CONTINUOUS
10
0.7670522047244094
20
0.8979882677165354
11
0.7660525196850394
21
0.8994366141732283
0
LINE
8
BLACK
6
CONTINUOUS
10
0.7660525196850394
20
0.8994366141732283
11
0.7619199212598425
21
0.8994366141732283
0
LINE
8
BLACK
6
CONTINUOUS
10
0.7619199212598425
20
0.8994366141732283
11
0.7609201968503937
21
0.8979883070866141
0
LINE
8
BLACK
6
CONTINUOUS
10
0.7609201968503937
20
0.8979883070866141
11
0.7606935039370079
21
0.8974409448818897
0
LINE
8
BLACK
6
CONTINUOUS
10
0.7606935039370079
20
0.8974409448818897
11
0.759189251968504
21
0.8954805511811024
0
LINE
8
BLACK
6
CONTINUOUS
10
0.759189251968504
20
0.8954805511811024
11
0.7578958661417323
21
0.8936067716535433
0
LINE
8
BLACK
6
CONTINUOUS
10
0.7578958661417323
20
0.8936067716535433
11
0.7574448031496063
21
0.8932071653543306
0
LINE
8
BLACK
6
CONTINUOUS
10
0.7574448031496063
20
0.8932071653543306
11
0.7569395275590551
21
0.8925486614173228
0
LINE
8
BLACK
6
CONTINUOUS
10
0.7569395275590551
20
0.8925486614173228
11
0.7551614566929133
21
0.8911842913385827
0
LINE
8
BLACK
6
CONTINUOUS
10
0.7551614566929133
20
0.8911842913385827
11
0.7549803543307086
21
0.8910238582677165
0
LINE
8
BLACK
6
CONTINUOUS
10
0.7549803543307086
20
0.8910238582677165
11
0.7549803543307086
21
0.8874800787401574
0
LINE
8
BLACK
6
CONTINUOUS
10
0.7549803543307086
20
0.8874800787401574
11
0.7254920078740157
21
0.8874800787401574
0
LINE
8
BLACK
6
CONTINUOUS
10
0.7254920078740157
20
0.8874800787401574
11
0.7254920472440944
21
0.8874801181102362
0
LINE
8
BLACK
6
CONTINUOUS
10
0.7254920472440944
20
0.8874801181102362
11
0.7254920472440944
21
0.8910238188976378
0
LINE
8
BLACK
6
CONTINUOUS
10
0.7254920472440944
20
0.8910238188976378
11
0.7253103543307087
21
0.8911847637795275
0
LINE
8
BLACK
6
CONTINUOUS
10
0.7253103543307087
20
0.8911847637795275
11
0.7235329133858267
21
0.8925486614173228
0
LINE
8
BLACK
6
CONTINUOUS
10
0.7235329133858267
20
0.8925486614173228
11
0.7230276771653543
21
0.8932070472440945
0
LINE
8
BLACK
6
CONTINUOUS
10
0.7230276771653543
20
0.8932070472440945
11
0.7225765354330709
21
0.8936067716535433
0
LINE
8
BLACK
6
CONTINUOUS
10
0.7225765354330709
20
0.8936067716535433
11
0.7212829133858267
21
0.895480905511811
0
LINE
8
BLACK
6
CONTINUOUS
10
0.7212829133858267
20
0.895480905511811
11
0.719778937007874
21
0.8974409448818897
0
LINE
8
BLACK
6
CONTINUOUS
10
0.719778937007874
20
0.8974409448818897
11
0.7195522047244094
21
0.8979882677165354
0
LINE
8
BLACK
6
CONTINUOUS
10
0.7195522047244094
20
0.8979882677165354
11
0.7185525196850393
21
0.8994366141732283
0
LINE
8
BLACK
6
CONTINUOUS
10
0.7185525196850393
20
0.8994366141732283
11
0.7144199212598425
21
0.8994366141732283
0
LINE
8
BLACK
6
CONTINUOUS
10
0.7144199212598425
20
0.8994366141732283
11
0.7134201968503937
21
0.8979883070866141
0
LINE
8
BLACK
6
CONTINUOUS
10
0.7134201968503937
20
0.8979883070866141
11
0.7131935039370079
21
0.8974409448818897
0
LINE
8
BLACK
6
CONTINUOUS
10
0.7131935039370079
20
0.8974409448818897
11
0.711689251968504
21
0.8954805511811024
0
LINE
8
BLACK
6
CONTINUOUS
10
0.711689251968504
20
0.8954805511811024
11
0.7103958661417322
21
0.8936067716535433
0
LINE
8
BLACK
6
CONTINUOUS
10
0.7103958661417322
20
0.8936067716535433
11
0.7099448031496063
21
0.8932071653543306
0
LINE
8
BLACK
6
CONTINUOUS
10
0.7099448031496063
20
0.8932071653543306
11
0.7094395275590551
21
0.8925486614173228
0
LINE
8
BLACK
6
CONTINUOUS
10
0.7094395275590551
20
0.8925486614173228
11
0.7076614566929134
21
0.8911842913385827
0
LINE
8
BLACK
6
CONTINUOUS
10
0.7076614566929134
20
0.8911842913385827
11
0.7074803543307087
21
0.8910238582677165
0
LINE
8
BLACK
6
CONTINUOUS
10
0.7074803543307087
20
0.8910238582677165
11
0.7074803543307087
21
0.8874800787401574
0
LINE
8
BLACK
6
CONTINUOUS
10
0.7074803543307087
20
0.8874800787401574
11
0.6779920078740157
21
0.8874800787401574
0
LINE
8
BLACK
6
CONTINUOUS
10
0.6779920078740157
20
0.8874800787401574
11
0.6779920472440945
21
0.8874801181102362
0
LINE
8
BLACK
6
CONTINUOUS
10
0.6779920472440945
20
0.8874801181102362
11
0.6779920472440945
21
0.8910238188976378
0
LINE
8
BLACK
6
CONTINUOUS
10
0.6779920472440945
20
0.8910238188976378
11
0.6778103543307087
21
0.8911847637795275
0
LINE
8
BLACK
6
CONTINUOUS
10
0.6778103543307087
20
0.8911847637795275
11
0.6760329133858267
21
0.8925486614173228
0
LINE
8
BLACK
6
CONTINUOUS
10
0.6760329133858267
20
0.8925486614173228
11
0.6755276771653543
21
0.8932070472440945
0
LINE
8
BLACK
6
CONTINUOUS
10
0.6755276771653543
20
0.8932070472440945
11
0.6750765354330709
21
0.8936067716535433
0
LINE
8
BLACK
6
CONTINUOUS
10
0.6750765354330709
20
0.8936067716535433
11
0.6737828346456692
21
0.8954809842519685
0
LINE
8
BLACK
6
CONTINUOUS
10
0.6737828346456692
20
0.8954809842519685
11
0.672278937007874
21
0.8974409448818897
0
LINE
8
BLACK
6
CONTINUOUS
10
0.672278937007874
20
0.8974409448818897
11
0.6720522440944882
21
0.8979881889763779
0
LINE
8
BLACK
6
CONTINUOUS
10
0.6720522440944882
20
0.8979881889763779
11
0.6718455511811023
21
0.8982876771653543
0
LINE
8
BLACK
6
CONTINUOUS
10
0.6718455511811023
20
0.8982876771653543
11
0.670948779527559
21
0.9006522047244094
0
LINE
8
BLACK
6
CONTINUOUS
10
0.670948779527559
20
0.9006522047244094
11
0.669919094488189
21
0.9031381496062992
0
LINE
8
BLACK
6
CONTINUOUS
10
0.669919094488189
20
0.9031381496062992
11
0.669872874015748
21
0.9034891338582677
0
LINE
8
BLACK
6
CONTINUOUS
10
0.669872874015748
20
0.9034891338582677
11
0.6698286614173228
21
0.9036057480314961
0
LINE
8
BLACK
6
CONTINUOUS
10
0.6698286614173228
20
0.9036057480314961
11
0.6694860236220472
21
0.9064275196850393
0
LINE
8
BLACK
6
CONTINUOUS
10
0.6694860236220472
20
0.9064275196850393
11
0.6691141732283464
21
0.909251968503937
0
LINE
8
BLACK
6
CONTINUOUS
10
0.6691141732283464
20
0.909251968503937
11
0.6694860236220472
21
0.9120766141732283
0
LINE
8
BLACK
6
CONTINUOUS
10
0.6694860236220472
20
0.9120766141732283
11
0.6698286614173228
21
0.9148981496062992
0
LINE
8
BLACK
6
CONTINUOUS
10
0.6698286614173228
20
0.9148981496062992
11
0.669872874015748
21
0.9150147244094488
0
LINE
8
BLACK
6
CONTINUOUS
10
0.669872874015748
20
0.9150147244094488
11
0.669919094488189
21
0.9153657874015748
0
LINE
8
BLACK
6
CONTINUOUS
10
0.669919094488189
20
0.9153657874015748
11
0.6709489370078739
21
0.9178521259842519
0
LINE
8
BLACK
6
CONTINUOUS
10
0.6709489370078739
20
0.9178521259842519
11
0.6718455511811023
21
0.9202162204724409
0
LINE
8
BLACK
6
CONTINUOUS
10
0.6718455511811023
20
0.9202162204724409
11
0.6720522047244094
21
0.920515590551181
0
LINE
8
BLACK
6
CONTINUOUS
10
0.6720522047244094
20
0.920515590551181
11
0.672278937007874
21
0.9210629921259842
0
LINE
8
BLACK
6
CONTINUOUS
10
0.672278937007874
20
0.9210629921259842
11
0.6737831102362205
21
0.9230232677165354
0
LINE
8
BLACK
6
CONTINUOUS
10
0.6737831102362205
20
0.9230232677165354
11
0.6750765354330709
21
0.924897125984252
0
LINE
8
BLACK
6
CONTINUOUS
10
0.6750765354330709
20
0.924897125984252
11
0.6755275984251968
21
0.9252967322834645
0
LINE
8
BLACK
6
CONTINUOUS
10
0.6755275984251968
20
0.9252967322834645
11
0.6760329133858267
21
0.9259552755905511
0
LINE
8
BLACK
6
CONTINUOUS
10
0.6760329133858267
20
0.9259552755905511
11
0.6778103543307087
21
0.9273191732283464
0
LINE
8
BLACK
6
CONTINUOUS
10
0.6778103543307087
20
0.9273191732283464
11
0.6779920078740157
21
0.9274800787401575
0
LINE
8
BLACK
6
CONTINUOUS
10
0.6779920078740157
20
0.9274800787401575
11
0.7074803543307087
21
0.9274800787401575
0
LINE
8
BLACK
6
CONTINUOUS
10
0.7074803543307087
20
0.9274800787401575
11
0.7076614566929134
21
0.9273196062992126
0
LINE
8
BLACK
6
CONTINUOUS
10
0.7076614566929134
20
0.9273196062992126
11
0.7094395275590551
21
0.9259552755905511
0
LINE
8
BLACK
6
CONTINUOUS
10
0.7094395275590551
20
0.9259552755905511
11
0.709944842519685
21
0.9252966929133858
0
LINE
8
BLACK
6
CONTINUOUS
10
0.709944842519685
20
0.9252966929133858
11
0.7103959448818897
21
0.9248970866141732
0
LINE
8
BLACK
6
CONTINUOUS
10
0.7103959448818897
20
0.9248970866141732
11
0.7116893307086614
21
0.9230232283464567
0
LINE
8
BLACK
6
CONTINUOUS
10
0.7116893307086614
20
0.9230232283464567
11
0.7131935039370079
21
0.9210629921259842
0
LINE
8
BLACK
6
CONTINUOUS
10
0.7131935039370079
20
0.9210629921259842
11
0.7134202362204725
21
0.9205155511811023
0
LINE
8
BLACK
6
CONTINUOUS
10
0.7134202362204725
20
0.9205155511811023
11
0.7144199212598425
21
0.9190672834645669
0
LINE
8
BLACK
6
CONTINUOUS
10
0.7144199212598425
20
0.9190672834645669
11
0.7185525196850393
21
0.9190672834645669
0
LINE
8
BLACK
6
CONTINUOUS
10
0.7185525196850393
20
0.9190672834645669
11
0.7195521653543306
21
0.9205155511811023
0
LINE
8
BLACK
6
CONTINUOUS
10
0.7195521653543306
20
0.9205155511811023
11
0.719778937007874
21
0.9210629921259842
0
LINE
8
BLACK
6
CONTINUOUS
10
0.719778937007874
20
0.9210629921259842
11
0.7212830708661417
21
0.9230232283464567
0
LINE
8
BLACK
6
CONTINUOUS
10
0.7212830708661417
20
0.9230232283464567
11
0.7225764960629921
21
0.9248970866141732
0
LINE
8
BLACK
6
CONTINUOUS
10
0.7225764960629921
20
0.9248970866141732
11
0.7230275984251968
21
0.9252967322834645
0
LINE
8
BLACK
6
CONTINUOUS
10
0.7230275984251968
20
0.9252967322834645
11
0.7235329133858267
21
0.9259552755905511
0
LINE
8
BLACK
6
CONTINUOUS
10
0.7235329133858267
20
0.9259552755905511
11
0.7253103937007874
21
0.9273191732283464
0
LINE
8
BLACK
6
CONTINUOUS
10
0.7253103937007874
20
0.9273191732283464
11
0.7254920078740157
21
0.9274800787401575
0
LINE
8
BLACK
6
CONTINUOUS
10
0.7254920078740157
20
0.9274800787401575
11
0.7549803543307086
21
0.9274800787401575
0
LINE
8
BLACK
6
CONTINUOUS
10
0.7549803543307086
20
0.9274800787401575
11
0.7551614566929133
21
0.9273196062992126
0
LINE
8
BLACK
6
CONTINUOUS
10
0.7551614566929133
20
0.9273196062992126
11
0.7569395275590551
21
0.9259552755905511
0
LINE
8
BLACK
6
CONTINUOUS
10
0.7569395275590551
20
0.9259552755905511
11
0.757444842519685
21
0.9252966929133858
0
LINE
8
BLACK
6
CONTINUOUS
10
0.757444842519685
20
0.9252966929133858
11
0.7578959448818897
21
0.9248970866141732
0
LINE
8
BLACK
6
CONTINUOUS
10
0.7578959448818897
20
0.9248970866141732
11
0.7591893307086613
21
0.9230232283464567
0
LINE
8
BLACK
6
CONTINUOUS
10
0.7591893307086613
20
0.9230232283464567
11
0.7606935039370079
21
0.9210629921259842
0
LINE
8
BLACK
6
CONTINUOUS
10
0.7606935039370079
20
0.9210629921259842
11
0.7609202362204724
21
0.9205155511811023
0
LINE
8
BLACK
6
CONTINUOUS
10
0.7609202362204724
20
0.9205155511811023
11
0.7619199212598425
21
0.9190672834645669
0
LINE
8
BLACK
6
CONTINUOUS
10
0.7619199212598425
20
0.9190672834645669
11
0.7660525196850394
21
0.9190672834645669
0
LINE
8
BLACK
6
CONTINUOUS
10
0.7660525196850394
20
0.9190672834645669
11
0.7670522047244094
21
0.920515590551181
0
LINE
8
BLACK
6
CONTINUOUS
10
0.7670522047244094
20
0.920515590551181
11
0.767278937007874
21
0.9210629921259842
0
LINE
8
BLACK
6
CONTINUOUS
10
0.767278937007874
20
0.9210629921259842
11
0.7687828346456693
21
0.9230229133858268
0
LINE
8
BLACK
6
CONTINUOUS
10
0.7687828346456693
20
0.9230229133858268
11
0.7700764566929134
21
0.9248970866141732
0
LINE
8
BLACK
6
CONTINUOUS
10
0.7700764566929134
20
0.9248970866141732
11
0.7705276377952756
21
0.925296811023622
0
LINE
8
BLACK
6
CONTINUOUS
10
0.7705276377952756
20
0.925296811023622
11
0.7710329133858268
21
0.9259552755905511
0
LINE
8
BLACK
6
CONTINUOUS
10
0.7710329133858268
20
0.9259552755905511
11
0.7727420472440945
21
0.9272667322834646
0
LINE
8
BLACK
6
CONTINUOUS
10
0.7727420472440945
20
0.9272667322834646
11
0.7727420472440945
21
0.9308023228346457
0
LINE
8
BLACK
6
CONTINUOUS
10
0.7727420472440945
20
0.9308023228346457
11
0.7723103149606299
21
0.9311847637795275
0
LINE
8
BLACK
6
CONTINUOUS
10
0.7723103149606299
20
0.9311847637795275
11
0.7705329133858267
21
0.9325486614173228
0
LINE
8
BLACK
6
CONTINUOUS
10
0.7705329133858267
20
0.9325486614173228
11
0.7700275984251969
21
0.9332071653543307
0
LINE
8
BLACK
6
CONTINUOUS
10
0.7700275984251969
20
0.9332071653543307
11
0.7695764960629921
21
0.9336068503937007
0
LINE
8
BLACK
6
CONTINUOUS
10
0.7695764960629921
20
0.9336068503937007
11
0.7682828346456693
21
0.9354809842519685
0
LINE
8
BLACK
6
CONTINUOUS
10
0.7682828346456693
20
0.9354809842519685
11
0.766778937007874
21
0.9374409448818898
0
LINE
8
BLACK
6
CONTINUOUS
10
0.766778937007874
20
0.9374409448818898
11
0.7665522440944882
21
0.9379881102362204
0
LINE
8
BLACK
6
CONTINUOUS
10
0.7665522440944882
20
0.9379881102362204
11
0.7658024803149606
21
0.9390744094488189
0
LINE
8
BLACK
6
CONTINUOUS
10
0.7658024803149606
20
0.9390744094488189
11
0.7616699606299212
21
0.9390744094488189
0
LINE
8
BLACK
6
CONTINUOUS
10
0.7616699606299212
20
0.9390744094488189
11
0.7609201574803149
21
0.9379881496062992
0
LINE
8
BLACK
6
CONTINUOUS
10
0.7609201574803149
20
0.9379881496062992
11
0.7606935039370079
21
0.9374409448818898
0
LINE
8
BLACK
6
CONTINUOUS
10
0.7606935039370079
20
0.9374409448818898
11
0.7591894094488189
21
0.9354807874015748
0
LINE
8
BLACK
6
CONTINUOUS
10
0.7591894094488189
20
0.9354807874015748
11
0.7578958661417323
21
0.9336067716535433
0
LINE
8
BLACK
6
CONTINUOUS
10
0.7578958661417323
20
0.9336067716535433
11
0.7574448031496063
21
0.9332071653543307
0
LINE
8
BLACK
6
CONTINUOUS
10
0.7574448031496063
20
0.9332071653543307
11
0.7569395275590551
21
0.9325486614173228
0
LINE
8
BLACK
6
CONTINUOUS
10
0.7569395275590551
20
0.9325486614173228
11
0.7551614566929133
21
0.9311842913385826
0
LINE
8
BLACK
6
CONTINUOUS
10
0.7551614566929133
20
0.9311842913385826
11
0.7549803543307086
21
0.9310238582677165
0
LINE
8
BLACK
6
CONTINUOUS
10
0.7549803543307086
20
0.9310238582677165
11
0.7549803543307086
21
0.9274800787401575
0
LINE
8
BLACK
6
CONTINUOUS
10
0.7549803543307086
20
0.9274800787401575
11
0.7254920078740157
21
0.9274800787401575
0
LINE
8
BLACK
6
CONTINUOUS
10
0.7254920078740157
20
0.9274800787401575
11
0.7254920472440944
21
0.9274801181102362
0
LINE
8
BLACK
6
CONTINUOUS
10
0.7254920472440944
20
0.9274801181102362
11
0.7254920472440944
21
0.9310238188976377
0
LINE
8
BLACK
6
CONTINUOUS
10
0.7254920472440944
20
0.9310238188976377
11
0.7253103543307087
21
0.9311847637795275
0
LINE
8
BLACK
6
CONTINUOUS
10
0.7253103543307087
20
0.9311847637795275
11
0.7235329133858267
21
0.9325486614173228
0
LINE
8
BLACK
6
CONTINUOUS
10
0.7235329133858267
20
0.9325486614173228
11
0.7230276771653543
21
0.9332070472440944
0
LINE
8
BLACK
6
CONTINUOUS
10
0.7230276771653543
20
0.9332070472440944
11
0.7225765354330709
21
0.9336067716535433
0
LINE
8
BLACK
6
CONTINUOUS
10
0.7225765354330709
20
0.9336067716535433
11
0.7212829133858267
21
0.935480905511811
0
LINE
8
BLACK
6
CONTINUOUS
10
0.7212829133858267
20
0.935480905511811
11
0.719778937007874
21
0.9374409448818898
0
LINE
8
BLACK
6
CONTINUOUS
10
0.719778937007874
20
0.9374409448818898
11
0.7195522047244094
21
0.9379882677165354
0
LINE
8
BLACK
6
CONTINUOUS
10
0.7195522047244094
20
0.9379882677165354
11
0.7185525196850393
21
0.9394366141732283
0
LINE
8
BLACK
6
CONTINUOUS
10
0.7185525196850393
20
0.9394366141732283
11
0.7144199212598425
21
0.9394366141732283
0
LINE
8
BLACK
6
CONTINUOUS
10
0.7144199212598425
20
0.9394366141732283
11
0.7134201968503937
21
0.9379883070866142
0
LINE
8
BLACK
6
CONTINUOUS
10
0.7134201968503937
20
0.9379883070866142
11
0.7131935039370079
21
0.9374409448818898
0
LINE
8
BLACK
6
CONTINUOUS
10
0.7131935039370079
20
0.9374409448818898
11
0.711689251968504
21
0.9354805511811023
0
LINE
8
BLACK
6
CONTINUOUS
10
0.711689251968504
20
0.9354805511811023
11
0.7103958661417322
21
0.9336067716535433
0
LINE
8
BLACK
6
CONTINUOUS
10
0.7103958661417322
20
0.9336067716535433
11
0.7099448031496063
21
0.9332071653543307
0
LINE
8
BLACK
6
CONTINUOUS
10
0.7099448031496063
20
0.9332071653543307
11
0.7094395275590551
21
0.9325486614173228
0
LINE
8
BLACK
6
CONTINUOUS
10
0.7094395275590551
20
0.9325486614173228
11
0.7076614566929134
21
0.9311842913385826
0
LINE
8
BLACK
6
CONTINUOUS
10
0.7076614566929134
20
0.9311842913385826
11
0.7074803543307087
21
0.9310238582677165
0
LINE
8
BLACK
6
CONTINUOUS
10
0.7074803543307087
20
0.9310238582677165
11
0.7074803543307087
21
0.9274800787401575
0
LINE
8
BLACK
6
CONTINUOUS
10
0.7074803543307087
20
0.9274800787401575
11
0.6779920078740157
21
0.9274800787401575
0
LINE
8
BLACK
6
CONTINUOUS
10
0.6779920078740157
20
0.9274800787401575
11
0.6779920472440945
21
0.9274801181102362
0
LINE
8
BLACK
6
CONTINUOUS
10
0.6779920472440945
20
0.9274801181102362
11
0.6779920472440945
21
0.9310238188976377
0
LINE
8
BLACK
6
CONTINUOUS
10
0.6779920472440945
20
0.9310238188976377
11
0.6778103543307087
21
0.9311847637795275
0
LINE
8
BLACK
6
CONTINUOUS
10
0.6778103543307087
20
0.9311847637795275
11
0.6760329133858267
21
0.9325486614173228
0
LINE
8
BLACK
6
CONTINUOUS
10
0.6760329133858267
20
0.9325486614173228
11
0.6755276771653543
21
0.9332070472440944
0
LINE
8
BLACK
6
CONTINUOUS
10
0.6755276771653543
20
0.9332070472440944
11
0.6750765354330709
21
0.9336067716535433
0
LINE
8
BLACK
6
CONTINUOUS
10
0.6750765354330709
20
0.9336067716535433
11
0.6737828346456692
21
0.9354809842519685
0
LINE
8
BLACK
6
CONTINUOUS
10
0.6737828346456692
20
0.9354809842519685
11
0.672278937007874
21
0.9374409448818898
0
LINE
8
BLACK
6
CONTINUOUS
10
0.672278937007874
20
0.9374409448818898
11
0.6720522440944882
21
0.9379881889763779
0
LINE
8
BLACK
6
CONTINUOUS
10
0.6720522440944882
20
0.9379881889763779
11
0.6718455511811023
21
0.9382876771653543
0
LINE
8
BLACK
6
CONTINUOUS
10
0.6718455511811023
20
0.9382876771653543
11
0.670948779527559
21
0.9406522047244095
0
LINE
8
BLACK
6
CONTINUOUS
10
0.670948779527559
20
0.9406522047244095
11
0.669919094488189
21
0.9431381496062992
0
LINE
8
BLACK
6
CONTINUOUS
10
0.669919094488189
20
0.9431381496062992
11
0.669872874015748
21
0.9434891338582677
0
LINE
8
BLACK
6
CONTINUOUS
10
0.669872874015748
20
0.9434891338582677
11
0.6698286614173228
21
0.943605748031496
0
LINE
8
BLACK
6
CONTINUOUS
10
0.6698286614173228
20
0.943605748031496
11
0.6694860236220472
21
0.9464275196850394
0
LINE
8
BLACK
6
CONTINUOUS
10
0.6694860236220472
20
0.9464275196850394
11
0.6691141732283464
21
0.949251968503937
0
LINE
8
BLACK
6
CONTINUOUS
10
0.6691141732283464
20
0.949251968503937
11
0.6694860236220472
21
0.9520766141732283
0
LINE
8
BLACK
6
CONTINUOUS
10
0.6694860236220472
20
0.9520766141732283
11
0.6698286614173228
21
0.9548981496062992
0
LINE
8
BLACK
6
CONTINUOUS
10
0.6698286614173228
20
0.9548981496062992
11
0.669872874015748
21
0.9550147244094488
0
LINE
8
BLACK
6
CONTINUOUS
10
0.669872874015748
20
0.9550147244094488
11
0.669919094488189
21
0.9553657874015747
0
LINE
8
BLACK
6
CONTINUOUS
10
0.669919094488189
20
0.9553657874015747
11
0.6709489370078739
21
0.957852125984252
0
LINE
8
BLACK
6
CONTINUOUS
10
0.6709489370078739
20
0.957852125984252
11
0.6718455511811023
21
0.9602162204724409
0
LINE
8
BLACK
6
CONTINUOUS
10
0.6718455511811023
20
0.9602162204724409
11
0.6720522047244094
21
0.9605155905511811
0
LINE
8
BLACK
6
CONTINUOUS
10
0.6720522047244094
20
0.9605155905511811
11
0.672278937007874
21
0.9610629921259842
0
LINE
8
BLACK
6
CONTINUOUS
10
0.672278937007874
20
0.9610629921259842
11
0.6737831102362205
21
0.9630232677165355
0
LINE
8
BLACK
6
CONTINUOUS
10
0.6737831102362205
20
0.9630232677165355
11
0.6750765354330709
21
0.9648971259842519
0
LINE
8
BLACK
6
CONTINUOUS
10
0.6750765354330709
20
0.9648971259842519
11
0.6755275590551181
21
0.9652967322834646
0
LINE
8
BLACK
6
CONTINUOUS
10
0.6755275590551181
20
0.9652967322834646
11
0.6760329133858267
21
0.9659552755905512
0
LINE
8
BLACK
6
CONTINUOUS
10
0.6760329133858267
20
0.9659552755905512
11
0.6778108661417322
21
0.9673195275590551
0
LINE
8
BLACK
6
CONTINUOUS
10
0.6778108661417322
20
0.9673195275590551
11
0.6793337401574803
21
0.9686687007874015
0
LINE
8
BLACK
6
CONTINUOUS
10
0.6793337401574803
20
0.9686687007874015
11
0.6800785433070866
21
0.9690596062992126
0
LINE
8
BLACK
6
CONTINUOUS
10
0.6800785433070866
20
0.9690596062992126
11
0.6809251968503937
21
0.9697092519685039
0
LINE
8
BLACK
6
CONTINUOUS
10
0.6809251968503937
20
0.9697092519685039
11
0.6827811023622047
21
0.9704779921259842
0
LINE
8
BLACK
6
CONTINUOUS
10
0.6827811023622047
20
0.9704779921259842
11
0.68437
21
0.9713118897637795
0
LINE
8
BLACK
6
CONTINUOUS
10
0.68437
20
0.9713118897637795
11
0.6854179133858268
21
0.9715701574803149
0
LINE
8
BLACK
6
CONTINUOUS
10
0.6854179133858268
20
0.9715701574803149
11
0.6866224015748031
21
0.9720690944881889
0
LINE
8
BLACK
6
CONTINUOUS
10
0.6866224015748031
20
0.9720690944881889
11
0.6883816929133858
21
0.9723007086614173
0
LINE
8
BLACK
6
CONTINUOUS
10
0.6883816929133858
20
0.9723007086614173
11
0.6898923622047244
21
0.9726730708661417
0
LINE
8
BLACK
6
CONTINUOUS
10
0.6898923622047244
20
0.9726730708661417
11
0.6912099212598425
21
0.9726730708661417
0
LINE
8
BLACK
6
CONTINUOUS
10
0.6912099212598425
20
0.9726730708661417
11
0.6927362204724409
21
0.9728740157480315
0
LINE
8
BLACK
6
CONTINUOUS
10
0.6927362204724409
20
0.9728740157480315
11
0.6942625196850394
21
0.9726730708661417
0
LINE
8
BLACK
6
CONTINUOUS
10
0.6942625196850394
20
0.9726730708661417
11
0.6955800787401575
21
0.9726730708661417
0
LINE
8
BLACK
6
CONTINUOUS
10
0.6955800787401575
20
0.9726730708661417
11
0.6970906692913386
21
0.9723007086614173
0
LINE
8
BLACK
6
CONTINUOUS
10
0.6970906692913386
20
0.9723007086614173
11
0.6988500393700787
21
0.9720690944881889
0
LINE
8
BLACK
6
CONTINUOUS
10
0.6988500393700787
20
0.9720690944881889
11
0.7000545275590551
21
0.9715701574803149
0
LINE
8
BLACK
6
CONTINUOUS
10
0.7000545275590551
20
0.9715701574803149
11
0.7011024015748031
21
0.9713118897637795
0
LINE
8
BLACK
6
CONTINUOUS
10
0.7011024015748031
20
0.9713118897637795
11
0.7026911023622047
21
0.9704780708661417
0
LINE
8
BLACK
6
CONTINUOUS
10
0.7026911023622047
20
0.9704780708661417
11
0.7045472440944882
21
0.9697092519685039
0
LINE
8
BLACK
6
CONTINUOUS
10
0.7045472440944882
20
0.9697092519685039
11
0.705393937007874
21
0.9690595275590551
0
LINE
8
BLACK
6
CONTINUOUS
10
0.705393937007874
20
0.9690595275590551
11
0.7061386614173228
21
0.9686687007874015
0
LINE
8
BLACK
6
CONTINUOUS
10
0.7061386614173228
20
0.9686687007874015
11
0.7076613385826771
21
0.96731968503937
0
LINE
8
BLACK
6
CONTINUOUS
10
0.7076613385826771
20
0.96731968503937
11
0.7094395275590551
21
0.9659552755905512
0
LINE
8
BLACK
6
CONTINUOUS
10
0.7094395275590551
20
0.9659552755905512
11
0.709944842519685
21
0.9652966929133858
0
LINE
8
BLACK
6
CONTINUOUS
10
0.709944842519685
20
0.9652966929133858
11
0.7103959448818897
21
0.9648970866141732
0
LINE
8
BLACK
6
CONTINUOUS
10
0.7103959448818897
20
0.9648970866141732
11
0.7116893307086614
21
0.9630232283464567
0
LINE
8
BLACK
6
CONTINUOUS
10
0.7116893307086614
20
0.9630232283464567
11
0.7131935039370079
21
0.9610629921259842
0
LINE
8
BLACK
6
CONTINUOUS
10
0.7131935039370079
20
0.9610629921259842
11
0.7134202362204725
21
0.9605155511811023
0
LINE
8
BLACK
6
CONTINUOUS
10
0.7134202362204725
20
0.9605155511811023
11
0.7144199212598425
21
0.9590672834645669
0
LINE
8
BLACK
6
CONTINUOUS
10
0.7144199212598425
20
0.9590672834645669
11
0.7185525196850393
21
0.9590672834645669
0
LINE
8
BLACK
6
CONTINUOUS
10
0.7185525196850393
20
0.9590672834645669
11
0.7195522047244094
21
0.9605155905511811
0
LINE
8
BLACK
6
CONTINUOUS
10
0.7195522047244094
20
0.9605155905511811
11
0.719778937007874
21
0.9610629921259842
0
LINE
8
BLACK
6
CONTINUOUS
10
0.719778937007874
20
0.9610629921259842
11
0.7212828346456692
21
0.9630229133858268
0
LINE
8
BLACK
6
CONTINUOUS
10
0.7212828346456692
20
0.9630229133858268
11
0.7225764566929134
21
0.9648970866141732
0
LINE
8
BLACK
6
CONTINUOUS
10
0.7225764566929134
20
0.9648970866141732
11
0.7230276377952756
21
0.965296811023622
0
LINE
8
BLACK
6
CONTINUOUS
10
0.7230276377952756
20
0.965296811023622
11
0.7235329133858267
21
0.9659552755905512
0
LINE
8
BLACK
6
CONTINUOUS
10
0.7235329133858267
20
0.9659552755905512
11
0.7253107480314961
21
0.9673194488188976
0
LINE
8
BLACK
6
CONTINUOUS
10
0.7253107480314961
20
0.9673194488188976
11
0.7268337401574803
21
0.9686687007874015
0
LINE
8
BLACK
6
CONTINUOUS
10
0.7268337401574803
20
0.9686687007874015
11
0.7275785433070866
21
0.9690596062992126
0
LINE
8
BLACK
6
CONTINUOUS
10
0.7275785433070866
20
0.9690596062992126
11
0.7284251968503936
21
0.9697092519685039
0
LINE
8
BLACK
6
CONTINUOUS
10
0.7284251968503936
20
0.9697092519685039
11
0.7302811023622047
21
0.9704779921259842
0
LINE
8
BLACK
6
CONTINUOUS
10
0.7302811023622047
20
0.9704779921259842
11
0.73187
21
0.9713118897637795
0
LINE
8
BLACK
6
CONTINUOUS
10
0.73187
20
0.9713118897637795
11
0.7329179133858268
21
0.9715701574803149
0
LINE
8
BLACK
6
CONTINUOUS
10
0.7329179133858268
20
0.9715701574803149
11
0.7341224015748031
21
0.9720690944881889
0
LINE
8
BLACK
6
CONTINUOUS
10
0.7341224015748031
20
0.9720690944881889
11
0.7358816929133858
21
0.9723007086614173
0
LINE
8
BLACK
6
CONTINUOUS
10
0.7358816929133858
20
0.9723007086614173
11
0.7373923622047244
21
0.9726730708661417
0
LINE
8
BLACK
6
CONTINUOUS
10
0.7373923622047244
20
0.9726730708661417
11
0.7387099212598425
21
0.9726730708661417
0
LINE
8
BLACK
6
CONTINUOUS
10
0.7387099212598425
20
0.9726730708661417
11
0.740236220472441
21
0.9728740157480315
0
LINE
8
BLACK
6
CONTINUOUS
10
0.740236220472441
20
0.9728740157480315
11
0.7417625196850394
21
0.9726730708661417
0
LINE
8
BLACK
6
CONTINUOUS
10
0.7417625196850394
20
0.9726730708661417
11
0.7430800787401575
21
0.9726730708661417
0
LINE
8
BLACK
6
CONTINUOUS
10
0.7430800787401575
20
0.9726730708661417
11
0.7445906692913385
21
0.9723007086614173
0
LINE
8
BLACK
6
CONTINUOUS
10
0.7445906692913385
20
0.9723007086614173
11
0.7463500393700787
21
0.9720690944881889
0
LINE
8
BLACK
6
CONTINUOUS
10
0.7463500393700787
20
0.9720690944881889
11
0.747554527559055
21
0.9715701574803149
0
LINE
8
BLACK
6
CONTINUOUS
10
0.747554527559055
20
0.9715701574803149
11
0.7486024015748032
21
0.9713118897637795
0
LINE
8
BLACK
6
CONTINUOUS
10
0.7486024015748032
20
0.9713118897637795
11
0.7501911023622047
21
0.9704780708661417
0
LINE
8
BLACK
6
CONTINUOUS
10
0.7501911023622047
20
0.9704780708661417
11
0.7520472440944882
21
0.9697092519685039
0
LINE
8
BLACK
6
CONTINUOUS
10
0.7520472440944882
20
0.9697092519685039
11
0.752893937007874
21
0.9690595275590551
0
LINE
8
BLACK
6
CONTINUOUS
10
0.752893937007874
20
0.9690595275590551
11
0.7536386614173228
21
0.9686687007874015
0
LINE
8
BLACK
6
CONTINUOUS
10
0.7536386614173228
20
0.9686687007874015
11
0.7551612598425197
21
0.9673197637795276
0
LINE
8
BLACK
6
CONTINUOUS
10
0.7551612598425197
20
0.9673197637795276
11
0.7569395275590551
21
0.9659552755905512
0
LINE
8
BLACK
6
CONTINUOUS
10
0.7569395275590551
20
0.9659552755905512
11
0.7574449212598425
21
0.9652966141732283
0
LINE
8
BLACK
6
CONTINUOUS
10
0.7574449212598425
20
0.9652966141732283
11
0.7578958661417323
21
0.9648971259842519
0
LINE
8
BLACK
6
CONTINUOUS
10
0.7578958661417323
20
0.9648971259842519
11
0.7591890157480314
21
0.9630236614173228
0
LINE
8
BLACK
6
CONTINUOUS
10
0.7591890157480314
20
0.9630236614173228
11
0.7606935039370079
21
0.9610629921259842
0
LINE
8
BLACK
6
CONTINUOUS
10
0.7606935039370079
20
0.9610629921259842
11
0.7609202362204724
21
0.9605155511811023
0
LINE
8
BLACK
6
CONTINUOUS
10
0.7609202362204724
20
0.9605155511811023
11
0.7616699212598425
21
0.9594294881889763
0
LINE
8
BLACK
6
CONTINUOUS
10
0.7616699212598425
20
0.9594294881889763
11
0.7658025196850393
21
0.9594294881889763
0
LINE
8
BLACK
6
CONTINUOUS
10
0.7658025196850393
20
0.9594294881889763
11
0.7665521653543307
21
0.9605155511811023
0
LINE
8
BLACK
6
CONTINUOUS
10
0.7665521653543307
20
0.9605155511811023
11
0.766778937007874
21
0.9610629921259842
0
LINE
8
BLACK
6
CONTINUOUS
10
0.766778937007874
20
0.9610629921259842
11
0.7682831496062992
21
0.9630233070866141
0
LINE
8
BLACK
6
CONTINUOUS
10
0.7682831496062992
20
0.9630233070866141
11
0.7695765354330708
21
0.9648971259842519
0
LINE
8
BLACK
6
CONTINUOUS
10
0.7695765354330708
20
0.9648971259842519
11
0.7700275590551181
21
0.9652967322834646
0
LINE
8
BLACK
6
CONTINUOUS
10
0.7700275590551181
20
0.9652967322834646
11
0.7705329133858267
21
0.9659552755905512
0
LINE
8
BLACK
6
CONTINUOUS
10
0.7705329133858267
20
0.9659552755905512
11
0.7723108661417323
21
0.9673195275590551
0
LINE
8
BLACK
6
CONTINUOUS
10
0.7723108661417323
20
0.9673195275590551
11
0.7738337401574803
21
0.9686687007874015
0
LINE
8
BLACK
6
CONTINUOUS
10
0.7738337401574803
20
0.9686687007874015
11
0.7745785433070866
21
0.9690596062992126
0
LINE
8
BLACK
6
CONTINUOUS
10
0.7745785433070866
20
0.9690596062992126
11
0.7754251968503937
21
0.9697092519685039
0
LINE
8
BLACK
6
CONTINUOUS
10
0.7754251968503937
20
0.9697092519685039
11
0.7772811023622047
21
0.9704779921259842
0
LINE
8
BLACK
6
CONTINUOUS
10
0.7772811023622047
20
0.9704779921259842
11
0.77887
21
0.9713118897637795
0
LINE
8
BLACK
6
CONTINUOUS
10
0.77887
20
0.9713118897637795
11
0.7799179133858267
21
0.9715701574803149
0
LINE
8
BLACK
6
CONTINUOUS
10
0.7799179133858267
20
0.9715701574803149
11
0.7811224015748032
21
0.9720690944881889
0
LINE
8
BLACK
6
CONTINUOUS
10
0.7811224015748032
20
0.9720690944881889
11
0.7828816929133858
21
0.9723007086614173
0
LINE
8
BLACK
6
CONTINUOUS
10
0.7828816929133858
20
0.9723007086614173
11
0.7843923622047244
21
0.9726730708661417
0
LINE
8
BLACK
6
CONTINUOUS
10
0.7843923622047244
20
0.9726730708661417
11
0.7857099212598425
21
0.9726730708661417
0
LINE
8
BLACK
6
CONTINUOUS
10
0.7857099212598425
20
0.9726730708661417
11
0.7872362204724409
21
0.9728740157480315
0
LINE
8
BLACK
6
CONTINUOUS
10
0.7872362204724409
20
0.9728740157480315
11
0.7887625196850393
21
0.9726730708661417
0
LINE
8
BLACK
6
CONTINUOUS
10
0.1803191732283465
20
0.8778105118110237
11
0.1816588188976378
21
0.8776551181102362
0
LINE
8
BLACK
6
CONTINUOUS
10
0.1816588188976378
20
0.8776551181102362
11
0.1821164960629921
21
0.8774529921259843
0
LINE
8
BLACK
6
CONTINUOUS
10
0.1821164960629921
20
0.8774529921259843
11
0.1830132677165354
21
0.8772746456692914
0
LINE
8
BLACK
6
CONTINUOUS
10
0.1830132677165354
20
0.8772746456692914
11
0.1839732677165354
21
0.8766331496062992
0
LINE
8
BLACK
6
CONTINUOUS
10
0.1839732677165354
20
0.8766331496062992
11
0.1844112992125984
21
0.8764397637795276
0
LINE
8
BLACK
6
CONTINUOUS
10
0.1844112992125984
20
0.8764397637795276
11
0.1847104724409449
21
0.8761405511811023
0
LINE
8
BLACK
6
CONTINUOUS
10
0.1847104724409449
20
0.8761405511811023
11
0.1855677559055118
21
0.8755677559055118
0
LINE
8
BLACK
6
CONTINUOUS
10
0.1855677559055118
20
0.8755677559055118
11
0.1861405511811024
21
0.8747104724409449
0
LINE
8
BLACK
6
CONTINUOUS
10
0.1861405511811024
20
0.8747104724409449
11
0.1864397637795276
21
0.8744112992125984
0
LINE
8
BLACK
6
CONTINUOUS
10
0.1864397637795276
20
0.8744112992125984
11
0.1866331496062992
21
0.8739732677165354
0
LINE
8
BLACK
6
CONTINUOUS
10
0.1866331496062992
20
0.8739732677165354
11
0.1872746456692913
21
0.8730132677165354
0
LINE
8
BLACK
6
CONTINUOUS
10
0.1872746456692913
20
0.8730132677165354
11
0.1874529921259842
21
0.8721164960629921
0
LINE
8
BLACK
6
CONTINUOUS
10
0.1874529921259842
20
0.8721164960629921
11
0.1876551181102362
21
0.8716588188976377
0
LINE
8
BLACK
6
CONTINUOUS
10
0.1876551181102362
20
0.8716588188976377
11
0.1878105118110236
21
0.870319094488189
0
LINE
8
BLACK
6
CONTINUOUS
10
0.1878105118110236
20
0.870319094488189
11
0.1878740157480315
21
0.87
0
LINE
8
BLACK
6
CONTINUOUS
10
0.1878740157480315
20
0.87
11
0.1878740157480315
21
0.8099999999999999
0
LINE
8
BLACK
6
CONTINUOUS
10
0.1878740157480315
20
0.8099999999999999
11
0.1878105118110236
21
0.8096808661417323
0
LINE
8
BLACK
6
CONTINUOUS
10
0.1878105118110236
20
0.8096808661417323
11
0.1876551181102362
21
0.8083411417322834
0
LINE
8
BLACK
6
CONTINUOUS
10
0.1876551181102362
20
0.8083411417322834
11
0.1874529921259842
21
0.8078833858267717
0
LINE
8
BLACK
6
CONTINUOUS
10
0.1874529921259842
20
0.8078833858267717
11
0.1872746456692913
21
0.8069867322834645
0
LINE
8
BLACK
6
CONTINUOUS
10
0.1872746456692913
20
0.8069867322834645
11
0.186633188976378
21
0.8060267716535433
0
LINE
8
BLACK
6
CONTINUOUS
10
0.186633188976378
20
0.8060267716535433
11
0.1864397637795276
21
0.8055886614173228
0
LINE
8
BLACK
6
CONTINUOUS
10
0.1864397637795276
20
0.8055886614173228
11
0.1861404724409449
21
0.8052893700787401
0
LINE
8
BLACK
6
CONTINUOUS
10
0.1861404724409449
20
0.8052893700787401
11
0.1855677559055118
21
0.8044322440944882
0
LINE
8
BLACK
6
CONTINUOUS
10
0.1855677559055118
20
0.8044322440944882
11
0.1847105905511811
21
0.8038594881889763
0
LINE
8
BLACK
6
CONTINUOUS
10
0.1847105905511811
20
0.8038594881889763
11
0.1844112992125984
21
0.8035601968503937
0
LINE
8
BLACK
6
CONTINUOUS
10
0.1844112992125984
20
0.8035601968503937
11
0.1839731102362205
21
0.8033666929133858
0
LINE
8
BLACK
6
CONTINUOUS
10
0.1839731102362205
20
0.8033666929133858
11
0.1830132677165354
21
0.8027253543307087
0
LINE
8
BLACK
6
CONTINUOUS
10
0.1830132677165354
20
0.8027253543307087
11
0.1821166929133858
21
0.8025470078740158
0
LINE
8
BLACK
6
CONTINUOUS
10
0.1821166929133858
20
0.8025470078740158
11
0.1816588188976378
21
0.8023448425196851
0
LINE
8
BLACK
6
CONTINUOUS
10
0.1816588188976378
20
0.8023448425196851
11
0.1803186220472441
21
0.8021893307086614
0
LINE
8
BLACK
6
CONTINUOUS
10
0.1803186220472441
20
0.8021893307086614
11
0.18
21
0.8021259842519685
0
LINE
8
BLACK
6
CONTINUOUS
10
0.18
20
0.8021259842519685
11
0.1797723228346457
21
0.8021259842519685
0
LINE
8
BLACK
6
CONTINUOUS
10
0.1797723228346457
20
0.8021259842519685
11
0.1202277165354331
21
0.8021259842519685
0
LINE
8
BLACK
6
CONTINUOUS
10
0.1202277165354331
20
0.8021259842519685
11
0.12
21
0.8021259842519685
0
LINE
8
BLACK
6
CONTINUOUS
10
0.12
20
0.8021259842519685
11
0.1196813385826772
21
0.8021893307086614
0
LINE
8
BLACK
6
CONTINUOUS
10
0.1196813385826772
20
0.8021893307086614
11
0.1183411417322835
21
0.8023448425196851
0
LINE
8
BLACK
6
CONTINUOUS
10
0.1183411417322835
20
0.8023448425196851
11
0.1178832283464567
21
0.8025470078740158
0
LINE
8
BLACK
6
CONTINUOUS
10
0.1178832283464567
20
0.8025470078740158
11
0.1169867322834646
21
0.8027253543307087
0
LINE
8
BLACK
6
CONTINUOUS
10
0.1169867322834646
20
0.8027253543307087
11
0.1160269291338583
21
0.8033666535433071
0
LINE
8
BLACK
6
CONTINUOUS
10
0.1160269291338583
20
0.8033666535433071
11
0.1155886614173228
21
0.8035601968503937
0
LINE
8
BLACK
6
CONTINUOUS
10
0.1155886614173228
20
0.8035601968503937
11
0.1152892519685039
21
0.8038595669291339
0
LINE
8
BLACK
6
CONTINUOUS
10
0.1152892519685039
20
0.8038595669291339
11
0.1144322440944882
21
0.8044322440944882
0
LINE
8
BLACK
6
CONTINUOUS
10
0.1144322440944882
20
0.8044322440944882
11
0.1138595669291339
21
0.8052892519685039
0
LINE
8
BLACK
6
CONTINUOUS
10
0.1138595669291339
20
0.8052892519685039
11
0.1135601968503937
21
0.8055886614173228
0
LINE
8
BLACK
6
CONTINUOUS
10
0.1135601968503937
20
0.8055886614173228
11
0.1133666535433071
21
0.8060269291338582
0
LINE
8
BLACK
6
CONTINUOUS
10
0.1133666535433071
20
0.8060269291338582
11
0.1127253543307087
21
0.8069867322834645
0
LINE
8
BLACK
6
CONTINUOUS
10
0.1127253543307087
20
0.8069867322834645
11
0.1125470078740157
21
0.8078832283464566
0
LINE
8
BLACK
6
CONTINUOUS
10
0.1125470078740157
20
0.8078832283464566
11
0.112344842519685
21
0.8083411417322834
0
LINE
8
BLACK
6
CONTINUOUS
10
0.112344842519685
20
0.8083411417322834
11
0.1121893307086614
21
0.8096814173228346
0
LINE
8
BLACK
6
CONTINUOUS
10
0.1121893307086614
20
0.8096814173228346
11
0.1121259842519685
21
0.8099999999999999
0
LINE
8
BLACK
6
CONTINUOUS
10
0.1121259842519685
20
0.8099999999999999
11
0.1121259842519685
21
0.87
0
LINE
8
BLACK
6
CONTINUOUS
10
0.1121259842519685
20
0.87
11
0.1121893700787401
21
0.8703187007874016
0
LINE
8
BLACK
6
CONTINUOUS
10
0.1121893700787401
20
0.8703187007874016
11
0.112344842519685
21
0.8716588188976377
0
LINE
8
BLACK
6
CONTINUOUS
10
0.112344842519685
20
0.8716588188976377
11
0.1125470078740157
21
0.8721166929133858
0
LINE
8
BLACK
6
CONTINUOUS
10
0.1125470078740157
20
0.8721166929133858
11
0.1127253543307087
21
0.8730132677165354
0
LINE
8
BLACK
6
CONTINUOUS
10
0.1127253543307087
20
0.8730132677165354
11
0.1133666929133858
21
0.8739731102362205
0
LINE
8
BLACK
6
CONTINUOUS
10
0.1133666929133858
20
0.8739731102362205
11
0.1135601968503937
21
0.8744112992125984
0
LINE
8
BLACK
6
CONTINUOUS
10
0.1135601968503937
20
0.8744112992125984
11
0.1138594881889764
21
0.8747105905511811
0
LINE
8
BLACK
6
CONTINUOUS
10
0.1138594881889764
20
0.8747105905511811
11
0.1144322440944882
21
0.8755677559055118
0
LINE
8
BLACK
6
CONTINUOUS
10
0.1144322440944882
20
0.8755677559055118
11
0.1152893700787402
21
0.8761404724409448
0
LINE
8
BLACK
6
CONTINUOUS
10
0.1152893700787402
20
0.8761404724409448
11
0.1155886614173228
21
0.8764397637795276
0
LINE
8
BLACK
6
CONTINUOUS
10
0.1155886614173228
20
0.8764397637795276
11
0.1160267716535433
21
0.876633188976378
0
LINE
8
BLACK
6
CONTINUOUS
10
0.1160267716535433
20
0.876633188976378
11
0.1169867322834646
21
0.8772746456692914
0
LINE
8
BLACK
6
CONTINUOUS
10
0.1169867322834646
20
0.8772746456692914
11
0.1178833858267716
21
0.8774529921259843
0
LINE
8
BLACK
6
CONTINUOUS
10
0.1178833858267716
20
0.8774529921259843
11
0.1183411417322835
21
0.8776551181102362
0
LINE
8
BLACK
6
CONTINUOUS
10
0.1183411417322835
20
0.8776551181102362
11
0.1196809448818898
21
0.8778105511811023
0
LINE
8
BLACK
6
CONTINUOUS
10
0.1196809448818898
20
0.8778105511811023
11
0.12
21
0.8778740157480315
0
LINE
8
BLACK
6
CONTINUOUS
10
0.12
20
0.8778740157480315
11
0.18
21
0.8778740157480315
0
LINE
8
BLACK
6
CONTINUOUS
10
0.18
20
0.8778740157480315
11
0.1803191732283465
21
0.8778105118110237
0
LINE
8
BLACK
6
CONTINUOUS
10
0.2803191732283464
20
0.8778105118110237
11
0.2816588188976378
21
0.8776551181102362
0
LINE
8
BLACK
6
CONTINUOUS
10
0.2816588188976378
20
0.8776551181102362
11
0.2821164960629921
21
0.8774529921259843
0
LINE
8
BLACK
6
CONTINUOUS
10
0.2821164960629921
20
0.8774529921259843
11
0.2830132677165354
21
0.8772746456692914
0
LINE
8
BLACK
6
CONTINUOUS
10
0.2830132677165354
20
0.8772746456692914
11
0.2839732677165354
21
0.8766331496062992
0
LINE
8
BLACK
6
CONTINUOUS
10
0.2839732677165354
20
0.8766331496062992
11
0.2844112992125984
21
0.8764397637795276
0
LINE
8
BLACK
6
CONTINUOUS
10
0.2844112992125984
20
0.8764397637795276
11
0.2847104724409449
21
0.8761405511811023
0
LINE
8
BLACK
6
CONTINUOUS
10
0.2847104724409449
20
0.8761405511811023
11
0.2855677559055118
21
0.8755677559055118
0
LINE
8
BLACK
6
CONTINUOUS
10
0.2855677559055118
20
0.8755677559055118
11
0.2861405511811024
21
0.8747104724409449
0
LINE
8
BLACK
6
CONTINUOUS
10
0.2861405511811024
20
0.8747104724409449
11
0.2864397637795276
21
0.8744112992125984
0
LINE
8
BLACK
6
CONTINUOUS
10
0.2864397637795276
20
0.8744112992125984
11
0.2866331496062992
21
0.8739732677165354
0
LINE
8
BLACK
6
CONTINUOUS
10
0.2866331496062992
20
0.8739732677165354
11
0.2872746456692913
21
0.8730132677165354
0
LINE
8
BLACK
6
CONTINUOUS
10
0.2872746456692913
20
0.8730132677165354
11
0.2874529921259842
21
0.8721164960629921
0
LINE
8
BLACK
6
CONTINUOUS
10
0.2874529921259842
20
0.8721164960629921
11
0.2876551181102362
21
0.8716588188976377
0
LINE
8
BLACK
6
CONTINUOUS
10
0.2876551181102362
20
0.8716588188976377
11
0.2878105118110236
21
0.870319094488189
0
LINE
8
BLACK
6
CONTINUOUS
10
0.2878105118110236
20
0.870319094488189
11
0.2878740157480315
21
0.87
0
LINE
8
BLACK
6
CONTINUOUS
10
0.2878740157480315
20
0.87
11
0.2878740157480315
21
0.8099999999999999
0
LINE
8
BLACK
6
CONTINUOUS
10
0.2878740157480315
20
0.8099999999999999
11
0.2878105118110236
21
0.8096808661417323
0
LINE
8
BLACK
6
CONTINUOUS
10
0.2878105118110236
20
0.8096808661417323
11
0.2876551181102362
21
0.8083411417322834
0
LINE
8
BLACK
6
CONTINUOUS
10
0.2876551181102362
20
0.8083411417322834
11
0.2874529921259842
21
0.8078833858267717
0
LINE
8
BLACK
6
CONTINUOUS
10
0.2874529921259842
20
0.8078833858267717
11
0.2872746456692913
21
0.8069867322834645
0
LINE
8
BLACK
6
CONTINUOUS
10
0.2872746456692913
20
0.8069867322834645
11
0.286633188976378
21
0.8060267716535433
0
LINE
8
BLACK
6
CONTINUOUS
10
0.286633188976378
20
0.8060267716535433
11
0.2864397637795276
21
0.8055886614173228
0
LINE
8
BLACK
6
CONTINUOUS
10
0.2864397637795276
20
0.8055886614173228
11
0.2861404724409449
21
0.8052893700787401
0
LINE
8
BLACK
6
CONTINUOUS
10
0.2861404724409449
20
0.8052893700787401
11
0.2855677559055118
21
0.8044322440944882
0
LINE
8
BLACK
6
CONTINUOUS
10
0.2855677559055118
20
0.8044322440944882
11
0.2847105905511811
21
0.8038594881889763
0
LINE
8
BLACK
6
CONTINUOUS
10
0.2847105905511811
20
0.8038594881889763
11
0.2844112992125984
21
0.8035601968503937
0
LINE
8
BLACK
6
CONTINUOUS
10
0.2844112992125984
20
0.8035601968503937
11
0.2839731102362205
21
0.8033666929133858
0
LINE
8
BLACK
6
CONTINUOUS
10
0.2839731102362205
20
0.8033666929133858
11
0.2830132677165354
21
0.8027253543307087
0
LINE
8
BLACK
6
CONTINUOUS
10
0.2830132677165354
20
0.8027253543307087
11
0.2821166929133858
21
0.8025470078740158
0
LINE
8
BLACK
6
CONTINUOUS
10
0.2821166929133858
20
0.8025470078740158
11
0.2816588188976378
21
0.8023448425196851
0
LINE
8
BLACK
6
CONTINUOUS
10
0.2816588188976378
20
0.8023448425196851
11
0.2803186220472441
21
0.8021893307086614
0
LINE
8
BLACK
6
CONTINUOUS
10
0.2803186220472441
20
0.8021893307086614
11
0.28
21
0.8021259842519685
0
LINE
8
BLACK
6
CONTINUOUS
10
0.28
20
0.8021259842519685
11
0.2797723228346456
21
0.8021259842519685
0
LINE
8
BLACK
6
CONTINUOUS
10
0.2797723228346456
20
0.8021259842519685
11
0.2202277165354331
21
0.8021259842519685
0
LINE
8
BLACK
6
CONTINUOUS
10
0.2202277165354331
20
0.8021259842519685
11
0.22
21
0.8021259842519685
0
LINE
8
BLACK
6
CONTINUOUS
10
0.22
20
0.8021259842519685
11
0.2196813385826772
21
0.8021893307086614
0
LINE
8
BLACK
6
CONTINUOUS
10
0.2196813385826772
20
0.8021893307086614
11
0.2183411417322835
21
0.8023448425196851
0
LINE
8
BLACK
6
CONTINUOUS
10
0.2183411417322835
20
0.8023448425196851
11
0.2178832283464567
21
0.8025470078740158
0
LINE
8
BLACK
6
CONTINUOUS
10
0.2178832283464567
20
0.8025470078740158
11
0.2169867322834646
21
0.8027253543307087
0
LINE
8
BLACK
6
CONTINUOUS
10
0.2169867322834646
20
0.8027253543307087
11
0.2160269291338583
21
0.8033666535433071
0
LINE
8
BLACK
6
CONTINUOUS
10
0.2160269291338583
20
0.8033666535433071
11
0.2155886614173228
21
0.8035601968503937
0
LINE
8
BLACK
6
CONTINUOUS
10
0.2155886614173228
20
0.8035601968503937
11
0.2152892519685039
21
0.8038595669291339
0
LINE
8
BLACK
6
CONTINUOUS
10
0.2152892519685039
20
0.8038595669291339
11
0.2144322440944882
21
0.8044322440944882
0
LINE
8
BLACK
6
CONTINUOUS
10
0.2144322440944882
20
0.8044322440944882
11
0.2138595669291339
21
0.8052892519685039
0
LINE
8
BLACK
6
CONTINUOUS
10
0.2138595669291339
20
0.8052892519685039
11
0.2135601968503937
21
0.8055886614173228
0
LINE
8
BLACK
6
CONTINUOUS
10
0.2135601968503937
20
0.8055886614173228
11
0.2133666535433071
21
0.8060269291338582
0
LINE
8
BLACK
6
CONTINUOUS
10
0.2133666535433071
20
0.8060269291338582
11
0.2127253543307087
21
0.8069867322834645
0
LINE
8
BLACK
6
CONTINUOUS
10
0.2127253543307087
20
0.8069867322834645
11
0.2125470078740157
21
0.8078832283464566
0
LINE
8
BLACK
6
CONTINUOUS
10
0.2125470078740157
20
0.8078832283464566
11
0.212344842519685
21
0.8083411417322834
0
LINE
8
BLACK
6
CONTINUOUS
10
0.212344842519685
20
0.8083411417322834
11
0.2121893307086614
21
0.8096814173228346
0
LINE
8
BLACK
6
CONTINUOUS
10
0.2121893307086614
20
0.8096814173228346
11
0.2121259842519685
21
0.8099999999999999
0
LINE
8
BLACK
6
CONTINUOUS
10
0.2121259842519685
20
0.8099999999999999
11
0.2121259842519685
21
0.87
0
LINE
8
BLACK
6
CONTINUOUS
10
0.2121259842519685
20
0.87
11
0.2121893700787401
21
0.8703187007874016
0
LINE
8
BLACK
6
CONTINUOUS
10
0.2121893700787401
20
0.8703187007874016
11
0.212344842519685
21
0.8716588188976377
0
LINE
8
BLACK
6
CONTINUOUS
10
0.212344842519685
20
0.8716588188976377
11
0.2125470078740157
21
0.8721166929133858
0
LINE
8
BLACK
6
CONTINUOUS
10
0.2125470078740157
20
0.8721166929133858
11
0.2127253543307087
21
0.8730132677165354
0
LINE
8
BLACK
6
CONTINUOUS
10
0.2127253543307087
20
0.8730132677165354
11
0.2133666929133858
21
0.8739731102362205
0
LINE
8
BLACK
6
CONTINUOUS
10
0.2133666929133858
20
0.8739731102362205
11
0.2135601968503937
21
0.8744112992125984
0
LINE
8
BLACK
6
CONTINUOUS
10
0.2135601968503937
20
0.8744112992125984
11
0.2138594881889764
21
0.8747105905511811
0
LINE
8
BLACK
6
CONTINUOUS
10
0.2138594881889764
20
0.8747105905511811
11
0.2144322440944882
21
0.8755677559055118
0
LINE
8
BLACK
6
CONTINUOUS
10
0.2144322440944882
20
0.8755677559055118
11
0.2152893700787402
21
0.8761404724409448
0
LINE
8
BLACK
6
CONTINUOUS
10
0.2152893700787402
20
0.8761404724409448
11
0.2155886614173228
21
0.8764397637795276
0
LINE
8
BLACK
6
CONTINUOUS
10
0.2155886614173228
20
0.8764397637795276
11
0.2160267716535433
21
0.876633188976378
0
LINE
8
BLACK
6
CONTINUOUS
10
0.2160267716535433
20
0.876633188976378
11
0.2169867322834646
21
0.8772746456692914
0
LINE
8
BLACK
6
CONTINUOUS
10
0.2169867322834646
20
0.8772746456692914
11
0.2178833858267716
21
0.8774529921259843
0
LINE
8
BLACK
6
CONTINUOUS
10
0.2178833858267716
20
0.8774529921259843
11
0.2183411417322835
21
0.8776551181102362
0
LINE
8
BLACK
6
CONTINUOUS
10
0.2183411417322835
20
0.8776551181102362
11
0.2196809448818898
21
0.8778105511811023
0
LINE
8
BLACK
6
CONTINUOUS
10
0.2196809448818898
20
0.8778105511811023
11
0.22
21
0.8778740157480315
0
LINE
8
BLACK
6
CONTINUOUS
10
0.22
20
0.8778740157480315
11
0.28
21
0.8778740157480315
0
LINE
8
BLACK
6
CONTINUOUS
10
0.28
20
0.8778740157480315
11
0.2803191732283464
21
0.8778105118110237
0
LINE
8
BLACK
6
CONTINUOUS
10
1.1503191732283464
20
0.8878105118110236
11
1.1516588188976378
21
0.8876551181102362
0
LINE
8
BLACK
6
CONTINUOUS
10
1.1516588188976378
20
0.8876551181102362
11
1.1521164960629922
21
0.8874529921259843
0
LINE
8
BLACK
6
CONTINUOUS
10
1.1521164960629922
20
0.8874529921259843
11
1.1530132677165355
21
0.8872746456692914
0
LINE
8
BLACK
6
CONTINUOUS
10
1.1530132677165355
20
0.8872746456692914
11
1.1539732677165353
21
0.8866331496062992
0
LINE
8
BLACK
6
CONTINUOUS
10
1.1539732677165353
20
0.8866331496062992
11
1.1544112992125983
21
0.8864397637795275
0
LINE
8
BLACK
6
CONTINUOUS
10
1.1544112992125983
20
0.8864397637795275
11
1.1547104724409449
21
0.8861405511811024
0
LINE
8
BLACK
6
CONTINUOUS
10
1.1547104724409449
20
0.8861405511811024
11
1.1555677559055118
21
0.8855677559055118
0
LINE
8
BLACK
6
CONTINUOUS
10
1.1555677559055118
20
0.8855677559055118
11
1.1561405511811023
21
0.8847104724409449
0
LINE
8
BLACK
6
CONTINUOUS
10
1.1561405511811023
20
0.8847104724409449
11
1.1564397637795276
21
0.8844112992125984
0
LINE
8
BLACK
6
CONTINUOUS
10
1.1564397637795276
20
0.8844112992125984
11
1.1566331496062991
21
0.8839732677165354
0
LINE
8
BLACK
6
CONTINUOUS
10
1.1566331496062991
20
0.8839732677165354
11
1.1572746456692913
21
0.8830132677165354
0
LINE
8
BLACK
6
CONTINUOUS
10
1.1572746456692913
20
0.8830132677165354
11
1.1574529921259842
21
0.8821164960629921
0
LINE
8
BLACK
6
CONTINUOUS
10
1.1574529921259842
20
0.8821164960629921
11
1.1576551181102361
21
0.8816588188976378
0
LINE
8
BLACK
6
CONTINUOUS
10
1.1576551181102361
20
0.8816588188976378
11
1.1578105118110236
21
0.8803190944881889
0
LINE
8
BLACK
6
CONTINUOUS
10
1.1578105118110236
20
0.8803190944881889
11
1.1578740157480314
21
0.88
0
LINE
8
BLACK
6
CONTINUOUS
10
1.1578740157480314
20
0.88
11
1.1578740157480314
21
0.82
0
LINE
8
BLACK
6
CONTINUOUS
10
1.1578740157480314
20
0.82
11
1.1578105118110236
21
0.8196808661417323
0
LINE
8
BLACK
6
CONTINUOUS
10
1.1578105118110236
20
0.8196808661417323
11
1.1576551181102361
21
0.8183411417322835
0
LINE
8
BLACK
6
CONTINUOUS
10
1.1576551181102361
20
0.8183411417322835
11
1.1574529921259842
21
0.8178833858267717
0
LINE
8
BLACK
6
CONTINUOUS
10
1.1574529921259842
20
0.8178833858267717
11
1.1572746456692913
21
0.8169867322834645
0
LINE
8
BLACK
6
CONTINUOUS
10
1.1572746456692913
20
0.8169867322834645
11
1.1566331889763779
21
0.8160267716535433
0
LINE
8
BLACK
6
CONTINUOUS
10
1.1566331889763779
20
0.8160267716535433
11
1.1564397637795276
21
0.8155886614173228
0
LINE
8
BLACK
6
CONTINUOUS
10
1.1564397637795276
20
0.8155886614173228
11
1.1561404724409448
21
0.8152893700787401
0
LINE
8
BLACK
6
CONTINUOUS
10
1.1561404724409448
20
0.8152893700787401
11
1.1555677559055118
21
0.8144322440944882
0
LINE
8
BLACK
6
CONTINUOUS
10
1.1555677559055118
20
0.8144322440944882
11
1.154710590551181
21
0.8138594881889764
0
LINE
8
BLACK
6
CONTINUOUS
10
1.154710590551181
20
0.8138594881889764
11
1.1544112992125983
21
0.8135601968503937
0
LINE
8
BLACK
6
CONTINUOUS
10
1.1544112992125983
20
0.8135601968503937
11
1.1539731102362205
21
0.8133666929133858
0
LINE
8
BLACK
6
CONTINUOUS
10
1.1539731102362205
20
0.8133666929133858
11
1.1530132677165355
21
0.8127253543307087
0
LINE
8
BLACK
6
CONTINUOUS
10
1.1530132677165355
20
0.8127253543307087
11
1.1521166929133857
21
0.8125470078740157
0
LINE
8
BLACK
6
CONTINUOUS
10
1.1521166929133857
20
0.8125470078740157
11
1.1516588188976378
21
0.812344842519685
0
LINE
8
BLACK
6
CONTINUOUS
10
1.1516588188976378
20
0.812344842519685
11
1.1503186220472441
21
0.8121893307086614
0
LINE
8
BLACK
6
CONTINUOUS
10
1.1503186220472441
20
0.8121893307086614
11
1.1499999999999999
21
0.8121259842519685
0
LINE
8
BLACK
6
CONTINUOUS
10
1.1499999999999999
20
0.8121259842519685
11
1.1497723228346457
21
0.8121259842519685
0
LINE
8
BLACK
6
CONTINUOUS
10
1.1497723228346457
20
0.8121259842519685
11
1.090227716535433
21
0.8121259842519685
0
LINE
8
BLACK
6
CONTINUOUS
10
1.090227716535433
20
0.8121259842519685
11
1.0900000000000001
21
0.8121259842519685
0
LINE
8
BLACK
6
CONTINUOUS
10
1.0900000000000001
20
0.8121259842519685
11
1.0896813385826771
21
0.8121893307086614
0
LINE
8
BLACK
6
CONTINUOUS
10
1.0896813385826771
20
0.8121893307086614
11
1.0883411417322835
21
0.812344842519685
0
LINE
8
BLACK
6
CONTINUOUS
10
1.0883411417322835
20
0.812344842519685
11
1.0878832283464566
21
0.8125470078740157
0
LINE
8
BLACK
6
CONTINUOUS
10
1.0878832283464566
20
0.8125470078740157
11
1.0869867322834645
21
0.8127253543307087
0
LINE
8
BLACK
6
CONTINUOUS
10
1.0869867322834645
20
0.8127253543307087
11
1.0860269291338582
21
0.8133666535433071
0
LINE
8
BLACK
6
CONTINUOUS
10
1.0860269291338582
20
0.8133666535433071
11
1.0855886614173229
21
0.8135601968503937
0
LINE
8
BLACK
6
CONTINUOUS
10
1.0855886614173229
20
0.8135601968503937
11
1.085289251968504
21
0.8138595669291339
0
LINE
8
BLACK
6
CONTINUOUS
10
1.085289251968504
20
0.8138595669291339
11
1.0844322440944882
21
0.8144322440944882
0
LINE
8
BLACK
6
CONTINUOUS
10
1.0844322440944882
20
0.8144322440944882
11
1.0838595669291338
21
0.8152892519685039
0
LINE
8
BLACK
6
CONTINUOUS
10
1.0838595669291338
20
0.8152892519685039
11
1.0835601968503936
21
0.8155886614173228
0
LINE
8
BLACK
6
CONTINUOUS
10
1.0835601968503936
20
0.8155886614173228
11
1.0833666535433071
21
0.8160269291338582
0
LINE
8
BLACK
6
CONTINUOUS
10
1.0833666535433071
20
0.8160269291338582
11
1.0827253543307087
21
0.8169867322834645
0
LINE
8
BLACK
6
CONTINUOUS
10
1.0827253543307087
20
0.8169867322834645
11
1.0825470078740158
21
0.8178832283464567
0
LINE
8
BLACK
6
CONTINUOUS
10
1.0825470078740158
20
0.8178832283464567
11
1.0823448425196851
21
0.8183411417322835
0
LINE
8
BLACK
6
CONTINUOUS
10
1.0823448425196851
20
0.8183411417322835
11
1.0821893307086614
21
0.8196814173228346
0
LINE
8
BLACK
6
CONTINUOUS
10
1.0821893307086614
20
0.8196814173228346
11
1.0821259842519684
21
0.82
0
LINE
8
BLACK
6
CONTINUOUS
10
1.0821259842519684
20
0.82
11
1.0821259842519684
21
0.88
0
LINE
8
BLACK
6
CONTINUOUS
10
1.0821259842519684
20
0.88
11
1.0821893700787402
21
0.8803187007874016
0
LINE
8
BLACK
6
CONTINUOUS
10
1.0821893700787402
20
0.8803187007874016
11
1.0823448425196851
21
0.8816588188976378
0
LINE
8
BLACK
6
CONTINUOUS
10
1.0823448425196851
20
0.8816588188976378
11
1.0825470078740158
21
0.8821166929133858
0
LINE
8
BLACK
6
CONTINUOUS
10
1.0825470078740158
20
0.8821166929133858
11
1.0827253543307087
21
0.8830132677165354
0
LINE
8
BLACK
6
CONTINUOUS
10
1.0827253543307087
20
0.8830132677165354
11
1.0833666929133858
21
0.8839731102362205
0
LINE
8
BLACK
6
CONTINUOUS
10
1.0833666929133858
20
0.8839731102362205
11
1.0835601968503936
21
0.8844112992125984
0
LINE
8
BLACK
6
CONTINUOUS
10
1.0835601968503936
20
0.8844112992125984
11
1.0838594881889763
21
0.8847105905511811
0
LINE
8
BLACK
6
CONTINUOUS
10
1.0838594881889763
20
0.8847105905511811
11
1.0844322440944882
21
0.8855677559055118
0
LINE
8
BLACK
6
CONTINUOUS
10
1.0844322440944882
20
0.8855677559055118
11
1.08528937007874
21
0.8861404724409448
0
LINE
8
BLACK
6
CONTINUOUS
10
1.08528937007874
20
0.8861404724409448
11
1.0855886614173229
21
0.8864397637795275
0
LINE
8
BLACK
6
CONTINUOUS
10
1.0855886614173229
20
0.8864397637795275
11
1.0860267716535432
21
0.8866331889763779
0
LINE
8
BLACK
6
CONTINUOUS
10
1.0860267716535432
20
0.8866331889763779
11
1.0869867322834645
21
0.8872746456692914
0
LINE
8
BLACK
6
CONTINUOUS
10
1.0869867322834645
20
0.8872746456692914
11
1.0878833858267716
21
0.8874529921259843
0
LINE
8
BLACK
6
CONTINUOUS
10
1.0878833858267716
20
0.8874529921259843
11
1.0883411417322835
21
0.8876551181102362
0
LINE
8
BLACK
6
CONTINUOUS
10
1.0883411417322835
20
0.8876551181102362
11
1.0896809448818898
21
0.8878105511811023
0
LINE
8
BLACK
6
CONTINUOUS
10
1.0896809448818898
20
0.8878105511811023
11
1.0900000000000001
21
0.8878740157480315
0
LINE
8
BLACK
6
CONTINUOUS
10
1.0900000000000001
20
0.8878740157480315
11
1.1499999999999999
21
0.8878740157480315
0
LINE
8
BLACK
6
CONTINUOUS
10
1.1499999999999999
20
0.8878740157480315
11
1.1503191732283464
21
0.8878105118110236
0
LINE
8
BLACK
6
CONTINUOUS
10
1.2503191732283465
20
0.8878105118110236
11
1.2516588188976379
21
0.8876551181102362
0
LINE
8
BLACK
6
CONTINUOUS
10
1.2516588188976379
20
0.8876551181102362
11
1.252116496062992
21
0.8874529921259843
0
LINE
8
BLACK
6
CONTINUOUS
10
1.252116496062992
20
0.8874529921259843
11
1.2530132677165353
21
0.8872746456692914
0
LINE
8
BLACK
6
CONTINUOUS
10
1.2530132677165353
20
0.8872746456692914
11
1.2539732677165354
21
0.8866331496062992
0
LINE
8
BLACK
6
CONTINUOUS
10
1.2539732677165354
20
0.8866331496062992
11
1.2544112992125984
21
0.8864397637795275
0
LINE
8
BLACK
6
CONTINUOUS
10
1.2544112992125984
20
0.8864397637795275
11
1.2547104724409448
21
0.8861405511811024
0
LINE
8
BLACK
6
CONTINUOUS
10
1.2547104724409448
20
0.8861405511811024
11
1.2555677559055118
21
0.8855677559055118
0
LINE
8
BLACK
6
CONTINUOUS
10
1.2555677559055118
20
0.8855677559055118
11
1.2561405511811023
21
0.8847104724409449
0
LINE
8
BLACK
6
CONTINUOUS
10
1.2561405511811023
20
0.8847104724409449
11
1.2564397637795275
21
0.8844112992125984
0
LINE
8
BLACK
6
CONTINUOUS
10
1.2564397637795275
20
0.8844112992125984
11
1.2566331496062992
21
0.8839732677165354
0
LINE
8
BLACK
6
CONTINUOUS
10
1.2566331496062992
20
0.8839732677165354
11
1.2572746456692914
21
0.8830132677165354
0
LINE
8
BLACK
6
CONTINUOUS
10
1.2572746456692914
20
0.8830132677165354
11
1.2574529921259843
21
0.8821164960629921
0
LINE
8
BLACK
6
CONTINUOUS
10
1.2574529921259843
20
0.8821164960629921
11
1.2576551181102362
21
0.8816588188976378
0
LINE
8
BLACK
6
CONTINUOUS
10
1.2576551181102362
20
0.8816588188976378
11
1.2578105118110237
21
0.8803190944881889
0
LINE
8
BLACK
6
CONTINUOUS
10
1.2578105118110237
20
0.8803190944881889
11
1.2578740157480315
21
0.88
0
LINE
8
BLACK
6
CONTINUOUS
10
1.2578740157480315
20
0.88
11
1.2578740157480315
21
0.82
0
LINE
8
BLACK
6
CONTINUOUS
10
1.2578740157480315
20
0.82
11
1.2578105118110237
21
0.8196808661417323
0
LINE
8
BLACK
6
CONTINUOUS
10
1.2578105118110237
20
0.8196808661417323
11
1.2576551181102362
21
0.8183411417322835
0
LINE
8
BLACK
6
CONTINUOUS
10
1.2576551181102362
20
0.8183411417322835
11
1.2574529921259843
21
0.8178833858267717
0
LINE
8
BLACK
6
CONTINUOUS
10
1.2574529921259843
20
0.8178833858267717
11
1.2572746456692914
21
0.8169867322834645
0
LINE
8
BLACK
6
CONTINUOUS
10
1.2572746456692914
20
0.8169867322834645
11
1.256633188976378
21
0.8160267716535433
0
LINE
8
BLACK
6
CONTINUOUS
10
1.256633188976378
20
0.8160267716535433
11
1.2564397637795275
21
0.8155886614173228
0
LINE
8
BLACK
6
CONTINUOUS
10
1.2564397637795275
20
0.8155886614173228
11
1.2561404724409448
21
0.8152893700787401
0
LINE
8
BLACK
6
CONTINUOUS
10
1.2561404724409448
20
0.8152893700787401
11
1.2555677559055118
21
0.8144322440944882
0
LINE
8
BLACK
6
CONTINUOUS
10
1.2555677559055118
20
0.8144322440944882
11
1.2547105905511811
21
0.8138594881889764
0
LINE
8
BLACK
6
CONTINUOUS
10
1.2547105905511811
20
0.8138594881889764
11
1.2544112992125984
21
0.8135601968503937
0
LINE
8
BLACK
6
CONTINUOUS
10
1.2544112992125984
20
0.8135601968503937
11
1.2539731102362204
21
0.8133666929133858
0
LINE
8
BLACK
6
CONTINUOUS
10
1.2539731102362204
20
0.8133666929133858
11
1.2530132677165353
21
0.8127253543307087
0
LINE
8
BLACK
6
CONTINUOUS
10
1.2530132677165353
20
0.8127253543307087
11
1.2521166929133858
21
0.8125470078740157
0
LINE
8
BLACK
6
CONTINUOUS
10
1.2521166929133858
20
0.8125470078740157
11
1.2516588188976379
21
0.812344842519685
0
LINE
8
BLACK
6
CONTINUOUS
10
1.2516588188976379
20
0.812344842519685
11
1.250318622047244
21
0.8121893307086614
0
LINE
8
BLACK
6
CONTINUOUS
10
1.250318622047244
20
0.8121893307086614
11
1.25
21
0.8121259842519685
0
LINE
8
BLACK
6
CONTINUOUS
10
1.25
20
0.8121259842519685
11
1.2497723228346456
21
0.8121259842519685
0
LINE
8
BLACK
6
CONTINUOUS
10
1.2497723228346456
20
0.8121259842519685
11
1.1902277165354331
21
0.8121259842519685
0
LINE
8
BLACK
6
CONTINUOUS
10
1.1902277165354331
20
0.8121259842519685
11
1.1899999999999999
21
0.8121259842519685
0
LINE
8
BLACK
6
CONTINUOUS
10
1.1899999999999999
20
0.8121259842519685
11
1.1896813385826772
21
0.8121893307086614
0
LINE
8
BLACK
6
CONTINUOUS
10
1.1896813385826772
20
0.8121893307086614
11
1.1883411417322833
21
0.812344842519685
0
LINE
8
BLACK
6
CONTINUOUS
10
1.1883411417322833
20
0.812344842519685
11
1.1878832283464567
21
0.8125470078740157
0
LINE
8
BLACK
6
CONTINUOUS
10
1.1878832283464567
20
0.8125470078740157
11
1.1869867322834646
21
0.8127253543307087
0
LINE
8
BLACK
6
CONTINUOUS
10
1.1869867322834646
20
0.8127253543307087
11
1.1860269291338583
21
0.8133666535433071
0
LINE
8
BLACK
6
CONTINUOUS
10
1.1860269291338583
20
0.8133666535433071
11
1.1855886614173228
21
0.8135601968503937
0
LINE
8
BLACK
6
CONTINUOUS
10
1.1855886614173228
20
0.8135601968503937
11
1.1852892519685039
21
0.8138595669291339
0
LINE
8
BLACK
6
CONTINUOUS
10
1.1852892519685039
20
0.8138595669291339
11
1.1844322440944881
21
0.8144322440944882
0
LINE
8
BLACK
6
CONTINUOUS
10
1.1844322440944881
20
0.8144322440944882
11
1.1838595669291339
21
0.8152892519685039
0
LINE
8
BLACK
6
CONTINUOUS
10
1.1838595669291339
20
0.8152892519685039
11
1.1835601968503937
21
0.8155886614173228
0
LINE
8
BLACK
6
CONTINUOUS
10
1.1835601968503937
20
0.8155886614173228
11
1.1833666535433072
21
0.8160269291338582
0
LINE
8
BLACK
6
CONTINUOUS
10
1.1833666535433072
20
0.8160269291338582
11
1.1827253543307086
21
0.8169867322834645
0
LINE
8
BLACK
6
CONTINUOUS
10
1.1827253543307086
20
0.8169867322834645
11
1.1825470078740157
21
0.8178832283464567
0
LINE
8
BLACK
6
CONTINUOUS
10
1.1825470078740157
20
0.8178832283464567
11
1.182344842519685
21
0.8183411417322835
0
LINE
8
BLACK
6
CONTINUOUS
10
1.182344842519685
20
0.8183411417322835
11
1.1821893307086615
21
0.8196814173228346
0
LINE
8
BLACK
6
CONTINUOUS
10
1.1821893307086615
20
0.8196814173228346
11
1.1821259842519685
21
0.82
0
LINE
8
BLACK
6
CONTINUOUS
10
1.1821259842519685
20
0.82
11
1.1821259842519685
21
0.88
0
LINE
8
BLACK
6
CONTINUOUS
10
1.1821259842519685
20
0.88
11
1.18218937007874
21
0.8803187007874016
0
LINE
8
BLACK
6
CONTINUOUS
10
1.18218937007874
20
0.8803187007874016
11
1.182344842519685
21
0.8816588188976378
0
LINE
8
BLACK
6
CONTINUOUS
10
1.182344842519685
20
0.8816588188976378
11
1.1825470078740157
21
0.8821166929133858
0
LINE
8
BLACK
6
CONTINUOUS
10
1.1825470078740157
20
0.8821166929133858
11
1.1827253543307086
21
0.8830132677165354
0
LINE
8
BLACK
6
CONTINUOUS
10
1.1827253543307086
20
0.8830132677165354
11
1.1833666929133857
21
0.8839731102362205
0
LINE
8
BLACK
6
CONTINUOUS
10
1.1833666929133857
20
0.8839731102362205
11
1.1835601968503937
21
0.8844112992125984
0
LINE
8
BLACK
6
CONTINUOUS
10
1.1835601968503937
20
0.8844112992125984
11
1.1838594881889763
21
0.8847105905511811
0
LINE
8
BLACK
6
CONTINUOUS
10
1.1838594881889763
20
0.8847105905511811
11
1.1844322440944881
21
0.8855677559055118
0
LINE
8
BLACK
6
CONTINUOUS
10
1.1844322440944881
20
0.8855677559055118
11
1.1852893700787401
21
0.8861404724409448
0
LINE
8
BLACK
6
CONTINUOUS
10
1.1852893700787401
20
0.8861404724409448
11
1.1855886614173228
21
0.8864397637795275
0
LINE
8
BLACK
6
CONTINUOUS
10
1.1855886614173228
20
0.8864397637795275
11
1.1860267716535433
21
0.8866331889763779
0
LINE
8
BLACK
6
CONTINUOUS
10
1.1860267716535433
20
0.8866331889763779
11
1.1869867322834646
21
0.8872746456692914
0
LINE
8
BLACK
6
CONTINUOUS
10
1.1869867322834646
20
0.8872746456692914
11
1.1878833858267717
21
0.8874529921259843
0
LINE
8
BLACK
6
CONTINUOUS
10
1.1878833858267717
20
0.8874529921259843
11
1.1883411417322833
21
0.8876551181102362
0
LINE
8
BLACK
6
CONTINUOUS
10
1.1883411417322833
20
0.8876551181102362
11
1.1896809448818897
21
0.8878105511811023
0
LINE
8
BLACK
6
CONTINUOUS
10
1.1896809448818897
20
0.8878105511811023
11
1.1899999999999999
21
0.8878740157480315
0
LINE
8
BLACK
6
CONTINUOUS
10
1.1899999999999999
20
0.8878740157480315
11
1.25
21
0.8878740157480315
0
LINE
8
BLACK
6
CONTINUOUS
10
1.25
20
0.8878740157480315
11
1.2503191732283465
21
0.8878105118110236
0
LINE
8
BLACK
6
CONTINUOUS
10
1.3803191732283464
20
0.9078105118110236
11
1.3816588188976378
21
0.9076551181102362
0
LINE
8
BLACK
6
CONTINUOUS
10
1.3816588188976378
20
0.9076551181102362
11
1.3821164960629921
21
0.9074529921259842
0
LINE
8
BLACK
6
CONTINUOUS
10
1.3821164960629921
20
0.9074529921259842
11
1.3830132677165354
21
0.9072746456692913
0
LINE
8
BLACK
6
CONTINUOUS
10
1.3830132677165354
20
0.9072746456692913
11
1.3839732677165355
21
0.9066331496062991
0
LINE
8
BLACK
6
CONTINUOUS
10
1.3839732677165355
20
0.9066331496062991
11
1.3844112992125983
21
0.9064397637795275
0
LINE
8
BLACK
6
CONTINUOUS
10
1.3844112992125983
20
0.9064397637795275
11
1.3847104724409449
21
0.9061405511811024
0
LINE
8
BLACK
6
CONTINUOUS
10
1.3847104724409449
20
0.9061405511811024
11
1.3855677559055117
21
0.9055677559055118
0
LINE
8
BLACK
6
CONTINUOUS
10
1.3855677559055117
20
0.9055677559055118
11
1.3861405511811022
21
0.9047104724409448
0
LINE
8
BLACK
6
CONTINUOUS
10
1.3861405511811022
20
0.9047104724409448
11
1.3864397637795276
21
0.9044112992125984
0
LINE
8
BLACK
6
CONTINUOUS
10
1.3864397637795276
20
0.9044112992125984
11
1.3866331496062991
21
0.9039732677165354
0
LINE
8
BLACK
6
CONTINUOUS
10
1.3866331496062991
20
0.9039732677165354
11
1.3872746456692913
21
0.9030132677165355
0
LINE
8
BLACK
6
CONTINUOUS
10
1.3872746456692913
20
0.9030132677165355
11
1.3874529921259842
21
0.9021164960629922
0
LINE
8
BLACK
6
CONTINUOUS
10
1.3874529921259842
20
0.9021164960629922
11
1.3876551181102361
21
0.9016588188976378
0
LINE
8
BLACK
6
CONTINUOUS
10
1.3876551181102361
20
0.9016588188976378
11
1.3878105118110236
21
0.9003190944881889
0
LINE
8
BLACK
6
CONTINUOUS
10
1.3878105118110236
20
0.9003190944881889
11
1.3878740157480314
21
0.9
0
LINE
8
BLACK
6
CONTINUOUS
10
1.3878740157480314
20
0.9
11
1.3878740157480314
21
0.84
0
LINE
8
BLACK
6
CONTINUOUS
10
1.3878740157480314
20
0.84
11
1.3878105118110236
21
0.8396808661417323
0
LINE
8
BLACK
6
CONTINUOUS
10
1.3878105118110236
20
0.8396808661417323
11
1.3876551181102361
21
0.8383411417322835
0
LINE
8
BLACK
6
CONTINUOUS
10
1.3876551181102361
20
0.8383411417322835
11
1.3874529921259842
21
0.8378833858267717
0
LINE
8
BLACK
6
CONTINUOUS
10
1.3874529921259842
20
0.8378833858267717
11
1.3872746456692913
21
0.8369867322834645
0
LINE
8
BLACK
6
CONTINUOUS
10
1.3872746456692913
20
0.8369867322834645
11
1.3866331889763779
21
0.8360267716535433
0
LINE
8
BLACK
6
CONTINUOUS
10
1.3866331889763779
20
0.8360267716535433
11
1.3864397637795276
21
0.8355886614173228
0
LINE
8
BLACK
6
CONTINUOUS
10
1.3864397637795276
20
0.8355886614173228
11
1.386140472440945
21
0.8352893700787402
0
LINE
8
BLACK
6
CONTINUOUS
10
1.386140472440945
20
0.8352893700787402
11
1.3855677559055117
21
0.8344322440944881
0
LINE
8
BLACK
6
CONTINUOUS
10
1.3855677559055117
20
0.8344322440944881
11
1.3847105905511812
21
0.8338594881889764
0
LINE
8
BLACK
6
CONTINUOUS
10
1.3847105905511812
20
0.8338594881889764
11
1.3844112992125983
21
0.8335601968503937
0
LINE
8
BLACK
6
CONTINUOUS
10
1.3844112992125983
20
0.8335601968503937
11
1.3839731102362205
21
0.8333666929133858
0
LINE
8
BLACK
6
CONTINUOUS
10
1.3839731102362205
20
0.8333666929133858
11
1.3830132677165354
21
0.8327253543307086
0
LINE
8
BLACK
6
CONTINUOUS
10
1.3830132677165354
20
0.8327253543307086
11
1.3821166929133859
21
0.8325470078740157
0
LINE
8
BLACK
6
CONTINUOUS
10
1.3821166929133859
20
0.8325470078740157
11
1.3816588188976378
21
0.832344842519685
0
LINE
8
BLACK
6
CONTINUOUS
10
1.3816588188976378
20
0.832344842519685
11
1.3803186220472441
21
0.8321893307086614
0
LINE
8
BLACK
6
CONTINUOUS
10
1.3803186220472441
20
0.8321893307086614
11
1.3799999999999999
21
0.8321259842519685
0
LINE
8
BLACK
6
CONTINUOUS
10
1.3799999999999999
20
0.8321259842519685
11
1.3797723228346457
21
0.8321259842519685
0
LINE
8
BLACK
6
CONTINUOUS
10
1.3797723228346457
20
0.8321259842519685
11
1.320227716535433
21
0.8321259842519685
0
LINE
8
BLACK
6
CONTINUOUS
10
1.320227716535433
20
0.8321259842519685
11
1.3200000000000001
21
0.8321259842519685
0
LINE
8
BLACK
6
CONTINUOUS
10
1.3200000000000001
20
0.8321259842519685
11
1.3196813385826771
21
0.8321893307086614
0
LINE
8
BLACK
6
CONTINUOUS
10
1.3196813385826771
20
0.8321893307086614
11
1.3183411417322835
21
0.832344842519685
0
LINE
8
BLACK
6
CONTINUOUS
10
1.3183411417322835
20
0.832344842519685
11
1.3178832283464568
21
0.8325470078740157
0
LINE
8
BLACK
6
CONTINUOUS
10
1.3178832283464568
20
0.8325470078740157
11
1.3169867322834645
21
0.8327253543307086
0
LINE
8
BLACK
6
CONTINUOUS
10
1.3169867322834645
20
0.8327253543307086
11
1.3160269291338582
21
0.8333666535433071
0
LINE
8
BLACK
6
CONTINUOUS
10
1.3160269291338582
20
0.8333666535433071
11
1.3155886614173229
21
0.8335601968503937
0
LINE
8
BLACK
6
CONTINUOUS
10
1.3155886614173229
20
0.8335601968503937
11
1.315289251968504
21
0.8338595669291339
0
LINE
8
BLACK
6
CONTINUOUS
10
1.315289251968504
20
0.8338595669291339
11
1.3144322440944882
21
0.8344322440944881
0
LINE
8
BLACK
6
CONTINUOUS
10
1.3144322440944882
20
0.8344322440944881
11
1.3138595669291337
21
0.8352892519685039
0
LINE
8
BLACK
6
CONTINUOUS
10
1.3138595669291337
20
0.8352892519685039
11
1.3135601968503936
21
0.8355886614173228
0
LINE
8
BLACK
6
CONTINUOUS
10
1.3135601968503936
20
0.8355886614173228
11
1.3133666535433071
21
0.8360269291338582
0
LINE
8
BLACK
6
CONTINUOUS
10
1.3133666535433071
20
0.8360269291338582
11
1.3127253543307087
21
0.8369867322834645
0
LINE
8
BLACK
6
CONTINUOUS
10
1.3127253543307087
20
0.8369867322834645
11
1.3125470078740158
21
0.8378832283464567
0
LINE
8
BLACK
6
CONTINUOUS
10
1.3125470078740158
20
0.8378832283464567
11
1.3123448425196851
21
0.8383411417322835
0
LINE
8
BLACK
6
CONTINUOUS
10
1.3123448425196851
20
0.8383411417322835
11
1.3121893307086614
21
0.8396814173228346
0
LINE
8
BLACK
6
CONTINUOUS
10
1.3121893307086614
20
0.8396814173228346
11
1.3121259842519686
21
0.84
0
LINE
8
BLACK
6
CONTINUOUS
10
1.3121259842519686
20
0.84
11
1.3121259842519686
21
0.9
0
LINE
8
BLACK
6
CONTINUOUS
10
1.3121259842519686
20
0.9
11
1.3121893700787401
21
0.9003187007874015
0
LINE
8
BLACK
6
CONTINUOUS
10
1.3121893700787401
20
0.9003187007874015
11
1.3123448425196851
21
0.9016588188976378
0
LINE
8
BLACK
6
CONTINUOUS
10
1.3123448425196851
20
0.9016588188976378
11
1.3125470078740158
21
0.9021166929133858
0
LINE
8
BLACK
6
CONTINUOUS
10
1.3125470078740158
20
0.9021166929133858
11
1.3127253543307087
21
0.9030132677165355
0
LINE
8
BLACK
6
CONTINUOUS
10
1.3127253543307087
20
0.9030132677165355
11
1.3133666929133858
21
0.9039731102362204
0
LINE
8
BLACK
6
CONTINUOUS
10
1.3133666929133858
20
0.9039731102362204
11
1.3135601968503936
21
0.9044112992125984
0
LINE
8
BLACK
6
CONTINUOUS
10
1.3135601968503936
20
0.9044112992125984
11
1.3138594881889762
21
0.9047105905511811
0
LINE
8
BLACK
6
CONTINUOUS
10
1.3138594881889762
20
0.9047105905511811
11
1.3144322440944882
21
0.9055677559055118
0
LINE
8
BLACK
6
CONTINUOUS
10
1.3144322440944882
20
0.9055677559055118
11
1.31528937007874
21
0.9061404724409449
0
LINE
8
BLACK
6
CONTINUOUS
10
1.31528937007874
20
0.9061404724409449
11
1.3155886614173229
21
0.9064397637795275
0
LINE
8
BLACK
6
CONTINUOUS
10
1.3155886614173229
20
0.9064397637795275
11
1.3160267716535432
21
0.9066331889763779
0
LINE
8
BLACK
6
CONTINUOUS
10
1.3160267716535432
20
0.9066331889763779
11
1.3169867322834645
21
0.9072746456692913
0
LINE
8
BLACK
6
CONTINUOUS
10
1.3169867322834645
20
0.9072746456692913
11
1.3178833858267716
21
0.9074529921259842
0
LINE
8
BLACK
6
CONTINUOUS
10
1.3178833858267716
20
0.9074529921259842
11
1.3183411417322835
21
0.9076551181102362
0
LINE
8
BLACK
6
CONTINUOUS
10
1.3183411417322835
20
0.9076551181102362
11
1.3196809448818898
21
0.9078105511811023
0
LINE
8
BLACK
6
CONTINUOUS
10
1.3196809448818898
20
0.9078105511811023
11
1.3200000000000001
21
0.9078740157480315
0
LINE
8
BLACK
6
CONTINUOUS
10
1.3200000000000001
20
0.9078740157480315
11
1.3799999999999999
21
0.9078740157480315
0
LINE
8
BLACK
6
CONTINUOUS
10
1.3799999999999999
20
0.9078740157480315
11
1.3803191732283464
21
0.9078105118110236
0
LINE
8
BLACK
6
CONTINUOUS
10
1.4803191732283465
20
0.9078105118110236
11
1.4816588188976378
21
0.9076551181102362
0
LINE
8
BLACK
6
CONTINUOUS
10
1.4816588188976378
20
0.9076551181102362
11
1.482116496062992
21
0.9074529921259842
0
LINE
8
BLACK
6
CONTINUOUS
10
1.482116496062992
20
0.9074529921259842
11
1.4830132677165353
21
0.9072746456692913
0
LINE
8
BLACK
6
CONTINUOUS
10
1.4830132677165353
20
0.9072746456692913
11
1.4839732677165354
21
0.9066331496062991
0
LINE
8
BLACK
6
CONTINUOUS
10
1.4839732677165354
20
0.9066331496062991
11
1.4844112992125984
21
0.9064397637795275
0
LINE
8
BLACK
6
CONTINUOUS
10
1.4844112992125984
20
0.9064397637795275
11
1.4847104724409448
21
0.9061405511811024
0
LINE
8
BLACK
6
CONTINUOUS
10
1.4847104724409448
20
0.9061405511811024
11
1.4855677559055118
21
0.9055677559055118
0
LINE
8
BLACK
6
CONTINUOUS
10
1.4855677559055118
20
0.9055677559055118
11
1.4861405511811023
21
0.9047104724409448
0
LINE
8
BLACK
6
CONTINUOUS
10
1.4861405511811023
20
0.9047104724409448
11
1.4864397637795275
21
0.9044112992125984
0
LINE
8
BLACK
6
CONTINUOUS
10
1.4864397637795275
20
0.9044112992125984
11
1.4866331496062992
21
0.9039732677165354
0
LINE
8
BLACK
6
CONTINUOUS
10
1.4866331496062992
20
0.9039732677165354
11
1.4872746456692914
21
0.9030132677165355
0
LINE
8
BLACK
6
CONTINUOUS
10
1.4872746456692914
20
0.9030132677165355
11
1.4874529921259843
21
0.9021164960629922
0
LINE
8
BLACK
6
CONTINUOUS
10
1.4874529921259843
20
0.9021164960629922
11
1.4876551181102362
21
0.9016588188976378
0
LINE
8
BLACK
6
CONTINUOUS
10
1.4876551181102362
20
0.9016588188976378
11
1.4878105118110236
21
0.9003190944881889
0
LINE
8
BLACK
6
CONTINUOUS
10
1.4878105118110236
20
0.9003190944881889
11
1.4878740157480315
21
0.9
0
LINE
8
BLACK
6
CONTINUOUS
10
1.4878740157480315
20
0.9
11
1.4878740157480315
21
0.84
0
LINE
8
BLACK
6
CONTINUOUS
10
1.4878740157480315
20
0.84
11
1.4878105118110236
21
0.8396808661417323
0
LINE
8
BLACK
6
CONTINUOUS
10
1.4878105118110236
20
0.8396808661417323
11
1.4876551181102362
21
0.8383411417322835
0
LINE
8
BLACK
6
CONTINUOUS
10
1.4876551181102362
20
0.8383411417322835
11
1.4874529921259843
21
0.8378833858267717
0
LINE
8
BLACK
6
CONTINUOUS
10
1.4874529921259843
20
0.8378833858267717
11
1.4872746456692914
21
0.8369867322834645
0
LINE
8
BLACK
6
CONTINUOUS
10
1.4872746456692914
20
0.8369867322834645
11
1.486633188976378
21
0.8360267716535433
0
LINE
8
BLACK
6
CONTINUOUS
10
1.486633188976378
20
0.8360267716535433
11
1.4864397637795275
21
0.8355886614173228
0
LINE
8
BLACK
6
CONTINUOUS
10
1.4864397637795275
20
0.8355886614173228
11
1.4861404724409448
21
0.8352893700787402
0
LINE
8
BLACK
6
CONTINUOUS
10
1.4861404724409448
20
0.8352893700787402
11
1.4855677559055118
21
0.8344322440944881
0
LINE
8
BLACK
6
CONTINUOUS
10
1.4855677559055118
20
0.8344322440944881
11
1.484710590551181
21
0.8338594881889764
0
LINE
8
BLACK
6
CONTINUOUS
10
1.484710590551181
20
0.8338594881889764
11
1.4844112992125984
21
0.8335601968503937
0
LINE
8
BLACK
6
CONTINUOUS
10
1.4844112992125984
20
0.8335601968503937
11
1.4839731102362204
21
0.8333666929133858
0
LINE
8
BLACK
6
CONTINUOUS
10
1.4839731102362204
20
0.8333666929133858
11
1.4830132677165353
21
0.8327253543307086
0
LINE
8
BLACK
6
CONTINUOUS
10
1.4830132677165353
20
0.8327253543307086
11
1.4821166929133858
21
0.8325470078740157
0
LINE
8
BLACK
6
CONTINUOUS
10
1.4821166929133858
20
0.8325470078740157
11
1.4816588188976378
21
0.832344842519685
0
LINE
8
BLACK
6
CONTINUOUS
10
1.4816588188976378
20
0.832344842519685
11
1.480318622047244
21
0.8321893307086614
0
LINE
8
BLACK
6
CONTINUOUS
10
1.480318622047244
20
0.8321893307086614
11
1.48
21
0.8321259842519685
0
LINE
8
BLACK
6
CONTINUOUS
10
1.48
20
0.8321259842519685
11
1.4797723228346455
21
0.8321259842519685
0
LINE
8
BLACK
6
CONTINUOUS
10
1.4797723228346455
20
0.8321259842519685
11
1.4202277165354331
21
0.8321259842519685
0
LINE
8
BLACK
6
CONTINUOUS
10
1.4202277165354331
20
0.8321259842519685
11
1.4199999999999999
21
0.8321259842519685
0
LINE
8
BLACK
6
CONTINUOUS
10
1.4199999999999999
20
0.8321259842519685
11
1.4196813385826772
21
0.8321893307086614
0
LINE
8
BLACK
6
CONTINUOUS
10
1.4196813385826772
20
0.8321893307086614
11
1.4183411417322835
21
0.832344842519685
0
LINE
8
BLACK
6
CONTINUOUS
10
1.4183411417322835
20
0.832344842519685
11
1.4178832283464566
21
0.8325470078740157
0
LINE
8
BLACK
6
CONTINUOUS
10
1.4178832283464566
20
0.8325470078740157
11
1.4169867322834646
21
0.8327253543307086
0
LINE
8
BLACK
6
CONTINUOUS
10
1.4169867322834646
20
0.8327253543307086
11
1.4160269291338583
21
0.8333666535433071
0
LINE
8
BLACK
6
CONTINUOUS
10
1.4160269291338583
20
0.8333666535433071
11
1.4155886614173228
21
0.8335601968503937
0
LINE
8
BLACK
6
CONTINUOUS
10
1.4155886614173228
20
0.8335601968503937
11
1.4152892519685039
21
0.8338595669291339
0
LINE
8
BLACK
6
CONTINUOUS
10
1.4152892519685039
20
0.8338595669291339
11
1.4144322440944881
21
0.8344322440944881
0
LINE
8
BLACK
6
CONTINUOUS
10
1.4144322440944881
20
0.8344322440944881
11
1.4138595669291338
21
0.8352892519685039
0
LINE
8
BLACK
6
CONTINUOUS
10
1.4138595669291338
20
0.8352892519685039
11
1.4135601968503937
21
0.8355886614173228
0
LINE
8
BLACK
6
CONTINUOUS
10
1.4135601968503937
20
0.8355886614173228
11
1.4133666535433071
21
0.8360269291338582
0
LINE
8
BLACK
6
CONTINUOUS
10
1.4133666535433071
20
0.8360269291338582
11
1.4127253543307086
21
0.8369867322834645
0
LINE
8
BLACK
6
CONTINUOUS
10
1.4127253543307086
20
0.8369867322834645
11
1.4125470078740157
21
0.8378832283464567
0
LINE
8
BLACK
6
CONTINUOUS
10
1.4125470078740157
20
0.8378832283464567
11
1.412344842519685
21
0.8383411417322835
0
LINE
8
BLACK
6
CONTINUOUS
10
1.412344842519685
20
0.8383411417322835
11
1.4121893307086615
21
0.8396814173228346
0
LINE
8
BLACK
6
CONTINUOUS
10
1.4121893307086615
20
0.8396814173228346
11
1.4121259842519684
21
0.84
0
LINE
8
BLACK
6
CONTINUOUS
10
1.4121259842519684
20
0.84
11
1.4121259842519684
21
0.9
0
LINE
8
BLACK
6
CONTINUOUS
10
1.4121259842519684
20
0.9
11
1.4121893700787402
21
0.9003187007874015
0
LINE
8
BLACK
6
CONTINUOUS
10
1.4121893700787402
20
0.9003187007874015
11
1.412344842519685
21
0.9016588188976378
0
LINE
8
BLACK
6
CONTINUOUS
10
1.412344842519685
20
0.9016588188976378
11
1.4125470078740157
21
0.9021166929133858
0
LINE
8
BLACK
6
CONTINUOUS
10
1.4125470078740157
20
0.9021166929133858
11
1.4127253543307086
21
0.9030132677165355
0
LINE
8
BLACK
6
CONTINUOUS
10
1.4127253543307086
20
0.9030132677165355
11
1.4133666929133859
21
0.9039731102362204
0
LINE
8
BLACK
6
CONTINUOUS
10
1.4133666929133859
20
0.9039731102362204
11
1.4135601968503937
21
0.9044112992125984
0
LINE
8
BLACK
6
CONTINUOUS
10
1.4135601968503937
20
0.9044112992125984
11
1.4138594881889763
21
0.9047105905511811
0
LINE
8
BLACK
6
CONTINUOUS
10
1.4138594881889763
20
0.9047105905511811
11
1.4144322440944881
21
0.9055677559055118
0
LINE
8
BLACK
6
CONTINUOUS
10
1.4144322440944881
20
0.9055677559055118
11
1.4152893700787401
21
0.9061404724409449
0
LINE
8
BLACK
6
CONTINUOUS
10
1.4152893700787401
20
0.9061404724409449
11
1.4155886614173228
21
0.9064397637795275
0
LINE
8
BLACK
6
CONTINUOUS
10
1.4155886614173228
20
0.9064397637795275
11
1.4160267716535433
21
0.9066331889763779
0
LINE
8
BLACK
6
CONTINUOUS
10
1.4160267716535433
20
0.9066331889763779
11
1.4169867322834646
21
0.9072746456692913
0
LINE
8
BLACK
6
CONTINUOUS
10
1.4169867322834646
20
0.9072746456692913
11
1.4178833858267716
21
0.9074529921259842
0
LINE
8
BLACK
6
CONTINUOUS
10
1.4178833858267716
20
0.9074529921259842
11
1.4183411417322835
21
0.9076551181102362
0
LINE
8
BLACK
6
CONTINUOUS
10
1.4183411417322835
20
0.9076551181102362
11
1.4196809448818897
21
0.9078105511811023
0
LINE
8
BLACK
6
CONTINUOUS
10
1.4196809448818897
20
0.9078105511811023
11
1.4199999999999999
21
0.9078740157480315
0
LINE
8
BLACK
6
CONTINUOUS
10
1.4199999999999999
20
0.9078740157480315
11
1.48
21
0.9078740157480315
0
LINE
8
BLACK
6
CONTINUOUS
10
1.48
20
0.9078740157480315
11
1.4803191732283465
21
0.9078105118110236
0
LINE
8
BLACK
6
CONTINUOUS
10
0.1803191732283465
20
0.9778105118110236
11
0.1816588188976378
21
0.9776551181102362
0
LINE
8
BLACK
6
CONTINUOUS
10
0.1816588188976378
20
0.9776551181102362
11
0.1821164960629921
21
0.9774529921259842
0
LINE
8
BLACK
6
CONTINUOUS
10
0.1821164960629921
20
0.9774529921259842
11
0.1830132677165354
21
0.9772746456692913
0
LINE
8
BLACK
6
CONTINUOUS
10
0.1830132677165354
20
0.9772746456692913
11
0.1839732677165354
21
0.9766331496062992
0
LINE
8
BLACK
6
CONTINUOUS
10
0.1839732677165354
20
0.9766331496062992
11
0.1844112992125984
21
0.9764397637795276
0
LINE
8
BLACK
6
CONTINUOUS
10
0.1844112992125984
20
0.9764397637795276
11
0.1847104724409449
21
0.9761405511811023
0
LINE
8
BLACK
6
CONTINUOUS
10
0.1847104724409449
20
0.9761405511811023
11
0.1855677559055118
21
0.9755677559055118
0
LINE
8
BLACK
6
CONTINUOUS
10
0.1855677559055118
20
0.9755677559055118
11
0.1861405511811024
21
0.9747104724409449
0
LINE
8
BLACK
6
CONTINUOUS
10
0.1861405511811024
20
0.9747104724409449
11
0.1864397637795276
21
0.9744112992125984
0
LINE
8
BLACK
6
CONTINUOUS
10
0.1864397637795276
20
0.9744112992125984
11
0.1866331496062992
21
0.9739732677165354
0
LINE
8
BLACK
6
CONTINUOUS
10
0.1866331496062992
20
0.9739732677165354
11
0.1872746456692913
21
0.9730132677165354
0
LINE
8
BLACK
6
CONTINUOUS
10
0.1872746456692913
20
0.9730132677165354
11
0.1874529921259842
21
0.9721164960629921
0
LINE
8
BLACK
6
CONTINUOUS
10
0.1874529921259842
20
0.9721164960629921
11
0.1876551181102362
21
0.9716588188976377
0
LINE
8
BLACK
6
CONTINUOUS
10
0.1876551181102362
20
0.9716588188976377
11
0.1878105118110236
21
0.970319094488189
0
LINE
8
BLACK
6
CONTINUOUS
10
0.1878105118110236
20
0.970319094488189
11
0.1878740157480315
21
0.97
0
LINE
8
BLACK
6
CONTINUOUS
10
0.1878740157480315
20
0.97
11
0.1878740157480315
21
0.91
0
LINE
8
BLACK
6
CONTINUOUS
10
0.1878740157480315
20
0.91
11
0.1878105118110236
21
0.9096808661417323
0
LINE
8
BLACK
6
CONTINUOUS
10
0.1878105118110236
20
0.9096808661417323
11
0.1876551181102362
21
0.9083411417322834
0
LINE
8
BLACK
6
CONTINUOUS
10
0.1876551181102362
20
0.9083411417322834
11
0.1874529921259842
21
0.9078833858267716
0
LINE
8
BLACK
6
CONTINUOUS
10
0.1874529921259842
20
0.9078833858267716
11
0.1872746456692913
21
0.9069867322834645
0
LINE
8
BLACK
6
CONTINUOUS
10
0.1872746456692913
20
0.9069867322834645
11
0.186633188976378
21
0.9060267716535433
0
LINE
8
BLACK
6
CONTINUOUS
10
0.186633188976378
20
0.9060267716535433
11
0.1864397637795276
21
0.9055886614173229
0
LINE
8
BLACK
6
CONTINUOUS
10
0.1864397637795276
20
0.9055886614173229
11
0.1861404724409449
21
0.9052893700787401
0
LINE
8
BLACK
6
CONTINUOUS
10
0.1861404724409449
20
0.9052893700787401
11
0.1855677559055118
21
0.9044322440944882
0
LINE
8
BLACK
6
CONTINUOUS
10
0.1855677559055118
20
0.9044322440944882
11
0.1847105905511811
21
0.9038594881889763
0
LINE
8
BLACK
6
CONTINUOUS
10
0.1847105905511811
20
0.9038594881889763
11
0.1844112992125984
21
0.9035601968503937
0
LINE
8
BLACK
6
CONTINUOUS
10
0.1844112992125984
20
0.9035601968503937
11
0.1839731102362205
21
0.9033666929133858
0
LINE
8
BLACK
6
CONTINUOUS
10
0.1839731102362205
20
0.9033666929133858
11
0.1830132677165354
21
0.9027253543307087
0
LINE
8
BLACK
6
CONTINUOUS
10
0.1830132677165354
20
0.9027253543307087
11
0.1821166929133858
21
0.9025470078740158
0
LINE
8
BLACK
6
CONTINUOUS
10
0.1821166929133858
20
0.9025470078740158
11
0.1816588188976378
21
0.9023448425196851
0
LINE
8
BLACK
6
CONTINUOUS
10
0.1816588188976378
20
0.9023448425196851
11
0.1803186220472441
21
0.9021893307086614
0
LINE
8
BLACK
6
CONTINUOUS
10
0.1803186220472441
20
0.9021893307086614
11
0.18
21
0.9021259842519684
0
LINE
8
BLACK
6
CONTINUOUS
10
0.18
20
0.9021259842519684
11
0.1797723228346457
21
0.9021259842519684
0
LINE
8
BLACK
6
CONTINUOUS
10
0.1797723228346457
20
0.9021259842519684
11
0.1202277165354331
21
0.9021259842519684
0
LINE
8
BLACK
6
CONTINUOUS
10
0.1202277165354331
20
0.9021259842519684
11
0.12
21
0.9021259842519684
0
LINE
8
BLACK
6
CONTINUOUS
10
0.12
20
0.9021259842519684
11
0.1196813385826772
21
0.9021893307086614
0
LINE
8
BLACK
6
CONTINUOUS
10
0.1196813385826772
20
0.9021893307086614
11
0.1183411417322835
21
0.9023448425196851
0
LINE
8
BLACK
6
CONTINUOUS
10
0.1183411417322835
20
0.9023448425196851
11
0.1178832283464567
21
0.9025470078740158
0
LINE
8
BLACK
6
CONTINUOUS
10
0.1178832283464567
20
0.9025470078740158
11
0.1169867322834646
21
0.9027253543307087
0
LINE
8
BLACK
6
CONTINUOUS
10
0.1169867322834646
20
0.9027253543307087
11
0.1160269291338583
21
0.903366653543307
0
LINE
8
BLACK
6
CONTINUOUS
10
0.1160269291338583
20
0.903366653543307
11
0.1155886614173228
21
0.9035601968503937
0
LINE
8
BLACK
6
CONTINUOUS
10
0.1155886614173228
20
0.9035601968503937
11
0.1152892519685039
21
0.9038595669291338
0
LINE
8
BLACK
6
CONTINUOUS
10
0.1152892519685039
20
0.9038595669291338
11
0.1144322440944882
21
0.9044322440944882
0
LINE
8
BLACK
6
CONTINUOUS
10
0.1144322440944882
20
0.9044322440944882
11
0.1138595669291339
21
0.905289251968504
0
LINE
8
BLACK
6
CONTINUOUS
10
0.1138595669291339
20
0.905289251968504
11
0.1135601968503937
21
0.9055886614173229
0
LINE
8
BLACK
6
CONTINUOUS
10
0.1135601968503937
20
0.9055886614173229
11
0.1133666535433071
21
0.9060269291338583
0
LINE
8
BLACK
6
CONTINUOUS
10
0.1133666535433071
20
0.9060269291338583
11
0.1127253543307087
21
0.9069867322834645
0
LINE
8
BLACK
6
CONTINUOUS
10
0.1127253543307087
20
0.9069867322834645
11
0.1125470078740157
21
0.9078832283464566
0
LINE
8
BLACK
6
CONTINUOUS
10
0.1125470078740157
20
0.9078832283464566
11
0.112344842519685
21
0.9083411417322834
0
LINE
8
BLACK
6
CONTINUOUS
10
0.112344842519685
20
0.9083411417322834
11
0.1121893307086614
21
0.9096814173228346
0
LINE
8
BLACK
6
CONTINUOUS
10
0.1121893307086614
20
0.9096814173228346
11
0.1121259842519685
21
0.91
0
LINE
8
BLACK
6
CONTINUOUS
10
0.1121259842519685
20
0.91
11
0.1121259842519685
21
0.97
0
LINE
8
BLACK
6
CONTINUOUS
10
0.1121259842519685
20
0.97
11
0.1121893700787401
21
0.9703187007874016
0
LINE
8
BLACK
6
CONTINUOUS
10
0.1121893700787401
20
0.9703187007874016
11
0.112344842519685
21
0.9716588188976377
0
LINE
8
BLACK
6
CONTINUOUS
10
0.112344842519685
20
0.9716588188976377
11
0.1125470078740157
21
0.9721166929133858
0
LINE
8
BLACK
6
CONTINUOUS
10
0.1125470078740157
20
0.9721166929133858
11
0.1127253543307087
21
0.9730132677165354
0
LINE
8
BLACK
6
CONTINUOUS
10
0.1127253543307087
20
0.9730132677165354
11
0.1133666929133858
21
0.9739731102362205
0
LINE
8
BLACK
6
CONTINUOUS
10
0.1133666929133858
20
0.9739731102362205
11
0.1135601968503937
21
0.9744112992125984
0
LINE
8
BLACK
6
CONTINUOUS
10
0.1135601968503937
20
0.9744112992125984
11
0.1138594881889764
21
0.974710590551181
0
LINE
8
BLACK
6
CONTINUOUS
10
0.1138594881889764
20
0.974710590551181
11
0.1144322440944882
21
0.9755677559055118
0
LINE
8
BLACK
6
CONTINUOUS
10
0.1144322440944882
20
0.9755677559055118
11
0.1152893700787402
21
0.9761404724409448
0
LINE
8
BLACK
6
CONTINUOUS
10
0.1152893700787402
20
0.9761404724409448
11
0.1155886614173228
21
0.9764397637795276
0
LINE
8
BLACK
6
CONTINUOUS
10
0.1155886614173228
20
0.9764397637795276
11
0.1160267716535433
21
0.976633188976378
0
LINE
8
BLACK
6
CONTINUOUS
10
0.1160267716535433
20
0.976633188976378
11
0.1169867322834646
21
0.9772746456692913
0
LINE
8
BLACK
6
CONTINUOUS
10
0.1169867322834646
20
0.9772746456692913
11
0.1178833858267716
21
0.9774529921259842
0
LINE
8
BLACK
6
CONTINUOUS
10
0.1178833858267716
20
0.9774529921259842
11
0.1183411417322835
21
0.9776551181102362
0
LINE
8
BLACK
6
CONTINUOUS
10
0.1183411417322835
20
0.9776551181102362
11
0.1196809448818898
21
0.9778105511811024
0
LINE
8
BLACK
6
CONTINUOUS
10
0.1196809448818898
20
0.9778105511811024
11
0.12
21
0.9778740157480315
0
LINE
8
BLACK
6
CONTINUOUS
10
0.12
20
0.9778740157480315
11
0.18
21
0.9778740157480315
0
LINE
8
BLACK
6
CONTINUOUS
10
0.18
20
0.9778740157480315
11
0.1803191732283465
21
0.9778105118110236
0
LINE
8
BLACK
6
CONTINUOUS
10
0.2803191732283464
20
0.9778105118110236
11
0.2816588188976378
21
0.9776551181102362
0
LINE
8
BLACK
6
CONTINUOUS
10
0.2816588188976378
20
0.9776551181102362
11
0.2821164960629921
21
0.9774529921259842
0
LINE
8
BLACK
6
CONTINUOUS
10
0.2821164960629921
20
0.9774529921259842
11
0.2830132677165354
21
0.9772746456692913
0
LINE
8
BLACK
6
CONTINUOUS
10
0.2830132677165354
20
0.9772746456692913
11
0.2839732677165354
21
0.9766331496062992
0
LINE
8
BLACK
6
CONTINUOUS
10
0.2839732677165354
20
0.9766331496062992
11
0.2844112992125984
21
0.9764397637795276
0
LINE
8
BLACK
6
CONTINUOUS
10
0.2844112992125984
20
0.9764397637795276
11
0.2847104724409449
21
0.9761405511811023
0
LINE
8
BLACK
6
CONTINUOUS
10
0.2847104724409449
20
0.9761405511811023
11
0.2855677559055118
21
0.9755677559055118
0
LINE
8
BLACK
6
CONTINUOUS
10
0.2855677559055118
20
0.9755677559055118
11
0.2861405511811024
21
0.9747104724409449
0
LINE
8
BLACK
6
CONTINUOUS
10
0.2861405511811024
20
0.9747104724409449
11
0.2864397637795276
21
0.9744112992125984
0
LINE
8
BLACK
6
CONTINUOUS
10
0.2864397637795276
20
0.9744112992125984
11
0.2866331496062992
21
0.9739732677165354
0
LINE
8
BLACK
6
CONTINUOUS
10
0.2866331496062992
20
0.9739732677165354
11
0.2872746456692913
21
0.9730132677165354
0
LINE
8
BLACK
6
CONTINUOUS
10
0.2872746456692913
20
0.9730132677165354
11
0.2874529921259842
21
0.9721164960629921
0
LINE
8
BLACK
6
CONTINUOUS
10
0.2874529921259842
20
0.9721164960629921
11
0.2876551181102362
21
0.9716588188976377
0
LINE
8
BLACK
6
CONTINUOUS
10
0.2876551181102362
20
0.9716588188976377
11
0.2878105118110236
21
0.970319094488189
0
LINE
8
BLACK
6
CONTINUOUS
10
0.2878105118110236
20
0.970319094488189
11
0.2878740157480315
21
0.97
0
LINE
8
BLACK
6
CONTINUOUS
10
0.2878740157480315
20
0.97
11
0.2878740157480315
21
0.91
0
LINE
8
BLACK
6
CONTINUOUS
10
0.2878740157480315
20
0.91
11
0.2878105118110236
21
0.9096808661417323
0
LINE
8
BLACK
6
CONTINUOUS
10
0.2878105118110236
20
0.9096808661417323
11
0.2876551181102362
21
0.9083411417322834
0
LINE
8
BLACK
6
CONTINUOUS
10
0.2876551181102362
20
0.9083411417322834
11
0.2874529921259842
21
0.9078833858267716
0
LINE
8
BLACK
6
CONTINUOUS
10
0.2874529921259842
20
0.9078833858267716
11
0.2872746456692913
21
0.9069867322834645
0
LINE
8
BLACK
6
CONTINUOUS
10
0.2872746456692913
20
0.9069867322834645
11
0.286633188976378
21
0.9060267716535433
0
LINE
8
BLACK
6
CONTINUOUS
10
0.286633188976378
20
0.9060267716535433
11
0.2864397637795276
21
0.9055886614173229
0
LINE
8
BLACK
6
CONTINUOUS
10
0.2864397637795276
20
0.9055886614173229
11
0.2861404724409449
21
0.9052893700787401
0
LINE
8
BLACK
6
CONTINUOUS
10
0.2861404724409449
20
0.9052893700787401
11
0.2855677559055118
21
0.9044322440944882
0
LINE
8
BLACK
6
CONTINUOUS
10
0.2855677559055118
20
0.9044322440944882
11
0.2847105905511811
21
0.9038594881889763
0
LINE
8
BLACK
6
CONTINUOUS
10
0.2847105905511811
20
0.9038594881889763
11
0.2844112992125984
21
0.9035601968503937
0
LINE
8
BLACK
6
CONTINUOUS
10
0.2844112992125984
20
0.9035601968503937
11
0.2839731102362205
21
0.9033666929133858
0
LINE
8
BLACK
6
CONTINUOUS
10
0.2839731102362205
20
0.9033666929133858
11
0.2830132677165354
21
0.9027253543307087
0
LINE
8
BLACK
6
CONTINUOUS
10
0.2830132677165354
20
0.9027253543307087
11
0.2821166929133858
21
0.9025470078740158
0
LINE
8
BLACK
6
CONTINUOUS
10
0.2821166929133858
20
0.9025470078740158
11
0.2816588188976378
21
0.9023448425196851
0
LINE
8
BLACK
6
CONTINUOUS
10
0.2816588188976378
20
0.9023448425196851
11
0.2803186220472441
21
0.9021893307086614
0
LINE
8
BLACK
6
CONTINUOUS
10
0.2803186220472441
20
0.9021893307086614
11
0.28
21
0.9021259842519684
0
LINE
8
BLACK
6
CONTINUOUS
10
0.28
20
0.9021259842519684
11
0.2797723228346456
21
0.9021259842519684
0
LINE
8
BLACK
6
CONTINUOUS
10
0.2797723228346456
20
0.9021259842519684
11
0.2202277165354331
21
0.9021259842519684
0
LINE
8
BLACK
6
CONTINUOUS
10
0.2202277165354331
20
0.9021259842519684
11
0.22
21
0.9021259842519684
0
LINE
8
BLACK
6
CONTINUOUS
10
0.22
20
0.9021259842519684
11
0.2196813385826772
21
0.9021893307086614
0
LINE
8
BLACK
6
CONTINUOUS
10
0.2196813385826772
20
0.9021893307086614
11
0.2183411417322835
21
0.9023448425196851
0
LINE
8
BLACK
6
CONTINUOUS
10
0.2183411417322835
20
0.9023448425196851
11
0.2178832283464567
21
0.9025470078740158
0
LINE
8
BLACK
6
CONTINUOUS
10
0.2178832283464567
20
0.9025470078740158
11
0.2169867322834646
21
0.9027253543307087
0
LINE
8
BLACK
6
CONTINUOUS
10
0.2169867322834646
20
0.9027253543307087
11
0.2160269291338583
21
0.903366653543307
0
LINE
8
BLACK
6
CONTINUOUS
10
0.2160269291338583
20
0.903366653543307
11
0.2155886614173228
21
0.9035601968503937
0
LINE
8
BLACK
6
CONTINUOUS
10
0.2155886614173228
20
0.9035601968503937
11
0.2152892519685039
21
0.9038595669291338
0
LINE
8
BLACK
6
CONTINUOUS
10
0.2152892519685039
20
0.9038595669291338
11
0.2144322440944882
21
0.9044322440944882
0
LINE
8
BLACK
6
CONTINUOUS
10
0.2144322440944882
20
0.9044322440944882
11
0.2138595669291339
21
0.905289251968504
0
LINE
8
BLACK
6
CONTINUOUS
10
0.2138595669291339
20
0.905289251968504
11
0.2135601968503937
21
0.9055886614173229
0
LINE
8
BLACK
6
CONTINUOUS
10
0.2135601968503937
20
0.9055886614173229
11
0.2133666535433071
21
0.9060269291338583
0
LINE
8
BLACK
6
CONTINUOUS
10
0.2133666535433071
20
0.9060269291338583
11
0.2127253543307087
21
0.9069867322834645
0
LINE
8
BLACK
6
CONTINUOUS
10
0.2127253543307087
20
0.9069867322834645
11
0.2125470078740157
21
0.9078832283464566
0
LINE
8
BLACK
6
CONTINUOUS
10
0.2125470078740157
20
0.9078832283464566
11
0.212344842519685
21
0.9083411417322834
0
LINE
8
BLACK
6
CONTINUOUS
10
0.212344842519685
20
0.9083411417322834
11
0.2121893307086614
21
0.9096814173228346
0
LINE
8
BLACK
6
CONTINUOUS
10
0.2121893307086614
20
0.9096814173228346
11
0.2121259842519685
21
0.91
0
LINE
8
BLACK
6
CONTINUOUS
10
0.2121259842519685
20
0.91
11
0.2121259842519685
21
0.97
0
LINE
8
BLACK
6
CONTINUOUS
10
0.2121259842519685
20
0.97
11
0.2121893700787401
21
0.9703187007874016
0
LINE
8
BLACK
6
CONTINUOUS
10
0.2121893700787401
20
0.9703187007874016
11
0.212344842519685
21
0.9716588188976377
0
LINE
8
BLACK
6
CONTINUOUS
10
0.212344842519685
20
0.9716588188976377
11
0.2125470078740157
21
0.9721166929133858
0
LINE
8
BLACK
6
CONTINUOUS
10
0.2125470078740157
20
0.9721166929133858
11
0.2127253543307087
21
0.9730132677165354
0
LINE
8
BLACK
6
CONTINUOUS
10
0.2127253543307087
20
0.9730132677165354
11
0.2133666929133858
21
0.9739731102362205
0
LINE
8
BLACK
6
CONTINUOUS
10
0.2133666929133858
20
0.9739731102362205
11
0.2135601968503937
21
0.9744112992125984
0
LINE
8
BLACK
6
CONTINUOUS
10
0.2135601968503937
20
0.9744112992125984
11
0.2138594881889764
21
0.974710590551181
0
LINE
8
BLACK
6
CONTINUOUS
10
0.2138594881889764
20
0.974710590551181
11
0.2144322440944882
21
0.9755677559055118
0
LINE
8
BLACK
6
CONTINUOUS
10
0.2144322440944882
20
0.9755677559055118
11
0.2152893700787402
21
0.9761404724409448
0
LINE
8
BLACK
6
CONTINUOUS
10
0.2152893700787402
20
0.9761404724409448
11
0.2155886614173228
21
0.9764397637795276
0
LINE
8
BLACK
6
CONTINUOUS
10
0.2155886614173228
20
0.9764397637795276
11
0.2160267716535433
21
0.976633188976378
0
LINE
8
BLACK
6
CONTINUOUS
10
0.2160267716535433
20
0.976633188976378
11
0.2169867322834646
21
0.9772746456692913
0
LINE
8
BLACK
6
CONTINUOUS
10
0.2169867322834646
20
0.9772746456692913
11
0.2178833858267716
21
0.9774529921259842
0
LINE
8
BLACK
6
CONTINUOUS
10
0.2178833858267716
20
0.9774529921259842
11
0.2183411417322835
21
0.9776551181102362
0
LINE
8
BLACK
6
CONTINUOUS
10
0.2183411417322835
20
0.9776551181102362
11
0.2196809448818898
21
0.9778105511811024
0
LINE
8
BLACK
6
CONTINUOUS
10
0.2196809448818898
20
0.9778105511811024
11
0.22
21
0.9778740157480315
0
LINE
8
BLACK
6
CONTINUOUS
10
0.22
20
0.9778740157480315
11
0.28
21
0.9778740157480315
0
LINE
8
BLACK
6
CONTINUOUS
10
0.28
20
0.9778740157480315
11
0.2803191732283464
21
0.9778105118110236
0
LINE
8
BLACK
6
CONTINUOUS
10
1.3803191732283464
20
1.0078105118110237
11
1.3816588188976378
21
1.0076551181102362
0
LINE
8
BLACK
6
CONTINUOUS
10
1.3816588188976378
20
1.0076551181102362
11
1.3821164960629921
21
1.0074529921259843
0
LINE
8
BLACK
6
CONTINUOUS
10
1.3821164960629921
20
1.0074529921259843
11
1.3830132677165354
21
1.0072746456692914
0
LINE
8
BLACK
6
CONTINUOUS
10
1.3830132677165354
20
1.0072746456692914
11
1.3839732677165355
21
1.0066331496062992
0
LINE
8
BLACK
6
CONTINUOUS
10
1.3839732677165355
20
1.0066331496062992
11
1.3844112992125983
21
1.0064397637795275
0
LINE
8
BLACK
6
CONTINUOUS
10
1.3844112992125983
20
1.0064397637795275
11
1.3847104724409449
21
1.0061405511811023
0
LINE
8
BLACK
6
CONTINUOUS
10
1.3847104724409449
20
1.0061405511811023
11
1.3855677559055117
21
1.0055677559055118
0
LINE
8
BLACK
6
CONTINUOUS
10
1.3855677559055117
20
1.0055677559055118
11
1.3861405511811022
21
1.0047104724409448
0
LINE
8
BLACK
6
CONTINUOUS
10
1.3861405511811022
20
1.0047104724409448
11
1.3864397637795276
21
1.0044112992125984
0
LINE
8
BLACK
6
CONTINUOUS
10
1.3864397637795276
20
1.0044112992125984
11
1.3866331496062991
21
1.0039732677165354
0
LINE
8
BLACK
6
CONTINUOUS
10
1.3866331496062991
20
1.0039732677165354
11
1.3872746456692913
21
1.0030132677165353
0
LINE
8
BLACK
6
CONTINUOUS
10
1.3872746456692913
20
1.0030132677165353
11
1.3874529921259842
21
1.002116496062992
0
LINE
8
BLACK
6
CONTINUOUS
10
1.3874529921259842
20
1.002116496062992
11
1.3876551181102361
21
1.0016588188976379
0
LINE
8
BLACK
6
CONTINUOUS
10
1.3876551181102361
20
1.0016588188976379
11
1.3878105118110236
21
1.000319094488189
0
LINE
8
BLACK
6
CONTINUOUS
10
1.3878105118110236
20
1.000319094488189
11
1.3878740157480314
21
1.
0
LINE
8
BLACK
6
CONTINUOUS
10
1.3878740157480314
20
1.
11
1.3878740157480314
21
0.9399999999999999
0
LINE
8
BLACK
6
CONTINUOUS
10
1.3878740157480314
20
0.9399999999999999
11
1.3878105118110236
21
0.9396808661417323
0
LINE
8
BLACK
6
CONTINUOUS
10
1.3878105118110236
20
0.9396808661417323
11
1.3876551181102361
21
0.9383411417322834
0
LINE
8
BLACK
6
CONTINUOUS
10
1.3876551181102361
20
0.9383411417322834
11
1.3874529921259842
21
0.9378833858267717
0
LINE
8
BLACK
6
CONTINUOUS
10
1.3874529921259842
20
0.9378833858267717
11
1.3872746456692913
21
0.9369867322834645
0
LINE
8
BLACK
6
CONTINUOUS
10
1.3872746456692913
20
0.9369867322834645
11
1.3866331889763779
21
0.9360267716535433
0
LINE
8
BLACK
6
CONTINUOUS
10
1.3866331889763779
20
0.9360267716535433
11
1.3864397637795276
21
0.9355886614173228
0
LINE
8
BLACK
6
CONTINUOUS
10
1.3864397637795276
20
0.9355886614173228
11
1.386140472440945
21
0.9352893700787401
0
LINE
8
BLACK
6
CONTINUOUS
10
1.386140472440945
20
0.9352893700787401
11
1.3855677559055117
21
0.9344322440944882
0
LINE
8
BLACK
6
CONTINUOUS
10
1.3855677559055117
20
0.9344322440944882
11
1.3847105905511812
21
0.9338594881889763
0
LINE
8
BLACK
6
CONTINUOUS
10
1.3847105905511812
20
0.9338594881889763
11
1.3844112992125983
21
0.9335601968503937
0
LINE
8
BLACK
6
CONTINUOUS
10
1.3844112992125983
20
0.9335601968503937
11
1.3839731102362205
21
0.9333666929133858
0
LINE
8
BLACK
6
CONTINUOUS
10
1.3839731102362205
20
0.9333666929133858
11
1.3830132677165354
21
0.9327253543307087
0
LINE
8
BLACK
6
CONTINUOUS
10
1.3830132677165354
20
0.9327253543307087
11
1.3821166929133859
21
0.9325470078740157
0
LINE
8
BLACK
6
CONTINUOUS
10
1.3821166929133859
20
0.9325470078740157
11
1.3816588188976378
21
0.932344842519685
0
LINE
8
BLACK
6
CONTINUOUS
10
1.3816588188976378
20
0.932344842519685
11
1.3803186220472441
21
0.9321893307086614
0
LINE
8
BLACK
6
CONTINUOUS
10
1.3803186220472441
20
0.9321893307086614
11
1.3799999999999999
21
0.9321259842519685
0
LINE
8
BLACK
6
CONTINUOUS
10
1.3799999999999999
20
0.9321259842519685
11
1.3797723228346457
21
0.9321259842519685
0
LINE
8
BLACK
6
CONTINUOUS
10
1.3797723228346457
20
0.9321259842519685
11
1.320227716535433
21
0.9321259842519685
0
LINE
8
BLACK
6
CONTINUOUS
10
1.320227716535433
20
0.9321259842519685
11
1.3200000000000001
21
0.9321259842519685
0
LINE
8
BLACK
6
CONTINUOUS
10
1.3200000000000001
20
0.9321259842519685
11
1.3196813385826771
21
0.9321893307086614
0
LINE
8
BLACK
6
CONTINUOUS
10
1.3196813385826771
20
0.9321893307086614
11
1.3183411417322835
21
0.932344842519685
0
LINE
8
BLACK
6
CONTINUOUS
10
1.3183411417322835
20
0.932344842519685
11
1.3178832283464568
21
0.9325470078740157
0
LINE
8
BLACK
6
CONTINUOUS
10
1.3178832283464568
20
0.9325470078740157
11
1.3169867322834645
21
0.9327253543307087
0
LINE
8
BLACK
6
CONTINUOUS
10
1.3169867322834645
20
0.9327253543307087
11
1.3160269291338582
21
0.9333666535433071
0
LINE
8
BLACK
6
CONTINUOUS
10
1.3160269291338582
20
0.9333666535433071
11
1.3155886614173229
21
0.9335601968503937
0
LINE
8
BLACK
6
CONTINUOUS
10
1.3155886614173229
20
0.9335601968503937
11
1.315289251968504
21
0.9338595669291339
0
LINE
8
BLACK
6
CONTINUOUS
10
1.315289251968504
20
0.9338595669291339
11
1.3144322440944882
21
0.9344322440944882
0
LINE
8
BLACK
6
CONTINUOUS
10
1.3144322440944882
20
0.9344322440944882
11
1.3138595669291337
21
0.9352892519685039
0
LINE
8
BLACK
6
CONTINUOUS
10
1.3138595669291337
20
0.9352892519685039
11
1.3135601968503936
21
0.9355886614173228
0
LINE
8
BLACK
6
CONTINUOUS
10
1.3135601968503936
20
0.9355886614173228
11
1.3133666535433071
21
0.9360269291338582
0
LINE
8
BLACK
6
CONTINUOUS
10
1.3133666535433071
20
0.9360269291338582
11
1.3127253543307087
21
0.9369867322834645
0
LINE
8
BLACK
6
CONTINUOUS
10
1.3127253543307087
20
0.9369867322834645
11
1.3125470078740158
21
0.9378832283464567
0
LINE
8
BLACK
6
CONTINUOUS
10
1.3125470078740158
20
0.9378832283464567
11
1.3123448425196851
21
0.9383411417322834
0
LINE
8
BLACK
6
CONTINUOUS
10
1.3123448425196851
20
0.9383411417322834
11
1.3121893307086614
21
0.9396814173228346
0
LINE
8
BLACK
6
CONTINUOUS
10
1.3121893307086614
20
0.9396814173228346
11
1.3121259842519686
21
0.9399999999999999
0
LINE
8
BLACK
6
CONTINUOUS
10
1.3121259842519686
20
0.9399999999999999
11
1.3121259842519686
21
1.
0
LINE
8
BLACK
6
CONTINUOUS
10
1.3121259842519686
20
1.
11
1.3121893700787401
21
1.0003187007874015
0
LINE
8
BLACK
6
CONTINUOUS
10
1.3121893700787401
20
1.0003187007874015
11
1.3123448425196851
21
1.0016588188976379
0
LINE
8
BLACK
6
CONTINUOUS
10
1.3123448425196851
20
1.0016588188976379
11
1.3125470078740158
21
1.0021166929133858
0
LINE
8
BLACK
6
CONTINUOUS
10
1.3125470078740158
20
1.0021166929133858
11
1.3127253543307087
21
1.0030132677165353
0
LINE
8
BLACK
6
CONTINUOUS
10
1.3127253543307087
20
1.0030132677165353
11
1.3133666929133858
21
1.0039731102362204
0
LINE
8
BLACK
6
CONTINUOUS
10
1.3133666929133858
20
1.0039731102362204
11
1.3135601968503936
21
1.0044112992125984
0
LINE
8
BLACK
6
CONTINUOUS
10
1.3135601968503936
20
1.0044112992125984
11
1.3138594881889762
21
1.0047105905511811
0
LINE
8
BLACK
6
CONTINUOUS
10
1.3138594881889762
20
1.0047105905511811
11
1.3144322440944882
21
1.0055677559055118
0
LINE
8
BLACK
6
CONTINUOUS
10
1.3144322440944882
20
1.0055677559055118
11
1.31528937007874
21
1.0061404724409448
0
LINE
8
BLACK
6
CONTINUOUS
10
1.31528937007874
20
1.0061404724409448
11
1.3155886614173229
21
1.0064397637795275
0
LINE
8
BLACK
6
CONTINUOUS
10
1.3155886614173229
20
1.0064397637795275
11
1.3160267716535432
21
1.006633188976378
0
LINE
8
BLACK
6
CONTINUOUS
10
1.3160267716535432
20
1.006633188976378
11
1.3169867322834645
21
1.0072746456692914
0
LINE
8
BLACK
6
CONTINUOUS
10
1.3169867322834645
20
1.0072746456692914
11
1.3178833858267716
21
1.0074529921259843
0
LINE
8
BLACK
6
CONTINUOUS
10
1.3178833858267716
20
1.0074529921259843
11
1.3183411417322835
21
1.0076551181102362
0
LINE
8
BLACK
6
CONTINUOUS
10
1.3183411417322835
20
1.0076551181102362
11
1.3196809448818898
21
1.0078105511811024
0
LINE
8
BLACK
6
CONTINUOUS
10
1.3196809448818898
20
1.0078105511811024
11
1.3200000000000001
21
1.0078740157480315
0
LINE
8
BLACK
6
CONTINUOUS
10
1.3200000000000001
20
1.0078740157480315
11
1.3799999999999999
21
1.0078740157480315
0
LINE
8
BLACK
6
CONTINUOUS
10
1.3799999999999999
20
1.0078740157480315
11
1.3803191732283464
21
1.0078105118110237
0
LINE
8
BLACK
6
CONTINUOUS
10
1.4803191732283465
20
1.0078105118110237
11
1.4816588188976378
21
1.0076551181102362
0
LINE
8
BLACK
6
CONTINUOUS
10
1.4816588188976378
20
1.0076551181102362
11
1.482116496062992
21
1.0074529921259843
0
LINE
8
BLACK
6
CONTINUOUS
10
1.482116496062992
20
1.0074529921259843
11
1.4830132677165353
21
1.0072746456692914
0
LINE
8
BLACK
6
CONTINUOUS
10
1.4830132677165353
20
1.0072746456692914
11
1.4839732677165354
21
1.0066331496062992
0
LINE
8
BLACK
6
CONTINUOUS
10
1.4839732677165354
20
1.0066331496062992
11
1.4844112992125984
21
1.0064397637795275
0
LINE
8
BLACK
6
CONTINUOUS
10
1.4844112992125984
20
1.0064397637795275
11
1.4847104724409448
21
1.0061405511811023
0
LINE
8
BLACK
6
CONTINUOUS
10
1.4847104724409448
20
1.0061405511811023
11
1.4855677559055118
21
1.0055677559055118
0
LINE
8
BLACK
6
CONTINUOUS
10
1.4855677559055118
20
1.0055677559055118
11
1.4861405511811023
21
1.0047104724409448
0
LINE
8
BLACK
6
CONTINUOUS
10
1.4861405511811023
20
1.0047104724409448
11
1.4864397637795275
21
1.0044112992125984
0
LINE
8
BLACK
6
CONTINUOUS
10
1.4864397637795275
20
1.0044112992125984
11
1.4866331496062992
21
1.0039732677165354
0
LINE
8
BLACK
6
CONTINUOUS
10
1.4866331496062992
20
1.0039732677165354
11
1.4872746456692914
21
1.0030132677165353
0
LINE
8
BLACK
6
CONTINUOUS
10
1.4872746456692914
20
1.0030132677165353
11
1.4874529921259843
21
1.002116496062992
0
LINE
8
BLACK
6
CONTINUOUS
10
1.4874529921259843
20
1.002116496062992
11
1.4876551181102362
21
1.0016588188976379
0
LINE
8
BLACK
6
CONTINUOUS
10
1.4876551181102362
20
1.0016588188976379
11
1.4878105118110236
21
1.000319094488189
0
LINE
8
BLACK
6
CONTINUOUS
10
1.4878105118110236
20
1.000319094488189
11
1.4878740157480315
21
1.
0
LINE
8
BLACK
6
CONTINUOUS
10
1.4878740157480315
20
1.
11
1.4878740157480315
21
0.9399999999999999
0
LINE
8
BLACK
6
CONTINUOUS
10
1.4878740157480315
20
0.9399999999999999
11
1.4878105118110236
21
0.9396808661417323
0
LINE
8
BLACK
6
CONTINUOUS
10
1.4878105118110236
20
0.9396808661417323
11
1.4876551181102362
21
0.9383411417322834
0
LINE
8
BLACK
6
CONTINUOUS
10
1.4876551181102362
20
0.9383411417322834
11
1.4874529921259843
21
0.9378833858267717
0
LINE
8
BLACK
6
CONTINUOUS
10
1.4874529921259843
20
0.9378833858267717
11
1.4872746456692914
21
0.9369867322834645
0
LINE
8
BLACK
6
CONTINUOUS
10
1.4872746456692914
20
0.9369867322834645
11
1.486633188976378
21
0.9360267716535433
0
LINE
8
BLACK
6
CONTINUOUS
10
1.486633188976378
20
0.9360267716535433
11
1.4864397637795275
21
0.9355886614173228
0
LINE
8
BLACK
6
CONTINUOUS
10
1.4864397637795275
20
0.9355886614173228
11
1.4861404724409448
21
0.9352893700787401
0
LINE
8
BLACK
6
CONTINUOUS
10
1.4861404724409448
20
0.9352893700787401
11
1.4855677559055118
21
0.9344322440944882
0
LINE
8
BLACK
6
CONTINUOUS
10
1.4855677559055118
20
0.9344322440944882
11
1.484710590551181
21
0.9338594881889763
0
LINE
8
BLACK
6
CONTINUOUS
10
1.484710590551181
20
0.9338594881889763
11
1.4844112992125984
21
0.9335601968503937
0
LINE
8
BLACK
6
CONTINUOUS
10
1.4844112992125984
20
0.9335601968503937
11
1.4839731102362204
21
0.9333666929133858
0
LINE
8
BLACK
6
CONTINUOUS
10
1.4839731102362204
20
0.9333666929133858
11
1.4830132677165353
21
0.9327253543307087
0
LINE
8
BLACK
6
CONTINUOUS
10
1.4830132677165353
20
0.9327253543307087
11
1.4821166929133858
21
0.9325470078740157
0
LINE
8
BLACK
6
CONTINUOUS
10
1.4821166929133858
20
0.9325470078740157
11
1.4816588188976378
21
0.932344842519685
0
LINE
8
BLACK
6
CONTINUOUS
10
1.4816588188976378
20
0.932344842519685
11
1.480318622047244
21
0.9321893307086614
0
LINE
8
BLACK
6
CONTINUOUS
10
1.480318622047244
20
0.9321893307086614
11
1.48
21
0.9321259842519685
0
LINE
8
BLACK
6
CONTINUOUS
10
1.48
20
0.9321259842519685
11
1.4797723228346455
21
0.9321259842519685
0
LINE
8
BLACK
6
CONTINUOUS
10
1.4797723228346455
20
0.9321259842519685
11
1.4202277165354331
21
0.9321259842519685
0
LINE
8
BLACK
6
CONTINUOUS
10
1.4202277165354331
20
0.9321259842519685
11
1.4199999999999999
21
0.9321259842519685
0
LINE
8
BLACK
6
CONTINUOUS
10
1.4199999999999999
20
0.9321259842519685
11
1.4196813385826772
21
0.9321893307086614
0
LINE
8
BLACK
6
CONTINUOUS
10
1.4196813385826772
20
0.9321893307086614
11
1.4183411417322835
21
0.932344842519685
0
LINE
8
BLACK
6
CONTINUOUS
10
1.4183411417322835
20
0.932344842519685
11
1.4178832283464566
21
0.9325470078740157
0
LINE
8
BLACK
6
CONTINUOUS
10
1.4178832283464566
20
0.9325470078740157
11
1.4169867322834646
21
0.9327253543307087
0
LINE
8
BLACK
6
CONTINUOUS
10
1.4169867322834646
20
0.9327253543307087
11
1.4160269291338583
21
0.9333666535433071
0
LINE
8
BLACK
6
CONTINUOUS
10
1.4160269291338583
20
0.9333666535433071
11
1.4155886614173228
21
0.9335601968503937
0
LINE
8
BLACK
6
CONTINUOUS
10
1.4155886614173228
20
0.9335601968503937
11
1.4152892519685039
21
0.9338595669291339
0
LINE
8
BLACK
6
CONTINUOUS
10
1.4152892519685039
20
0.9338595669291339
11
1.4144322440944881
21
0.9344322440944882
0
LINE
8
BLACK
6
CONTINUOUS
10
1.4144322440944881
20
0.9344322440944882
11
1.4138595669291338
21
0.9352892519685039
0
LINE
8
BLACK
6
CONTINUOUS
10
1.4138595669291338
20
0.9352892519685039
11
1.4135601968503937
21
0.9355886614173228
0
LINE
8
BLACK
6
CONTINUOUS
10
1.4135601968503937
20
0.9355886614173228
11
1.4133666535433071
21
0.9360269291338582
0
LINE
8
BLACK
6
CONTINUOUS
10
1.4133666535433071
20
0.9360269291338582
11
1.4127253543307086
21
0.9369867322834645
0
LINE
8
BLACK
6
CONTINUOUS
10
1.4127253543307086
20
0.9369867322834645
11
1.4125470078740157
21
0.9378832283464567
0
LINE
8
BLACK
6
CONTINUOUS
10
1.4125470078740157
20
0.9378832283464567
11
1.412344842519685
21
0.9383411417322834
0
LINE
8
BLACK
6
CONTINUOUS
10
1.412344842519685
20
0.9383411417322834
11
1.4121893307086615
21
0.9396814173228346
0
LINE
8
BLACK
6
CONTINUOUS
10
1.4121893307086615
20
0.9396814173228346
11
1.4121259842519684
21
0.9399999999999999
0
LINE
8
BLACK
6
CONTINUOUS
10
1.4121259842519684
20
0.9399999999999999
11
1.4121259842519684
21
1.
0
LINE
8
BLACK
6
CONTINUOUS
10
1.4121259842519684
20
1.
11
1.4121893700787402
21
1.0003187007874015
0
LINE
8
BLACK
6
CONTINUOUS
10
1.4121893700787402
20
1.0003187007874015
11
1.412344842519685
21
1.0016588188976379
0
LINE
8
BLACK
6
CONTINUOUS
10
1.412344842519685
20
1.0016588188976379
11
1.4125470078740157
21
1.0021166929133858
0
LINE
8
BLACK
6
CONTINUOUS
10
1.4125470078740157
20
1.0021166929133858
11
1.4127253543307086
21
1.0030132677165353
0
LINE
8
BLACK
6
CONTINUOUS
10
1.4127253543307086
20
1.0030132677165353
11
1.4133666929133859
21
1.0039731102362204
0
LINE
8
BLACK
6
CONTINUOUS
10
1.4133666929133859
20
1.0039731102362204
11
1.4135601968503937
21
1.0044112992125984
0
LINE
8
BLACK
6
CONTINUOUS
10
1.4135601968503937
20
1.0044112992125984
11
1.4138594881889763
21
1.0047105905511811
0
LINE
8
BLACK
6
CONTINUOUS
10
1.4138594881889763
20
1.0047105905511811
11
1.4144322440944881
21
1.0055677559055118
0
LINE
8
BLACK
6
CONTINUOUS
10
1.4144322440944881
20
1.0055677559055118
11
1.4152893700787401
21
1.0061404724409448
0
LINE
8
BLACK
6
CONTINUOUS
10
1.4152893700787401
20
1.0061404724409448
11
1.4155886614173228
21
1.0064397637795275
0
LINE
8
BLACK
6
CONTINUOUS
10
1.4155886614173228
20
1.0064397637795275
11
1.4160267716535433
21
1.006633188976378
0
LINE
8
BLACK
6
CONTINUOUS
10
1.4160267716535433
20
1.006633188976378
11
1.4169867322834646
21
1.0072746456692914
0
LINE
8
BLACK
6
CONTINUOUS
10
1.4169867322834646
20
1.0072746456692914
11
1.4178833858267716
21
1.0074529921259843
0
LINE
8
BLACK
6
CONTINUOUS
10
1.4178833858267716
20
1.0074529921259843
11
1.4183411417322835
21
1.0076551181102362
0
LINE
8
BLACK
6
CONTINUOUS
10
1.4183411417322835
20
1.0076551181102362
11
1.4196809448818897
21
1.0078105511811024
0
LINE
8
BLACK
6
CONTINUOUS
10
1.4196809448818897
20
1.0078105511811024
11
1.4199999999999999
21
1.0078740157480315
0
LINE
8
BLACK
6
CONTINUOUS
10
1.4199999999999999
20
1.0078740157480315
11
1.48
21
1.0078740157480315
0
LINE
8
BLACK
6
CONTINUOUS
10
1.48
20
1.0078740157480315
11
1.4803191732283465
21
1.0078105118110237
0
LINE
8
BLACK
6
CONTINUOUS
10
0.1803191732283465
20
1.0778105118110235
11
0.1816588188976378
21
1.0776551181102363
0
LINE
8
BLACK
6
CONTINUOUS
10
0.1816588188976378
20
1.0776551181102363
11
0.1821164960629921
21
1.0774529921259843
0
LINE
8
BLACK
6
CONTINUOUS
10
0.1821164960629921
20
1.0774529921259843
11
0.1830132677165354
21
1.0772746456692912
0
LINE
8
BLACK
6
CONTINUOUS
10
0.1830132677165354
20
1.0772746456692912
11
0.1839732677165354
21
1.0766331496062991
0
LINE
8
BLACK
6
CONTINUOUS
10
0.1839732677165354
20
1.0766331496062991
11
0.1844112992125984
21
1.0764397637795275
0
LINE
8
BLACK
6
CONTINUOUS
10
0.1844112992125984
20
1.0764397637795275
11
0.1847104724409449
21
1.0761405511811024
0
LINE
8
BLACK
6
CONTINUOUS
10
0.1847104724409449
20
1.0761405511811024
11
0.1855677559055118
21
1.0755677559055117
0
LINE
8
BLACK
6
CONTINUOUS
10
0.1855677559055118
20
1.0755677559055117
11
0.1861405511811024
21
1.0747104724409449
0
LINE
8
BLACK
6
CONTINUOUS
10
0.1861405511811024
20
1.0747104724409449
11
0.1864397637795276
21
1.0744112992125985
0
LINE
8
BLACK
6
CONTINUOUS
10
0.1864397637795276
20
1.0744112992125985
11
0.1866331496062992
21
1.0739732677165355
0
LINE
8
BLACK
6
CONTINUOUS
10
0.1866331496062992
20
1.0739732677165355
11
0.1872746456692913
21
1.0730132677165354
0
LINE
8
BLACK
6
CONTINUOUS
10
0.1872746456692913
20
1.0730132677165354
11
0.1874529921259842
21
1.0721164960629921
0
LINE
8
BLACK
6
CONTINUOUS
10
0.1874529921259842
20
1.0721164960629921
11
0.1876551181102362
21
1.0716588188976377
0
LINE
8
BLACK
6
CONTINUOUS
10
0.1876551181102362
20
1.0716588188976377
11
0.1878105118110236
21
1.0703190944881888
0
LINE
8
BLACK
6
CONTINUOUS
10
0.1878105118110236
20
1.0703190944881888
11
0.1878740157480315
21
1.0700000000000001
0
LINE
8
BLACK
6
CONTINUOUS
10
0.1878740157480315
20
1.0700000000000001
11
0.1878740157480315
21
1.01
0
LINE
8
BLACK
6
CONTINUOUS
10
0.1878740157480315
20
1.01
11
0.1878105118110236
21
1.0096808661417322
0
LINE
8
BLACK
6
CONTINUOUS
10
0.1878105118110236
20
1.0096808661417322
11
0.1876551181102362
21
1.0083411417322834
0
LINE
8
BLACK
6
CONTINUOUS
10
0.1876551181102362
20
1.0083411417322834
11
0.1874529921259842
21
1.0078833858267717
0
LINE
8
BLACK
6
CONTINUOUS
10
0.1874529921259842
20
1.0078833858267717
11
0.1872746456692913
21
1.0069867322834645
0
LINE
8
BLACK
6
CONTINUOUS
10
0.1872746456692913
20
1.0069867322834645
11
0.186633188976378
21
1.0060267716535434
0
LINE
8
BLACK
6
CONTINUOUS
10
0.186633188976378
20
1.0060267716535434
11
0.1864397637795276
21
1.0055886614173228
0
LINE
8
BLACK
6
CONTINUOUS
10
0.1864397637795276
20
1.0055886614173228
11
0.1861404724409449
21
1.0052893700787402
0
LINE
8
BLACK
6
CONTINUOUS
10
0.1861404724409449
20
1.0052893700787402
11
0.1855677559055118
21
1.0044322440944882
0
LINE
8
BLACK
6
CONTINUOUS
10
0.1855677559055118
20
1.0044322440944882
11
0.1847105905511811
21
1.0038594881889764
0
LINE
8
BLACK
6
CONTINUOUS
10
0.1847105905511811
20
1.0038594881889764
11
0.1844112992125984
21
1.0035601968503938
0
LINE
8
BLACK
6
CONTINUOUS
10
0.1844112992125984
20
1.0035601968503938
11
0.1839731102362205
21
1.0033666929133858
0
LINE
8
BLACK
6
CONTINUOUS
10
0.1839731102362205
20
1.0033666929133858
11
0.1830132677165354
21
1.0027253543307086
0
LINE
8
BLACK
6
CONTINUOUS
10
0.1830132677165354
20
1.0027253543307086
11
0.1821166929133858
21
1.0025470078740157
0
LINE
8
BLACK
6
CONTINUOUS
10
0.1821166929133858
20
1.0025470078740157
11
0.1816588188976378
21
1.002344842519685
0
LINE
8
BLACK
6
CONTINUOUS
10
0.1816588188976378
20
1.002344842519685
11
0.1803186220472441
21
1.0021893307086613
0
LINE
8
BLACK
6
CONTINUOUS
10
0.1803186220472441
20
1.0021893307086613
11
0.18
21
1.0021259842519685
0
LINE
8
BLACK
6
CONTINUOUS
10
0.18
20
1.0021259842519685
11
0.1797723228346457
21
1.0021259842519685
0
LINE
8
BLACK
6
CONTINUOUS
10
0.1797723228346457
20
1.0021259842519685
11
0.1202277165354331
21
1.0021259842519685
0
LINE
8
BLACK
6
CONTINUOUS
10
0.1202277165354331
20
1.0021259842519685
11
0.12
21
1.0021259842519685
0
LINE
8
BLACK
6
CONTINUOUS
10
0.12
20
1.0021259842519685
11
0.1196813385826772
21
1.0021893307086613
0
LINE
8
BLACK
6
CONTINUOUS
10
0.1196813385826772
20
1.0021893307086613
11
0.1183411417322835
21
1.002344842519685
0
LINE
8
BLACK
6
CONTINUOUS
10
0.1183411417322835
20
1.002344842519685
11
0.1178832283464567
21
1.0025470078740157
0
LINE
8
BLACK
6
CONTINUOUS
10
0.1178832283464567
20
1.0025470078740157
11
0.1169867322834646
21
1.0027253543307086
0
LINE
8
BLACK
6
CONTINUOUS
10
0.1169867322834646
20
1.0027253543307086
11
0.1160269291338583
21
1.003366653543307
0
LINE
8
BLACK
6
CONTINUOUS
10
0.1160269291338583
20
1.003366653543307
11
0.1155886614173228
21
1.0035601968503938
0
LINE
8
BLACK
6
CONTINUOUS
10
0.1155886614173228
20
1.0035601968503938
11
0.1152892519685039
21
1.0038595669291339
0
LINE
8
BLACK
6
CONTINUOUS
10
0.1152892519685039
20
1.0038595669291339
11
0.1144322440944882
21
1.0044322440944882
0
LINE
8
BLACK
6
CONTINUOUS
10
0.1144322440944882
20
1.0044322440944882
11
0.1138595669291339
21
1.0052892519685039
0
LINE
8
BLACK
6
CONTINUOUS
10
0.1138595669291339
20
1.0052892519685039
11
0.1135601968503937
21
1.0055886614173228
0
LINE
8
BLACK
6
CONTINUOUS
10
0.1135601968503937
20
1.0055886614173228
11
0.1133666535433071
21
1.0060269291338582
0
LINE
8
BLACK
6
CONTINUOUS
10
0.1133666535433071
20
1.0060269291338582
11
0.1127253543307087
21
1.0069867322834645
0
LINE
8
BLACK
6
CONTINUOUS
10
0.1127253543307087
20
1.0069867322834645
11
0.1125470078740157
21
1.0078832283464567
0
LINE
8
BLACK
6
CONTINUOUS
10
0.1125470078740157
20
1.0078832283464567
11
0.112344842519685
21
1.0083411417322834
0
LINE
8
BLACK
6
CONTINUOUS
10
0.112344842519685
20
1.0083411417322834
11
0.1121893307086614
21
1.0096814173228346
0
LINE
8
BLACK
6
CONTINUOUS
10
0.1121893307086614
20
1.0096814173228346
11
0.1121259842519685
21
1.01
0
LINE
8
BLACK
6
CONTINUOUS
10
0.1121259842519685
20
1.01
11
0.1121259842519685
21
1.0700000000000001
0
LINE
8
BLACK
6
CONTINUOUS
10
0.1121259842519685
20
1.0700000000000001
11
0.1121893700787401
21
1.0703187007874015
0
LINE
8
BLACK
6
CONTINUOUS
10
0.1121893700787401
20
1.0703187007874015
11
0.112344842519685
21
1.0716588188976377
0
LINE
8
BLACK
6
CONTINUOUS
10
0.112344842519685
20
1.0716588188976377
11
0.1125470078740157
21
1.0721166929133858
0
LINE
8
BLACK
6
CONTINUOUS
10
0.1125470078740157
20
1.0721166929133858
11
0.1127253543307087
21
1.0730132677165354
0
LINE
8
BLACK
6
CONTINUOUS
10
0.1127253543307087
20
1.0730132677165354
11
0.1133666929133858
21
1.0739731102362204
0
LINE
8
BLACK
6
CONTINUOUS
10
0.1133666929133858
20
1.0739731102362204
11
0.1135601968503937
21
1.0744112992125985
0
LINE
8
BLACK
6
CONTINUOUS
10
0.1135601968503937
20
1.0744112992125985
11
0.1138594881889764
21
1.0747105905511811
0
LINE
8
BLACK
6
CONTINUOUS
10
0.1138594881889764
20
1.0747105905511811
11
0.1144322440944882
21
1.0755677559055117
0
LINE
8
BLACK
6
CONTINUOUS
10
0.1144322440944882
20
1.0755677559055117
11
0.1152893700787402
21
1.0761404724409449
0
LINE
8
BLACK
6
CONTINUOUS
10
0.1152893700787402
20
1.0761404724409449
11
0.1155886614173228
21
1.0764397637795275
0
LINE
8
BLACK
6
CONTINUOUS
10
0.1155886614173228
20
1.0764397637795275
11
0.1160267716535433
21
1.0766331889763778
0
LINE
8
BLACK
6
CONTINUOUS
10
0.1160267716535433
20
1.0766331889763778
11
0.1169867322834646
21
1.0772746456692912
0
LINE
8
BLACK
6
CONTINUOUS
10
0.1169867322834646
20
1.0772746456692912
11
0.1178833858267716
21
1.0774529921259843
0
LINE
8
BLACK
6
CONTINUOUS
10
0.1178833858267716
20
1.0774529921259843
11
0.1183411417322835
21
1.0776551181102363
0
LINE
8
BLACK
6
CONTINUOUS
10
0.1183411417322835
20
1.0776551181102363
11
0.1196809448818898
21
1.0778105511811022
0
LINE
8
BLACK
6
CONTINUOUS
10
0.1196809448818898
20
1.0778105511811022
11
0.12
21
1.0778740157480315
0
LINE
8
BLACK
6
CONTINUOUS
10
0.12
20
1.0778740157480315
11
0.18
21
1.0778740157480315
0
LINE
8
BLACK
6
CONTINUOUS
10
0.18
20
1.0778740157480315
11
0.1803191732283465
21
1.0778105118110235
0
LINE
8
BLACK
6
CONTINUOUS
10
0.2803191732283464
20
1.0778105118110235
11
0.2816588188976378
21
1.0776551181102363
0
LINE
8
BLACK
6
CONTINUOUS
10
0.2816588188976378
20
1.0776551181102363
11
0.2821164960629921
21
1.0774529921259843
0
LINE
8
BLACK
6
CONTINUOUS
10
0.2821164960629921
20
1.0774529921259843
11
0.2830132677165354
21
1.0772746456692912
0
LINE
8
BLACK
6
CONTINUOUS
10
0.2830132677165354
20
1.0772746456692912
11
0.2839732677165354
21
1.0766331496062991
0
LINE
8
BLACK
6
CONTINUOUS
10
0.2839732677165354
20
1.0766331496062991
11
0.2844112992125984
21
1.0764397637795275
0
LINE
8
BLACK
6
CONTINUOUS
10
0.2844112992125984
20
1.0764397637795275
11
0.2847104724409449
21
1.0761405511811024
0
LINE
8
BLACK
6
CONTINUOUS
10
0.2847104724409449
20
1.0761405511811024
11
0.2855677559055118
21
1.0755677559055117
0
LINE
8
BLACK
6
CONTINUOUS
10
0.2855677559055118
20
1.0755677559055117
11
0.2861405511811024
21
1.0747104724409449
0
LINE
8
BLACK
6
CONTINUOUS
10
0.2861405511811024
20
1.0747104724409449
11
0.2864397637795276
21
1.0744112992125985
0
LINE
8
BLACK
6
CONTINUOUS
10
0.2864397637795276
20
1.0744112992125985
11
0.2866331496062992
21
1.0739732677165355
0
LINE
8
BLACK
6
CONTINUOUS
10
0.2866331496062992
20
1.0739732677165355
11
0.2872746456692913
21
1.0730132677165354
0
LINE
8
BLACK
6
CONTINUOUS
10
0.2872746456692913
20
1.0730132677165354
11
0.2874529921259842
21
1.0721164960629921
0
LINE
8
BLACK
6
CONTINUOUS
10
0.2874529921259842
20
1.0721164960629921
11
0.2876551181102362
21
1.0716588188976377
0
LINE
8
BLACK
6
CONTINUOUS
10
0.2876551181102362
20
1.0716588188976377
11
0.2878105118110236
21
1.0703190944881888
0
LINE
8
BLACK
6
CONTINUOUS
10
0.2878105118110236
20
1.0703190944881888
11
0.2878740157480315
21
1.0700000000000001
0
LINE
8
BLACK
6
CONTINUOUS
10
0.2878740157480315
20
1.0700000000000001
11
0.2878740157480315
21
1.01
0
LINE
8
BLACK
6
CONTINUOUS
10
0.2878740157480315
20
1.01
11
0.2878105118110236
21
1.0096808661417322
0
LINE
8
BLACK
6
CONTINUOUS
10
0.2878105118110236
20
1.0096808661417322
11
0.2876551181102362
21
1.0083411417322834
0
LINE
8
BLACK
6
CONTINUOUS
10
0.2876551181102362
20
1.0083411417322834
11
0.2874529921259842
21
1.0078833858267717
0
LINE
8
BLACK
6
CONTINUOUS
10
0.2874529921259842
20
1.0078833858267717
11
0.2872746456692913
21
1.0069867322834645
0
LINE
8
BLACK
6
CONTINUOUS
10
0.2872746456692913
20
1.0069867322834645
11
0.286633188976378
21
1.0060267716535434
0
LINE
8
BLACK
6
CONTINUOUS
10
0.286633188976378
20
1.0060267716535434
11
0.2864397637795276
21
1.0055886614173228
0
LINE
8
BLACK
6
CONTINUOUS
10
0.2864397637795276
20
1.0055886614173228
11
0.2861404724409449
21
1.0052893700787402
0
LINE
8
BLACK
6
CONTINUOUS
10
0.2861404724409449
20
1.0052893700787402
11
0.2855677559055118
21
1.0044322440944882
0
LINE
8
BLACK
6
CONTINUOUS
10
0.2855677559055118
20
1.0044322440944882
11
0.2847105905511811
21
1.0038594881889764
0
LINE
8
BLACK
6
CONTINUOUS
10
0.2847105905511811
20
1.0038594881889764
11
0.2844112992125984
21
1.0035601968503938
0
LINE
8
BLACK
6
CONTINUOUS
10
0.2844112992125984
20
1.0035601968503938
11
0.2839731102362205
21
1.0033666929133858
0
LINE
8
BLACK
6
CONTINUOUS
10
0.2839731102362205
20
1.0033666929133858
11
0.2830132677165354
21
1.0027253543307086
0
LINE
8
BLACK
6
CONTINUOUS
10
0.2830132677165354
20
1.0027253543307086
11
0.2821166929133858
21
1.0025470078740157
0
LINE
8
BLACK
6
CONTINUOUS
10
0.2821166929133858
20
1.0025470078740157
11
0.2816588188976378
21
1.002344842519685
0
LINE
8
BLACK
6
CONTINUOUS
10
0.2816588188976378
20
1.002344842519685
11
0.2803186220472441
21
1.0021893307086613
0
LINE
8
BLACK
6
CONTINUOUS
10
0.2803186220472441
20
1.0021893307086613
11
0.28
21
1.0021259842519685
0
LINE
8
BLACK
6
CONTINUOUS
10
0.28
20
1.0021259842519685
11
0.2797723228346456
21
1.0021259842519685
0
LINE
8
BLACK
6
CONTINUOUS
10
0.2797723228346456
20
1.0021259842519685
11
0.2202277165354331
21
1.0021259842519685
0
LINE
8
BLACK
6
CONTINUOUS
10
0.2202277165354331
20
1.0021259842519685
11
0.22
21
1.0021259842519685
0
LINE
8
BLACK
6
CONTINUOUS
10
0.22
20
1.0021259842519685
11
0.2196813385826772
21
1.0021893307086613
0
LINE
8
BLACK
6
CONTINUOUS
10
0.2196813385826772
20
1.0021893307086613
11
0.2183411417322835
21
1.002344842519685
0
LINE
8
BLACK
6
CONTINUOUS
10
0.2183411417322835
20
1.002344842519685
11
0.2178832283464567
21
1.0025470078740157
0
LINE
8
BLACK
6
CONTINUOUS
10
0.2178832283464567
20
1.0025470078740157
11
0.2169867322834646
21
1.0027253543307086
0
LINE
8
BLACK
6
CONTINUOUS
10
0.2169867322834646
20
1.0027253543307086
11
0.2160269291338583
21
1.003366653543307
0
LINE
8
BLACK
6
CONTINUOUS
10
0.2160269291338583
20
1.003366653543307
11
0.2155886614173228
21
1.0035601968503938
0
LINE
8
BLACK
6
CONTINUOUS
10
0.2155886614173228
20
1.0035601968503938
11
0.2152892519685039
21
1.0038595669291339
0
LINE
8
BLACK
6
CONTINUOUS
10
0.2152892519685039
20
1.0038595669291339
11
0.2144322440944882
21
1.0044322440944882
0
LINE
8
BLACK
6
CONTINUOUS
10
0.2144322440944882
20
1.0044322440944882
11
0.2138595669291339
21
1.0052892519685039
0
LINE
8
BLACK
6
CONTINUOUS
10
0.2138595669291339
20
1.0052892519685039
11
0.2135601968503937
21
1.0055886614173228
0
LINE
8
BLACK
6
CONTINUOUS
10
0.2135601968503937
20
1.0055886614173228
11
0.2133666535433071
21
1.0060269291338582
0
LINE
8
BLACK
6
CONTINUOUS
10
0.2133666535433071
20
1.0060269291338582
11
0.2127253543307087
21
1.0069867322834645
0
LINE
8
BLACK
6
CONTINUOUS
10
0.2127253543307087
20
1.0069867322834645
11
0.2125470078740157
21
1.0078832283464567
0
LINE
8
BLACK
6
CONTINUOUS
10
0.2125470078740157
20
1.0078832283464567
11
0.212344842519685
21
1.0083411417322834
0
LINE
8
BLACK
6
CONTINUOUS
10
0.212344842519685
20
1.0083411417322834
11
0.2121893307086614
21
1.0096814173228346
0
LINE
8
BLACK
6
CONTINUOUS
10
0.2121893307086614
20
1.0096814173228346
11
0.2121259842519685
21
1.01
0
LINE
8
BLACK
6
CONTINUOUS
10
0.2121259842519685
20
1.01
11
0.2121259842519685
21
1.0700000000000001
0
LINE
8
BLACK
6
CONTINUOUS
10
0.2121259842519685
20
1.0700000000000001
11
0.2121893700787401
21
1.0703187007874015
0
LINE
8
BLACK
6
CONTINUOUS
10
0.2121893700787401
20
1.0703187007874015
11
0.212344842519685
21
1.0716588188976377
0
LINE
8
BLACK
6
CONTINUOUS
10
0.212344842519685
20
1.0716588188976377
11
0.2125470078740157
21
1.0721166929133858
0
LINE
8
BLACK
6
CONTINUOUS
10
0.2125470078740157
20
1.0721166929133858
11
0.2127253543307087
21
1.0730132677165354
0
LINE
8
BLACK
6
CONTINUOUS
10
0.2127253543307087
20
1.0730132677165354
11
0.2133666929133858
21
1.0739731102362204
0
LINE
8
BLACK
6
CONTINUOUS
10
0.2133666929133858
20
1.0739731102362204
11
0.2135601968503937
21
1.0744112992125985
0
LINE
8
BLACK
6
CONTINUOUS
10
0.2135601968503937
20
1.0744112992125985
11
0.2138594881889764
21
1.0747105905511811
0
LINE
8
BLACK
6
CONTINUOUS
10
0.2138594881889764
20
1.0747105905511811
11
0.2144322440944882
21
1.0755677559055117
0
LINE
8
BLACK
6
CONTINUOUS
10
0.2144322440944882
20
1.0755677559055117
11
0.2152893700787402
21
1.0761404724409449
0
LINE
8
BLACK
6
CONTINUOUS
10
0.2152893700787402
20
1.0761404724409449
11
0.2155886614173228
21
1.0764397637795275
0
LINE
8
BLACK
6
CONTINUOUS
10
0.2155886614173228
20
1.0764397637795275
11
0.2160267716535433
21
1.0766331889763778
0
LINE
8
BLACK
6
CONTINUOUS
10
0.2160267716535433
20
1.0766331889763778
11
0.2169867322834646
21
1.0772746456692912
0
LINE
8
BLACK
6
CONTINUOUS
10
0.2169867322834646
20
1.0772746456692912
11
0.2178833858267716
21
1.0774529921259843
0
LINE
8
BLACK
6
CONTINUOUS
10
0.2178833858267716
20
1.0774529921259843
11
0.2183411417322835
21
1.0776551181102363
0
LINE
8
BLACK
6
CONTINUOUS
10
0.2183411417322835
20
1.0776551181102363
11
0.2196809448818898
21
1.0778105511811022
0
LINE
8
BLACK
6
CONTINUOUS
10
0.2196809448818898
20
1.0778105511811022
11
0.22
21
1.0778740157480315
0
LINE
8
BLACK
6
CONTINUOUS
10
0.22
20
1.0778740157480315
11
0.28
21
1.0778740157480315
0
LINE
8
BLACK
6
CONTINUOUS
10
0.28
20
1.0778740157480315
11
0.2803191732283464
21
1.0778105118110235
0
LINE
8
BLACK
6
CONTINUOUS
10
1.3803191732283464
20
1.1078105118110235
11
1.3816588188976378
21
1.1076551181102361
0
LINE
8
BLACK
6
CONTINUOUS
10
1.3816588188976378
20
1.1076551181102361
11
1.3821164960629921
21
1.1074529921259841
0
LINE
8
BLACK
6
CONTINUOUS
10
1.3821164960629921
20
1.1074529921259841
11
1.3830132677165354
21
1.1072746456692912
0
LINE
8
BLACK
6
CONTINUOUS
10
1.3830132677165354
20
1.1072746456692912
11
1.3839732677165355
21
1.1066331496062991
0
LINE
8
BLACK
6
CONTINUOUS
10
1.3839732677165355
20
1.1066331496062991
11
1.3844112992125983
21
1.1064397637795276
0
LINE
8
BLACK
6
CONTINUOUS
10
1.3844112992125983
20
1.1064397637795276
11
1.3847104724409449
21
1.1061405511811024
0
LINE
8
BLACK
6
CONTINUOUS
10
1.3847104724409449
20
1.1061405511811024
11
1.3855677559055117
21
1.1055677559055117
0
LINE
8
BLACK
6
CONTINUOUS
10
1.3855677559055117
20
1.1055677559055117
11
1.3861405511811022
21
1.1047104724409449
0
LINE
8
BLACK
6
CONTINUOUS
10
1.3861405511811022
20
1.1047104724409449
11
1.3864397637795276
21
1.1044112992125985
0
LINE
8
BLACK
6
CONTINUOUS
10
1.3864397637795276
20
1.1044112992125985
11
1.3866331496062991
21
1.1039732677165355
0
LINE
8
BLACK
6
CONTINUOUS
10
1.3866331496062991
20
1.1039732677165355
11
1.3872746456692913
21
1.1030132677165354
0
LINE
8
BLACK
6
CONTINUOUS
10
1.3872746456692913
20
1.1030132677165354
11
1.3874529921259842
21
1.1021164960629921
0
LINE
8
BLACK
6
CONTINUOUS
10
1.3874529921259842
20
1.1021164960629921
11
1.3876551181102361
21
1.1016588188976377
0
LINE
8
BLACK
6
CONTINUOUS
10
1.3876551181102361
20
1.1016588188976377
11
1.3878105118110236
21
1.1003190944881889
0
LINE
8
BLACK
6
CONTINUOUS
10
1.3878105118110236
20
1.1003190944881889
11
1.3878740157480314
21
1.0999999999999999
0
LINE
8
BLACK
6
CONTINUOUS
10
1.3878740157480314
20
1.0999999999999999
11
1.3878740157480314
21
1.04
0
LINE
8
BLACK
6
CONTINUOUS
10
1.3878740157480314
20
1.04
11
1.3878105118110236
21
1.0396808661417323
0
LINE
8
BLACK
6
CONTINUOUS
10
1.3878105118110236
20
1.0396808661417323
11
1.3876551181102361
21
1.0383411417322834
0
LINE
8
BLACK
6
CONTINUOUS
10
1.3876551181102361
20
1.0383411417322834
11
1.3874529921259842
21
1.0378833858267715
0
LINE
8
BLACK
6
CONTINUOUS
10
1.3874529921259842
20
1.0378833858267715
11
1.3872746456692913
21
1.0369867322834645
0
LINE
8
BLACK
6
CONTINUOUS
10
1.3872746456692913
20
1.0369867322834645
11
1.3866331889763779
21
1.0360267716535432
0
LINE
8
BLACK
6
CONTINUOUS
10
1.3866331889763779
20
1.0360267716535432
11
1.3864397637795276
21
1.0355886614173229
0
LINE
8
BLACK
6
CONTINUOUS
10
1.3864397637795276
20
1.0355886614173229
11
1.386140472440945
21
1.0352893700787402
0
LINE
8
BLACK
6
CONTINUOUS
10
1.386140472440945
20
1.0352893700787402
11
1.3855677559055117
21
1.0344322440944882
0
LINE
8
BLACK
6
CONTINUOUS
10
1.3855677559055117
20
1.0344322440944882
11
1.3847105905511812
21
1.0338594881889764
0
LINE
8
BLACK
6
CONTINUOUS
10
1.3847105905511812
20
1.0338594881889764
11
1.3844112992125983
21
1.0335601968503936
0
LINE
8
BLACK
6
CONTINUOUS
10
1.3844112992125983
20
1.0335601968503936
11
1.3839731102362205
21
1.0333666929133858
0
LINE
8
BLACK
6
CONTINUOUS
10
1.3839731102362205
20
1.0333666929133858
11
1.3830132677165354
21
1.0327253543307087
0
LINE
8
BLACK
6
CONTINUOUS
10
1.3830132677165354
20
1.0327253543307087
11
1.3821166929133859
21
1.0325470078740158
0
LINE
8
BLACK
6
CONTINUOUS
10
1.3821166929133859
20
1.0325470078740158
11
1.3816588188976378
21
1.0323448425196851
0
LINE
8
BLACK
6
CONTINUOUS
10
1.3816588188976378
20
1.0323448425196851
11
1.3803186220472441
21
1.0321893307086614
0
LINE
8
BLACK
6
CONTINUOUS
10
1.3803186220472441
20
1.0321893307086614
11
1.3799999999999999
21
1.0321259842519686
0
LINE
8
BLACK
6
CONTINUOUS
10
1.3799999999999999
20
1.0321259842519686
11
1.3797723228346457
21
1.0321259842519686
0
LINE
8
BLACK
6
CONTINUOUS
10
1.3797723228346457
20
1.0321259842519686
11
1.320227716535433
21
1.0321259842519686
0
LINE
8
BLACK
6
CONTINUOUS
10
1.320227716535433
20
1.0321259842519686
11
1.3200000000000001
21
1.0321259842519686
0
LINE
8
BLACK
6
CONTINUOUS
10
1.3200000000000001
20
1.0321259842519686
11
1.3196813385826771
21
1.0321893307086614
0
LINE
8
BLACK
6
CONTINUOUS
10
1.3196813385826771
20
1.0321893307086614
11
1.3183411417322835
21
1.0323448425196851
0
LINE
8
BLACK
6
CONTINUOUS
10
1.3183411417322835
20
1.0323448425196851
11
1.3178832283464568
21
1.0325470078740158
0
LINE
8
BLACK
6
CONTINUOUS
10
1.3178832283464568
20
1.0325470078740158
11
1.3169867322834645
21
1.0327253543307087
0
LINE
8
BLACK
6
CONTINUOUS
10
1.3169867322834645
20
1.0327253543307087
11
1.3160269291338582
21
1.033366653543307
0
LINE
8
BLACK
6
CONTINUOUS
10
1.3160269291338582
20
1.033366653543307
11
1.3155886614173229
21
1.0335601968503936
0
LINE
8
BLACK
6
CONTINUOUS
10
1.3155886614173229
20
1.0335601968503936
11
1.315289251968504
21
1.0338595669291339
0
LINE
8
BLACK
6
CONTINUOUS
10
1.315289251968504
20
1.0338595669291339
11
1.3144322440944882
21
1.0344322440944882
0
LINE
8
BLACK
6
CONTINUOUS
10
1.3144322440944882
20
1.0344322440944882
11
1.3138595669291337
21
1.035289251968504
0
LINE
8
BLACK
6
CONTINUOUS
10
1.3138595669291337
20
1.035289251968504
11
1.3135601968503936
21
1.0355886614173229
0
LINE
8
BLACK
6
CONTINUOUS
10
1.3135601968503936
20
1.0355886614173229
11
1.3133666535433071
21
1.0360269291338582
0
LINE
8
BLACK
6
CONTINUOUS
10
1.3133666535433071
20
1.0360269291338582
11
1.3127253543307087
21
1.0369867322834645
0
LINE
8
BLACK
6
CONTINUOUS
10
1.3127253543307087
20
1.0369867322834645
11
1.3125470078740158
21
1.0378832283464567
0
LINE
8
BLACK
6
CONTINUOUS
10
1.3125470078740158
20
1.0378832283464567
11
1.3123448425196851
21
1.0383411417322834
0
LINE
8
BLACK
6
CONTINUOUS
10
1.3123448425196851
20
1.0383411417322834
11
1.3121893307086614
21
1.0396814173228346
0
LINE
8
BLACK
6
CONTINUOUS
10
1.3121893307086614
20
1.0396814173228346
11
1.3121259842519686
21
1.04
0
LINE
8
BLACK
6
CONTINUOUS
10
1.3121259842519686
20
1.04
11
1.3121259842519686
21
1.0999999999999999
0
LINE
8
BLACK
6
CONTINUOUS
10
1.3121259842519686
20
1.0999999999999999
11
1.3121893700787401
21
1.1003187007874016
0
LINE
8
BLACK
6
CONTINUOUS
10
1.3121893700787401
20
1.1003187007874016
11
1.3123448425196851
21
1.1016588188976377
0
LINE
8
BLACK
6
CONTINUOUS
10
1.3123448425196851
20
1.1016588188976377
11
1.3125470078740158
21
1.1021166929133859
0
LINE
8
BLACK
6
CONTINUOUS
10
1.3125470078740158
20
1.1021166929133859
11
1.3127253543307087
21
1.1030132677165354
0
LINE
8
BLACK
6
CONTINUOUS
10
1.3127253543307087
20
1.1030132677165354
11
1.3133666929133858
21
1.1039731102362205
0
LINE
8
BLACK
6
CONTINUOUS
10
1.3133666929133858
20
1.1039731102362205
11
1.3135601968503936
21
1.1044112992125985
0
LINE
8
BLACK
6
CONTINUOUS
10
1.3135601968503936
20
1.1044112992125985
11
1.3138594881889762
21
1.1047105905511811
0
LINE
8
BLACK
6
CONTINUOUS
10
1.3138594881889762
20
1.1047105905511811
11
1.3144322440944882
21
1.1055677559055117
0
LINE
8
BLACK
6
CONTINUOUS
10
1.3144322440944882
20
1.1055677559055117
11
1.31528937007874
21
1.1061404724409449
0
LINE
8
BLACK
6
CONTINUOUS
10
1.31528937007874
20
1.1061404724409449
11
1.3155886614173229
21
1.1064397637795276
0
LINE
8
BLACK
6
CONTINUOUS
10
1.3155886614173229
20
1.1064397637795276
11
1.3160267716535432
21
1.1066331889763779
0
LINE
8
BLACK
6
CONTINUOUS
10
1.3160267716535432
20
1.1066331889763779
11
1.3169867322834645
21
1.1072746456692912
0
LINE
8
BLACK
6
CONTINUOUS
10
1.3169867322834645
20
1.1072746456692912
11
1.3178833858267716
21
1.1074529921259841
0
LINE
8
BLACK
6
CONTINUOUS
10
1.3178833858267716
20
1.1074529921259841
11
1.3183411417322835
21
1.1076551181102361
0
LINE
8
BLACK
6
CONTINUOUS
10
1.3183411417322835
20
1.1076551181102361
11
1.3196809448818898
21
1.1078105511811023
0
LINE
8
BLACK
6
CONTINUOUS
10
1.3196809448818898
20
1.1078105511811023
11
1.3200000000000001
21
1.1078740157480316
0
LINE
8
BLACK
6
CONTINUOUS
10
1.3200000000000001
20
1.1078740157480316
11
1.3799999999999999
21
1.1078740157480316
0
LINE
8
BLACK
6
CONTINUOUS
10
1.3799999999999999
20
1.1078740157480316
11
1.3803191732283464
21
1.1078105118110235
0
LINE
8
BLACK
6
CONTINUOUS
10
1.4803191732283465
20
1.1078105118110235
11
1.4816588188976378
21
1.1076551181102361
0
LINE
8
BLACK
6
CONTINUOUS
10
1.4816588188976378
20
1.1076551181102361
11
1.482116496062992
21
1.1074529921259841
0
LINE
8
BLACK
6
CONTINUOUS
10
1.482116496062992
20
1.1074529921259841
11
1.4830132677165353
21
1.1072746456692912
0
LINE
8
BLACK
6
CONTINUOUS
10
1.4830132677165353
20
1.1072746456692912
11
1.4839732677165354
21
1.1066331496062991
0
LINE
8
BLACK
6
CONTINUOUS
10
1.4839732677165354
20
1.1066331496062991
11
1.4844112992125984
21
1.1064397637795276
0
LINE
8
BLACK
6
CONTINUOUS
10
1.4844112992125984
20
1.1064397637795276
11
1.4847104724409448
21
1.1061405511811024
0
LINE
8
BLACK
6
CONTINUOUS
10
1.4847104724409448
20
1.1061405511811024
11
1.4855677559055118
21
1.1055677559055117
0
LINE
8
BLACK
6
CONTINUOUS
10
1.4855677559055118
20
1.1055677559055117
11
1.4861405511811023
21
1.1047104724409449
0
LINE
8
BLACK
6
CONTINUOUS
10
1.4861405511811023
20
1.1047104724409449
11
1.4864397637795275
21
1.1044112992125985
0
LINE
8
BLACK
6
CONTINUOUS
10
1.4864397637795275
20
1.1044112992125985
11
1.4866331496062992
21
1.1039732677165355
0
LINE
8
BLACK
6
CONTINUOUS
10
1.4866331496062992
20
1.1039732677165355
11
1.4872746456692914
21
1.1030132677165354
0
LINE
8
BLACK
6
CONTINUOUS
10
1.4872746456692914
20
1.1030132677165354
11
1.4874529921259843
21
1.1021164960629921
0
LINE
8
BLACK
6
CONTINUOUS
10
1.4874529921259843
20
1.1021164960629921
11
1.4876551181102362
21
1.1016588188976377
0
LINE
8
BLACK
6
CONTINUOUS
10
1.4876551181102362
20
1.1016588188976377
11
1.4878105118110236
21
1.1003190944881889
0
LINE
8
BLACK
6
CONTINUOUS
10
1.4878105118110236
20
1.1003190944881889
11
1.4878740157480315
21
1.0999999999999999
0
LINE
8
BLACK
6
CONTINUOUS
10
1.4878740157480315
20
1.0999999999999999
11
1.4878740157480315
21
1.04
0
LINE
8
BLACK
6
CONTINUOUS
10
1.4878740157480315
20
1.04
11
1.4878105118110236
21
1.0396808661417323
0
LINE
8
BLACK
6
CONTINUOUS
10
1.4878105118110236
20
1.0396808661417323
11
1.4876551181102362
21
1.0383411417322834
0
LINE
8
BLACK
6
CONTINUOUS
10
1.4876551181102362
20
1.0383411417322834
11
1.4874529921259843
21
1.0378833858267715
0
LINE
8
BLACK
6
CONTINUOUS
10
1.4874529921259843
20
1.0378833858267715
11
1.4872746456692914
21
1.0369867322834645
0
LINE
8
BLACK
6
CONTINUOUS
10
1.4872746456692914
20
1.0369867322834645
11
1.486633188976378
21
1.0360267716535432
0
LINE
8
BLACK
6
CONTINUOUS
10
1.486633188976378
20
1.0360267716535432
11
1.4864397637795275
21
1.0355886614173229
0
LINE
8
BLACK
6
CONTINUOUS
10
1.4864397637795275
20
1.0355886614173229
11
1.4861404724409448
21
1.0352893700787402
0
LINE
8
BLACK
6
CONTINUOUS
10
1.4861404724409448
20
1.0352893700787402
11
1.4855677559055118
21
1.0344322440944882
0
LINE
8
BLACK
6
CONTINUOUS
10
1.4855677559055118
20
1.0344322440944882
11
1.484710590551181
21
1.0338594881889764
0
LINE
8
BLACK
6
CONTINUOUS
10
1.484710590551181
20
1.0338594881889764
11
1.4844112992125984
21
1.0335601968503936
0
LINE
8
BLACK
6
CONTINUOUS
10
1.4844112992125984
20
1.0335601968503936
11
1.4839731102362204
21
1.0333666929133858
0
LINE
8
BLACK
6
CONTINUOUS
10
1.4839731102362204
20
1.0333666929133858
11
1.4830132677165353
21
1.0327253543307087
0
LINE
8
BLACK
6
CONTINUOUS
10
1.4830132677165353
20
1.0327253543307087
11
1.4821166929133858
21
1.0325470078740158
0
LINE
8
BLACK
6
CONTINUOUS
10
1.4821166929133858
20
1.0325470078740158
11
1.4816588188976378
21
1.0323448425196851
0
LINE
8
BLACK
6
CONTINUOUS
10
1.4816588188976378
20
1.0323448425196851
11
1.480318622047244
21
1.0321893307086614
0
LINE
8
BLACK
6
CONTINUOUS
10
1.480318622047244
20
1.0321893307086614
11
1.48
21
1.0321259842519686
0
LINE
8
BLACK
6
CONTINUOUS
10
1.48
20
1.0321259842519686
11
1.4797723228346455
21
1.0321259842519686
0
LINE
8
BLACK
6
CONTINUOUS
10
1.4797723228346455
20
1.0321259842519686
11
1.4202277165354331
21
1.0321259842519686
0
LINE
8
BLACK
6
CONTINUOUS
10
1.4202277165354331
20
1.0321259842519686
11
1.4199999999999999
21
1.0321259842519686
0
LINE
8
BLACK
6
CONTINUOUS
10
1.4199999999999999
20
1.0321259842519686
11
1.4196813385826772
21
1.0321893307086614
0
LINE
8
BLACK
6
CONTINUOUS
10
1.4196813385826772
20
1.0321893307086614
11
1.4183411417322835
21
1.0323448425196851
0
LINE
8
BLACK
6
CONTINUOUS
10
1.4183411417322835
20
1.0323448425196851
11
1.4178832283464566
21
1.0325470078740158
0
LINE
8
BLACK
6
CONTINUOUS
10
1.4178832283464566
20
1.0325470078740158
11
1.4169867322834646
21
1.0327253543307087
0
LINE
8
BLACK
6
CONTINUOUS
10
1.4169867322834646
20
1.0327253543307087
11
1.4160269291338583
21
1.033366653543307
0
LINE
8
BLACK
6
CONTINUOUS
10
1.4160269291338583
20
1.033366653543307
11
1.4155886614173228
21
1.0335601968503936
0
LINE
8
BLACK
6
CONTINUOUS
10
1.4155886614173228
20
1.0335601968503936
11
1.4152892519685039
21
1.0338595669291339
0
LINE
8
BLACK
6
CONTINUOUS
10
1.4152892519685039
20
1.0338595669291339
11
1.4144322440944881
21
1.0344322440944882
0
LINE
8
BLACK
6
CONTINUOUS
10
1.4144322440944881
20
1.0344322440944882
11
1.4138595669291338
21
1.035289251968504
0
LINE
8
BLACK
6
CONTINUOUS
10
1.4138595669291338
20
1.035289251968504
11
1.4135601968503937
21
1.0355886614173229
0
LINE
8
BLACK
6
CONTINUOUS
10
1.4135601968503937
20
1.0355886614173229
11
1.4133666535433071
21
1.0360269291338582
0
LINE
8
BLACK
6
CONTINUOUS
10
1.4133666535433071
20
1.0360269291338582
11
1.4127253543307086
21
1.0369867322834645
0
LINE
8
BLACK
6
CONTINUOUS
10
1.4127253543307086
20
1.0369867322834645
11
1.4125470078740157
21
1.0378832283464567
0
LINE
8
BLACK
6
CONTINUOUS
10
1.4125470078740157
20
1.0378832283464567
11
1.412344842519685
21
1.0383411417322834
0
LINE
8
BLACK
6
CONTINUOUS
10
1.412344842519685
20
1.0383411417322834
11
1.4121893307086615
21
1.0396814173228346
0
LINE
8
BLACK
6
CONTINUOUS
10
1.4121893307086615
20
1.0396814173228346
11
1.4121259842519684
21
1.04
0
LINE
8
BLACK
6
CONTINUOUS
10
1.4121259842519684
20
1.04
11
1.4121259842519684
21
1.0999999999999999
0
LINE
8
BLACK
6
CONTINUOUS
10
1.4121259842519684
20
1.0999999999999999
11
1.4121893700787402
21
1.1003187007874016
0
LINE
8
BLACK
6
CONTINUOUS
10
1.4121893700787402
20
1.1003187007874016
11
1.412344842519685
21
1.1016588188976377
0
LINE
8
BLACK
6
CONTINUOUS
10
1.412344842519685
20
1.1016588188976377
11
1.4125470078740157
21
1.1021166929133859
0
LINE
8
BLACK
6
CONTINUOUS
10
1.4125470078740157
20
1.1021166929133859
11
1.4127253543307086
21
1.1030132677165354
0
LINE
8
BLACK
6
CONTINUOUS
10
1.4127253543307086
20
1.1030132677165354
11
1.4133666929133859
21
1.1039731102362205
0
LINE
8
BLACK
6
CONTINUOUS
10
1.4133666929133859
20
1.1039731102362205
11
1.4135601968503937
21
1.1044112992125985
0
LINE
8
BLACK
6
CONTINUOUS
10
1.4135601968503937
20
1.1044112992125985
11
1.4138594881889763
21
1.1047105905511811
0
LINE
8
BLACK
6
CONTINUOUS
10
1.4138594881889763
20
1.1047105905511811
11
1.4144322440944881
21
1.1055677559055117
0
LINE
8
BLACK
6
CONTINUOUS
10
1.4144322440944881
20
1.1055677559055117
11
1.4152893700787401
21
1.1061404724409449
0
LINE
8
BLACK
6
CONTINUOUS
10
1.4152893700787401
20
1.1061404724409449
11
1.4155886614173228
21
1.1064397637795276
0
LINE
8
BLACK
6
CONTINUOUS
10
1.4155886614173228
20
1.1064397637795276
11
1.4160267716535433
21
1.1066331889763779
0
LINE
8
BLACK
6
CONTINUOUS
10
1.4160267716535433
20
1.1066331889763779
11
1.4169867322834646
21
1.1072746456692912
0
LINE
8
BLACK
6
CONTINUOUS
10
1.4169867322834646
20
1.1072746456692912
11
1.4178833858267716
21
1.1074529921259841
0
LINE
8
BLACK
6
CONTINUOUS
10
1.4178833858267716
20
1.1074529921259841
11
1.4183411417322835
21
1.1076551181102361
0
LINE
8
BLACK
6
CONTINUOUS
10
1.4183411417322835
20
1.1076551181102361
11
1.4196809448818897
21
1.1078105511811023
0
LINE
8
BLACK
6
CONTINUOUS
10
1.4196809448818897
20
1.1078105511811023
11
1.4199999999999999
21
1.1078740157480316
0
LINE
8
BLACK
6
CONTINUOUS
10
1.4199999999999999
20
1.1078740157480316
11
1.48
21
1.1078740157480316
0
LINE
8
BLACK
6
CONTINUOUS
10
1.48
20
1.1078740157480316
11
1.4803191732283465
21
1.1078105118110235
0
LINE
8
BLACK
6
CONTINUOUS
10
0.1803191732283465
20
1.1778105118110236
11
0.1816588188976378
21
1.1776551181102362
0
LINE
8
BLACK
6
CONTINUOUS
10
0.1816588188976378
20
1.1776551181102362
11
0.1821164960629921
21
1.1774529921259842
0
LINE
8
BLACK
6
CONTINUOUS
10
0.1821164960629921
20
1.1774529921259842
11
0.1830132677165354
21
1.1772746456692913
0
LINE
8
BLACK
6
CONTINUOUS
10
0.1830132677165354
20
1.1772746456692913
11
0.1839732677165354
21
1.1766331496062992
0
LINE
8
BLACK
6
CONTINUOUS
10
0.1839732677165354
20
1.1766331496062992
11
0.1844112992125984
21
1.1764397637795276
0
LINE
8
BLACK
6
CONTINUOUS
10
0.1844112992125984
20
1.1764397637795276
11
0.1847104724409449
21
1.1761405511811023
0
LINE
8
BLACK
6
CONTINUOUS
10
0.1847104724409449
20
1.1761405511811023
11
0.1855677559055118
21
1.1755677559055118
0
LINE
8
BLACK
6
CONTINUOUS
10
0.1855677559055118
20
1.1755677559055118
11
0.1861405511811024
21
1.174710472440945
0
LINE
8
BLACK
6
CONTINUOUS
10
0.1861405511811024
20
1.174710472440945
11
0.1864397637795276
21
1.1744112992125983
0
LINE
8
BLACK
6
CONTINUOUS
10
0.1864397637795276
20
1.1744112992125983
11
0.1866331496062992
21
1.1739732677165353
0
LINE
8
BLACK
6
CONTINUOUS
10
0.1866331496062992
20
1.1739732677165353
11
0.1872746456692913
21
1.1730132677165355
0
LINE
8
BLACK
6
CONTINUOUS
10
0.1872746456692913
20
1.1730132677165355
11
0.1874529921259842
21
1.1721164960629922
0
LINE
8
BLACK
6
CONTINUOUS
10
0.1874529921259842
20
1.1721164960629922
11
0.1876551181102362
21
1.1716588188976378
0
LINE
8
BLACK
6
CONTINUOUS
10
0.1876551181102362
20
1.1716588188976378
11
0.1878105118110236
21
1.1703190944881889
0
LINE
8
BLACK
6
CONTINUOUS
10
0.1878105118110236
20
1.1703190944881889
11
0.1878740157480315
21
1.1699999999999999
0
LINE
8
BLACK
6
CONTINUOUS
10
0.1878740157480315
20
1.1699999999999999
11
0.1878740157480315
21
1.1099999999999999
0
LINE
8
BLACK
6
CONTINUOUS
10
0.1878740157480315
20
1.1099999999999999
11
0.1878105118110236
21
1.1096808661417323
0
LINE
8
BLACK
6
CONTINUOUS
10
0.1878105118110236
20
1.1096808661417323
11
0.1876551181102362
21
1.1083411417322835
0
LINE
8
BLACK
6
CONTINUOUS
10
0.1876551181102362
20
1.1083411417322835
11
0.1874529921259842
21
1.1078833858267716
0
LINE
8
BLACK
6
CONTINUOUS
10
0.1874529921259842
20
1.1078833858267716
11
0.1872746456692913
21
1.1069867322834646
0
LINE
8
BLACK
6
CONTINUOUS
10
0.1872746456692913
20
1.1069867322834646
11
0.186633188976378
21
1.1060267716535432
0
LINE
8
BLACK
6
CONTINUOUS
10
0.186633188976378
20
1.1060267716535432
11
0.1864397637795276
21
1.1055886614173227
0
LINE
8
BLACK
6
CONTINUOUS
10
0.1864397637795276
20
1.1055886614173227
11
0.1861404724409449
21
1.1052893700787401
0
LINE
8
BLACK
6
CONTINUOUS
10
0.1861404724409449
20
1.1052893700787401
11
0.1855677559055118
21
1.1044322440944883
0
LINE
8
BLACK
6
CONTINUOUS
10
0.1855677559055118
20
1.1044322440944883
11
0.1847105905511811
21
1.1038594881889763
0
LINE
8
BLACK
6
CONTINUOUS
10
0.1847105905511811
20
1.1038594881889763
11
0.1844112992125984
21
1.1035601968503936
0
LINE
8
BLACK
6
CONTINUOUS
10
0.1844112992125984
20
1.1035601968503936
11
0.1839731102362205
21
1.1033666929133858
0
LINE
8
BLACK
6
CONTINUOUS
10
0.1839731102362205
20
1.1033666929133858
11
0.1830132677165354
21
1.1027253543307087
0
LINE
8
BLACK
6
CONTINUOUS
10
0.1830132677165354
20
1.1027253543307087
11
0.1821166929133858
21
1.1025470078740158
0
LINE
8
BLACK
6
CONTINUOUS
10
0.1821166929133858
20
1.1025470078740158
11
0.1816588188976378
21
1.1023448425196851
0
LINE
8
BLACK
6
CONTINUOUS
10
0.1816588188976378
20
1.1023448425196851
11
0.1803186220472441
21
1.1021893307086614
0
LINE
8
BLACK
6
CONTINUOUS
10
0.1803186220472441
20
1.1021893307086614
11
0.18
21
1.1021259842519684
0
LINE
8
BLACK
6
CONTINUOUS
10
0.18
20
1.1021259842519684
11
0.1797723228346457
21
1.1021259842519684
0
LINE
8
BLACK
6
CONTINUOUS
10
0.1797723228346457
20
1.1021259842519684
11
0.1202277165354331
21
1.1021259842519684
0
LINE
8
BLACK
6
CONTINUOUS
10
0.1202277165354331
20
1.1021259842519684
11
0.12
21
1.1021259842519684
0
LINE
8
BLACK
6
CONTINUOUS
10
0.12
20
1.1021259842519684
11
0.1196813385826772
21
1.1021893307086614
0
LINE
8
BLACK
6
CONTINUOUS
10
0.1196813385826772
20
1.1021893307086614
11
0.1183411417322835
21
1.1023448425196851
0
LINE
8
BLACK
6
CONTINUOUS
10
0.1183411417322835
20
1.1023448425196851
11
0.1178832283464567
21
1.1025470078740158
0
LINE
8
BLACK
6
CONTINUOUS
10
0.1178832283464567
20
1.1025470078740158
11
0.1169867322834646
21
1.1027253543307087
0
LINE
8
BLACK
6
CONTINUOUS
10
0.1169867322834646
20
1.1027253543307087
11
0.1160269291338583
21
1.1033666535433071
0
LINE
8
BLACK
6
CONTINUOUS
10
0.1160269291338583
20
1.1033666535433071
11
0.1155886614173228
21
1.1035601968503936
0
LINE
8
BLACK
6
CONTINUOUS
10
0.1155886614173228
20
1.1035601968503936
11
0.1152892519685039
21
1.1038595669291338
0
LINE
8
BLACK
6
CONTINUOUS
10
0.1152892519685039
20
1.1038595669291338
11
0.1144322440944882
21
1.1044322440944883
0
LINE
8
BLACK
6
CONTINUOUS
10
0.1144322440944882
20
1.1044322440944883
11
0.1138595669291339
21
1.1052892519685038
0
LINE
8
BLACK
6
CONTINUOUS
10
0.1138595669291339
20
1.1052892519685038
11
0.1135601968503937
21
1.1055886614173227
0
LINE
8
BLACK
6
CONTINUOUS
10
0.1135601968503937
20
1.1055886614173227
11
0.1133666535433071
21
1.1060269291338582
0
LINE
8
BLACK
6
CONTINUOUS
10
0.1133666535433071
20
1.1060269291338582
11
0.1127253543307087
21
1.1069867322834646
0
LINE
8
BLACK
6
CONTINUOUS
10
0.1127253543307087
20
1.1069867322834646
11
0.1125470078740157
21
1.1078832283464566
0
LINE
8
BLACK
6
CONTINUOUS
10
0.1125470078740157
20
1.1078832283464566
11
0.112344842519685
21
1.1083411417322835
0
LINE
8
BLACK
6
CONTINUOUS
10
0.112344842519685
20
1.1083411417322835
11
0.1121893307086614
21
1.1096814173228347
0
LINE
8
BLACK
6
CONTINUOUS
10
0.1121893307086614
20
1.1096814173228347
11
0.1121259842519685
21
1.1099999999999999
0
LINE
8
BLACK
6
CONTINUOUS
10
0.1121259842519685
20
1.1099999999999999
11
0.1121259842519685
21
1.1699999999999999
0
LINE
8
BLACK
6
CONTINUOUS
10
0.1121259842519685
20
1.1699999999999999
11
0.1121893700787401
21
1.1703187007874016
0
LINE
8
BLACK
6
CONTINUOUS
10
0.1121893700787401
20
1.1703187007874016
11
0.112344842519685
21
1.1716588188976378
0
LINE
8
BLACK
6
CONTINUOUS
10
0.112344842519685
20
1.1716588188976378
11
0.1125470078740157
21
1.1721166929133857
0
LINE
8
BLACK
6
CONTINUOUS
10
0.1125470078740157
20
1.1721166929133857
11
0.1127253543307087
21
1.1730132677165355
0
LINE
8
BLACK
6
CONTINUOUS
10
0.1127253543307087
20
1.1730132677165355
11
0.1133666929133858
21
1.1739731102362205
0
LINE
8
BLACK
6
CONTINUOUS
10
0.1133666929133858
20
1.1739731102362205
11
0.1135601968503937
21
1.1744112992125983
0
LINE
8
BLACK
6
CONTINUOUS
10
0.1135601968503937
20
1.1744112992125983
11
0.1138594881889764
21
1.174710590551181
0
LINE
8
BLACK
6
CONTINUOUS
10
0.1138594881889764
20
1.174710590551181
11
0.1144322440944882
21
1.1755677559055118
0
LINE
8
BLACK
6
CONTINUOUS
10
0.1144322440944882
20
1.1755677559055118
11
0.1152893700787402
21
1.1761404724409448
0
LINE
8
BLACK
6
CONTINUOUS
10
0.1152893700787402
20
1.1761404724409448
11
0.1155886614173228
21
1.1764397637795276
0
LINE
8
BLACK
6
CONTINUOUS
10
0.1155886614173228
20
1.1764397637795276
11
0.1160267716535433
21
1.1766331889763779
0
LINE
8
BLACK
6
CONTINUOUS
10
0.1160267716535433
20
1.1766331889763779
11
0.1169867322834646
21
1.1772746456692913
0
LINE
8
BLACK
6
CONTINUOUS
10
0.1169867322834646
20
1.1772746456692913
11
0.1178833858267716
21
1.1774529921259842
0
LINE
8
BLACK
6
CONTINUOUS
10
0.1178833858267716
20
1.1774529921259842
11
0.1183411417322835
21
1.1776551181102362
0
LINE
8
BLACK
6
CONTINUOUS
10
0.1183411417322835
20
1.1776551181102362
11
0.1196809448818898
21
1.1778105511811023
0
LINE
8
BLACK
6
CONTINUOUS
10
0.1196809448818898
20
1.1778105511811023
11
0.12
21
1.1778740157480314
0
LINE
8
BLACK
6
CONTINUOUS
10
0.12
20
1.1778740157480314
11
0.18
21
1.1778740157480314
0
LINE
8
BLACK
6
CONTINUOUS
10
0.18
20
1.1778740157480314
11
0.1803191732283465
21
1.1778105118110236
0
LINE
8
BLACK
6
CONTINUOUS
10
0.2803191732283464
20
1.1778105118110236
11
0.2816588188976378
21
1.1776551181102362
0
LINE
8
BLACK
6
CONTINUOUS
10
0.2816588188976378
20
1.1776551181102362
11
0.2821164960629921
21
1.1774529921259842
0
LINE
8
BLACK
6
CONTINUOUS
10
0.2821164960629921
20
1.1774529921259842
11
0.2830132677165354
21
1.1772746456692913
0
LINE
8
BLACK
6
CONTINUOUS
10
0.2830132677165354
20
1.1772746456692913
11
0.2839732677165354
21
1.1766331496062992
0
LINE
8
BLACK
6
CONTINUOUS
10
0.2839732677165354
20
1.1766331496062992
11
0.2844112992125984
21
1.1764397637795276
0
LINE
8
BLACK
6
CONTINUOUS
10
0.2844112992125984
20
1.1764397637795276
11
0.2847104724409449
21
1.1761405511811023
0
LINE
8
BLACK
6
CONTINUOUS
10
0.2847104724409449
20
1.1761405511811023
11
0.2855677559055118
21
1.1755677559055118
0
LINE
8
BLACK
6
CONTINUOUS
10
0.2855677559055118
20
1.1755677559055118
11
0.2861405511811024
21
1.174710472440945
0
LINE
8
BLACK
6
CONTINUOUS
10
0.2861405511811024
20
1.174710472440945
11
0.2864397637795276
21
1.1744112992125983
0
LINE
8
BLACK
6
CONTINUOUS
10
0.2864397637795276
20
1.1744112992125983
11
0.2866331496062992
21
1.1739732677165353
0
LINE
8
BLACK
6
CONTINUOUS
10
0.2866331496062992
20
1.1739732677165353
11
0.2872746456692913
21
1.1730132677165355
0
LINE
8
BLACK
6
CONTINUOUS
10
0.2872746456692913
20
1.1730132677165355
11
0.2874529921259842
21
1.1721164960629922
0
LINE
8
BLACK
6
CONTINUOUS
10
0.2874529921259842
20
1.1721164960629922
11
0.2876551181102362
21
1.1716588188976378
0
LINE
8
BLACK
6
CONTINUOUS
10
0.2876551181102362
20
1.1716588188976378
11
0.2878105118110236
21
1.1703190944881889
0
LINE
8
BLACK
6
CONTINUOUS
10
0.2878105118110236
20
1.1703190944881889
11
0.2878740157480315
21
1.1699999999999999
0
LINE
8
BLACK
6
CONTINUOUS
10
0.2878740157480315
20
1.1699999999999999
11
0.2878740157480315
21
1.1099999999999999
0
LINE
8
BLACK
6
CONTINUOUS
10
0.2878740157480315
20
1.1099999999999999
11
0.2878105118110236
21
1.1096808661417323
0
LINE
8
BLACK
6
CONTINUOUS
10
0.2878105118110236
20
1.1096808661417323
11
0.2876551181102362
21
1.1083411417322835
0
LINE
8
BLACK
6
CONTINUOUS
10
0.2876551181102362
20
1.1083411417322835
11
0.2874529921259842
21
1.1078833858267716
0
LINE
8
BLACK
6
CONTINUOUS
10
0.2874529921259842
20
1.1078833858267716
11
0.2872746456692913
21
1.1069867322834646
0
LINE
8
BLACK
6
CONTINUOUS
10
0.2872746456692913
20
1.1069867322834646
11
0.286633188976378
21
1.1060267716535432
0
LINE
8
BLACK
6
CONTINUOUS
10
0.286633188976378
20
1.1060267716535432
11
0.2864397637795276
21
1.1055886614173227
0
LINE
8
BLACK
6
CONTINUOUS
10
0.2864397637795276
20
1.1055886614173227
11
0.2861404724409449
21
1.1052893700787401
0
LINE
8
BLACK
6
CONTINUOUS
10
0.2861404724409449
20
1.1052893700787401
11
0.2855677559055118
21
1.1044322440944883
0
LINE
8
BLACK
6
CONTINUOUS
10
0.2855677559055118
20
1.1044322440944883
11
0.2847105905511811
21
1.1038594881889763
0
LINE
8
BLACK
6
CONTINUOUS
10
0.2847105905511811
20
1.1038594881889763
11
0.2844112992125984
21
1.1035601968503936
0
LINE
8
BLACK
6
CONTINUOUS
10
0.2844112992125984
20
1.1035601968503936
11
0.2839731102362205
21
1.1033666929133858
0
LINE
8
BLACK
6
CONTINUOUS
10
0.2839731102362205
20
1.1033666929133858
11
0.2830132677165354
21
1.1027253543307087
0
LINE
8
BLACK
6
CONTINUOUS
10
0.2830132677165354
20
1.1027253543307087
11
0.2821166929133858
21
1.1025470078740158
0
LINE
8
BLACK
6
CONTINUOUS
10
0.2821166929133858
20
1.1025470078740158
11
0.2816588188976378
21
1.1023448425196851
0
LINE
8
BLACK
6
CONTINUOUS
10
0.2816588188976378
20
1.1023448425196851
11
0.2803186220472441
21
1.1021893307086614
0
LINE
8
BLACK
6
CONTINUOUS
10
0.2803186220472441
20
1.1021893307086614
11
0.28
21
1.1021259842519684
0
LINE
8
BLACK
6
CONTINUOUS
10
0.28
20
1.1021259842519684
11
0.2797723228346456
21
1.1021259842519684
0
LINE
8
BLACK
6
CONTINUOUS
10
0.2797723228346456
20
1.1021259842519684
11
0.2202277165354331
21
1.1021259842519684
0
LINE
8
BLACK
6
CONTINUOUS
10
0.2202277165354331
20
1.1021259842519684
11
0.22
21
1.1021259842519684
0
LINE
8
BLACK
6
CONTINUOUS
10
0.22
20
1.1021259842519684
11
0.2196813385826772
21
1.1021893307086614
0
LINE
8
BLACK
6
CONTINUOUS
10
0.2196813385826772
20
1.1021893307086614
11
0.2183411417322835
21
1.1023448425196851
0
LINE
8
BLACK
6
CONTINUOUS
10
0.2183411417322835
20
1.1023448425196851
11
0.2178832283464567
21
1.1025470078740158
0
LINE
8
BLACK
6
CONTINUOUS
10
0.2178832283464567
20
1.1025470078740158
11
0.2169867322834646
21
1.1027253543307087
0
LINE
8
BLACK
6
CONTINUOUS
10
0.2169867322834646
20
1.1027253543307087
11
0.2160269291338583
21
1.1033666535433071
0
LINE
8
BLACK
6
CONTINUOUS
10
0.2160269291338583
20
1.1033666535433071
11
0.2155886614173228
21
1.1035601968503936
0
LINE
8
BLACK
6
CONTINUOUS
10
0.2155886614173228
20
1.1035601968503936
11
0.2152892519685039
21
1.1038595669291338
0
LINE
8
BLACK
6
CONTINUOUS
10
0.2152892519685039
20
1.1038595669291338
11
0.2144322440944882
21
1.1044322440944883
0
LINE
8
BLACK
6
CONTINUOUS
10
0.2144322440944882
20
1.1044322440944883
11
0.2138595669291339
21
1.1052892519685038
0
LINE
8
BLACK
6
CONTINUOUS
10
0.2138595669291339
20
1.1052892519685038
11
0.2135601968503937
21
1.1055886614173227
0
LINE
8
BLACK
6
CONTINUOUS
10
0.2135601968503937
20
1.1055886614173227
11
0.2133666535433071
21
1.1060269291338582
0
LINE
8
BLACK
6
CONTINUOUS
10
0.2133666535433071
20
1.1060269291338582
11
0.2127253543307087
21
1.1069867322834646
0
LINE
8
BLACK
6
CONTINUOUS
10
0.2127253543307087
20
1.1069867322834646
11
0.2125470078740157
21
1.1078832283464566
0
LINE
8
BLACK
6
CONTINUOUS
10
0.2125470078740157
20
1.1078832283464566
11
0.212344842519685
21
1.1083411417322835
0
LINE
8
BLACK
6
CONTINUOUS
10
0.212344842519685
20
1.1083411417322835
11
0.2121893307086614
21
1.1096814173228347
0
LINE
8
BLACK
6
CONTINUOUS
10
0.2121893307086614
20
1.1096814173228347
11
0.2121259842519685
21
1.1099999999999999
0
LINE
8
BLACK
6
CONTINUOUS
10
0.2121259842519685
20
1.1099999999999999
11
0.2121259842519685
21
1.1699999999999999
0
LINE
8
BLACK
6
CONTINUOUS
10
0.2121259842519685
20
1.1699999999999999
11
0.2121893700787401
21
1.1703187007874016
0
LINE
8
BLACK
6
CONTINUOUS
10
0.2121893700787401
20
1.1703187007874016
11
0.212344842519685
21
1.1716588188976378
0
LINE
8
BLACK
6
CONTINUOUS
10
0.212344842519685
20
1.1716588188976378
11
0.2125470078740157
21
1.1721166929133857
0
LINE
8
BLACK
6
CONTINUOUS
10
0.2125470078740157
20
1.1721166929133857
11
0.2127253543307087
21
1.1730132677165355
0
LINE
8
BLACK
6
CONTINUOUS
10
0.2127253543307087
20
1.1730132677165355
11
0.2133666929133858
21
1.1739731102362205
0
LINE
8
BLACK
6
CONTINUOUS
10
0.2133666929133858
20
1.1739731102362205
11
0.2135601968503937
21
1.1744112992125983
0
LINE
8
BLACK
6
CONTINUOUS
10
0.2135601968503937
20
1.1744112992125983
11
0.2138594881889764
21
1.174710590551181
0
LINE
8
BLACK
6
CONTINUOUS
10
0.2138594881889764
20
1.174710590551181
11
0.2144322440944882
21
1.1755677559055118
0
LINE
8
BLACK
6
CONTINUOUS
10
0.2144322440944882
20
1.1755677559055118
11
0.2152893700787402
21
1.1761404724409448
0
LINE
8
BLACK
6
CONTINUOUS
10
0.2152893700787402
20
1.1761404724409448
11
0.2155886614173228
21
1.1764397637795276
0
LINE
8
BLACK
6
CONTINUOUS
10
0.2155886614173228
20
1.1764397637795276
11
0.2160267716535433
21
1.1766331889763779
0
LINE
8
BLACK
6
CONTINUOUS
10
0.2160267716535433
20
1.1766331889763779
11
0.2169867322834646
21
1.1772746456692913
0
LINE
8
BLACK
6
CONTINUOUS
10
0.2169867322834646
20
1.1772746456692913
11
0.2178833858267716
21
1.1774529921259842
0
LINE
8
BLACK
6
CONTINUOUS
10
0.2178833858267716
20
1.1774529921259842
11
0.2183411417322835
21
1.1776551181102362
0
LINE
8
BLACK
6
CONTINUOUS
10
0.2183411417322835
20
1.1776551181102362
11
0.2196809448818898
21
1.1778105511811023
0
LINE
8
BLACK
6
CONTINUOUS
10
0.2196809448818898
20
1.1778105511811023
11
0.22
21
1.1778740157480314
0
LINE
8
BLACK
6
CONTINUOUS
10
0.22
20
1.1778740157480314
11
0.28
21
1.1778740157480314
0
LINE
8
BLACK
6
CONTINUOUS
10
0.28
20
1.1778740157480314
11
0.2803191732283464
21
1.1778105118110236
0
LINE
8
BLACK
6
CONTINUOUS
10
1.3803191732283464
20
1.2078105118110236
11
1.3816588188976378
21
1.2076551181102362
0
LINE
8
BLACK
6
CONTINUOUS
10
1.3816588188976378
20
1.2076551181102362
11
1.3821164960629921
21
1.2074529921259842
0
LINE
8
BLACK
6
CONTINUOUS
10
1.3821164960629921
20
1.2074529921259842
11
1.3830132677165354
21
1.2072746456692913
0
LINE
8
BLACK
6
CONTINUOUS
10
1.3830132677165354
20
1.2072746456692913
11
1.3839732677165355
21
1.2066331496062992
0
LINE
8
BLACK
6
CONTINUOUS
10
1.3839732677165355
20
1.2066331496062992
11
1.3844112992125983
21
1.2064397637795274
0
LINE
8
BLACK
6
CONTINUOUS
10
1.3844112992125983
20
1.2064397637795274
11
1.3847104724409449
21
1.2061405511811023
0
LINE
8
BLACK
6
CONTINUOUS
10
1.3847104724409449
20
1.2061405511811023
11
1.3855677559055117
21
1.2055677559055118
0
LINE
8
BLACK
6
CONTINUOUS
10
1.3855677559055117
20
1.2055677559055118
11
1.3861405511811022
21
1.2047104724409448
0
LINE
8
BLACK
6
CONTINUOUS
10
1.3861405511811022
20
1.2047104724409448
11
1.3864397637795276
21
1.2044112992125984
0
LINE
8
BLACK
6
CONTINUOUS
10
1.3864397637795276
20
1.2044112992125984
11
1.3866331496062991
21
1.2039732677165353
0
LINE
8
BLACK
6
CONTINUOUS
10
1.3866331496062991
20
1.2039732677165353
11
1.3872746456692913
21
1.2030132677165355
0
LINE
8
BLACK
6
CONTINUOUS
10
1.3872746456692913
20
1.2030132677165355
11
1.3874529921259842
21
1.2021164960629922
0
LINE
8
BLACK
6
CONTINUOUS
10
1.3874529921259842
20
1.2021164960629922
11
1.3876551181102361
21
1.2016588188976378
0
LINE
8
BLACK
6
CONTINUOUS
10
1.3876551181102361
20
1.2016588188976378
11
1.3878105118110236
21
1.200319094488189
0
LINE
8
BLACK
6
CONTINUOUS
10
1.3878105118110236
20
1.200319094488189
11
1.3878740157480314
21
1.2
0
LINE
8
BLACK
6
CONTINUOUS
10
1.3878740157480314
20
1.2
11
1.3878740157480314
21
1.1399999999999999
0
LINE
8
BLACK
6
CONTINUOUS
10
1.3878740157480314
20
1.1399999999999999
11
1.3878105118110236
21
1.1396808661417324
0
LINE
8
BLACK
6
CONTINUOUS
10
1.3878105118110236
20
1.1396808661417324
11
1.3876551181102361
21
1.1383411417322835
0
LINE
8
BLACK
6
CONTINUOUS
10
1.3876551181102361
20
1.1383411417322835
11
1.3874529921259842
21
1.1378833858267716
0
LINE
8
BLACK
6
CONTINUOUS
10
1.3874529921259842
20
1.1378833858267716
11
1.3872746456692913
21
1.1369867322834646
0
LINE
8
BLACK
6
CONTINUOUS
10
1.3872746456692913
20
1.1369867322834646
11
1.3866331889763779
21
1.1360267716535433
0
LINE
8
BLACK
6
CONTINUOUS
10
1.3866331889763779
20
1.1360267716535433
11
1.3864397637795276
21
1.1355886614173227
0
LINE
8
BLACK
6
CONTINUOUS
10
1.3864397637795276
20
1.1355886614173227
11
1.386140472440945
21
1.1352893700787401
0
LINE
8
BLACK
6
CONTINUOUS
10
1.386140472440945
20
1.1352893700787401
11
1.3855677559055117
21
1.1344322440944881
0
LINE
8
BLACK
6
CONTINUOUS
10
1.3855677559055117
20
1.1344322440944881
11
1.3847105905511812
21
1.1338594881889763
0
LINE
8
BLACK
6
CONTINUOUS
10
1.3847105905511812
20
1.1338594881889763
11
1.3844112992125983
21
1.1335601968503937
0
LINE
8
BLACK
6
CONTINUOUS
10
1.3844112992125983
20
1.1335601968503937
11
1.3839731102362205
21
1.1333666929133859
0
LINE
8
BLACK
6
CONTINUOUS
10
1.3839731102362205
20
1.1333666929133859
11
1.3830132677165354
21
1.1327253543307085
0
LINE
8
BLACK
6
CONTINUOUS
10
1.3830132677165354
20
1.1327253543307085
11
1.3821166929133859
21
1.1325470078740156
0
LINE
8
BLACK
6
CONTINUOUS
10
1.3821166929133859
20
1.1325470078740156
11
1.3816588188976378
21
1.1323448425196849
0
LINE
8
BLACK
6
CONTINUOUS
10
1.3816588188976378
20
1.1323448425196849
11
1.3803186220472441
21
1.1321893307086615
0
LINE
8
BLACK
6
CONTINUOUS
10
1.3803186220472441
20
1.1321893307086615
11
1.3799999999999999
21
1.1321259842519684
0
LINE
8
BLACK
6
CONTINUOUS
10
1.3799999999999999
20
1.1321259842519684
11
1.3797723228346457
21
1.1321259842519684
0
LINE
8
BLACK
6
CONTINUOUS
10
1.3797723228346457
20
1.1321259842519684
11
1.320227716535433
21
1.1321259842519684
0
LINE
8
BLACK
6
CONTINUOUS
10
1.320227716535433
20
1.1321259842519684
11
1.3200000000000001
21
1.1321259842519684
0
LINE
8
BLACK
6
CONTINUOUS
10
1.3200000000000001
20
1.1321259842519684
11
1.3196813385826771
21
1.1321893307086615
0
LINE
8
BLACK
6
CONTINUOUS
10
1.3196813385826771
20
1.1321893307086615
11
1.3183411417322835
21
1.1323448425196849
0
LINE
8
BLACK
6
CONTINUOUS
10
1.3183411417322835
20
1.1323448425196849
11
1.3178832283464568
21
1.1325470078740156
0
LINE
8
BLACK
6
CONTINUOUS
10
1.3178832283464568
20
1.1325470078740156
11
1.3169867322834645
21
1.1327253543307085
0
LINE
8
BLACK
6
CONTINUOUS
10
1.3169867322834645
20
1.1327253543307085
11
1.3160269291338582
21
1.1333666535433071
0
LINE
8
BLACK
6
CONTINUOUS
10
1.3160269291338582
20
1.1333666535433071
11
1.3155886614173229
21
1.1335601968503937
0
LINE
8
BLACK
6
CONTINUOUS
10
1.3155886614173229
20
1.1335601968503937
11
1.315289251968504
21
1.1338595669291338
0
LINE
8
BLACK
6
CONTINUOUS
10
1.315289251968504
20
1.1338595669291338
11
1.3144322440944882
21
1.1344322440944881
0
LINE
8
BLACK
6
CONTINUOUS
10
1.3144322440944882
20
1.1344322440944881
11
1.3138595669291337
21
1.1352892519685038
0
LINE
8
BLACK
6
CONTINUOUS
10
1.3138595669291337
20
1.1352892519685038
11
1.3135601968503936
21
1.1355886614173227
0
LINE
8
BLACK
6
CONTINUOUS
10
1.3135601968503936
20
1.1355886614173227
11
1.3133666535433071
21
1.1360269291338583
0
LINE
8
BLACK
6
CONTINUOUS
10
1.3133666535433071
20
1.1360269291338583
11
1.3127253543307087
21
1.1369867322834646
0
LINE
8
BLACK
6
CONTINUOUS
10
1.3127253543307087
20
1.1369867322834646
11
1.3125470078740158
21
1.1378832283464566
0
LINE
8
BLACK
6
CONTINUOUS
10
1.3125470078740158
20
1.1378832283464566
11
1.3123448425196851
21
1.1383411417322835
0
LINE
8
BLACK
6
CONTINUOUS
10
1.3123448425196851
20
1.1383411417322835
11
1.3121893307086614
21
1.1396814173228347
0
LINE
8
BLACK
6
CONTINUOUS
10
1.3121893307086614
20
1.1396814173228347
11
1.3121259842519686
21
1.1399999999999999
0
LINE
8
BLACK
6
CONTINUOUS
10
1.3121259842519686
20
1.1399999999999999
11
1.3121259842519686
21
1.2
0
LINE
8
BLACK
6
CONTINUOUS
10
1.3121259842519686
20
1.2
11
1.3121893700787401
21
1.2003187007874014
0
LINE
8
BLACK
6
CONTINUOUS
10
1.3121893700787401
20
1.2003187007874014
11
1.3123448425196851
21
1.2016588188976378
0
LINE
8
BLACK
6
CONTINUOUS
10
1.3123448425196851
20
1.2016588188976378
11
1.3125470078740158
21
1.2021166929133857
0
LINE
8
BLACK
6
CONTINUOUS
10
1.3125470078740158
20
1.2021166929133857
11
1.3127253543307087
21
1.2030132677165355
0
LINE
8
BLACK
6
CONTINUOUS
10
1.3127253543307087
20
1.2030132677165355
11
1.3133666929133858
21
1.2039731102362203
0
LINE
8
BLACK
6
CONTINUOUS
10
1.3133666929133858
20
1.2039731102362203
11
1.3135601968503936
21
1.2044112992125984
0
LINE
8
BLACK
6
CONTINUOUS
10
1.3135601968503936
20
1.2044112992125984
11
1.3138594881889762
21
1.204710590551181
0
LINE
8
BLACK
6
CONTINUOUS
10
1.3138594881889762
20
1.204710590551181
11
1.3144322440944882
21
1.2055677559055118
0
LINE
8
BLACK
6
CONTINUOUS
10
1.3144322440944882
20
1.2055677559055118
11
1.31528937007874
21
1.2061404724409448
0
LINE
8
BLACK
6
CONTINUOUS
10
1.31528937007874
20
1.2061404724409448
11
1.3155886614173229
21
1.2064397637795274
0
LINE
8
BLACK
6
CONTINUOUS
10
1.3155886614173229
20
1.2064397637795274
11
1.3160267716535432
21
1.2066331889763779
0
LINE
8
BLACK
6
CONTINUOUS
10
1.3160267716535432
20
1.2066331889763779
11
1.3169867322834645
21
1.2072746456692913
0
LINE
8
BLACK
6
CONTINUOUS
10
1.3169867322834645
20
1.2072746456692913
11
1.3178833858267716
21
1.2074529921259842
0
LINE
8
BLACK
6
CONTINUOUS
10
1.3178833858267716
20
1.2074529921259842
11
1.3183411417322835
21
1.2076551181102362
0
LINE
8
BLACK
6
CONTINUOUS
10
1.3183411417322835
20
1.2076551181102362
11
1.3196809448818898
21
1.2078105511811024
0
LINE
8
BLACK
6
CONTINUOUS
10
1.3196809448818898
20
1.2078105511811024
11
1.3200000000000001
21
1.2078740157480314
0
LINE
8
BLACK
6
CONTINUOUS
10
1.3200000000000001
20
1.2078740157480314
11
1.3799999999999999
21
1.2078740157480314
0
LINE
8
BLACK
6
CONTINUOUS
10
1.3799999999999999
20
1.2078740157480314
11
1.3803191732283464
21
1.2078105118110236
0
LINE
8
BLACK
6
CONTINUOUS
10
1.4803191732283465
20
1.2078105118110236
11
1.4816588188976378
21
1.2076551181102362
0
LINE
8
BLACK
6
CONTINUOUS
10
1.4816588188976378
20
1.2076551181102362
11
1.482116496062992
21
1.2074529921259842
0
LINE
8
BLACK
6
CONTINUOUS
10
1.482116496062992
20
1.2074529921259842
11
1.4830132677165353
21
1.2072746456692913
0
LINE
8
BLACK
6
CONTINUOUS
10
1.4830132677165353
20
1.2072746456692913
11
1.4839732677165354
21
1.2066331496062992
0
LINE
8
BLACK
6
CONTINUOUS
10
1.4839732677165354
20
1.2066331496062992
11
1.4844112992125984
21
1.2064397637795274
0
LINE
8
BLACK
6
CONTINUOUS
10
1.4844112992125984
20
1.2064397637795274
11
1.4847104724409448
21
1.2061405511811023
0
LINE
8
BLACK
6
CONTINUOUS
10
1.4847104724409448
20
1.2061405511811023
11
1.4855677559055118
21
1.2055677559055118
0
LINE
8
BLACK
6
CONTINUOUS
10
1.4855677559055118
20
1.2055677559055118
11
1.4861405511811023
21
1.2047104724409448
0
LINE
8
BLACK
6
CONTINUOUS
10
1.4861405511811023
20
1.2047104724409448
11
1.4864397637795275
21
1.2044112992125984
0
LINE
8
BLACK
6
CONTINUOUS
10
1.4864397637795275
20
1.2044112992125984
11
1.4866331496062992
21
1.2039732677165353
0
LINE
8
BLACK
6
CONTINUOUS
10
1.4866331496062992
20
1.2039732677165353
11
1.4872746456692914
21
1.2030132677165355
0
LINE
8
BLACK
6
CONTINUOUS
10
1.4872746456692914
20
1.2030132677165355
11
1.4874529921259843
21
1.2021164960629922
0
LINE
8
BLACK
6
CONTINUOUS
10
1.4874529921259843
20
1.2021164960629922
11
1.4876551181102362
21
1.2016588188976378
0
LINE
8
BLACK
6
CONTINUOUS
10
1.4876551181102362
20
1.2016588188976378
11
1.4878105118110236
21
1.200319094488189
0
LINE
8
BLACK
6
CONTINUOUS
10
1.4878105118110236
20
1.200319094488189
11
1.4878740157480315
21
1.2
0
LINE
8
BLACK
6
CONTINUOUS
10
1.4878740157480315
20
1.2
11
1.4878740157480315
21
1.1399999999999999
0
LINE
8
BLACK
6
CONTINUOUS
10
1.4878740157480315
20
1.1399999999999999
11
1.4878105118110236
21
1.1396808661417324
0
LINE
8
BLACK
6
CONTINUOUS
10
1.4878105118110236
20
1.1396808661417324
11
1.4876551181102362
21
1.1383411417322835
0
LINE
8
BLACK
6
CONTINUOUS
10
1.4876551181102362
20
1.1383411417322835
11
1.4874529921259843
21
1.1378833858267716
0
LINE
8
BLACK
6
CONTINUOUS
10
1.4874529921259843
20
1.1378833858267716
11
1.4872746456692914
21
1.1369867322834646
0
LINE
8
BLACK
6
CONTINUOUS
10
1.4872746456692914
20
1.1369867322834646
11
1.486633188976378
21
1.1360267716535433
0
LINE
8
BLACK
6
CONTINUOUS
10
1.486633188976378
20
1.1360267716535433
11
1.4864397637795275
21
1.1355886614173227
0
LINE
8
BLACK
6
CONTINUOUS
10
1.4864397637795275
20
1.1355886614173227
11
1.4861404724409448
21
1.1352893700787401
0
LINE
8
BLACK
6
CONTINUOUS
10
1.4861404724409448
20
1.1352893700787401
11
1.4855677559055118
21
1.1344322440944881
0
LINE
8
BLACK
6
CONTINUOUS
10
1.4855677559055118
20
1.1344322440944881
11
1.484710590551181
21
1.1338594881889763
0
LINE
8
BLACK
6
CONTINUOUS
10
1.484710590551181
20
1.1338594881889763
11
1.4844112992125984
21
1.1335601968503937
0
LINE
8
BLACK
6
CONTINUOUS
10
1.4844112992125984
20
1.1335601968503937
11
1.4839731102362204
21
1.1333666929133859
0
LINE
8
BLACK
6
CONTINUOUS
10
1.4839731102362204
20
1.1333666929133859
11
1.4830132677165353
21
1.1327253543307085
0
LINE
8
BLACK
6
CONTINUOUS
10
1.4830132677165353
20
1.1327253543307085
11
1.4821166929133858
21
1.1325470078740156
0
LINE
8
BLACK
6
CONTINUOUS
10
1.4821166929133858
20
1.1325470078740156
11
1.4816588188976378
21
1.1323448425196849
0
LINE
8
BLACK
6
CONTINUOUS
10
1.4816588188976378
20
1.1323448425196849
11
1.480318622047244
21
1.1321893307086615
0
LINE
8
BLACK
6
CONTINUOUS
10
1.480318622047244
20
1.1321893307086615
11
1.48
21
1.1321259842519684
0
LINE
8
BLACK
6
CONTINUOUS
10
1.48
20
1.1321259842519684
11
1.4797723228346455
21
1.1321259842519684
0
LINE
8
BLACK
6
CONTINUOUS
10
1.4797723228346455
20
1.1321259842519684
11
1.4202277165354331
21
1.1321259842519684
0
LINE
8
BLACK
6
CONTINUOUS
10
1.4202277165354331
20
1.1321259842519684
11
1.4199999999999999
21
1.1321259842519684
0
LINE
8
BLACK
6
CONTINUOUS
10
1.4199999999999999
20
1.1321259842519684
11
1.4196813385826772
21
1.1321893307086615
0
LINE
8
BLACK
6
CONTINUOUS
10
1.4196813385826772
20
1.1321893307086615
11
1.4183411417322835
21
1.1323448425196849
0
LINE
8
BLACK
6
CONTINUOUS
10
1.4183411417322835
20
1.1323448425196849
11
1.4178832283464566
21
1.1325470078740156
0
LINE
8
BLACK
6
CONTINUOUS
10
1.4178832283464566
20
1.1325470078740156
11
1.4169867322834646
21
1.1327253543307085
0
LINE
8
BLACK
6
CONTINUOUS
10
1.4169867322834646
20
1.1327253543307085
11
1.4160269291338583
21
1.1333666535433071
0
LINE
8
BLACK
6
CONTINUOUS
10
1.4160269291338583
20
1.1333666535433071
11
1.4155886614173228
21
1.1335601968503937
0
LINE
8
BLACK
6
CONTINUOUS
10
1.4155886614173228
20
1.1335601968503937
11
1.4152892519685039
21
1.1338595669291338
0
LINE
8
BLACK
6
CONTINUOUS
10
1.4152892519685039
20
1.1338595669291338
11
1.4144322440944881
21
1.1344322440944881
0
LINE
8
BLACK
6
CONTINUOUS
10
1.4144322440944881
20
1.1344322440944881
11
1.4138595669291338
21
1.1352892519685038
0
LINE
8
BLACK
6
CONTINUOUS
10
1.4138595669291338
20
1.1352892519685038
11
1.4135601968503937
21
1.1355886614173227
0
LINE
8
BLACK
6
CONTINUOUS
10
1.4135601968503937
20
1.1355886614173227
11
1.4133666535433071
21
1.1360269291338583
0
LINE
8
BLACK
6
CONTINUOUS
10
1.4133666535433071
20
1.1360269291338583
11
1.4127253543307086
21
1.1369867322834646
0
LINE
8
BLACK
6
CONTINUOUS
10
1.4127253543307086
20
1.1369867322834646
11
1.4125470078740157
21
1.1378832283464566
0
LINE
8
BLACK
6
CONTINUOUS
10
1.4125470078740157
20
1.1378832283464566
11
1.412344842519685
21
1.1383411417322835
0
LINE
8
BLACK
6
CONTINUOUS
10
1.412344842519685
20
1.1383411417322835
11
1.4121893307086615
21
1.1396814173228347
0
LINE
8
BLACK
6
CONTINUOUS
10
1.4121893307086615
20
1.1396814173228347
11
1.4121259842519684
21
1.1399999999999999
0
LINE
8
BLACK
6
CONTINUOUS
10
1.4121259842519684
20
1.1399999999999999
11
1.4121259842519684
21
1.2
0
LINE
8
BLACK
6
CONTINUOUS
10
1.4121259842519684
20
1.2
11
1.4121893700787402
21
1.2003187007874014
0
LINE
8
BLACK
6
CONTINUOUS
10
1.4121893700787402
20
1.2003187007874014
11
1.412344842519685
21
1.2016588188976378
0
LINE
8
BLACK
6
CONTINUOUS
10
1.412344842519685
20
1.2016588188976378
11
1.4125470078740157
21
1.2021166929133857
0
LINE
8
BLACK
6
CONTINUOUS
10
1.4125470078740157
20
1.2021166929133857
11
1.4127253543307086
21
1.2030132677165355
0
LINE
8
BLACK
6
CONTINUOUS
10
1.4127253543307086
20
1.2030132677165355
11
1.4133666929133859
21
1.2039731102362203
0
LINE
8
BLACK
6
CONTINUOUS
10
1.4133666929133859
20
1.2039731102362203
11
1.4135601968503937
21
1.2044112992125984
0
LINE
8
BLACK
6
CONTINUOUS
10
1.4135601968503937
20
1.2044112992125984
11
1.4138594881889763
21
1.204710590551181
0
LINE
8
BLACK
6
CONTINUOUS
10
1.4138594881889763
20
1.204710590551181
11
1.4144322440944881
21
1.2055677559055118
0
LINE
8
BLACK
6
CONTINUOUS
10
1.4144322440944881
20
1.2055677559055118
11
1.4152893700787401
21
1.2061404724409448
0
LINE
8
BLACK
6
CONTINUOUS
10
1.4152893700787401
20
1.2061404724409448
11
1.4155886614173228
21
1.2064397637795274
0
LINE
8
BLACK
6
CONTINUOUS
10
1.4155886614173228
20
1.2064397637795274
11
1.4160267716535433
21
1.2066331889763779
0
LINE
8
BLACK
6
CONTINUOUS
10
1.4160267716535433
20
1.2066331889763779
11
1.4169867322834646
21
1.2072746456692913
0
LINE
8
BLACK
6
CONTINUOUS
10
1.4169867322834646
20
1.2072746456692913
11
1.4178833858267716
21
1.2074529921259842
0
LINE
8
BLACK
6
CONTINUOUS
10
1.4178833858267716
20
1.2074529921259842
11
1.4183411417322835
21
1.2076551181102362
0
LINE
8
BLACK
6
CONTINUOUS
10
1.4183411417322835
20
1.2076551181102362
11
1.4196809448818897
21
1.2078105511811024
0
LINE
8
BLACK
6
CONTINUOUS
10
1.4196809448818897
20
1.2078105511811024
11
1.4199999999999999
21
1.2078740157480314
0
LINE
8
BLACK
6
CONTINUOUS
10
1.4199999999999999
20
1.2078740157480314
11
1.48
21
1.2078740157480314
0
LINE
8
BLACK
6
CONTINUOUS
10
1.48
20
1.2078740157480314
11
1.4803191732283465
21
1.2078105118110236
0
LINE
8
BLACK
6
CONTINUOUS
10
0.2033930708661417
20
1.5257937007874016
11
0.2068202362204724
21
1.5257937007874016
0
LINE
8
BLACK
6
CONTINUOUS
10
0.2068202362204724
20
1.5257937007874016
11
0.2104794094488189
21
1.5253957086614174
0
LINE
8
BLACK
6
CONTINUOUS
10
0.2104794094488189
20
1.5253957086614174
11
0.2141057480314961
21
1.5251920866141733
0
LINE
8
BLACK
6
CONTINUOUS
10
0.2141057480314961
20
1.5251920866141733
11
0.2172249212598425
21
1.5246620866141731
0
LINE
8
BLACK
6
CONTINUOUS
10
0.2172249212598425
20
1.5246620866141731
11
0.2203811023622047
21
1.5243188582677165
0
LINE
8
BLACK
6
CONTINUOUS
10
0.2203811023622047
20
1.5243188582677165
11
0.2242248818897638
21
1.5234727559055117
0
LINE
8
BLACK
6
CONTINUOUS
10
0.2242248818897638
20
1.5234727559055117
11
0.2280341338582677
21
1.5228255511811024
0
LINE
8
BLACK
6
CONTINUOUS
10
0.2280341338582677
20
1.5228255511811024
11
0.2308478346456693
21
1.5220149212598424
0
LINE
8
BLACK
6
CONTINUOUS
10
0.2308478346456693
20
1.5220149212598424
11
0.233702874015748
21
1.5213864960629921
0
LINE
8
BLACK
6
CONTINUOUS
10
0.233702874015748
20
1.5213864960629921
11
0.2376761023622047
21
1.5200477559055117
0
LINE
8
BLACK
6
CONTINUOUS
10
0.2376761023622047
20
1.5200477559055117
11
0.2416099606299213
21
1.5189144488188977
0
LINE
8
BLACK
6
CONTINUOUS
10
0.2416099606299213
20
1.5189144488188977
11
0.2440963779527559
21
1.5178845275590551
0
LINE
8
BLACK
6
CONTINUOUS
10
0.2440963779527559
20
1.5178845275590551
11
0.2466292913385827
21
1.5170311023622047
0
LINE
8
BLACK
6
CONTINUOUS
10
0.2466292913385827
20
1.5170311023622047
11
0.2506707874015748
21
1.5151612992125985
0
LINE
8
BLACK
6
CONTINUOUS
10
0.2506707874015748
20
1.5151612992125985
11
0.2546625196850394
21
1.5135078740157479
0
LINE
8
BLACK
6
CONTINUOUS
10
0.2546625196850394
20
1.5135078740157479
11
0.2568098031496063
21
1.512321062992126
0
LINE
8
BLACK
6
CONTINUOUS
10
0.2568098031496063
20
1.512321062992126
11
0.2590093307086614
21
1.5113035039370077
0
LINE
8
BLACK
6
CONTINUOUS
10
0.2590093307086614
20
1.5113035039370077
11
0.2630505511811024
21
1.5088719685039369
0
LINE
8
BLACK
6
CONTINUOUS
10
0.2630505511811024
20
1.5088719685039369
11
0.2670276771653543
21
1.5066738976377951
0
LINE
8
BLACK
6
CONTINUOUS
10
0.2670276771653543
20
1.5066738976377951
11
0.2688345669291339
21
1.505391811023622
0
LINE
8
BLACK
6
CONTINUOUS
10
0.2688345669291339
20
1.505391811023622
11
0.2706976377952756
21
1.5042708661417323
0
LINE
8
BLACK
6
CONTINUOUS
10
0.2706976377952756
20
1.5042708661417323
11
0.2746654724409449
21
1.5012545669291337
0
LINE
8
BLACK
6
CONTINUOUS
10
0.2746654724409449
20
1.5012545669291337
11
0.2785498818897638
21
1.498498464566929
0
LINE
8
BLACK
6
CONTINUOUS
10
0.2785498818897638
20
1.498498464566929
11
0.2800237007874016
21
1.4971813779527559
0
LINE
8
BLACK
6
CONTINUOUS
10
0.2800237007874016
20
1.4971813779527559
11
0.2815566535433071
21
1.496016062992126
0
LINE
8
BLACK
6
CONTINUOUS
10
0.2815566535433071
20
1.496016062992126
11
0.285373937007874
21
1.4924000787401575
0
LINE
8
BLACK
6
CONTINUOUS
10
0.285373937007874
20
1.4924000787401575
11
0.2890843307086614
21
1.4890843307086614
0
LINE
8
BLACK
6
CONTINUOUS
10
0.2890843307086614
20
1.4890843307086614
11
0.2902422440944882
21
1.4877885826771653
0
LINE
8
BLACK
6
CONTINUOUS
10
0.2902422440944882
20
1.4877885826771653
11
0.2914596456692913
21
1.4866354330708662
0
LINE
8
BLACK
6
CONTINUOUS
10
0.2914596456692913
20
1.4866354330708662
11
0.2950464960629921
21
1.4824126377952755
0
LINE
8
BLACK
6
CONTINUOUS
10
0.2950464960629921
20
1.4824126377952755
11
0.2984984645669291
21
1.4785498818897638
0
LINE
8
BLACK
6
CONTINUOUS
10
0.2984984645669291
20
1.4785498818897638
11
0.2993655118110236
21
1.4773278346456693
0
LINE
8
BLACK
6
CONTINUOUS
10
0.2993655118110236
20
1.4773278346456693
11
0.3002906692913386
21
1.4762387007874016
0
LINE
8
BLACK
6
CONTINUOUS
10
0.3002906692913386
20
1.4762387007874016
11
0.303567874015748
21
1.4714051574803149
0
LINE
8
BLACK
6
CONTINUOUS
10
0.303567874015748
20
1.4714051574803149
11
0.3066738976377953
21
1.4670276771653543
0
LINE
8
BLACK
6
CONTINUOUS
10
0.3066738976377953
20
1.4670276771653543
11
0.3072822047244094
21
1.4659269291338581
0
LINE
8
BLACK
6
CONTINUOUS
10
0.3072822047244094
20
1.4659269291338581
11
0.3079456299212598
21
1.4649485433070866
0
LINE
8
BLACK
6
CONTINUOUS
10
0.3079456299212598
20
1.4649485433070866
11
0.3108335433070866
21
1.4595013385826772
0
LINE
8
BLACK
6
CONTINUOUS
10
0.3108335433070866
20
1.4595013385826772
11
0.313507874015748
21
1.4546625196850393
0
LINE
8
BLACK
6
CONTINUOUS
10
0.313507874015748
20
1.4546625196850393
11
0.3138970078740158
21
1.4537229527559055
0
LINE
8
BLACK
6
CONTINUOUS
10
0.3138970078740158
20
1.4537229527559055
11
0.3143348031496063
21
1.4528972834645668
0
LINE
8
BLACK
6
CONTINUOUS
10
0.3143348031496063
20
1.4528972834645668
11
0.3167526377952756
21
1.4468289763779527
0
LINE
8
BLACK
6
CONTINUOUS
10
0.3167526377952756
20
1.4468289763779527
11
0.3189144488188976
21
1.4416099606299213
0
LINE
8
BLACK
6
CONTINUOUS
10
0.3189144488188976
20
1.4416099606299213
11
0.3191294094488189
21
1.4408637401574802
0
LINE
8
BLACK
6
CONTINUOUS
10
0.3191294094488189
20
1.4408637401574802
11
0.3193839763779527
21
1.4402248818897638
0
LINE
8
BLACK
6
CONTINUOUS
10
0.3193839763779527
20
1.4402248818897638
11
0.3212576771653543
21
1.4334763385826772
0
LINE
8
BLACK
6
CONTINUOUS
10
0.3212576771653543
20
1.4334763385826772
11
0.3228255511811023
21
1.4280341338582676
0
LINE
8
BLACK
6
CONTINUOUS
10
0.3228255511811023
20
1.4280341338582676
11
0.3229151968503937
21
1.4275064566929134
0
LINE
8
BLACK
6
CONTINUOUS
10
0.3229151968503937
20
1.4275064566929134
11
0.3230331102362204
21
1.4270818110236221
0
LINE
8
BLACK
6
CONTINUOUS
10
0.3230331102362204
20
1.4270818110236221
11
0.3242899212598425
21
1.4194154724409449
0
LINE
8
BLACK
6
CONTINUOUS
10
0.3242899212598425
20
1.4194154724409449
11
0.3251920866141732
21
1.414105748031496
0
LINE
8
BLACK
6
CONTINUOUS
10
0.3251920866141732
20
1.414105748031496
11
0.3252085826771653
21
1.4138117322834645
0
LINE
8
BLACK
6
CONTINUOUS
10
0.3252085826771653
20
1.4138117322834645
11
0.3252399606299213
21
1.4136204330708662
0
LINE
8
BLACK
6
CONTINUOUS
10
0.3252399606299213
20
1.4136204330708662
11
0.3258165748031496
21
1.4029851181102362
0
LINE
8
BLACK
6
CONTINUOUS
10
0.3258165748031496
20
1.4029851181102362
11
0.3259842519685039
21
1.3999999999999999
0
LINE
8
BLACK
6
CONTINUOUS
10
0.3259842519685039
20
1.3999999999999999
11
0.3258166141732283
21
1.3970151181102362
0
LINE
8
BLACK
6
CONTINUOUS
10
0.3258166141732283
20
1.3970151181102362
11
0.3252399606299213
21
1.3863795275590551
0
LINE
8
BLACK
6
CONTINUOUS
10
0.3252399606299213
20
1.3863795275590551
11
0.3252085826771653
21
1.3861881889763779
0
LINE
8
BLACK
6
CONTINUOUS
10
0.3252085826771653
20
1.3861881889763779
11
0.3251920866141732
21
1.3858942519685038
0
LINE
8
BLACK
6
CONTINUOUS
10
0.3251920866141732
20
1.3858942519685038
11
0.3242900787401575
21
1.380585590551181
0
LINE
8
BLACK
6
CONTINUOUS
10
0.3242900787401575
20
1.380585590551181
11
0.3230331102362204
21
1.3729181496062992
0
LINE
8
BLACK
6
CONTINUOUS
10
0.3230331102362204
20
1.3729181496062992
11
0.322915157480315
21
1.3724934251968504
0
LINE
8
BLACK
6
CONTINUOUS
10
0.322915157480315
20
1.3724934251968504
11
0.3228255511811023
21
1.3719658661417322
0
LINE
8
BLACK
6
CONTINUOUS
10
0.3228255511811023
20
1.3719658661417322
11
0.3212579527559055
21
1.3665246456692912
0
LINE
8
BLACK
6
CONTINUOUS
10
0.3212579527559055
20
1.3665246456692912
11
0.3193839763779527
21
1.3597750787401575
0
LINE
8
BLACK
6
CONTINUOUS
10
0.3193839763779527
20
1.3597750787401575
11
0.3191293700787401
21
1.3591361023622046
0
LINE
8
BLACK
6
CONTINUOUS
10
0.3191293700787401
20
1.3591361023622046
11
0.3189144488188976
21
1.3583900393700787
0
LINE
8
BLACK
6
CONTINUOUS
10
0.3189144488188976
20
1.3583900393700787
11
0.316753031496063
21
1.3531720078740157
0
LINE
8
BLACK
6
CONTINUOUS
10
0.316753031496063
20
1.3531720078740157
11
0.3143348031496063
21
1.3471026771653543
0
LINE
8
BLACK
6
CONTINUOUS
10
0.3143348031496063
20
1.3471026771653543
11
0.313896968503937
21
1.3462768110236221
0
LINE
8
BLACK
6
CONTINUOUS
10
0.313896968503937
20
1.3462768110236221
11
0.313507874015748
21
1.3453374803149607
0
LINE
8
BLACK
6
CONTINUOUS
10
0.313507874015748
20
1.3453374803149607
11
0.3108340551181102
21
1.3404995669291337
0
LINE
8
BLACK
6
CONTINUOUS
10
0.3108340551181102
20
1.3404995669291337
11
0.3079456299212598
21
1.3350514173228347
0
LINE
8
BLACK
6
CONTINUOUS
10
0.3079456299212598
20
1.3350514173228347
11
0.3072820866141732
21
1.3340727952755904
0
LINE
8
BLACK
6
CONTINUOUS
10
0.3072820866141732
20
1.3340727952755904
11
0.3066738976377953
21
1.3329723228346457
0
LINE
8
BLACK
6
CONTINUOUS
10
0.3066738976377953
20
1.3329723228346457
11
0.3035684645669292
21
1.3285956299212598
0
LINE
8
BLACK
6
CONTINUOUS
10
0.3035684645669292
20
1.3285956299212598
11
0.3002906692913386
21
1.3237612598425197
0
LINE
8
BLACK
6
CONTINUOUS
10
0.3002906692913386
20
1.3237612598425197
11
0.2993653543307087
21
1.3226718897637795
0
LINE
8
BLACK
6
CONTINUOUS
10
0.2993653543307087
20
1.3226718897637795
11
0.2984984645669291
21
1.3214501181102363
0
LINE
8
BLACK
6
CONTINUOUS
10
0.2984984645669291
20
1.3214501181102363
11
0.2950471653543307
21
1.3175881102362204
0
LINE
8
BLACK
6
CONTINUOUS
10
0.2950471653543307
20
1.3175881102362204
11
0.2914596456692913
21
1.3133645275590551
0
LINE
8
BLACK
6
CONTINUOUS
10
0.2914596456692913
20
1.3133645275590551
11
0.2902420078740157
21
1.3122111023622047
0
LINE
8
BLACK
6
CONTINUOUS
10
0.2902420078740157
20
1.3122111023622047
11
0.2890843307086614
21
1.3109156692913386
0
LINE
8
BLACK
6
CONTINUOUS
10
0.2890843307086614
20
1.3109156692913386
11
0.2853746850393701
21
1.3076005118110237
0
LINE
8
BLACK
6
CONTINUOUS
10
0.2853746850393701
20
1.3076005118110237
11
0.2815566535433071
21
1.3039838976377953
0
LINE
8
BLACK
6
CONTINUOUS
10
0.2815566535433071
20
1.3039838976377953
11
0.2800233858267717
21
1.3028183464566929
0
LINE
8
BLACK
6
CONTINUOUS
10
0.2800233858267717
20
1.3028183464566929
11
0.2785498818897638
21
1.3015015354330708
0
LINE
8
BLACK
6
CONTINUOUS
10
0.2785498818897638
20
1.3015015354330708
11
0.2746662598425197
21
1.2987459448818897
0
LINE
8
BLACK
6
CONTINUOUS
10
0.2746662598425197
20
1.2987459448818897
11
0.2706976377952756
21
1.295729094488189
0
LINE
8
BLACK
6
CONTINUOUS
10
0.2706976377952756
20
1.295729094488189
11
0.2688341732283465
21
1.2946078740157481
0
LINE
8
BLACK
6
CONTINUOUS
10
0.2688341732283465
20
1.2946078740157481
11
0.2670276771653543
21
1.2933261023622047
0
LINE
8
BLACK
6
CONTINUOUS
10
0.2670276771653543
20
1.2933261023622047
11
0.2630513385826772
21
1.2911284645669292
0
LINE
8
BLACK
6
CONTINUOUS
10
0.2630513385826772
20
1.2911284645669292
11
0.2590093307086614
21
1.2886964566929133
0
LINE
8
BLACK
6
CONTINUOUS
10
0.2590093307086614
20
1.2886964566929133
11
0.2568093700787402
21
1.287678622047244
0
LINE
8
BLACK
6
CONTINUOUS
10
0.2568093700787402
20
1.287678622047244
11
0.2546625196850394
21
1.2864921259842519
0
LINE
8
BLACK
6
CONTINUOUS
10
0.2546625196850394
20
1.2864921259842519
11
0.2506716141732284
21
1.2848390157480314
0
LINE
8
BLACK
6
CONTINUOUS
10
0.2506716141732284
20
1.2848390157480314
11
0.2466292913385827
21
1.2829688582677166
0
LINE
8
BLACK
6
CONTINUOUS
10
0.2466292913385827
20
1.2829688582677166
11
0.2440958661417323
21
1.2821152362204724
0
LINE
8
BLACK
6
CONTINUOUS
10
0.2440958661417323
20
1.2821152362204724
11
0.2416099606299213
21
1.2810855511811023
0
LINE
8
BLACK
6
CONTINUOUS
10
0.2416099606299213
20
1.2810855511811023
11
0.2376768897637795
21
1.2799524409448819
0
LINE
8
BLACK
6
CONTINUOUS
10
0.2376768897637795
20
1.2799524409448819
11
0.233702874015748
21
1.2786134645669291
0
LINE
8
BLACK
6
CONTINUOUS
10
0.233702874015748
20
1.2786134645669291
11
0.2308472440944882
21
1.2779848818897637
0
LINE
8
BLACK
6
CONTINUOUS
10
0.2308472440944882
20
1.2779848818897637
11
0.2280341338582677
21
1.2771744488188976
0
LINE
8
BLACK
6
CONTINUOUS
10
0.2280341338582677
20
1.2771744488188976
11
0.2242256692913386
21
1.2765273622047244
0
LINE
8
BLACK
6
CONTINUOUS
10
0.2242256692913386
20
1.2765273622047244
11
0.2203811023622047
21
1.2756811023622048
0
LINE
8
BLACK
6
CONTINUOUS
10
0.2203811023622047
20
1.2756811023622048
11
0.2172244094488189
21
1.2753377952755904
0
LINE
8
BLACK
6
CONTINUOUS
10
0.2172244094488189
20
1.2753377952755904
11
0.2141057480314961
21
1.2748079133858268
0
LINE
8
BLACK
6
CONTINUOUS
10
0.2141057480314961
20
1.2748079133858268
11
0.2104796062992126
21
1.2746042519685039
0
LINE
8
BLACK
6
CONTINUOUS
10
0.2104796062992126
20
1.2746042519685039
11
0.2068202362204724
21
1.2742062992125984
0
LINE
8
BLACK
6
CONTINUOUS
10
0.2068202362204724
20
1.2742062992125984
11
0.2033930708661417
21
1.2742062992125984
0
LINE
8
BLACK
6
CONTINUOUS
10
0.2033930708661417
20
1.2742062992125984
11
0.2
21
1.274015748031496
0
LINE
8
BLACK
6
CONTINUOUS
10
0.2
20
1.274015748031496
11
0.1966069291338583
21
1.2742062992125984
0
LINE
8
BLACK
6
CONTINUOUS
10
0.1966069291338583
20
1.2742062992125984
11
0.1931797637795276
21
1.2742062992125984
0
LINE
8
BLACK
6
CONTINUOUS
10
0.1931797637795276
20
1.2742062992125984
11
0.1895203149606299
21
1.2746042519685039
0
LINE
8
BLACK
6
CONTINUOUS
10
0.1895203149606299
20
1.2746042519685039
11
0.1858942519685039
21
1.2748079133858268
0
LINE
8
BLACK
6
CONTINUOUS
10
0.1858942519685039
20
1.2748079133858268
11
0.1827755905511811
21
1.2753377559055117
0
LINE
8
BLACK
6
CONTINUOUS
10
0.1827755905511811
20
1.2753377559055117
11
0.1796188582677165
21
1.2756811023622048
0
LINE
8
BLACK
6
CONTINUOUS
10
0.1796188582677165
20
1.2756811023622048
11
0.175774094488189
21
1.2765273622047244
0
LINE
8
BLACK
6
CONTINUOUS
10
0.175774094488189
20
1.2765273622047244
11
0.1719658661417323
21
1.2771744488188976
0
LINE
8
BLACK
6
CONTINUOUS
10
0.1719658661417323
20
1.2771744488188976
11
0.1691528346456693
21
1.2779848425196849
0
LINE
8
BLACK
6
CONTINUOUS
10
0.1691528346456693
20
1.2779848425196849
11
0.1662970866141732
21
1.2786134645669291
0
LINE
8
BLACK
6
CONTINUOUS
10
0.1662970866141732
20
1.2786134645669291
11
0.1623227952755905
21
1.2799525196850394
0
LINE
8
BLACK
6
CONTINUOUS
10
0.1623227952755905
20
1.2799525196850394
11
0.1583900393700787
21
1.2810855511811023
0
LINE
8
BLACK
6
CONTINUOUS
10
0.1583900393700787
20
1.2810855511811023
11
0.1559042913385827
21
1.2821151574803149
0
LINE
8
BLACK
6
CONTINUOUS
10
0.1559042913385827
20
1.2821151574803149
11
0.1533706692913386
21
1.2829688582677166
0
LINE
8
BLACK
6
CONTINUOUS
10
0.1533706692913386
20
1.2829688582677166
11
0.1493279921259842
21
1.2848391732283464
0
LINE
8
BLACK
6
CONTINUOUS
10
0.1493279921259842
20
1.2848391732283464
11
0.1453374803149606
21
1.2864921259842519
0
LINE
8
BLACK
6
CONTINUOUS
10
0.1453374803149606
20
1.2864921259842519
11
0.1431907874015748
21
1.2876785433070865
0
LINE
8
BLACK
6
CONTINUOUS
10
0.1431907874015748
20
1.2876785433070865
11
0.1409906299212599
21
1.2886964566929133
0
LINE
8
BLACK
6
CONTINUOUS
10
0.1409906299212599
20
1.2886964566929133
11
0.1369481496062992
21
1.2911287401574802
0
LINE
8
BLACK
6
CONTINUOUS
10
0.1369481496062992
20
1.2911287401574802
11
0.1329723228346457
21
1.2933261023622047
0
LINE
8
BLACK
6
CONTINUOUS
10
0.1329723228346457
20
1.2933261023622047
11
0.1311659842519685
21
1.2946077165354331
0
LINE
8
BLACK
6
CONTINUOUS
10
0.1311659842519685
20
1.2946077165354331
11
0.1293023228346457
21
1.295729094488189
0
LINE
8
BLACK
6
CONTINUOUS
10
0.1293023228346457
20
1.295729094488189
11
0.1253331102362205
21
1.2987463779527559
0
LINE
8
BLACK
6
CONTINUOUS
10
0.1253331102362205
20
1.2987463779527559
11
0.1214501181102362
21
1.3015015354330708
0
LINE
8
BLACK
6
CONTINUOUS
10
0.1214501181102362
20
1.3015015354330708
11
0.1199768110236221
21
1.3028181496062992
0
LINE
8
BLACK
6
CONTINUOUS
10
0.1199768110236221
20
1.3028181496062992
11
0.1184433070866142
21
1.3039838976377953
0
LINE
8
BLACK
6
CONTINUOUS
10
0.1184433070866142
20
1.3039838976377953
11
0.1146246062992126
21
1.3076011417322835
0
LINE
8
BLACK
6
CONTINUOUS
10
0.1146246062992126
20
1.3076011417322835
11
0.1109156692913386
21
1.3109156692913386
0
LINE
8
BLACK
6
CONTINUOUS
10
0.1109156692913386
20
1.3109156692913386
11
0.1097581496062992
21
1.3122108661417322
0
LINE
8
BLACK
6
CONTINUOUS
10
0.1097581496062992
20
1.3122108661417322
11
0.1085403149606299
21
1.3133645275590551
0
LINE
8
BLACK
6
CONTINUOUS
10
0.1085403149606299
20
1.3133645275590551
11
0.1049520078740157
21
1.3175889763779527
0
LINE
8
BLACK
6
CONTINUOUS
10
0.1049520078740157
20
1.3175889763779527
11
0.1015015354330709
21
1.3214501181102363
0
LINE
8
BLACK
6
CONTINUOUS
10
0.1015015354330709
20
1.3214501181102363
11
0.1006348031496063
21
1.3226716141732284
0
LINE
8
BLACK
6
CONTINUOUS
10
0.1006348031496063
20
1.3226716141732284
11
0.0997092913385827
21
1.3237612598425197
0
LINE
8
BLACK
6
CONTINUOUS
10
0.0997092913385827
20
1.3237612598425197
11
0.0964305905511811
21
1.3285968897637794
0
LINE
8
BLACK
6
CONTINUOUS
10
0.0964305905511811
20
1.3285968897637794
11
0.0933261023622047
21
1.3329723228346457
0
LINE
8
BLACK
6
CONTINUOUS
10
0.0933261023622047
20
1.3329723228346457
11
0.092718031496063
21
1.3340724803149606
0
LINE
8
BLACK
6
CONTINUOUS
10
0.092718031496063
20
1.3340724803149606
11
0.0920543307086614
21
1.3350514173228347
0
LINE
8
BLACK
6
CONTINUOUS
10
0.0920543307086614
20
1.3350514173228347
11
0.0891649606299213
21
1.3405012992125984
0
LINE
8
BLACK
6
CONTINUOUS
10
0.0891649606299213
20
1.3405012992125984
11
0.086492125984252
21
1.3453374803149607
0
LINE
8
BLACK
6
CONTINUOUS
10
0.086492125984252
20
1.3453374803149607
11
0.0861031496062992
21
1.346276496062992
0
LINE
8
BLACK
6
CONTINUOUS
10
0.0861031496062992
20
1.346276496062992
11
0.085665157480315
21
1.3471026771653543
0
LINE
8
BLACK
6
CONTINUOUS
10
0.085665157480315
20
1.3471026771653543
11
0.0832458661417323
21
1.3531744881889765
0
LINE
8
BLACK
6
CONTINUOUS
10
0.0832458661417323
20
1.3531744881889765
11
0.0810855511811024
21
1.3583900393700787
0
LINE
8
BLACK
6
CONTINUOUS
10
0.0810855511811024
20
1.3583900393700787
11
0.0808707086614173
21
1.3591357480314961
0
LINE
8
BLACK
6
CONTINUOUS
10
0.0808707086614173
20
1.3591357480314961
11
0.0806159842519685
21
1.3597750787401575
0
LINE
8
BLACK
6
CONTINUOUS
10
0.0806159842519685
20
1.3597750787401575
11
0.078740905511811
21
1.3665284251968504
0
LINE
8
BLACK
6
CONTINUOUS
10
0.078740905511811
20
1.3665284251968504
11
0.0771744488188976
21
1.3719658661417322
0
LINE
8
BLACK
6
CONTINUOUS
10
0.0771744488188976
20
1.3719658661417322
11
0.077084842519685
21
1.3724930314960631
0
LINE
8
BLACK
6
CONTINUOUS
10
0.077084842519685
20
1.3724930314960631
11
0.0769668503937008
21
1.3729181496062992
0
LINE
8
BLACK
6
CONTINUOUS
10
0.0769668503937008
20
1.3729181496062992
11
0.0757087401574803
21
1.3805921653543307
0
LINE
8
BLACK
6
CONTINUOUS
10
0.0757087401574803
20
1.3805921653543307
11
0.0748079133858268
21
1.3858942519685038
0
LINE
8
BLACK
6
CONTINUOUS
10
0.0748079133858268
20
1.3858942519685038
11
0.0747914173228346
21
1.3861877952755906
0
LINE
8
BLACK
6
CONTINUOUS
10
0.0747914173228346
20
1.3861877952755906
11
0.07476
21
1.3863795275590551
0
LINE
8
BLACK
6
CONTINUOUS
10
0.07476
20
1.3863795275590551
11
0.0741822047244095
21
1.3970353937007873
0
LINE
8
BLACK
6
CONTINUOUS
10
0.0741822047244095
20
1.3970353937007873
11
0.0740157480314961
21
1.3999999999999999
0
LINE
8
BLACK
6
CONTINUOUS
10
0.0740157480314961
20
1.3999999999999999
11
0.0741822440944882
21
1.4029648031496063
0
LINE
8
BLACK
6
CONTINUOUS
10
0.0741822440944882
20
1.4029648031496063
11
0.07476
21
1.4136204330708662
0
LINE
8
BLACK
6
CONTINUOUS
10
0.07476
20
1.4136204330708662
11
0.0747914173228346
21
1.4138120866141732
0
LINE
8
BLACK
6
CONTINUOUS
10
0.0747914173228346
20
1.4138120866141732
11
0.0748079133858268
21
1.414105748031496
0
LINE
8
BLACK
6
CONTINUOUS
10
0.0748079133858268
20
1.414105748031496
11
0.075708937007874
21
1.4194088582677165
0
LINE
8
BLACK
6
CONTINUOUS
10
0.075708937007874
20
1.4194088582677165
11
0.0769668503937008
21
1.4270818110236221
0
LINE
8
BLACK
6
CONTINUOUS
10
0.0769668503937008
20
1.4270818110236221
11
0.077084842519685
21
1.427506811023622
0
LINE
8
BLACK
6
CONTINUOUS
10
0.077084842519685
20
1.427506811023622
11
0.0771744488188976
21
1.4280341338582676
0
LINE
8
BLACK
6
CONTINUOUS
10
0.0771744488188976
20
1.4280341338582676
11
0.0787412204724409
21
1.4334725984251968
0
LINE
8
BLACK
6
CONTINUOUS
10
0.0787412204724409
20
1.4334725984251968
11
0.0806159842519685
21
1.4402248818897638
0
LINE
8
BLACK
6
CONTINUOUS
10
0.0806159842519685
20
1.4402248818897638
11
0.0808706692913386
21
1.440864094488189
0
LINE
8
BLACK
6
CONTINUOUS
10
0.0808706692913386
20
1.440864094488189
11
0.0810855511811024
21
1.4416099606299213
0
LINE
8
BLACK
6
CONTINUOUS
10
0.0810855511811024
20
1.4416099606299213
11
0.0832462992125984
21
1.4468264566929134
0
LINE
8
BLACK
6
CONTINUOUS
10
0.0832462992125984
20
1.4468264566929134
11
0.085665157480315
21
1.4528972834645668
0
LINE
8
BLACK
6
CONTINUOUS
10
0.085665157480315
20
1.4528972834645668
11
0.0861030708661417
21
1.4537233070866142
0
LINE
8
BLACK
6
CONTINUOUS
10
0.0861030708661417
20
1.4537233070866142
11
0.086492125984252
21
1.4546625196850393
0
LINE
8
BLACK
6
CONTINUOUS
10
0.086492125984252
20
1.4546625196850393
11
0.0891654724409449
21
1.4594995669291337
0
LINE
8
BLACK
6
CONTINUOUS
10
0.0891654724409449
20
1.4594995669291337
11
0.0920543307086614
21
1.4649485433070866
0
LINE
8
BLACK
6
CONTINUOUS
10
0.0920543307086614
20
1.4649485433070866
11
0.0927179133858268
21
1.4659272440944882
0
LINE
8
BLACK
6
CONTINUOUS
10
0.0927179133858268
20
1.4659272440944882
11
0.0933261023622047
21
1.4670276771653543
0
LINE
8
BLACK
6
CONTINUOUS
10
0.0933261023622047
20
1.4670276771653543
11
0.0964311811023622
21
1.4714038976377952
0
LINE
8
BLACK
6
CONTINUOUS
10
0.0964311811023622
20
1.4714038976377952
11
0.0997092913385827
21
1.4762387007874016
0
LINE
8
BLACK
6
CONTINUOUS
10
0.0997092913385827
20
1.4762387007874016
11
0.1006346456692913
21
1.4773281102362203
0
LINE
8
BLACK
6
CONTINUOUS
10
0.1006346456692913
20
1.4773281102362203
11
0.1015015354330709
21
1.4785498818897638
0
LINE
8
BLACK
6
CONTINUOUS
10
0.1015015354330709
20
1.4785498818897638
11
0.1049526771653543
21
1.4824117322834645
0
LINE
8
BLACK
6
CONTINUOUS
10
0.1049526771653543
20
1.4824117322834645
11
0.1085403149606299
21
1.4866354330708662
0
LINE
8
BLACK
6
CONTINUOUS
10
0.1085403149606299
20
1.4866354330708662
11
0.1097579527559055
21
1.4877888188976378
0
LINE
8
BLACK
6
CONTINUOUS
10
0.1097579527559055
20
1.4877888188976378
11
0.1109156692913386
21
1.4890843307086614
0
LINE
8
BLACK
6
CONTINUOUS
10
0.1109156692913386
20
1.4890843307086614
11
0.1146253149606299
21
1.4923994881889764
0
LINE
8
BLACK
6
CONTINUOUS
10
0.1146253149606299
20
1.4923994881889764
11
0.1184433070866142
21
1.496016062992126
0
LINE
8
BLACK
6
CONTINUOUS
10
0.1184433070866142
20
1.496016062992126
11
0.1199764960629921
21
1.4971815748031496
0
LINE
8
BLACK
6
CONTINUOUS
10
0.1199764960629921
20
1.4971815748031496
11
0.1214501181102362
21
1.498498464566929
0
LINE
8
BLACK
6
CONTINUOUS
10
0.1214501181102362
20
1.498498464566929
11
0.1253338976377953
21
1.5012541338582677
0
LINE
8
BLACK
6
CONTINUOUS
10
0.1253338976377953
20
1.5012541338582677
11
0.1293023228346457
21
1.5042708661417323
0
LINE
8
BLACK
6
CONTINUOUS
10
0.1293023228346457
20
1.5042708661417323
11
0.1311656299212599
21
1.505391968503937
0
LINE
8
BLACK
6
CONTINUOUS
10
0.1311656299212599
20
1.505391968503937
11
0.1329723228346457
21
1.5066738976377951
0
LINE
8
BLACK
6
CONTINUOUS
10
0.1329723228346457
20
1.5066738976377951
11
0.136948937007874
21
1.5088716929133859
0
LINE
8
BLACK
6
CONTINUOUS
10
0.136948937007874
20
1.5088716929133859
11
0.1409906299212599
21
1.5113035039370077
0
LINE
8
BLACK
6
CONTINUOUS
10
0.1409906299212599
20
1.5113035039370077
11
0.1431903543307086
21
1.5123211811023622
0
LINE
8
BLACK
6
CONTINUOUS
10
0.1431903543307086
20
1.5123211811023622
11
0.1453374803149606
21
1.5135078740157479
0
LINE
8
BLACK
6
CONTINUOUS
10
0.1453374803149606
20
1.5135078740157479
11
0.1493288188976378
21
1.5151611417322834
0
LINE
8
BLACK
6
CONTINUOUS
10
0.1493288188976378
20
1.5151611417322834
11
0.1533706692913386
21
1.5170311023622047
0
LINE
8
BLACK
6
CONTINUOUS
10
0.1533706692913386
20
1.5170311023622047
11
0.155903779527559
21
1.5178846062992126
0
LINE
8
BLACK
6
CONTINUOUS
10
0.155903779527559
20
1.5178846062992126
11
0.1583900393700787
21
1.5189144488188977
0
LINE
8
BLACK
6
CONTINUOUS
10
0.1583900393700787
20
1.5189144488188977
11
0.1623235826771653
21
1.5200476771653544
0
LINE
8
BLACK
6
CONTINUOUS
10
0.1623235826771653
20
1.5200476771653544
11
0.1662970866141732
21
1.5213864960629921
0
LINE
8
BLACK
6
CONTINUOUS
10
0.1662970866141732
20
1.5213864960629921
11
0.1691522440944882
21
1.5220149606299211
0
LINE
8
BLACK
6
CONTINUOUS
10
0.1691522440944882
20
1.5220149606299211
11
0.1719658661417323
21
1.5228255511811024
0
LINE
8
BLACK
6
CONTINUOUS
10
0.1719658661417323
20
1.5228255511811024
11
0.1757748818897638
21
1.5234727165354331
0
LINE
8
BLACK
6
CONTINUOUS
10
0.1757748818897638
20
1.5234727165354331
11
0.1796188582677165
21
1.5243188582677165
0
LINE
8
BLACK
6
CONTINUOUS
10
0.1796188582677165
20
1.5243188582677165
11
0.1827751181102362
21
1.5246620866141731
0
LINE
8
BLACK
6
CONTINUOUS
10
0.1827751181102362
20
1.5246620866141731
11
0.1858942519685039
21
1.5251920866141733
0
LINE
8
BLACK
6
CONTINUOUS
10
0.1858942519685039
20
1.5251920866141733
11
0.1895205511811024
21
1.5253957086614174
0
LINE
8
BLACK
6
CONTINUOUS
10
0.1895205511811024
20
1.5253957086614174
11
0.1931797637795276
21
1.5257937007874016
0
LINE
8
BLACK
6
CONTINUOUS
10
0.1931797637795276
20
1.5257937007874016
11
0.1966069291338583
21
1.5257937007874016
0
LINE
8
BLACK
6
CONTINUOUS
10
0.1966069291338583
20
1.5257937007874016
11
0.2
21
1.5259842519685038
0
LINE
8
BLACK
6
CONTINUOUS
10
0.2
20
1.5259842519685038
11
0.2033930708661417
21
1.5257937007874016
0
LINE
8
BLACK
6
CONTINUOUS
10
1.4033930708661417
20
1.5257937007874016
11
1.4068202362204725
21
1.5257937007874016
0
LINE
8
BLACK
6
CONTINUOUS
10
1.4068202362204725
20
1.5257937007874016
11
1.4104794094488189
21
1.5253957086614174
0
LINE
8
BLACK
6
CONTINUOUS
10
1.4104794094488189
20
1.5253957086614174
11
1.414105748031496
21
1.5251920866141733
0
LINE
8
BLACK
6
CONTINUOUS
10
1.414105748031496
20
1.5251920866141733
11
1.4172249212598425
21
1.5246620866141731
0
LINE
8
BLACK
6
CONTINUOUS
10
1.4172249212598425
20
1.5246620866141731
11
1.4203811023622046
21
1.5243188582677165
0
LINE
8
BLACK
6
CONTINUOUS
10
1.4203811023622046
20
1.5243188582677165
11
1.4242248818897638
21
1.5234727559055117
0
LINE
8
BLACK
6
CONTINUOUS
10
1.4242248818897638
20
1.5234727559055117
11
1.4280341338582676
21
1.5228255511811024
0
LINE
8
BLACK
6
CONTINUOUS
10
1.4280341338582676
20
1.5228255511811024
11
1.4308478346456692
21
1.5220149212598424
0
LINE
8
BLACK
6
CONTINUOUS
10
1.4308478346456692
20
1.5220149212598424
11
1.433702874015748
21
1.5213864960629921
0
LINE
8
BLACK
6
CONTINUOUS
10
1.433702874015748
20
1.5213864960629921
11
1.4376761023622047
21
1.5200477559055117
0
LINE
8
BLACK
6
CONTINUOUS
10
1.4376761023622047
20
1.5200477559055117
11
1.4416099606299213
21
1.5189144488188977
0
LINE
8
BLACK
6
CONTINUOUS
10
1.4416099606299213
20
1.5189144488188977
11
1.4440963779527558
21
1.5178845275590551
0
LINE
8
BLACK
6
CONTINUOUS
10
1.4440963779527558
20
1.5178845275590551
11
1.4466292913385825
21
1.5170311023622047
0
LINE
8
BLACK
6
CONTINUOUS
10
1.4466292913385825
20
1.5170311023622047
11
1.4506707874015747
21
1.5151612992125985
0
LINE
8
BLACK
6
CONTINUOUS
10
1.4506707874015747
20
1.5151612992125985
11
1.4546625196850393
21
1.5135078740157479
0
LINE
8
BLACK
6
CONTINUOUS
10
1.4546625196850393
20
1.5135078740157479
11
1.4568098031496062
21
1.512321062992126
0
LINE
8
BLACK
6
CONTINUOUS
10
1.4568098031496062
20
1.512321062992126
11
1.4590093307086613
21
1.5113035039370077
0
LINE
8
BLACK
6
CONTINUOUS
10
1.4590093307086613
20
1.5113035039370077
11
1.4630505511811023
21
1.5088719685039369
0
LINE
8
BLACK
6
CONTINUOUS
10
1.4630505511811023
20
1.5088719685039369
11
1.4670276771653543
21
1.5066738976377951
0
LINE
8
BLACK
6
CONTINUOUS
10
1.4670276771653543
20
1.5066738976377951
11
1.4688345669291338
21
1.505391811023622
0
LINE
8
BLACK
6
CONTINUOUS
10
1.4688345669291338
20
1.505391811023622
11
1.4706976377952756
21
1.5042708661417323
0
LINE
8
BLACK
6
CONTINUOUS
10
1.4706976377952756
20
1.5042708661417323
11
1.4746654724409449
21
1.5012545669291337
0
LINE
8
BLACK
6
CONTINUOUS
10
1.4746654724409449
20
1.5012545669291337
11
1.4785498818897638
21
1.498498464566929
0
LINE
8
BLACK
6
CONTINUOUS
10
1.4785498818897638
20
1.498498464566929
11
1.4800237007874015
21
1.4971813779527559
0
LINE
8
BLACK
6
CONTINUOUS
10
1.4800237007874015
20
1.4971813779527559
11
1.4815566535433071
21
1.496016062992126
0
LINE
8
BLACK
6
CONTINUOUS
10
1.4815566535433071
20
1.496016062992126
11
1.485373937007874
21
1.4924000787401575
0
LINE
8
BLACK
6
CONTINUOUS
10
1.485373937007874
20
1.4924000787401575
11
1.4890843307086614
21
1.4890843307086614
0
LINE
8
BLACK
6
CONTINUOUS
10
1.4890843307086614
20
1.4890843307086614
11
1.4902422440944882
21
1.4877885826771653
0
LINE
8
BLACK
6
CONTINUOUS
10
1.4902422440944882
20
1.4877885826771653
11
1.4914596456692912
21
1.4866354330708662
0
LINE
8
BLACK
6
CONTINUOUS
10
1.4914596456692912
20
1.4866354330708662
11
1.4950464960629921
21
1.4824126377952755
0
LINE
8
BLACK
6
CONTINUOUS
10
1.4950464960629921
20
1.4824126377952755
11
1.498498464566929
21
1.4785498818897638
0
LINE
8
BLACK
6
CONTINUOUS
10
1.498498464566929
20
1.4785498818897638
11
1.4993655118110236
21
1.4773278346456693
0
LINE
8
BLACK
6
CONTINUOUS
10
1.4993655118110236
20
1.4773278346456693
11
1.5002906692913385
21
1.4762387007874016
0
LINE
8
BLACK
6
CONTINUOUS
10
1.5002906692913385
20
1.4762387007874016
11
1.5035678740157481
21
1.4714051574803149
0
LINE
8
BLACK
6
CONTINUOUS
10
1.5035678740157481
20
1.4714051574803149
11
1.5066738976377951
21
1.4670276771653543
0
LINE
8
BLACK
6
CONTINUOUS
10
1.5066738976377951
20
1.4670276771653543
11
1.5072822047244094
21
1.4659269291338581
0
LINE
8
BLACK
6
CONTINUOUS
10
1.5072822047244094
20
1.4659269291338581
11
1.5079456299212599
21
1.4649485433070866
0
LINE
8
BLACK
6
CONTINUOUS
10
1.5079456299212599
20
1.4649485433070866
11
1.5108335433070865
21
1.4595013385826772
0
LINE
8
BLACK
6
CONTINUOUS
10
1.5108335433070865
20
1.4595013385826772
11
1.5135078740157479
21
1.4546625196850393
0
LINE
8
BLACK
6
CONTINUOUS
10
1.5135078740157479
20
1.4546625196850393
11
1.5138970078740157
21
1.4537229527559055
0
LINE
8
BLACK
6
CONTINUOUS
10
1.5138970078740157
20
1.4537229527559055
11
1.5143348031496062
21
1.4528972834645668
0
LINE
8
BLACK
6
CONTINUOUS
10
1.5143348031496062
20
1.4528972834645668
11
1.5167526377952756
21
1.4468289763779527
0
LINE
8
BLACK
6
CONTINUOUS
10
1.5167526377952756
20
1.4468289763779527
11
1.5189144488188977
21
1.4416099606299213
0
LINE
8
BLACK
6
CONTINUOUS
10
1.5189144488188977
20
1.4416099606299213
11
1.5191294094488188
21
1.4408637401574802
0
LINE
8
BLACK
6
CONTINUOUS
10
1.5191294094488188
20
1.4408637401574802
11
1.5193839763779526
21
1.4402248818897638
0
LINE
8
BLACK
6
CONTINUOUS
10
1.5193839763779526
20
1.4402248818897638
11
1.5212576771653543
21
1.4334763385826772
0
LINE
8
BLACK
6
CONTINUOUS
10
1.5212576771653543
20
1.4334763385826772
11
1.5228255511811024
21
1.4280341338582676
0
LINE
8
BLACK
6
CONTINUOUS
10
1.5228255511811024
20
1.4280341338582676
11
1.5229151968503936
21
1.4275064566929134
0
LINE
8
BLACK
6
CONTINUOUS
10
1.5229151968503936
20
1.4275064566929134
11
1.5230331102362205
21
1.4270818110236221
0
LINE
8
BLACK
6
CONTINUOUS
10
1.5230331102362205
20
1.4270818110236221
11
1.5242899212598424
21
1.4194154724409449
0
LINE
8
BLACK
6
CONTINUOUS
10
1.5242899212598424
20
1.4194154724409449
11
1.5251920866141733
21
1.414105748031496
0
LINE
8
BLACK
6
CONTINUOUS
10
1.5251920866141733
20
1.414105748031496
11
1.5252085826771653
21
1.4138117322834645
0
LINE
8
BLACK
6
CONTINUOUS
10
1.5252085826771653
20
1.4138117322834645
11
1.5252399606299212
21
1.4136204330708662
0
LINE
8
BLACK
6
CONTINUOUS
10
1.5252399606299212
20
1.4136204330708662
11
1.5258165748031496
21
1.4029851181102362
0
LINE
8
BLACK
6
CONTINUOUS
10
1.5258165748031496
20
1.4029851181102362
11
1.5259842519685038
21
1.3999999999999999
0
LINE
8
BLACK
6
CONTINUOUS
10
1.5259842519685038
20
1.3999999999999999
11
1.5258166141732283
21
1.3970151181102362
0
LINE
8
BLACK
6
CONTINUOUS
10
1.5258166141732283
20
1.3970151181102362
11
1.5252399606299212
21
1.3863795275590551
0
LINE
8
BLACK
6
CONTINUOUS
10
1.5252399606299212
20
1.3863795275590551
11
1.5252085826771653
21
1.3861881889763779
0
LINE
8
BLACK
6
CONTINUOUS
10
1.5252085826771653
20
1.3861881889763779
11
1.5251920866141733
21
1.3858942519685038
0
LINE
8
BLACK
6
CONTINUOUS
10
1.5251920866141733
20
1.3858942519685038
11
1.5242900787401574
21
1.380585590551181
0
LINE
8
BLACK
6
CONTINUOUS
10
1.5242900787401574
20
1.380585590551181
11
1.5230331102362205
21
1.3729181496062992
0
LINE
8
BLACK
6
CONTINUOUS
10
1.5230331102362205
20
1.3729181496062992
11
1.522915157480315
21
1.3724934251968504
0
LINE
8
BLACK
6
CONTINUOUS
10
1.522915157480315
20
1.3724934251968504
11
1.5228255511811024
21
1.3719658661417322
0
LINE
8
BLACK
6
CONTINUOUS
10
1.5228255511811024
20
1.3719658661417322
11
1.5212579527559056
21
1.3665246456692912
0
LINE
8
BLACK
6
CONTINUOUS
10
1.5212579527559056
20
1.3665246456692912
11
1.5193839763779526
21
1.3597750787401575
0
LINE
8
BLACK
6
CONTINUOUS
10
1.5193839763779526
20
1.3597750787401575
11
1.51912937007874
21
1.3591361023622046
0
LINE
8
BLACK
6
CONTINUOUS
10
1.51912937007874
20
1.3591361023622046
11
1.5189144488188977
21
1.3583900393700787
0
LINE
8
BLACK
6
CONTINUOUS
10
1.5189144488188977
20
1.3583900393700787
11
1.5167530314960629
21
1.3531720078740157
0
LINE
8
BLACK
6
CONTINUOUS
10
1.5167530314960629
20
1.3531720078740157
11
1.5143348031496062
21
1.3471026771653543
0
LINE
8
BLACK
6
CONTINUOUS
10
1.5143348031496062
20
1.3471026771653543
11
1.513896968503937
21
1.3462768110236221
0
LINE
8
BLACK
6
CONTINUOUS
10
1.513896968503937
20
1.3462768110236221
11
1.5135078740157479
21
1.3453374803149607
0
LINE
8
BLACK
6
CONTINUOUS
10
1.5135078740157479
20
1.3453374803149607
11
1.5108340551181103
21
1.3404995669291337
0
LINE
8
BLACK
6
CONTINUOUS
10
1.5108340551181103
20
1.3404995669291337
11
1.5079456299212599
21
1.3350514173228347
0
LINE
8
BLACK
6
CONTINUOUS
10
1.5079456299212599
20
1.3350514173228347
11
1.5072820866141732
21
1.3340727952755904
0
LINE
8
BLACK
6
CONTINUOUS
10
1.5072820866141732
20
1.3340727952755904
11
1.5066738976377951
21
1.3329723228346457
0
LINE
8
BLACK
6
CONTINUOUS
10
1.5066738976377951
20
1.3329723228346457
11
1.5035684645669292
21
1.3285956299212598
0
LINE
8
BLACK
6
CONTINUOUS
10
1.5035684645669292
20
1.3285956299212598
11
1.5002906692913385
21
1.3237612598425197
0
LINE
8
BLACK
6
CONTINUOUS
10
1.5002906692913385
20
1.3237612598425197
11
1.4993653543307086
21
1.3226718897637795
0
LINE
8
BLACK
6
CONTINUOUS
10
1.4993653543307086
20
1.3226718897637795
11
1.498498464566929
21
1.3214501181102363
0
LINE
8
BLACK
6
CONTINUOUS
10
1.498498464566929
20
1.3214501181102363
11
1.4950471653543307
21
1.3175881102362204
0
LINE
8
BLACK
6
CONTINUOUS
10
1.4950471653543307
20
1.3175881102362204
11
1.4914596456692912
21
1.3133645275590551
0
LINE
8
BLACK
6
CONTINUOUS
10
1.4914596456692912
20
1.3133645275590551
11
1.4902420078740157
21
1.3122111023622047
0
LINE
8
BLACK
6
CONTINUOUS
10
1.4902420078740157
20
1.3122111023622047
11
1.4890843307086614
21
1.3109156692913386
0
LINE
8
BLACK
6
CONTINUOUS
10
1.4890843307086614
20
1.3109156692913386
11
1.4853746850393701
21
1.3076005118110237
0
LINE
8
BLACK
6
CONTINUOUS
10
1.4853746850393701
20
1.3076005118110237
11
1.4815566535433071
21
1.3039838976377953
0
LINE
8
BLACK
6
CONTINUOUS
10
1.4815566535433071
20
1.3039838976377953
11
1.4800233858267715
21
1.3028183464566929
0
LINE
8
BLACK
6
CONTINUOUS
10
1.4800233858267715
20
1.3028183464566929
11
1.4785498818897638
21
1.3015015354330708
0
LINE
8
BLACK
6
CONTINUOUS
10
1.4785498818897638
20
1.3015015354330708
11
1.4746662598425198
21
1.2987459448818897
0
LINE
8
BLACK
6
CONTINUOUS
10
1.4746662598425198
20
1.2987459448818897
11
1.4706976377952756
21
1.295729094488189
0
LINE
8
BLACK
6
CONTINUOUS
10
1.4706976377952756
20
1.295729094488189
11
1.4688341732283465
21
1.2946078740157481
0
LINE
8
BLACK
6
CONTINUOUS
10
1.4688341732283465
20
1.2946078740157481
11
1.4670276771653543
21
1.2933261023622047
0
LINE
8
BLACK
6
CONTINUOUS
10
1.4670276771653543
20
1.2933261023622047
11
1.4630513385826771
21
1.2911284645669292
0
LINE
8
BLACK
6
CONTINUOUS
10
1.4630513385826771
20
1.2911284645669292
11
1.4590093307086613
21
1.2886964566929133
0
LINE
8
BLACK
6
CONTINUOUS
10
1.4590093307086613
20
1.2886964566929133
11
1.4568093700787401
21
1.287678622047244
0
LINE
8
BLACK
6
CONTINUOUS
10
1.4568093700787401
20
1.287678622047244
11
1.4546625196850393
21
1.2864921259842519
0
LINE
8
BLACK
6
CONTINUOUS
10
1.4546625196850393
20
1.2864921259842519
11
1.4506716141732283
21
1.2848390157480314
0
LINE
8
BLACK
6
CONTINUOUS
10
1.4506716141732283
20
1.2848390157480314
11
1.4466292913385825
21
1.2829688582677166
0
LINE
8
BLACK
6
CONTINUOUS
10
1.4466292913385825
20
1.2829688582677166
11
1.4440958661417322
21
1.2821152362204724
0
LINE
8
BLACK
6
CONTINUOUS
10
1.4440958661417322
20
1.2821152362204724
11
1.4416099606299213
21
1.2810855511811023
0
LINE
8
BLACK
6
CONTINUOUS
10
1.4416099606299213
20
1.2810855511811023
11
1.4376768897637795
21
1.2799524409448819
0
LINE
8
BLACK
6
CONTINUOUS
10
1.4376768897637795
20
1.2799524409448819
11
1.433702874015748
21
1.2786134645669291
0
LINE
8
BLACK
6
CONTINUOUS
10
1.433702874015748
20
1.2786134645669291
11
1.4308472440944882
21
1.2779848818897637
0
LINE
8
BLACK
6
CONTINUOUS
10
1.4308472440944882
20
1.2779848818897637
11
1.4280341338582676
21
1.2771744488188976
0
LINE
8
BLACK
6
CONTINUOUS
10
1.4280341338582676
20
1.2771744488188976
11
1.4242256692913386
21
1.2765273622047244
0
LINE
8
BLACK
6
CONTINUOUS
10
1.4242256692913386
20
1.2765273622047244
11
1.4203811023622046
21
1.2756811023622048
0
LINE
8
BLACK
6
CONTINUOUS
10
1.4203811023622046
20
1.2756811023622048
11
1.4172244094488189
21
1.2753377952755904
0
LINE
8
BLACK
6
CONTINUOUS
10
1.4172244094488189
20
1.2753377952755904
11
1.414105748031496
21
1.2748079133858268
0
LINE
8
BLACK
6
CONTINUOUS
10
1.414105748031496
20
1.2748079133858268
11
1.4104796062992127
21
1.2746042519685039
0
LINE
8
BLACK
6
CONTINUOUS
10
1.4104796062992127
20
1.2746042519685039
11
1.4068202362204725
21
1.2742062992125984
0
LINE
8
BLACK
6
CONTINUOUS
10
1.4068202362204725
20
1.2742062992125984
11
1.4033930708661417
21
1.2742062992125984
0
LINE
8
BLACK
6
CONTINUOUS
10
1.4033930708661417
20
1.2742062992125984
11
1.3999999999999999
21
1.274015748031496
0
LINE
8
BLACK
6
CONTINUOUS
10
1.3999999999999999
20
1.274015748031496
11
1.3966069291338583
21
1.2742062992125984
0
LINE
8
BLACK
6
CONTINUOUS
10
1.3966069291338583
20
1.2742062992125984
11
1.3931797637795276
21
1.2742062992125984
0
LINE
8
BLACK
6
CONTINUOUS
10
1.3931797637795276
20
1.2742062992125984
11
1.3895203149606299
21
1.2746042519685039
0
LINE
8
BLACK
6
CONTINUOUS
10
1.3895203149606299
20
1.2746042519685039
11
1.3858942519685038
21
1.2748079133858268
0
LINE
8
BLACK
6
CONTINUOUS
10
1.3858942519685038
20
1.2748079133858268
11
1.3827755905511812
21
1.2753377559055117
0
LINE
8
BLACK
6
CONTINUOUS
10
1.3827755905511812
20
1.2753377559055117
11
1.3796188582677165
21
1.2756811023622048
0
LINE
8
BLACK
6
CONTINUOUS
10
1.3796188582677165
20
1.2756811023622048
11
1.3757740944881889
21
1.2765273622047244
0
LINE
8
BLACK
6
CONTINUOUS
10
1.3757740944881889
20
1.2765273622047244
11
1.3719658661417322
21
1.2771744488188976
0
LINE
8
BLACK
6
CONTINUOUS
10
1.3719658661417322
20
1.2771744488188976
11
1.3691528346456692
21
1.2779848425196849
0
LINE
8
BLACK
6
CONTINUOUS
10
1.3691528346456692
20
1.2779848425196849
11
1.3662970866141733
21
1.2786134645669291
0
LINE
8
BLACK
6
CONTINUOUS
10
1.3662970866141733
20
1.2786134645669291
11
1.3623227952755905
21
1.2799525196850394
0
LINE
8
BLACK
6
CONTINUOUS
10
1.3623227952755905
20
1.2799525196850394
11
1.3583900393700787
21
1.2810855511811023
0
LINE
8
BLACK
6
CONTINUOUS
10
1.3583900393700787
20
1.2810855511811023
11
1.3559042913385826
21
1.2821151574803149
0
LINE
8
BLACK
6
CONTINUOUS
10
1.3559042913385826
20
1.2821151574803149
11
1.3533706692913385
21
1.2829688582677166
0
LINE
8
BLACK
6
CONTINUOUS
10
1.3533706692913385
20
1.2829688582677166
11
1.3493279921259842
21
1.2848391732283464
0
LINE
8
BLACK
6
CONTINUOUS
10
1.3493279921259842
20
1.2848391732283464
11
1.3453374803149607
21
1.2864921259842519
0
LINE
8
BLACK
6
CONTINUOUS
10
1.3453374803149607
20
1.2864921259842519
11
1.3431907874015747
21
1.2876785433070865
0
LINE
8
BLACK
6
CONTINUOUS
10
1.3431907874015747
20
1.2876785433070865
11
1.3409906299212597
21
1.2886964566929133
0
LINE
8
BLACK
6
CONTINUOUS
10
1.3409906299212597
20
1.2886964566929133
11
1.3369481496062992
21
1.2911287401574802
0
LINE
8
BLACK
6
CONTINUOUS
10
1.3369481496062992
20
1.2911287401574802
11
1.3329723228346457
21
1.2933261023622047
0
LINE
8
BLACK
6
CONTINUOUS
10
1.3329723228346457
20
1.2933261023622047
11
1.3311659842519685
21
1.2946077165354331
0
LINE
8
BLACK
6
CONTINUOUS
10
1.3311659842519685
20
1.2946077165354331
11
1.3293023228346457
21
1.295729094488189
0
LINE
8
BLACK
6
CONTINUOUS
10
1.3293023228346457
20
1.295729094488189
11
1.3253331102362205
21
1.2987463779527559
0
LINE
8
BLACK
6
CONTINUOUS
10
1.3253331102362205
20
1.2987463779527559
11
1.3214501181102363
21
1.3015015354330708
0
LINE
8
BLACK
6
CONTINUOUS
10
1.3214501181102363
20
1.3015015354330708
11
1.3199768110236221
21
1.3028181496062992
0
LINE
8
BLACK
6
CONTINUOUS
10
1.3199768110236221
20
1.3028181496062992
11
1.3184433070866142
21
1.3039838976377953
0
LINE
8
BLACK
6
CONTINUOUS
10
1.3184433070866142
20
1.3039838976377953
11
1.3146246062992126
21
1.3076011417322835
0
LINE
8
BLACK
6
CONTINUOUS
10
1.3146246062992126
20
1.3076011417322835
11
1.3109156692913386
21
1.3109156692913386
0
LINE
8
BLACK
6
CONTINUOUS
10
1.3109156692913386
20
1.3109156692913386
11
1.3097581496062991
21
1.3122108661417322
0
LINE
8
BLACK
6
CONTINUOUS
10
1.3097581496062991
20
1.3122108661417322
11
1.3085403149606298
21
1.3133645275590551
0
LINE
8
BLACK
6
CONTINUOUS
10
1.3085403149606298
20
1.3133645275590551
11
1.3049520078740158
21
1.3175889763779527
0
LINE
8
BLACK
6
CONTINUOUS
10
1.3049520078740158
20
1.3175889763779527
11
1.3015015354330708
21
1.3214501181102363
0
LINE
8
BLACK
6
CONTINUOUS
10
1.3015015354330708
20
1.3214501181102363
11
1.3006348031496062
21
1.3226716141732284
0
LINE
8
BLACK
6
CONTINUOUS
10
1.3006348031496062
20
1.3226716141732284
11
1.2997092913385826
21
1.3237612598425197
0
LINE
8
BLACK
6
CONTINUOUS
10
1.2997092913385826
20
1.3237612598425197
11
1.296430590551181
21
1.3285968897637794
0
LINE
8
BLACK
6
CONTINUOUS
10
1.296430590551181
20
1.3285968897637794
11
1.2933261023622047
21
1.3329723228346457
0
LINE
8
BLACK
6
CONTINUOUS
10
1.2933261023622047
20
1.3329723228346457
11
1.2927180314960629
21
1.3340724803149606
0
LINE
8
BLACK
6
CONTINUOUS
10
1.2927180314960629
20
1.3340724803149606
11
1.2920543307086614
21
1.3350514173228347
0
LINE
8
BLACK
6
CONTINUOUS
10
1.2920543307086614
20
1.3350514173228347
11
1.2891649606299211
21
1.3405012992125984
0
LINE
8
BLACK
6
CONTINUOUS
10
1.2891649606299211
20
1.3405012992125984
11
1.2864921259842519
21
1.3453374803149607
0
LINE
8
BLACK
6
CONTINUOUS
10
1.2864921259842519
20
1.3453374803149607
11
1.2861031496062991
21
1.346276496062992
0
LINE
8
BLACK
6
CONTINUOUS
10
1.2861031496062991
20
1.346276496062992
11
1.2856651574803148
21
1.3471026771653543
0
LINE
8
BLACK
6
CONTINUOUS
10
1.2856651574803148
20
1.3471026771653543
11
1.2832458661417323
21
1.3531744881889765
0
LINE
8
BLACK
6
CONTINUOUS
10
1.2832458661417323
20
1.3531744881889765
11
1.2810855511811023
21
1.3583900393700787
0
LINE
8
BLACK
6
CONTINUOUS
10
1.2810855511811023
20
1.3583900393700787
11
1.2808707086614173
21
1.3591357480314961
0
LINE
8
BLACK
6
CONTINUOUS
10
1.2808707086614173
20
1.3591357480314961
11
1.2806159842519684
21
1.3597750787401575
0
LINE
8
BLACK
6
CONTINUOUS
10
1.2806159842519684
20
1.3597750787401575
11
1.2787409055118111
21
1.3665284251968504
0
LINE
8
BLACK
6
CONTINUOUS
10
1.2787409055118111
20
1.3665284251968504
11
1.2771744488188976
21
1.3719658661417322
0
LINE
8
BLACK
6
CONTINUOUS
10
1.2771744488188976
20
1.3719658661417322
11
1.277084842519685
21
1.3724930314960631
0
LINE
8
BLACK
6
CONTINUOUS
10
1.277084842519685
20
1.3724930314960631
11
1.2769668503937008
21
1.3729181496062992
0
LINE
8
BLACK
6
CONTINUOUS
10
1.2769668503937008
20
1.3729181496062992
11
1.2757087401574803
21
1.3805921653543307
0
LINE
8
BLACK
6
CONTINUOUS
10
1.2757087401574803
20
1.3805921653543307
11
1.2748079133858268
21
1.3858942519685038
0
LINE
8
BLACK
6
CONTINUOUS
10
1.2748079133858268
20
1.3858942519685038
11
1.2747914173228345
21
1.3861877952755906
0
LINE
8
BLACK
6
CONTINUOUS
10
1.2747914173228345
20
1.3861877952755906
11
1.2747599999999999
21
1.3863795275590551
0
LINE
8
BLACK
6
CONTINUOUS
10
1.2747599999999999
20
1.3863795275590551
11
1.2741822047244094
21
1.3970353937007873
0
LINE
8
BLACK
6
CONTINUOUS
10
1.2741822047244094
20
1.3970353937007873
11
1.274015748031496
21
1.3999999999999999
0
LINE
8
BLACK
6
CONTINUOUS
10
1.274015748031496
20
1.3999999999999999
11
1.2741822440944881
21
1.4029648031496063
0
LINE
8
BLACK
6
CONTINUOUS
10
1.2741822440944881
20
1.4029648031496063
11
1.2747599999999999
21
1.4136204330708662
0
LINE
8
BLACK
6
CONTINUOUS
10
1.2747599999999999
20
1.4136204330708662
11
1.2747914173228345
21
1.4138120866141732
0
LINE
8
BLACK
6
CONTINUOUS
10
1.2747914173228345
20
1.4138120866141732
11
1.2748079133858268
21
1.414105748031496
0
LINE
8
BLACK
6
CONTINUOUS
10
1.2748079133858268
20
1.414105748031496
11
1.275708937007874
21
1.4194088582677165
0
LINE
8
BLACK
6
CONTINUOUS
10
1.275708937007874
20
1.4194088582677165
11
1.2769668503937008
21
1.4270818110236221
0
LINE
8
BLACK
6
CONTINUOUS
10
1.2769668503937008
20
1.4270818110236221
11
1.277084842519685
21
1.427506811023622
0
LINE
8
BLACK
6
CONTINUOUS
10
1.277084842519685
20
1.427506811023622
11
1.2771744488188976
21
1.4280341338582676
0
LINE
8
BLACK
6
CONTINUOUS
10
1.2771744488188976
20
1.4280341338582676
11
1.2787412204724409
21
1.4334725984251968
0
LINE
8
BLACK
6
CONTINUOUS
10
1.2787412204724409
20
1.4334725984251968
11
1.2806159842519684
21
1.4402248818897638
0
LINE
8
BLACK
6
CONTINUOUS
10
1.2806159842519684
20
1.4402248818897638
11
1.2808706692913385
21
1.440864094488189
0
LINE
8
BLACK
6
CONTINUOUS
10
1.2808706692913385
20
1.440864094488189
11
1.2810855511811023
21
1.4416099606299213
0
LINE
8
BLACK
6
CONTINUOUS
10
1.2810855511811023
20
1.4416099606299213
11
1.2832462992125984
21
1.4468264566929134
0
LINE
8
BLACK
6
CONTINUOUS
10
1.2832462992125984
20
1.4468264566929134
11
1.2856651574803148
21
1.4528972834645668
0
LINE
8
BLACK
6
CONTINUOUS
10
1.2856651574803148
20
1.4528972834645668
11
1.2861030708661416
21
1.4537233070866142
0
LINE
8
BLACK
6
CONTINUOUS
10
1.2861030708661416
20
1.4537233070866142
11
1.2864921259842519
21
1.4546625196850393
0
LINE
8
BLACK
6
CONTINUOUS
10
1.2864921259842519
20
1.4546625196850393
11
1.2891654724409449
21
1.4594995669291337
0
LINE
8
BLACK
6
CONTINUOUS
10
1.2891654724409449
20
1.4594995669291337
11
1.2920543307086614
21
1.4649485433070866
0
LINE
8
BLACK
6
CONTINUOUS
10
1.2920543307086614
20
1.4649485433070866
11
1.2927179133858266
21
1.4659272440944882
0
LINE
8
BLACK
6
CONTINUOUS
10
1.2927179133858266
20
1.4659272440944882
11
1.2933261023622047
21
1.4670276771653543
0
LINE
8
BLACK
6
CONTINUOUS
10
1.2933261023622047
20
1.4670276771653543
11
1.2964311811023621
21
1.4714038976377952
0
LINE
8
BLACK
6
CONTINUOUS
10
1.2964311811023621
20
1.4714038976377952
11
1.2997092913385826
21
1.4762387007874016
0
LINE
8
BLACK
6
CONTINUOUS
10
1.2997092913385826
20
1.4762387007874016
11
1.3006346456692912
21
1.4773281102362203
0
LINE
8
BLACK
6
CONTINUOUS
10
1.3006346456692912
20
1.4773281102362203
11
1.3015015354330708
21
1.4785498818897638
0
LINE
8
BLACK
6
CONTINUOUS
10
1.3015015354330708
20
1.4785498818897638
11
1.3049526771653543
21
1.4824117322834645
0
LINE
8
BLACK
6
CONTINUOUS
10
1.3049526771653543
20
1.4824117322834645
11
1.3085403149606298
21
1.4866354330708662
0
LINE
8
BLACK
6
CONTINUOUS
10
1.3085403149606298
20
1.4866354330708662
11
1.3097579527559056
21
1.4877888188976378
0
LINE
8
BLACK
6
CONTINUOUS
10
1.3097579527559056
20
1.4877888188976378
11
1.3109156692913386
21
1.4890843307086614
0
LINE
8
BLACK
6
CONTINUOUS
10
1.3109156692913386
20
1.4890843307086614
11
1.31462531496063
21
1.4923994881889764
0
LINE
8
BLACK
6
CONTINUOUS
10
1.31462531496063
20
1.4923994881889764
11
1.3184433070866142
21
1.496016062992126
0
LINE
8
BLACK
6
CONTINUOUS
10
1.3184433070866142
20
1.496016062992126
11
1.3199764960629921
21
1.4971815748031496
0
LINE
8
BLACK
6
CONTINUOUS
10
1.3199764960629921
20
1.4971815748031496
11
1.3214501181102363
21
1.498498464566929
0
LINE
8
BLACK
6
CONTINUOUS
10
1.3214501181102363
20
1.498498464566929
11
1.3253338976377953
21
1.5012541338582677
0
LINE
8
BLACK
6
CONTINUOUS
10
1.3253338976377953
20
1.5012541338582677
11
1.3293023228346457
21
1.5042708661417323
0
LINE
8
BLACK
6
CONTINUOUS
10
1.3293023228346457
20
1.5042708661417323
11
1.3311656299212598
21
1.505391968503937
0
LINE
8
BLACK
6
CONTINUOUS
10
1.3311656299212598
20
1.505391968503937
11
1.3329723228346457
21
1.5066738976377951
0
LINE
8
BLACK
6
CONTINUOUS
10
1.3329723228346457
20
1.5066738976377951
11
1.336948937007874
21
1.5088716929133859
0
LINE
8
BLACK
6
CONTINUOUS
10
1.336948937007874
20
1.5088716929133859
11
1.3409906299212597
21
1.5113035039370077
0
LINE
8
BLACK
6
CONTINUOUS
10
1.3409906299212597
20
1.5113035039370077
11
1.3431903543307087
21
1.5123211811023622
0
LINE
8
BLACK
6
CONTINUOUS
10
1.3431903543307087
20
1.5123211811023622
11
1.3453374803149607
21
1.5135078740157479
0
LINE
8
BLACK
6
CONTINUOUS
10
1.3453374803149607
20
1.5135078740157479
11
1.3493288188976378
21
1.5151611417322834
0
LINE
8
BLACK
6
CONTINUOUS
10
1.3493288188976378
20
1.5151611417322834
11
1.3533706692913385
21
1.5170311023622047
0
LINE
8
BLACK
6
CONTINUOUS
10
1.3533706692913385
20
1.5170311023622047
11
1.355903779527559
21
1.5178846062992126
0
LINE
8
BLACK
6
CONTINUOUS
10
1.355903779527559
20
1.5178846062992126
11
1.3583900393700787
21
1.5189144488188977
0
LINE
8
BLACK
6
CONTINUOUS
10
1.3583900393700787
20
1.5189144488188977
11
1.3623235826771654
21
1.5200476771653544
0
LINE
8
BLACK
6
CONTINUOUS
10
1.3623235826771654
20
1.5200476771653544
11
1.3662970866141733
21
1.5213864960629921
0
LINE
8
BLACK
6
CONTINUOUS
10
1.3662970866141733
20
1.5213864960629921
11
1.3691522440944881
21
1.5220149606299211
0
LINE
8
BLACK
6
CONTINUOUS
10
1.3691522440944881
20
1.5220149606299211
11
1.3719658661417322
21
1.5228255511811024
0
LINE
8
BLACK
6
CONTINUOUS
10
1.3719658661417322
20
1.5228255511811024
11
1.3757748818897637
21
1.5234727165354331
0
LINE
8
BLACK
6
CONTINUOUS
10
1.3757748818897637
20
1.5234727165354331
11
1.3796188582677165
21
1.5243188582677165
0
LINE
8
BLACK
6
CONTINUOUS
10
1.3796188582677165
20
1.5243188582677165
11
1.3827751181102361
21
1.5246620866141731
0
LINE
8
BLACK
6
CONTINUOUS
10
1.3827751181102361
20
1.5246620866141731
11
1.3858942519685038
21
1.5251920866141733
0
LINE
8
BLACK
6
CONTINUOUS
10
1.3858942519685038
20
1.5251920866141733
11
1.3895205511811024
21
1.5253957086614174
0
LINE
8
BLACK
6
CONTINUOUS
10
1.3895205511811024
20
1.5253957086614174
11
1.3931797637795276
21
1.5257937007874016
0
LINE
8
BLACK
6
CONTINUOUS
10
1.3931797637795276
20
1.5257937007874016
11
1.3966069291338583
21
1.5257937007874016
0
LINE
8
BLACK
6
CONTINUOUS
10
1.3966069291338583
20
1.5257937007874016
11
1.3999999999999999
21
1.5259842519685038
0
LINE
8
BLACK
6
CONTINUOUS
10
1.3999999999999999
20
1.5259842519685038
11
1.4033930708661417
21
1.5257937007874016
0
LINE
8
BLACK
6
CONTINUOUS
10
0.8803191732283464
20
1.3878105118110236
11
0.8816588188976378
21
1.3876551181102361
0
LINE
8
BLACK
6
CONTINUOUS
10
0.8816588188976378
20
1.3876551181102361
11
0.8821164960629921
21
1.3874529921259842
0
LINE
8
BLACK
6
CONTINUOUS
10
0.8821164960629921
20
1.3874529921259842
11
0.8830132677165354
21
1.3872746456692913
0
LINE
8
BLACK
6
CONTINUOUS
10
0.8830132677165354
20
1.3872746456692913
11
0.8839732677165354
21
1.3866331496062991
0
LINE
8
BLACK
6
CONTINUOUS
10
0.8839732677165354
20
1.3866331496062991
11
0.8844112992125984
21
1.3864397637795276
0
LINE
8
BLACK
6
CONTINUOUS
10
0.8844112992125984
20
1.3864397637795276
11
0.8847104724409449
21
1.3861405511811022
0
LINE
8
BLACK
6
CONTINUOUS
10
0.8847104724409449
20
1.3861405511811022
11
0.8855677559055118
21
1.3855677559055117
0
LINE
8
BLACK
6
CONTINUOUS
10
0.8855677559055118
20
1.3855677559055117
11
0.8861405511811024
21
1.3847104724409449
0
LINE
8
BLACK
6
CONTINUOUS
10
0.8861405511811024
20
1.3847104724409449
11
0.8864397637795275
21
1.3844112992125983
0
LINE
8
BLACK
6
CONTINUOUS
10
0.8864397637795275
20
1.3844112992125983
11
0.8866331496062992
21
1.3839732677165355
0
LINE
8
BLACK
6
CONTINUOUS
10
0.8866331496062992
20
1.3839732677165355
11
0.8872746456692914
21
1.3830132677165354
0
LINE
8
BLACK
6
CONTINUOUS
10
0.8872746456692914
20
1.3830132677165354
11
0.8874529921259843
21
1.3821164960629921
0
LINE
8
BLACK
6
CONTINUOUS
10
0.8874529921259843
20
1.3821164960629921
11
0.8876551181102362
21
1.3816588188976378
0
LINE
8
BLACK
6
CONTINUOUS
10
0.8876551181102362
20
1.3816588188976378
11
0.8878105118110236
21
1.3803190944881889
0
LINE
8
BLACK
6
CONTINUOUS
10
0.8878105118110236
20
1.3803190944881889
11
0.8878740157480315
21
1.3799999999999999
0
LINE
8
BLACK
6
CONTINUOUS
10
0.8878740157480315
20
1.3799999999999999
11
0.8878740157480315
21
1.3200000000000001
0
LINE
8
BLACK
6
CONTINUOUS
10
0.8878740157480315
20
1.3200000000000001
11
0.8878105118110236
21
1.3196808661417323
0
LINE
8
BLACK
6
CONTINUOUS
10
0.8878105118110236
20
1.3196808661417323
11
0.8876551181102362
21
1.3183411417322835
0
LINE
8
BLACK
6
CONTINUOUS
10
0.8876551181102362
20
1.3183411417322835
11
0.8874529921259843
21
1.3178833858267716
0
LINE
8
BLACK
6
CONTINUOUS
10
0.8874529921259843
20
1.3178833858267716
11
0.8872746456692914
21
1.3169867322834645
0
LINE
8
BLACK
6
CONTINUOUS
10
0.8872746456692914
20
1.3169867322834645
11
0.8866331889763779
21
1.3160267716535432
0
LINE
8
BLACK
6
CONTINUOUS
10
0.8866331889763779
20
1.3160267716535432
11
0.8864397637795275
21
1.3155886614173229
0
LINE
8
BLACK
6
CONTINUOUS
10
0.8864397637795275
20
1.3155886614173229
11
0.8861404724409448
21
1.31528937007874
0
LINE
8
BLACK
6
CONTINUOUS
10
0.8861404724409448
20
1.31528937007874
11
0.8855677559055118
21
1.3144322440944882
0
LINE
8
BLACK
6
CONTINUOUS
10
0.8855677559055118
20
1.3144322440944882
11
0.8847105905511811
21
1.3138594881889762
0
LINE
8
BLACK
6
CONTINUOUS
10
0.8847105905511811
20
1.3138594881889762
11
0.8844112992125984
21
1.3135601968503936
0
LINE
8
BLACK
6
CONTINUOUS
10
0.8844112992125984
20
1.3135601968503936
11
0.8839731102362205
21
1.3133666929133858
0
LINE
8
BLACK
6
CONTINUOUS
10
0.8839731102362205
20
1.3133666929133858
11
0.8830132677165354
21
1.3127253543307087
0
LINE
8
BLACK
6
CONTINUOUS
10
0.8830132677165354
20
1.3127253543307087
11
0.8821166929133858
21
1.3125470078740158
0
LINE
8
BLACK
6
CONTINUOUS
10
0.8821166929133858
20
1.3125470078740158
11
0.8816588188976378
21
1.3123448425196851
0
LINE
8
BLACK
6
CONTINUOUS
10
0.8816588188976378
20
1.3123448425196851
11
0.8803186220472441
21
1.3121893307086614
0
LINE
8
BLACK
6
CONTINUOUS
10
0.8803186220472441
20
1.3121893307086614
11
0.88
21
1.3121259842519686
0
LINE
8
BLACK
6
CONTINUOUS
10
0.88
20
1.3121259842519686
11
0.8797723228346457
21
1.3121259842519686
0
LINE
8
BLACK
6
CONTINUOUS
10
0.8797723228346457
20
1.3121259842519686
11
0.820227716535433
21
1.3121259842519686
0
LINE
8
BLACK
6
CONTINUOUS
10
0.820227716535433
20
1.3121259842519686
11
0.82
21
1.3121259842519686
0
LINE
8
BLACK
6
CONTINUOUS
10
0.82
20
1.3121259842519686
11
0.8196813385826771
21
1.3121893307086614
0
LINE
8
BLACK
6
CONTINUOUS
10
0.8196813385826771
20
1.3121893307086614
11
0.8183411417322835
21
1.3123448425196851
0
LINE
8
BLACK
6
CONTINUOUS
10
0.8183411417322835
20
1.3123448425196851
11
0.8178832283464567
21
1.3125470078740158
0
LINE
8
BLACK
6
CONTINUOUS
10
0.8178832283464567
20
1.3125470078740158
11
0.8169867322834645
21
1.3127253543307087
0
LINE
8
BLACK
6
CONTINUOUS
10
0.8169867322834645
20
1.3127253543307087
11
0.8160269291338582
21
1.3133666535433071
0
LINE
8
BLACK
6
CONTINUOUS
10
0.8160269291338582
20
1.3133666535433071
11
0.8155886614173228
21
1.3135601968503936
0
LINE
8
BLACK
6
CONTINUOUS
10
0.8155886614173228
20
1.3135601968503936
11
0.8152892519685039
21
1.3138595669291337
0
LINE
8
BLACK
6
CONTINUOUS
10
0.8152892519685039
20
1.3138595669291337
11
0.8144322440944882
21
1.3144322440944882
0
LINE
8
BLACK
6
CONTINUOUS
10
0.8144322440944882
20
1.3144322440944882
11
0.8138595669291339
21
1.315289251968504
0
LINE
8
BLACK
6
CONTINUOUS
10
0.8138595669291339
20
1.315289251968504
11
0.8135601968503937
21
1.3155886614173229
0
LINE
8
BLACK
6
CONTINUOUS
10
0.8135601968503937
20
1.3155886614173229
11
0.8133666535433071
21
1.3160269291338582
0
LINE
8
BLACK
6
CONTINUOUS
10
0.8133666535433071
20
1.3160269291338582
11
0.8127253543307087
21
1.3169867322834645
0
LINE
8
BLACK
6
CONTINUOUS
10
0.8127253543307087
20
1.3169867322834645
11
0.8125470078740157
21
1.3178832283464568
0
LINE
8
BLACK
6
CONTINUOUS
10
0.8125470078740157
20
1.3178832283464568
11
0.812344842519685
21
1.3183411417322835
0
LINE
8
BLACK
6
CONTINUOUS
10
0.812344842519685
20
1.3183411417322835
11
0.8121893307086614
21
1.3196814173228346
0
LINE
8
BLACK
6
CONTINUOUS
10
0.8121893307086614
20
1.3196814173228346
11
0.8121259842519685
21
1.3200000000000001
0
LINE
8
BLACK
6
CONTINUOUS
10
0.8121259842519685
20
1.3200000000000001
11
0.8121259842519685
21
1.3799999999999999
0
LINE
8
BLACK
6
CONTINUOUS
10
0.8121259842519685
20
1.3799999999999999
11
0.8121893700787401
21
1.3803187007874016
0
LINE
8
BLACK
6
CONTINUOUS
10
0.8121893700787401
20
1.3803187007874016
11
0.812344842519685
21
1.3816588188976378
0
LINE
8
BLACK
6
CONTINUOUS
10
0.812344842519685
20
1.3816588188976378
11
0.8125470078740157
21
1.3821166929133859
0
LINE
8
BLACK
6
CONTINUOUS
10
0.8125470078740157
20
1.3821166929133859
11
0.8127253543307087
21
1.3830132677165354
0
LINE
8
BLACK
6
CONTINUOUS
10
0.8127253543307087
20
1.3830132677165354
11
0.8133666929133858
21
1.3839731102362205
0
LINE
8
BLACK
6
CONTINUOUS
10
0.8133666929133858
20
1.3839731102362205
11
0.8135601968503937
21
1.3844112992125983
0
LINE
8
BLACK
6
CONTINUOUS
10
0.8135601968503937
20
1.3844112992125983
11
0.8138594881889764
21
1.3847105905511812
0
LINE
8
BLACK
6
CONTINUOUS
10
0.8138594881889764
20
1.3847105905511812
11
0.8144322440944882
21
1.3855677559055117
0
LINE
8
BLACK
6
CONTINUOUS
10
0.8144322440944882
20
1.3855677559055117
11
0.8152893700787401
21
1.386140472440945
0
LINE
8
BLACK
6
CONTINUOUS
10
0.8152893700787401
20
1.386140472440945
11
0.8155886614173228
21
1.3864397637795276
0
LINE
8
BLACK
6
CONTINUOUS
10
0.8155886614173228
20
1.3864397637795276
11
0.8160267716535433
21
1.3866331889763779
0
LINE
8
BLACK
6
CONTINUOUS
10
0.8160267716535433
20
1.3866331889763779
11
0.8169867322834645
21
1.3872746456692913
0
LINE
8
BLACK
6
CONTINUOUS
10
0.8169867322834645
20
1.3872746456692913
11
0.8178833858267717
21
1.3874529921259842
0
LINE
8
BLACK
6
CONTINUOUS
10
0.8178833858267717
20
1.3874529921259842
11
0.8183411417322835
21
1.3876551181102361
0
LINE
8
BLACK
6
CONTINUOUS
10
0.8183411417322835
20
1.3876551181102361
11
0.8196809448818897
21
1.3878105511811023
0
LINE
8
BLACK
6
CONTINUOUS
10
0.8196809448818897
20
1.3878105511811023
11
0.82
21
1.3878740157480314
0
LINE
8
BLACK
6
CONTINUOUS
10
0.82
20
1.3878740157480314
11
0.88
21
1.3878740157480314
0
LINE
8
BLACK
6
CONTINUOUS
10
0.88
20
1.3878740157480314
11
0.8803191732283464
21
1.3878105118110236
0
LINE
8
BLACK
6
CONTINUOUS
10
0.9803191732283464
20
1.3878105118110236
11
0.9816588188976377
21
1.3876551181102361
0
LINE
8
BLACK
6
CONTINUOUS
10
0.9816588188976377
20
1.3876551181102361
11
0.9821164960629921
21
1.3874529921259842
0
LINE
8
BLACK
6
CONTINUOUS
10
0.9821164960629921
20
1.3874529921259842
11
0.9830132677165354
21
1.3872746456692913
0
LINE
8
BLACK
6
CONTINUOUS
10
0.9830132677165354
20
1.3872746456692913
11
0.9839732677165354
21
1.3866331496062991
0
LINE
8
BLACK
6
CONTINUOUS
10
0.9839732677165354
20
1.3866331496062991
11
0.9844112992125984
21
1.3864397637795276
0
LINE
8
BLACK
6
CONTINUOUS
10
0.9844112992125984
20
1.3864397637795276
11
0.9847104724409449
21
1.3861405511811022
0
LINE
8
BLACK
6
CONTINUOUS
10
0.9847104724409449
20
1.3861405511811022
11
0.9855677559055118
21
1.3855677559055117
0
LINE
8
BLACK
6
CONTINUOUS
10
0.9855677559055118
20
1.3855677559055117
11
0.9861405511811023
21
1.3847104724409449
0
LINE
8
BLACK
6
CONTINUOUS
10
0.9861405511811023
20
1.3847104724409449
11
0.9864397637795276
21
1.3844112992125983
0
LINE
8
BLACK
6
CONTINUOUS
10
0.9864397637795276
20
1.3844112992125983
11
0.9866331496062992
21
1.3839732677165355
0
LINE
8
BLACK
6
CONTINUOUS
10
0.9866331496062992
20
1.3839732677165355
11
0.9872746456692914
21
1.3830132677165354
0
LINE
8
BLACK
6
CONTINUOUS
10
0.9872746456692914
20
1.3830132677165354
11
0.9874529921259843
21
1.3821164960629921
0
LINE
8
BLACK
6
CONTINUOUS
10
0.9874529921259843
20
1.3821164960629921
11
0.9876551181102362
21
1.3816588188976378
0
LINE
8
BLACK
6
CONTINUOUS
10
0.9876551181102362
20
1.3816588188976378
11
0.9878105118110236
21
1.3803190944881889
0
LINE
8
BLACK
6
CONTINUOUS
10
0.9878105118110236
20
1.3803190944881889
11
0.9878740157480315
21
1.3799999999999999
0
LINE
8
BLACK
6
CONTINUOUS
10
0.9878740157480315
20
1.3799999999999999
11
0.9878740157480315
21
1.3200000000000001
0
LINE
8
BLACK
6
CONTINUOUS
10
0.9878740157480315
20
1.3200000000000001
11
0.9878105118110236
21
1.3196808661417323
0
LINE
8
BLACK
6
CONTINUOUS
10
0.9878105118110236
20
1.3196808661417323
11
0.9876551181102362
21
1.3183411417322835
0
LINE
8
BLACK
6
CONTINUOUS
10
0.9876551181102362
20
1.3183411417322835
11
0.9874529921259843
21
1.3178833858267716
0
LINE
8
BLACK
6
CONTINUOUS
10
0.9874529921259843
20
1.3178833858267716
11
0.9872746456692914
21
1.3169867322834645
0
LINE
8
BLACK
6
CONTINUOUS
10
0.9872746456692914
20
1.3169867322834645
11
0.986633188976378
21
1.3160267716535432
0
LINE
8
BLACK
6
CONTINUOUS
10
0.986633188976378
20
1.3160267716535432
11
0.9864397637795276
21
1.3155886614173229
0
LINE
8
BLACK
6
CONTINUOUS
10
0.9864397637795276
20
1.3155886614173229
11
0.9861404724409448
21
1.31528937007874
0
LINE
8
BLACK
6
CONTINUOUS
10
0.9861404724409448
20
1.31528937007874
11
0.9855677559055118
21
1.3144322440944882
0
LINE
8
BLACK
6
CONTINUOUS
10
0.9855677559055118
20
1.3144322440944882
11
0.984710590551181
21
1.3138594881889762
0
LINE
8
BLACK
6
CONTINUOUS
10
0.984710590551181
20
1.3138594881889762
11
0.9844112992125984
21
1.3135601968503936
0
LINE
8
BLACK
6
CONTINUOUS
10
0.9844112992125984
20
1.3135601968503936
11
0.9839731102362205
21
1.3133666929133858
0
LINE
8
BLACK
6
CONTINUOUS
10
0.9839731102362205
20
1.3133666929133858
11
0.9830132677165354
21
1.3127253543307087
0
LINE
8
BLACK
6
CONTINUOUS
10
0.9830132677165354
20
1.3127253543307087
11
0.9821166929133858
21
1.3125470078740158
0
LINE
8
BLACK
6
CONTINUOUS
10
0.9821166929133858
20
1.3125470078740158
11
0.9816588188976377
21
1.3123448425196851
0
LINE
8
BLACK
6
CONTINUOUS
10
0.9816588188976377
20
1.3123448425196851
11
0.9803186220472441
21
1.3121893307086614
0
LINE
8
BLACK
6
CONTINUOUS
10
0.9803186220472441
20
1.3121893307086614
11
0.98
21
1.3121259842519686
0
LINE
8
BLACK
6
CONTINUOUS
10
0.98
20
1.3121259842519686
11
0.9797723228346457
21
1.3121259842519686
0
LINE
8
BLACK
6
CONTINUOUS
10
0.9797723228346457
20
1.3121259842519686
11
0.920227716535433
21
1.3121259842519686
0
LINE
8
BLACK
6
CONTINUOUS
10
0.920227716535433
20
1.3121259842519686
11
0.9199999999999999
21
1.3121259842519686
0
LINE
8
BLACK
6
CONTINUOUS
10
0.9199999999999999
20
1.3121259842519686
11
0.9196813385826772
21
1.3121893307086614
0
LINE
8
BLACK
6
CONTINUOUS
10
0.9196813385826772
20
1.3121893307086614
11
0.9183411417322834
21
1.3123448425196851
0
LINE
8
BLACK
6
CONTINUOUS
10
0.9183411417322834
20
1.3123448425196851
11
0.9178832283464566
21
1.3125470078740158
0
LINE
8
BLACK
6
CONTINUOUS
10
0.9178832283464566
20
1.3125470078740158
11
0.9169867322834645
21
1.3127253543307087
0
LINE
8
BLACK
6
CONTINUOUS
10
0.9169867322834645
20
1.3127253543307087
11
0.9160269291338582
21
1.3133666535433071
0
LINE
8
BLACK
6
CONTINUOUS
10
0.9160269291338582
20
1.3133666535433071
11
0.9155886614173229
21
1.3135601968503936
0
LINE
8
BLACK
6
CONTINUOUS
10
0.9155886614173229
20
1.3135601968503936
11
0.915289251968504
21
1.3138595669291337
0
LINE
8
BLACK
6
CONTINUOUS
10
0.915289251968504
20
1.3138595669291337
11
0.9144322440944882
21
1.3144322440944882
0
LINE
8
BLACK
6
CONTINUOUS
10
0.9144322440944882
20
1.3144322440944882
11
0.9138595669291338
21
1.315289251968504
0
LINE
8
BLACK
6
CONTINUOUS
10
0.9138595669291338
20
1.315289251968504
11
0.9135601968503937
21
1.3155886614173229
0
LINE
8
BLACK
6
CONTINUOUS
10
0.9135601968503937
20
1.3155886614173229
11
0.913366653543307
21
1.3160269291338582
0
LINE
8
BLACK
6
CONTINUOUS
10
0.913366653543307
20
1.3160269291338582
11
0.9127253543307087
21
1.3169867322834645
0
LINE
8
BLACK
6
CONTINUOUS
10
0.9127253543307087
20
1.3169867322834645
11
0.9125470078740158
21
1.3178832283464568
0
LINE
8
BLACK
6
CONTINUOUS
10
0.9125470078740158
20
1.3178832283464568
11
0.9123448425196851
21
1.3183411417322835
0
LINE
8
BLACK
6
CONTINUOUS
10
0.9123448425196851
20
1.3183411417322835
11
0.9121893307086614
21
1.3196814173228346
0
LINE
8
BLACK
6
CONTINUOUS
10
0.9121893307086614
20
1.3196814173228346
11
0.9121259842519684
21
1.3200000000000001
0
LINE
8
BLACK
6
CONTINUOUS
10
0.9121259842519684
20
1.3200000000000001
11
0.9121259842519684
21
1.3799999999999999
0
LINE
8
BLACK
6
CONTINUOUS
10
0.9121259842519684
20
1.3799999999999999
11
0.9121893700787401
21
1.3803187007874016
0
LINE
8
BLACK
6
CONTINUOUS
10
0.9121893700787401
20
1.3803187007874016
11
0.9123448425196851
21
1.3816588188976378
0
LINE
8
BLACK
6
CONTINUOUS
10
0.9123448425196851
20
1.3816588188976378
11
0.9125470078740158
21
1.3821166929133859
0
LINE
8
BLACK
6
CONTINUOUS
10
0.9125470078740158
20
1.3821166929133859
11
0.9127253543307087
21
1.3830132677165354
0
LINE
8
BLACK
6
CONTINUOUS
10
0.9127253543307087
20
1.3830132677165354
11
0.9133666929133858
21
1.3839731102362205
0
LINE
8
BLACK
6
CONTINUOUS
10
0.9133666929133858
20
1.3839731102362205
11
0.9135601968503937
21
1.3844112992125983
0
LINE
8
BLACK
6
CONTINUOUS
10
0.9135601968503937
20
1.3844112992125983
11
0.9138594881889763
21
1.3847105905511812
0
LINE
8
BLACK
6
CONTINUOUS
10
0.9138594881889763
20
1.3847105905511812
11
0.9144322440944882
21
1.3855677559055117
0
LINE
8
BLACK
6
CONTINUOUS
10
0.9144322440944882
20
1.3855677559055117
11
0.9152893700787401
21
1.386140472440945
0
LINE
8
BLACK
6
CONTINUOUS
10
0.9152893700787401
20
1.386140472440945
11
0.9155886614173229
21
1.3864397637795276
0
LINE
8
BLACK
6
CONTINUOUS
10
0.9155886614173229
20
1.3864397637795276
11
0.9160267716535433
21
1.3866331889763779
0
LINE
8
BLACK
6
CONTINUOUS
10
0.9160267716535433
20
1.3866331889763779
11
0.9169867322834645
21
1.3872746456692913
0
LINE
8
BLACK
6
CONTINUOUS
10
0.9169867322834645
20
1.3872746456692913
11
0.9178833858267716
21
1.3874529921259842
0
LINE
8
BLACK
6
CONTINUOUS
10
0.9178833858267716
20
1.3874529921259842
11
0.9183411417322834
21
1.3876551181102361
0
LINE
8
BLACK
6
CONTINUOUS
10
0.9183411417322834
20
1.3876551181102361
11
0.9196809448818898
21
1.3878105511811023
0
LINE
8
BLACK
6
CONTINUOUS
10
0.9196809448818898
20
1.3878105511811023
11
0.9199999999999999
21
1.3878740157480314
0
LINE
8
BLACK
6
CONTINUOUS
10
0.9199999999999999
20
1.3878740157480314
11
0.98
21
1.3878740157480314
0
LINE
8
BLACK
6
CONTINUOUS
10
0.98
20
1.3878740157480314
11
0.9803191732283464
21
1.3878105118110236
0
LINE
8
BLACK
6
CONTINUOUS
10
1.0803191732283464
20
1.3878105118110236
11
1.0816588188976377
21
1.3876551181102361
0
LINE
8
BLACK
6
CONTINUOUS
10
1.0816588188976377
20
1.3876551181102361
11
1.0821164960629921
21
1.3874529921259842
0
LINE
8
BLACK
6
CONTINUOUS
10
1.0821164960629921
20
1.3874529921259842
11
1.0830132677165354
21
1.3872746456692913
0
LINE
8
BLACK
6
CONTINUOUS
10
1.0830132677165354
20
1.3872746456692913
11
1.0839732677165355
21
1.3866331496062991
0
LINE
8
BLACK
6
CONTINUOUS
10
1.0839732677165355
20
1.3866331496062991
11
1.0844112992125985
21
1.3864397637795276
0
LINE
8
BLACK
6
CONTINUOUS
10
1.0844112992125985
20
1.3864397637795276
11
1.0847104724409449
21
1.3861405511811022
0
LINE
8
BLACK
6
CONTINUOUS
10
1.0847104724409449
20
1.3861405511811022
11
1.0855677559055117
21
1.3855677559055117
0
LINE
8
BLACK
6
CONTINUOUS
10
1.0855677559055117
20
1.3855677559055117
11
1.0861405511811024
21
1.3847104724409449
0
LINE
8
BLACK
6
CONTINUOUS
10
1.0861405511811024
20
1.3847104724409449
11
1.0864397637795276
21
1.3844112992125983
0
LINE
8
BLACK
6
CONTINUOUS
10
1.0864397637795276
20
1.3844112992125983
11
1.0866331496062991
21
1.3839732677165355
0
LINE
8
BLACK
6
CONTINUOUS
10
1.0866331496062991
20
1.3839732677165355
11
1.0872746456692912
21
1.3830132677165354
0
LINE
8
BLACK
6
CONTINUOUS
10
1.0872746456692912
20
1.3830132677165354
11
1.0874529921259841
21
1.3821164960629921
0
LINE
8
BLACK
6
CONTINUOUS
10
1.0874529921259841
20
1.3821164960629921
11
1.0876551181102363
21
1.3816588188976378
0
LINE
8
BLACK
6
CONTINUOUS
10
1.0876551181102363
20
1.3816588188976378
11
1.0878105118110235
21
1.3803190944881889
0
LINE
8
BLACK
6
CONTINUOUS
10
1.0878105118110235
20
1.3803190944881889
11
1.0878740157480316
21
1.3799999999999999
0
LINE
8
BLACK
6
CONTINUOUS
10
1.0878740157480316
20
1.3799999999999999
11
1.0878740157480316
21
1.3200000000000001
0
LINE
8
BLACK
6
CONTINUOUS
10
1.0878740157480316
20
1.3200000000000001
11
1.0878105118110235
21
1.3196808661417323
0
LINE
8
BLACK
6
CONTINUOUS
10
1.0878105118110235
20
1.3196808661417323
11
1.0876551181102363
21
1.3183411417322835
0
LINE
8
BLACK
6
CONTINUOUS
10
1.0876551181102363
20
1.3183411417322835
11
1.0874529921259841
21
1.3178833858267716
0
LINE
8
BLACK
6
CONTINUOUS
10
1.0874529921259841
20
1.3178833858267716
11
1.0872746456692912
21
1.3169867322834645
0
LINE
8
BLACK
6
CONTINUOUS
10
1.0872746456692912
20
1.3169867322834645
11
1.0866331889763778
21
1.3160267716535432
0
LINE
8
BLACK
6
CONTINUOUS
10
1.0866331889763778
20
1.3160267716535432
11
1.0864397637795276
21
1.3155886614173229
0
LINE
8
BLACK
6
CONTINUOUS
10
1.0864397637795276
20
1.3155886614173229
11
1.0861404724409449
21
1.31528937007874
0
LINE
8
BLACK
6
CONTINUOUS
10
1.0861404724409449
20
1.31528937007874
11
1.0855677559055117
21
1.3144322440944882
0
LINE
8
BLACK
6
CONTINUOUS
10
1.0855677559055117
20
1.3144322440944882
11
1.0847105905511811
21
1.3138594881889762
0
LINE
8
BLACK
6
CONTINUOUS
10
1.0847105905511811
20
1.3138594881889762
11
1.0844112992125985
21
1.3135601968503936
0
LINE
8
BLACK
6
CONTINUOUS
10
1.0844112992125985
20
1.3135601968503936
11
1.0839731102362204
21
1.3133666929133858
0
LINE
8
BLACK
6
CONTINUOUS
10
1.0839731102362204
20
1.3133666929133858
11
1.0830132677165354
21
1.3127253543307087
0
LINE
8
BLACK
6
CONTINUOUS
10
1.0830132677165354
20
1.3127253543307087
11
1.0821166929133859
21
1.3125470078740158
0
LINE
8
BLACK
6
CONTINUOUS
10
1.0821166929133859
20
1.3125470078740158
11
1.0816588188976377
21
1.3123448425196851
0
LINE
8
BLACK
6
CONTINUOUS
10
1.0816588188976377
20
1.3123448425196851
11
1.080318622047244
21
1.3121893307086614
0
LINE
8
BLACK
6
CONTINUOUS
10
1.080318622047244
20
1.3121893307086614
11
1.0800000000000001
21
1.3121259842519686
0
LINE
8
BLACK
6
CONTINUOUS
10
1.0800000000000001
20
1.3121259842519686
11
1.0797723228346456
21
1.3121259842519686
0
LINE
8
BLACK
6
CONTINUOUS
10
1.0797723228346456
20
1.3121259842519686
11
1.020227716535433
21
1.3121259842519686
0
LINE
8
BLACK
6
CONTINUOUS
10
1.020227716535433
20
1.3121259842519686
11
1.02
21
1.3121259842519686
0
LINE
8
BLACK
6
CONTINUOUS
10
1.02
20
1.3121259842519686
11
1.0196813385826771
21
1.3121893307086614
0
LINE
8
BLACK
6
CONTINUOUS
10
1.0196813385826771
20
1.3121893307086614
11
1.0183411417322834
21
1.3123448425196851
0
LINE
8
BLACK
6
CONTINUOUS
10
1.0183411417322834
20
1.3123448425196851
11
1.0178832283464567
21
1.3125470078740158
0
LINE
8
BLACK
6
CONTINUOUS
10
1.0178832283464567
20
1.3125470078740158
11
1.0169867322834645
21
1.3127253543307087
0
LINE
8
BLACK
6
CONTINUOUS
10
1.0169867322834645
20
1.3127253543307087
11
1.0160269291338582
21
1.3133666535433071
0
LINE
8
BLACK
6
CONTINUOUS
10
1.0160269291338582
20
1.3133666535433071
11
1.0155886614173228
21
1.3135601968503936
0
LINE
8
BLACK
6
CONTINUOUS
10
1.0155886614173228
20
1.3135601968503936
11
1.0152892519685039
21
1.3138595669291337
0
LINE
8
BLACK
6
CONTINUOUS
10
1.0152892519685039
20
1.3138595669291337
11
1.0144322440944882
21
1.3144322440944882
0
LINE
8
BLACK
6
CONTINUOUS
10
1.0144322440944882
20
1.3144322440944882
11
1.0138595669291339
21
1.315289251968504
0
LINE
8
BLACK
6
CONTINUOUS
10
1.0138595669291339
20
1.315289251968504
11
1.0135601968503938
21
1.3155886614173229
0
LINE
8
BLACK
6
CONTINUOUS
10
1.0135601968503938
20
1.3155886614173229
11
1.013366653543307
21
1.3160269291338582
0
LINE
8
BLACK
6
CONTINUOUS
10
1.013366653543307
20
1.3160269291338582
11
1.0127253543307086
21
1.3169867322834645
0
LINE
8
BLACK
6
CONTINUOUS
10
1.0127253543307086
20
1.3169867322834645
11
1.0125470078740157
21
1.3178832283464568
0
LINE
8
BLACK
6
CONTINUOUS
10
1.0125470078740157
20
1.3178832283464568
11
1.012344842519685
21
1.3183411417322835
0
LINE
8
BLACK
6
CONTINUOUS
10
1.012344842519685
20
1.3183411417322835
11
1.0121893307086614
21
1.3196814173228346
0
LINE
8
BLACK
6
CONTINUOUS
10
1.0121893307086614
20
1.3196814173228346
11
1.0121259842519685
21
1.3200000000000001
0
LINE
8
BLACK
6
CONTINUOUS
10
1.0121259842519685
20
1.3200000000000001
11
1.0121259842519685
21
1.3799999999999999
0
LINE
8
BLACK
6
CONTINUOUS
10
1.0121259842519685
20
1.3799999999999999
11
1.0121893700787401
21
1.3803187007874016
0
LINE
8
BLACK
6
CONTINUOUS
10
1.0121893700787401
20
1.3803187007874016
11
1.012344842519685
21
1.3816588188976378
0
LINE
8
BLACK
6
CONTINUOUS
10
1.012344842519685
20
1.3816588188976378
11
1.0125470078740157
21
1.3821166929133859
0
LINE
8
BLACK
6
CONTINUOUS
10
1.0125470078740157
20
1.3821166929133859
11
1.0127253543307086
21
1.3830132677165354
0
LINE
8
BLACK
6
CONTINUOUS
10
1.0127253543307086
20
1.3830132677165354
11
1.0133666929133858
21
1.3839731102362205
0
LINE
8
BLACK
6
CONTINUOUS
10
1.0133666929133858
20
1.3839731102362205
11
1.0135601968503938
21
1.3844112992125983
0
LINE
8
BLACK
6
CONTINUOUS
10
1.0135601968503938
20
1.3844112992125983
11
1.0138594881889764
21
1.3847105905511812
0
LINE
8
BLACK
6
CONTINUOUS
10
1.0138594881889764
20
1.3847105905511812
11
1.0144322440944882
21
1.3855677559055117
0
LINE
8
BLACK
6
CONTINUOUS
10
1.0144322440944882
20
1.3855677559055117
11
1.0152893700787402
21
1.386140472440945
0
LINE
8
BLACK
6
CONTINUOUS
10
1.0152893700787402
20
1.386140472440945
11
1.0155886614173228
21
1.3864397637795276
0
LINE
8
BLACK
6
CONTINUOUS
10
1.0155886614173228
20
1.3864397637795276
11
1.0160267716535434
21
1.3866331889763779
0
LINE
8
BLACK
6
CONTINUOUS
10
1.0160267716535434
20
1.3866331889763779
11
1.0169867322834645
21
1.3872746456692913
0
LINE
8
BLACK
6
CONTINUOUS
10
1.0169867322834645
20
1.3872746456692913
11
1.0178833858267717
21
1.3874529921259842
0
LINE
8
BLACK
6
CONTINUOUS
10
1.0178833858267717
20
1.3874529921259842
11
1.0183411417322834
21
1.3876551181102361
0
LINE
8
BLACK
6
CONTINUOUS
10
1.0183411417322834
20
1.3876551181102361
11
1.0196809448818898
21
1.3878105511811023
0
LINE
8
BLACK
6
CONTINUOUS
10
1.0196809448818898
20
1.3878105511811023
11
1.02
21
1.3878740157480314
0
LINE
8
BLACK
6
CONTINUOUS
10
1.02
20
1.3878740157480314
11
1.0800000000000001
21
1.3878740157480314
0
LINE
8
BLACK
6
CONTINUOUS
10
1.0800000000000001
20
1.3878740157480314
11
1.0803191732283464
21
1.3878105118110236
0
LINE
8
BLACK
6
CONTINUOUS
10
1.1803191732283465
20
1.3878105118110236
11
1.1816588188976378
21
1.3876551181102361
0
LINE
8
BLACK
6
CONTINUOUS
10
1.1816588188976378
20
1.3876551181102361
11
1.1821164960629922
21
1.3874529921259842
0
LINE
8
BLACK
6
CONTINUOUS
10
1.1821164960629922
20
1.3874529921259842
11
1.1830132677165355
21
1.3872746456692913
0
LINE
8
BLACK
6
CONTINUOUS
10
1.1830132677165355
20
1.3872746456692913
11
1.1839732677165353
21
1.3866331496062991
0
LINE
8
BLACK
6
CONTINUOUS
10
1.1839732677165353
20
1.3866331496062991
11
1.1844112992125984
21
1.3864397637795276
0
LINE
8
BLACK
6
CONTINUOUS
10
1.1844112992125984
20
1.3864397637795276
11
1.184710472440945
21
1.3861405511811022
0
LINE
8
BLACK
6
CONTINUOUS
10
1.184710472440945
20
1.3861405511811022
11
1.1855677559055118
21
1.3855677559055117
0
LINE
8
BLACK
6
CONTINUOUS
10
1.1855677559055118
20
1.3855677559055117
11
1.1861405511811023
21
1.3847104724409449
0
LINE
8
BLACK
6
CONTINUOUS
10
1.1861405511811023
20
1.3847104724409449
11
1.1864397637795274
21
1.3844112992125983
0
LINE
8
BLACK
6
CONTINUOUS
10
1.1864397637795274
20
1.3844112992125983
11
1.1866331496062992
21
1.3839732677165355
0
LINE
8
BLACK
6
CONTINUOUS
10
1.1866331496062992
20
1.3839732677165355
11
1.1872746456692913
21
1.3830132677165354
0
LINE
8
BLACK
6
CONTINUOUS
10
1.1872746456692913
20
1.3830132677165354
11
1.1874529921259842
21
1.3821164960629921
0
LINE
8
BLACK
6
CONTINUOUS
10
1.1874529921259842
20
1.3821164960629921
11
1.1876551181102362
21
1.3816588188976378
0
LINE
8
BLACK
6
CONTINUOUS
10
1.1876551181102362
20
1.3816588188976378
11
1.1878105118110236
21
1.3803190944881889
0
LINE
8
BLACK
6
CONTINUOUS
10
1.1878105118110236
20
1.3803190944881889
11
1.1878740157480314
21
1.3799999999999999
0
LINE
8
BLACK
6
CONTINUOUS
10
1.1878740157480314
20
1.3799999999999999
11
1.1878740157480314
21
1.3200000000000001
0
LINE
8
BLACK
6
CONTINUOUS
10
1.1878740157480314
20
1.3200000000000001
11
1.1878105118110236
21
1.3196808661417323
0
LINE
8
BLACK
6
CONTINUOUS
10
1.1878105118110236
20
1.3196808661417323
11
1.1876551181102362
21
1.3183411417322835
0
LINE
8
BLACK
6
CONTINUOUS
10
1.1876551181102362
20
1.3183411417322835
11
1.1874529921259842
21
1.3178833858267716
0
LINE
8
BLACK
6
CONTINUOUS
10
1.1874529921259842
20
1.3178833858267716
11
1.1872746456692913
21
1.3169867322834645
0
LINE
8
BLACK
6
CONTINUOUS
10
1.1872746456692913
20
1.3169867322834645
11
1.1866331889763779
21
1.3160267716535432
0
LINE
8
BLACK
6
CONTINUOUS
10
1.1866331889763779
20
1.3160267716535432
11
1.1864397637795274
21
1.3155886614173229
0
LINE
8
BLACK
6
CONTINUOUS
10
1.1864397637795274
20
1.3155886614173229
11
1.1861404724409448
21
1.31528937007874
0
LINE
8
BLACK
6
CONTINUOUS
10
1.1861404724409448
20
1.31528937007874
11
1.1855677559055118
21
1.3144322440944882
0
LINE
8
BLACK
6
CONTINUOUS
10
1.1855677559055118
20
1.3144322440944882
11
1.184710590551181
21
1.3138594881889762
0
LINE
8
BLACK
6
CONTINUOUS
10
1.184710590551181
20
1.3138594881889762
11
1.1844112992125984
21
1.3135601968503936
0
LINE
8
BLACK
6
CONTINUOUS
10
1.1844112992125984
20
1.3135601968503936
11
1.1839731102362205
21
1.3133666929133858
0
LINE
8
BLACK
6
CONTINUOUS
10
1.1839731102362205
20
1.3133666929133858
11
1.1830132677165355
21
1.3127253543307087
0
LINE
8
BLACK
6
CONTINUOUS
10
1.1830132677165355
20
1.3127253543307087
11
1.1821166929133857
21
1.3125470078740158
0
LINE
8
BLACK
6
CONTINUOUS
10
1.1821166929133857
20
1.3125470078740158
11
1.1816588188976378
21
1.3123448425196851
0
LINE
8
BLACK
6
CONTINUOUS
10
1.1816588188976378
20
1.3123448425196851
11
1.1803186220472441
21
1.3121893307086614
0
LINE
8
BLACK
6
CONTINUOUS
10
1.1803186220472441
20
1.3121893307086614
11
1.1799999999999999
21
1.3121259842519686
0
LINE
8
BLACK
6
CONTINUOUS
10
1.1799999999999999
20
1.3121259842519686
11
1.1797723228346457
21
1.3121259842519686
0
LINE
8
BLACK
6
CONTINUOUS
10
1.1797723228346457
20
1.3121259842519686
11
1.1202277165354331
21
1.3121259842519686
0
LINE
8
BLACK
6
CONTINUOUS
10
1.1202277165354331
20
1.3121259842519686
11
1.1199999999999999
21
1.3121259842519686
0
LINE
8
BLACK
6
CONTINUOUS
10
1.1199999999999999
20
1.3121259842519686
11
1.1196813385826772
21
1.3121893307086614
0
LINE
8
BLACK
6
CONTINUOUS
10
1.1196813385826772
20
1.3121893307086614
11
1.1183411417322835
21
1.3123448425196851
0
LINE
8
BLACK
6
CONTINUOUS
10
1.1183411417322835
20
1.3123448425196851
11
1.1178832283464566
21
1.3125470078740158
0
LINE
8
BLACK
6
CONTINUOUS
10
1.1178832283464566
20
1.3125470078740158
11
1.1169867322834646
21
1.3127253543307087
0
LINE
8
BLACK
6
CONTINUOUS
10
1.1169867322834646
20
1.3127253543307087
11
1.1160269291338583
21
1.3133666535433071
0
LINE
8
BLACK
6
CONTINUOUS
10
1.1160269291338583
20
1.3133666535433071
11
1.1155886614173227
21
1.3135601968503936
0
LINE
8
BLACK
6
CONTINUOUS
10
1.1155886614173227
20
1.3135601968503936
11
1.1152892519685038
21
1.3138595669291337
0
LINE
8
BLACK
6
CONTINUOUS
10
1.1152892519685038
20
1.3138595669291337
11
1.1144322440944883
21
1.3144322440944882
0
LINE
8
BLACK
6
CONTINUOUS
10
1.1144322440944883
20
1.3144322440944882
11
1.1138595669291338
21
1.315289251968504
0
LINE
8
BLACK
6
CONTINUOUS
10
1.1138595669291338
20
1.315289251968504
11
1.1135601968503936
21
1.3155886614173229
0
LINE
8
BLACK
6
CONTINUOUS
10
1.1135601968503936
20
1.3155886614173229
11
1.1133666535433071
21
1.3160269291338582
0
LINE
8
BLACK
6
CONTINUOUS
10
1.1133666535433071
20
1.3160269291338582
11
1.1127253543307087
21
1.3169867322834645
0
LINE
8
BLACK
6
CONTINUOUS
10
1.1127253543307087
20
1.3169867322834645
11
1.1125470078740156
21
1.3178832283464568
0
LINE
8
BLACK
6
CONTINUOUS
10
1.1125470078740156
20
1.3178832283464568
11
1.1123448425196849
21
1.3183411417322835
0
LINE
8
BLACK
6
CONTINUOUS
10
1.1123448425196849
20
1.3183411417322835
11
1.1121893307086614
21
1.3196814173228346
0
LINE
8
BLACK
6
CONTINUOUS
10
1.1121893307086614
20
1.3196814173228346
11
1.1121259842519684
21
1.3200000000000001
0
LINE
8
BLACK
6
CONTINUOUS
10
1.1121259842519684
20
1.3200000000000001
11
1.1121259842519684
21
1.3799999999999999
0
LINE
8
BLACK
6
CONTINUOUS
10
1.1121259842519684
20
1.3799999999999999
11
1.1121893700787402
21
1.3803187007874016
0
LINE
8
BLACK
6
CONTINUOUS
10
1.1121893700787402
20
1.3803187007874016
11
1.1123448425196849
21
1.3816588188976378
0
LINE
8
BLACK
6
CONTINUOUS
10
1.1123448425196849
20
1.3816588188976378
11
1.1125470078740156
21
1.3821166929133859
0
LINE
8
BLACK
6
CONTINUOUS
10
1.1125470078740156
20
1.3821166929133859
11
1.1127253543307087
21
1.3830132677165354
0
LINE
8
BLACK
6
CONTINUOUS
10
1.1127253543307087
20
1.3830132677165354
11
1.1133666929133859
21
1.3839731102362205
0
LINE
8
BLACK
6
CONTINUOUS
10
1.1133666929133859
20
1.3839731102362205
11
1.1135601968503936
21
1.3844112992125983
0
LINE
8
BLACK
6
CONTINUOUS
10
1.1135601968503936
20
1.3844112992125983
11
1.1138594881889763
21
1.3847105905511812
0
LINE
8
BLACK
6
CONTINUOUS
10
1.1138594881889763
20
1.3847105905511812
11
1.1144322440944883
21
1.3855677559055117
0
LINE
8
BLACK
6
CONTINUOUS
10
1.1144322440944883
20
1.3855677559055117
11
1.1152893700787401
21
1.386140472440945
0
LINE
8
BLACK
6
CONTINUOUS
10
1.1152893700787401
20
1.386140472440945
11
1.1155886614173227
21
1.3864397637795276
0
LINE
8
BLACK
6
CONTINUOUS
10
1.1155886614173227
20
1.3864397637795276
11
1.1160267716535432
21
1.3866331889763779
0
LINE
8
BLACK
6
CONTINUOUS
10
1.1160267716535432
20
1.3866331889763779
11
1.1169867322834646
21
1.3872746456692913
0
LINE
8
BLACK
6
CONTINUOUS
10
1.1169867322834646
20
1.3872746456692913
11
1.1178833858267716
21
1.3874529921259842
0
LINE
8
BLACK
6
CONTINUOUS
10
1.1178833858267716
20
1.3874529921259842
11
1.1183411417322835
21
1.3876551181102361
0
LINE
8
BLACK
6
CONTINUOUS
10
1.1183411417322835
20
1.3876551181102361
11
1.1196809448818896
21
1.3878105511811023
0
LINE
8
BLACK
6
CONTINUOUS
10
1.1196809448818896
20
1.3878105511811023
11
1.1199999999999999
21
1.3878740157480314
0
LINE
8
BLACK
6
CONTINUOUS
10
1.1199999999999999
20
1.3878740157480314
11
1.1799999999999999
21
1.3878740157480314
0
LINE
8
BLACK
6
CONTINUOUS
10
1.1799999999999999
20
1.3878740157480314
11
1.1803191732283465
21
1.3878105118110236
0
LINE
8
BLACK
6
CONTINUOUS
10
0.5503191732283464
20
1.4078105118110236
11
0.5516588188976378
21
1.4076551181102361
0
LINE
8
BLACK
6
CONTINUOUS
10
0.5516588188976378
20
1.4076551181102361
11
0.5521164960629921
21
1.4074529921259842
0
LINE
8
BLACK
6
CONTINUOUS
10
0.5521164960629921
20
1.4074529921259842
11
0.5530132677165355
21
1.4072746456692913
0
LINE
8
BLACK
6
CONTINUOUS
10
0.5530132677165355
20
1.4072746456692913
11
0.5539732677165354
21
1.4066331496062991
0
LINE
8
BLACK
6
CONTINUOUS
10
0.5539732677165354
20
1.4066331496062991
11
0.5544112992125985
21
1.4064397637795276
0
LINE
8
BLACK
6
CONTINUOUS
10
0.5544112992125985
20
1.4064397637795276
11
0.5547104724409448
21
1.4061405511811023
0
LINE
8
BLACK
6
CONTINUOUS
10
0.5547104724409448
20
1.4061405511811023
11
0.5555677559055118
21
1.4055677559055118
0
LINE
8
BLACK
6
CONTINUOUS
10
0.5555677559055118
20
1.4055677559055118
11
0.5561405511811024
21
1.4047104724409449
0
LINE
8
BLACK
6
CONTINUOUS
10
0.5561405511811024
20
1.4047104724409449
11
0.5564397637795275
21
1.4044112992125983
0
LINE
8
BLACK
6
CONTINUOUS
10
0.5564397637795275
20
1.4044112992125983
11
0.5566331496062992
21
1.4039732677165353
0
LINE
8
BLACK
6
CONTINUOUS
10
0.5566331496062992
20
1.4039732677165353
11
0.5572746456692913
21
1.4030132677165355
0
LINE
8
BLACK
6
CONTINUOUS
10
0.5572746456692913
20
1.4030132677165355
11
0.5574529921259842
21
1.4021164960629922
0
LINE
8
BLACK
6
CONTINUOUS
10
0.5574529921259842
20
1.4021164960629922
11
0.5576551181102362
21
1.4016588188976378
0
LINE
8
BLACK
6
CONTINUOUS
10
0.5576551181102362
20
1.4016588188976378
11
0.5578105118110236
21
1.4003190944881889
0
LINE
8
BLACK
6
CONTINUOUS
10
0.5578105118110236
20
1.4003190944881889
11
0.5578740157480315
21
1.3999999999999999
0
LINE
8
BLACK
6
CONTINUOUS
10
0.5578740157480315
20
1.3999999999999999
11
0.5578740157480315
21
1.3400000000000001
0
LINE
8
BLACK
6
CONTINUOUS
10
0.5578740157480315
20
1.3400000000000001
11
0.5578105118110236
21
1.3396808661417323
0
LINE
8
BLACK
6
CONTINUOUS
10
0.5578105118110236
20
1.3396808661417323
11
0.5576551181102362
21
1.3383411417322835
0
LINE
8
BLACK
6
CONTINUOUS
10
0.5576551181102362
20
1.3383411417322835
11
0.5574529921259842
21
1.3378833858267716
0
LINE
8
BLACK
6
CONTINUOUS
10
0.5574529921259842
20
1.3378833858267716
11
0.5572746456692913
21
1.3369867322834645
0
LINE
8
BLACK
6
CONTINUOUS
10
0.5572746456692913
20
1.3369867322834645
11
0.5566331889763779
21
1.3360267716535432
0
LINE
8
BLACK
6
CONTINUOUS
10
0.5566331889763779
20
1.3360267716535432
11
0.5564397637795275
21
1.3355886614173229
0
LINE
8
BLACK
6
CONTINUOUS
10
0.5564397637795275
20
1.3355886614173229
11
0.5561404724409449
21
1.33528937007874
0
LINE
8
BLACK
6
CONTINUOUS
10
0.5561404724409449
20
1.33528937007874
11
0.5555677559055118
21
1.3344322440944882
0
LINE
8
BLACK
6
CONTINUOUS
10
0.5555677559055118
20
1.3344322440944882
11
0.5547105905511811
21
1.3338594881889763
0
LINE
8
BLACK
6
CONTINUOUS
10
0.5547105905511811
20
1.3338594881889763
11
0.5544112992125985
21
1.3335601968503936
0
LINE
8
BLACK
6
CONTINUOUS
10
0.5544112992125985
20
1.3335601968503936
11
0.5539731102362204
21
1.3333666929133858
0
LINE
8
BLACK
6
CONTINUOUS
10
0.5539731102362204
20
1.3333666929133858
11
0.5530132677165355
21
1.3327253543307087
0
LINE
8
BLACK
6
CONTINUOUS
10
0.5530132677165355
20
1.3327253543307087
11
0.5521166929133858
21
1.3325470078740158
0
LINE
8
BLACK
6
CONTINUOUS
10
0.5521166929133858
20
1.3325470078740158
11
0.5516588188976378
21
1.3323448425196851
0
LINE
8
BLACK
6
CONTINUOUS
10
0.5516588188976378
20
1.3323448425196851
11
0.5503186220472441
21
1.3321893307086614
0
LINE
8
BLACK
6
CONTINUOUS
10
0.5503186220472441
20
1.3321893307086614
11
0.5499999999999999
21
1.3321259842519684
0
LINE
8
BLACK
6
CONTINUOUS
10
0.5499999999999999
20
1.3321259842519684
11
0.5497723228346456
21
1.3321259842519684
0
LINE
8
BLACK
6
CONTINUOUS
10
0.5497723228346456
20
1.3321259842519684
11
0.4902277165354331
21
1.3321259842519684
0
LINE
8
BLACK
6
CONTINUOUS
10
0.4902277165354331
20
1.3321259842519684
11
0.49
21
1.3321259842519684
0
LINE
8
BLACK
6
CONTINUOUS
10
0.49
20
1.3321259842519684
11
0.4896813385826772
21
1.3321893307086614
0
LINE
8
BLACK
6
CONTINUOUS
10
0.4896813385826772
20
1.3321893307086614
11
0.4883411417322834
21
1.3323448425196851
0
LINE
8
BLACK
6
CONTINUOUS
10
0.4883411417322834
20
1.3323448425196851
11
0.4878832283464567
21
1.3325470078740158
0
LINE
8
BLACK
6
CONTINUOUS
10
0.4878832283464567
20
1.3325470078740158
11
0.4869867322834646
21
1.3327253543307087
0
LINE
8
BLACK
6
CONTINUOUS
10
0.4869867322834646
20
1.3327253543307087
11
0.4860269291338583
21
1.3333666535433071
0
LINE
8
BLACK
6
CONTINUOUS
10
0.4860269291338583
20
1.3333666535433071
11
0.4855886614173228
21
1.3335601968503936
0
LINE
8
BLACK
6
CONTINUOUS
10
0.4855886614173228
20
1.3335601968503936
11
0.4852892519685039
21
1.3338595669291338
0
LINE
8
BLACK
6
CONTINUOUS
10
0.4852892519685039
20
1.3338595669291338
11
0.4844322440944882
21
1.3344322440944882
0
LINE
8
BLACK
6
CONTINUOUS
10
0.4844322440944882
20
1.3344322440944882
11
0.4838595669291338
21
1.335289251968504
0
LINE
8
BLACK
6
CONTINUOUS
10
0.4838595669291338
20
1.335289251968504
11
0.4835601968503937
21
1.3355886614173229
0
LINE
8
BLACK
6
CONTINUOUS
10
0.4835601968503937
20
1.3355886614173229
11
0.4833666535433071
21
1.3360269291338582
0
LINE
8
BLACK
6
CONTINUOUS
10
0.4833666535433071
20
1.3360269291338582
11
0.4827253543307087
21
1.3369867322834645
0
LINE
8
BLACK
6
CONTINUOUS
10
0.4827253543307087
20
1.3369867322834645
11
0.4825470078740157
21
1.3378832283464566
0
LINE
8
BLACK
6
CONTINUOUS
10
0.4825470078740157
20
1.3378832283464566
11
0.482344842519685
21
1.3383411417322835
0
LINE
8
BLACK
6
CONTINUOUS
10
0.482344842519685
20
1.3383411417322835
11
0.4821893307086614
21
1.3396814173228346
0
LINE
8
BLACK
6
CONTINUOUS
10
0.4821893307086614
20
1.3396814173228346
11
0.4821259842519685
21
1.3400000000000001
0
LINE
8
BLACK
6
CONTINUOUS
10
0.4821259842519685
20
1.3400000000000001
11
0.4821259842519685
21
1.3999999999999999
0
LINE
8
BLACK
6
CONTINUOUS
10
0.4821259842519685
20
1.3999999999999999
11
0.4821893700787401
21
1.4003187007874016
0
LINE
8
BLACK
6
CONTINUOUS
10
0.4821893700787401
20
1.4003187007874016
11
0.482344842519685
21
1.4016588188976378
0
LINE
8
BLACK
6
CONTINUOUS
10
0.482344842519685
20
1.4016588188976378
11
0.4825470078740157
21
1.4021166929133857
0
LINE
8
BLACK
6
CONTINUOUS
10
0.4825470078740157
20
1.4021166929133857
11
0.4827253543307087
21
1.4030132677165355
0
LINE
8
BLACK
6
CONTINUOUS
10
0.4827253543307087
20
1.4030132677165355
11
0.4833666929133858
21
1.4039731102362205
0
LINE
8
BLACK
6
CONTINUOUS
10
0.4833666929133858
20
1.4039731102362205
11
0.4835601968503937
21
1.4044112992125983
0
LINE
8
BLACK
6
CONTINUOUS
10
0.4835601968503937
20
1.4044112992125983
11
0.4838594881889764
21
1.404710590551181
0
LINE
8
BLACK
6
CONTINUOUS
10
0.4838594881889764
20
1.404710590551181
11
0.4844322440944882
21
1.4055677559055118
0
LINE
8
BLACK
6
CONTINUOUS
10
0.4844322440944882
20
1.4055677559055118
11
0.4852893700787401
21
1.4061404724409448
0
LINE
8
BLACK
6
CONTINUOUS
10
0.4852893700787401
20
1.4061404724409448
11
0.4855886614173228
21
1.4064397637795276
0
LINE
8
BLACK
6
CONTINUOUS
10
0.4855886614173228
20
1.4064397637795276
11
0.4860267716535433
21
1.4066331889763779
0
LINE
8
BLACK
6
CONTINUOUS
10
0.4860267716535433
20
1.4066331889763779
11
0.4869867322834646
21
1.4072746456692913
0
LINE
8
BLACK
6
CONTINUOUS
10
0.4869867322834646
20
1.4072746456692913
11
0.4878833858267717
21
1.4074529921259842
0
LINE
8
BLACK
6
CONTINUOUS
10
0.4878833858267717
20
1.4074529921259842
11
0.4883411417322834
21
1.4076551181102361
0
LINE
8
BLACK
6
CONTINUOUS
10
0.4883411417322834
20
1.4076551181102361
11
0.4896809448818897
21
1.4078105511811023
0
LINE
8
BLACK
6
CONTINUOUS
10
0.4896809448818897
20
1.4078105511811023
11
0.49
21
1.4078740157480314
0
LINE
8
BLACK
6
CONTINUOUS
10
0.49
20
1.4078740157480314
11
0.5499999999999999
21
1.4078740157480314
0
LINE
8
BLACK
6
CONTINUOUS
10
0.5499999999999999
20
1.4078740157480314
11
0.5503191732283464
21
1.4078105118110236
0
LINE
8
BLACK
6
CONTINUOUS
10
0.6503191732283464
20
1.4078105118110236
11
0.6516588188976378
21
1.4076551181102361
0
LINE
8
BLACK
6
CONTINUOUS
10
0.6516588188976378
20
1.4076551181102361
11
0.6521164960629922
21
1.4074529921259842
0
LINE
8
BLACK
6
CONTINUOUS
10
0.6521164960629922
20
1.4074529921259842
11
0.6530132677165355
21
1.4072746456692913
0
LINE
8
BLACK
6
CONTINUOUS
10
0.6530132677165355
20
1.4072746456692913
11
0.6539732677165354
21
1.4066331496062991
0
LINE
8
BLACK
6
CONTINUOUS
10
0.6539732677165354
20
1.4066331496062991
11
0.6544112992125984
21
1.4064397637795276
0
LINE
8
BLACK
6
CONTINUOUS
10
0.6544112992125984
20
1.4064397637795276
11
0.6547104724409448
21
1.4061405511811023
0
LINE
8
BLACK
6
CONTINUOUS
10
0.6547104724409448
20
1.4061405511811023
11
0.6555677559055118
21
1.4055677559055118
0
LINE
8
BLACK
6
CONTINUOUS
10
0.6555677559055118
20
1.4055677559055118
11
0.6561405511811024
21
1.4047104724409449
0
LINE
8
BLACK
6
CONTINUOUS
10
0.6561405511811024
20
1.4047104724409449
11
0.6564397637795275
21
1.4044112992125983
0
LINE
8
BLACK
6
CONTINUOUS
10
0.6564397637795275
20
1.4044112992125983
11
0.6566331496062991
21
1.4039732677165353
0
LINE
8
BLACK
6
CONTINUOUS
10
0.6566331496062991
20
1.4039732677165353
11
0.6572746456692913
21
1.4030132677165355
0
LINE
8
BLACK
6
CONTINUOUS
10
0.6572746456692913
20
1.4030132677165355
11
0.6574529921259843
21
1.4021164960629922
0
LINE
8
BLACK
6
CONTINUOUS
10
0.6574529921259843
20
1.4021164960629922
11
0.6576551181102362
21
1.4016588188976378
0
LINE
8
BLACK
6
CONTINUOUS
10
0.6576551181102362
20
1.4016588188976378
11
0.6578105118110236
21
1.4003190944881889
0
LINE
8
BLACK
6
CONTINUOUS
10
0.6578105118110236
20
1.4003190944881889
11
0.6578740157480315
21
1.3999999999999999
0
LINE
8
BLACK
6
CONTINUOUS
10
0.6578740157480315
20
1.3999999999999999
11
0.6578740157480315
21
1.3400000000000001
0
LINE
8
BLACK
6
CONTINUOUS
10
0.6578740157480315
20
1.3400000000000001
11
0.6578105118110236
21
1.3396808661417323
0
LINE
8
BLACK
6
CONTINUOUS
10
0.6578105118110236
20
1.3396808661417323
11
0.6576551181102362
21
1.3383411417322835
0
LINE
8
BLACK
6
CONTINUOUS
10
0.6576551181102362
20
1.3383411417322835
11
0.6574529921259843
21
1.3378833858267716
0
LINE
8
BLACK
6
CONTINUOUS
10
0.6574529921259843
20
1.3378833858267716
11
0.6572746456692913
21
1.3369867322834645
0
LINE
8
BLACK
6
CONTINUOUS
10
0.6572746456692913
20
1.3369867322834645
11
0.6566331889763779
21
1.3360267716535432
0
LINE
8
BLACK
6
CONTINUOUS
10
0.6566331889763779
20
1.3360267716535432
11
0.6564397637795275
21
1.3355886614173229
0
LINE
8
BLACK
6
CONTINUOUS
10
0.6564397637795275
20
1.3355886614173229
11
0.6561404724409449
21
1.33528937007874
0
LINE
8
BLACK
6
CONTINUOUS
10
0.6561404724409449
20
1.33528937007874
11
0.6555677559055118
21
1.3344322440944882
0
LINE
8
BLACK
6
CONTINUOUS
10
0.6555677559055118
20
1.3344322440944882
11
0.6547105905511811
21
1.3338594881889763
0
LINE
8
BLACK
6
CONTINUOUS
10
0.6547105905511811
20
1.3338594881889763
11
0.6544112992125984
21
1.3335601968503936
0
LINE
8
BLACK
6
CONTINUOUS
10
0.6544112992125984
20
1.3335601968503936
11
0.6539731102362205
21
1.3333666929133858
0
LINE
8
BLACK
6
CONTINUOUS
10
0.6539731102362205
20
1.3333666929133858
11
0.6530132677165355
21
1.3327253543307087
0
LINE
8
BLACK
6
CONTINUOUS
10
0.6530132677165355
20
1.3327253543307087
11
0.6521166929133858
21
1.3325470078740158
0
LINE
8
BLACK
6
CONTINUOUS
10
0.6521166929133858
20
1.3325470078740158
11
0.6516588188976378
21
1.3323448425196851
0
LINE
8
BLACK
6
CONTINUOUS
10
0.6516588188976378
20
1.3323448425196851
11
0.6503186220472441
21
1.3321893307086614
0
LINE
8
BLACK
6
CONTINUOUS
10
0.6503186220472441
20
1.3321893307086614
11
0.65
21
1.3321259842519684
0
LINE
8
BLACK
6
CONTINUOUS
10
0.65
20
1.3321259842519684
11
0.6497723228346457
21
1.3321259842519684
0
LINE
8
BLACK
6
CONTINUOUS
10
0.6497723228346457
20
1.3321259842519684
11
0.590227716535433
21
1.3321259842519684
0
LINE
8
BLACK
6
CONTINUOUS
10
0.590227716535433
20
1.3321259842519684
11
0.59
21
1.3321259842519684
0
LINE
8
BLACK
6
CONTINUOUS
10
0.59
20
1.3321259842519684
11
0.5896813385826771
21
1.3321893307086614
0
LINE
8
BLACK
6
CONTINUOUS
10
0.5896813385826771
20
1.3321893307086614
11
0.5883411417322835
21
1.3323448425196851
0
LINE
8
BLACK
6
CONTINUOUS
10
0.5883411417322835
20
1.3323448425196851
11
0.5878832283464567
21
1.3325470078740158
0
LINE
8
BLACK
6
CONTINUOUS
10
0.5878832283464567
20
1.3325470078740158
11
0.5869867322834645
21
1.3327253543307087
0
LINE
8
BLACK
6
CONTINUOUS
10
0.5869867322834645
20
1.3327253543307087
11
0.5860269291338582
21
1.3333666535433071
0
LINE
8
BLACK
6
CONTINUOUS
10
0.5860269291338582
20
1.3333666535433071
11
0.5855886614173228
21
1.3335601968503936
0
LINE
8
BLACK
6
CONTINUOUS
10
0.5855886614173228
20
1.3335601968503936
11
0.5852892519685039
21
1.3338595669291338
0
LINE
8
BLACK
6
CONTINUOUS
10
0.5852892519685039
20
1.3338595669291338
11
0.5844322440944881
21
1.3344322440944882
0
LINE
8
BLACK
6
CONTINUOUS
10
0.5844322440944881
20
1.3344322440944882
11
0.5838595669291339
21
1.335289251968504
0
LINE
8
BLACK
6
CONTINUOUS
10
0.5838595669291339
20
1.335289251968504
11
0.5835601968503937
21
1.3355886614173229
0
LINE
8
BLACK
6
CONTINUOUS
10
0.5835601968503937
20
1.3355886614173229
11
0.5833666535433071
21
1.3360269291338582
0
LINE
8
BLACK
6
CONTINUOUS
10
0.5833666535433071
20
1.3360269291338582
11
0.5827253543307086
21
1.3369867322834645
0
LINE
8
BLACK
6
CONTINUOUS
10
0.5827253543307086
20
1.3369867322834645
11
0.5825470078740157
21
1.3378832283464566
0
LINE
8
BLACK
6
CONTINUOUS
10
0.5825470078740157
20
1.3378832283464566
11
0.582344842519685
21
1.3383411417322835
0
LINE
8
BLACK
6
CONTINUOUS
10
0.582344842519685
20
1.3383411417322835
11
0.5821893307086614
21
1.3396814173228346
0
LINE
8
BLACK
6
CONTINUOUS
10
0.5821893307086614
20
1.3396814173228346
11
0.5821259842519685
21
1.3400000000000001
0
LINE
8
BLACK
6
CONTINUOUS
10
0.5821259842519685
20
1.3400000000000001
11
0.5821259842519685
21
1.3999999999999999
0
LINE
8
BLACK
6
CONTINUOUS
10
0.5821259842519685
20
1.3999999999999999
11
0.5821893700787402
21
1.4003187007874016
0
LINE
8
BLACK
6
CONTINUOUS
10
0.5821893700787402
20
1.4003187007874016
11
0.582344842519685
21
1.4016588188976378
0
LINE
8
BLACK
6
CONTINUOUS
10
0.582344842519685
20
1.4016588188976378
11
0.5825470078740157
21
1.4021166929133857
0
LINE
8
BLACK
6
CONTINUOUS
10
0.5825470078740157
20
1.4021166929133857
11
0.5827253543307086
21
1.4030132677165355
0
LINE
8
BLACK
6
CONTINUOUS
10
0.5827253543307086
20
1.4030132677165355
11
0.5833666929133858
21
1.4039731102362205
0
LINE
8
BLACK
6
CONTINUOUS
10
0.5833666929133858
20
1.4039731102362205
11
0.5835601968503937
21
1.4044112992125983
0
LINE
8
BLACK
6
CONTINUOUS
10
0.5835601968503937
20
1.4044112992125983
11
0.5838594881889764
21
1.404710590551181
0
LINE
8
BLACK
6
CONTINUOUS
10
0.5838594881889764
20
1.404710590551181
11
0.5844322440944881
21
1.4055677559055118
0
LINE
8
BLACK
6
CONTINUOUS
10
0.5844322440944881
20
1.4055677559055118
11
0.5852893700787402
21
1.4061404724409448
0
LINE
8
BLACK
6
CONTINUOUS
10
0.5852893700787402
20
1.4061404724409448
11
0.5855886614173228
21
1.4064397637795276
0
LINE
8
BLACK
6
CONTINUOUS
10
0.5855886614173228
20
1.4064397637795276
11
0.5860267716535433
21
1.4066331889763779
0
LINE
8
BLACK
6
CONTINUOUS
10
0.5860267716535433
20
1.4066331889763779
11
0.5869867322834645
21
1.4072746456692913
0
LINE
8
BLACK
6
CONTINUOUS
10
0.5869867322834645
20
1.4072746456692913
11
0.5878833858267717
21
1.4074529921259842
0
LINE
8
BLACK
6
CONTINUOUS
10
0.5878833858267717
20
1.4074529921259842
11
0.5883411417322835
21
1.4076551181102361
0
LINE
8
BLACK
6
CONTINUOUS
10
0.5883411417322835
20
1.4076551181102361
11
0.5896809448818897
21
1.4078105511811023
0
LINE
8
BLACK
6
CONTINUOUS
10
0.5896809448818897
20
1.4078105511811023
11
0.59
21
1.4078740157480314
0
LINE
8
BLACK
6
CONTINUOUS
10
0.59
20
1.4078740157480314
11
0.65
21
1.4078740157480314
0
LINE
8
BLACK
6
CONTINUOUS
10
0.65
20
1.4078740157480314
11
0.6503191732283464
21
1.4078105118110236
0
LINE
8
BLACK
6
CONTINUOUS
10
0.7503191732283464
20
1.4078105118110236
11
0.7516588188976377
21
1.4076551181102361
0
LINE
8
BLACK
6
CONTINUOUS
10
0.7516588188976377
20
1.4076551181102361
11
0.7521164960629921
21
1.4074529921259842
0
LINE
8
BLACK
6
CONTINUOUS
10
0.7521164960629921
20
1.4074529921259842
11
0.7530132677165354
21
1.4072746456692913
0
LINE
8
BLACK
6
CONTINUOUS
10
0.7530132677165354
20
1.4072746456692913
11
0.7539732677165354
21
1.4066331496062991
0
LINE
8
BLACK
6
CONTINUOUS
10
0.7539732677165354
20
1.4066331496062991
11
0.7544112992125984
21
1.4064397637795276
0
LINE
8
BLACK
6
CONTINUOUS
10
0.7544112992125984
20
1.4064397637795276
11
0.7547104724409449
21
1.4061405511811023
0
LINE
8
BLACK
6
CONTINUOUS
10
0.7547104724409449
20
1.4061405511811023
11
0.7555677559055118
21
1.4055677559055118
0
LINE
8
BLACK
6
CONTINUOUS
10
0.7555677559055118
20
1.4055677559055118
11
0.7561405511811023
21
1.4047104724409449
0
LINE
8
BLACK
6
CONTINUOUS
10
0.7561405511811023
20
1.4047104724409449
11
0.7564397637795276
21
1.4044112992125983
0
LINE
8
BLACK
6
CONTINUOUS
10
0.7564397637795276
20
1.4044112992125983
11
0.7566331496062992
21
1.4039732677165353
0
LINE
8
BLACK
6
CONTINUOUS
10
0.7566331496062992
20
1.4039732677165353
11
0.7572746456692914
21
1.4030132677165355
0
LINE
8
BLACK
6
CONTINUOUS
10
0.7572746456692914
20
1.4030132677165355
11
0.7574529921259843
21
1.4021164960629922
0
LINE
8
BLACK
6
CONTINUOUS
10
0.7574529921259843
20
1.4021164960629922
11
0.7576551181102362
21
1.4016588188976378
0
LINE
8
BLACK
6
CONTINUOUS
10
0.7576551181102362
20
1.4016588188976378
11
0.7578105118110237
21
1.4003190944881889
0
LINE
8
BLACK
6
CONTINUOUS
10
0.7578105118110237
20
1.4003190944881889
11
0.7578740157480315
21
1.3999999999999999
0
LINE
8
BLACK
6
CONTINUOUS
10
0.7578740157480315
20
1.3999999999999999
11
0.7578740157480315
21
1.3400000000000001
0
LINE
8
BLACK
6
CONTINUOUS
10
0.7578740157480315
20
1.3400000000000001
11
0.7578105118110237
21
1.3396808661417323
0
LINE
8
BLACK
6
CONTINUOUS
10
0.7578105118110237
20
1.3396808661417323
11
0.7576551181102362
21
1.3383411417322835
0
LINE
8
BLACK
6
CONTINUOUS
10
0.7576551181102362
20
1.3383411417322835
11
0.7574529921259843
21
1.3378833858267716
0
LINE
8
BLACK
6
CONTINUOUS
10
0.7574529921259843
20
1.3378833858267716
11
0.7572746456692914
21
1.3369867322834645
0
LINE
8
BLACK
6
CONTINUOUS
10
0.7572746456692914
20
1.3369867322834645
11
0.756633188976378
21
1.3360267716535432
0
LINE
8
BLACK
6
CONTINUOUS
10
0.756633188976378
20
1.3360267716535432
11
0.7564397637795276
21
1.3355886614173229
0
LINE
8
BLACK
6
CONTINUOUS
10
0.7564397637795276
20
1.3355886614173229
11
0.7561404724409448
21
1.33528937007874
0
LINE
8
BLACK
6
CONTINUOUS
10
0.7561404724409448
20
1.33528937007874
11
0.7555677559055118
21
1.3344322440944882
0
LINE
8
BLACK
6
CONTINUOUS
10
0.7555677559055118
20
1.3344322440944882
11
0.7547105905511811
21
1.3338594881889763
0
LINE
8
BLACK
6
CONTINUOUS
10
0.7547105905511811
20
1.3338594881889763
11
0.7544112992125984
21
1.3335601968503936
0
LINE
8
BLACK
6
CONTINUOUS
10
0.7544112992125984
20
1.3335601968503936
11
0.7539731102362205
21
1.3333666929133858
0
LINE
8
BLACK
6
CONTINUOUS
10
0.7539731102362205
20
1.3333666929133858
11
0.7530132677165354
21
1.3327253543307087
0
LINE
8
BLACK
6
CONTINUOUS
10
0.7530132677165354
20
1.3327253543307087
11
0.7521166929133858
21
1.3325470078740158
0
LINE
8
BLACK
6
CONTINUOUS
10
0.7521166929133858
20
1.3325470078740158
11
0.7516588188976377
21
1.3323448425196851
0
LINE
8
BLACK
6
CONTINUOUS
10
0.7516588188976377
20
1.3323448425196851
11
0.7503186220472441
21
1.3321893307086614
0
LINE
8
BLACK
6
CONTINUOUS
10
0.7503186220472441
20
1.3321893307086614
11
0.75
21
1.3321259842519684
0
LINE
8
BLACK
6
CONTINUOUS
10
0.75
20
1.3321259842519684
11
0.7497723228346457
21
1.3321259842519684
0
LINE
8
BLACK
6
CONTINUOUS
10
0.7497723228346457
20
1.3321259842519684
11
0.690227716535433
21
1.3321259842519684
0
LINE
8
BLACK
6
CONTINUOUS
10
0.690227716535433
20
1.3321259842519684
11
0.6899999999999999
21
1.3321259842519684
0
LINE
8
BLACK
6
CONTINUOUS
10
0.6899999999999999
20
1.3321259842519684
11
0.6896813385826771
21
1.3321893307086614
0
LINE
8
BLACK
6
CONTINUOUS
10
0.6896813385826771
20
1.3321893307086614
11
0.6883411417322834
21
1.3323448425196851
0
LINE
8
BLACK
6
CONTINUOUS
10
0.6883411417322834
20
1.3323448425196851
11
0.6878832283464567
21
1.3325470078740158
0
LINE
8
BLACK
6
CONTINUOUS
10
0.6878832283464567
20
1.3325470078740158
11
0.6869867322834645
21
1.3327253543307087
0
LINE
8
BLACK
6
CONTINUOUS
10
0.6869867322834645
20
1.3327253543307087
11
0.6860269291338582
21
1.3333666535433071
0
LINE
8
BLACK
6
CONTINUOUS
10
0.6860269291338582
20
1.3333666535433071
11
0.6855886614173228
21
1.3335601968503936
0
LINE
8
BLACK
6
CONTINUOUS
10
0.6855886614173228
20
1.3335601968503936
11
0.6852892519685039
21
1.3338595669291338
0
LINE
8
BLACK
6
CONTINUOUS
10
0.6852892519685039
20
1.3338595669291338
11
0.6844322440944882
21
1.3344322440944882
0
LINE
8
BLACK
6
CONTINUOUS
10
0.6844322440944882
20
1.3344322440944882
11
0.6838595669291339
21
1.335289251968504
0
LINE
8
BLACK
6
CONTINUOUS
10
0.6838595669291339
20
1.335289251968504
11
0.6835601968503937
21
1.3355886614173229
0
LINE
8
BLACK
6
CONTINUOUS
10
0.6835601968503937
20
1.3355886614173229
11
0.6833666535433071
21
1.3360269291338582
0
LINE
8
BLACK
6
CONTINUOUS
10
0.6833666535433071
20
1.3360269291338582
11
0.6827253543307087
21
1.3369867322834645
0
LINE
8
BLACK
6
CONTINUOUS
10
0.6827253543307087
20
1.3369867322834645
11
0.6825470078740158
21
1.3378832283464566
0
LINE
8
BLACK
6
CONTINUOUS
10
0.6825470078740158
20
1.3378832283464566
11
0.682344842519685
21
1.3383411417322835
0
LINE
8
BLACK
6
CONTINUOUS
10
0.682344842519685
20
1.3383411417322835
11
0.6821893307086614
21
1.3396814173228346
0
LINE
8
BLACK
6
CONTINUOUS
10
0.6821893307086614
20
1.3396814173228346
11
0.6821259842519685
21
1.3400000000000001
0
LINE
8
BLACK
6
CONTINUOUS
10
0.6821259842519685
20
1.3400000000000001
11
0.6821259842519685
21
1.3999999999999999
0
LINE
8
BLACK
6
CONTINUOUS
10
0.6821259842519685
20
1.3999999999999999
11
0.6821893700787401
21
1.4003187007874016
0
LINE
8
BLACK
6
CONTINUOUS
10
0.6821893700787401
20
1.4003187007874016
11
0.682344842519685
21
1.4016588188976378
0
LINE
8
BLACK
6
CONTINUOUS
10
0.682344842519685
20
1.4016588188976378
11
0.6825470078740158
21
1.4021166929133857
0
LINE
8
BLACK
6
CONTINUOUS
10
0.6825470078740158
20
1.4021166929133857
11
0.6827253543307087
21
1.4030132677165355
0
LINE
8
BLACK
6
CONTINUOUS
10
0.6827253543307087
20
1.4030132677165355
11
0.6833666929133858
21
1.4039731102362205
0
LINE
8
BLACK
6
CONTINUOUS
10
0.6833666929133858
20
1.4039731102362205
11
0.6835601968503937
21
1.4044112992125983
0
LINE
8
BLACK
6
CONTINUOUS
10
0.6835601968503937
20
1.4044112992125983
11
0.6838594881889763
21
1.404710590551181
0
LINE
8
BLACK
6
CONTINUOUS
10
0.6838594881889763
20
1.404710590551181
11
0.6844322440944882
21
1.4055677559055118
0
LINE
8
BLACK
6
CONTINUOUS
10
0.6844322440944882
20
1.4055677559055118
11
0.6852893700787401
21
1.4061404724409448
0
LINE
8
BLACK
6
CONTINUOUS
10
0.6852893700787401
20
1.4061404724409448
11
0.6855886614173228
21
1.4064397637795276
0
LINE
8
BLACK
6
CONTINUOUS
10
0.6855886614173228
20
1.4064397637795276
11
0.6860267716535433
21
1.4066331889763779
0
LINE
8
BLACK
6
CONTINUOUS
10
0.6860267716535433
20
1.4066331889763779
11
0.6869867322834645
21
1.4072746456692913
0
LINE
8
BLACK
6
CONTINUOUS
10
0.6869867322834645
20
1.4072746456692913
11
0.6878833858267717
21
1.4074529921259842
0
LINE
8
BLACK
6
CONTINUOUS
10
0.6878833858267717
20
1.4074529921259842
11
0.6883411417322834
21
1.4076551181102361
0
LINE
8
BLACK
6
CONTINUOUS
10
0.6883411417322834
20
1.4076551181102361
11
0.6896809448818898
21
1.4078105511811023
0
LINE
8
BLACK
6
CONTINUOUS
10
0.6896809448818898
20
1.4078105511811023
11
0.6899999999999999
21
1.4078740157480314
0
LINE
8
BLACK
6
CONTINUOUS
10
0.6899999999999999
20
1.4078740157480314
11
0.75
21
1.4078740157480314
0
LINE
8
BLACK
6
CONTINUOUS
10
0.75
20
1.4078740157480314
11
0.7503191732283464
21
1.4078105118110236
0
LINE
8
BLACK
6
CONTINUOUS
10
0.8803191732283464
20
1.4878105118110236
11
0.8816588188976378
21
1.4876551181102362
0
LINE
8
BLACK
6
CONTINUOUS
10
0.8816588188976378
20
1.4876551181102362
11
0.8821164960629921
21
1.4874529921259843
0
LINE
8
BLACK
6
CONTINUOUS
10
0.8821164960629921
20
1.4874529921259843
11
0.8830132677165354
21
1.4872746456692914
0
LINE
8
BLACK
6
CONTINUOUS
10
0.8830132677165354
20
1.4872746456692914
11
0.8839732677165354
21
1.4866331496062992
0
LINE
8
BLACK
6
CONTINUOUS
10
0.8839732677165354
20
1.4866331496062992
11
0.8844112992125984
21
1.4864397637795275
0
LINE
8
BLACK
6
CONTINUOUS
10
0.8844112992125984
20
1.4864397637795275
11
0.8847104724409449
21
1.4861405511811023
0
LINE
8
BLACK
6
CONTINUOUS
10
0.8847104724409449
20
1.4861405511811023
11
0.8855677559055118
21
1.4855677559055118
0
LINE
8
BLACK
6
CONTINUOUS
10
0.8855677559055118
20
1.4855677559055118
11
0.8861405511811024
21
1.4847104724409448
0
LINE
8
BLACK
6
CONTINUOUS
10
0.8861405511811024
20
1.4847104724409448
11
0.8864397637795275
21
1.4844112992125984
0
LINE
8
BLACK
6
CONTINUOUS
10
0.8864397637795275
20
1.4844112992125984
11
0.8866331496062992
21
1.4839732677165354
0
LINE
8
BLACK
6
CONTINUOUS
10
0.8866331496062992
20
1.4839732677165354
11
0.8872746456692914
21
1.4830132677165353
0
LINE
8
BLACK
6
CONTINUOUS
10
0.8872746456692914
20
1.4830132677165353
11
0.8874529921259843
21
1.482116496062992
0
LINE
8
BLACK
6
CONTINUOUS
10
0.8874529921259843
20
1.482116496062992
11
0.8876551181102362
21
1.4816588188976378
0
LINE
8
BLACK
6
CONTINUOUS
10
0.8876551181102362
20
1.4816588188976378
11
0.8878105118110236
21
1.480319094488189
0
LINE
8
BLACK
6
CONTINUOUS
10
0.8878105118110236
20
1.480319094488189
11
0.8878740157480315
21
1.48
0
LINE
8
BLACK
6
CONTINUOUS
10
0.8878740157480315
20
1.48
11
0.8878740157480315
21
1.4199999999999999
0
LINE
8
BLACK
6
CONTINUOUS
10
0.8878740157480315
20
1.4199999999999999
11
0.8878105118110236
21
1.4196808661417322
0
LINE
8
BLACK
6
CONTINUOUS
10
0.8878105118110236
20
1.4196808661417322
11
0.8876551181102362
21
1.4183411417322835
0
LINE
8
BLACK
6
CONTINUOUS
10
0.8876551181102362
20
1.4183411417322835
11
0.8874529921259843
21
1.4178833858267716
0
LINE
8
BLACK
6
CONTINUOUS
10
0.8874529921259843
20
1.4178833858267716
11
0.8872746456692914
21
1.4169867322834646
0
LINE
8
BLACK
6
CONTINUOUS
10
0.8872746456692914
20
1.4169867322834646
11
0.8866331889763779
21
1.4160267716535433
0
LINE
8
BLACK
6
CONTINUOUS
10
0.8866331889763779
20
1.4160267716535433
11
0.8864397637795275
21
1.4155886614173228
0
LINE
8
BLACK
6
CONTINUOUS
10
0.8864397637795275
20
1.4155886614173228
11
0.8861404724409448
21
1.4152893700787401
0
LINE
8
BLACK
6
CONTINUOUS
10
0.8861404724409448
20
1.4152893700787401
11
0.8855677559055118
21
1.4144322440944881
0
LINE
8
BLACK
6
CONTINUOUS
10
0.8855677559055118
20
1.4144322440944881
11
0.8847105905511811
21
1.4138594881889763
0
LINE
8
BLACK
6
CONTINUOUS
10
0.8847105905511811
20
1.4138594881889763
11
0.8844112992125984
21
1.4135601968503937
0
LINE
8
BLACK
6
CONTINUOUS
10
0.8844112992125984
20
1.4135601968503937
11
0.8839731102362205
21
1.4133666929133859
0
LINE
8
BLACK
6
CONTINUOUS
10
0.8839731102362205
20
1.4133666929133859
11
0.8830132677165354
21
1.4127253543307086
0
LINE
8
BLACK
6
CONTINUOUS
10
0.8830132677165354
20
1.4127253543307086
11
0.8821166929133858
21
1.4125470078740157
0
LINE
8
BLACK
6
CONTINUOUS
10
0.8821166929133858
20
1.4125470078740157
11
0.8816588188976378
21
1.412344842519685
0
LINE
8
BLACK
6
CONTINUOUS
10
0.8816588188976378
20
1.412344842519685
11
0.8803186220472441
21
1.4121893307086615
0
LINE
8
BLACK
6
CONTINUOUS
10
0.8803186220472441
20
1.4121893307086615
11
0.88
21
1.4121259842519684
0
LINE
8
BLACK
6
CONTINUOUS
10
0.88
20
1.4121259842519684
11
0.8797723228346457
21
1.4121259842519684
0
LINE
8
BLACK
6
CONTINUOUS
10
0.8797723228346457
20
1.4121259842519684
11
0.820227716535433
21
1.4121259842519684
0
LINE
8
BLACK
6
CONTINUOUS
10
0.820227716535433
20
1.4121259842519684
11
0.82
21
1.4121259842519684
0
LINE
8
BLACK
6
CONTINUOUS
10
0.82
20
1.4121259842519684
11
0.8196813385826771
21
1.4121893307086615
0
LINE
8
BLACK
6
CONTINUOUS
10
0.8196813385826771
20
1.4121893307086615
11
0.8183411417322835
21
1.412344842519685
0
LINE
8
BLACK
6
CONTINUOUS
10
0.8183411417322835
20
1.412344842519685
11
0.8178832283464567
21
1.4125470078740157
0
LINE
8
BLACK
6
CONTINUOUS
10
0.8178832283464567
20
1.4125470078740157
11
0.8169867322834645
21
1.4127253543307086
0
LINE
8
BLACK
6
CONTINUOUS
10
0.8169867322834645
20
1.4127253543307086
11
0.8160269291338582
21
1.4133666535433071
0
LINE
8
BLACK
6
CONTINUOUS
10
0.8160269291338582
20
1.4133666535433071
11
0.8155886614173228
21
1.4135601968503937
0
LINE
8
BLACK
6
CONTINUOUS
10
0.8155886614173228
20
1.4135601968503937
11
0.8152892519685039
21
1.4138595669291338
0
LINE
8
BLACK
6
CONTINUOUS
10
0.8152892519685039
20
1.4138595669291338
11
0.8144322440944882
21
1.4144322440944881
0
LINE
8
BLACK
6
CONTINUOUS
10
0.8144322440944882
20
1.4144322440944881
11
0.8138595669291339
21
1.4152892519685039
0
LINE
8
BLACK
6
CONTINUOUS
10
0.8138595669291339
20
1.4152892519685039
11
0.8135601968503937
21
1.4155886614173228
0
LINE
8
BLACK
6
CONTINUOUS
10
0.8135601968503937
20
1.4155886614173228
11
0.8133666535433071
21
1.4160269291338583
0
LINE
8
BLACK
6
CONTINUOUS
10
0.8133666535433071
20
1.4160269291338583
11
0.8127253543307087
21
1.4169867322834646
0
LINE
8
BLACK
6
CONTINUOUS
10
0.8127253543307087
20
1.4169867322834646
11
0.8125470078740157
21
1.4178832283464566
0
LINE
8
BLACK
6
CONTINUOUS
10
0.8125470078740157
20
1.4178832283464566
11
0.812344842519685
21
1.4183411417322835
0
LINE
8
BLACK
6
CONTINUOUS
10
0.812344842519685
20
1.4183411417322835
11
0.8121893307086614
21
1.4196814173228347
0
LINE
8
BLACK
6
CONTINUOUS
10
0.8121893307086614
20
1.4196814173228347
11
0.8121259842519685
21
1.4199999999999999
0
LINE
8
BLACK
6
CONTINUOUS
10
0.8121259842519685
20
1.4199999999999999
11
0.8121259842519685
21
1.48
0
LINE
8
BLACK
6
CONTINUOUS
10
0.8121259842519685
20
1.48
11
0.8121893700787401
21
1.4803187007874015
0
LINE
8
BLACK
6
CONTINUOUS
10
0.8121893700787401
20
1.4803187007874015
11
0.812344842519685
21
1.4816588188976378
0
LINE
8
BLACK
6
CONTINUOUS
10
0.812344842519685
20
1.4816588188976378
11
0.8125470078740157
21
1.4821166929133858
0
LINE
8
BLACK
6
CONTINUOUS
10
0.8125470078740157
20
1.4821166929133858
11
0.8127253543307087
21
1.4830132677165353
0
LINE
8
BLACK
6
CONTINUOUS
10
0.8127253543307087
20
1.4830132677165353
11
0.8133666929133858
21
1.4839731102362204
0
LINE
8
BLACK
6
CONTINUOUS
10
0.8133666929133858
20
1.4839731102362204
11
0.8135601968503937
21
1.4844112992125984
0
LINE
8
BLACK
6
CONTINUOUS
10
0.8135601968503937
20
1.4844112992125984
11
0.8138594881889764
21
1.484710590551181
0
LINE
8
BLACK
6
CONTINUOUS
10
0.8138594881889764
20
1.484710590551181
11
0.8144322440944882
21
1.4855677559055118
0
LINE
8
BLACK
6
CONTINUOUS
10
0.8144322440944882
20
1.4855677559055118
11
0.8152893700787401
21
1.4861404724409448
0
LINE
8
BLACK
6
CONTINUOUS
10
0.8152893700787401
20
1.4861404724409448
11
0.8155886614173228
21
1.4864397637795275
0
LINE
8
BLACK
6
CONTINUOUS
10
0.8155886614173228
20
1.4864397637795275
11
0.8160267716535433
21
1.486633188976378
0
LINE
8
BLACK
6
CONTINUOUS
10
0.8160267716535433
20
1.486633188976378
11
0.8169867322834645
21
1.4872746456692914
0
LINE
8
BLACK
6
CONTINUOUS
10
0.8169867322834645
20
1.4872746456692914
11
0.8178833858267717
21
1.4874529921259843
0
LINE
8
BLACK
6
CONTINUOUS
10
0.8178833858267717
20
1.4874529921259843
11
0.8183411417322835
21
1.4876551181102362
0
LINE
8
BLACK
6
CONTINUOUS
10
0.8183411417322835
20
1.4876551181102362
11
0.8196809448818897
21
1.4878105511811024
0
LINE
8
BLACK
6
CONTINUOUS
10
0.8196809448818897
20
1.4878105511811024
11
0.82
21
1.4878740157480315
0
LINE
8
BLACK
6
CONTINUOUS
10
0.82
20
1.4878740157480315
11
0.88
21
1.4878740157480315
0
LINE
8
BLACK
6
CONTINUOUS
10
0.88
20
1.4878740157480315
11
0.8803191732283464
21
1.4878105118110236
0
LINE
8
BLACK
6
CONTINUOUS
10
0.9803191732283464
20
1.4878105118110236
11
0.9816588188976377
21
1.4876551181102362
0
LINE
8
BLACK
6
CONTINUOUS
10
0.9816588188976377
20
1.4876551181102362
11
0.9821164960629921
21
1.4874529921259843
0
LINE
8
BLACK
6
CONTINUOUS
10
0.9821164960629921
20
1.4874529921259843
11
0.9830132677165354
21
1.4872746456692914
0
LINE
8
BLACK
6
CONTINUOUS
10
0.9830132677165354
20
1.4872746456692914
11
0.9839732677165354
21
1.4866331496062992
0
LINE
8
BLACK
6
CONTINUOUS
10
0.9839732677165354
20
1.4866331496062992
11
0.9844112992125984
21
1.4864397637795275
0
LINE
8
BLACK
6
CONTINUOUS
10
0.9844112992125984
20
1.4864397637795275
11
0.9847104724409449
21
1.4861405511811023
0
LINE
8
BLACK
6
CONTINUOUS
10
0.9847104724409449
20
1.4861405511811023
11
0.9855677559055118
21
1.4855677559055118
0
LINE
8
BLACK
6
CONTINUOUS
10
0.9855677559055118
20
1.4855677559055118
11
0.9861405511811023
21
1.4847104724409448
0
LINE
8
BLACK
6
CONTINUOUS
10
0.9861405511811023
20
1.4847104724409448
11
0.9864397637795276
21
1.4844112992125984
0
LINE
8
BLACK
6
CONTINUOUS
10
0.9864397637795276
20
1.4844112992125984
11
0.9866331496062992
21
1.4839732677165354
0
LINE
8
BLACK
6
CONTINUOUS
10
0.9866331496062992
20
1.4839732677165354
11
0.9872746456692914
21
1.4830132677165353
0
LINE
8
BLACK
6
CONTINUOUS
10
0.9872746456692914
20
1.4830132677165353
11
0.9874529921259843
21
1.482116496062992
0
LINE
8
BLACK
6
CONTINUOUS
10
0.9874529921259843
20
1.482116496062992
11
0.9876551181102362
21
1.4816588188976378
0
LINE
8
BLACK
6
CONTINUOUS
10
0.9876551181102362
20
1.4816588188976378
11
0.9878105118110236
21
1.480319094488189
0
LINE
8
BLACK
6
CONTINUOUS
10
0.9878105118110236
20
1.480319094488189
11
0.9878740157480315
21
1.48
0
LINE
8
BLACK
6
CONTINUOUS
10
0.9878740157480315
20
1.48
11
0.9878740157480315
21
1.4199999999999999
0
LINE
8
BLACK
6
CONTINUOUS
10
0.9878740157480315
20
1.4199999999999999
11
0.9878105118110236
21
1.4196808661417322
0
LINE
8
BLACK
6
CONTINUOUS
10
0.9878105118110236
20
1.4196808661417322
11
0.9876551181102362
21
1.4183411417322835
0
LINE
8
BLACK
6
CONTINUOUS
10
0.9876551181102362
20
1.4183411417322835
11
0.9874529921259843
21
1.4178833858267716
0
LINE
8
BLACK
6
CONTINUOUS
10
0.9874529921259843
20
1.4178833858267716
11
0.9872746456692914
21
1.4169867322834646
0
LINE
8
BLACK
6
CONTINUOUS
10
0.9872746456692914
20
1.4169867322834646
11
0.986633188976378
21
1.4160267716535433
0
LINE
8
BLACK
6
CONTINUOUS
10
0.986633188976378
20
1.4160267716535433
11
0.9864397637795276
21
1.4155886614173228
0
LINE
8
BLACK
6
CONTINUOUS
10
0.9864397637795276
20
1.4155886614173228
11
0.9861404724409448
21
1.4152893700787401
0
LINE
8
BLACK
6
CONTINUOUS
10
0.9861404724409448
20
1.4152893700787401
11
0.9855677559055118
21
1.4144322440944881
0
LINE
8
BLACK
6
CONTINUOUS
10
0.9855677559055118
20
1.4144322440944881
11
0.984710590551181
21
1.4138594881889763
0
LINE
8
BLACK
6
CONTINUOUS
10
0.984710590551181
20
1.4138594881889763
11
0.9844112992125984
21
1.4135601968503937
0
LINE
8
BLACK
6
CONTINUOUS
10
0.9844112992125984
20
1.4135601968503937
11
0.9839731102362205
21
1.4133666929133859
0
LINE
8
BLACK
6
CONTINUOUS
10
0.9839731102362205
20
1.4133666929133859
11
0.9830132677165354
21
1.4127253543307086
0
LINE
8
BLACK
6
CONTINUOUS
10
0.9830132677165354
20
1.4127253543307086
11
0.9821166929133858
21
1.4125470078740157
0
LINE
8
BLACK
6
CONTINUOUS
10
0.9821166929133858
20
1.4125470078740157
11
0.9816588188976377
21
1.412344842519685
0
LINE
8
BLACK
6
CONTINUOUS
10
0.9816588188976377
20
1.412344842519685
11
0.9803186220472441
21
1.4121893307086615
0
LINE
8
BLACK
6
CONTINUOUS
10
0.9803186220472441
20
1.4121893307086615
11
0.98
21
1.4121259842519684
0
LINE
8
BLACK
6
CONTINUOUS
10
0.98
20
1.4121259842519684
11
0.9797723228346457
21
1.4121259842519684
0
LINE
8
BLACK
6
CONTINUOUS
10
0.9797723228346457
20
1.4121259842519684
11
0.920227716535433
21
1.4121259842519684
0
LINE
8
BLACK
6
CONTINUOUS
10
0.920227716535433
20
1.4121259842519684
11
0.9199999999999999
21
1.4121259842519684
0
LINE
8
BLACK
6
CONTINUOUS
10
0.9199999999999999
20
1.4121259842519684
11
0.9196813385826772
21
1.4121893307086615
0
LINE
8
BLACK
6
CONTINUOUS
10
0.9196813385826772
20
1.4121893307086615
11
0.9183411417322834
21
1.412344842519685
0
LINE
8
BLACK
6
CONTINUOUS
10
0.9183411417322834
20
1.412344842519685
11
0.9178832283464566
21
1.4125470078740157
0
LINE
8
BLACK
6
CONTINUOUS
10
0.9178832283464566
20
1.4125470078740157
11
0.9169867322834645
21
1.4127253543307086
0
LINE
8
BLACK
6
CONTINUOUS
10
0.9169867322834645
20
1.4127253543307086
11
0.9160269291338582
21
1.4133666535433071
0
LINE
8
BLACK
6
CONTINUOUS
10
0.9160269291338582
20
1.4133666535433071
11
0.9155886614173229
21
1.4135601968503937
0
LINE
8
BLACK
6
CONTINUOUS
10
0.9155886614173229
20
1.4135601968503937
11
0.915289251968504
21
1.4138595669291338
0
LINE
8
BLACK
6
CONTINUOUS
10
0.915289251968504
20
1.4138595669291338
11
0.9144322440944882
21
1.4144322440944881
0
LINE
8
BLACK
6
CONTINUOUS
10
0.9144322440944882
20
1.4144322440944881
11
0.9138595669291338
21
1.4152892519685039
0
LINE
8
BLACK
6
CONTINUOUS
10
0.9138595669291338
20
1.4152892519685039
11
0.9135601968503937
21
1.4155886614173228
0
LINE
8
BLACK
6
CONTINUOUS
10
0.9135601968503937
20
1.4155886614173228
11
0.913366653543307
21
1.4160269291338583
0
LINE
8
BLACK
6
CONTINUOUS
10
0.913366653543307
20
1.4160269291338583
11
0.9127253543307087
21
1.4169867322834646
0
LINE
8
BLACK
6
CONTINUOUS
10
0.9127253543307087
20
1.4169867322834646
11
0.9125470078740158
21
1.4178832283464566
0
LINE
8
BLACK
6
CONTINUOUS
10
0.9125470078740158
20
1.4178832283464566
11
0.9123448425196851
21
1.4183411417322835
0
LINE
8
BLACK
6
CONTINUOUS
10
0.9123448425196851
20
1.4183411417322835
11
0.9121893307086614
21
1.4196814173228347
0
LINE
8
BLACK
6
CONTINUOUS
10
0.9121893307086614
20
1.4196814173228347
11
0.9121259842519684
21
1.4199999999999999
0
LINE
8
BLACK
6
CONTINUOUS
10
0.9121259842519684
20
1.4199999999999999
11
0.9121259842519684
21
1.48
0
LINE
8
BLACK
6
CONTINUOUS
10
0.9121259842519684
20
1.48
11
0.9121893700787401
21
1.4803187007874015
0
LINE
8
BLACK
6
CONTINUOUS
10
0.9121893700787401
20
1.4803187007874015
11
0.9123448425196851
21
1.4816588188976378
0
LINE
8
BLACK
6
CONTINUOUS
10
0.9123448425196851
20
1.4816588188976378
11
0.9125470078740158
21
1.4821166929133858
0
LINE
8
BLACK
6
CONTINUOUS
10
0.9125470078740158
20
1.4821166929133858
11
0.9127253543307087
21
1.4830132677165353
0
LINE
8
BLACK
6
CONTINUOUS
10
0.9127253543307087
20
1.4830132677165353
11
0.9133666929133858
21
1.4839731102362204
0
LINE
8
BLACK
6
CONTINUOUS
10
0.9133666929133858
20
1.4839731102362204
11
0.9135601968503937
21
1.4844112992125984
0
LINE
8
BLACK
6
CONTINUOUS
10
0.9135601968503937
20
1.4844112992125984
11
0.9138594881889763
21
1.484710590551181
0
LINE
8
BLACK
6
CONTINUOUS
10
0.9138594881889763
20
1.484710590551181
11
0.9144322440944882
21
1.4855677559055118
0
LINE
8
BLACK
6
CONTINUOUS
10
0.9144322440944882
20
1.4855677559055118
11
0.9152893700787401
21
1.4861404724409448
0
LINE
8
BLACK
6
CONTINUOUS
10
0.9152893700787401
20
1.4861404724409448
11
0.9155886614173229
21
1.4864397637795275
0
LINE
8
BLACK
6
CONTINUOUS
10
0.9155886614173229
20
1.4864397637795275
11
0.9160267716535433
21
1.486633188976378
0
LINE
8
BLACK
6
CONTINUOUS
10
0.9160267716535433
20
1.486633188976378
11
0.9169867322834645
21
1.4872746456692914
0
LINE
8
BLACK
6
CONTINUOUS
10
0.9169867322834645
20
1.4872746456692914
11
0.9178833858267716
21
1.4874529921259843
0
LINE
8
BLACK
6
CONTINUOUS
10
0.9178833858267716
20
1.4874529921259843
11
0.9183411417322834
21
1.4876551181102362
0
LINE
8
BLACK
6
CONTINUOUS
10
0.9183411417322834
20
1.4876551181102362
11
0.9196809448818898
21
1.4878105511811024
0
LINE
8
BLACK
6
CONTINUOUS
10
0.9196809448818898
20
1.4878105511811024
11
0.9199999999999999
21
1.4878740157480315
0
LINE
8
BLACK
6
CONTINUOUS
10
0.9199999999999999
20
1.4878740157480315
11
0.98
21
1.4878740157480315
0
LINE
8
BLACK
6
CONTINUOUS
10
0.98
20
1.4878740157480315
11
0.9803191732283464
21
1.4878105118110236
0
LINE
8
BLACK
6
CONTINUOUS
10
1.0803191732283464
20
1.4878105118110236
11
1.0816588188976377
21
1.4876551181102362
0
LINE
8
BLACK
6
CONTINUOUS
10
1.0816588188976377
20
1.4876551181102362
11
1.0821164960629921
21
1.4874529921259843
0
LINE
8
BLACK
6
CONTINUOUS
10
1.0821164960629921
20
1.4874529921259843
11
1.0830132677165354
21
1.4872746456692914
0
LINE
8
BLACK
6
CONTINUOUS
10
1.0830132677165354
20
1.4872746456692914
11
1.0839732677165355
21
1.4866331496062992
0
LINE
8
BLACK
6
CONTINUOUS
10
1.0839732677165355
20
1.4866331496062992
11
1.0844112992125985
21
1.4864397637795275
0
LINE
8
BLACK
6
CONTINUOUS
10
1.0844112992125985
20
1.4864397637795275
11
1.0847104724409449
21
1.4861405511811023
0
LINE
8
BLACK
6
CONTINUOUS
10
1.0847104724409449
20
1.4861405511811023
11
1.0855677559055117
21
1.4855677559055118
0
LINE
8
BLACK
6
CONTINUOUS
10
1.0855677559055117
20
1.4855677559055118
11
1.0861405511811024
21
1.4847104724409448
0
LINE
8
BLACK
6
CONTINUOUS
10
1.0861405511811024
20
1.4847104724409448
11
1.0864397637795276
21
1.4844112992125984
0
LINE
8
BLACK
6
CONTINUOUS
10
1.0864397637795276
20
1.4844112992125984
11
1.0866331496062991
21
1.4839732677165354
0
LINE
8
BLACK
6
CONTINUOUS
10
1.0866331496062991
20
1.4839732677165354
11
1.0872746456692912
21
1.4830132677165353
0
LINE
8
BLACK
6
CONTINUOUS
10
1.0872746456692912
20
1.4830132677165353
11
1.0874529921259841
21
1.482116496062992
0
LINE
8
BLACK
6
CONTINUOUS
10
1.0874529921259841
20
1.482116496062992
11
1.0876551181102363
21
1.4816588188976378
0
LINE
8
BLACK
6
CONTINUOUS
10
1.0876551181102363
20
1.4816588188976378
11
1.0878105118110235
21
1.480319094488189
0
LINE
8
BLACK
6
CONTINUOUS
10
1.0878105118110235
20
1.480319094488189
11
1.0878740157480316
21
1.48
0
LINE
8
BLACK
6
CONTINUOUS
10
1.0878740157480316
20
1.48
11
1.0878740157480316
21
1.4199999999999999
0
LINE
8
BLACK
6
CONTINUOUS
10
1.0878740157480316
20
1.4199999999999999
11
1.0878105118110235
21
1.4196808661417322
0
LINE
8
BLACK
6
CONTINUOUS
10
1.0878105118110235
20
1.4196808661417322
11
1.0876551181102363
21
1.4183411417322835
0
LINE
8
BLACK
6
CONTINUOUS
10
1.0876551181102363
20
1.4183411417322835
11
1.0874529921259841
21
1.4178833858267716
0
LINE
8
BLACK
6
CONTINUOUS
10
1.0874529921259841
20
1.4178833858267716
11
1.0872746456692912
21
1.4169867322834646
0
LINE
8
BLACK
6
CONTINUOUS
10
1.0872746456692912
20
1.4169867322834646
11
1.0866331889763778
21
1.4160267716535433
0
LINE
8
BLACK
6
CONTINUOUS
10
1.0866331889763778
20
1.4160267716535433
11
1.0864397637795276
21
1.4155886614173228
0
LINE
8
BLACK
6
CONTINUOUS
10
1.0864397637795276
20
1.4155886614173228
11
1.0861404724409449
21
1.4152893700787401
0
LINE
8
BLACK
6
CONTINUOUS
10
1.0861404724409449
20
1.4152893700787401
11
1.0855677559055117
21
1.4144322440944881
0
LINE
8
BLACK
6
CONTINUOUS
10
1.0855677559055117
20
1.4144322440944881
11
1.0847105905511811
21
1.4138594881889763
0
LINE
8
BLACK
6
CONTINUOUS
10
1.0847105905511811
20
1.4138594881889763
11
1.0844112992125985
21
1.4135601968503937
0
LINE
8
BLACK
6
CONTINUOUS
10
1.0844112992125985
20
1.4135601968503937
11
1.0839731102362204
21
1.4133666929133859
0
LINE
8
BLACK
6
CONTINUOUS
10
1.0839731102362204
20
1.4133666929133859
11
1.0830132677165354
21
1.4127253543307086
0
LINE
8
BLACK
6
CONTINUOUS
10
1.0830132677165354
20
1.4127253543307086
11
1.0821166929133859
21
1.4125470078740157
0
LINE
8
BLACK
6
CONTINUOUS
10
1.0821166929133859
20
1.4125470078740157
11
1.0816588188976377
21
1.412344842519685
0
LINE
8
BLACK
6
CONTINUOUS
10
1.0816588188976377
20
1.412344842519685
11
1.080318622047244
21
1.4121893307086615
0
LINE
8
BLACK
6
CONTINUOUS
10
1.080318622047244
20
1.4121893307086615
11
1.0800000000000001
21
1.4121259842519684
0
LINE
8
BLACK
6
CONTINUOUS
10
1.0800000000000001
20
1.4121259842519684
11
1.0797723228346456
21
1.4121259842519684
0
LINE
8
BLACK
6
CONTINUOUS
10
1.0797723228346456
20
1.4121259842519684
11
1.020227716535433
21
1.4121259842519684
0
LINE
8
BLACK
6
CONTINUOUS
10
1.020227716535433
20
1.4121259842519684
11
1.02
21
1.4121259842519684
0
LINE
8
BLACK
6
CONTINUOUS
10
1.02
20
1.4121259842519684
11
1.0196813385826771
21
1.4121893307086615
0
LINE
8
BLACK
6
CONTINUOUS
10
1.0196813385826771
20
1.4121893307086615
11
1.0183411417322834
21
1.412344842519685
0
LINE
8
BLACK
6
CONTINUOUS
10
1.0183411417322834
20
1.412344842519685
11
1.0178832283464567
21
1.4125470078740157
0
LINE
8
BLACK
6
CONTINUOUS
10
1.0178832283464567
20
1.4125470078740157
11
1.0169867322834645
21
1.4127253543307086
0
LINE
8
BLACK
6
CONTINUOUS
10
1.0169867322834645
20
1.4127253543307086
11
1.0160269291338582
21
1.4133666535433071
0
LINE
8
BLACK
6
CONTINUOUS
10
1.0160269291338582
20
1.4133666535433071
11
1.0155886614173228
21
1.4135601968503937
0
LINE
8
BLACK
6
CONTINUOUS
10
1.0155886614173228
20
1.4135601968503937
11
1.0152892519685039
21
1.4138595669291338
0
LINE
8
BLACK
6
CONTINUOUS
10
1.0152892519685039
20
1.4138595669291338
11
1.0144322440944882
21
1.4144322440944881
0
LINE
8
BLACK
6
CONTINUOUS
10
1.0144322440944882
20
1.4144322440944881
11
1.0138595669291339
21
1.4152892519685039
0
LINE
8
BLACK
6
CONTINUOUS
10
1.0138595669291339
20
1.4152892519685039
11
1.0135601968503938
21
1.4155886614173228
0
LINE
8
BLACK
6
CONTINUOUS
10
1.0135601968503938
20
1.4155886614173228
11
1.013366653543307
21
1.4160269291338583
0
LINE
8
BLACK
6
CONTINUOUS
10
1.013366653543307
20
1.4160269291338583
11
1.0127253543307086
21
1.4169867322834646
0
LINE
8
BLACK
6
CONTINUOUS
10
1.0127253543307086
20
1.4169867322834646
11
1.0125470078740157
21
1.4178832283464566
0
LINE
8
BLACK
6
CONTINUOUS
10
1.0125470078740157
20
1.4178832283464566
11
1.012344842519685
21
1.4183411417322835
0
LINE
8
BLACK
6
CONTINUOUS
10
1.012344842519685
20
1.4183411417322835
11
1.0121893307086614
21
1.4196814173228347
0
LINE
8
BLACK
6
CONTINUOUS
10
1.0121893307086614
20
1.4196814173228347
11
1.0121259842519685
21
1.4199999999999999
0
LINE
8
BLACK
6
CONTINUOUS
10
1.0121259842519685
20
1.4199999999999999
11
1.0121259842519685
21
1.48
0
LINE
8
BLACK
6
CONTINUOUS
10
1.0121259842519685
20
1.48
11
1.0121893700787401
21
1.4803187007874015
0
LINE
8
BLACK
6
CONTINUOUS
10
1.0121893700787401
20
1.4803187007874015
11
1.012344842519685
21
1.4816588188976378
0
LINE
8
BLACK
6
CONTINUOUS
10
1.012344842519685
20
1.4816588188976378
11
1.0125470078740157
21
1.4821166929133858
0
LINE
8
BLACK
6
CONTINUOUS
10
1.0125470078740157
20
1.4821166929133858
11
1.0127253543307086
21
1.4830132677165353
0
LINE
8
BLACK
6
CONTINUOUS
10
1.0127253543307086
20
1.4830132677165353
11
1.0133666929133858
21
1.4839731102362204
0
LINE
8
BLACK
6
CONTINUOUS
10
1.0133666929133858
20
1.4839731102362204
11
1.0135601968503938
21
1.4844112992125984
0
LINE
8
BLACK
6
CONTINUOUS
10
1.0135601968503938
20
1.4844112992125984
11
1.0138594881889764
21
1.484710590551181
0
LINE
8
BLACK
6
CONTINUOUS
10
1.0138594881889764
20
1.484710590551181
11
1.0144322440944882
21
1.4855677559055118
0
LINE
8
BLACK
6
CONTINUOUS
10
1.0144322440944882
20
1.4855677559055118
11
1.0152893700787402
21
1.4861404724409448
0
LINE
8
BLACK
6
CONTINUOUS
10
1.0152893700787402
20
1.4861404724409448
11
1.0155886614173228
21
1.4864397637795275
0
LINE
8
BLACK
6
CONTINUOUS
10
1.0155886614173228
20
1.4864397637795275
11
1.0160267716535434
21
1.486633188976378
0
LINE
8
BLACK
6
CONTINUOUS
10
1.0160267716535434
20
1.486633188976378
11
1.0169867322834645
21
1.4872746456692914
0
LINE
8
BLACK
6
CONTINUOUS
10
1.0169867322834645
20
1.4872746456692914
11
1.0178833858267717
21
1.4874529921259843
0
LINE
8
BLACK
6
CONTINUOUS
10
1.0178833858267717
20
1.4874529921259843
11
1.0183411417322834
21
1.4876551181102362
0
LINE
8
BLACK
6
CONTINUOUS
10
1.0183411417322834
20
1.4876551181102362
11
1.0196809448818898
21
1.4878105511811024
0
LINE
8
BLACK
6
CONTINUOUS
10
1.0196809448818898
20
1.4878105511811024
11
1.02
21
1.4878740157480315
0
LINE
8
BLACK
6
CONTINUOUS
10
1.02
20
1.4878740157480315
11
1.0800000000000001
21
1.4878740157480315
0
LINE
8
BLACK
6
CONTINUOUS
10
1.0800000000000001
20
1.4878740157480315
11
1.0803191732283464
21
1.4878105118110236
0
LINE
8
BLACK
6
CONTINUOUS
10
1.1803191732283465
20
1.4878105118110236
11
1.1816588188976378
21
1.4876551181102362
0
LINE
8
BLACK
6
CONTINUOUS
10
1.1816588188976378
20
1.4876551181102362
11
1.1821164960629922
21
1.4874529921259843
0
LINE
8
BLACK
6
CONTINUOUS
10
1.1821164960629922
20
1.4874529921259843
11
1.1830132677165355
21
1.4872746456692914
0
LINE
8
BLACK
6
CONTINUOUS
10
1.1830132677165355
20
1.4872746456692914
11
1.1839732677165353
21
1.4866331496062992
0
LINE
8
BLACK
6
CONTINUOUS
10
1.1839732677165353
20
1.4866331496062992
11
1.1844112992125984
21
1.4864397637795275
0
LINE
8
BLACK
6
CONTINUOUS
10
1.1844112992125984
20
1.4864397637795275
11
1.184710472440945
21
1.4861405511811023
0
LINE
8
BLACK
6
CONTINUOUS
10
1.184710472440945
20
1.4861405511811023
11
1.1855677559055118
21
1.4855677559055118
0
LINE
8
BLACK
6
CONTINUOUS
10
1.1855677559055118
20
1.4855677559055118
11
1.1861405511811023
21
1.4847104724409448
0
LINE
8
BLACK
6
CONTINUOUS
10
1.1861405511811023
20
1.4847104724409448
11
1.1864397637795274
21
1.4844112992125984
0
LINE
8
BLACK
6
CONTINUOUS
10
1.1864397637795274
20
1.4844112992125984
11
1.1866331496062992
21
1.4839732677165354
0
LINE
8
BLACK
6
CONTINUOUS
10
1.1866331496062992
20
1.4839732677165354
11
1.1872746456692913
21
1.4830132677165353
0
LINE
8
BLACK
6
CONTINUOUS
10
1.1872746456692913
20
1.4830132677165353
11
1.1874529921259842
21
1.482116496062992
0
LINE
8
BLACK
6
CONTINUOUS
10
1.1874529921259842
20
1.482116496062992
11
1.1876551181102362
21
1.4816588188976378
0
LINE
8
BLACK
6
CONTINUOUS
10
1.1876551181102362
20
1.4816588188976378
11
1.1878105118110236
21
1.480319094488189
0
LINE
8
BLACK
6
CONTINUOUS
10
1.1878105118110236
20
1.480319094488189
11
1.1878740157480314
21
1.48
0
LINE
8
BLACK
6
CONTINUOUS
10
1.1878740157480314
20
1.48
11
1.1878740157480314
21
1.4199999999999999
0
LINE
8
BLACK
6
CONTINUOUS
10
1.1878740157480314
20
1.4199999999999999
11
1.1878105118110236
21
1.4196808661417322
0
LINE
8
BLACK
6
CONTINUOUS
10
1.1878105118110236
20
1.4196808661417322
11
1.1876551181102362
21
1.4183411417322835
0
LINE
8
BLACK
6
CONTINUOUS
10
1.1876551181102362
20
1.4183411417322835
11
1.1874529921259842
21
1.4178833858267716
0
LINE
8
BLACK
6
CONTINUOUS
10
1.1874529921259842
20
1.4178833858267716
11
1.1872746456692913
21
1.4169867322834646
0
LINE
8
BLACK
6
CONTINUOUS
10
1.1872746456692913
20
1.4169867322834646
11
1.1866331889763779
21
1.4160267716535433
0
LINE
8
BLACK
6
CONTINUOUS
10
1.1866331889763779
20
1.4160267716535433
11
1.1864397637795274
21
1.4155886614173228
0
LINE
8
BLACK
6
CONTINUOUS
10
1.1864397637795274
20
1.4155886614173228
11
1.1861404724409448
21
1.4152893700787401
0
LINE
8
BLACK
6
CONTINUOUS
10
1.1861404724409448
20
1.4152893700787401
11
1.1855677559055118
21
1.4144322440944881
0
LINE
8
BLACK
6
CONTINUOUS
10
1.1855677559055118
20
1.4144322440944881
11
1.184710590551181
21
1.4138594881889763
0
LINE
8
BLACK
6
CONTINUOUS
10
1.184710590551181
20
1.4138594881889763
11
1.1844112992125984
21
1.4135601968503937
0
LINE
8
BLACK
6
CONTINUOUS
10
1.1844112992125984
20
1.4135601968503937
11
1.1839731102362205
21
1.4133666929133859
0
LINE
8
BLACK
6
CONTINUOUS
10
1.1839731102362205
20
1.4133666929133859
11
1.1830132677165355
21
1.4127253543307086
0
LINE
8
BLACK
6
CONTINUOUS
10
1.1830132677165355
20
1.4127253543307086
11
1.1821166929133857
21
1.4125470078740157
0
LINE
8
BLACK
6
CONTINUOUS
10
1.1821166929133857
20
1.4125470078740157
11
1.1816588188976378
21
1.412344842519685
0
LINE
8
BLACK
6
CONTINUOUS
10
1.1816588188976378
20
1.412344842519685
11
1.1803186220472441
21
1.4121893307086615
0
LINE
8
BLACK
6
CONTINUOUS
10
1.1803186220472441
20
1.4121893307086615
11
1.1799999999999999
21
1.4121259842519684
0
LINE
8
BLACK
6
CONTINUOUS
10
1.1799999999999999
20
1.4121259842519684
11
1.1797723228346457
21
1.4121259842519684
0
LINE
8
BLACK
6
CONTINUOUS
10
1.1797723228346457
20
1.4121259842519684
11
1.1202277165354331
21
1.4121259842519684
0
LINE
8
BLACK
6
CONTINUOUS
10
1.1202277165354331
20
1.4121259842519684
11
1.1199999999999999
21
1.4121259842519684
0
LINE
8
BLACK
6
CONTINUOUS
10
1.1199999999999999
20
1.4121259842519684
11
1.1196813385826772
21
1.4121893307086615
0
LINE
8
BLACK
6
CONTINUOUS
10
1.1196813385826772
20
1.4121893307086615
11
1.1183411417322835
21
1.412344842519685
0
LINE
8
BLACK
6
CONTINUOUS
10
1.1183411417322835
20
1.412344842519685
11
1.1178832283464566
21
1.4125470078740157
0
LINE
8
BLACK
6
CONTINUOUS
10
1.1178832283464566
20
1.4125470078740157
11
1.1169867322834646
21
1.4127253543307086
0
LINE
8
BLACK
6
CONTINUOUS
10
1.1169867322834646
20
1.4127253543307086
11
1.1160269291338583
21
1.4133666535433071
0
LINE
8
BLACK
6
CONTINUOUS
10
1.1160269291338583
20
1.4133666535433071
11
1.1155886614173227
21
1.4135601968503937
0
LINE
8
BLACK
6
CONTINUOUS
10
1.1155886614173227
20
1.4135601968503937
11
1.1152892519685038
21
1.4138595669291338
0
LINE
8
BLACK
6
CONTINUOUS
10
1.1152892519685038
20
1.4138595669291338
11
1.1144322440944883
21
1.4144322440944881
0
LINE
8
BLACK
6
CONTINUOUS
10
1.1144322440944883
20
1.4144322440944881
11
1.1138595669291338
21
1.4152892519685039
0
LINE
8
BLACK
6
CONTINUOUS
10
1.1138595669291338
20
1.4152892519685039
11
1.1135601968503936
21
1.4155886614173228
0
LINE
8
BLACK
6
CONTINUOUS
10
1.1135601968503936
20
1.4155886614173228
11
1.1133666535433071
21
1.4160269291338583
0
LINE
8
BLACK
6
CONTINUOUS
10
1.1133666535433071
20
1.4160269291338583
11
1.1127253543307087
21
1.4169867322834646
0
LINE
8
BLACK
6
CONTINUOUS
10
1.1127253543307087
20
1.4169867322834646
11
1.1125470078740156
21
1.4178832283464566
0
LINE
8
BLACK
6
CONTINUOUS
10
1.1125470078740156
20
1.4178832283464566
11
1.1123448425196849
21
1.4183411417322835
0
LINE
8
BLACK
6
CONTINUOUS
10
1.1123448425196849
20
1.4183411417322835
11
1.1121893307086614
21
1.4196814173228347
0
LINE
8
BLACK
6
CONTINUOUS
10
1.1121893307086614
20
1.4196814173228347
11
1.1121259842519684
21
1.4199999999999999
0
LINE
8
BLACK
6
CONTINUOUS
10
1.1121259842519684
20
1.4199999999999999
11
1.1121259842519684
21
1.48
0
LINE
8
BLACK
6
CONTINUOUS
10
1.1121259842519684
20
1.48
11
1.1121893700787402
21
1.4803187007874015
0
LINE
8
BLACK
6
CONTINUOUS
10
1.1121893700787402
20
1.4803187007874015
11
1.1123448425196849
21
1.4816588188976378
0
LINE
8
BLACK
6
CONTINUOUS
10
1.1123448425196849
20
1.4816588188976378
11
1.1125470078740156
21
1.4821166929133858
0
LINE
8
BLACK
6
CONTINUOUS
10
1.1125470078740156
20
1.4821166929133858
11
1.1127253543307087
21
1.4830132677165353
0
LINE
8
BLACK
6
CONTINUOUS
10
1.1127253543307087
20
1.4830132677165353
11
1.1133666929133859
21
1.4839731102362204
0
LINE
8
BLACK
6
CONTINUOUS
10
1.1133666929133859
20
1.4839731102362204
11
1.1135601968503936
21
1.4844112992125984
0
LINE
8
BLACK
6
CONTINUOUS
10
1.1135601968503936
20
1.4844112992125984
11
1.1138594881889763
21
1.484710590551181
0
LINE
8
BLACK
6
CONTINUOUS
10
1.1138594881889763
20
1.484710590551181
11
1.1144322440944883
21
1.4855677559055118
0
LINE
8
BLACK
6
CONTINUOUS
10
1.1144322440944883
20
1.4855677559055118
11
1.1152893700787401
21
1.4861404724409448
0
LINE
8
BLACK
6
CONTINUOUS
10
1.1152893700787401
20
1.4861404724409448
11
1.1155886614173227
21
1.4864397637795275
0
LINE
8
BLACK
6
CONTINUOUS
10
1.1155886614173227
20
1.4864397637795275
11
1.1160267716535432
21
1.486633188976378
0
LINE
8
BLACK
6
CONTINUOUS
10
1.1160267716535432
20
1.486633188976378
11
1.1169867322834646
21
1.4872746456692914
0
LINE
8
BLACK
6
CONTINUOUS
10
1.1169867322834646
20
1.4872746456692914
11
1.1178833858267716
21
1.4874529921259843
0
LINE
8
BLACK
6
CONTINUOUS
10
1.1178833858267716
20
1.4874529921259843
11
1.1183411417322835
21
1.4876551181102362
0
LINE
8
BLACK
6
CONTINUOUS
10
1.1183411417322835
20
1.4876551181102362
11
1.1196809448818896
21
1.4878105511811024
0
LINE
8
BLACK
6
CONTINUOUS
10
1.1196809448818896
20
1.4878105511811024
11
1.1199999999999999
21
1.4878740157480315
0
LINE
8
BLACK
6
CONTINUOUS
10
1.1199999999999999
20
1.4878740157480315
11
1.1799999999999999
21
1.4878740157480315
0
LINE
8
BLACK
6
CONTINUOUS
10
1.1799999999999999
20
1.4878740157480315
11
1.1803191732283465
21
1.4878105118110236
0
LINE
8
BLACK
6
CONTINUOUS
10
0.5503191732283464
20
1.5078105118110237
11
0.5516588188976378
21
1.5076551181102362
0
LINE
8
BLACK
6
CONTINUOUS
10
0.5516588188976378
20
1.5076551181102362
11
0.5521164960629921
21
1.5074529921259843
0
LINE
8
BLACK
6
CONTINUOUS
10
0.5521164960629921
20
1.5074529921259843
11
0.5530132677165355
21
1.5072746456692914
0
LINE
8
BLACK
6
CONTINUOUS
10
0.5530132677165355
20
1.5072746456692914
11
0.5539732677165354
21
1.5066331496062992
0
LINE
8
BLACK
6
CONTINUOUS
10
0.5539732677165354
20
1.5066331496062992
11
0.5544112992125985
21
1.5064397637795275
0
LINE
8
BLACK
6
CONTINUOUS
10
0.5544112992125985
20
1.5064397637795275
11
0.5547104724409448
21
1.5061405511811023
0
LINE
8
BLACK
6
CONTINUOUS
10
0.5547104724409448
20
1.5061405511811023
11
0.5555677559055118
21
1.5055677559055118
0
LINE
8
BLACK
6
CONTINUOUS
10
0.5555677559055118
20
1.5055677559055118
11
0.5561405511811024
21
1.5047104724409448
0
LINE
8
BLACK
6
CONTINUOUS
10
0.5561405511811024
20
1.5047104724409448
11
0.5564397637795275
21
1.5044112992125984
0
LINE
8
BLACK
6
CONTINUOUS
10
0.5564397637795275
20
1.5044112992125984
11
0.5566331496062992
21
1.5039732677165354
0
LINE
8
BLACK
6
CONTINUOUS
10
0.5566331496062992
20
1.5039732677165354
11
0.5572746456692913
21
1.5030132677165353
0
LINE
8
BLACK
6
CONTINUOUS
10
0.5572746456692913
20
1.5030132677165353
11
0.5574529921259842
21
1.502116496062992
0
LINE
8
BLACK
6
CONTINUOUS
10
0.5574529921259842
20
1.502116496062992
11
0.5576551181102362
21
1.5016588188976379
0
LINE
8
BLACK
6
CONTINUOUS
10
0.5576551181102362
20
1.5016588188976379
11
0.5578105118110236
21
1.500319094488189
0
LINE
8
BLACK
6
CONTINUOUS
10
0.5578105118110236
20
1.500319094488189
11
0.5578740157480315
21
1.5
0
LINE
8
BLACK
6
CONTINUOUS
10
0.5578740157480315
20
1.5
11
0.5578740157480315
21
1.4399999999999999
0
LINE
8
BLACK
6
CONTINUOUS
10
0.5578740157480315
20
1.4399999999999999
11
0.5578105118110236
21
1.4396808661417322
0
LINE
8
BLACK
6
CONTINUOUS
10
0.5578105118110236
20
1.4396808661417322
11
0.5576551181102362
21
1.4383411417322833
0
LINE
8
BLACK
6
CONTINUOUS
10
0.5576551181102362
20
1.4383411417322833
11
0.5574529921259842
21
1.4378833858267717
0
LINE
8
BLACK
6
CONTINUOUS
10
0.5574529921259842
20
1.4378833858267717
11
0.5572746456692913
21
1.4369867322834646
0
LINE
8
BLACK
6
CONTINUOUS
10
0.5572746456692913
20
1.4369867322834646
11
0.5566331889763779
21
1.4360267716535433
0
LINE
8
BLACK
6
CONTINUOUS
10
0.5566331889763779
20
1.4360267716535433
11
0.5564397637795275
21
1.4355886614173228
0
LINE
8
BLACK
6
CONTINUOUS
10
0.5564397637795275
20
1.4355886614173228
11
0.5561404724409449
21
1.4352893700787401
0
LINE
8
BLACK
6
CONTINUOUS
10
0.5561404724409449
20
1.4352893700787401
11
0.5555677559055118
21
1.4344322440944881
0
LINE
8
BLACK
6
CONTINUOUS
10
0.5555677559055118
20
1.4344322440944881
11
0.5547105905511811
21
1.4338594881889763
0
LINE
8
BLACK
6
CONTINUOUS
10
0.5547105905511811
20
1.4338594881889763
11
0.5544112992125985
21
1.4335601968503937
0
LINE
8
BLACK
6
CONTINUOUS
10
0.5544112992125985
20
1.4335601968503937
11
0.5539731102362204
21
1.4333666929133857
0
LINE
8
BLACK
6
CONTINUOUS
10
0.5539731102362204
20
1.4333666929133857
11
0.5530132677165355
21
1.4327253543307086
0
LINE
8
BLACK
6
CONTINUOUS
10
0.5530132677165355
20
1.4327253543307086
11
0.5521166929133858
21
1.4325470078740157
0
LINE
8
BLACK
6
CONTINUOUS
10
0.5521166929133858
20
1.4325470078740157
11
0.5516588188976378
21
1.432344842519685
0
LINE
8
BLACK
6
CONTINUOUS
10
0.5516588188976378
20
1.432344842519685
11
0.5503186220472441
21
1.4321893307086613
0
LINE
8
BLACK
6
CONTINUOUS
10
0.5503186220472441
20
1.4321893307086613
11
0.5499999999999999
21
1.4321259842519685
0
LINE
8
BLACK
6
CONTINUOUS
10
0.5499999999999999
20
1.4321259842519685
11
0.5497723228346456
21
1.4321259842519685
0
LINE
8
BLACK
6
CONTINUOUS
10
0.5497723228346456
20
1.4321259842519685
11
0.4902277165354331
21
1.4321259842519685
0
LINE
8
BLACK
6
CONTINUOUS
10
0.4902277165354331
20
1.4321259842519685
11
0.49
21
1.4321259842519685
0
LINE
8
BLACK
6
CONTINUOUS
10
0.49
20
1.4321259842519685
11
0.4896813385826772
21
1.4321893307086613
0
LINE
8
BLACK
6
CONTINUOUS
10
0.4896813385826772
20
1.4321893307086613
11
0.4883411417322834
21
1.432344842519685
0
LINE
8
BLACK
6
CONTINUOUS
10
0.4883411417322834
20
1.432344842519685
11
0.4878832283464567
21
1.4325470078740157
0
LINE
8
BLACK
6
CONTINUOUS
10
0.4878832283464567
20
1.4325470078740157
11
0.4869867322834646
21
1.4327253543307086
0
LINE
8
BLACK
6
CONTINUOUS
10
0.4869867322834646
20
1.4327253543307086
11
0.4860269291338583
21
1.4333666535433069
0
LINE
8
BLACK
6
CONTINUOUS
10
0.4860269291338583
20
1.4333666535433069
11
0.4855886614173228
21
1.4335601968503937
0
LINE
8
BLACK
6
CONTINUOUS
10
0.4855886614173228
20
1.4335601968503937
11
0.4852892519685039
21
1.4338595669291339
0
LINE
8
BLACK
6
CONTINUOUS
10
0.4852892519685039
20
1.4338595669291339
11
0.4844322440944882
21
1.4344322440944881
0
LINE
8
BLACK
6
CONTINUOUS
10
0.4844322440944882
20
1.4344322440944881
11
0.4838595669291338
21
1.4352892519685039
0
LINE
8
BLACK
6
CONTINUOUS
10
0.4838595669291338
20
1.4352892519685039
11
0.4835601968503937
21
1.4355886614173228
0
LINE
8
BLACK
6
CONTINUOUS
10
0.4835601968503937
20
1.4355886614173228
11
0.4833666535433071
21
1.4360269291338583
0
LINE
8
BLACK
6
CONTINUOUS
10
0.4833666535433071
20
1.4360269291338583
11
0.4827253543307087
21
1.4369867322834646
0
LINE
8
BLACK
6
CONTINUOUS
10
0.4827253543307087
20
1.4369867322834646
11
0.4825470078740157
21
1.4378832283464567
0
LINE
8
BLACK
6
CONTINUOUS
10
0.4825470078740157
20
1.4378832283464567
11
0.482344842519685
21
1.4383411417322833
0
LINE
8
BLACK
6
CONTINUOUS
10
0.482344842519685
20
1.4383411417322833
11
0.4821893307086614
21
1.4396814173228347
0
LINE
8
BLACK
6
CONTINUOUS
10
0.4821893307086614
20
1.4396814173228347
11
0.4821259842519685
21
1.4399999999999999
0
LINE
8
BLACK
6
CONTINUOUS
10
0.4821259842519685
20
1.4399999999999999
11
0.4821259842519685
21
1.5
0
LINE
8
BLACK
6
CONTINUOUS
10
0.4821259842519685
20
1.5
11
0.4821893700787401
21
1.5003187007874015
0
LINE
8
BLACK
6
CONTINUOUS
10
0.4821893700787401
20
1.5003187007874015
11
0.482344842519685
21
1.5016588188976379
0
LINE
8
BLACK
6
CONTINUOUS
10
0.482344842519685
20
1.5016588188976379
11
0.4825470078740157
21
1.5021166929133858
0
LINE
8
BLACK
6
CONTINUOUS
10
0.4825470078740157
20
1.5021166929133858
11
0.4827253543307087
21
1.5030132677165353
0
LINE
8
BLACK
6
CONTINUOUS
10
0.4827253543307087
20
1.5030132677165353
11
0.4833666929133858
21
1.5039731102362204
0
LINE
8
BLACK
6
CONTINUOUS
10
0.4833666929133858
20
1.5039731102362204
11
0.4835601968503937
21
1.5044112992125984
0
LINE
8
BLACK
6
CONTINUOUS
10
0.4835601968503937
20
1.5044112992125984
11
0.4838594881889764
21
1.5047105905511811
0
LINE
8
BLACK
6
CONTINUOUS
10
0.4838594881889764
20
1.5047105905511811
11
0.4844322440944882
21
1.5055677559055118
0
LINE
8
BLACK
6
CONTINUOUS
10
0.4844322440944882
20
1.5055677559055118
11
0.4852893700787401
21
1.5061404724409448
0
LINE
8
BLACK
6
CONTINUOUS
10
0.4852893700787401
20
1.5061404724409448
11
0.4855886614173228
21
1.5064397637795275
0
LINE
8
BLACK
6
CONTINUOUS
10
0.4855886614173228
20
1.5064397637795275
11
0.4860267716535433
21
1.506633188976378
0
LINE
8
BLACK
6
CONTINUOUS
10
0.4860267716535433
20
1.506633188976378
11
0.4869867322834646
21
1.5072746456692914
0
LINE
8
BLACK
6
CONTINUOUS
10
0.4869867322834646
20
1.5072746456692914
11
0.4878833858267717
21
1.5074529921259843
0
LINE
8
BLACK
6
CONTINUOUS
10
0.4878833858267717
20
1.5074529921259843
11
0.4883411417322834
21
1.5076551181102362
0
LINE
8
BLACK
6
CONTINUOUS
10
0.4883411417322834
20
1.5076551181102362
11
0.4896809448818897
21
1.5078105511811024
0
LINE
8
BLACK
6
CONTINUOUS
10
0.4896809448818897
20
1.5078105511811024
11
0.49
21
1.5078740157480315
0
LINE
8
BLACK
6
CONTINUOUS
10
0.49
20
1.5078740157480315
11
0.5499999999999999
21
1.5078740157480315
0
LINE
8
BLACK
6
CONTINUOUS
10
0.5499999999999999
20
1.5078740157480315
11
0.5503191732283464
21
1.5078105118110237
0
LINE
8
BLACK
6
CONTINUOUS
10
0.6503191732283464
20
1.5078105118110237
11
0.6516588188976378
21
1.5076551181102362
0
LINE
8
BLACK
6
CONTINUOUS
10
0.6516588188976378
20
1.5076551181102362
11
0.6521164960629922
21
1.5074529921259843
0
LINE
8
BLACK
6
CONTINUOUS
10
0.6521164960629922
20
1.5074529921259843
11
0.6530132677165355
21
1.5072746456692914
0
LINE
8
BLACK
6
CONTINUOUS
10
0.6530132677165355
20
1.5072746456692914
11
0.6539732677165354
21
1.5066331496062992
0
LINE
8
BLACK
6
CONTINUOUS
10
0.6539732677165354
20
1.5066331496062992
11
0.6544112992125984
21
1.5064397637795275
0
LINE
8
BLACK
6
CONTINUOUS
10
0.6544112992125984
20
1.5064397637795275
11
0.6547104724409448
21
1.5061405511811023
0
LINE
8
BLACK
6
CONTINUOUS
10
0.6547104724409448
20
1.5061405511811023
11
0.6555677559055118
21
1.5055677559055118
0
LINE
8
BLACK
6
CONTINUOUS
10
0.6555677559055118
20
1.5055677559055118
11
0.6561405511811024
21
1.5047104724409448
0
LINE
8
BLACK
6
CONTINUOUS
10
0.6561405511811024
20
1.5047104724409448
11
0.6564397637795275
21
1.5044112992125984
0
LINE
8
BLACK
6
CONTINUOUS
10
0.6564397637795275
20
1.5044112992125984
11
0.6566331496062991
21
1.5039732677165354
0
LINE
8
BLACK
6
CONTINUOUS
10
0.6566331496062991
20
1.5039732677165354
11
0.6572746456692913
21
1.5030132677165353
0
LINE
8
BLACK
6
CONTINUOUS
10
0.6572746456692913
20
1.5030132677165353
11
0.6574529921259843
21
1.502116496062992
0
LINE
8
BLACK
6
CONTINUOUS
10
0.6574529921259843
20
1.502116496062992
11
0.6576551181102362
21
1.5016588188976379
0
LINE
8
BLACK
6
CONTINUOUS
10
0.6576551181102362
20
1.5016588188976379
11
0.6578105118110236
21
1.500319094488189
0
LINE
8
BLACK
6
CONTINUOUS
10
0.6578105118110236
20
1.500319094488189
11
0.6578740157480315
21
1.5
0
LINE
8
BLACK
6
CONTINUOUS
10
0.6578740157480315
20
1.5
11
0.6578740157480315
21
1.4399999999999999
0
LINE
8
BLACK
6
CONTINUOUS
10
0.6578740157480315
20
1.4399999999999999
11
0.6578105118110236
21
1.4396808661417322
0
LINE
8
BLACK
6
CONTINUOUS
10
0.6578105118110236
20
1.4396808661417322
11
0.6576551181102362
21
1.4383411417322833
0
LINE
8
BLACK
6
CONTINUOUS
10
0.6576551181102362
20
1.4383411417322833
11
0.6574529921259843
21
1.4378833858267717
0
LINE
8
BLACK
6
CONTINUOUS
10
0.6574529921259843
20
1.4378833858267717
11
0.6572746456692913
21
1.4369867322834646
0
LINE
8
BLACK
6
CONTINUOUS
10
0.6572746456692913
20
1.4369867322834646
11
0.6566331889763779
21
1.4360267716535433
0
LINE
8
BLACK
6
CONTINUOUS
10
0.6566331889763779
20
1.4360267716535433
11
0.6564397637795275
21
1.4355886614173228
0
LINE
8
BLACK
6
CONTINUOUS
10
0.6564397637795275
20
1.4355886614173228
11
0.6561404724409449
21
1.4352893700787401
0
LINE
8
BLACK
6
CONTINUOUS
10
0.6561404724409449
20
1.4352893700787401
11
0.6555677559055118
21
1.4344322440944881
0
LINE
8
BLACK
6
CONTINUOUS
10
0.6555677559055118
20
1.4344322440944881
11
0.6547105905511811
21
1.4338594881889763
0
LINE
8
BLACK
6
CONTINUOUS
10
0.6547105905511811
20
1.4338594881889763
11
0.6544112992125984
21
1.4335601968503937
0
LINE
8
BLACK
6
CONTINUOUS
10
0.6544112992125984
20
1.4335601968503937
11
0.6539731102362205
21
1.4333666929133857
0
LINE
8
BLACK
6
CONTINUOUS
10
0.6539731102362205
20
1.4333666929133857
11
0.6530132677165355
21
1.4327253543307086
0
LINE
8
BLACK
6
CONTINUOUS
10
0.6530132677165355
20
1.4327253543307086
11
0.6521166929133858
21
1.4325470078740157
0
LINE
8
BLACK
6
CONTINUOUS
10
0.6521166929133858
20
1.4325470078740157
11
0.6516588188976378
21
1.432344842519685
0
LINE
8
BLACK
6
CONTINUOUS
10
0.6516588188976378
20
1.432344842519685
11
0.6503186220472441
21
1.4321893307086613
0
LINE
8
BLACK
6
CONTINUOUS
10
0.6503186220472441
20
1.4321893307086613
11
0.65
21
1.4321259842519685
0
LINE
8
BLACK
6
CONTINUOUS
10
0.65
20
1.4321259842519685
11
0.6497723228346457
21
1.4321259842519685
0
LINE
8
BLACK
6
CONTINUOUS
10
0.6497723228346457
20
1.4321259842519685
11
0.590227716535433
21
1.4321259842519685
0
LINE
8
BLACK
6
CONTINUOUS
10
0.590227716535433
20
1.4321259842519685
11
0.59
21
1.4321259842519685
0
LINE
8
BLACK
6
CONTINUOUS
10
0.59
20
1.4321259842519685
11
0.5896813385826771
21
1.4321893307086613
0
LINE
8
BLACK
6
CONTINUOUS
10
0.5896813385826771
20
1.4321893307086613
11
0.5883411417322835
21
1.432344842519685
0
LINE
8
BLACK
6
CONTINUOUS
10
0.5883411417322835
20
1.432344842519685
11
0.5878832283464567
21
1.4325470078740157
0
LINE
8
BLACK
6
CONTINUOUS
10
0.5878832283464567
20
1.4325470078740157
11
0.5869867322834645
21
1.4327253543307086
0
LINE
8
BLACK
6
CONTINUOUS
10
0.5869867322834645
20
1.4327253543307086
11
0.5860269291338582
21
1.4333666535433069
0
LINE
8
BLACK
6
CONTINUOUS
10
0.5860269291338582
20
1.4333666535433069
11
0.5855886614173228
21
1.4335601968503937
0
LINE
8
BLACK
6
CONTINUOUS
10
0.5855886614173228
20
1.4335601968503937
11
0.5852892519685039
21
1.4338595669291339
0
LINE
8
BLACK
6
CONTINUOUS
10
0.5852892519685039
20
1.4338595669291339
11
0.5844322440944881
21
1.4344322440944881
0
LINE
8
BLACK
6
CONTINUOUS
10
0.5844322440944881
20
1.4344322440944881
11
0.5838595669291339
21
1.4352892519685039
0
LINE
8
BLACK
6
CONTINUOUS
10
0.5838595669291339
20
1.4352892519685039
11
0.5835601968503937
21
1.4355886614173228
0
LINE
8
BLACK
6
CONTINUOUS
10
0.5835601968503937
20
1.4355886614173228
11
0.5833666535433071
21
1.4360269291338583
0
LINE
8
BLACK
6
CONTINUOUS
10
0.5833666535433071
20
1.4360269291338583
11
0.5827253543307086
21
1.4369867322834646
0
LINE
8
BLACK
6
CONTINUOUS
10
0.5827253543307086
20
1.4369867322834646
11
0.5825470078740157
21
1.4378832283464567
0
LINE
8
BLACK
6
CONTINUOUS
10
0.5825470078740157
20
1.4378832283464567
11
0.582344842519685
21
1.4383411417322833
0
LINE
8
BLACK
6
CONTINUOUS
10
0.582344842519685
20
1.4383411417322833
11
0.5821893307086614
21
1.4396814173228347
0
LINE
8
BLACK
6
CONTINUOUS
10
0.5821893307086614
20
1.4396814173228347
11
0.5821259842519685
21
1.4399999999999999
0
LINE
8
BLACK
6
CONTINUOUS
10
0.5821259842519685
20
1.4399999999999999
11
0.5821259842519685
21
1.5
0
LINE
8
BLACK
6
CONTINUOUS
10
0.5821259842519685
20
1.5
11
0.5821893700787402
21
1.5003187007874015
0
LINE
8
BLACK
6
CONTINUOUS
10
0.5821893700787402
20
1.5003187007874015
11
0.582344842519685
21
1.5016588188976379
0
LINE
8
BLACK
6
CONTINUOUS
10
0.582344842519685
20
1.5016588188976379
11
0.5825470078740157
21
1.5021166929133858
0
LINE
8
BLACK
6
CONTINUOUS
10
0.5825470078740157
20
1.5021166929133858
11
0.5827253543307086
21
1.5030132677165353
0
LINE
8
BLACK
6
CONTINUOUS
10
0.5827253543307086
20
1.5030132677165353
11
0.5833666929133858
21
1.5039731102362204
0
LINE
8
BLACK
6
CONTINUOUS
10
0.5833666929133858
20
1.5039731102362204
11
0.5835601968503937
21
1.5044112992125984
0
LINE
8
BLACK
6
CONTINUOUS
10
0.5835601968503937
20
1.5044112992125984
11
0.5838594881889764
21
1.5047105905511811
0
LINE
8
BLACK
6
CONTINUOUS
10
0.5838594881889764
20
1.5047105905511811
11
0.5844322440944881
21
1.5055677559055118
0
LINE
8
BLACK
6
CONTINUOUS
10
0.5844322440944881
20
1.5055677559055118
11
0.5852893700787402
21
1.5061404724409448
0
LINE
8
BLACK
6
CONTINUOUS
10
0.5852893700787402
20
1.5061404724409448
11
0.5855886614173228
21
1.5064397637795275
0
LINE
8
BLACK
6
CONTINUOUS
10
0.5855886614173228
20
1.5064397637795275
11
0.5860267716535433
21
1.506633188976378
0
LINE
8
BLACK
6
CONTINUOUS
10
0.5860267716535433
20
1.506633188976378
11
0.5869867322834645
21
1.5072746456692914
0
LINE
8
BLACK
6
CONTINUOUS
10
0.5869867322834645
20
1.5072746456692914
11
0.5878833858267717
21
1.5074529921259843
0
LINE
8
BLACK
6
CONTINUOUS
10
0.5878833858267717
20
1.5074529921259843
11
0.5883411417322835
21
1.5076551181102362
0
LINE
8
BLACK
6
CONTINUOUS
10
0.5883411417322835
20
1.5076551181102362
11
0.5896809448818897
21
1.5078105511811024
0
LINE
8
BLACK
6
CONTINUOUS
10
0.5896809448818897
20
1.5078105511811024
11
0.59
21
1.5078740157480315
0
LINE
8
BLACK
6
CONTINUOUS
10
0.59
20
1.5078740157480315
11
0.65
21
1.5078740157480315
0
LINE
8
BLACK
6
CONTINUOUS
10
0.65
20
1.5078740157480315
11
0.6503191732283464
21
1.5078105118110237
0
LINE
8
BLACK
6
CONTINUOUS
10
0.7503191732283464
20
1.5078105118110237
11
0.7516588188976377
21
1.5076551181102362
0
LINE
8
BLACK
6
CONTINUOUS
10
0.7516588188976377
20
1.5076551181102362
11
0.7521164960629921
21
1.5074529921259843
0
LINE
8
BLACK
6
CONTINUOUS
10
0.7521164960629921
20
1.5074529921259843
11
0.7530132677165354
21
1.5072746456692914
0
LINE
8
BLACK
6
CONTINUOUS
10
0.7530132677165354
20
1.5072746456692914
11
0.7539732677165354
21
1.5066331496062992
0
LINE
8
BLACK
6
CONTINUOUS
10
0.7539732677165354
20
1.5066331496062992
11
0.7544112992125984
21
1.5064397637795275
0
LINE
8
BLACK
6
CONTINUOUS
10
0.7544112992125984
20
1.5064397637795275
11
0.7547104724409449
21
1.5061405511811023
0
LINE
8
BLACK
6
CONTINUOUS
10
0.7547104724409449
20
1.5061405511811023
11
0.7555677559055118
21
1.5055677559055118
0
LINE
8
BLACK
6
CONTINUOUS
10
0.7555677559055118
20
1.5055677559055118
11
0.7561405511811023
21
1.5047104724409448
0
LINE
8
BLACK
6
CONTINUOUS
10
0.7561405511811023
20
1.5047104724409448
11
0.7564397637795276
21
1.5044112992125984
0
LINE
8
BLACK
6
CONTINUOUS
10
0.7564397637795276
20
1.5044112992125984
11
0.7566331496062992
21
1.5039732677165354
0
LINE
8
BLACK
6
CONTINUOUS
10
0.7566331496062992
20
1.5039732677165354
11
0.7572746456692914
21
1.5030132677165353
0
LINE
8
BLACK
6
CONTINUOUS
10
0.7572746456692914
20
1.5030132677165353
11
0.7574529921259843
21
1.502116496062992
0
LINE
8
BLACK
6
CONTINUOUS
10
0.7574529921259843
20
1.502116496062992
11
0.7576551181102362
21
1.5016588188976379
0
LINE
8
BLACK
6
CONTINUOUS
10
0.7576551181102362
20
1.5016588188976379
11
0.7578105118110237
21
1.500319094488189
0
LINE
8
BLACK
6
CONTINUOUS
10
0.7578105118110237
20
1.500319094488189
11
0.7578740157480315
21
1.5
0
LINE
8
BLACK
6
CONTINUOUS
10
0.7578740157480315
20
1.5
11
0.7578740157480315
21
1.4399999999999999
0
LINE
8
BLACK
6
CONTINUOUS
10
0.7578740157480315
20
1.4399999999999999
11
0.7578105118110237
21
1.4396808661417322
0
LINE
8
BLACK
6
CONTINUOUS
10
0.7578105118110237
20
1.4396808661417322
11
0.7576551181102362
21
1.4383411417322833
0
LINE
8
BLACK
6
CONTINUOUS
10
0.7576551181102362
20
1.4383411417322833
11
0.7574529921259843
21
1.4378833858267717
0
LINE
8
BLACK
6
CONTINUOUS
10
0.7574529921259843
20
1.4378833858267717
11
0.7572746456692914
21
1.4369867322834646
0
LINE
8
BLACK
6
CONTINUOUS
10
0.7572746456692914
20
1.4369867322834646
11
0.756633188976378
21
1.4360267716535433
0
LINE
8
BLACK
6
CONTINUOUS
10
0.756633188976378
20
1.4360267716535433
11
0.7564397637795276
21
1.4355886614173228
0
LINE
8
BLACK
6
CONTINUOUS
10
0.7564397637795276
20
1.4355886614173228
11
0.7561404724409448
21
1.4352893700787401
0
LINE
8
BLACK
6
CONTINUOUS
10
0.7561404724409448
20
1.4352893700787401
11
0.7555677559055118
21
1.4344322440944881
0
LINE
8
BLACK
6
CONTINUOUS
10
0.7555677559055118
20
1.4344322440944881
11
0.7547105905511811
21
1.4338594881889763
0
LINE
8
BLACK
6
CONTINUOUS
10
0.7547105905511811
20
1.4338594881889763
11
0.7544112992125984
21
1.4335601968503937
0
LINE
8
BLACK
6
CONTINUOUS
10
0.7544112992125984
20
1.4335601968503937
11
0.7539731102362205
21
1.4333666929133857
0
LINE
8
BLACK
6
CONTINUOUS
10
0.7539731102362205
20
1.4333666929133857
11
0.7530132677165354
21
1.4327253543307086
0
LINE
8
BLACK
6
CONTINUOUS
10
0.7530132677165354
20
1.4327253543307086
11
0.7521166929133858
21
1.4325470078740157
0
LINE
8
BLACK
6
CONTINUOUS
10
0.7521166929133858
20
1.4325470078740157
11
0.7516588188976377
21
1.432344842519685
0
LINE
8
BLACK
6
CONTINUOUS
10
0.7516588188976377
20
1.432344842519685
11
0.7503186220472441
21
1.4321893307086613
0
LINE
8
BLACK
6
CONTINUOUS
10
0.7503186220472441
20
1.4321893307086613
11
0.75
21
1.4321259842519685
0
LINE
8
BLACK
6
CONTINUOUS
10
0.75
20
1.4321259842519685
11
0.7497723228346457
21
1.4321259842519685
0
LINE
8
BLACK
6
CONTINUOUS
10
0.7497723228346457
20
1.4321259842519685
11
0.690227716535433
21
1.4321259842519685
0
LINE
8
BLACK
6
CONTINUOUS
10
0.690227716535433
20
1.4321259842519685
11
0.6899999999999999
21
1.4321259842519685
0
LINE
8
BLACK
6
CONTINUOUS
10
0.6899999999999999
20
1.4321259842519685
11
0.6896813385826771
21
1.4321893307086613
0
LINE
8
BLACK
6
CONTINUOUS
10
0.6896813385826771
20
1.4321893307086613
11
0.6883411417322834
21
1.432344842519685
0
LINE
8
BLACK
6
CONTINUOUS
10
0.6883411417322834
20
1.432344842519685
11
0.6878832283464567
21
1.4325470078740157
0
LINE
8
BLACK
6
CONTINUOUS
10
0.6878832283464567
20
1.4325470078740157
11
0.6869867322834645
21
1.4327253543307086
0
LINE
8
BLACK
6
CONTINUOUS
10
0.6869867322834645
20
1.4327253543307086
11
0.6860269291338582
21
1.4333666535433069
0
LINE
8
BLACK
6
CONTINUOUS
10
0.6860269291338582
20
1.4333666535433069
11
0.6855886614173228
21
1.4335601968503937
0
LINE
8
BLACK
6
CONTINUOUS
10
0.6855886614173228
20
1.4335601968503937
11
0.6852892519685039
21
1.4338595669291339
0
LINE
8
BLACK
6
CONTINUOUS
10
0.6852892519685039
20
1.4338595669291339
11
0.6844322440944882
21
1.4344322440944881
0
LINE
8
BLACK
6
CONTINUOUS
10
0.6844322440944882
20
1.4344322440944881
11
0.6838595669291339
21
1.4352892519685039
0
LINE
8
BLACK
6
CONTINUOUS
10
0.6838595669291339
20
1.4352892519685039
11
0.6835601968503937
21
1.4355886614173228
0
LINE
8
BLACK
6
CONTINUOUS
10
0.6835601968503937
20
1.4355886614173228
11
0.6833666535433071
21
1.4360269291338583
0
LINE
8
BLACK
6
CONTINUOUS
10
0.6833666535433071
20
1.4360269291338583
11
0.6827253543307087
21
1.4369867322834646
0
LINE
8
BLACK
6
CONTINUOUS
10
0.6827253543307087
20
1.4369867322834646
11
0.6825470078740158
21
1.4378832283464567
0
LINE
8
BLACK
6
CONTINUOUS
10
0.6825470078740158
20
1.4378832283464567
11
0.682344842519685
21
1.4383411417322833
0
LINE
8
BLACK
6
CONTINUOUS
10
0.682344842519685
20
1.4383411417322833
11
0.6821893307086614
21
1.4396814173228347
0
LINE
8
BLACK
6
CONTINUOUS
10
0.6821893307086614
20
1.4396814173228347
11
0.6821259842519685
21
1.4399999999999999
0
LINE
8
BLACK
6
CONTINUOUS
10
0.6821259842519685
20
1.4399999999999999
11
0.6821259842519685
21
1.5
0
LINE
8
BLACK
6
CONTINUOUS
10
0.6821259842519685
20
1.5
11
0.6821893700787401
21
1.5003187007874015
0
LINE
8
BLACK
6
CONTINUOUS
10
0.6821893700787401
20
1.5003187007874015
11
0.682344842519685
21
1.5016588188976379
0
LINE
8
BLACK
6
CONTINUOUS
10
0.682344842519685
20
1.5016588188976379
11
0.6825470078740158
21
1.5021166929133858
0
LINE
8
BLACK
6
CONTINUOUS
10
0.6825470078740158
20
1.5021166929133858
11
0.6827253543307087
21
1.5030132677165353
0
LINE
8
BLACK
6
CONTINUOUS
10
0.6827253543307087
20
1.5030132677165353
11
0.6833666929133858
21
1.5039731102362204
0
LINE
8
BLACK
6
CONTINUOUS
10
0.6833666929133858
20
1.5039731102362204
11
0.6835601968503937
21
1.5044112992125984
0
LINE
8
BLACK
6
CONTINUOUS
10
0.6835601968503937
20
1.5044112992125984
11
0.6838594881889763
21
1.5047105905511811
0
LINE
8
BLACK
6
CONTINUOUS
10
0.6838594881889763
20
1.5047105905511811
11
0.6844322440944882
21
1.5055677559055118
0
LINE
8
BLACK
6
CONTINUOUS
10
0.6844322440944882
20
1.5055677559055118
11
0.6852893700787401
21
1.5061404724409448
0
LINE
8
BLACK
6
CONTINUOUS
10
0.6852893700787401
20
1.5061404724409448
11
0.6855886614173228
21
1.5064397637795275
0
LINE
8
BLACK
6
CONTINUOUS
10
0.6855886614173228
20
1.5064397637795275
11
0.6860267716535433
21
1.506633188976378
0
LINE
8
BLACK
6
CONTINUOUS
10
0.6860267716535433
20
1.506633188976378
11
0.6869867322834645
21
1.5072746456692914
0
LINE
8
BLACK
6
CONTINUOUS
10
0.6869867322834645
20
1.5072746456692914
11
0.6878833858267717
21
1.5074529921259843
0
LINE
8
BLACK
6
CONTINUOUS
10
0.6878833858267717
20
1.5074529921259843
11
0.6883411417322834
21
1.5076551181102362
0
LINE
8
BLACK
6
CONTINUOUS
10
0.6883411417322834
20
1.5076551181102362
11
0.6896809448818898
21
1.5078105511811024
0
LINE
8
BLACK
6
CONTINUOUS
10
0.6896809448818898
20
1.5078105511811024
11
0.6899999999999999
21
1.5078740157480315
0
LINE
8
BLACK
6
CONTINUOUS
10
0.6899999999999999
20
1.5078740157480315
11
0.75
21
1.5078740157480315
0
LINE
8
BLACK
6
CONTINUOUS
10
0.75
20
1.5078740157480315
11
0.7503191732283464
21
1.5078105118110237
  0
ENDSEC
  0
EOF
