  0
SECTION
  2
HEADER
  9
$ANGBASE
  50
0.0
  9
$ANGDIR
  70
1
  9
$MEASUREMENT
  70
0
  0
ENDSEC
  0
SECTION
  2
TABLES
  0
TABLE
  2
LTYPE
  70
4
  0
LTYPE
  5
40F
  2
CONTINUOUS
  70
0
  3
Solid line
  72
65
  73
0
  40
0.0
  0
LTYPE
  5
410
  2
DASHDOT
 70
0
  3
Dash Dot ____ _ ____ _
 72
65
 73
4
 40
2.0
 49
1.25
 49
-0.25
 49
0.25
 49
-0.25
  0
LTYPE
  5
411
  2
DASHED
 70
0
  3
Dashed __ __ __ __ __
 72
65
 73
2
 40
0.75
 49
0.5
 49
-0.25
  0
LTYPE
  5
43B
  2
DOTTED
 70
0
  3
Dotted .  .  .  .
 72
65
 73
2
 40
0.2
 49
0.0
 49
-0.2
  0
ENDTAB
  0
TABLE
  2
STYLE
  70
4
  0
STYLE
  2
KICAD
  70
0
  40
0
  41
1
  42
1
  50
0
  71
0
  3
isocp.shx
  0
STYLE
  2
KICADB
  70
0
  40
0
  41
1
  42
1
  50
0
  71
0
  3
isocp.shx
  0
STYLE
  2
KICADI
  70
0
  40
0
  41
1
  42
1
  50
15
  71
0
  3
isocp.shx
  0
STYLE
  2
KICADBI
  70
0
  40
0
  41
1
  42
1
  50
15
  71
0
  3
isocp.shx
  0
ENDTAB
  0
TABLE
  2
LAYER
  70
1
  0
LAYER
  2
BLACK
  70
0
  62
7
  6
CONTINUOUS
  0
ENDTAB
  0
ENDSEC
  0
SECTION
  2
ENTITIES
0
LINE
8
BLACK
6
CONTINUOUS
10
0.8819685039370079
20
0.73
11
0.9479452755905512
21
0.73
0
LINE
8
BLACK
6
CONTINUOUS
10
0.9479452755905512
20
0.73
11
0.9506272047244094
21
0.7292125196850393
0
LINE
8
BLACK
6
CONTINUOUS
10
0.9506272047244094
20
0.7292125196850393
11
0.9514529527559055
21
0.7285470472440945
0
LINE
8
BLACK
6
CONTINUOUS
10
0.9514529527559055
20
0.7285470472440945
11
0.9985470472440945
21
0.6814529527559055
0
LINE
8
BLACK
6
CONTINUOUS
10
0.9985470472440945
20
0.6814529527559055
11
0.9998866535433071
21
0.6789997244094488
0
LINE
8
BLACK
6
CONTINUOUS
10
0.9998866535433071
20
0.6789997244094488
11
1.
21
0.6779452755905512
0
LINE
8
BLACK
6
CONTINUOUS
10
1.
20
0.6779452755905512
11
1.
21
0.4699999212598425
0
LINE
8
BLACK
6
CONTINUOUS
10
1.
20
0.4699999212598425
11
1.0299999212598425
21
0.44
0
LINE
8
BLACK
6
CONTINUOUS
10
1.0299999212598425
20
0.44
11
1.03
21
0.44
0
LINE
8
BLACK
6
CONTINUOUS
10
1.03
20
0.44
11
1.1050393700787402
21
0.44
0
LINE
8
BLACK
6
CONTINUOUS
10
1.1050393700787402
20
0.44
11
1.1077212992125984
21
0.4392125196850394
0
LINE
8
BLACK
6
CONTINUOUS
10
1.1077212992125984
20
0.4392125196850394
11
1.1095517322834645
21
0.4371000787401575
0
LINE
8
BLACK
6
CONTINUOUS
10
1.1095517322834645
20
0.4371000787401575
11
1.1099999999999999
21
0.4350393700787402
0
LINE
8
BLACK
6
CONTINUOUS
10
1.1099999999999999
20
0.4350393700787402
11
1.1099999999999999
21
0.3120547244094488
0
LINE
8
BLACK
6
CONTINUOUS
10
1.1099999999999999
20
0.3120547244094488
11
1.1092125196850393
21
0.3093727952755905
0
LINE
8
BLACK
6
CONTINUOUS
10
1.1092125196850393
20
0.3093727952755905
11
1.1085472047244094
21
0.3085472047244094
0
LINE
8
BLACK
6
CONTINUOUS
10
1.1085472047244094
20
0.3085472047244094
11
1.0900000000000001
21
0.29
0
LINE
8
BLACK
6
CONTINUOUS
10
1.0900000000000001
20
0.29
11
1.0900000000000001
21
0.2899999606299212
0
LINE
8
BLACK
6
CONTINUOUS
10
1.0900000000000001
20
0.2899999606299212
11
1.0900000000000001
21
0.1149606299212598
0
LINE
8
BLACK
6
CONTINUOUS
10
1.0900000000000001
20
0.1149606299212598
11
1.0892125196850393
21
0.1122787007874016
0
LINE
8
BLACK
6
CONTINUOUS
10
1.0892125196850393
20
0.1122787007874016
11
1.0871000787401575
21
0.1104482677165354
0
LINE
8
BLACK
6
CONTINUOUS
10
1.0871000787401575
20
0.1104482677165354
11
1.0850393700787402
21
0.11
0
LINE
8
BLACK
6
CONTINUOUS
10
1.0850393700787402
20
0.11
11
1.0800000000000001
21
0.11
0
LINE
8
BLACK
6
CONTINUOUS
10
1.0800000000000001
20
0.11
11
1.02
21
0.11
0
LINE
8
BLACK
6
CONTINUOUS
10
1.02
20
0.11
11
0.9249606299212598
21
0.11
0
LINE
8
BLACK
6
CONTINUOUS
10
0.9249606299212598
20
0.11
11
0.9199999999999999
21
0.11
0
LINE
8
BLACK
6
CONTINUOUS
10
0.9199999999999999
20
0.11
11
0.9199999999999999
21
0.17
0
LINE
8
BLACK
6
CONTINUOUS
10
0.9199999999999999
20
0.17
11
0.9199999999999999
21
0.2779452362204725
0
LINE
8
BLACK
6
CONTINUOUS
10
0.9199999999999999
20
0.2779452362204725
11
0.9207874803149606
21
0.2806271653543307
0
LINE
8
BLACK
6
CONTINUOUS
10
0.9207874803149606
20
0.2806271653543307
11
0.9214529527559054
21
0.2814529133858268
0
LINE
8
BLACK
6
CONTINUOUS
10
0.9214529527559054
20
0.2814529133858268
11
0.9299999606299212
21
0.2899999212598425
0
LINE
8
BLACK
6
CONTINUOUS
10
0.9299999606299212
20
0.2899999212598425
11
0.9299999999999999
21
0.29
0
LINE
8
BLACK
6
CONTINUOUS
10
0.9299999999999999
20
0.29
11
0.9299999999999999
21
0.4655376377952756
0
LINE
8
BLACK
6
CONTINUOUS
10
0.9299999999999999
20
0.4655376377952756
11
0.9305387401574803
21
0.467785905511811
0
LINE
8
BLACK
6
CONTINUOUS
10
0.9305387401574803
20
0.467785905511811
11
0.9309693307086614
21
0.4686327952755905
0
LINE
8
BLACK
6
CONTINUOUS
10
0.9309693307086614
20
0.4686327952755905
11
0.9310550787401575
21
0.4688014173228346
0
LINE
8
BLACK
6
CONTINUOUS
10
0.9310550787401575
20
0.4688014173228346
11
0.931842559055118
21
0.4714833464566929
0
LINE
8
BLACK
6
CONTINUOUS
10
0.931842559055118
20
0.4714833464566929
11
0.9323425196850393
21
0.4749606299212598
0
LINE
8
BLACK
6
CONTINUOUS
10
0.9323425196850393
20
0.4749606299212598
11
0.9323425196850393
21
0.6350393700787401
0
LINE
8
BLACK
6
CONTINUOUS
10
0.9323425196850393
20
0.6350393700787401
11
0.9320604724409448
21
0.6376629133858267
0
LINE
8
BLACK
6
CONTINUOUS
10
0.9320604724409448
20
0.6376629133858267
11
0.9316122047244094
21
0.6397236220472441
0
LINE
8
BLACK
6
CONTINUOUS
10
0.9316122047244094
20
0.6397236220472441
11
0.9311694881889764
21
0.641267283464567
0
LINE
8
BLACK
6
CONTINUOUS
10
0.9311694881889764
20
0.641267283464567
11
0.9306785826771653
21
0.6421065748031496
0
LINE
8
BLACK
6
CONTINUOUS
10
0.9306785826771653
20
0.6421065748031496
11
0.9299999999999999
21
0.6446110236220473
0
LINE
8
BLACK
6
CONTINUOUS
10
0.9299999999999999
20
0.6446110236220473
11
0.9299999999999999
21
0.67
0
LINE
8
BLACK
6
CONTINUOUS
10
0.9299999999999999
20
0.67
11
0.91
21
0.6899999999999999
0
LINE
8
BLACK
6
CONTINUOUS
10
0.91
20
0.6899999999999999
11
0.8249606299212598
21
0.6899999999999999
0
LINE
8
BLACK
6
CONTINUOUS
10
0.8249606299212598
20
0.6899999999999999
11
0.8222787007874015
21
0.6907874803149606
0
LINE
8
BLACK
6
CONTINUOUS
10
0.8222787007874015
20
0.6907874803149606
11
0.8204482677165355
21
0.6928999212598425
0
LINE
8
BLACK
6
CONTINUOUS
10
0.8204482677165355
20
0.6928999212598425
11
0.82
21
0.6949606299212598
0
LINE
8
BLACK
6
CONTINUOUS
10
0.82
20
0.6949606299212598
11
0.82
21
0.697007874015748
0
LINE
8
BLACK
6
CONTINUOUS
10
0.82
20
0.697007874015748
11
0.8189763779527559
21
0.697007874015748
0
LINE
8
BLACK
6
CONTINUOUS
10
0.8189763779527559
20
0.697007874015748
11
0.8189763779527559
21
0.7088188976377953
0
LINE
8
BLACK
6
CONTINUOUS
10
0.8189763779527559
20
0.7088188976377953
11
0.82
21
0.7088188976377953
0
LINE
8
BLACK
6
CONTINUOUS
10
0.82
20
0.7088188976377953
11
0.82
21
0.7225984251968504
0
LINE
8
BLACK
6
CONTINUOUS
10
0.82
20
0.7225984251968504
11
0.8189763779527559
21
0.7225984251968504
0
LINE
8
BLACK
6
CONTINUOUS
10
0.8189763779527559
20
0.7225984251968504
11
0.8189763779527559
21
0.7344094488188976
0
LINE
8
BLACK
6
CONTINUOUS
10
0.8189763779527559
20
0.7344094488188976
11
0.8819685039370079
21
0.7344094488188976
0
LINE
8
BLACK
6
CONTINUOUS
10
0.8819685039370079
20
0.7344094488188976
11
0.8819685039370079
21
0.73
0
LINE
8
BLACK
6
CONTINUOUS
10
0.9175
20
0.6392774803149606
11
0.9177212992125984
21
0.6392125196850393
0
LINE
8
BLACK
6
CONTINUOUS
10
0.9177212992125984
20
0.6392125196850393
11
0.9195517322834645
21
0.6371000787401575
0
LINE
8
BLACK
6
CONTINUOUS
10
0.9195517322834645
20
0.6371000787401575
11
0.9199999999999999
21
0.6350393700787401
0
LINE
8
BLACK
6
CONTINUOUS
10
0.9199999999999999
20
0.6350393700787401
11
0.9199999999999999
21
0.4749606299212598
0
LINE
8
BLACK
6
CONTINUOUS
10
0.9199999999999999
20
0.4749606299212598
11
0.9192125196850394
21
0.4722787007874016
0
LINE
8
BLACK
6
CONTINUOUS
10
0.9192125196850394
20
0.4722787007874016
11
0.9171000787401574
21
0.4704482677165354
0
LINE
8
BLACK
6
CONTINUOUS
10
0.9171000787401574
20
0.4704482677165354
11
0.9150393700787401
21
0.47
0
LINE
8
BLACK
6
CONTINUOUS
10
0.9150393700787401
20
0.47
11
0.7578388582677165
21
0.47
0
LINE
8
BLACK
6
CONTINUOUS
10
0.7578388582677165
20
0.47
11
0.75
21
0.4621611417322835
0
LINE
8
BLACK
6
CONTINUOUS
10
0.75
20
0.4621611417322835
11
0.75
21
0.3449606299212598
0
LINE
8
BLACK
6
CONTINUOUS
10
0.75
20
0.3449606299212598
11
0.7492125196850393
21
0.3422787007874016
0
LINE
8
BLACK
6
CONTINUOUS
10
0.7492125196850393
20
0.3422787007874016
11
0.7471000787401575
21
0.3404482677165354
0
LINE
8
BLACK
6
CONTINUOUS
10
0.7471000787401575
20
0.3404482677165354
11
0.7450393700787401
21
0.34
0
LINE
8
BLACK
6
CONTINUOUS
10
0.7450393700787401
20
0.34
11
0.745
21
0.34
0
LINE
8
BLACK
6
CONTINUOUS
10
0.745
20
0.34
11
0.745
21
0.335
0
LINE
8
BLACK
6
CONTINUOUS
10
0.745
20
0.335
11
0.595
21
0.335
0
LINE
8
BLACK
6
CONTINUOUS
10
0.595
20
0.335
11
0.595
21
0.485
0
LINE
8
BLACK
6
CONTINUOUS
10
0.595
20
0.485
11
0.6550000393700788
21
0.485
0
LINE
8
BLACK
6
CONTINUOUS
10
0.6550000393700788
20
0.485
11
0.7099999606299212
21
0.5399999212598425
0
LINE
8
BLACK
6
CONTINUOUS
10
0.7099999606299212
20
0.5399999212598425
11
0.71
21
0.54
0
LINE
8
BLACK
6
CONTINUOUS
10
0.71
20
0.54
11
0.71
21
0.5407999999999999
0
LINE
8
BLACK
6
CONTINUOUS
10
0.71
20
0.5407999999999999
11
0.7098
21
0.5407999999999999
0
LINE
8
BLACK
6
CONTINUOUS
10
0.7098
20
0.5407999999999999
11
0.7098
21
0.6392
0
LINE
8
BLACK
6
CONTINUOUS
10
0.7098
20
0.6392
11
0.7124940157480315
21
0.6392
0
LINE
8
BLACK
6
CONTINUOUS
10
0.7124940157480315
20
0.6392
11
0.7128999212598425
21
0.6395517322834645
0
LINE
8
BLACK
6
CONTINUOUS
10
0.7128999212598425
20
0.6395517322834645
11
0.7149606299212599
21
0.64
0
LINE
8
BLACK
6
CONTINUOUS
10
0.7149606299212599
20
0.64
11
0.8825
21
0.64
0
LINE
8
BLACK
6
CONTINUOUS
10
0.8825
20
0.64
11
0.8825
21
0.6575
0
LINE
8
BLACK
6
CONTINUOUS
10
0.8825
20
0.6575
11
0.9175
21
0.6575
0
LINE
8
BLACK
6
CONTINUOUS
10
0.9175
20
0.6575
11
0.9175
21
0.6392774803149606
0
LINE
8
BLACK
6
CONTINUOUS
10
1.0448664173228346
20
0.534977283464567
11
1.0492564566929135
21
0.5327404330708662
0
LINE
8
BLACK
6
CONTINUOUS
10
1.0492564566929135
20
0.5327404330708662
11
1.0527404330708661
21
0.5292564566929133
0
LINE
8
BLACK
6
CONTINUOUS
10
1.0527404330708661
20
0.5292564566929133
11
1.054977283464567
21
0.5248664173228347
0
LINE
8
BLACK
6
CONTINUOUS
10
1.054977283464567
20
0.5248664173228347
11
1.055748031496063
21
0.52
0
LINE
8
BLACK
6
CONTINUOUS
10
1.055748031496063
20
0.52
11
1.0553520866141732
21
0.5175
0
LINE
8
BLACK
6
CONTINUOUS
10
1.0553520866141732
20
0.5175
11
1.0800000000000001
21
0.5175
0
LINE
8
BLACK
6
CONTINUOUS
10
1.0800000000000001
20
0.5175
11
1.0800000000000001
21
0.4825
0
LINE
8
BLACK
6
CONTINUOUS
10
1.0800000000000001
20
0.4825
11
1.0249999999999999
21
0.4825
0
LINE
8
BLACK
6
CONTINUOUS
10
1.0249999999999999
20
0.4825
11
1.0249999999999999
21
0.5152770078740158
0
LINE
8
BLACK
6
CONTINUOUS
10
1.0249999999999999
20
0.5152770078740158
11
1.0242519685039371
21
0.52
0
LINE
8
BLACK
6
CONTINUOUS
10
1.0242519685039371
20
0.52
11
1.0250227165354331
21
0.5248664173228347
0
LINE
8
BLACK
6
CONTINUOUS
10
1.0250227165354331
20
0.5248664173228347
11
1.0272595669291338
21
0.5292564566929133
0
LINE
8
BLACK
6
CONTINUOUS
10
1.0272595669291338
20
0.5292564566929133
11
1.0307435433070866
21
0.5327404330708662
0
LINE
8
BLACK
6
CONTINUOUS
10
1.0307435433070866
20
0.5327404330708662
11
1.0351335826771653
21
0.534977283464567
0
LINE
8
BLACK
6
CONTINUOUS
10
1.0351335826771653
20
0.534977283464567
11
1.04
21
0.535748031496063
0
LINE
8
BLACK
6
CONTINUOUS
10
1.04
20
0.535748031496063
11
1.0448664173228346
21
0.534977283464567
0
LINE
8
BLACK
6
CONTINUOUS
10
1.0406272047244094
20
0.7892125196850394
11
1.0414529527559055
21
0.7885470472440945
0
LINE
8
BLACK
6
CONTINUOUS
10
1.0414529527559055
20
0.7885470472440945
11
1.0885470472440946
21
0.7414529527559055
0
LINE
8
BLACK
6
CONTINUOUS
10
1.0885470472440946
20
0.7414529527559055
11
1.0898866535433072
21
0.7389997244094488
0
LINE
8
BLACK
6
CONTINUOUS
10
1.0898866535433072
20
0.7389997244094488
11
1.0900000000000001
21
0.7379452755905511
0
LINE
8
BLACK
6
CONTINUOUS
10
1.0900000000000001
20
0.7379452755905511
11
1.0900000000000001
21
0.6599999212598425
0
LINE
8
BLACK
6
CONTINUOUS
10
1.0900000000000001
20
0.6599999212598425
11
1.1199999212598426
21
0.63
0
LINE
8
BLACK
6
CONTINUOUS
10
1.1199999212598426
20
0.63
11
1.1199999999999999
21
0.63
0
LINE
8
BLACK
6
CONTINUOUS
10
1.1199999999999999
20
0.63
11
1.25
21
0.63
0
LINE
8
BLACK
6
CONTINUOUS
10
1.25
20
0.63
11
1.2785470866141733
21
0.6585470866141732
0
LINE
8
BLACK
6
CONTINUOUS
10
1.2785470866141733
20
0.6585470866141732
11
1.2810002755905512
21
0.6598866141732284
0
LINE
8
BLACK
6
CONTINUOUS
10
1.2810002755905512
20
0.6598866141732284
11
1.2820547244094489
21
0.66
0
LINE
8
BLACK
6
CONTINUOUS
10
1.2820547244094489
20
0.66
11
1.4750393700787401
21
0.66
0
LINE
8
BLACK
6
CONTINUOUS
10
1.4750393700787401
20
0.66
11
1.48
21
0.66
0
LINE
8
BLACK
6
CONTINUOUS
10
1.48
20
0.66
11
1.48
21
0.6550393700787401
0
LINE
8
BLACK
6
CONTINUOUS
10
1.48
20
0.6550393700787401
11
1.48
21
0.5599999999999999
0
LINE
8
BLACK
6
CONTINUOUS
10
1.48
20
0.5599999999999999
11
1.48
21
0.5
0
LINE
8
BLACK
6
CONTINUOUS
10
1.48
20
0.5
11
1.4199999999999999
21
0.5
0
LINE
8
BLACK
6
CONTINUOUS
10
1.4199999999999999
20
0.5
11
1.3799999999999999
21
0.5
0
LINE
8
BLACK
6
CONTINUOUS
10
1.3799999999999999
20
0.5
11
1.3200000000000001
21
0.5
0
LINE
8
BLACK
6
CONTINUOUS
10
1.3200000000000001
20
0.5
11
1.1220547244094488
21
0.5
0
LINE
8
BLACK
6
CONTINUOUS
10
1.1220547244094488
20
0.5
11
1.1193727952755905
21
0.5007874803149606
0
LINE
8
BLACK
6
CONTINUOUS
10
1.1193727952755905
20
0.5007874803149606
11
1.1185470472440944
21
0.5014529527559055
0
LINE
8
BLACK
6
CONTINUOUS
10
1.1185470472440944
20
0.5014529527559055
11
1.0625
21
0.5575
0
LINE
8
BLACK
6
CONTINUOUS
10
1.0625
20
0.5575
11
1.0249999999999999
21
0.5575
0
LINE
8
BLACK
6
CONTINUOUS
10
1.0249999999999999
20
0.5575
11
1.0249999999999999
21
0.5925
0
LINE
8
BLACK
6
CONTINUOUS
10
1.0249999999999999
20
0.5925
11
1.0275000000000001
21
0.5925
0
LINE
8
BLACK
6
CONTINUOUS
10
1.0275000000000001
20
0.5925
11
1.0137954724409448
21
0.6062045275590551
0
LINE
8
BLACK
6
CONTINUOUS
10
1.0137954724409448
20
0.6062045275590551
11
1.0124558661417322
21
0.6086577559055117
0
LINE
8
BLACK
6
CONTINUOUS
10
1.0124558661417322
20
0.6086577559055117
11
1.0123425196850393
21
0.6097122047244095
0
LINE
8
BLACK
6
CONTINUOUS
10
1.0123425196850393
20
0.6097122047244095
11
1.0123425196850393
21
0.6779457086614173
0
LINE
8
BLACK
6
CONTINUOUS
10
1.0123425196850393
20
0.6779457086614173
11
1.0122718503937007
21
0.679263779527559
0
LINE
8
BLACK
6
CONTINUOUS
10
1.0122718503937007
20
0.679263779527559
11
1.0122716929133857
21
0.6792656299212598
0
LINE
8
BLACK
6
CONTINUOUS
10
1.0122716929133857
20
0.6792656299212598
11
1.0121583858267715
21
0.6803194488188976
0
LINE
8
BLACK
6
CONTINUOUS
10
1.0121583858267715
20
0.6803194488188976
11
1.0121247244094489
21
0.6806018897637796
0
LINE
8
BLACK
6
CONTINUOUS
10
1.0121247244094489
20
0.6806018897637796
11
1.0121246850393701
21
0.6806023622047244
0
LINE
8
BLACK
6
CONTINUOUS
10
1.0121246850393701
20
0.6806023622047244
11
1.0107193307086615
21
0.6849149999999999
0
LINE
8
BLACK
6
CONTINUOUS
10
1.0107193307086615
20
0.6849149999999999
11
1.0106068897637794
21
0.6851208661417323
0
LINE
8
BLACK
6
CONTINUOUS
10
1.0106068897637794
20
0.6851208661417323
11
1.01
21
0.6874984251968503
0
LINE
8
BLACK
6
CONTINUOUS
10
1.01
20
0.6874984251968503
11
1.01
21
0.72
0
LINE
8
BLACK
6
CONTINUOUS
10
1.01
20
0.72
11
0.99
21
0.74
0
LINE
8
BLACK
6
CONTINUOUS
10
0.99
20
0.74
11
0.9573682283464566
21
0.74
0
LINE
8
BLACK
6
CONTINUOUS
10
0.9573682283464566
20
0.74
11
0.9551199212598425
21
0.7405387795275591
0
LINE
8
BLACK
6
CONTINUOUS
10
0.9551199212598425
20
0.7405387795275591
11
0.9548411811023622
21
0.7406804724409448
0
LINE
8
BLACK
6
CONTINUOUS
10
0.9548411811023622
20
0.7406804724409448
11
0.9541044881889763
21
0.7410550787401574
0
LINE
8
BLACK
6
CONTINUOUS
10
0.9541044881889763
20
0.7410550787401574
11
0.9514225590551181
21
0.7418425590551181
0
LINE
8
BLACK
6
CONTINUOUS
10
0.9514225590551181
20
0.7418425590551181
11
0.9514220866141732
21
0.7418425984251968
0
LINE
8
BLACK
6
CONTINUOUS
10
0.9514220866141732
20
0.7418425984251968
11
0.9514220472440945
21
0.7418426377952756
0
LINE
8
BLACK
6
CONTINUOUS
10
0.9514220472440945
20
0.7418426377952756
11
0.9503176377952756
21
0.7420014173228346
0
LINE
8
BLACK
6
CONTINUOUS
10
0.9503176377952756
20
0.7420014173228346
11
0.9479453543307086
21
0.7423424803149606
0
LINE
8
BLACK
6
CONTINUOUS
10
0.9479453543307086
20
0.7423424803149606
11
0.9479453149606299
21
0.7423425196850394
0
LINE
8
BLACK
6
CONTINUOUS
10
0.9479453149606299
20
0.7423425196850394
11
0.9479452755905512
21
0.7423425196850394
0
LINE
8
BLACK
6
CONTINUOUS
10
0.9479452755905512
20
0.7423425196850394
11
0.893266811023622
21
0.7423425196850394
0
LINE
8
BLACK
6
CONTINUOUS
10
0.893266811023622
20
0.7423425196850394
11
0.8905848818897638
21
0.74313
0
LINE
8
BLACK
6
CONTINUOUS
10
0.8905848818897638
20
0.74313
11
0.8897591338582677
21
0.7437954724409449
0
LINE
8
BLACK
6
CONTINUOUS
10
0.8897591338582677
20
0.7437954724409449
11
0.8889514566929133
21
0.7446031102362205
0
LINE
8
BLACK
6
CONTINUOUS
10
0.8889514566929133
20
0.7446031102362205
11
0.8889513779527559
21
0.7446031889763779
0
LINE
8
BLACK
6
CONTINUOUS
10
0.8889513779527559
20
0.7446031889763779
11
0.8847974409448819
21
0.7464373228346457
0
LINE
8
BLACK
6
CONTINUOUS
10
0.8847974409448819
20
0.7464373228346457
11
0.883782125984252
21
0.7465550787401575
0
LINE
8
BLACK
6
CONTINUOUS
10
0.883782125984252
20
0.7465550787401575
11
0.8837820866141732
21
0.7465551181102362
0
LINE
8
BLACK
6
CONTINUOUS
10
0.8837820866141732
20
0.7465551181102362
11
0.8837820472440945
21
0.7465551181102362
0
LINE
8
BLACK
6
CONTINUOUS
10
0.8837820472440945
20
0.7465551181102362
11
0.853065157480315
21
0.7465551181102362
0
LINE
8
BLACK
6
CONTINUOUS
10
0.853065157480315
20
0.7465551181102362
11
0.8519613779527558
21
0.7466794488188976
0
LINE
8
BLACK
6
CONTINUOUS
10
0.8519613779527558
20
0.7466794488188976
11
0.8518366535433071
21
0.7467079527559055
0
LINE
8
BLACK
6
CONTINUOUS
10
0.8518366535433071
20
0.7467079527559055
11
0.8500494881889764
21
0.7465740157480315
0
LINE
8
BLACK
6
CONTINUOUS
10
0.8500494881889764
20
0.7465740157480315
11
0.849981968503937
21
0.7465689763779527
0
LINE
8
BLACK
6
CONTINUOUS
10
0.849981968503937
20
0.7465689763779527
11
0.8496113385826771
21
0.7465551181102362
0
LINE
8
BLACK
6
CONTINUOUS
10
0.8496113385826771
20
0.7465551181102362
11
0.8249606299212598
21
0.7465551181102362
0
LINE
8
BLACK
6
CONTINUOUS
10
0.8249606299212598
20
0.7465551181102362
11
0.8222787007874015
21
0.7473425984251968
0
LINE
8
BLACK
6
CONTINUOUS
10
0.8222787007874015
20
0.7473425984251968
11
0.8215453149606299
21
0.7481889763779528
0
LINE
8
BLACK
6
CONTINUOUS
10
0.8215453149606299
20
0.7481889763779528
11
0.8189763779527559
21
0.7481889763779528
0
LINE
8
BLACK
6
CONTINUOUS
10
0.8189763779527559
20
0.7481889763779528
11
0.8189763779527559
21
0.76
0
LINE
8
BLACK
6
CONTINUOUS
10
0.8189763779527559
20
0.76
11
0.82
21
0.76
0
LINE
8
BLACK
6
CONTINUOUS
10
0.82
20
0.76
11
0.82
21
0.7737795275590551
0
LINE
8
BLACK
6
CONTINUOUS
10
0.82
20
0.7737795275590551
11
0.8189763779527559
21
0.7737795275590551
0
LINE
8
BLACK
6
CONTINUOUS
10
0.8189763779527559
20
0.7737795275590551
11
0.8189763779527559
21
0.7855905511811023
0
LINE
8
BLACK
6
CONTINUOUS
10
0.8189763779527559
20
0.7855905511811023
11
0.821531653543307
21
0.7855905511811023
0
LINE
8
BLACK
6
CONTINUOUS
10
0.821531653543307
20
0.7855905511811023
11
0.8228999212598425
21
0.7867761417322835
0
LINE
8
BLACK
6
CONTINUOUS
10
0.8228999212598425
20
0.7867761417322835
11
0.8249606299212598
21
0.7872244094488189
0
LINE
8
BLACK
6
CONTINUOUS
10
0.8249606299212598
20
0.7872244094488189
11
0.8837822834645669
21
0.7872244094488189
0
LINE
8
BLACK
6
CONTINUOUS
10
0.8837822834645669
20
0.7872244094488189
11
0.8847972834645669
21
0.7873421653543307
0
LINE
8
BLACK
6
CONTINUOUS
10
0.8847972834645669
20
0.7873421653543307
11
0.8847974803149606
21
0.7873422047244094
0
LINE
8
BLACK
6
CONTINUOUS
10
0.8847974803149606
20
0.7873422047244094
11
0.8893718897637795
21
0.7893620078740158
0
LINE
8
BLACK
6
CONTINUOUS
10
0.8893718897637795
20
0.7893620078740158
11
0.8893996456692913
21
0.7892990944881889
0
LINE
8
BLACK
6
CONTINUOUS
10
0.8893996456692913
20
0.7892990944881889
11
0.8915441732283464
21
0.7899978740157481
0
LINE
8
BLACK
6
CONTINUOUS
10
0.8915441732283464
20
0.7899978740157481
11
0.8916899212598425
21
0.79
0
LINE
8
BLACK
6
CONTINUOUS
10
0.8916899212598425
20
0.79
11
1.0379452755905512
21
0.79
0
LINE
8
BLACK
6
CONTINUOUS
10
1.0379452755905512
20
0.79
11
1.0406272047244094
21
0.7892125196850394
0
LINE
8
BLACK
6
CONTINUOUS
10
0.8819685039370079
20
0.7993700787401574
11
0.8189763779527559
21
0.7993700787401574
0
LINE
8
BLACK
6
CONTINUOUS
10
0.8189763779527559
20
0.7993700787401574
11
0.8189763779527559
21
0.8111811023622048
0
LINE
8
BLACK
6
CONTINUOUS
10
0.8189763779527559
20
0.8111811023622048
11
0.8819685039370079
21
0.8111811023622048
0
LINE
8
BLACK
6
CONTINUOUS
10
0.8819685039370079
20
0.8111811023622048
11
0.8819685039370079
21
0.7993700787401574
0
LINE
8
BLACK
6
CONTINUOUS
10
1.0606272047244094
20
0.9192125196850394
11
1.0614529527559056
21
0.9185470472440944
0
LINE
8
BLACK
6
CONTINUOUS
10
1.0614529527559056
20
0.9185470472440944
11
1.0999999212598426
21
0.88
0
LINE
8
BLACK
6
CONTINUOUS
10
1.0999999212598426
20
0.88
11
1.1499999999999999
21
0.88
0
LINE
8
BLACK
6
CONTINUOUS
10
1.1499999999999999
20
0.88
11
1.1499999999999999
21
0.82
0
LINE
8
BLACK
6
CONTINUOUS
10
1.1499999999999999
20
0.82
11
1.1450393700787402
21
0.82
0
LINE
8
BLACK
6
CONTINUOUS
10
1.1450393700787402
20
0.82
11
1.0800000000000001
21
0.82
0
LINE
8
BLACK
6
CONTINUOUS
10
1.0800000000000001
20
0.82
11
1.0614528740157481
21
0.8014528740157481
0
LINE
8
BLACK
6
CONTINUOUS
10
1.0614528740157481
20
0.8014528740157481
11
1.0589997244094489
21
0.8001133858267716
0
LINE
8
BLACK
6
CONTINUOUS
10
1.0589997244094489
20
0.8001133858267716
11
1.0579452755905512
21
0.7999999999999999
0
LINE
8
BLACK
6
CONTINUOUS
10
1.0579452755905512
20
0.7999999999999999
11
1.0473682283464567
21
0.7999999999999999
0
LINE
8
BLACK
6
CONTINUOUS
10
1.0473682283464567
20
0.7999999999999999
11
1.0451199212598425
21
0.800538779527559
0
LINE
8
BLACK
6
CONTINUOUS
10
1.0451199212598425
20
0.800538779527559
11
1.0448411811023621
21
0.8006804724409449
0
LINE
8
BLACK
6
CONTINUOUS
10
1.0448411811023621
20
0.8006804724409449
11
1.0441044881889763
21
0.8010550787401575
0
LINE
8
BLACK
6
CONTINUOUS
10
1.0441044881889763
20
0.8010550787401575
11
1.041422559055118
21
0.8018425590551181
0
LINE
8
BLACK
6
CONTINUOUS
10
1.041422559055118
20
0.8018425590551181
11
1.0414220866141732
21
0.8018425984251968
0
LINE
8
BLACK
6
CONTINUOUS
10
1.0414220866141732
20
0.8018425984251968
11
1.0414220472440945
21
0.8018426377952755
0
LINE
8
BLACK
6
CONTINUOUS
10
1.0414220472440945
20
0.8018426377952755
11
1.0403176377952756
21
0.8020014173228346
0
LINE
8
BLACK
6
CONTINUOUS
10
1.0403176377952756
20
0.8020014173228346
11
1.0379453543307087
21
0.8023424803149606
0
LINE
8
BLACK
6
CONTINUOUS
10
1.0379453543307087
20
0.8023424803149606
11
1.0379453149606299
21
0.8023425196850393
0
LINE
8
BLACK
6
CONTINUOUS
10
1.0379453149606299
20
0.8023425196850393
11
1.0379452755905512
21
0.8023425196850393
0
LINE
8
BLACK
6
CONTINUOUS
10
1.0379452755905512
20
0.8023425196850393
11
0.9097122047244094
21
0.8023425196850393
0
LINE
8
BLACK
6
CONTINUOUS
10
0.9097122047244094
20
0.8023425196850393
11
0.9070302755905512
21
0.80313
0
LINE
8
BLACK
6
CONTINUOUS
10
0.9070302755905512
20
0.80313
11
0.90620468503937
21
0.8037952755905512
0
LINE
8
BLACK
6
CONTINUOUS
10
0.90620468503937
20
0.8037952755905512
11
0.89
21
0.82
0
LINE
8
BLACK
6
CONTINUOUS
10
0.89
20
0.82
11
0.8899999606299213
21
0.82
0
LINE
8
BLACK
6
CONTINUOUS
10
0.8899999606299213
20
0.82
11
0.8894579921259842
21
0.820541968503937
0
LINE
8
BLACK
6
CONTINUOUS
10
0.8894579921259842
20
0.820541968503937
11
0.8890986614173229
21
0.8207820472440944
0
LINE
8
BLACK
6
CONTINUOUS
10
0.8890986614173229
20
0.8207820472440944
11
0.8887702755905511
21
0.8211104724409448
0
LINE
8
BLACK
6
CONTINUOUS
10
0.8887702755905511
20
0.8211104724409448
11
0.8847240551181103
21
0.8228970472440945
0
LINE
8
BLACK
6
CONTINUOUS
10
0.8847240551181103
20
0.8228970472440945
11
0.883734842519685
21
0.823011811023622
0
LINE
8
BLACK
6
CONTINUOUS
10
0.883734842519685
20
0.823011811023622
11
0.8249605905511811
21
0.8230117716535433
0
LINE
8
BLACK
6
CONTINUOUS
10
0.8249605905511811
20
0.8230117716535433
11
0.8222787007874015
21
0.8237992519685039
0
LINE
8
BLACK
6
CONTINUOUS
10
0.8222787007874015
20
0.8237992519685039
11
0.8212723622047244
21
0.8249606299212598
0
LINE
8
BLACK
6
CONTINUOUS
10
0.8212723622047244
20
0.8249606299212598
11
0.8189763779527559
21
0.8249606299212598
0
LINE
8
BLACK
6
CONTINUOUS
10
0.8189763779527559
20
0.8249606299212598
11
0.8189763779527559
21
0.8367716535433071
0
LINE
8
BLACK
6
CONTINUOUS
10
0.8189763779527559
20
0.8367716535433071
11
0.82
21
0.8367716535433071
0
LINE
8
BLACK
6
CONTINUOUS
10
0.82
20
0.8367716535433071
11
0.82
21
0.8505511811023622
0
LINE
8
BLACK
6
CONTINUOUS
10
0.82
20
0.8505511811023622
11
0.8189763779527559
21
0.8505511811023622
0
LINE
8
BLACK
6
CONTINUOUS
10
0.8189763779527559
20
0.8505511811023622
11
0.8189763779527559
21
0.8623622047244094
0
LINE
8
BLACK
6
CONTINUOUS
10
0.8189763779527559
20
0.8623622047244094
11
0.82
21
0.8623622047244094
0
LINE
8
BLACK
6
CONTINUOUS
10
0.82
20
0.8623622047244094
11
0.82
21
0.8761417322834646
0
LINE
8
BLACK
6
CONTINUOUS
10
0.82
20
0.8761417322834646
11
0.8189763779527559
21
0.8761417322834646
0
LINE
8
BLACK
6
CONTINUOUS
10
0.8189763779527559
20
0.8761417322834646
11
0.8189763779527559
21
0.8879527559055118
0
LINE
8
BLACK
6
CONTINUOUS
10
0.8189763779527559
20
0.8879527559055118
11
0.82
21
0.8879527559055118
0
LINE
8
BLACK
6
CONTINUOUS
10
0.82
20
0.8879527559055118
11
0.82
21
0.9017322834645669
0
LINE
8
BLACK
6
CONTINUOUS
10
0.82
20
0.9017322834645669
11
0.8189763779527559
21
0.9017322834645669
0
LINE
8
BLACK
6
CONTINUOUS
10
0.8189763779527559
20
0.9017322834645669
11
0.8189763779527559
21
0.9135433070866141
0
LINE
8
BLACK
6
CONTINUOUS
10
0.8189763779527559
20
0.9135433070866141
11
0.8211681889763779
21
0.9135433070866141
0
LINE
8
BLACK
6
CONTINUOUS
10
0.8211681889763779
20
0.9135433070866141
11
0.8228999212598425
21
0.9150438582677165
0
LINE
8
BLACK
6
CONTINUOUS
10
0.8228999212598425
20
0.9150438582677165
11
0.8249606299212598
21
0.915492125984252
0
LINE
8
BLACK
6
CONTINUOUS
10
0.8249606299212598
20
0.915492125984252
11
0.8837346062992126
21
0.915492125984252
0
LINE
8
BLACK
6
CONTINUOUS
10
0.8837346062992126
20
0.915492125984252
11
0.8837348818897638
21
0.9154921653543306
0
LINE
8
BLACK
6
CONTINUOUS
10
0.8837348818897638
20
0.9154921653543306
11
0.8847240157480315
21
0.9156068503937008
0
LINE
8
BLACK
6
CONTINUOUS
10
0.8847240157480315
20
0.9156068503937008
11
0.8847241732283464
21
0.9156069291338582
0
LINE
8
BLACK
6
CONTINUOUS
10
0.8847241732283464
20
0.9156069291338582
11
0.8887702362204725
21
0.9173934251968504
0
LINE
8
BLACK
6
CONTINUOUS
10
0.8887702362204725
20
0.9173934251968504
11
0.8893163385826771
21
0.9179395275590551
0
LINE
8
BLACK
6
CONTINUOUS
10
0.8893163385826771
20
0.9179395275590551
11
0.8899238582677165
21
0.9185470472440944
0
LINE
8
BLACK
6
CONTINUOUS
10
0.8899238582677165
20
0.9185470472440944
11
0.8923770078740157
21
0.9198866141732284
0
LINE
8
BLACK
6
CONTINUOUS
10
0.8923770078740157
20
0.9198866141732284
11
0.8934315354330709
21
0.9199999999999999
0
LINE
8
BLACK
6
CONTINUOUS
10
0.8934315354330709
20
0.9199999999999999
11
1.0579452755905512
21
0.9199999999999999
0
LINE
8
BLACK
6
CONTINUOUS
10
1.0579452755905512
20
0.9199999999999999
11
1.0606272047244094
21
0.9192125196850394
0
LINE
8
BLACK
6
CONTINUOUS
10
0.8819685039370079
20
0.9273228346456692
11
0.8189763779527559
21
0.9273228346456692
0
LINE
8
BLACK
6
CONTINUOUS
10
0.8189763779527559
20
0.9273228346456692
11
0.8189763779527559
21
0.9391338582677166
0
LINE
8
BLACK
6
CONTINUOUS
10
0.8189763779527559
20
0.9391338582677166
11
0.8819685039370079
21
0.9391338582677166
0
LINE
8
BLACK
6
CONTINUOUS
10
0.8819685039370079
20
0.9391338582677166
11
0.8819685039370079
21
0.9273228346456692
0
LINE
8
BLACK
6
CONTINUOUS
10
1.4750393700787401
20
1.0999999999999999
11
1.48
21
1.0999999999999999
0
LINE
8
BLACK
6
CONTINUOUS
10
1.48
20
1.0999999999999999
11
1.48
21
1.0950393700787402
0
LINE
8
BLACK
6
CONTINUOUS
10
1.48
20
1.0950393700787402
11
1.48
21
0.9349606299212598
0
LINE
8
BLACK
6
CONTINUOUS
10
1.48
20
0.9349606299212598
11
1.4792125196850394
21
0.9322787007874016
0
LINE
8
BLACK
6
CONTINUOUS
10
1.4792125196850394
20
0.9322787007874016
11
1.4771000787401574
21
0.9304482677165354
0
LINE
8
BLACK
6
CONTINUOUS
10
1.4771000787401574
20
0.9304482677165354
11
1.4750393700787401
21
0.9299999999999999
0
LINE
8
BLACK
6
CONTINUOUS
10
1.4750393700787401
20
0.9299999999999999
11
1.27
21
0.9299999999999999
0
LINE
8
BLACK
6
CONTINUOUS
10
1.27
20
0.9299999999999999
11
1.23
21
0.9299999999999999
0
LINE
8
BLACK
6
CONTINUOUS
10
1.23
20
0.9299999999999999
11
1.1720547244094488
21
0.9299999999999999
0
LINE
8
BLACK
6
CONTINUOUS
10
1.1720547244094488
20
0.9299999999999999
11
1.1693727952755906
21
0.9307874803149606
0
LINE
8
BLACK
6
CONTINUOUS
10
1.1693727952755906
20
0.9307874803149606
11
1.1685472047244094
21
0.9314527559055118
0
LINE
8
BLACK
6
CONTINUOUS
10
1.1685472047244094
20
0.9314527559055118
11
1.1637999606299212
21
0.9362
0
LINE
8
BLACK
6
CONTINUOUS
10
1.1637999606299212
20
0.9362
11
1.1447000000000001
21
0.9362
0
LINE
8
BLACK
6
CONTINUOUS
10
1.1447000000000001
20
0.9362
11
1.1447000000000001
21
0.95
0
LINE
8
BLACK
6
CONTINUOUS
10
1.1447000000000001
20
0.95
11
1.0474999999999999
21
0.95
0
LINE
8
BLACK
6
CONTINUOUS
10
1.0474999999999999
20
0.95
11
1.0474999999999999
21
0.9475
0
LINE
8
BLACK
6
CONTINUOUS
10
1.0474999999999999
20
0.9475
11
0.9924999999999999
21
0.9475
0
LINE
8
BLACK
6
CONTINUOUS
10
0.9924999999999999
20
0.9475
11
0.9924999999999999
21
0.95
0
LINE
8
BLACK
6
CONTINUOUS
10
0.9924999999999999
20
0.95
11
0.8884749606299213
21
0.95
0
LINE
8
BLACK
6
CONTINUOUS
10
0.8884749606299213
20
0.95
11
0.8864712992125984
21
0.9504226771653543
0
LINE
8
BLACK
6
CONTINUOUS
10
0.8864712992125984
20
0.9504226771653543
11
0.8852900787401574
21
0.9509441732283465
0
LINE
8
BLACK
6
CONTINUOUS
10
0.8852900787401574
20
0.9509441732283465
11
0.8847974409448819
21
0.9511617322834646
0
LINE
8
BLACK
6
CONTINUOUS
10
0.8847974409448819
20
0.9511617322834646
11
0.883782125984252
21
0.9512794881889763
0
LINE
8
BLACK
6
CONTINUOUS
10
0.883782125984252
20
0.9512794881889763
11
0.8837820866141732
21
0.9512795275590551
0
LINE
8
BLACK
6
CONTINUOUS
10
0.8837820866141732
20
0.9512795275590551
11
0.8837820472440945
21
0.9512795275590551
0
LINE
8
BLACK
6
CONTINUOUS
10
0.8837820472440945
20
0.9512795275590551
11
0.8249606299212598
21
0.9512795275590551
0
LINE
8
BLACK
6
CONTINUOUS
10
0.8249606299212598
20
0.9512795275590551
11
0.8222787007874015
21
0.9520670078740158
0
LINE
8
BLACK
6
CONTINUOUS
10
0.8222787007874015
20
0.9520670078740158
11
0.8215453149606299
21
0.9529133858267717
0
LINE
8
BLACK
6
CONTINUOUS
10
0.8215453149606299
20
0.9529133858267717
11
0.8189763779527559
21
0.9529133858267717
0
LINE
8
BLACK
6
CONTINUOUS
10
0.8189763779527559
20
0.9529133858267717
11
0.8189763779527559
21
0.9647244094488189
0
LINE
8
BLACK
6
CONTINUOUS
10
0.8189763779527559
20
0.9647244094488189
11
0.82
21
0.9647244094488189
0
LINE
8
BLACK
6
CONTINUOUS
10
0.82
20
0.9647244094488189
11
0.82
21
0.978503937007874
0
LINE
8
BLACK
6
CONTINUOUS
10
0.82
20
0.978503937007874
11
0.8189763779527559
21
0.978503937007874
0
LINE
8
BLACK
6
CONTINUOUS
10
0.8189763779527559
20
0.978503937007874
11
0.8189763779527559
21
0.9903149606299212
0
LINE
8
BLACK
6
CONTINUOUS
10
0.8189763779527559
20
0.9903149606299212
11
0.8819685039370079
21
0.9903149606299212
0
LINE
8
BLACK
6
CONTINUOUS
10
0.8819685039370079
20
0.9903149606299212
11
0.8819685039370079
21
0.99
0
LINE
8
BLACK
6
CONTINUOUS
10
0.8819685039370079
20
0.99
11
0.9399999999999999
21
0.99
0
LINE
8
BLACK
6
CONTINUOUS
10
0.9399999999999999
20
0.99
11
0.9585470866141732
21
1.0085470866141732
0
LINE
8
BLACK
6
CONTINUOUS
10
0.9585470866141732
20
1.0085470866141732
11
0.9610002755905511
21
1.0098866141732283
0
LINE
8
BLACK
6
CONTINUOUS
10
0.9610002755905511
20
1.0098866141732283
11
0.9620547244094488
21
1.01
0
LINE
8
BLACK
6
CONTINUOUS
10
0.9620547244094488
20
1.01
11
1.1447000000000001
21
1.01
0
LINE
8
BLACK
6
CONTINUOUS
10
1.1447000000000001
20
1.01
11
1.1447000000000001
21
1.0346
0
LINE
8
BLACK
6
CONTINUOUS
10
1.1447000000000001
20
1.0346
11
1.2353000000000001
21
1.0346
0
LINE
8
BLACK
6
CONTINUOUS
10
1.2353000000000001
20
1.0346
11
1.2353000000000001
21
1.01
0
LINE
8
BLACK
6
CONTINUOUS
10
1.2353000000000001
20
1.01
11
1.2500000393700788
21
1.01
0
LINE
8
BLACK
6
CONTINUOUS
10
1.2500000393700788
20
1.01
11
1.2699999606299213
21
1.0299999212598425
0
LINE
8
BLACK
6
CONTINUOUS
10
1.2699999606299213
20
1.0299999212598425
11
1.27
21
1.03
0
LINE
8
BLACK
6
CONTINUOUS
10
1.27
20
1.03
11
1.27
21
1.0679452755905512
0
LINE
8
BLACK
6
CONTINUOUS
10
1.27
20
1.0679452755905512
11
1.2707874803149606
21
1.0706272047244094
0
LINE
8
BLACK
6
CONTINUOUS
10
1.2707874803149606
20
1.0706272047244094
11
1.2714529527559055
21
1.0714529527559056
0
LINE
8
BLACK
6
CONTINUOUS
10
1.2714529527559055
20
1.0714529527559056
11
1.2985470472440945
21
1.0985470472440944
0
LINE
8
BLACK
6
CONTINUOUS
10
1.2985470472440945
20
1.0985470472440944
11
1.3010002755905512
21
1.0998866535433072
0
LINE
8
BLACK
6
CONTINUOUS
10
1.3010002755905512
20
1.0998866535433072
11
1.3020547244094487
21
1.0999999999999999
0
LINE
8
BLACK
6
CONTINUOUS
10
1.3020547244094487
20
1.0999999999999999
11
1.4750393700787401
21
1.0999999999999999
0
LINE
8
BLACK
6
CONTINUOUS
10
1.0877212992125984
20
1.4892125196850394
11
1.0895517322834645
21
1.4871000787401574
0
LINE
8
BLACK
6
CONTINUOUS
10
1.0895517322834645
20
1.4871000787401574
11
1.0900000000000001
21
1.4850393700787401
0
LINE
8
BLACK
6
CONTINUOUS
10
1.0900000000000001
20
1.4850393700787401
11
1.0900000000000001
21
1.3020547244094487
0
LINE
8
BLACK
6
CONTINUOUS
10
1.0900000000000001
20
1.3020547244094487
11
1.0892125196850393
21
1.2993727952755905
0
LINE
8
BLACK
6
CONTINUOUS
10
1.0892125196850393
20
1.2993727952755905
11
1.0885470472440946
21
1.2985470472440945
0
LINE
8
BLACK
6
CONTINUOUS
10
1.0885470472440946
20
1.2985470472440945
11
1.0714529527559056
21
1.2814529527559055
0
LINE
8
BLACK
6
CONTINUOUS
10
1.0714529527559056
20
1.2814529527559055
11
1.0689997244094489
21
1.2801133464566929
0
LINE
8
BLACK
6
CONTINUOUS
10
1.0689997244094489
20
1.2801133464566929
11
1.0679452755905512
21
1.28
0
LINE
8
BLACK
6
CONTINUOUS
10
1.0679452755905512
20
1.28
11
0.99
21
1.28
0
LINE
8
BLACK
6
CONTINUOUS
10
0.99
20
1.28
11
0.9899999212598425
21
1.2799999606299213
0
LINE
8
BLACK
6
CONTINUOUS
10
0.9899999212598425
20
1.2799999606299213
11
0.9399999999999999
21
1.2300000393700787
0
LINE
8
BLACK
6
CONTINUOUS
10
0.9399999999999999
20
1.2300000393700787
11
0.9399999999999999
21
1.0800000000000001
0
LINE
8
BLACK
6
CONTINUOUS
10
0.9399999999999999
20
1.0800000000000001
11
0.95
21
1.0800000000000001
0
LINE
8
BLACK
6
CONTINUOUS
10
0.95
20
1.0800000000000001
11
0.95
21
1.0249999999999999
0
LINE
8
BLACK
6
CONTINUOUS
10
0.95
20
1.0249999999999999
11
0.9399999999999999
21
1.0249999999999999
0
LINE
8
BLACK
6
CONTINUOUS
10
0.9399999999999999
20
1.0249999999999999
11
0.9399999999999999
21
1.0220547244094489
0
LINE
8
BLACK
6
CONTINUOUS
10
0.9399999999999999
20
1.0220547244094489
11
0.9392125196850394
21
1.0193727952755904
0
LINE
8
BLACK
6
CONTINUOUS
10
0.9392125196850394
20
1.0193727952755904
11
0.9385470472440944
21
1.0185470472440945
0
LINE
8
BLACK
6
CONTINUOUS
10
0.9385470472440944
20
1.0185470472440945
11
0.9316694881889763
21
1.0116694881889763
0
LINE
8
BLACK
6
CONTINUOUS
10
0.9316694881889763
20
1.0116694881889763
11
0.9292162598425197
21
1.0103298818897637
0
LINE
8
BLACK
6
CONTINUOUS
10
0.9292162598425197
20
1.0103298818897637
11
0.9281618110236221
21
1.0102165354330708
0
LINE
8
BLACK
6
CONTINUOUS
10
0.9281618110236221
20
1.0102165354330708
11
0.885247874015748
21
1.0102165354330708
0
LINE
8
BLACK
6
CONTINUOUS
10
0.885247874015748
20
1.0102165354330708
11
0.8847175984251968
21
1.0102449606299213
0
LINE
8
BLACK
6
CONTINUOUS
10
0.8847175984251968
20
1.0102449606299213
11
0.8838833858267716
21
1.0103346456692912
0
LINE
8
BLACK
6
CONTINUOUS
10
0.8838833858267716
20
1.0103346456692912
11
0.8819685039370079
21
1.0103346456692912
0
LINE
8
BLACK
6
CONTINUOUS
10
0.8819685039370079
20
1.0103346456692912
11
0.8819685039370079
21
1.0040944881889764
0
LINE
8
BLACK
6
CONTINUOUS
10
0.8819685039370079
20
1.0040944881889764
11
0.8504724409448818
21
1.0040944881889764
0
LINE
8
BLACK
6
CONTINUOUS
10
0.8504724409448818
20
1.0040944881889764
11
0.8189763779527559
21
1.0040944881889764
0
LINE
8
BLACK
6
CONTINUOUS
10
0.8189763779527559
20
1.0040944881889764
11
0.8189763779527559
21
1.0159055118110236
0
LINE
8
BLACK
6
CONTINUOUS
10
0.8189763779527559
20
1.0159055118110236
11
0.82
21
1.0159055118110236
0
LINE
8
BLACK
6
CONTINUOUS
10
0.82
20
1.0159055118110236
11
0.82
21
1.0296850393700787
0
LINE
8
BLACK
6
CONTINUOUS
10
0.82
20
1.0296850393700787
11
0.8189763779527559
21
1.0296850393700787
0
LINE
8
BLACK
6
CONTINUOUS
10
0.8189763779527559
20
1.0296850393700787
11
0.8189763779527559
21
1.0414960629921259
0
LINE
8
BLACK
6
CONTINUOUS
10
0.8189763779527559
20
1.0414960629921259
11
0.82
21
1.0414960629921259
0
LINE
8
BLACK
6
CONTINUOUS
10
0.82
20
1.0414960629921259
11
0.82
21
1.0679452362204724
0
LINE
8
BLACK
6
CONTINUOUS
10
0.82
20
1.0679452362204724
11
0.8207874803149606
21
1.0706271653543307
0
LINE
8
BLACK
6
CONTINUOUS
10
0.8207874803149606
20
1.0706271653543307
11
0.8214529527559055
21
1.0714529133858268
0
LINE
8
BLACK
6
CONTINUOUS
10
0.8214529527559055
20
1.0714529133858268
11
0.8399999606299212
21
1.0899999212598426
0
LINE
8
BLACK
6
CONTINUOUS
10
0.8399999606299212
20
1.0899999212598426
11
0.84
21
1.0900000000000001
0
LINE
8
BLACK
6
CONTINUOUS
10
0.84
20
1.0900000000000001
11
0.84
21
1.2279452362204724
0
LINE
8
BLACK
6
CONTINUOUS
10
0.84
20
1.2279452362204724
11
0.8407874803149606
21
1.2306271653543306
0
LINE
8
BLACK
6
CONTINUOUS
10
0.8407874803149606
20
1.2306271653543306
11
0.8414529527559055
21
1.2314529133858267
0
LINE
8
BLACK
6
CONTINUOUS
10
0.8414529527559055
20
1.2314529133858267
11
0.9099999606299213
21
1.2999999212598425
0
LINE
8
BLACK
6
CONTINUOUS
10
0.9099999606299213
20
1.2999999212598425
11
0.91
21
1.3
0
LINE
8
BLACK
6
CONTINUOUS
10
0.91
20
1.3
11
0.91
21
1.4850393700787401
0
LINE
8
BLACK
6
CONTINUOUS
10
0.91
20
1.4850393700787401
11
0.9107874803149606
21
1.4877212992125983
0
LINE
8
BLACK
6
CONTINUOUS
10
0.9107874803149606
20
1.4877212992125983
11
0.9128999212598425
21
1.4895517322834646
0
LINE
8
BLACK
6
CONTINUOUS
10
0.9128999212598425
20
1.4895517322834646
11
0.9149606299212598
21
1.49
0
LINE
8
BLACK
6
CONTINUOUS
10
0.9149606299212598
20
1.49
11
1.0850393700787402
21
1.49
0
LINE
8
BLACK
6
CONTINUOUS
10
1.0850393700787402
20
1.49
11
1.0877212992125984
21
1.4892125196850394
0
LINE
8
BLACK
6
CONTINUOUS
10
1.0249999999999999
20
1.0584055118110236
11
1.0368259842519685
21
1.0584055118110236
0
LINE
8
BLACK
6
CONTINUOUS
10
1.0368259842519685
20
1.0584055118110236
11
1.0372595669291338
21
1.0592564566929135
0
LINE
8
BLACK
6
CONTINUOUS
10
1.0372595669291338
20
1.0592564566929135
11
1.0407435433070866
21
1.0627404330708661
0
LINE
8
BLACK
6
CONTINUOUS
10
1.0407435433070866
20
1.0627404330708661
11
1.0451335826771653
21
1.064977283464567
0
LINE
8
BLACK
6
CONTINUOUS
10
1.0451335826771653
20
1.064977283464567
11
1.05
21
1.065748031496063
0
LINE
8
BLACK
6
CONTINUOUS
10
1.05
20
1.065748031496063
11
1.0548664173228346
21
1.064977283464567
0
LINE
8
BLACK
6
CONTINUOUS
10
1.0548664173228346
20
1.064977283464567
11
1.0592564566929135
21
1.0627404330708661
0
LINE
8
BLACK
6
CONTINUOUS
10
1.0592564566929135
20
1.0627404330708661
11
1.0627404330708661
21
1.0592564566929135
0
LINE
8
BLACK
6
CONTINUOUS
10
1.0627404330708661
20
1.0592564566929135
11
1.064977283464567
21
1.0548664173228346
0
LINE
8
BLACK
6
CONTINUOUS
10
1.064977283464567
20
1.0548664173228346
11
1.065748031496063
21
1.05
0
LINE
8
BLACK
6
CONTINUOUS
10
1.065748031496063
20
1.05
11
1.064977283464567
21
1.0451335826771653
0
LINE
8
BLACK
6
CONTINUOUS
10
1.064977283464567
20
1.0451335826771653
11
1.0627404330708661
21
1.0407435433070866
0
LINE
8
BLACK
6
CONTINUOUS
10
1.0627404330708661
20
1.0407435433070866
11
1.0592564566929135
21
1.0372595669291338
0
LINE
8
BLACK
6
CONTINUOUS
10
1.0592564566929135
20
1.0372595669291338
11
1.0548664173228346
21
1.0350227165354331
0
LINE
8
BLACK
6
CONTINUOUS
10
1.0548664173228346
20
1.0350227165354331
11
1.05
21
1.0342519685039371
0
LINE
8
BLACK
6
CONTINUOUS
10
1.05
20
1.0342519685039371
11
1.0451335826771653
21
1.0350227165354331
0
LINE
8
BLACK
6
CONTINUOUS
10
1.0451335826771653
20
1.0350227165354331
11
1.0407435433070866
21
1.0372595669291338
0
LINE
8
BLACK
6
CONTINUOUS
10
1.0407435433070866
20
1.0372595669291338
11
1.0372595669291338
21
1.0407435433070866
0
LINE
8
BLACK
6
CONTINUOUS
10
1.0372595669291338
20
1.0407435433070866
11
1.0350227165354331
21
1.0451335826771653
0
LINE
8
BLACK
6
CONTINUOUS
10
1.0350227165354331
20
1.0451335826771653
11
1.0347913385826772
21
1.0465944881889764
0
LINE
8
BLACK
6
CONTINUOUS
10
1.0347913385826772
20
1.0465944881889764
11
1.0249999999999999
21
1.0465944881889764
0
LINE
8
BLACK
6
CONTINUOUS
10
1.0249999999999999
20
1.0465944881889764
11
1.0249999999999999
21
1.0249999999999999
0
LINE
8
BLACK
6
CONTINUOUS
10
1.0249999999999999
20
1.0249999999999999
11
0.99
21
1.0249999999999999
0
LINE
8
BLACK
6
CONTINUOUS
10
0.99
20
1.0249999999999999
11
0.99
21
1.0800000000000001
0
LINE
8
BLACK
6
CONTINUOUS
10
0.99
20
1.0800000000000001
11
1.0249999999999999
21
1.0800000000000001
0
LINE
8
BLACK
6
CONTINUOUS
10
1.0249999999999999
20
1.0800000000000001
11
1.0249999999999999
21
1.0584055118110236
0
LINE
8
BLACK
6
CONTINUOUS
10
0.745
20
0.1381496062992126
11
0.595
21
0.1381496062992126
0
LINE
8
BLACK
6
CONTINUOUS
10
0.595
20
0.1381496062992126
11
0.595
21
0.2881496062992126
0
LINE
8
BLACK
6
CONTINUOUS
10
0.595
20
0.2881496062992126
11
0.745
21
0.2881496062992126
0
LINE
8
BLACK
6
CONTINUOUS
10
0.745
20
0.2881496062992126
11
0.745
21
0.1381496062992126
0
LINE
8
BLACK
6
CONTINUOUS
10
0.3675
20
0.5725
11
0.3325
21
0.5725
0
LINE
8
BLACK
6
CONTINUOUS
10
0.3325
20
0.5725
11
0.3325
21
0.5940944881889764
0
LINE
8
BLACK
6
CONTINUOUS
10
0.3325
20
0.5940944881889764
11
0.3124461417322835
21
0.5940944881889764
0
LINE
8
BLACK
6
CONTINUOUS
10
0.3124461417322835
20
0.5940944881889764
11
0.28
21
0.5616483464566929
0
LINE
8
BLACK
6
CONTINUOUS
10
0.28
20
0.5616483464566929
11
0.28
21
0.51
0
LINE
8
BLACK
6
CONTINUOUS
10
0.28
20
0.51
11
0.22
21
0.51
0
LINE
8
BLACK
6
CONTINUOUS
10
0.22
20
0.51
11
0.22
21
0.5340944881889763
0
LINE
8
BLACK
6
CONTINUOUS
10
0.22
20
0.5340944881889763
11
0.18
21
0.5340944881889763
0
LINE
8
BLACK
6
CONTINUOUS
10
0.18
20
0.5340944881889763
11
0.18
21
0.51
0
LINE
8
BLACK
6
CONTINUOUS
10
0.18
20
0.51
11
0.12
21
0.51
0
LINE
8
BLACK
6
CONTINUOUS
10
0.12
20
0.51
11
0.12
21
0.57
0
LINE
8
BLACK
6
CONTINUOUS
10
0.12
20
0.57
11
0.18
21
0.57
0
LINE
8
BLACK
6
CONTINUOUS
10
0.18
20
0.57
11
0.18
21
0.5459055118110236
0
LINE
8
BLACK
6
CONTINUOUS
10
0.18
20
0.5459055118110236
11
0.22
21
0.5459055118110236
0
LINE
8
BLACK
6
CONTINUOUS
10
0.22
20
0.5459055118110236
11
0.22
21
0.57
0
LINE
8
BLACK
6
CONTINUOUS
10
0.22
20
0.57
11
0.2716483464566929
21
0.57
0
LINE
8
BLACK
6
CONTINUOUS
10
0.2716483464566929
20
0.57
11
0.3058241732283464
21
0.6041758267716535
0
LINE
8
BLACK
6
CONTINUOUS
10
0.3058241732283464
20
0.6041758267716535
11
0.3064974409448819
21
0.6045645275590551
0
LINE
8
BLACK
6
CONTINUOUS
10
0.3064974409448819
20
0.6045645275590551
11
0.3070472440944882
21
0.6051143307086614
0
LINE
8
BLACK
6
CONTINUOUS
10
0.3070472440944882
20
0.6051143307086614
11
0.307798188976378
21
0.6053155511811024
0
LINE
8
BLACK
6
CONTINUOUS
10
0.307798188976378
20
0.6053155511811024
11
0.3084715354330709
21
0.6057042913385826
0
LINE
8
BLACK
6
CONTINUOUS
10
0.3084715354330709
20
0.6057042913385826
11
0.3092490157480315
21
0.6057042913385826
0
LINE
8
BLACK
6
CONTINUOUS
10
0.3092490157480315
20
0.6057042913385826
11
0.31
21
0.6059055118110236
0
LINE
8
BLACK
6
CONTINUOUS
10
0.31
20
0.6059055118110236
11
0.3325
21
0.6059055118110236
0
LINE
8
BLACK
6
CONTINUOUS
10
0.3325
20
0.6059055118110236
11
0.3325
21
0.6274999999999999
0
LINE
8
BLACK
6
CONTINUOUS
10
0.3325
20
0.6274999999999999
11
0.3675
21
0.6274999999999999
0
LINE
8
BLACK
6
CONTINUOUS
10
0.3675
20
0.6274999999999999
11
0.3675
21
0.5725
0
LINE
8
BLACK
6
CONTINUOUS
10
0.63
20
0.76
11
0.6614960629921259
21
0.76
0
LINE
8
BLACK
6
CONTINUOUS
10
0.6614960629921259
20
0.76
11
0.6614960629921259
21
0.7481889763779528
0
LINE
8
BLACK
6
CONTINUOUS
10
0.6614960629921259
20
0.7481889763779528
11
0.598503937007874
21
0.7481889763779528
0
LINE
8
BLACK
6
CONTINUOUS
10
0.598503937007874
20
0.7481889763779528
11
0.5715406299212599
21
0.7481889763779528
0
LINE
8
BLACK
6
CONTINUOUS
10
0.5715406299212599
20
0.7481889763779528
11
0.4425
21
0.6191483464566929
0
LINE
8
BLACK
6
CONTINUOUS
10
0.4425
20
0.6191483464566929
11
0.4425
21
0.5725
0
LINE
8
BLACK
6
CONTINUOUS
10
0.4425
20
0.5725
11
0.4075
21
0.5725
0
LINE
8
BLACK
6
CONTINUOUS
10
0.4075
20
0.5725
11
0.4075
21
0.6274999999999999
0
LINE
8
BLACK
6
CONTINUOUS
10
0.4075
20
0.6274999999999999
11
0.4341483464566929
21
0.6274999999999999
0
LINE
8
BLACK
6
CONTINUOUS
10
0.4341483464566929
20
0.6274999999999999
11
0.5649186614173228
21
0.7582703149606299
0
LINE
8
BLACK
6
CONTINUOUS
10
0.5649186614173228
20
0.7582703149606299
11
0.5655919291338583
21
0.7586590157480315
0
LINE
8
BLACK
6
CONTINUOUS
10
0.5655919291338583
20
0.7586590157480315
11
0.5661417322834645
21
0.7592088188976378
0
LINE
8
BLACK
6
CONTINUOUS
10
0.5661417322834645
20
0.7592088188976378
11
0.5668926771653543
21
0.7594100393700787
0
LINE
8
BLACK
6
CONTINUOUS
10
0.5668926771653543
20
0.7594100393700787
11
0.5675660236220472
21
0.759798779527559
0
LINE
8
BLACK
6
CONTINUOUS
10
0.5675660236220472
20
0.759798779527559
11
0.5683435039370078
21
0.759798779527559
0
LINE
8
BLACK
6
CONTINUOUS
10
0.5683435039370078
20
0.759798779527559
11
0.5690944881889763
21
0.76
0
LINE
8
BLACK
6
CONTINUOUS
10
0.5690944881889763
20
0.76
11
0.63
21
0.76
0
LINE
8
BLACK
6
CONTINUOUS
10
0.3675
20
0.6525
11
0.3325
21
0.6525
0
LINE
8
BLACK
6
CONTINUOUS
10
0.3325
20
0.6525
11
0.3325
21
0.6740944881889763
0
LINE
8
BLACK
6
CONTINUOUS
10
0.3325
20
0.6740944881889763
11
0.2924461417322834
21
0.6740944881889763
0
LINE
8
BLACK
6
CONTINUOUS
10
0.2924461417322834
20
0.6740944881889763
11
0.28
21
0.6616483464566929
0
LINE
8
BLACK
6
CONTINUOUS
10
0.28
20
0.6616483464566929
11
0.28
21
0.61
0
LINE
8
BLACK
6
CONTINUOUS
10
0.28
20
0.61
11
0.22
21
0.61
0
LINE
8
BLACK
6
CONTINUOUS
10
0.22
20
0.61
11
0.22
21
0.6340944881889764
0
LINE
8
BLACK
6
CONTINUOUS
10
0.22
20
0.6340944881889764
11
0.18
21
0.6340944881889764
0
LINE
8
BLACK
6
CONTINUOUS
10
0.18
20
0.6340944881889764
11
0.18
21
0.61
0
LINE
8
BLACK
6
CONTINUOUS
10
0.18
20
0.61
11
0.12
21
0.61
0
LINE
8
BLACK
6
CONTINUOUS
10
0.12
20
0.61
11
0.12
21
0.67
0
LINE
8
BLACK
6
CONTINUOUS
10
0.12
20
0.67
11
0.18
21
0.67
0
LINE
8
BLACK
6
CONTINUOUS
10
0.18
20
0.67
11
0.18
21
0.6459055118110236
0
LINE
8
BLACK
6
CONTINUOUS
10
0.18
20
0.6459055118110236
11
0.22
21
0.6459055118110236
0
LINE
8
BLACK
6
CONTINUOUS
10
0.22
20
0.6459055118110236
11
0.22
21
0.67
0
LINE
8
BLACK
6
CONTINUOUS
10
0.22
20
0.67
11
0.2716483464566929
21
0.67
0
LINE
8
BLACK
6
CONTINUOUS
10
0.2716483464566929
20
0.67
11
0.2858241732283465
21
0.6841758267716536
0
LINE
8
BLACK
6
CONTINUOUS
10
0.2858241732283465
20
0.6841758267716536
11
0.2864974409448819
21
0.6845645275590551
0
LINE
8
BLACK
6
CONTINUOUS
10
0.2864974409448819
20
0.6845645275590551
11
0.2870472440944882
21
0.6851143307086615
0
LINE
8
BLACK
6
CONTINUOUS
10
0.2870472440944882
20
0.6851143307086615
11
0.2877981889763779
21
0.6853155511811023
0
LINE
8
BLACK
6
CONTINUOUS
10
0.2877981889763779
20
0.6853155511811023
11
0.2884715354330709
21
0.6857042913385827
0
LINE
8
BLACK
6
CONTINUOUS
10
0.2884715354330709
20
0.6857042913385827
11
0.2892490157480315
21
0.6857042913385827
0
LINE
8
BLACK
6
CONTINUOUS
10
0.2892490157480315
20
0.6857042913385827
11
0.29
21
0.6859055118110237
0
LINE
8
BLACK
6
CONTINUOUS
10
0.29
20
0.6859055118110237
11
0.3325
21
0.6859055118110237
0
LINE
8
BLACK
6
CONTINUOUS
10
0.3325
20
0.6859055118110237
11
0.3325
21
0.7075
0
LINE
8
BLACK
6
CONTINUOUS
10
0.3325
20
0.7075
11
0.3675
21
0.7075
0
LINE
8
BLACK
6
CONTINUOUS
10
0.3675
20
0.7075
11
0.3675
21
0.6525
0
LINE
8
BLACK
6
CONTINUOUS
10
0.63
20
0.7855905511811023
11
0.6614960629921259
21
0.7855905511811023
0
LINE
8
BLACK
6
CONTINUOUS
10
0.6614960629921259
20
0.7855905511811023
11
0.6614960629921259
21
0.7737795275590551
0
LINE
8
BLACK
6
CONTINUOUS
10
0.6614960629921259
20
0.7737795275590551
11
0.598503937007874
21
0.7737795275590551
0
LINE
8
BLACK
6
CONTINUOUS
10
0.598503937007874
20
0.7737795275590551
11
0.5171311811023622
21
0.7737795275590551
0
LINE
8
BLACK
6
CONTINUOUS
10
0.5171311811023622
20
0.7737795275590551
11
0.4425
21
0.6991483464566929
0
LINE
8
BLACK
6
CONTINUOUS
10
0.4425
20
0.6991483464566929
11
0.4425
21
0.6525
0
LINE
8
BLACK
6
CONTINUOUS
10
0.4425
20
0.6525
11
0.4075
21
0.6525
0
LINE
8
BLACK
6
CONTINUOUS
10
0.4075
20
0.6525
11
0.4075
21
0.7075
0
LINE
8
BLACK
6
CONTINUOUS
10
0.4075
20
0.7075
11
0.4341483464566929
21
0.7075
0
LINE
8
BLACK
6
CONTINUOUS
10
0.4341483464566929
20
0.7075
11
0.5105092125984252
21
0.7838608661417322
0
LINE
8
BLACK
6
CONTINUOUS
10
0.5105092125984252
20
0.7838608661417322
11
0.5111824803149606
21
0.7842495669291338
0
LINE
8
BLACK
6
CONTINUOUS
10
0.5111824803149606
20
0.7842495669291338
11
0.5117322834645669
21
0.7847993700787401
0
LINE
8
BLACK
6
CONTINUOUS
10
0.5117322834645669
20
0.7847993700787401
11
0.5124832283464567
21
0.7850005905511811
0
LINE
8
BLACK
6
CONTINUOUS
10
0.5124832283464567
20
0.7850005905511811
11
0.5131565748031496
21
0.7853893307086613
0
LINE
8
BLACK
6
CONTINUOUS
10
0.5131565748031496
20
0.7853893307086613
11
0.5139340551181102
21
0.7853893307086613
0
LINE
8
BLACK
6
CONTINUOUS
10
0.5139340551181102
20
0.7853893307086613
11
0.5146850393700787
21
0.7855905511811023
0
LINE
8
BLACK
6
CONTINUOUS
10
0.5146850393700787
20
0.7855905511811023
11
0.63
21
0.7855905511811023
0
LINE
8
BLACK
6
CONTINUOUS
10
0.3675
20
0.7324999999999999
11
0.3325
21
0.7324999999999999
0
LINE
8
BLACK
6
CONTINUOUS
10
0.3325
20
0.7324999999999999
11
0.3325
21
0.7540944881889764
0
LINE
8
BLACK
6
CONTINUOUS
10
0.3325
20
0.7540944881889764
11
0.28
21
0.7540944881889764
0
LINE
8
BLACK
6
CONTINUOUS
10
0.28
20
0.7540944881889764
11
0.28
21
0.71
0
LINE
8
BLACK
6
CONTINUOUS
10
0.28
20
0.71
11
0.22
21
0.71
0
LINE
8
BLACK
6
CONTINUOUS
10
0.22
20
0.71
11
0.22
21
0.7340944881889764
0
LINE
8
BLACK
6
CONTINUOUS
10
0.22
20
0.7340944881889764
11
0.18
21
0.7340944881889764
0
LINE
8
BLACK
6
CONTINUOUS
10
0.18
20
0.7340944881889764
11
0.18
21
0.71
0
LINE
8
BLACK
6
CONTINUOUS
10
0.18
20
0.71
11
0.12
21
0.71
0
LINE
8
BLACK
6
CONTINUOUS
10
0.12
20
0.71
11
0.12
21
0.77
0
LINE
8
BLACK
6
CONTINUOUS
10
0.12
20
0.77
11
0.18
21
0.77
0
LINE
8
BLACK
6
CONTINUOUS
10
0.18
20
0.77
11
0.18
21
0.7459055118110236
0
LINE
8
BLACK
6
CONTINUOUS
10
0.18
20
0.7459055118110236
11
0.22
21
0.7459055118110236
0
LINE
8
BLACK
6
CONTINUOUS
10
0.22
20
0.7459055118110236
11
0.22
21
0.77
0
LINE
8
BLACK
6
CONTINUOUS
10
0.22
20
0.77
11
0.28
21
0.77
0
LINE
8
BLACK
6
CONTINUOUS
10
0.28
20
0.77
11
0.28
21
0.7659055118110236
0
LINE
8
BLACK
6
CONTINUOUS
10
0.28
20
0.7659055118110236
11
0.3325
21
0.7659055118110236
0
LINE
8
BLACK
6
CONTINUOUS
10
0.3325
20
0.7659055118110236
11
0.3325
21
0.7875
0
LINE
8
BLACK
6
CONTINUOUS
10
0.3325
20
0.7875
11
0.3675
21
0.7875
0
LINE
8
BLACK
6
CONTINUOUS
10
0.3675
20
0.7875
11
0.3675
21
0.7324999999999999
0
LINE
8
BLACK
6
CONTINUOUS
10
0.6614960629921259
20
0.7225984251968504
11
0.598503937007874
21
0.7225984251968504
0
LINE
8
BLACK
6
CONTINUOUS
10
0.598503937007874
20
0.7225984251968504
11
0.598503937007874
21
0.7344094488188976
0
LINE
8
BLACK
6
CONTINUOUS
10
0.598503937007874
20
0.7344094488188976
11
0.6614960629921259
21
0.7344094488188976
0
LINE
8
BLACK
6
CONTINUOUS
10
0.6614960629921259
20
0.7344094488188976
11
0.6614960629921259
21
0.7225984251968504
0
LINE
8
BLACK
6
CONTINUOUS
10
0.63
20
0.8111811023622048
11
0.6614960629921259
21
0.8111811023622048
0
LINE
8
BLACK
6
CONTINUOUS
10
0.6614960629921259
20
0.8111811023622048
11
0.6614960629921259
21
0.7993700787401574
0
LINE
8
BLACK
6
CONTINUOUS
10
0.6614960629921259
20
0.7993700787401574
11
0.598503937007874
21
0.7993700787401574
0
LINE
8
BLACK
6
CONTINUOUS
10
0.598503937007874
20
0.7993700787401574
11
0.4627217322834646
21
0.7993700787401574
0
LINE
8
BLACK
6
CONTINUOUS
10
0.4627217322834646
20
0.7993700787401574
11
0.4425
21
0.7791483464566928
0
LINE
8
BLACK
6
CONTINUOUS
10
0.4425
20
0.7791483464566928
11
0.4425
21
0.7324999999999999
0
LINE
8
BLACK
6
CONTINUOUS
10
0.4425
20
0.7324999999999999
11
0.4075
21
0.7324999999999999
0
LINE
8
BLACK
6
CONTINUOUS
10
0.4075
20
0.7324999999999999
11
0.4075
21
0.7875
0
LINE
8
BLACK
6
CONTINUOUS
10
0.4075
20
0.7875
11
0.4341483464566929
21
0.7875
0
LINE
8
BLACK
6
CONTINUOUS
10
0.4341483464566929
20
0.7875
11
0.4560997637795275
21
0.8094514173228347
0
LINE
8
BLACK
6
CONTINUOUS
10
0.4560997637795275
20
0.8094514173228347
11
0.456773031496063
21
0.8098401181102362
0
LINE
8
BLACK
6
CONTINUOUS
10
0.456773031496063
20
0.8098401181102362
11
0.4573228346456693
21
0.8103899212598425
0
LINE
8
BLACK
6
CONTINUOUS
10
0.4573228346456693
20
0.8103899212598425
11
0.4580737795275591
21
0.8105911417322834
0
LINE
8
BLACK
6
CONTINUOUS
10
0.4580737795275591
20
0.8105911417322834
11
0.4587471259842519
21
0.8109798818897638
0
LINE
8
BLACK
6
CONTINUOUS
10
0.4587471259842519
20
0.8109798818897638
11
0.4595246062992126
21
0.8109798818897638
0
LINE
8
BLACK
6
CONTINUOUS
10
0.4595246062992126
20
0.8109798818897638
11
0.4602755905511811
21
0.8111811023622048
0
LINE
8
BLACK
6
CONTINUOUS
10
0.4602755905511811
20
0.8111811023622048
11
0.63
21
0.8111811023622048
0
LINE
8
BLACK
6
CONTINUOUS
10
0.18
20
0.8459055118110236
11
0.22
21
0.8459055118110236
0
LINE
8
BLACK
6
CONTINUOUS
10
0.22
20
0.8459055118110236
11
0.22
21
0.87
0
LINE
8
BLACK
6
CONTINUOUS
10
0.22
20
0.87
11
0.28
21
0.87
0
LINE
8
BLACK
6
CONTINUOUS
10
0.28
20
0.87
11
0.28
21
0.8459055118110236
0
LINE
8
BLACK
6
CONTINUOUS
10
0.28
20
0.8459055118110236
11
0.335
21
0.8459055118110236
0
LINE
8
BLACK
6
CONTINUOUS
10
0.335
20
0.8459055118110236
11
0.335
21
0.8674999999999999
0
LINE
8
BLACK
6
CONTINUOUS
10
0.335
20
0.8674999999999999
11
0.37
21
0.8674999999999999
0
LINE
8
BLACK
6
CONTINUOUS
10
0.37
20
0.8674999999999999
11
0.37
21
0.8125
0
LINE
8
BLACK
6
CONTINUOUS
10
0.37
20
0.8125
11
0.335
21
0.8125
0
LINE
8
BLACK
6
CONTINUOUS
10
0.335
20
0.8125
11
0.335
21
0.8340944881889764
0
LINE
8
BLACK
6
CONTINUOUS
10
0.335
20
0.8340944881889764
11
0.28
21
0.8340944881889764
0
LINE
8
BLACK
6
CONTINUOUS
10
0.28
20
0.8340944881889764
11
0.28
21
0.8099999999999999
0
LINE
8
BLACK
6
CONTINUOUS
10
0.28
20
0.8099999999999999
11
0.22
21
0.8099999999999999
0
LINE
8
BLACK
6
CONTINUOUS
10
0.22
20
0.8099999999999999
11
0.22
21
0.8340944881889764
0
LINE
8
BLACK
6
CONTINUOUS
10
0.22
20
0.8340944881889764
11
0.18
21
0.8340944881889764
0
LINE
8
BLACK
6
CONTINUOUS
10
0.18
20
0.8340944881889764
11
0.18
21
0.8099999999999999
0
LINE
8
BLACK
6
CONTINUOUS
10
0.18
20
0.8099999999999999
11
0.12
21
0.8099999999999999
0
LINE
8
BLACK
6
CONTINUOUS
10
0.12
20
0.8099999999999999
11
0.12
21
0.87
0
LINE
8
BLACK
6
CONTINUOUS
10
0.12
20
0.87
11
0.18
21
0.87
0
LINE
8
BLACK
6
CONTINUOUS
10
0.18
20
0.87
11
0.18
21
0.8459055118110236
0
LINE
8
BLACK
6
CONTINUOUS
10
0.445
20
0.8367716535433071
11
0.63
21
0.8367716535433071
0
LINE
8
BLACK
6
CONTINUOUS
10
0.63
20
0.8367716535433071
11
0.6614960629921259
21
0.8367716535433071
0
LINE
8
BLACK
6
CONTINUOUS
10
0.6614960629921259
20
0.8367716535433071
11
0.6614960629921259
21
0.8249606299212598
0
LINE
8
BLACK
6
CONTINUOUS
10
0.6614960629921259
20
0.8249606299212598
11
0.598503937007874
21
0.8249606299212598
0
LINE
8
BLACK
6
CONTINUOUS
10
0.598503937007874
20
0.8249606299212598
11
0.445
21
0.8249606299212598
0
LINE
8
BLACK
6
CONTINUOUS
10
0.445
20
0.8249606299212598
11
0.445
21
0.8125
0
LINE
8
BLACK
6
CONTINUOUS
10
0.445
20
0.8125
11
0.41
21
0.8125
0
LINE
8
BLACK
6
CONTINUOUS
10
0.41
20
0.8125
11
0.41
21
0.8674999999999999
0
LINE
8
BLACK
6
CONTINUOUS
10
0.41
20
0.8674999999999999
11
0.445
21
0.8674999999999999
0
LINE
8
BLACK
6
CONTINUOUS
10
0.445
20
0.8674999999999999
11
0.445
21
0.8367716535433071
0
LINE
8
BLACK
6
CONTINUOUS
10
0.445
20
0.9008516535433071
11
0.4834894488188976
21
0.8623622047244094
0
LINE
8
BLACK
6
CONTINUOUS
10
0.4834894488188976
20
0.8623622047244094
11
0.63
21
0.8623622047244094
0
LINE
8
BLACK
6
CONTINUOUS
10
0.63
20
0.8623622047244094
11
0.6614960629921259
21
0.8623622047244094
0
LINE
8
BLACK
6
CONTINUOUS
10
0.6614960629921259
20
0.8623622047244094
11
0.6614960629921259
21
0.8505511811023622
0
LINE
8
BLACK
6
CONTINUOUS
10
0.6614960629921259
20
0.8505511811023622
11
0.598503937007874
21
0.8505511811023622
0
LINE
8
BLACK
6
CONTINUOUS
10
0.598503937007874
20
0.8505511811023622
11
0.4810433070866141
21
0.8505511811023622
0
LINE
8
BLACK
6
CONTINUOUS
10
0.4810433070866141
20
0.8505511811023622
11
0.4802923228346457
21
0.8507524015748031
0
LINE
8
BLACK
6
CONTINUOUS
10
0.4802923228346457
20
0.8507524015748031
11
0.479514842519685
21
0.8507524015748031
0
LINE
8
BLACK
6
CONTINUOUS
10
0.479514842519685
20
0.8507524015748031
11
0.4788414960629921
21
0.8511411023622047
0
LINE
8
BLACK
6
CONTINUOUS
10
0.4788414960629921
20
0.8511411023622047
11
0.4780905511811023
21
0.8513423622047244
0
LINE
8
BLACK
6
CONTINUOUS
10
0.4780905511811023
20
0.8513423622047244
11
0.477540748031496
21
0.8518921259842519
0
LINE
8
BLACK
6
CONTINUOUS
10
0.477540748031496
20
0.8518921259842519
11
0.4768674803149606
21
0.8522808661417323
0
LINE
8
BLACK
6
CONTINUOUS
10
0.4768674803149606
20
0.8522808661417323
11
0.4366483464566929
21
0.8925
0
LINE
8
BLACK
6
CONTINUOUS
10
0.4366483464566929
20
0.8925
11
0.41
21
0.8925
0
LINE
8
BLACK
6
CONTINUOUS
10
0.41
20
0.8925
11
0.41
21
0.9475
0
LINE
8
BLACK
6
CONTINUOUS
10
0.41
20
0.9475
11
0.445
21
0.9475
0
LINE
8
BLACK
6
CONTINUOUS
10
0.445
20
0.9475
11
0.445
21
0.9008516535433071
0
LINE
8
BLACK
6
CONTINUOUS
10
0.445
20
0.9808516535433071
11
0.4716758267716535
21
0.9541758267716535
0
LINE
8
BLACK
6
CONTINUOUS
10
0.4716758267716535
20
0.9541758267716535
11
0.4725086220472441
21
0.9527333070866142
0
LINE
8
BLACK
6
CONTINUOUS
10
0.4725086220472441
20
0.9527333070866142
11
0.4729527559055118
21
0.9526143307086614
0
LINE
8
BLACK
6
CONTINUOUS
10
0.4729527559055118
20
0.9526143307086614
11
0.4751143307086614
21
0.9504527559055118
0
LINE
8
BLACK
6
CONTINUOUS
10
0.4751143307086614
20
0.9504527559055118
11
0.4759055118110236
21
0.9475
0
LINE
8
BLACK
6
CONTINUOUS
10
0.4759055118110236
20
0.9475
11
0.4759055118110236
21
0.9024461417322834
0
LINE
8
BLACK
6
CONTINUOUS
10
0.4759055118110236
20
0.9024461417322834
11
0.4903988976377953
21
0.8879527559055118
0
LINE
8
BLACK
6
CONTINUOUS
10
0.4903988976377953
20
0.8879527559055118
11
0.63
21
0.8879527559055118
0
LINE
8
BLACK
6
CONTINUOUS
10
0.63
20
0.8879527559055118
11
0.6614960629921259
21
0.8879527559055118
0
LINE
8
BLACK
6
CONTINUOUS
10
0.6614960629921259
20
0.8879527559055118
11
0.6614960629921259
21
0.8761417322834646
0
LINE
8
BLACK
6
CONTINUOUS
10
0.6614960629921259
20
0.8761417322834646
11
0.598503937007874
21
0.8761417322834646
0
LINE
8
BLACK
6
CONTINUOUS
10
0.598503937007874
20
0.8761417322834646
11
0.4879527559055118
21
0.8761417322834646
0
LINE
8
BLACK
6
CONTINUOUS
10
0.4879527559055118
20
0.8761417322834646
11
0.4872017716535433
21
0.8763429527559055
0
LINE
8
BLACK
6
CONTINUOUS
10
0.4872017716535433
20
0.8763429527559055
11
0.4864242913385827
21
0.8763429527559055
0
LINE
8
BLACK
6
CONTINUOUS
10
0.4864242913385827
20
0.8763429527559055
11
0.4857509448818897
21
0.8767316535433071
0
LINE
8
BLACK
6
CONTINUOUS
10
0.4857509448818897
20
0.8767316535433071
11
0.485
21
0.8769329133858268
0
LINE
8
BLACK
6
CONTINUOUS
10
0.485
20
0.8769329133858268
11
0.4844501968503937
21
0.8774826771653543
0
LINE
8
BLACK
6
CONTINUOUS
10
0.4844501968503937
20
0.8774826771653543
11
0.4837769291338583
21
0.8778714173228346
0
LINE
8
BLACK
6
CONTINUOUS
10
0.4837769291338583
20
0.8778714173228346
11
0.4658241732283465
21
0.8958241732283464
0
LINE
8
BLACK
6
CONTINUOUS
10
0.4658241732283465
20
0.8958241732283464
11
0.4654354330708662
21
0.8964974409448818
0
LINE
8
BLACK
6
CONTINUOUS
10
0.4654354330708662
20
0.8964974409448818
11
0.4648856692913386
21
0.8970472440944882
0
LINE
8
BLACK
6
CONTINUOUS
10
0.4648856692913386
20
0.8970472440944882
11
0.4646844094488189
21
0.897798188976378
0
LINE
8
BLACK
6
CONTINUOUS
10
0.4646844094488189
20
0.897798188976378
11
0.4642957086614173
21
0.8984715354330709
0
LINE
8
BLACK
6
CONTINUOUS
10
0.4642957086614173
20
0.8984715354330709
11
0.4642957086614173
21
0.8992490157480315
0
LINE
8
BLACK
6
CONTINUOUS
10
0.4642957086614173
20
0.8992490157480315
11
0.4640944881889764
21
0.9
0
LINE
8
BLACK
6
CONTINUOUS
10
0.4640944881889764
20
0.9
11
0.4640944881889764
21
0.9453794094488189
0
LINE
8
BLACK
6
CONTINUOUS
10
0.4640944881889764
20
0.9453794094488189
11
0.4633241732283465
21
0.9458241732283464
0
LINE
8
BLACK
6
CONTINUOUS
10
0.4633241732283465
20
0.9458241732283464
11
0.4366483464566929
21
0.9725
0
LINE
8
BLACK
6
CONTINUOUS
10
0.4366483464566929
20
0.9725
11
0.41
21
0.9725
0
LINE
8
BLACK
6
CONTINUOUS
10
0.41
20
0.9725
11
0.41
21
1.0275000000000001
0
LINE
8
BLACK
6
CONTINUOUS
10
0.41
20
1.0275000000000001
11
0.445
21
1.0275000000000001
0
LINE
8
BLACK
6
CONTINUOUS
10
0.445
20
1.0275000000000001
11
0.445
21
0.9808516535433071
0
LINE
8
BLACK
6
CONTINUOUS
10
0.18
20
0.9459055118110236
11
0.22
21
0.9459055118110236
0
LINE
8
BLACK
6
CONTINUOUS
10
0.22
20
0.9459055118110236
11
0.22
21
0.97
0
LINE
8
BLACK
6
CONTINUOUS
10
0.22
20
0.97
11
0.28
21
0.97
0
LINE
8
BLACK
6
CONTINUOUS
10
0.28
20
0.97
11
0.28
21
0.9259055118110237
0
LINE
8
BLACK
6
CONTINUOUS
10
0.28
20
0.9259055118110237
11
0.335
21
0.9259055118110237
0
LINE
8
BLACK
6
CONTINUOUS
10
0.335
20
0.9259055118110237
11
0.335
21
0.9475
0
LINE
8
BLACK
6
CONTINUOUS
10
0.335
20
0.9475
11
0.37
21
0.9475
0
LINE
8
BLACK
6
CONTINUOUS
10
0.37
20
0.9475
11
0.37
21
0.8925
0
LINE
8
BLACK
6
CONTINUOUS
10
0.37
20
0.8925
11
0.335
21
0.8925
0
LINE
8
BLACK
6
CONTINUOUS
10
0.335
20
0.8925
11
0.335
21
0.9140944881889763
0
LINE
8
BLACK
6
CONTINUOUS
10
0.335
20
0.9140944881889763
11
0.28
21
0.9140944881889763
0
LINE
8
BLACK
6
CONTINUOUS
10
0.28
20
0.9140944881889763
11
0.28
21
0.91
0
LINE
8
BLACK
6
CONTINUOUS
10
0.28
20
0.91
11
0.22
21
0.91
0
LINE
8
BLACK
6
CONTINUOUS
10
0.22
20
0.91
11
0.22
21
0.9340944881889763
0
LINE
8
BLACK
6
CONTINUOUS
10
0.22
20
0.9340944881889763
11
0.18
21
0.9340944881889763
0
LINE
8
BLACK
6
CONTINUOUS
10
0.18
20
0.9340944881889763
11
0.18
21
0.91
0
LINE
8
BLACK
6
CONTINUOUS
10
0.18
20
0.91
11
0.12
21
0.91
0
LINE
8
BLACK
6
CONTINUOUS
10
0.12
20
0.91
11
0.12
21
0.97
0
LINE
8
BLACK
6
CONTINUOUS
10
0.12
20
0.97
11
0.18
21
0.97
0
LINE
8
BLACK
6
CONTINUOUS
10
0.18
20
0.97
11
0.18
21
0.9459055118110236
0
LINE
8
BLACK
6
CONTINUOUS
10
0.445
20
1.1325000000000001
11
0.4334055118110236
21
1.1325000000000001
0
LINE
8
BLACK
6
CONTINUOUS
10
0.4334055118110236
20
1.1325000000000001
11
0.4334055118110236
21
1.1074999999999999
0
LINE
8
BLACK
6
CONTINUOUS
10
0.4334055118110236
20
1.1074999999999999
11
0.445
21
1.1074999999999999
0
LINE
8
BLACK
6
CONTINUOUS
10
0.445
20
1.1074999999999999
11
0.445
21
1.060851653543307
0
LINE
8
BLACK
6
CONTINUOUS
10
0.445
20
1.060851653543307
11
0.506538031496063
21
0.9993136220472441
0
LINE
8
BLACK
6
CONTINUOUS
10
0.506538031496063
20
0.9993136220472441
11
0.5069267322834645
21
0.9986403149606299
0
LINE
8
BLACK
6
CONTINUOUS
10
0.5069267322834645
20
0.9986403149606299
11
0.5074765354330708
21
0.9980905511811023
0
LINE
8
BLACK
6
CONTINUOUS
10
0.5074765354330708
20
0.9980905511811023
11
0.5076777559055118
21
0.9973395669291338
0
LINE
8
BLACK
6
CONTINUOUS
10
0.5076777559055118
20
0.9973395669291338
11
0.5080664960629921
21
0.9966662598425197
0
LINE
8
BLACK
6
CONTINUOUS
10
0.5080664960629921
20
0.9966662598425197
11
0.5080664960629921
21
0.9958887401574803
0
LINE
8
BLACK
6
CONTINUOUS
10
0.5080664960629921
20
0.9958887401574803
11
0.508267716535433
21
0.9951377952755905
0
LINE
8
BLACK
6
CONTINUOUS
10
0.508267716535433
20
0.9951377952755905
11
0.508267716535433
21
0.9277217322834646
0
LINE
8
BLACK
6
CONTINUOUS
10
0.508267716535433
20
0.9277217322834646
11
0.5224461417322834
21
0.9135433070866141
0
LINE
8
BLACK
6
CONTINUOUS
10
0.5224461417322834
20
0.9135433070866141
11
0.63
21
0.9135433070866141
0
LINE
8
BLACK
6
CONTINUOUS
10
0.63
20
0.9135433070866141
11
0.6614960629921259
21
0.9135433070866141
0
LINE
8
BLACK
6
CONTINUOUS
10
0.6614960629921259
20
0.9135433070866141
11
0.6614960629921259
21
0.9017322834645669
0
LINE
8
BLACK
6
CONTINUOUS
10
0.6614960629921259
20
0.9017322834645669
11
0.598503937007874
21
0.9017322834645669
0
LINE
8
BLACK
6
CONTINUOUS
10
0.598503937007874
20
0.9017322834645669
11
0.52
21
0.9017322834645669
0
LINE
8
BLACK
6
CONTINUOUS
10
0.52
20
0.9017322834645669
11
0.5192490157480315
21
0.9019335039370079
0
LINE
8
BLACK
6
CONTINUOUS
10
0.5192490157480315
20
0.9019335039370079
11
0.5184715354330709
21
0.9019335039370079
0
LINE
8
BLACK
6
CONTINUOUS
10
0.5184715354330709
20
0.9019335039370079
11
0.517798188976378
21
0.9023222047244094
0
LINE
8
BLACK
6
CONTINUOUS
10
0.517798188976378
20
0.9023222047244094
11
0.5170472440944882
21
0.9025234645669291
0
LINE
8
BLACK
6
CONTINUOUS
10
0.5170472440944882
20
0.9025234645669291
11
0.5164974409448819
21
0.9030732283464566
0
LINE
8
BLACK
6
CONTINUOUS
10
0.5164974409448819
20
0.9030732283464566
11
0.5158241732283464
21
0.903461968503937
0
LINE
8
BLACK
6
CONTINUOUS
10
0.5158241732283464
20
0.903461968503937
11
0.4981863779527559
21
0.9210997637795275
0
LINE
8
BLACK
6
CONTINUOUS
10
0.4981863779527559
20
0.9210997637795275
11
0.4977976377952756
21
0.9217730314960629
0
LINE
8
BLACK
6
CONTINUOUS
10
0.4977976377952756
20
0.9217730314960629
11
0.497247874015748
21
0.9223228346456692
0
LINE
8
BLACK
6
CONTINUOUS
10
0.497247874015748
20
0.9223228346456692
11
0.4970466141732283
21
0.923073779527559
0
LINE
8
BLACK
6
CONTINUOUS
10
0.4970466141732283
20
0.923073779527559
11
0.4966579133858268
21
0.9237471259842519
0
LINE
8
BLACK
6
CONTINUOUS
10
0.4966579133858268
20
0.9237471259842519
11
0.4966579133858268
21
0.9245246062992126
0
LINE
8
BLACK
6
CONTINUOUS
10
0.4966579133858268
20
0.9245246062992126
11
0.4964566929133858
21
0.925275590551181
0
LINE
8
BLACK
6
CONTINUOUS
10
0.4964566929133858
20
0.925275590551181
11
0.4964566929133858
21
0.992691653543307
0
LINE
8
BLACK
6
CONTINUOUS
10
0.4964566929133858
20
0.992691653543307
11
0.4366483464566929
21
1.0525
0
LINE
8
BLACK
6
CONTINUOUS
10
0.4366483464566929
20
1.0525
11
0.41
21
1.0525
0
LINE
8
BLACK
6
CONTINUOUS
10
0.41
20
1.0525
11
0.41
21
1.1074999999999999
0
LINE
8
BLACK
6
CONTINUOUS
10
0.41
20
1.1074999999999999
11
0.4215944881889764
21
1.1074999999999999
0
LINE
8
BLACK
6
CONTINUOUS
10
0.4215944881889764
20
1.1074999999999999
11
0.4215944881889764
21
1.1325000000000001
0
LINE
8
BLACK
6
CONTINUOUS
10
0.4215944881889764
20
1.1325000000000001
11
0.41
21
1.1325000000000001
0
LINE
8
BLACK
6
CONTINUOUS
10
0.41
20
1.1325000000000001
11
0.41
21
1.1875
0
LINE
8
BLACK
6
CONTINUOUS
10
0.41
20
1.1875
11
0.445
21
1.1875
0
LINE
8
BLACK
6
CONTINUOUS
10
0.445
20
1.1875
11
0.445
21
1.1325000000000001
0
LINE
8
BLACK
6
CONTINUOUS
10
0.435
20
1.2559055118110236
11
0.465
21
1.2559055118110236
0
LINE
8
BLACK
6
CONTINUOUS
10
0.465
20
1.2559055118110236
11
0.465
21
1.2775000000000001
0
LINE
8
BLACK
6
CONTINUOUS
10
0.465
20
1.2775000000000001
11
0.5
21
1.2775000000000001
0
LINE
8
BLACK
6
CONTINUOUS
10
0.5
20
1.2775000000000001
11
0.5
21
1.2224999999999999
0
LINE
8
BLACK
6
CONTINUOUS
10
0.5
20
1.2224999999999999
11
0.4884055118110236
21
1.2224999999999999
0
LINE
8
BLACK
6
CONTINUOUS
10
0.4884055118110236
20
1.2224999999999999
11
0.4884055118110236
21
1.0499461417322835
0
LINE
8
BLACK
6
CONTINUOUS
10
0.4884055118110236
20
1.0499461417322835
11
0.5262234645669291
21
1.012128188976378
0
LINE
8
BLACK
6
CONTINUOUS
10
0.5262234645669291
20
1.012128188976378
11
0.5266121653543306
21
1.0114548818897637
0
LINE
8
BLACK
6
CONTINUOUS
10
0.5266121653543306
20
1.0114548818897637
11
0.527161968503937
21
1.0109051181102362
0
LINE
8
BLACK
6
CONTINUOUS
10
0.527161968503937
20
1.0109051181102362
11
0.5273631889763779
21
1.0101541338582678
0
LINE
8
BLACK
6
CONTINUOUS
10
0.5273631889763779
20
1.0101541338582678
11
0.5277519291338583
21
1.0094808267716535
0
LINE
8
BLACK
6
CONTINUOUS
10
0.5277519291338583
20
1.0094808267716535
11
0.5277519291338583
21
1.008703307086614
0
LINE
8
BLACK
6
CONTINUOUS
10
0.5277519291338583
20
1.008703307086614
11
0.5279531496062992
21
1.0079523622047244
0
LINE
8
BLACK
6
CONTINUOUS
10
0.5279531496062992
20
1.0079523622047244
11
0.5279531496062992
21
0.9468551968503937
0
LINE
8
BLACK
6
CONTINUOUS
10
0.5279531496062992
20
0.9468551968503937
11
0.5356744881889763
21
0.9391338582677166
0
LINE
8
BLACK
6
CONTINUOUS
10
0.5356744881889763
20
0.9391338582677166
11
0.63
21
0.9391338582677166
0
LINE
8
BLACK
6
CONTINUOUS
10
0.63
20
0.9391338582677166
11
0.6614960629921259
21
0.9391338582677166
0
LINE
8
BLACK
6
CONTINUOUS
10
0.6614960629921259
20
0.9391338582677166
11
0.6614960629921259
21
0.9273228346456692
0
LINE
8
BLACK
6
CONTINUOUS
10
0.6614960629921259
20
0.9273228346456692
11
0.598503937007874
21
0.9273228346456692
0
LINE
8
BLACK
6
CONTINUOUS
10
0.598503937007874
20
0.9273228346456692
11
0.5332283464566929
21
0.9273228346456692
0
LINE
8
BLACK
6
CONTINUOUS
10
0.5332283464566929
20
0.9273228346456692
11
0.5324773622047244
21
0.9275240551181102
0
LINE
8
BLACK
6
CONTINUOUS
10
0.5324773622047244
20
0.9275240551181102
11
0.5316998818897638
21
0.9275240551181102
0
LINE
8
BLACK
6
CONTINUOUS
10
0.5316998818897638
20
0.9275240551181102
11
0.5310265354330709
21
0.9279127559055118
0
LINE
8
BLACK
6
CONTINUOUS
10
0.5310265354330709
20
0.9279127559055118
11
0.5302755905511811
21
0.9281140157480314
0
LINE
8
BLACK
6
CONTINUOUS
10
0.5302755905511811
20
0.9281140157480314
11
0.5297257874015748
21
0.9286637795275591
0
LINE
8
BLACK
6
CONTINUOUS
10
0.5297257874015748
20
0.9286637795275591
11
0.5290525196850394
21
0.9290525196850393
0
LINE
8
BLACK
6
CONTINUOUS
10
0.5290525196850394
20
0.9290525196850393
11
0.517871811023622
21
0.9402332283464566
0
LINE
8
BLACK
6
CONTINUOUS
10
0.517871811023622
20
0.9402332283464566
11
0.5174830708661418
21
0.9409064960629921
0
LINE
8
BLACK
6
CONTINUOUS
10
0.5174830708661418
20
0.9409064960629921
11
0.5169333070866141
21
0.9414562992125984
0
LINE
8
BLACK
6
CONTINUOUS
10
0.5169333070866141
20
0.9414562992125984
11
0.5167320472440945
21
0.9422072440944882
0
LINE
8
BLACK
6
CONTINUOUS
10
0.5167320472440945
20
0.9422072440944882
11
0.5163433464566929
21
0.9428805905511811
0
LINE
8
BLACK
6
CONTINUOUS
10
0.5163433464566929
20
0.9428805905511811
11
0.5163433464566929
21
0.9436580708661417
0
LINE
8
BLACK
6
CONTINUOUS
10
0.5163433464566929
20
0.9436580708661417
11
0.5161421259842519
21
0.9444090551181102
0
LINE
8
BLACK
6
CONTINUOUS
10
0.5161421259842519
20
0.9444090551181102
11
0.5161421259842519
21
1.005506220472441
0
LINE
8
BLACK
6
CONTINUOUS
10
0.5161421259842519
20
1.005506220472441
11
0.4783241732283465
21
1.0433241732283465
0
LINE
8
BLACK
6
CONTINUOUS
10
0.4783241732283465
20
1.0433241732283465
11
0.4779354330708661
21
1.0439974409448818
0
LINE
8
BLACK
6
CONTINUOUS
10
0.4779354330708661
20
1.0439974409448818
11
0.4773856692913386
21
1.0445472440944881
0
LINE
8
BLACK
6
CONTINUOUS
10
0.4773856692913386
20
1.0445472440944881
11
0.4771844094488189
21
1.0452981889763779
0
LINE
8
BLACK
6
CONTINUOUS
10
0.4771844094488189
20
1.0452981889763779
11
0.4767957086614173
21
1.0459715354330708
0
LINE
8
BLACK
6
CONTINUOUS
10
0.4767957086614173
20
1.0459715354330708
11
0.4767957086614173
21
1.0467490157480315
0
LINE
8
BLACK
6
CONTINUOUS
10
0.4767957086614173
20
1.0467490157480315
11
0.4765944881889764
21
1.0474999999999999
0
LINE
8
BLACK
6
CONTINUOUS
10
0.4765944881889764
20
1.0474999999999999
11
0.4765944881889764
21
1.2224999999999999
0
LINE
8
BLACK
6
CONTINUOUS
10
0.4765944881889764
20
1.2224999999999999
11
0.465
21
1.2224999999999999
0
LINE
8
BLACK
6
CONTINUOUS
10
0.465
20
1.2224999999999999
11
0.465
21
1.2440944881889764
0
LINE
8
BLACK
6
CONTINUOUS
10
0.465
20
1.2440944881889764
11
0.435
21
1.2440944881889764
0
LINE
8
BLACK
6
CONTINUOUS
10
0.435
20
1.2440944881889764
11
0.435
21
1.2224999999999999
0
LINE
8
BLACK
6
CONTINUOUS
10
0.435
20
1.2224999999999999
11
0.4
21
1.2224999999999999
0
LINE
8
BLACK
6
CONTINUOUS
10
0.4
20
1.2224999999999999
11
0.4
21
1.2775000000000001
0
LINE
8
BLACK
6
CONTINUOUS
10
0.4
20
1.2775000000000001
11
0.435
21
1.2775000000000001
0
LINE
8
BLACK
6
CONTINUOUS
10
0.435
20
1.2775000000000001
11
0.435
21
1.2559055118110236
0
LINE
8
BLACK
6
CONTINUOUS
10
0.5575
20
1.085
11
0.5359055118110236
21
1.085
0
LINE
8
BLACK
6
CONTINUOUS
10
0.5359055118110236
20
1.085
11
0.5359055118110236
21
1.0756351181102362
0
LINE
8
BLACK
6
CONTINUOUS
10
0.5359055118110236
20
1.0756351181102362
11
0.5459088976377953
21
1.0656317322834645
0
LINE
8
BLACK
6
CONTINUOUS
10
0.5459088976377953
20
1.0656317322834645
11
0.5462975984251969
21
1.0649584251968505
0
LINE
8
BLACK
6
CONTINUOUS
10
0.5462975984251969
20
1.0649584251968505
11
0.5468474015748032
21
1.0644086614173227
0
LINE
8
BLACK
6
CONTINUOUS
10
0.5468474015748032
20
1.0644086614173227
11
0.5470486220472441
21
1.0636576771653543
0
LINE
8
BLACK
6
CONTINUOUS
10
0.5470486220472441
20
1.0636576771653543
11
0.5474373622047244
21
1.06298437007874
0
LINE
8
BLACK
6
CONTINUOUS
10
0.5474373622047244
20
1.06298437007874
11
0.5474373622047244
21
1.0622068503937008
0
LINE
8
BLACK
6
CONTINUOUS
10
0.5474373622047244
20
1.0622068503937008
11
0.5476385826771654
21
1.0614559055118109
0
LINE
8
BLACK
6
CONTINUOUS
10
0.5476385826771654
20
1.0614559055118109
11
0.5476385826771654
21
0.9824461417322834
0
LINE
8
BLACK
6
CONTINUOUS
10
0.5476385826771654
20
0.9824461417322834
11
0.5653603149606299
21
0.9647244094488189
0
LINE
8
BLACK
6
CONTINUOUS
10
0.5653603149606299
20
0.9647244094488189
11
0.63
21
0.9647244094488189
0
LINE
8
BLACK
6
CONTINUOUS
10
0.63
20
0.9647244094488189
11
0.6614960629921259
21
0.9647244094488189
0
LINE
8
BLACK
6
CONTINUOUS
10
0.6614960629921259
20
0.9647244094488189
11
0.6614960629921259
21
0.9529133858267717
0
LINE
8
BLACK
6
CONTINUOUS
10
0.6614960629921259
20
0.9529133858267717
11
0.598503937007874
21
0.9529133858267717
0
LINE
8
BLACK
6
CONTINUOUS
10
0.598503937007874
20
0.9529133858267717
11
0.5629141732283465
21
0.9529133858267717
0
LINE
8
BLACK
6
CONTINUOUS
10
0.5629141732283465
20
0.9529133858267717
11
0.562163188976378
21
0.9531146062992126
0
LINE
8
BLACK
6
CONTINUOUS
10
0.562163188976378
20
0.9531146062992126
11
0.5613857086614173
21
0.9531146062992126
0
LINE
8
BLACK
6
CONTINUOUS
10
0.5613857086614173
20
0.9531146062992126
11
0.5607123622047244
21
0.9535033070866141
0
LINE
8
BLACK
6
CONTINUOUS
10
0.5607123622047244
20
0.9535033070866141
11
0.5599614173228347
21
0.9537045669291339
0
LINE
8
BLACK
6
CONTINUOUS
10
0.5599614173228347
20
0.9537045669291339
11
0.5594116141732284
21
0.9542543307086614
0
LINE
8
BLACK
6
CONTINUOUS
10
0.5594116141732284
20
0.9542543307086614
11
0.5587383464566928
21
0.9546430708661418
0
LINE
8
BLACK
6
CONTINUOUS
10
0.5587383464566928
20
0.9546430708661418
11
0.5375572440944881
21
0.9758241732283465
0
LINE
8
BLACK
6
CONTINUOUS
10
0.5375572440944881
20
0.9758241732283465
11
0.5371685039370079
21
0.9764974409448819
0
LINE
8
BLACK
6
CONTINUOUS
10
0.5371685039370079
20
0.9764974409448819
11
0.5366187401574803
21
0.9770472440944882
0
LINE
8
BLACK
6
CONTINUOUS
10
0.5366187401574803
20
0.9770472440944882
11
0.5364174803149606
21
0.9777981889763779
0
LINE
8
BLACK
6
CONTINUOUS
10
0.5364174803149606
20
0.9777981889763779
11
0.536028779527559
21
0.9784715354330709
0
LINE
8
BLACK
6
CONTINUOUS
10
0.536028779527559
20
0.9784715354330709
11
0.536028779527559
21
0.9792490157480315
0
LINE
8
BLACK
6
CONTINUOUS
10
0.536028779527559
20
0.9792490157480315
11
0.5358275590551181
21
0.98
0
LINE
8
BLACK
6
CONTINUOUS
10
0.5358275590551181
20
0.98
11
0.5358275590551181
21
1.0590097637795275
0
LINE
8
BLACK
6
CONTINUOUS
10
0.5358275590551181
20
1.0590097637795275
11
0.5258241732283464
21
1.0690131496062991
0
LINE
8
BLACK
6
CONTINUOUS
10
0.5258241732283464
20
1.0690131496062991
11
0.5254354330708662
21
1.0696864173228346
0
LINE
8
BLACK
6
CONTINUOUS
10
0.5254354330708662
20
1.0696864173228346
11
0.5248856692913386
21
1.0702362204724409
0
LINE
8
BLACK
6
CONTINUOUS
10
0.5248856692913386
20
1.0702362204724409
11
0.5246844094488189
21
1.0709871653543306
0
LINE
8
BLACK
6
CONTINUOUS
10
0.5246844094488189
20
1.0709871653543306
11
0.5242957086614173
21
1.0716605118110236
0
LINE
8
BLACK
6
CONTINUOUS
10
0.5242957086614173
20
1.0716605118110236
11
0.5242957086614173
21
1.0724379921259841
0
LINE
8
BLACK
6
CONTINUOUS
10
0.5242957086614173
20
1.0724379921259841
11
0.5240944881889764
21
1.0731889763779527
0
LINE
8
BLACK
6
CONTINUOUS
10
0.5240944881889764
20
1.0731889763779527
11
0.5240944881889764
21
1.085
0
LINE
8
BLACK
6
CONTINUOUS
10
0.5240944881889764
20
1.085
11
0.5024999999999999
21
1.085
0
LINE
8
BLACK
6
CONTINUOUS
10
0.5024999999999999
20
1.085
11
0.5024999999999999
21
1.1199999999999999
0
LINE
8
BLACK
6
CONTINUOUS
10
0.5024999999999999
20
1.1199999999999999
11
0.5575
21
1.1199999999999999
0
LINE
8
BLACK
6
CONTINUOUS
10
0.5575
20
1.1199999999999999
11
0.5575
21
1.085
0
LINE
8
BLACK
6
CONTINUOUS
10
0.18
20
1.0459055118110236
11
0.22
21
1.0459055118110236
0
LINE
8
BLACK
6
CONTINUOUS
10
0.22
20
1.0459055118110236
11
0.22
21
1.0700000000000001
0
LINE
8
BLACK
6
CONTINUOUS
10
0.22
20
1.0700000000000001
11
0.28
21
1.0700000000000001
0
LINE
8
BLACK
6
CONTINUOUS
10
0.28
20
1.0700000000000001
11
0.28
21
1.018351653543307
0
LINE
8
BLACK
6
CONTINUOUS
10
0.28
20
1.018351653543307
11
0.2924461417322834
21
1.0059055118110236
0
LINE
8
BLACK
6
CONTINUOUS
10
0.2924461417322834
20
1.0059055118110236
11
0.335
21
1.0059055118110236
0
LINE
8
BLACK
6
CONTINUOUS
10
0.335
20
1.0059055118110236
11
0.335
21
1.0275000000000001
0
LINE
8
BLACK
6
CONTINUOUS
10
0.335
20
1.0275000000000001
11
0.37
21
1.0275000000000001
0
LINE
8
BLACK
6
CONTINUOUS
10
0.37
20
1.0275000000000001
11
0.37
21
0.9725
0
LINE
8
BLACK
6
CONTINUOUS
10
0.37
20
0.9725
11
0.335
21
0.9725
0
LINE
8
BLACK
6
CONTINUOUS
10
0.335
20
0.9725
11
0.335
21
0.9940944881889764
0
LINE
8
BLACK
6
CONTINUOUS
10
0.335
20
0.9940944881889764
11
0.29
21
0.9940944881889764
0
LINE
8
BLACK
6
CONTINUOUS
10
0.29
20
0.9940944881889764
11
0.2892490157480315
21
0.9942957086614173
0
LINE
8
BLACK
6
CONTINUOUS
10
0.2892490157480315
20
0.9942957086614173
11
0.2884715354330709
21
0.9942957086614173
0
LINE
8
BLACK
6
CONTINUOUS
10
0.2884715354330709
20
0.9942957086614173
11
0.2877981889763779
21
0.9946844094488189
0
LINE
8
BLACK
6
CONTINUOUS
10
0.2877981889763779
20
0.9946844094488189
11
0.2870472440944882
21
0.9948856692913386
0
LINE
8
BLACK
6
CONTINUOUS
10
0.2870472440944882
20
0.9948856692913386
11
0.2864974409448819
21
0.9954354330708661
0
LINE
8
BLACK
6
CONTINUOUS
10
0.2864974409448819
20
0.9954354330708661
11
0.2858241732283465
21
0.9958241732283465
0
LINE
8
BLACK
6
CONTINUOUS
10
0.2858241732283465
20
0.9958241732283465
11
0.2716483464566929
21
1.01
0
LINE
8
BLACK
6
CONTINUOUS
10
0.2716483464566929
20
1.01
11
0.22
21
1.01
0
LINE
8
BLACK
6
CONTINUOUS
10
0.22
20
1.01
11
0.22
21
1.0340944881889764
0
LINE
8
BLACK
6
CONTINUOUS
10
0.22
20
1.0340944881889764
11
0.18
21
1.0340944881889764
0
LINE
8
BLACK
6
CONTINUOUS
10
0.18
20
1.0340944881889764
11
0.18
21
1.01
0
LINE
8
BLACK
6
CONTINUOUS
10
0.18
20
1.01
11
0.12
21
1.01
0
LINE
8
BLACK
6
CONTINUOUS
10
0.12
20
1.01
11
0.12
21
1.0700000000000001
0
LINE
8
BLACK
6
CONTINUOUS
10
0.12
20
1.0700000000000001
11
0.18
21
1.0700000000000001
0
LINE
8
BLACK
6
CONTINUOUS
10
0.18
20
1.0700000000000001
11
0.18
21
1.0459055118110236
0
LINE
8
BLACK
6
CONTINUOUS
10
0.65
20
1.4399999999999999
11
0.6259055118110236
21
1.4399999999999999
0
LINE
8
BLACK
6
CONTINUOUS
10
0.6259055118110236
20
1.4399999999999999
11
0.6259055118110236
21
1.3999999999999999
0
LINE
8
BLACK
6
CONTINUOUS
10
0.6259055118110236
20
1.3999999999999999
11
0.65
21
1.3999999999999999
0
LINE
8
BLACK
6
CONTINUOUS
10
0.65
20
1.3999999999999999
11
0.65
21
1.3400000000000001
0
LINE
8
BLACK
6
CONTINUOUS
10
0.65
20
1.3400000000000001
11
0.6384055118110236
21
1.3400000000000001
0
LINE
8
BLACK
6
CONTINUOUS
10
0.6384055118110236
20
1.3400000000000001
11
0.6384055118110236
21
1.28
0
LINE
8
BLACK
6
CONTINUOUS
10
0.6384055118110236
20
1.28
11
0.65
21
1.28
0
LINE
8
BLACK
6
CONTINUOUS
10
0.65
20
1.28
11
0.65
21
1.2249999999999999
0
LINE
8
BLACK
6
CONTINUOUS
10
0.65
20
1.2249999999999999
11
0.6233516535433071
21
1.2249999999999999
0
LINE
8
BLACK
6
CONTINUOUS
10
0.6233516535433071
20
1.2249999999999999
11
0.5959055118110236
21
1.1975538582677165
0
LINE
8
BLACK
6
CONTINUOUS
10
0.5959055118110236
20
1.1975538582677165
11
0.5959055118110236
21
1.0800000000000001
0
LINE
8
BLACK
6
CONTINUOUS
10
0.5959055118110236
20
1.0800000000000001
11
0.5957042913385827
21
1.0792490157480314
0
LINE
8
BLACK
6
CONTINUOUS
10
0.5957042913385827
20
1.0792490157480314
11
0.5957042913385827
21
1.0784715354330709
0
LINE
8
BLACK
6
CONTINUOUS
10
0.5957042913385827
20
1.0784715354330709
11
0.5953155511811024
21
1.0777981889763779
0
LINE
8
BLACK
6
CONTINUOUS
10
0.5953155511811024
20
1.0777981889763779
11
0.5951143307086614
21
1.0770472440944883
0
LINE
8
BLACK
6
CONTINUOUS
10
0.5951143307086614
20
1.0770472440944883
11
0.5945645275590551
21
1.0764974409448818
0
LINE
8
BLACK
6
CONTINUOUS
10
0.5945645275590551
20
1.0764974409448818
11
0.5941758267716535
21
1.0758241732283464
0
LINE
8
BLACK
6
CONTINUOUS
10
0.5941758267716535
20
1.0758241732283464
11
0.5759055118110236
21
1.0575538582677164
0
LINE
8
BLACK
6
CONTINUOUS
10
0.5759055118110236
20
1.0575538582677164
11
0.5759055118110236
21
1.0291390551181101
0
LINE
8
BLACK
6
CONTINUOUS
10
0.5759055118110236
20
1.0291390551181101
11
0.5891390551181103
21
1.0159055118110236
0
LINE
8
BLACK
6
CONTINUOUS
10
0.5891390551181103
20
1.0159055118110236
11
0.63
21
1.0159055118110236
0
LINE
8
BLACK
6
CONTINUOUS
10
0.63
20
1.0159055118110236
11
0.6614960629921259
21
1.0159055118110236
0
LINE
8
BLACK
6
CONTINUOUS
10
0.6614960629921259
20
1.0159055118110236
11
0.6614960629921259
21
1.0040944881889764
0
LINE
8
BLACK
6
CONTINUOUS
10
0.6614960629921259
20
1.0040944881889764
11
0.598503937007874
21
1.0040944881889764
0
LINE
8
BLACK
6
CONTINUOUS
10
0.598503937007874
20
1.0040944881889764
11
0.5866929133858267
21
1.0040944881889764
0
LINE
8
BLACK
6
CONTINUOUS
10
0.5866929133858267
20
1.0040944881889764
11
0.5859419291338582
21
1.0042957086614173
0
LINE
8
BLACK
6
CONTINUOUS
10
0.5859419291338582
20
1.0042957086614173
11
0.5851644488188976
21
1.0042957086614173
0
LINE
8
BLACK
6
CONTINUOUS
10
0.5851644488188976
20
1.0042957086614173
11
0.5844911023622047
21
1.004684409448819
0
LINE
8
BLACK
6
CONTINUOUS
10
0.5844911023622047
20
1.004684409448819
11
0.5837401574803149
21
1.0048856692913386
0
LINE
8
BLACK
6
CONTINUOUS
10
0.5837401574803149
20
1.0048856692913386
11
0.5831903543307086
21
1.0054354330708661
0
LINE
8
BLACK
6
CONTINUOUS
10
0.5831903543307086
20
1.0054354330708661
11
0.5825170866141732
21
1.0058241732283464
0
LINE
8
BLACK
6
CONTINUOUS
10
0.5825170866141732
20
1.0058241732283464
11
0.5658241732283464
21
1.0225170866141733
0
LINE
8
BLACK
6
CONTINUOUS
10
0.5658241732283464
20
1.0225170866141733
11
0.5654354330708661
21
1.0231903543307086
0
LINE
8
BLACK
6
CONTINUOUS
10
0.5654354330708661
20
1.0231903543307086
11
0.5648856692913385
21
1.0237401574803149
0
LINE
8
BLACK
6
CONTINUOUS
10
0.5648856692913385
20
1.0237401574803149
11
0.5646844094488189
21
1.0244911023622048
0
LINE
8
BLACK
6
CONTINUOUS
10
0.5646844094488189
20
1.0244911023622048
11
0.5642957086614173
21
1.0251644488188976
0
LINE
8
BLACK
6
CONTINUOUS
10
0.5642957086614173
20
1.0251644488188976
11
0.5642957086614173
21
1.0259419291338583
0
LINE
8
BLACK
6
CONTINUOUS
10
0.5642957086614173
20
1.0259419291338583
11
0.5640944881889763
21
1.0266929133858267
0
LINE
8
BLACK
6
CONTINUOUS
10
0.5640944881889763
20
1.0266929133858267
11
0.5640944881889763
21
1.0600000000000001
0
LINE
8
BLACK
6
CONTINUOUS
10
0.5640944881889763
20
1.0600000000000001
11
0.5642957086614173
21
1.0607509448818897
0
LINE
8
BLACK
6
CONTINUOUS
10
0.5642957086614173
20
1.0607509448818897
11
0.5642957086614173
21
1.0615284645669292
0
LINE
8
BLACK
6
CONTINUOUS
10
0.5642957086614173
20
1.0615284645669292
11
0.5646844094488189
21
1.0622017716535432
0
LINE
8
BLACK
6
CONTINUOUS
10
0.5646844094488189
20
1.0622017716535432
11
0.5648856692913385
21
1.0629527559055119
0
LINE
8
BLACK
6
CONTINUOUS
10
0.5648856692913385
20
1.0629527559055119
11
0.5654354330708661
21
1.0635025196850394
0
LINE
8
BLACK
6
CONTINUOUS
10
0.5654354330708661
20
1.0635025196850394
11
0.5658241732283464
21
1.0641758267716535
0
LINE
8
BLACK
6
CONTINUOUS
10
0.5658241732283464
20
1.0641758267716535
11
0.5840944881889764
21
1.0824461417322835
0
LINE
8
BLACK
6
CONTINUOUS
10
0.5840944881889764
20
1.0824461417322835
11
0.5840944881889764
21
1.2
0
LINE
8
BLACK
6
CONTINUOUS
10
0.5840944881889764
20
1.2
11
0.5842957086614173
21
1.2007509448818898
0
LINE
8
BLACK
6
CONTINUOUS
10
0.5842957086614173
20
1.2007509448818898
11
0.5842957086614173
21
1.2015284645669291
0
LINE
8
BLACK
6
CONTINUOUS
10
0.5842957086614173
20
1.2015284645669291
11
0.5846844094488188
21
1.2022017716535434
0
LINE
8
BLACK
6
CONTINUOUS
10
0.5846844094488188
20
1.2022017716535434
11
0.5848856692913386
21
1.2029527559055118
0
LINE
8
BLACK
6
CONTINUOUS
10
0.5848856692913386
20
1.2029527559055118
11
0.5854354330708661
21
1.2035025196850393
0
LINE
8
BLACK
6
CONTINUOUS
10
0.5854354330708661
20
1.2035025196850393
11
0.5858241732283465
21
1.2041758267716536
0
LINE
8
BLACK
6
CONTINUOUS
10
0.5858241732283465
20
1.2041758267716536
11
0.615
21
1.2333516535433071
0
LINE
8
BLACK
6
CONTINUOUS
10
0.615
20
1.2333516535433071
11
0.615
21
1.28
0
LINE
8
BLACK
6
CONTINUOUS
10
0.615
20
1.28
11
0.6265944881889763
21
1.28
0
LINE
8
BLACK
6
CONTINUOUS
10
0.6265944881889763
20
1.28
11
0.6265944881889763
21
1.3400000000000001
0
LINE
8
BLACK
6
CONTINUOUS
10
0.6265944881889763
20
1.3400000000000001
11
0.59
21
1.3400000000000001
0
LINE
8
BLACK
6
CONTINUOUS
10
0.59
20
1.3400000000000001
11
0.59
21
1.3999999999999999
0
LINE
8
BLACK
6
CONTINUOUS
10
0.59
20
1.3999999999999999
11
0.6140944881889764
21
1.3999999999999999
0
LINE
8
BLACK
6
CONTINUOUS
10
0.6140944881889764
20
1.3999999999999999
11
0.6140944881889764
21
1.4399999999999999
0
LINE
8
BLACK
6
CONTINUOUS
10
0.6140944881889764
20
1.4399999999999999
11
0.59
21
1.4399999999999999
0
LINE
8
BLACK
6
CONTINUOUS
10
0.59
20
1.4399999999999999
11
0.59
21
1.5
0
LINE
8
BLACK
6
CONTINUOUS
10
0.59
20
1.5
11
0.65
21
1.5
0
LINE
8
BLACK
6
CONTINUOUS
10
0.65
20
1.5
11
0.65
21
1.4399999999999999
0
LINE
8
BLACK
6
CONTINUOUS
10
0.6675
20
1.0825
11
0.6359055118110236
21
1.0825
0
LINE
8
BLACK
6
CONTINUOUS
10
0.6359055118110236
20
1.0825
11
0.6359055118110236
21
1.0414960629921259
0
LINE
8
BLACK
6
CONTINUOUS
10
0.6359055118110236
20
1.0414960629921259
11
0.6614960629921259
21
1.0414960629921259
0
LINE
8
BLACK
6
CONTINUOUS
10
0.6614960629921259
20
1.0414960629921259
11
0.6614960629921259
21
1.0296850393700787
0
LINE
8
BLACK
6
CONTINUOUS
10
0.6614960629921259
20
1.0296850393700787
11
0.63
21
1.0296850393700787
0
LINE
8
BLACK
6
CONTINUOUS
10
0.63
20
1.0296850393700787
11
0.598503937007874
21
1.0296850393700787
0
LINE
8
BLACK
6
CONTINUOUS
10
0.598503937007874
20
1.0296850393700787
11
0.598503937007874
21
1.0414960629921259
0
LINE
8
BLACK
6
CONTINUOUS
10
0.598503937007874
20
1.0414960629921259
11
0.6240944881889764
21
1.0414960629921259
0
LINE
8
BLACK
6
CONTINUOUS
10
0.6240944881889764
20
1.0414960629921259
11
0.6240944881889764
21
1.0825
0
LINE
8
BLACK
6
CONTINUOUS
10
0.6240944881889764
20
1.0825
11
0.6124999999999999
21
1.0825
0
LINE
8
BLACK
6
CONTINUOUS
10
0.6124999999999999
20
1.0825
11
0.6124999999999999
21
1.1174999999999999
0
LINE
8
BLACK
6
CONTINUOUS
10
0.6124999999999999
20
1.1174999999999999
11
0.6675
21
1.1174999999999999
0
LINE
8
BLACK
6
CONTINUOUS
10
0.6675
20
1.1174999999999999
11
0.6675
21
1.0825
0
LINE
8
BLACK
6
CONTINUOUS
10
0.18
20
1.1459055118110235
11
0.22
21
1.1459055118110235
0
LINE
8
BLACK
6
CONTINUOUS
10
0.22
20
1.1459055118110235
11
0.22
21
1.1699999999999999
0
LINE
8
BLACK
6
CONTINUOUS
10
0.22
20
1.1699999999999999
11
0.28
21
1.1699999999999999
0
LINE
8
BLACK
6
CONTINUOUS
10
0.28
20
1.1699999999999999
11
0.28
21
1.1183516535433071
0
LINE
8
BLACK
6
CONTINUOUS
10
0.28
20
1.1183516535433071
11
0.3124461417322835
21
1.0859055118110237
0
LINE
8
BLACK
6
CONTINUOUS
10
0.3124461417322835
20
1.0859055118110237
11
0.335
21
1.0859055118110237
0
LINE
8
BLACK
6
CONTINUOUS
10
0.335
20
1.0859055118110237
11
0.335
21
1.1074999999999999
0
LINE
8
BLACK
6
CONTINUOUS
10
0.335
20
1.1074999999999999
11
0.37
21
1.1074999999999999
0
LINE
8
BLACK
6
CONTINUOUS
10
0.37
20
1.1074999999999999
11
0.37
21
1.0525
0
LINE
8
BLACK
6
CONTINUOUS
10
0.37
20
1.0525
11
0.335
21
1.0525
0
LINE
8
BLACK
6
CONTINUOUS
10
0.335
20
1.0525
11
0.335
21
1.0740944881889765
0
LINE
8
BLACK
6
CONTINUOUS
10
0.335
20
1.0740944881889765
11
0.31
21
1.0740944881889765
0
LINE
8
BLACK
6
CONTINUOUS
10
0.31
20
1.0740944881889765
11
0.3092490157480315
21
1.0742957086614173
0
LINE
8
BLACK
6
CONTINUOUS
10
0.3092490157480315
20
1.0742957086614173
11
0.3084715354330709
21
1.0742957086614173
0
LINE
8
BLACK
6
CONTINUOUS
10
0.3084715354330709
20
1.0742957086614173
11
0.307798188976378
21
1.0746844094488188
0
LINE
8
BLACK
6
CONTINUOUS
10
0.307798188976378
20
1.0746844094488188
11
0.3070472440944882
21
1.0748856692913387
0
LINE
8
BLACK
6
CONTINUOUS
10
0.3070472440944882
20
1.0748856692913387
11
0.3064974409448819
21
1.0754354330708662
0
LINE
8
BLACK
6
CONTINUOUS
10
0.3064974409448819
20
1.0754354330708662
11
0.3058241732283464
21
1.0758241732283464
0
LINE
8
BLACK
6
CONTINUOUS
10
0.3058241732283464
20
1.0758241732283464
11
0.2716483464566929
21
1.1099999999999999
0
LINE
8
BLACK
6
CONTINUOUS
10
0.2716483464566929
20
1.1099999999999999
11
0.22
21
1.1099999999999999
0
LINE
8
BLACK
6
CONTINUOUS
10
0.22
20
1.1099999999999999
11
0.22
21
1.1340944881889763
0
LINE
8
BLACK
6
CONTINUOUS
10
0.22
20
1.1340944881889763
11
0.18
21
1.1340944881889763
0
LINE
8
BLACK
6
CONTINUOUS
10
0.18
20
1.1340944881889763
11
0.18
21
1.1099999999999999
0
LINE
8
BLACK
6
CONTINUOUS
10
0.18
20
1.1099999999999999
11
0.12
21
1.1099999999999999
0
LINE
8
BLACK
6
CONTINUOUS
10
0.12
20
1.1099999999999999
11
0.12
21
1.1699999999999999
0
LINE
8
BLACK
6
CONTINUOUS
10
0.12
20
1.1699999999999999
11
0.18
21
1.1699999999999999
0
LINE
8
BLACK
6
CONTINUOUS
10
0.18
20
1.1699999999999999
11
0.18
21
1.1459055118110235
0
LINE
8
BLACK
6
CONTINUOUS
10
0.2748664173228346
20
1.2449772834645669
11
0.2792564566929134
21
1.242740433070866
0
LINE
8
BLACK
6
CONTINUOUS
10
0.2792564566929134
20
1.242740433070866
11
0.2827404330708662
21
1.2392564566929134
0
LINE
8
BLACK
6
CONTINUOUS
10
0.2827404330708662
20
1.2392564566929134
11
0.2849772834645669
21
1.2348664173228345
0
LINE
8
BLACK
6
CONTINUOUS
10
0.2849772834645669
20
1.2348664173228345
11
0.285748031496063
21
1.23
0
LINE
8
BLACK
6
CONTINUOUS
10
0.285748031496063
20
1.23
11
0.2851173622047244
21
1.2260181102362204
0
LINE
8
BLACK
6
CONTINUOUS
10
0.2851173622047244
20
1.2260181102362204
11
0.335
21
1.1761355118110235
0
LINE
8
BLACK
6
CONTINUOUS
10
0.335
20
1.1761355118110235
11
0.335
21
1.1875
0
LINE
8
BLACK
6
CONTINUOUS
10
0.335
20
1.1875
11
0.37
21
1.1875
0
LINE
8
BLACK
6
CONTINUOUS
10
0.37
20
1.1875
11
0.37
21
1.1325000000000001
0
LINE
8
BLACK
6
CONTINUOUS
10
0.37
20
1.1325000000000001
11
0.335
21
1.1325000000000001
0
LINE
8
BLACK
6
CONTINUOUS
10
0.335
20
1.1325000000000001
11
0.335
21
1.154075433070866
0
LINE
8
BLACK
6
CONTINUOUS
10
0.335
20
1.154075433070866
11
0.3344322440944882
21
1.1544322047244093
0
LINE
8
BLACK
6
CONTINUOUS
10
0.3344322440944882
20
1.1544322047244093
11
0.2739818503937008
21
1.2148825984251967
0
LINE
8
BLACK
6
CONTINUOUS
10
0.2739818503937008
20
1.2148825984251967
11
0.27
21
1.214251968503937
0
LINE
8
BLACK
6
CONTINUOUS
10
0.27
20
1.214251968503937
11
0.2651335826771654
21
1.215022716535433
0
LINE
8
BLACK
6
CONTINUOUS
10
0.2651335826771654
20
1.215022716535433
11
0.2607435433070866
21
1.2172595669291337
0
LINE
8
BLACK
6
CONTINUOUS
10
0.2607435433070866
20
1.2172595669291337
11
0.2572595669291339
21
1.2207435433070866
0
LINE
8
BLACK
6
CONTINUOUS
10
0.2572595669291339
20
1.2207435433070866
11
0.2550227165354331
21
1.2251335826771654
0
LINE
8
BLACK
6
CONTINUOUS
10
0.2550227165354331
20
1.2251335826771654
11
0.254251968503937
21
1.23
0
LINE
8
BLACK
6
CONTINUOUS
10
0.254251968503937
20
1.23
11
0.2550227165354331
21
1.2348664173228345
0
LINE
8
BLACK
6
CONTINUOUS
10
0.2550227165354331
20
1.2348664173228345
11
0.2572595669291339
21
1.2392564566929134
0
LINE
8
BLACK
6
CONTINUOUS
10
0.2572595669291339
20
1.2392564566929134
11
0.2607435433070866
21
1.242740433070866
0
LINE
8
BLACK
6
CONTINUOUS
10
0.2607435433070866
20
1.242740433070866
11
0.2651335826771654
21
1.2449772834645669
0
LINE
8
BLACK
6
CONTINUOUS
10
0.2651335826771654
20
1.2449772834645669
11
0.27
21
1.2457480314960629
0
LINE
8
BLACK
6
CONTINUOUS
10
0.27
20
1.2457480314960629
11
0.2748664173228346
21
1.2449772834645669
0
LINE
8
BLACK
6
CONTINUOUS
10
0.5221884645669291
20
1.2207910629921259
11
0.5242478346456693
21
1.2189011811023622
0
LINE
8
BLACK
6
CONTINUOUS
10
0.5242478346456693
20
1.2189011811023622
11
0.5247177165354331
21
1.2178724409448818
0
LINE
8
BLACK
6
CONTINUOUS
10
0.5247177165354331
20
1.2178724409448818
11
0.524816968503937
21
1.217566968503937
0
LINE
8
BLACK
6
CONTINUOUS
10
0.524816968503937
20
1.217566968503937
11
0.5270846062992126
21
1.2131164173228346
0
LINE
8
BLACK
6
CONTINUOUS
10
0.5270846062992126
20
1.2131164173228346
11
0.5306164173228346
21
1.2095846062992126
0
LINE
8
BLACK
6
CONTINUOUS
10
0.5306164173228346
20
1.2095846062992126
11
0.5350666929133858
21
1.2073171259842519
0
LINE
8
BLACK
6
CONTINUOUS
10
0.5350666929133858
20
1.2073171259842519
11
0.5350667716535433
21
1.2073170866141731
0
LINE
8
BLACK
6
CONTINUOUS
10
0.5350667716535433
20
1.2073170866141731
11
0.5387590944881889
21
1.2067322834645668
0
LINE
8
BLACK
6
CONTINUOUS
10
0.5387590944881889
20
1.2067322834645668
11
0.5633661417322835
21
1.2067322834645668
0
LINE
8
BLACK
6
CONTINUOUS
10
0.5633661417322835
20
1.2067322834645668
11
0.5660480708661417
21
1.2059448031496063
0
LINE
8
BLACK
6
CONTINUOUS
10
0.5660480708661417
20
1.2059448031496063
11
0.5678785039370079
21
1.2038323622047244
0
LINE
8
BLACK
6
CONTINUOUS
10
0.5678785039370079
20
1.2038323622047244
11
0.5683267716535433
21
1.201771653543307
0
LINE
8
BLACK
6
CONTINUOUS
10
0.5683267716535433
20
1.201771653543307
11
0.5683267716535433
21
1.2013653543307086
0
LINE
8
BLACK
6
CONTINUOUS
10
0.5683267716535433
20
1.2013653543307086
11
0.568300748031496
21
1.2008579921259843
0
LINE
8
BLACK
6
CONTINUOUS
10
0.568300748031496
20
1.2008579921259843
11
0.5681357086614173
21
1.1992531102362205
0
LINE
8
BLACK
6
CONTINUOUS
10
0.5681357086614173
20
1.1992531102362205
11
0.5682546456692913
21
1.1985634251968504
0
LINE
8
BLACK
6
CONTINUOUS
10
0.5682546456692913
20
1.1985634251968504
11
0.5683267716535433
21
1.1977206299212597
0
LINE
8
BLACK
6
CONTINUOUS
10
0.5683267716535433
20
1.1977206299212597
11
0.5683267716535433
21
1.1400575984251968
0
LINE
8
BLACK
6
CONTINUOUS
10
0.5683267716535433
20
1.1400575984251968
11
0.5675392913385827
21
1.1373756692913386
0
LINE
8
BLACK
6
CONTINUOUS
10
0.5675392913385827
20
1.1373756692913386
11
0.5654268503937008
21
1.1355452362204723
0
LINE
8
BLACK
6
CONTINUOUS
10
0.5654268503937008
20
1.1355452362204723
11
0.5626601574803149
21
1.1351474409448818
0
LINE
8
BLACK
6
CONTINUOUS
10
0.5626601574803149
20
1.1351474409448818
11
0.5625901181102362
21
1.135158031496063
0
LINE
8
BLACK
6
CONTINUOUS
10
0.5625901181102362
20
1.135158031496063
11
0.5624333070866142
21
1.1351828346456692
0
LINE
8
BLACK
6
CONTINUOUS
10
0.5624333070866142
20
1.1351828346456692
11
0.5624332283464567
21
1.1351829133858267
0
LINE
8
BLACK
6
CONTINUOUS
10
0.5624332283464567
20
1.1351829133858267
11
0.558740905511811
21
1.135767716535433
0
LINE
8
BLACK
6
CONTINUOUS
10
0.558740905511811
20
1.135767716535433
11
0.5091338188976378
21
1.1357676771653542
0
LINE
8
BLACK
6
CONTINUOUS
10
0.5091338188976378
20
1.1357676771653542
11
0.5064519291338583
21
1.136555157480315
0
LINE
8
BLACK
6
CONTINUOUS
10
0.5064519291338583
20
1.136555157480315
11
0.5046214960629921
21
1.1386675984251968
0
LINE
8
BLACK
6
CONTINUOUS
10
0.5046214960629921
20
1.1386675984251968
11
0.5041732283464567
21
1.1407283070866141
0
LINE
8
BLACK
6
CONTINUOUS
10
0.5041732283464567
20
1.1407283070866141
11
0.5041732283464567
21
1.1599999999999999
0
LINE
8
BLACK
6
CONTINUOUS
10
0.5041732283464567
20
1.1599999999999999
11
0.5024999999999999
21
1.1599999999999999
0
LINE
8
BLACK
6
CONTINUOUS
10
0.5024999999999999
20
1.1599999999999999
11
0.5024999999999999
21
1.1950000000000001
0
LINE
8
BLACK
6
CONTINUOUS
10
0.5024999999999999
20
1.1950000000000001
11
0.5041732283464567
21
1.1950000000000001
0
LINE
8
BLACK
6
CONTINUOUS
10
0.5041732283464567
20
1.1950000000000001
11
0.5041732283464567
21
1.2038899606299212
0
LINE
8
BLACK
6
CONTINUOUS
10
0.5041732283464567
20
1.2038899606299212
11
0.5049607086614173
21
1.2065718897637796
0
LINE
8
BLACK
6
CONTINUOUS
10
0.5049607086614173
20
1.2065718897637796
11
0.5068817716535433
21
1.2083099212598425
0
LINE
8
BLACK
6
CONTINUOUS
10
0.5068817716535433
20
1.2083099212598425
11
0.5093835433070866
21
1.2095846062992126
0
LINE
8
BLACK
6
CONTINUOUS
10
0.5093835433070866
20
1.2095846062992126
11
0.5129153543307087
21
1.2131164173228346
0
LINE
8
BLACK
6
CONTINUOUS
10
0.5129153543307087
20
1.2131164173228346
11
0.5145065354330709
21
1.2162392913385827
0
LINE
8
BLACK
6
CONTINUOUS
10
0.5145065354330709
20
1.2162392913385827
11
0.5151829133858268
21
1.2175667716535432
0
LINE
8
BLACK
6
CONTINUOUS
10
0.5151829133858268
20
1.2175667716535432
11
0.5151829527559055
21
1.217566968503937
0
LINE
8
BLACK
6
CONTINUOUS
10
0.5151829527559055
20
1.217566968503937
11
0.5152820472440944
21
1.217871968503937
0
LINE
8
BLACK
6
CONTINUOUS
10
0.5152820472440944
20
1.217871968503937
11
0.5168596062992126
21
1.2201793307086615
0
LINE
8
BLACK
6
CONTINUOUS
10
0.5168596062992126
20
1.2201793307086615
11
0.5194342125984251
21
1.2212675590551181
0
LINE
8
BLACK
6
CONTINUOUS
10
0.5194342125984251
20
1.2212675590551181
11
0.5221884645669291
21
1.2207910629921259
0
LINE
8
BLACK
6
CONTINUOUS
10
0.75
20
1.4399999999999999
11
0.7259055118110236
21
1.4399999999999999
0
LINE
8
BLACK
6
CONTINUOUS
10
0.7259055118110236
20
1.4399999999999999
11
0.7259055118110236
21
1.3999999999999999
0
LINE
8
BLACK
6
CONTINUOUS
10
0.7259055118110236
20
1.3999999999999999
11
0.75
21
1.3999999999999999
0
LINE
8
BLACK
6
CONTINUOUS
10
0.75
20
1.3999999999999999
11
0.75
21
1.3400000000000001
0
LINE
8
BLACK
6
CONTINUOUS
10
0.75
20
1.3400000000000001
11
0.6983516535433071
21
1.3400000000000001
0
LINE
8
BLACK
6
CONTINUOUS
10
0.6983516535433071
20
1.3400000000000001
11
0.6759055118110237
21
1.3175538582677164
0
LINE
8
BLACK
6
CONTINUOUS
10
0.6759055118110237
20
1.3175538582677164
11
0.6759055118110237
21
1.1950000000000001
0
LINE
8
BLACK
6
CONTINUOUS
10
0.6759055118110237
20
1.1950000000000001
11
0.6757042913385827
21
1.1942490157480314
0
LINE
8
BLACK
6
CONTINUOUS
10
0.6757042913385827
20
1.1942490157480314
11
0.6757042913385827
21
1.1934715354330709
0
LINE
8
BLACK
6
CONTINUOUS
10
0.6757042913385827
20
1.1934715354330709
11
0.6753155511811023
21
1.1927981889763779
0
LINE
8
BLACK
6
CONTINUOUS
10
0.6753155511811023
20
1.1927981889763779
11
0.6751143307086614
21
1.1920472440944883
0
LINE
8
BLACK
6
CONTINUOUS
10
0.6751143307086614
20
1.1920472440944883
11
0.674564527559055
21
1.191497440944882
0
LINE
8
BLACK
6
CONTINUOUS
10
0.674564527559055
20
1.191497440944882
11
0.6741758267716536
21
1.1908241732283464
0
LINE
8
BLACK
6
CONTINUOUS
10
0.6741758267716536
20
1.1908241732283464
11
0.6675
21
1.1841483464566929
0
LINE
8
BLACK
6
CONTINUOUS
10
0.6675
20
1.1841483464566929
11
0.6675
21
1.1575
0
LINE
8
BLACK
6
CONTINUOUS
10
0.6675
20
1.1575
11
0.6124999999999999
21
1.1575
0
LINE
8
BLACK
6
CONTINUOUS
10
0.6124999999999999
20
1.1575
11
0.6124999999999999
21
1.1924999999999999
0
LINE
8
BLACK
6
CONTINUOUS
10
0.6124999999999999
20
1.1924999999999999
11
0.6591483464566928
21
1.1924999999999999
0
LINE
8
BLACK
6
CONTINUOUS
10
0.6591483464566928
20
1.1924999999999999
11
0.6640944881889763
21
1.1974461417322835
0
LINE
8
BLACK
6
CONTINUOUS
10
0.6640944881889763
20
1.1974461417322835
11
0.6640944881889763
21
1.3200000000000001
0
LINE
8
BLACK
6
CONTINUOUS
10
0.6640944881889763
20
1.3200000000000001
11
0.6642957086614173
21
1.3207509448818897
0
LINE
8
BLACK
6
CONTINUOUS
10
0.6642957086614173
20
1.3207509448818897
11
0.6642957086614173
21
1.3215284645669292
0
LINE
8
BLACK
6
CONTINUOUS
10
0.6642957086614173
20
1.3215284645669292
11
0.6646844094488189
21
1.3222017716535432
0
LINE
8
BLACK
6
CONTINUOUS
10
0.6646844094488189
20
1.3222017716535432
11
0.6648856692913385
21
1.3229527559055119
0
LINE
8
BLACK
6
CONTINUOUS
10
0.6648856692913385
20
1.3229527559055119
11
0.6654354330708662
21
1.3235025196850394
0
LINE
8
BLACK
6
CONTINUOUS
10
0.6654354330708662
20
1.3235025196850394
11
0.6658241732283464
21
1.3241758267716535
0
LINE
8
BLACK
6
CONTINUOUS
10
0.6658241732283464
20
1.3241758267716535
11
0.6899999999999999
21
1.3483516535433071
0
LINE
8
BLACK
6
CONTINUOUS
10
0.6899999999999999
20
1.3483516535433071
11
0.6899999999999999
21
1.3999999999999999
0
LINE
8
BLACK
6
CONTINUOUS
10
0.6899999999999999
20
1.3999999999999999
11
0.7140944881889764
21
1.3999999999999999
0
LINE
8
BLACK
6
CONTINUOUS
10
0.7140944881889764
20
1.3999999999999999
11
0.7140944881889764
21
1.4399999999999999
0
LINE
8
BLACK
6
CONTINUOUS
10
0.7140944881889764
20
1.4399999999999999
11
0.6899999999999999
21
1.4399999999999999
0
LINE
8
BLACK
6
CONTINUOUS
10
0.6899999999999999
20
1.4399999999999999
11
0.6899999999999999
21
1.5
0
LINE
8
BLACK
6
CONTINUOUS
10
0.6899999999999999
20
1.5
11
0.75
21
1.5
0
LINE
8
BLACK
6
CONTINUOUS
10
0.75
20
1.5
11
0.75
21
1.4399999999999999
0
LINE
8
BLACK
6
CONTINUOUS
10
0.5499999999999999
20
1.4399999999999999
11
0.5259055118110236
21
1.4399999999999999
0
LINE
8
BLACK
6
CONTINUOUS
10
0.5259055118110236
20
1.4399999999999999
11
0.5259055118110236
21
1.3999999999999999
0
LINE
8
BLACK
6
CONTINUOUS
10
0.5259055118110236
20
1.3999999999999999
11
0.5499999999999999
21
1.3999999999999999
0
LINE
8
BLACK
6
CONTINUOUS
10
0.5499999999999999
20
1.3999999999999999
11
0.5499999999999999
21
1.3483516535433071
0
LINE
8
BLACK
6
CONTINUOUS
10
0.5499999999999999
20
1.3483516535433071
11
0.5616758267716535
21
1.3366758267716534
0
LINE
8
BLACK
6
CONTINUOUS
10
0.5616758267716535
20
1.3366758267716534
11
0.5620645275590551
21
1.3360025196850394
0
LINE
8
BLACK
6
CONTINUOUS
10
0.5620645275590551
20
1.3360025196850394
11
0.5626143307086614
21
1.3354527559055118
0
LINE
8
BLACK
6
CONTINUOUS
10
0.5626143307086614
20
1.3354527559055118
11
0.5628155511811024
21
1.3347017716535432
0
LINE
8
BLACK
6
CONTINUOUS
10
0.5628155511811024
20
1.3347017716535432
11
0.5632042913385826
21
1.3340284645669291
0
LINE
8
BLACK
6
CONTINUOUS
10
0.5632042913385826
20
1.3340284645669291
11
0.5632042913385826
21
1.3332509448818897
0
LINE
8
BLACK
6
CONTINUOUS
10
0.5632042913385826
20
1.3332509448818897
11
0.5634055118110236
21
1.3325
0
LINE
8
BLACK
6
CONTINUOUS
10
0.5634055118110236
20
1.3325
11
0.5634055118110236
21
1.2775000000000001
0
LINE
8
BLACK
6
CONTINUOUS
10
0.5634055118110236
20
1.2775000000000001
11
0.575
21
1.2775000000000001
0
LINE
8
BLACK
6
CONTINUOUS
10
0.575
20
1.2775000000000001
11
0.575
21
1.2224999999999999
0
LINE
8
BLACK
6
CONTINUOUS
10
0.575
20
1.2224999999999999
11
0.54
21
1.2224999999999999
0
LINE
8
BLACK
6
CONTINUOUS
10
0.54
20
1.2224999999999999
11
0.54
21
1.2775000000000001
0
LINE
8
BLACK
6
CONTINUOUS
10
0.54
20
1.2775000000000001
11
0.5515944881889764
21
1.2775000000000001
0
LINE
8
BLACK
6
CONTINUOUS
10
0.5515944881889764
20
1.2775000000000001
11
0.5515944881889764
21
1.3300538582677166
0
LINE
8
BLACK
6
CONTINUOUS
10
0.5515944881889764
20
1.3300538582677166
11
0.5416483464566929
21
1.3400000000000001
0
LINE
8
BLACK
6
CONTINUOUS
10
0.5416483464566929
20
1.3400000000000001
11
0.49
21
1.3400000000000001
0
LINE
8
BLACK
6
CONTINUOUS
10
0.49
20
1.3400000000000001
11
0.49
21
1.3565944881889764
0
LINE
8
BLACK
6
CONTINUOUS
10
0.49
20
1.3565944881889764
11
0.4375
21
1.3565944881889764
0
LINE
8
BLACK
6
CONTINUOUS
10
0.4375
20
1.3565944881889764
11
0.4375
21
1.345
0
LINE
8
BLACK
6
CONTINUOUS
10
0.4375
20
1.345
11
0.3825
21
1.345
0
LINE
8
BLACK
6
CONTINUOUS
10
0.3825
20
1.345
11
0.3825
21
1.3799999999999999
0
LINE
8
BLACK
6
CONTINUOUS
10
0.3825
20
1.3799999999999999
11
0.4375
21
1.3799999999999999
0
LINE
8
BLACK
6
CONTINUOUS
10
0.4375
20
1.3799999999999999
11
0.4375
21
1.3684055118110237
0
LINE
8
BLACK
6
CONTINUOUS
10
0.4375
20
1.3684055118110237
11
0.49
21
1.3684055118110237
0
LINE
8
BLACK
6
CONTINUOUS
10
0.49
20
1.3684055118110237
11
0.49
21
1.3999999999999999
0
LINE
8
BLACK
6
CONTINUOUS
10
0.49
20
1.3999999999999999
11
0.5140944881889764
21
1.3999999999999999
0
LINE
8
BLACK
6
CONTINUOUS
10
0.5140944881889764
20
1.3999999999999999
11
0.5140944881889764
21
1.4399999999999999
0
LINE
8
BLACK
6
CONTINUOUS
10
0.5140944881889764
20
1.4399999999999999
11
0.49
21
1.4399999999999999
0
LINE
8
BLACK
6
CONTINUOUS
10
0.49
20
1.4399999999999999
11
0.49
21
1.5
0
LINE
8
BLACK
6
CONTINUOUS
10
0.49
20
1.5
11
0.5499999999999999
21
1.5
0
LINE
8
BLACK
6
CONTINUOUS
10
0.5499999999999999
20
1.5
11
0.5499999999999999
21
1.4399999999999999
0
LINE
8
BLACK
6
CONTINUOUS
10
1.5847488582677165
20
1.5862400787401574
11
1.5865792913385826
21
1.5841276377952755
0
LINE
8
BLACK
6
CONTINUOUS
10
1.5865792913385826
20
1.5841276377952755
11
1.5870275590551182
21
1.5820669291338583
0
LINE
8
BLACK
6
CONTINUOUS
10
1.5870275590551182
20
1.5820669291338583
11
1.5870275590551182
21
0.0179330708661417
0
LINE
8
BLACK
6
CONTINUOUS
10
1.5870275590551182
20
0.0179330708661417
11
1.5862400787401574
21
0.0152511417322835
0
LINE
8
BLACK
6
CONTINUOUS
10
1.5862400787401574
20
0.0152511417322835
11
1.5841276377952755
21
0.0134207086614173
0
LINE
8
BLACK
6
CONTINUOUS
10
1.5841276377952755
20
0.0134207086614173
11
1.5820669291338583
21
0.0129724409448819
0
LINE
8
BLACK
6
CONTINUOUS
10
1.5820669291338583
20
0.0129724409448819
11
0.0179330708661417
21
0.0129724409448819
0
LINE
8
BLACK
6
CONTINUOUS
10
0.0179330708661417
20
0.0129724409448819
11
0.0152511417322835
21
0.0137599212598425
0
LINE
8
BLACK
6
CONTINUOUS
10
0.0152511417322835
20
0.0137599212598425
11
0.0134207086614173
21
0.0158723622047244
0
LINE
8
BLACK
6
CONTINUOUS
10
0.0134207086614173
20
0.0158723622047244
11
0.0129724409448819
21
0.0179330708661417
0
LINE
8
BLACK
6
CONTINUOUS
10
0.0129724409448819
20
0.0179330708661417
11
0.0129724409448819
21
0.1369087795275591
0
LINE
8
BLACK
6
CONTINUOUS
10
0.0129724409448819
20
0.1369087795275591
11
0.0129724409448819
21
0.3337591732283465
0
LINE
8
BLACK
6
CONTINUOUS
10
0.0129724409448819
20
0.3337591732283465
11
0.0129724409448819
21
0.5087591732283464
0
LINE
8
BLACK
6
CONTINUOUS
10
0.0129724409448819
20
0.5087591732283464
11
0.0129724409448819
21
1.5820669291338583
0
LINE
8
BLACK
6
CONTINUOUS
10
0.0129724409448819
20
1.5820669291338583
11
0.0137599212598425
21
1.5847488582677165
0
LINE
8
BLACK
6
CONTINUOUS
10
0.0137599212598425
20
1.5847488582677165
11
0.0158723622047244
21
1.5865792913385826
0
LINE
8
BLACK
6
CONTINUOUS
10
0.0158723622047244
20
1.5865792913385826
11
0.0179330708661417
21
1.5870275590551182
0
LINE
8
BLACK
6
CONTINUOUS
10
0.0179330708661417
20
1.5870275590551182
11
1.5820669291338583
21
1.5870275590551182
0
LINE
8
BLACK
6
CONTINUOUS
10
1.5820669291338583
20
1.5870275590551182
11
1.5847488582677165
21
1.5862400787401574
0
LINE
8
BLACK
6
CONTINUOUS
10
0.9149602755905512
20
1.510216496062992
11
0.9149602362204724
21
1.510216496062992
0
LINE
8
BLACK
6
CONTINUOUS
10
0.9149602362204724
20
1.510216496062992
11
0.9147163779527558
21
1.5101902755905512
0
LINE
8
BLACK
6
CONTINUOUS
10
0.9147163779527558
20
1.5101902755905512
11
0.9106634251968504
21
1.5097545669291339
0
LINE
8
BLACK
6
CONTINUOUS
10
0.9106634251968504
20
1.5097545669291339
11
0.9106630708661417
21
1.5097544881889764
0
LINE
8
BLACK
6
CONTINUOUS
10
0.9106630708661417
20
1.5097544881889764
11
0.9106629921259842
21
1.5097544881889764
0
LINE
8
BLACK
6
CONTINUOUS
10
0.9106629921259842
20
1.5097544881889764
11
0.9092387007874015
21
1.5094446456692914
0
LINE
8
BLACK
6
CONTINUOUS
10
0.9092387007874015
20
1.5094446456692914
11
0.908602716535433
21
1.5093062992125983
0
LINE
8
BLACK
6
CONTINUOUS
10
0.908602716535433
20
1.5093062992125983
11
0.9065383070866142
21
1.5086191732283465
0
LINE
8
BLACK
6
CONTINUOUS
10
0.9065383070866142
20
1.5086191732283465
11
0.9045017716535433
21
1.507941377952756
0
LINE
8
BLACK
6
CONTINUOUS
10
0.9045017716535433
20
1.507941377952756
11
0.9045016929133858
21
1.5079413385826772
0
LINE
8
BLACK
6
CONTINUOUS
10
0.9045016929133858
20
1.5079413385826772
11
0.8996609448818897
21
1.5048303937007874
0
LINE
8
BLACK
6
CONTINUOUS
10
0.8996609448818897
20
1.5048303937007874
11
0.8996608661417322
21
1.5048303149606299
0
LINE
8
BLACK
6
CONTINUOUS
10
0.8996608661417322
20
1.5048303149606299
11
0.8996607874015747
21
1.5048302755905512
0
LINE
8
BLACK
6
CONTINUOUS
10
0.8996607874015747
20
1.5048302755905512
11
0.8976496062992125
21
1.503087559055118
0
LINE
8
BLACK
6
CONTINUOUS
10
0.8976496062992125
20
1.503087559055118
11
0.8975620866141732
21
1.5030157480314961
0
LINE
8
BLACK
6
CONTINUOUS
10
0.8975620866141732
20
1.5030157480314961
11
0.8937802755905512
21
1.4986512204724409
0
LINE
8
BLACK
6
CONTINUOUS
10
0.8937802755905512
20
1.4986512204724409
11
0.8937801968503937
21
1.4986511023622047
0
LINE
8
BLACK
6
CONTINUOUS
10
0.8937801968503937
20
1.4986511023622047
11
0.8913898031496063
21
1.4934168897637794
0
LINE
8
BLACK
6
CONTINUOUS
10
0.8913898031496063
20
1.4934168897637794
11
0.8907969291338582
21
1.4913976771653543
0
LINE
8
BLACK
6
CONTINUOUS
10
0.8907969291338582
20
1.4913976771653543
11
0.8906023622047244
21
1.4907349999999999
0
LINE
8
BLACK
6
CONTINUOUS
10
0.8906023622047244
20
1.4907349999999999
11
0.8897834645669291
21
1.4850393700787401
0
LINE
8
BLACK
6
CONTINUOUS
10
0.8897834645669291
20
1.4850393700787401
11
0.8897834645669291
21
1.4850392125984251
0
LINE
8
BLACK
6
CONTINUOUS
10
0.8897834645669291
20
1.4850392125984251
11
0.8897834645669291
21
1.3104286220472441
0
LINE
8
BLACK
6
CONTINUOUS
10
0.8897834645669291
20
1.3104286220472441
11
0.8889959842519685
21
1.3077466929133859
0
LINE
8
BLACK
6
CONTINUOUS
10
0.8889959842519685
20
1.3077466929133859
11
0.8883305118110236
21
1.3069209448818897
0
LINE
8
BLACK
6
CONTINUOUS
10
0.8883305118110236
20
1.3069209448818897
11
0.8271582677165354
21
1.2457487401574803
0
LINE
8
BLACK
6
CONTINUOUS
10
0.8271582677165354
20
1.2457487401574803
11
0.8271579133858268
21
1.245748346456693
0
LINE
8
BLACK
6
CONTINUOUS
10
0.8271579133858268
20
1.245748346456693
11
0.827157716535433
21
1.2457481496062992
0
LINE
8
BLACK
6
CONTINUOUS
10
0.827157716535433
20
1.2457481496062992
11
0.8257119291338583
21
1.2441386614173229
0
LINE
8
BLACK
6
CONTINUOUS
10
0.8257119291338583
20
1.2441386614173229
11
0.8250464566929133
21
1.2433129133858267
0
LINE
8
BLACK
6
CONTINUOUS
10
0.8250464566929133
20
1.2433129133858267
11
0.825046062992126
21
1.2433123622047244
0
LINE
8
BLACK
6
CONTINUOUS
10
0.825046062992126
20
1.2433123622047244
11
0.8250460236220473
21
1.2433123228346457
0
LINE
8
BLACK
6
CONTINUOUS
10
0.8250460236220473
20
1.2433123228346457
11
0.8237803149606299
21
1.2415571653543307
0
LINE
8
BLACK
6
CONTINUOUS
10
0.8237803149606299
20
1.2415571653543307
11
0.8237802362204725
21
1.2415570078740157
0
LINE
8
BLACK
6
CONTINUOUS
10
0.8237802362204725
20
1.2415570078740157
11
0.8213898425196851
21
1.2363227952755904
0
LINE
8
BLACK
6
CONTINUOUS
10
0.8213898425196851
20
1.2363227952755904
11
0.8206023622047244
21
1.2336408661417322
0
LINE
8
BLACK
6
CONTINUOUS
10
0.8206023622047244
20
1.2336408661417322
11
0.8197834645669291
21
1.2279452362204724
0
LINE
8
BLACK
6
CONTINUOUS
10
0.8197834645669291
20
1.2279452362204724
11
0.8197834645669291
21
1.2279450787401573
0
LINE
8
BLACK
6
CONTINUOUS
10
0.8197834645669291
20
1.2279450787401573
11
0.8197834645669291
21
1.1004286614173229
0
LINE
8
BLACK
6
CONTINUOUS
10
0.8197834645669291
20
1.1004286614173229
11
0.8189959842519685
21
1.0977467322834646
0
LINE
8
BLACK
6
CONTINUOUS
10
0.8189959842519685
20
1.0977467322834646
11
0.8183306692913386
21
1.0969211417322835
0
LINE
8
BLACK
6
CONTINUOUS
10
0.8183306692913386
20
1.0969211417322835
11
0.8071576771653544
21
1.0857481496062993
0
LINE
8
BLACK
6
CONTINUOUS
10
0.8071576771653544
20
1.0857481496062993
11
0.8057119291338583
21
1.0841386614173227
0
LINE
8
BLACK
6
CONTINUOUS
10
0.8057119291338583
20
1.0841386614173227
11
0.8050464566929134
21
1.0833129133858268
0
LINE
8
BLACK
6
CONTINUOUS
10
0.8050464566929134
20
1.0833129133858268
11
0.805046062992126
21
1.0833123622047245
0
LINE
8
BLACK
6
CONTINUOUS
10
0.805046062992126
20
1.0833123622047245
11
0.8050460236220472
21
1.0833123228346457
0
LINE
8
BLACK
6
CONTINUOUS
10
0.8050460236220472
20
1.0833123228346457
11
0.8037803149606298
21
1.0815571653543308
0
LINE
8
BLACK
6
CONTINUOUS
10
0.8037803149606298
20
1.0815571653543308
11
0.8037802362204725
21
1.0815570078740158
0
LINE
8
BLACK
6
CONTINUOUS
10
0.8037802362204725
20
1.0815570078740158
11
0.801389842519685
21
1.0763227952755905
0
LINE
8
BLACK
6
CONTINUOUS
10
0.801389842519685
20
1.0763227952755905
11
0.8013898031496063
21
1.0763226377952755
0
LINE
8
BLACK
6
CONTINUOUS
10
0.8013898031496063
20
1.0763226377952755
11
0.8009818503937007
21
1.0749332283464568
0
LINE
8
BLACK
6
CONTINUOUS
10
0.8009818503937007
20
1.0749332283464568
11
0.8006023622047244
21
1.0736408661417323
0
LINE
8
BLACK
6
CONTINUOUS
10
0.8006023622047244
20
1.0736408661417323
11
0.7997834645669292
21
1.0679452362204724
0
LINE
8
BLACK
6
CONTINUOUS
10
0.7997834645669292
20
1.0679452362204724
11
0.7997834645669292
21
1.0679451574803149
0
LINE
8
BLACK
6
CONTINUOUS
10
0.7997834645669292
20
1.0679451574803149
11
0.7997834645669292
21
1.0679450787401574
0
LINE
8
BLACK
6
CONTINUOUS
10
0.7997834645669292
20
1.0679450787401574
11
0.7997834645669292
21
1.0152948818897638
0
LINE
8
BLACK
6
CONTINUOUS
10
0.7997834645669292
20
1.0152948818897638
11
0.8002454724409449
21
1.0109977952755906
0
LINE
8
BLACK
6
CONTINUOUS
10
0.8002454724409449
20
1.0109977952755906
11
0.8002454724409449
21
1.0109976377952756
0
LINE
8
BLACK
6
CONTINUOUS
10
0.8002454724409449
20
1.0109976377952756
11
0.8006935826771653
21
1.0089377559055117
0
LINE
8
BLACK
6
CONTINUOUS
10
0.8006935826771653
20
1.0089377559055117
11
0.8006938188976378
21
1.0089369291338584
0
LINE
8
BLACK
6
CONTINUOUS
10
0.8006938188976378
20
1.0089369291338584
11
0.8020586220472441
21
1.0048363779527558
0
LINE
8
BLACK
6
CONTINUOUS
10
0.8020586220472441
20
1.0048363779527558
11
0.8020586220472441
21
1.0048363385826771
0
LINE
8
BLACK
6
CONTINUOUS
10
0.8020586220472441
20
1.0048363385826771
11
0.802604842519685
21
1.0039863779527558
0
LINE
8
BLACK
6
CONTINUOUS
10
0.802604842519685
20
1.0039863779527558
11
0.8033311023622047
21
1.0020806299212599
0
LINE
8
BLACK
6
CONTINUOUS
10
0.8033311023622047
20
1.0020806299212599
11
0.8037934251968504
21
0.9991611811023622
0
LINE
8
BLACK
6
CONTINUOUS
10
0.8037934251968504
20
0.9991611811023622
11
0.8039140551181102
21
0.9987900787401575
0
LINE
8
BLACK
6
CONTINUOUS
10
0.8039140551181102
20
0.9987900787401575
11
0.8037767322834646
21
0.9987454330708662
0
LINE
8
BLACK
6
CONTINUOUS
10
0.8037767322834646
20
0.9987454330708662
11
0.8041585826771653
21
0.996707716535433
0
LINE
8
BLACK
6
CONTINUOUS
10
0.8041585826771653
20
0.996707716535433
11
0.8038453937007873
21
0.9956416929133858
0
LINE
8
BLACK
6
CONTINUOUS
10
0.8038453937007873
20
0.9956416929133858
11
0.8039140551181102
21
0.9956194094488189
0
LINE
8
BLACK
6
CONTINUOUS
10
0.8039140551181102
20
0.9956194094488189
11
0.8037934645669291
21
0.9952483070866142
0
LINE
8
BLACK
6
CONTINUOUS
10
0.8037934645669291
20
0.9952483070866142
11
0.8034425590551181
21
0.9930327952755905
0
LINE
8
BLACK
6
CONTINUOUS
10
0.8034425590551181
20
0.9930327952755905
11
0.8032884251968504
21
0.9920593307086614
0
LINE
8
BLACK
6
CONTINUOUS
10
0.8032884251968504
20
0.9920593307086614
11
0.8032086614173228
21
0.9915557874015748
0
LINE
8
BLACK
6
CONTINUOUS
10
0.8032086614173228
20
0.9915557874015748
11
0.8032086614173228
21
0.9772631102362205
0
LINE
8
BLACK
6
CONTINUOUS
10
0.8032086614173228
20
0.9772631102362205
11
0.8038545275590551
21
0.9731851181102362
0
LINE
8
BLACK
6
CONTINUOUS
10
0.8038545275590551
20
0.9731851181102362
11
0.8038541338582676
21
0.9731850393700787
0
LINE
8
BLACK
6
CONTINUOUS
10
0.8038541338582676
20
0.9731850393700787
11
0.8040354330708661
21
0.9720403149606299
0
LINE
8
BLACK
6
CONTINUOUS
10
0.8040354330708661
20
0.9720403149606299
11
0.8040354330708661
21
0.9711879921259843
0
LINE
8
BLACK
6
CONTINUOUS
10
0.8040354330708661
20
0.9711879921259843
11
0.8038541338582676
21
0.9700432677165354
0
LINE
8
BLACK
6
CONTINUOUS
10
0.8038541338582676
20
0.9700432677165354
11
0.8038545669291338
21
0.9700432283464566
0
LINE
8
BLACK
6
CONTINUOUS
10
0.8038545669291338
20
0.9700432283464566
11
0.8037935039370079
21
0.9696577165354331
0
LINE
8
BLACK
6
CONTINUOUS
10
0.8037935039370079
20
0.9696577165354331
11
0.8037934645669291
21
0.9696576377952756
0
LINE
8
BLACK
6
CONTINUOUS
10
0.8037934645669291
20
0.9696576377952756
11
0.8032086614173228
21
0.9659653149606299
0
LINE
8
BLACK
6
CONTINUOUS
10
0.8032086614173228
20
0.9659653149606299
11
0.8032086614173228
21
0.9659652755905511
0
LINE
8
BLACK
6
CONTINUOUS
10
0.8032086614173228
20
0.9659652755905511
11
0.8032086614173228
21
0.965965157480315
0
LINE
8
BLACK
6
CONTINUOUS
10
0.8032086614173228
20
0.965965157480315
11
0.8032086614173228
21
0.9516725590551181
0
LINE
8
BLACK
6
CONTINUOUS
10
0.8032086614173228
20
0.9516725590551181
11
0.8037934645669291
21
0.9479800787401574
0
LINE
8
BLACK
6
CONTINUOUS
10
0.8037934645669291
20
0.9479800787401574
11
0.8039140551181102
21
0.9476089763779527
0
LINE
8
BLACK
6
CONTINUOUS
10
0.8039140551181102
20
0.9476089763779527
11
0.8037767322834646
21
0.9475643307086614
0
LINE
8
BLACK
6
CONTINUOUS
10
0.8037767322834646
20
0.9475643307086614
11
0.8041585826771653
21
0.9455266141732284
0
LINE
8
BLACK
6
CONTINUOUS
10
0.8041585826771653
20
0.9455266141732284
11
0.8038453937007873
21
0.944460590551181
0
LINE
8
BLACK
6
CONTINUOUS
10
0.8038453937007873
20
0.944460590551181
11
0.8039140551181102
21
0.9444383070866141
0
LINE
8
BLACK
6
CONTINUOUS
10
0.8039140551181102
20
0.9444383070866141
11
0.8037934645669291
21
0.9440672047244094
0
LINE
8
BLACK
6
CONTINUOUS
10
0.8037934645669291
20
0.9440672047244094
11
0.8032086614173228
21
0.9403746850393701
0
LINE
8
BLACK
6
CONTINUOUS
10
0.8032086614173228
20
0.9403746850393701
11
0.8032086614173228
21
0.9260820078740157
0
LINE
8
BLACK
6
CONTINUOUS
10
0.8032086614173228
20
0.9260820078740157
11
0.8037934645669291
21
0.9223895275590551
0
LINE
8
BLACK
6
CONTINUOUS
10
0.8037934645669291
20
0.9223895275590551
11
0.8039140551181102
21
0.9220184251968504
0
LINE
8
BLACK
6
CONTINUOUS
10
0.8039140551181102
20
0.9220184251968504
11
0.8037767322834646
21
0.921973779527559
0
LINE
8
BLACK
6
CONTINUOUS
10
0.8037767322834646
20
0.921973779527559
11
0.8041585826771653
21
0.9199360629921259
0
LINE
8
BLACK
6
CONTINUOUS
10
0.8041585826771653
20
0.9199360629921259
11
0.8038453937007873
21
0.9188700393700787
0
LINE
8
BLACK
6
CONTINUOUS
10
0.8038453937007873
20
0.9188700393700787
11
0.8039140551181102
21
0.9188477559055118
0
LINE
8
BLACK
6
CONTINUOUS
10
0.8039140551181102
20
0.9188477559055118
11
0.8037934645669291
21
0.9184766535433071
0
LINE
8
BLACK
6
CONTINUOUS
10
0.8037934645669291
20
0.9184766535433071
11
0.803656062992126
21
0.9176090551181102
0
LINE
8
BLACK
6
CONTINUOUS
10
0.803656062992126
20
0.9176090551181102
11
0.8033172440944881
21
0.9154696456692913
0
LINE
8
BLACK
6
CONTINUOUS
10
0.8033172440944881
20
0.9154696456692913
11
0.8032086614173228
21
0.9147841338582677
0
LINE
8
BLACK
6
CONTINUOUS
10
0.8032086614173228
20
0.9147841338582677
11
0.8032086614173228
21
0.9109920078740157
0
LINE
8
BLACK
6
CONTINUOUS
10
0.8032086614173228
20
0.9109920078740157
11
0.8034842519685039
21
0.909251968503937
0
LINE
8
BLACK
6
CONTINUOUS
10
0.8034842519685039
20
0.909251968503937
11
0.8032086614173228
21
0.9075118897637795
0
LINE
8
BLACK
6
CONTINUOUS
10
0.8032086614173228
20
0.9075118897637795
11
0.8032086614173228
21
0.9004914566929134
0
LINE
8
BLACK
6
CONTINUOUS
10
0.8032086614173228
20
0.9004914566929134
11
0.8038545275590551
21
0.8964134251968504
0
LINE
8
BLACK
6
CONTINUOUS
10
0.8038545275590551
20
0.8964134251968504
11
0.8038541338582676
21
0.8964133464566929
0
LINE
8
BLACK
6
CONTINUOUS
10
0.8038541338582676
20
0.8964133464566929
11
0.8040354330708661
21
0.8952686220472441
0
LINE
8
BLACK
6
CONTINUOUS
10
0.8040354330708661
20
0.8952686220472441
11
0.8040354330708661
21
0.8944163385826771
0
LINE
8
BLACK
6
CONTINUOUS
10
0.8040354330708661
20
0.8944163385826771
11
0.8038541338582676
21
0.8932716141732283
0
LINE
8
BLACK
6
CONTINUOUS
10
0.8038541338582676
20
0.8932716141732283
11
0.8038545669291338
21
0.8932715748031496
0
LINE
8
BLACK
6
CONTINUOUS
10
0.8038545669291338
20
0.8932715748031496
11
0.8037935039370079
21
0.8928860629921259
0
LINE
8
BLACK
6
CONTINUOUS
10
0.8037935039370079
20
0.8928860629921259
11
0.8037934645669291
21
0.8928859842519685
0
LINE
8
BLACK
6
CONTINUOUS
10
0.8037934645669291
20
0.8928859842519685
11
0.8032086614173228
21
0.8891936614173228
0
LINE
8
BLACK
6
CONTINUOUS
10
0.8032086614173228
20
0.8891936614173228
11
0.8032086614173228
21
0.8891936220472441
0
LINE
8
BLACK
6
CONTINUOUS
10
0.8032086614173228
20
0.8891936220472441
11
0.8032086614173228
21
0.8891935039370078
0
LINE
8
BLACK
6
CONTINUOUS
10
0.8032086614173228
20
0.8891935039370078
11
0.8032086614173228
21
0.874900905511811
0
LINE
8
BLACK
6
CONTINUOUS
10
0.8032086614173228
20
0.874900905511811
11
0.8038545275590551
21
0.8708229133858267
0
LINE
8
BLACK
6
CONTINUOUS
10
0.8038545275590551
20
0.8708229133858267
11
0.8038541338582676
21
0.8708228346456692
0
LINE
8
BLACK
6
CONTINUOUS
10
0.8038541338582676
20
0.8708228346456692
11
0.8040354330708661
21
0.8696781102362204
0
LINE
8
BLACK
6
CONTINUOUS
10
0.8040354330708661
20
0.8696781102362204
11
0.8040354330708661
21
0.8688257874015748
0
LINE
8
BLACK
6
CONTINUOUS
10
0.8040354330708661
20
0.8688257874015748
11
0.8038541338582676
21
0.867681062992126
0
LINE
8
BLACK
6
CONTINUOUS
10
0.8038541338582676
20
0.867681062992126
11
0.8038545669291338
21
0.8676810236220472
0
LINE
8
BLACK
6
CONTINUOUS
10
0.8038545669291338
20
0.8676810236220472
11
0.8037935039370079
21
0.8672955118110236
0
LINE
8
BLACK
6
CONTINUOUS
10
0.8037935039370079
20
0.8672955118110236
11
0.8037934645669291
21
0.8672954330708661
0
LINE
8
BLACK
6
CONTINUOUS
10
0.8037934645669291
20
0.8672954330708661
11
0.8032086614173228
21
0.8636031102362205
0
LINE
8
BLACK
6
CONTINUOUS
10
0.8032086614173228
20
0.8636031102362205
11
0.8032086614173228
21
0.8636030708661417
0
LINE
8
BLACK
6
CONTINUOUS
10
0.8032086614173228
20
0.8636030708661417
11
0.8032086614173228
21
0.8636029527559055
0
LINE
8
BLACK
6
CONTINUOUS
10
0.8032086614173228
20
0.8636029527559055
11
0.8032086614173228
21
0.8493103543307087
0
LINE
8
BLACK
6
CONTINUOUS
10
0.8032086614173228
20
0.8493103543307087
11
0.8038545275590551
21
0.8452323622047244
0
LINE
8
BLACK
6
CONTINUOUS
10
0.8038545275590551
20
0.8452323622047244
11
0.8038541338582676
21
0.8452322834645669
0
LINE
8
BLACK
6
CONTINUOUS
10
0.8038541338582676
20
0.8452322834645669
11
0.8040354330708661
21
0.8440875590551181
0
LINE
8
BLACK
6
CONTINUOUS
10
0.8040354330708661
20
0.8440875590551181
11
0.8040354330708661
21
0.8432352362204725
0
LINE
8
BLACK
6
CONTINUOUS
10
0.8040354330708661
20
0.8432352362204725
11
0.8038541338582676
21
0.8420905118110236
0
LINE
8
BLACK
6
CONTINUOUS
10
0.8038541338582676
20
0.8420905118110236
11
0.8038545669291338
21
0.8420904724409448
0
LINE
8
BLACK
6
CONTINUOUS
10
0.8038545669291338
20
0.8420904724409448
11
0.8037935039370079
21
0.8417049606299213
0
LINE
8
BLACK
6
CONTINUOUS
10
0.8037935039370079
20
0.8417049606299213
11
0.8037934645669291
21
0.8417048818897638
0
LINE
8
BLACK
6
CONTINUOUS
10
0.8037934645669291
20
0.8417048818897638
11
0.8032086614173228
21
0.8380125590551181
0
LINE
8
BLACK
6
CONTINUOUS
10
0.8032086614173228
20
0.8380125590551181
11
0.8032086614173228
21
0.8380125196850393
0
LINE
8
BLACK
6
CONTINUOUS
10
0.8032086614173228
20
0.8380125196850393
11
0.8032086614173228
21
0.8380124015748032
0
LINE
8
BLACK
6
CONTINUOUS
10
0.8032086614173228
20
0.8380124015748032
11
0.8032086614173228
21
0.8309920078740157
0
LINE
8
BLACK
6
CONTINUOUS
10
0.8032086614173228
20
0.8309920078740157
11
0.8034842519685039
21
0.829251968503937
0
LINE
8
BLACK
6
CONTINUOUS
10
0.8034842519685039
20
0.829251968503937
11
0.8032086614173228
21
0.8275118897637795
0
LINE
8
BLACK
6
CONTINUOUS
10
0.8032086614173228
20
0.8275118897637795
11
0.8032086614173228
21
0.8237198031496062
0
LINE
8
BLACK
6
CONTINUOUS
10
0.8032086614173228
20
0.8237198031496062
11
0.8037934645669291
21
0.8200273228346456
0
LINE
8
BLACK
6
CONTINUOUS
10
0.8037934645669291
20
0.8200273228346456
11
0.8039140551181102
21
0.8196562204724409
0
LINE
8
BLACK
6
CONTINUOUS
10
0.8039140551181102
20
0.8196562204724409
11
0.8037767322834646
21
0.8196115748031496
0
LINE
8
BLACK
6
CONTINUOUS
10
0.8037767322834646
20
0.8196115748031496
11
0.8041585826771653
21
0.8175738582677166
0
LINE
8
BLACK
6
CONTINUOUS
10
0.8041585826771653
20
0.8175738582677166
11
0.8038453937007873
21
0.8165078346456692
0
LINE
8
BLACK
6
CONTINUOUS
10
0.8038453937007873
20
0.8165078346456692
11
0.8039140551181102
21
0.8164855511811023
0
LINE
8
BLACK
6
CONTINUOUS
10
0.8039140551181102
20
0.8164855511811023
11
0.8037934645669291
21
0.8161144488188976
0
LINE
8
BLACK
6
CONTINUOUS
10
0.8037934645669291
20
0.8161144488188976
11
0.8032086614173228
21
0.8124219291338582
0
LINE
8
BLACK
6
CONTINUOUS
10
0.8032086614173228
20
0.8124219291338582
11
0.8032086614173228
21
0.7981292519685039
0
LINE
8
BLACK
6
CONTINUOUS
10
0.8032086614173228
20
0.7981292519685039
11
0.8037934645669291
21
0.7944367716535433
0
LINE
8
BLACK
6
CONTINUOUS
10
0.8037934645669291
20
0.7944367716535433
11
0.8039140551181102
21
0.7940656692913386
0
LINE
8
BLACK
6
CONTINUOUS
10
0.8039140551181102
20
0.7940656692913386
11
0.8037767322834646
21
0.7940210236220472
0
LINE
8
BLACK
6
CONTINUOUS
10
0.8037767322834646
20
0.7940210236220472
11
0.8041585826771653
21
0.7919833070866141
0
LINE
8
BLACK
6
CONTINUOUS
10
0.8041585826771653
20
0.7919833070866141
11
0.8038453937007873
21
0.7909172834645669
0
LINE
8
BLACK
6
CONTINUOUS
10
0.8038453937007873
20
0.7909172834645669
11
0.8039140551181102
21
0.790895
0
LINE
8
BLACK
6
CONTINUOUS
10
0.8039140551181102
20
0.790895
11
0.8037934645669291
21
0.7905238976377953
0
LINE
8
BLACK
6
CONTINUOUS
10
0.8037934645669291
20
0.7905238976377953
11
0.8032086614173228
21
0.7868313779527559
0
LINE
8
BLACK
6
CONTINUOUS
10
0.8032086614173228
20
0.7868313779527559
11
0.8032086614173228
21
0.7725387007874016
0
LINE
8
BLACK
6
CONTINUOUS
10
0.8032086614173228
20
0.7725387007874016
11
0.8038545275590551
21
0.7684607086614174
0
LINE
8
BLACK
6
CONTINUOUS
10
0.8038545275590551
20
0.7684607086614174
11
0.8038541338582676
21
0.7684606299212599
0
LINE
8
BLACK
6
CONTINUOUS
10
0.8038541338582676
20
0.7684606299212599
11
0.8040354330708661
21
0.7673159055118111
0
LINE
8
BLACK
6
CONTINUOUS
10
0.8040354330708661
20
0.7673159055118111
11
0.8040354330708661
21
0.7664635826771653
0
LINE
8
BLACK
6
CONTINUOUS
10
0.8040354330708661
20
0.7664635826771653
11
0.8038541338582676
21
0.7653188582677165
0
LINE
8
BLACK
6
CONTINUOUS
10
0.8038541338582676
20
0.7653188582677165
11
0.8038545669291338
21
0.7653188188976378
0
LINE
8
BLACK
6
CONTINUOUS
10
0.8038545669291338
20
0.7653188188976378
11
0.8037935039370079
21
0.7649333070866141
0
LINE
8
BLACK
6
CONTINUOUS
10
0.8037935039370079
20
0.7649333070866141
11
0.8037934645669291
21
0.7649332283464567
0
LINE
8
BLACK
6
CONTINUOUS
10
0.8037934645669291
20
0.7649332283464567
11
0.8032086614173228
21
0.761240905511811
0
LINE
8
BLACK
6
CONTINUOUS
10
0.8032086614173228
20
0.761240905511811
11
0.8032086614173228
21
0.7612408661417323
0
LINE
8
BLACK
6
CONTINUOUS
10
0.8032086614173228
20
0.7612408661417323
11
0.8032086614173228
21
0.761240748031496
0
LINE
8
BLACK
6
CONTINUOUS
10
0.8032086614173228
20
0.761240748031496
11
0.8032086614173228
21
0.7469481496062992
0
LINE
8
BLACK
6
CONTINUOUS
10
0.8032086614173228
20
0.7469481496062992
11
0.8037934645669291
21
0.7432556692913386
0
LINE
8
BLACK
6
CONTINUOUS
10
0.8037934645669291
20
0.7432556692913386
11
0.8039140551181102
21
0.7428845669291338
0
LINE
8
BLACK
6
CONTINUOUS
10
0.8039140551181102
20
0.7428845669291338
11
0.8037767322834646
21
0.7428399212598426
0
LINE
8
BLACK
6
CONTINUOUS
10
0.8037767322834646
20
0.7428399212598426
11
0.8041585826771653
21
0.7408022047244094
0
LINE
8
BLACK
6
CONTINUOUS
10
0.8041585826771653
20
0.7408022047244094
11
0.8038453937007873
21
0.7397361811023622
0
LINE
8
BLACK
6
CONTINUOUS
10
0.8038453937007873
20
0.7397361811023622
11
0.8039140551181102
21
0.7397138976377953
0
LINE
8
BLACK
6
CONTINUOUS
10
0.8039140551181102
20
0.7397138976377953
11
0.8037934645669291
21
0.7393427952755905
0
LINE
8
BLACK
6
CONTINUOUS
10
0.8037934645669291
20
0.7393427952755905
11
0.8032086614173228
21
0.7356502755905512
0
LINE
8
BLACK
6
CONTINUOUS
10
0.8032086614173228
20
0.7356502755905512
11
0.8032086614173228
21
0.7213575984251969
0
LINE
8
BLACK
6
CONTINUOUS
10
0.8032086614173228
20
0.7213575984251969
11
0.8038545275590551
21
0.7172796062992126
0
LINE
8
BLACK
6
CONTINUOUS
10
0.8038545275590551
20
0.7172796062992126
11
0.8038541338582676
21
0.7172795275590551
0
LINE
8
BLACK
6
CONTINUOUS
10
0.8038541338582676
20
0.7172795275590551
11
0.8040354330708661
21
0.7161348031496063
0
LINE
8
BLACK
6
CONTINUOUS
10
0.8040354330708661
20
0.7161348031496063
11
0.8040354330708661
21
0.7152824803149607
0
LINE
8
BLACK
6
CONTINUOUS
10
0.8040354330708661
20
0.7152824803149607
11
0.8038541338582676
21
0.7141377559055118
0
LINE
8
BLACK
6
CONTINUOUS
10
0.8038541338582676
20
0.7141377559055118
11
0.8038545669291338
21
0.714137716535433
0
LINE
8
BLACK
6
CONTINUOUS
10
0.8038545669291338
20
0.714137716535433
11
0.8037935039370079
21
0.7137522047244095
0
LINE
8
BLACK
6
CONTINUOUS
10
0.8037935039370079
20
0.7137522047244095
11
0.8037934645669291
21
0.713752125984252
0
LINE
8
BLACK
6
CONTINUOUS
10
0.8037934645669291
20
0.713752125984252
11
0.8032086614173228
21
0.7100598031496063
0
LINE
8
BLACK
6
CONTINUOUS
10
0.8032086614173228
20
0.7100598031496063
11
0.8032086614173228
21
0.7100596456692914
0
LINE
8
BLACK
6
CONTINUOUS
10
0.8032086614173228
20
0.7100596456692914
11
0.8032086614173228
21
0.6957670472440944
0
LINE
8
BLACK
6
CONTINUOUS
10
0.8032086614173228
20
0.6957670472440944
11
0.8037934251968504
21
0.6920746456692913
0
LINE
8
BLACK
6
CONTINUOUS
10
0.8037934251968504
20
0.6920746456692913
11
0.8043686220472441
21
0.690945748031496
0
LINE
8
BLACK
6
CONTINUOUS
10
0.8043686220472441
20
0.690945748031496
11
0.8047958267716535
21
0.6897485433070866
0
LINE
8
BLACK
6
CONTINUOUS
10
0.8047958267716535
20
0.6897485433070866
11
0.8048484645669292
21
0.6895065354330708
0
LINE
8
BLACK
6
CONTINUOUS
10
0.8048484645669292
20
0.6895065354330708
11
0.8057428740157481
21
0.6866854330708662
0
LINE
8
BLACK
6
CONTINUOUS
10
0.8057428740157481
20
0.6866854330708662
11
0.8083829921259842
21
0.6824453937007874
0
LINE
8
BLACK
6
CONTINUOUS
10
0.8083829921259842
20
0.6824453937007874
11
0.8083831102362204
21
0.6824452362204724
0
LINE
8
BLACK
6
CONTINUOUS
10
0.8083831102362204
20
0.6824452362204724
11
0.8102132283464567
21
0.6803331496062992
0
LINE
8
BLACK
6
CONTINUOUS
10
0.8102132283464567
20
0.6803331496062992
11
0.8132677559055118
21
0.6776090551181102
0
LINE
8
BLACK
6
CONTINUOUS
10
0.8132677559055118
20
0.6776090551181102
11
0.8177806692913385
21
0.6754696456692914
0
LINE
8
BLACK
6
CONTINUOUS
10
0.8177806692913385
20
0.6754696456692914
11
0.8177807874015748
21
0.6754696062992126
0
LINE
8
BLACK
6
CONTINUOUS
10
0.8177807874015748
20
0.6754696062992126
11
0.8196075984251968
21
0.6749332283464566
0
LINE
8
BLACK
6
CONTINUOUS
10
0.8196075984251968
20
0.6749332283464566
11
0.8204629133858268
21
0.6746820866141732
0
LINE
8
BLACK
6
CONTINUOUS
10
0.8204629133858268
20
0.6746820866141732
11
0.8249606299212598
21
0.6740354330708661
0
LINE
8
BLACK
6
CONTINUOUS
10
0.8249606299212598
20
0.6740354330708661
11
0.8651337007874016
21
0.6740354330708661
0
LINE
8
BLACK
6
CONTINUOUS
10
0.8651337007874016
20
0.6740354330708661
11
0.8678156299212598
21
0.6732479527559055
0
LINE
8
BLACK
6
CONTINUOUS
10
0.8678156299212598
20
0.6732479527559055
11
0.869646062992126
21
0.6711355118110236
0
LINE
8
BLACK
6
CONTINUOUS
10
0.869646062992126
20
0.6711355118110236
11
0.8700438582677165
21
0.6683688188976378
0
LINE
8
BLACK
6
CONTINUOUS
10
0.8700438582677165
20
0.6683688188976378
11
0.8695536614173228
21
0.6668227559055118
0
LINE
8
BLACK
6
CONTINUOUS
10
0.8695536614173228
20
0.6668227559055118
11
0.8673170866141732
21
0.6624332283464567
0
LINE
8
BLACK
6
CONTINUOUS
10
0.8673170866141732
20
0.6624332283464567
11
0.8669553149606299
21
0.6601490944881889
0
LINE
8
BLACK
6
CONTINUOUS
10
0.8669553149606299
20
0.6601490944881889
11
0.8657579921259843
21
0.6576234645669291
0
LINE
8
BLACK
6
CONTINUOUS
10
0.8657579921259843
20
0.6576234645669291
11
0.8633852362204725
21
0.6561460236220472
0
LINE
8
BLACK
6
CONTINUOUS
10
0.8633852362204725
20
0.6561460236220472
11
0.8620557874015747
21
0.6559645669291339
0
LINE
8
BLACK
6
CONTINUOUS
10
0.8620557874015747
20
0.6559645669291339
11
0.7149606299212599
21
0.6559645669291339
0
LINE
8
BLACK
6
CONTINUOUS
10
0.7149606299212599
20
0.6559645669291339
11
0.7149602755905512
21
0.6559645275590551
0
LINE
8
BLACK
6
CONTINUOUS
10
0.7149602755905512
20
0.6559645275590551
11
0.7149602362204724
21
0.6559645275590551
0
LINE
8
BLACK
6
CONTINUOUS
10
0.7149602362204724
20
0.6559645275590551
11
0.7147234251968504
21
0.6559390551181102
0
LINE
8
BLACK
6
CONTINUOUS
10
0.7147234251968504
20
0.6559390551181102
11
0.7115672047244095
21
0.6555997637795276
0
LINE
8
BLACK
6
CONTINUOUS
10
0.7115672047244095
20
0.6555997637795276
11
0.7095064960629921
21
0.6551514960629921
0
LINE
8
BLACK
6
CONTINUOUS
10
0.7095064960629921
20
0.6551514960629921
11
0.7095060236220472
21
0.6551513385826772
0
LINE
8
BLACK
6
CONTINUOUS
10
0.7095060236220472
20
0.6551513385826772
11
0.7095059842519685
21
0.6551513385826772
0
LINE
8
BLACK
6
CONTINUOUS
10
0.7095059842519685
20
0.6551513385826772
11
0.7093953149606299
21
0.6551218503937007
0
LINE
8
BLACK
6
CONTINUOUS
10
0.7093953149606299
20
0.6551218503937007
11
0.7093906299212598
21
0.6551392913385826
0
LINE
8
BLACK
6
CONTINUOUS
10
0.7093906299212598
20
0.6551392913385826
11
0.708749094488189
21
0.6550139763779528
0
LINE
8
BLACK
6
CONTINUOUS
10
0.708749094488189
20
0.6550139763779528
11
0.7087516141732283
21
0.6549981496062992
0
LINE
8
BLACK
6
CONTINUOUS
10
0.7087516141732283
20
0.6549981496062992
11
0.7085592125984251
21
0.6549676771653543
0
LINE
8
BLACK
6
CONTINUOUS
10
0.7085592125984251
20
0.6549676771653543
11
0.7085591338582677
21
0.6549676771653543
0
LINE
8
BLACK
6
CONTINUOUS
10
0.7085591338582677
20
0.6549676771653543
11
0.7048667716535433
21
0.6543829133858268
0
LINE
8
BLACK
6
CONTINUOUS
10
0.7048667716535433
20
0.6543829133858268
11
0.7028712598425196
21
0.6533661417322835
0
LINE
8
BLACK
6
CONTINUOUS
10
0.7028712598425196
20
0.6533661417322835
11
0.7004164173228347
21
0.6521153543307087
0
LINE
8
BLACK
6
CONTINUOUS
10
0.7004164173228347
20
0.6521153543307087
11
0.6968846062992126
21
0.6485835433070866
0
LINE
8
BLACK
6
CONTINUOUS
10
0.6968846062992126
20
0.6485835433070866
11
0.6955501968503937
21
0.6459645669291338
0
LINE
8
BLACK
6
CONTINUOUS
10
0.6955501968503937
20
0.6459645669291338
11
0.6946170866141732
21
0.6441332283464567
0
LINE
8
BLACK
6
CONTINUOUS
10
0.6946170866141732
20
0.6441332283464567
11
0.6940322834645669
21
0.640440905511811
0
LINE
8
BLACK
6
CONTINUOUS
10
0.6940322834645669
20
0.640440905511811
11
0.6940322834645669
21
0.6404407480314961
0
LINE
8
BLACK
6
CONTINUOUS
10
0.6940322834645669
20
0.6404407480314961
11
0.6940322834645669
21
0.5486642913385826
0
LINE
8
BLACK
6
CONTINUOUS
10
0.6940322834645669
20
0.5486642913385826
11
0.6932448031496062
21
0.5459823622047244
0
LINE
8
BLACK
6
CONTINUOUS
10
0.6932448031496062
20
0.5459823622047244
11
0.6925793307086614
21
0.5451566141732284
0
LINE
8
BLACK
6
CONTINUOUS
10
0.6925793307086614
20
0.5451566141732284
11
0.6496433464566929
21
0.5022206299212598
0
LINE
8
BLACK
6
CONTINUOUS
10
0.6496433464566929
20
0.5022206299212598
11
0.6471901181102362
21
0.5008810236220472
0
LINE
8
BLACK
6
CONTINUOUS
10
0.6471901181102362
20
0.5008810236220472
11
0.6461356692913386
21
0.5007676771653543
0
LINE
8
BLACK
6
CONTINUOUS
10
0.6461356692913386
20
0.5007676771653543
11
0.5937591338582677
21
0.5007676771653543
0
LINE
8
BLACK
6
CONTINUOUS
10
0.5937591338582677
20
0.5007676771653543
11
0.5900667716535433
21
0.5001829133858268
0
LINE
8
BLACK
6
CONTINUOUS
10
0.5900667716535433
20
0.5001829133858268
11
0.5878416141732283
21
0.4990491338582677
0
LINE
8
BLACK
6
CONTINUOUS
10
0.5878416141732283
20
0.4990491338582677
11
0.5856164173228346
21
0.4979153543307087
0
LINE
8
BLACK
6
CONTINUOUS
10
0.5856164173228346
20
0.4979153543307087
11
0.5820846062992125
21
0.4943835433070866
0
LINE
8
BLACK
6
CONTINUOUS
10
0.5820846062992125
20
0.4943835433070866
11
0.5810540157480315
21
0.4923608267716535
0
LINE
8
BLACK
6
CONTINUOUS
10
0.5810540157480315
20
0.4923608267716535
11
0.5798170866141732
21
0.4899332283464567
0
LINE
8
BLACK
6
CONTINUOUS
10
0.5798170866141732
20
0.4899332283464567
11
0.5792322834645669
21
0.486240905511811
0
LINE
8
BLACK
6
CONTINUOUS
10
0.5792322834645669
20
0.486240905511811
11
0.5792322834645669
21
0.486240748031496
0
LINE
8
BLACK
6
CONTINUOUS
10
0.5792322834645669
20
0.486240748031496
11
0.5792322834645669
21
0.3337591732283465
0
LINE
8
BLACK
6
CONTINUOUS
10
0.5792322834645669
20
0.3337591732283465
11
0.5798170472440944
21
0.3300668110236221
0
LINE
8
BLACK
6
CONTINUOUS
10
0.5798170472440944
20
0.3300668110236221
11
0.5820846062992125
21
0.3256164173228346
0
LINE
8
BLACK
6
CONTINUOUS
10
0.5820846062992125
20
0.3256164173228346
11
0.5856164173228346
21
0.3220846062992126
0
LINE
8
BLACK
6
CONTINUOUS
10
0.5856164173228346
20
0.3220846062992126
11
0.5900666929133858
21
0.3198171259842519
0
LINE
8
BLACK
6
CONTINUOUS
10
0.5900666929133858
20
0.3198171259842519
11
0.5900667716535433
21
0.3198170866141732
0
LINE
8
BLACK
6
CONTINUOUS
10
0.5900667716535433
20
0.3198170866141732
11
0.593759094488189
21
0.3192322834645669
0
LINE
8
BLACK
6
CONTINUOUS
10
0.593759094488189
20
0.3192322834645669
11
0.5937591732283465
21
0.3192322834645669
0
LINE
8
BLACK
6
CONTINUOUS
10
0.5937591732283465
20
0.3192322834645669
11
0.5937592125984252
21
0.3192322834645669
0
LINE
8
BLACK
6
CONTINUOUS
10
0.5937592125984252
20
0.3192322834645669
11
0.7462407874015747
21
0.3192322834645669
0
LINE
8
BLACK
6
CONTINUOUS
10
0.7462407874015747
20
0.3192322834645669
11
0.7499331496062992
21
0.3198170472440945
0
LINE
8
BLACK
6
CONTINUOUS
10
0.7499331496062992
20
0.3198170472440945
11
0.7543835433070866
21
0.3220846062992126
0
LINE
8
BLACK
6
CONTINUOUS
10
0.7543835433070866
20
0.3220846062992126
11
0.7579153543307087
21
0.3256164173228346
0
LINE
8
BLACK
6
CONTINUOUS
10
0.7579153543307087
20
0.3256164173228346
11
0.7601828346456693
21
0.3300666141732284
0
LINE
8
BLACK
6
CONTINUOUS
10
0.7601828346456693
20
0.3300666141732284
11
0.7601829133858268
21
0.3300667716535433
0
LINE
8
BLACK
6
CONTINUOUS
10
0.7601829133858268
20
0.3300667716535433
11
0.7601829133858268
21
0.3300669291338583
0
LINE
8
BLACK
6
CONTINUOUS
10
0.7601829133858268
20
0.3300669291338583
11
0.7602313779527559
21
0.330216062992126
0
LINE
8
BLACK
6
CONTINUOUS
10
0.7602313779527559
20
0.330216062992126
11
0.7612471259842519
21
0.3319851968503937
0
LINE
8
BLACK
6
CONTINUOUS
10
0.7612471259842519
20
0.3319851968503937
11
0.7623908267716535
21
0.3332675984251968
0
LINE
8
BLACK
6
CONTINUOUS
10
0.7623908267716535
20
0.3332675984251968
11
0.76453031496063
21
0.3377806692913386
0
LINE
8
BLACK
6
CONTINUOUS
10
0.76453031496063
20
0.3377806692913386
11
0.7645303543307086
21
0.3377807874015748
0
LINE
8
BLACK
6
CONTINUOUS
10
0.7645303543307086
20
0.3377807874015748
11
0.7645303543307086
21
0.3377808661417322
0
LINE
8
BLACK
6
CONTINUOUS
10
0.7645303543307086
20
0.3377808661417322
11
0.7645304330708661
21
0.3377809842519685
0
LINE
8
BLACK
6
CONTINUOUS
10
0.7645304330708661
20
0.3377809842519685
11
0.7653179133858268
21
0.3404629133858267
0
LINE
8
BLACK
6
CONTINUOUS
10
0.7653179133858268
20
0.3404629133858267
11
0.7659645669291338
21
0.3449606299212598
0
LINE
8
BLACK
6
CONTINUOUS
10
0.7659645669291338
20
0.3449606299212598
11
0.7659645669291338
21
0.4490748031496063
0
LINE
8
BLACK
6
CONTINUOUS
10
0.7659645669291338
20
0.4490748031496063
11
0.7667520472440945
21
0.4517567322834646
0
LINE
8
BLACK
6
CONTINUOUS
10
0.7667520472440945
20
0.4517567322834646
11
0.7688644881889763
21
0.4535871653543307
0
LINE
8
BLACK
6
CONTINUOUS
10
0.7688644881889763
20
0.4535871653543307
11
0.7709251968503937
21
0.4540354330708661
0
LINE
8
BLACK
6
CONTINUOUS
10
0.7709251968503937
20
0.4540354330708661
11
0.8932851181102363
21
0.4540354330708661
0
LINE
8
BLACK
6
CONTINUOUS
10
0.8932851181102363
20
0.4540354330708661
11
0.8951335826771654
21
0.4549772834645669
0
LINE
8
BLACK
6
CONTINUOUS
10
0.8951335826771654
20
0.4549772834645669
11
0.9
21
0.455748031496063
0
LINE
8
BLACK
6
CONTINUOUS
10
0.9
20
0.455748031496063
11
0.9048664173228346
21
0.4549772834645669
0
LINE
8
BLACK
6
CONTINUOUS
10
0.9048664173228346
20
0.4549772834645669
11
0.9067148818897638
21
0.4540354330708661
0
LINE
8
BLACK
6
CONTINUOUS
10
0.9067148818897638
20
0.4540354330708661
11
0.9090748031496063
21
0.4540354330708661
0
LINE
8
BLACK
6
CONTINUOUS
10
0.9090748031496063
20
0.4540354330708661
11
0.9117567322834645
21
0.4532479527559055
0
LINE
8
BLACK
6
CONTINUOUS
10
0.9117567322834645
20
0.4532479527559055
11
0.9135871653543307
21
0.4511355118110236
0
LINE
8
BLACK
6
CONTINUOUS
10
0.9135871653543307
20
0.4511355118110236
11
0.9140354330708661
21
0.4490748031496063
0
LINE
8
BLACK
6
CONTINUOUS
10
0.9140354330708661
20
0.4490748031496063
11
0.9140354330708661
21
0.4467148818897638
0
LINE
8
BLACK
6
CONTINUOUS
10
0.9140354330708661
20
0.4467148818897638
11
0.9149772834645669
21
0.4448664173228347
0
LINE
8
BLACK
6
CONTINUOUS
10
0.9149772834645669
20
0.4448664173228347
11
0.915748031496063
21
0.44
0
LINE
8
BLACK
6
CONTINUOUS
10
0.915748031496063
20
0.44
11
0.9149772834645669
21
0.4351335826771653
0
LINE
8
BLACK
6
CONTINUOUS
10
0.9149772834645669
20
0.4351335826771653
11
0.9140354330708661
21
0.4332850787401575
0
LINE
8
BLACK
6
CONTINUOUS
10
0.9140354330708661
20
0.4332850787401575
11
0.9140354330708661
21
0.2986674015748031
0
LINE
8
BLACK
6
CONTINUOUS
10
0.9140354330708661
20
0.2986674015748031
11
0.9132479527559055
21
0.2959854724409449
0
LINE
8
BLACK
6
CONTINUOUS
10
0.9132479527559055
20
0.2959854724409449
11
0.9125826377952756
21
0.2951598818897638
0
LINE
8
BLACK
6
CONTINUOUS
10
0.9125826377952756
20
0.2951598818897638
11
0.9101642913385827
21
0.2927415354330709
0
LINE
8
BLACK
6
CONTINUOUS
10
0.9101642913385827
20
0.2927415354330709
11
0.9090225984251968
21
0.2914705905511811
0
LINE
8
BLACK
6
CONTINUOUS
10
0.9090225984251968
20
0.2914705905511811
11
0.9090223228346457
21
0.2914702362204724
0
LINE
8
BLACK
6
CONTINUOUS
10
0.9090223228346457
20
0.2914702362204724
11
0.9090222047244094
21
0.2914701181102362
0
LINE
8
BLACK
6
CONTINUOUS
10
0.9090222047244094
20
0.2914701181102362
11
0.9083568503937007
21
0.2906444881889764
0
LINE
8
BLACK
6
CONTINUOUS
10
0.9083568503937007
20
0.2906444881889764
11
0.9076092125984252
21
0.2896383464566929
0
LINE
8
BLACK
6
CONTINUOUS
10
0.9076092125984252
20
0.2896383464566929
11
0.9076091338582677
21
0.2896381496062992
0
LINE
8
BLACK
6
CONTINUOUS
10
0.9076091338582677
20
0.2896381496062992
11
0.9054696456692913
21
0.285125157480315
0
LINE
8
BLACK
6
CONTINUOUS
10
0.9054696456692913
20
0.285125157480315
11
0.9054696062992126
21
0.2851250393700787
0
LINE
8
BLACK
6
CONTINUOUS
10
0.9054696062992126
20
0.2851250393700787
11
0.9052355905511811
21
0.2843280708661417
0
LINE
8
BLACK
6
CONTINUOUS
10
0.9052355905511811
20
0.2843280708661417
11
0.9046820866141732
21
0.2824429527559055
0
LINE
8
BLACK
6
CONTINUOUS
10
0.9046820866141732
20
0.2824429527559055
11
0.9045224409448819
21
0.2813324803149606
0
LINE
8
BLACK
6
CONTINUOUS
10
0.9045224409448819
20
0.2813324803149606
11
0.9040354330708661
21
0.2779451181102362
0
LINE
8
BLACK
6
CONTINUOUS
10
0.9040354330708661
20
0.2779451181102362
11
0.9040354330708661
21
0.1149609448818898
0
LINE
8
BLACK
6
CONTINUOUS
10
0.9040354330708661
20
0.1149609448818898
11
0.9040354724409448
21
0.11496
0
LINE
8
BLACK
6
CONTINUOUS
10
0.9040354724409448
20
0.11496
11
0.9042038582677165
21
0.1133935826771654
0
LINE
8
BLACK
6
CONTINUOUS
10
0.9042038582677165
20
0.1133935826771654
11
0.9042322834645669
21
0.1128634645669291
0
LINE
8
BLACK
6
CONTINUOUS
10
0.9042322834645669
20
0.1128634645669291
11
0.9042322834645669
21
0.1087591732283465
0
LINE
8
BLACK
6
CONTINUOUS
10
0.9042322834645669
20
0.1087591732283465
11
0.9048170472440945
21
0.105066811023622
0
LINE
8
BLACK
6
CONTINUOUS
10
0.9048170472440945
20
0.105066811023622
11
0.9070846062992126
21
0.1006164173228346
0
LINE
8
BLACK
6
CONTINUOUS
10
0.9070846062992126
20
0.1006164173228346
11
0.9106164173228346
21
0.0970846062992126
0
LINE
8
BLACK
6
CONTINUOUS
10
0.9106164173228346
20
0.0970846062992126
11
0.9150050393700787
21
0.0948485433070866
0
LINE
8
BLACK
6
CONTINUOUS
10
0.9150050393700787
20
0.0948485433070866
11
0.9150667716535433
21
0.0948170866141732
0
LINE
8
BLACK
6
CONTINUOUS
10
0.9150667716535433
20
0.0948170866141732
11
0.9187590944881889
21
0.0942322834645669
0
LINE
8
BLACK
6
CONTINUOUS
10
0.9187590944881889
20
0.0942322834645669
11
0.9232365748031496
21
0.0942322834645669
0
LINE
8
BLACK
6
CONTINUOUS
10
0.9232365748031496
20
0.0942322834645669
11
0.9239424803149606
21
0.094181811023622
0
LINE
8
BLACK
6
CONTINUOUS
10
0.9239424803149606
20
0.094181811023622
11
0.9249606299212598
21
0.0940354330708661
0
LINE
8
BLACK
6
CONTINUOUS
10
0.9249606299212598
20
0.0940354330708661
11
0.9249606692913386
21
0.0940354330708661
0
LINE
8
BLACK
6
CONTINUOUS
10
0.9249606692913386
20
0.0940354330708661
11
1.0850397244094487
21
0.0940354330708661
0
LINE
8
BLACK
6
CONTINUOUS
10
1.0850397244094487
20
0.0940354330708661
11
1.0880934251968504
21
0.0943637401574803
0
LINE
8
BLACK
6
CONTINUOUS
10
1.0880934251968504
20
0.0943637401574803
11
1.0884327952755906
21
0.0944002362204724
0
LINE
8
BLACK
6
CONTINUOUS
10
1.0884327952755906
20
0.0944002362204724
11
1.0904935039370078
21
0.0948485039370079
0
LINE
8
BLACK
6
CONTINUOUS
10
1.0904935039370078
20
0.0948485039370079
11
1.0904937007874016
21
0.0948485433070866
0
LINE
8
BLACK
6
CONTINUOUS
10
1.0904937007874016
20
0.0948485433070866
11
1.093314527559055
21
0.095742874015748
0
LINE
8
BLACK
6
CONTINUOUS
10
1.093314527559055
20
0.095742874015748
11
1.0975545669291338
21
0.0983829921259843
0
LINE
8
BLACK
6
CONTINUOUS
10
1.0975545669291338
20
0.0983829921259843
11
1.0975547244094488
21
0.0983831102362205
0
LINE
8
BLACK
6
CONTINUOUS
10
1.0975547244094488
20
0.0983831102362205
11
1.0996668110236221
21
0.1002132283464567
0
LINE
8
BLACK
6
CONTINUOUS
10
1.0996668110236221
20
0.1002132283464567
11
1.0996669291338583
21
0.1002133464566929
0
LINE
8
BLACK
6
CONTINUOUS
10
1.0996669291338583
20
0.1002133464566929
11
1.0996670472440944
21
0.1002134645669291
0
LINE
8
BLACK
6
CONTINUOUS
10
1.0996670472440944
20
0.1002134645669291
11
1.1023908267716536
21
0.1032676377952756
0
LINE
8
BLACK
6
CONTINUOUS
10
1.1023908267716536
20
0.1032676377952756
11
1.1023908267716536
21
0.1032676771653543
0
LINE
8
BLACK
6
CONTINUOUS
10
1.1023908267716536
20
0.1032676771653543
11
1.1023909055118111
21
0.1032677559055118
0
LINE
8
BLACK
6
CONTINUOUS
10
1.1023909055118111
20
0.1032677559055118
11
1.1045303149606298
21
0.1077806692913386
0
LINE
8
BLACK
6
CONTINUOUS
10
1.1045303149606298
20
0.1077806692913386
11
1.1045303543307086
21
0.1077807874015748
0
LINE
8
BLACK
6
CONTINUOUS
10
1.1045303543307086
20
0.1077807874015748
11
1.1045303543307086
21
0.1077808661417323
0
LINE
8
BLACK
6
CONTINUOUS
10
1.1045303543307086
20
0.1077808661417323
11
1.1045304330708661
21
0.1077809842519685
0
LINE
8
BLACK
6
CONTINUOUS
10
1.1045304330708661
20
0.1077809842519685
11
1.1053179133858269
21
0.1104629133858268
0
LINE
8
BLACK
6
CONTINUOUS
10
1.1053179133858269
20
0.1104629133858268
11
1.1059645669291338
21
0.1149606299212598
0
LINE
8
BLACK
6
CONTINUOUS
10
1.1059645669291338
20
0.1149606299212598
11
1.1059645669291338
21
0.2813324803149606
0
LINE
8
BLACK
6
CONTINUOUS
10
1.1059645669291338
20
0.2813324803149606
11
1.1067520472440944
21
0.2840144094488189
0
LINE
8
BLACK
6
CONTINUOUS
10
1.1067520472440944
20
0.2840144094488189
11
1.1074174803149606
21
0.2848401574803149
0
LINE
8
BLACK
6
CONTINUOUS
10
1.1074174803149606
20
0.2848401574803149
11
1.1198356299212597
21
0.2972583464566929
0
LINE
8
BLACK
6
CONTINUOUS
10
1.1198356299212597
20
0.2972583464566929
11
1.1198358661417323
21
0.2972585826771654
0
LINE
8
BLACK
6
CONTINUOUS
10
1.1198358661417323
20
0.2972585826771654
11
1.1209777952755906
21
0.298529842519685
0
LINE
8
BLACK
6
CONTINUOUS
10
1.1209777952755906
20
0.298529842519685
11
1.1216431102362205
21
0.2993554330708662
0
LINE
8
BLACK
6
CONTINUOUS
10
1.1216431102362205
20
0.2993554330708662
11
1.1223908267716536
21
0.3003617322834646
0
LINE
8
BLACK
6
CONTINUOUS
10
1.1223908267716536
20
0.3003617322834646
11
1.1237991732283463
21
0.3033325196850394
0
LINE
8
BLACK
6
CONTINUOUS
10
1.1237991732283463
20
0.3033325196850394
11
1.1245303149606298
21
0.3048747637795275
0
LINE
8
BLACK
6
CONTINUOUS
10
1.1245303149606298
20
0.3048747637795275
11
1.1245303543307086
21
0.3048748818897637
0
LINE
8
BLACK
6
CONTINUOUS
10
1.1245303543307086
20
0.3048748818897637
11
1.1245303543307086
21
0.3048749606299213
0
LINE
8
BLACK
6
CONTINUOUS
10
1.1245303543307086
20
0.3048749606299213
11
1.1245304330708661
21
0.3048750787401575
0
LINE
8
BLACK
6
CONTINUOUS
10
1.1245304330708661
20
0.3048750787401575
11
1.1253179133858267
21
0.3075570078740157
0
LINE
8
BLACK
6
CONTINUOUS
10
1.1253179133858267
20
0.3075570078740157
11
1.1259645669291338
21
0.3120547244094488
0
LINE
8
BLACK
6
CONTINUOUS
10
1.1259645669291338
20
0.3120547244094488
11
1.1259645669291338
21
0.4350393700787402
0
LINE
8
BLACK
6
CONTINUOUS
10
1.1259645669291338
20
0.4350393700787402
11
1.1255997637795276
21
0.4384327952755905
0
LINE
8
BLACK
6
CONTINUOUS
10
1.1255997637795276
20
0.4384327952755905
11
1.125151496062992
21
0.4404935039370079
0
LINE
8
BLACK
6
CONTINUOUS
10
1.125151496062992
20
0.4404935039370079
11
1.1242570866141732
21
0.4433145669291338
0
LINE
8
BLACK
6
CONTINUOUS
10
1.1242570866141732
20
0.4433145669291338
11
1.121616968503937
21
0.4475546062992126
0
LINE
8
BLACK
6
CONTINUOUS
10
1.121616968503937
20
0.4475546062992126
11
1.1197865354330709
21
0.4496670472440945
0
LINE
8
BLACK
6
CONTINUOUS
10
1.1197865354330709
20
0.4496670472440945
11
1.1167323622047245
21
0.4523908267716535
0
LINE
8
BLACK
6
CONTINUOUS
10
1.1167323622047245
20
0.4523908267716535
11
1.113263188976378
21
0.4540354330708661
0
LINE
8
BLACK
6
CONTINUOUS
10
1.113263188976378
20
0.4540354330708661
11
1.1122192913385827
21
0.4545303149606299
0
LINE
8
BLACK
6
CONTINUOUS
10
1.1122192913385827
20
0.4545303149606299
11
1.1122191732283464
21
0.4545303543307087
0
LINE
8
BLACK
6
CONTINUOUS
10
1.1122191732283464
20
0.4545303543307087
11
1.1122190157480314
21
0.4545304330708662
0
LINE
8
BLACK
6
CONTINUOUS
10
1.1122190157480314
20
0.4545304330708662
11
1.1095370866141732
21
0.4553179133858268
0
LINE
8
BLACK
6
CONTINUOUS
10
1.1095370866141732
20
0.4553179133858268
11
1.1050393700787402
21
0.4559645669291338
0
LINE
8
BLACK
6
CONTINUOUS
10
1.1050393700787402
20
0.4559645669291338
11
1.1050392519685039
21
0.4559645669291338
0
LINE
8
BLACK
6
CONTINUOUS
10
1.1050392519685039
20
0.4559645669291338
11
1.0386674803149607
21
0.4559645669291338
0
LINE
8
BLACK
6
CONTINUOUS
10
1.0386674803149607
20
0.4559645669291338
11
1.0359855511811022
21
0.4567520472440945
0
LINE
8
BLACK
6
CONTINUOUS
10
1.0359855511811022
20
0.4567520472440945
11
1.0351598818897638
21
0.4574174015748032
0
LINE
8
BLACK
6
CONTINUOUS
10
1.0351598818897638
20
0.4574174015748032
11
1.0348888188976377
21
0.4576884251968504
0
LINE
8
BLACK
6
CONTINUOUS
10
1.0348888188976377
20
0.4576884251968504
11
1.0343133464566929
21
0.4582638976377953
0
LINE
8
BLACK
6
CONTINUOUS
10
1.0343133464566929
20
0.4582638976377953
11
1.0329737401574803
21
0.4607170866141732
0
LINE
8
BLACK
6
CONTINUOUS
10
1.0329737401574803
20
0.4607170866141732
11
1.0331730708661417
21
0.4635051181102362
0
LINE
8
BLACK
6
CONTINUOUS
10
1.0331730708661417
20
0.4635051181102362
11
1.0348481102362204
21
0.4657427559055118
0
LINE
8
BLACK
6
CONTINUOUS
10
1.0348481102362204
20
0.4657427559055118
11
1.037466968503937
21
0.4667196456692913
0
LINE
8
BLACK
6
CONTINUOUS
10
1.037466968503937
20
0.4667196456692913
11
1.0378209842519686
21
0.4667322834645669
0
LINE
8
BLACK
6
CONTINUOUS
10
1.0378209842519686
20
0.4667322834645669
11
1.0812407874015748
21
0.4667322834645669
0
LINE
8
BLACK
6
CONTINUOUS
10
1.0812407874015748
20
0.4667322834645669
11
1.0849331496062993
21
0.4673170472440945
0
LINE
8
BLACK
6
CONTINUOUS
10
1.0849331496062993
20
0.4673170472440945
11
1.0893835433070866
21
0.4695846062992126
0
LINE
8
BLACK
6
CONTINUOUS
10
1.0893835433070866
20
0.4695846062992126
11
1.0929153543307086
21
0.4731164173228347
0
LINE
8
BLACK
6
CONTINUOUS
10
1.0929153543307086
20
0.4731164173228347
11
1.0936904724409449
21
0.4746377559055118
0
LINE
8
BLACK
6
CONTINUOUS
10
1.0936904724409449
20
0.4746377559055118
11
1.0951829133858269
21
0.4775667716535433
0
LINE
8
BLACK
6
CONTINUOUS
10
1.0951829133858269
20
0.4775667716535433
11
1.0957677165354331
21
0.481259094488189
0
LINE
8
BLACK
6
CONTINUOUS
10
1.0957677165354331
20
0.481259094488189
11
1.0957676771653544
21
0.489678937007874
0
LINE
8
BLACK
6
CONTINUOUS
10
1.0957676771653544
20
0.489678937007874
11
1.096555157480315
21
0.4923608267716535
0
LINE
8
BLACK
6
CONTINUOUS
10
1.096555157480315
20
0.4923608267716535
11
1.098667559055118
21
0.4941912598425197
0
LINE
8
BLACK
6
CONTINUOUS
10
1.098667559055118
20
0.4941912598425197
11
1.1014342519685039
21
0.4945890944881889
0
LINE
8
BLACK
6
CONTINUOUS
10
1.1014342519685039
20
0.4945890944881889
11
1.1039768110236221
21
0.4934279527559055
0
LINE
8
BLACK
6
CONTINUOUS
10
1.1039768110236221
20
0.4934279527559055
11
1.1042359842519684
21
0.4931866535433071
0
LINE
8
BLACK
6
CONTINUOUS
10
1.1042359842519684
20
0.4931866535433071
11
1.1072581496062992
21
0.4901644881889763
0
LINE
8
BLACK
6
CONTINUOUS
10
1.1072581496062992
20
0.4901644881889763
11
1.1085292519685039
21
0.4890226771653543
0
LINE
8
BLACK
6
CONTINUOUS
10
1.1085292519685039
20
0.4890226771653543
11
1.1085298818897638
21
0.4890221259842519
0
LINE
8
BLACK
6
CONTINUOUS
10
1.1085298818897638
20
0.4890221259842519
11
1.1093552362204724
21
0.488356968503937
0
LINE
8
BLACK
6
CONTINUOUS
10
1.1093552362204724
20
0.488356968503937
11
1.1103615748031497
21
0.4876092125984252
0
LINE
8
BLACK
6
CONTINUOUS
10
1.1103615748031497
20
0.4876092125984252
11
1.1103617716535432
21
0.4876091338582677
0
LINE
8
BLACK
6
CONTINUOUS
10
1.1103617716535432
20
0.4876091338582677
11
1.1148747637795275
21
0.4854696456692913
0
LINE
8
BLACK
6
CONTINUOUS
10
1.1148747637795275
20
0.4854696456692913
11
1.1148748818897638
21
0.4854696062992126
0
LINE
8
BLACK
6
CONTINUOUS
10
1.1148748818897638
20
0.4854696062992126
11
1.1170127952755906
21
0.4848418503937008
0
LINE
8
BLACK
6
CONTINUOUS
10
1.1170127952755906
20
0.4848418503937008
11
1.1175570078740158
21
0.4846820866141732
0
LINE
8
BLACK
6
CONTINUOUS
10
1.1175570078740158
20
0.4846820866141732
11
1.1220547244094488
21
0.4840354330708661
0
LINE
8
BLACK
6
CONTINUOUS
10
1.1220547244094488
20
0.4840354330708661
11
1.122054842519685
21
0.4840354330708661
0
LINE
8
BLACK
6
CONTINUOUS
10
1.122054842519685
20
0.4840354330708661
11
1.4750394488188976
21
0.4840354330708661
0
LINE
8
BLACK
6
CONTINUOUS
10
1.4750394488188976
20
0.4840354330708661
11
1.4758964566929134
21
0.4841275590551181
0
LINE
8
BLACK
6
CONTINUOUS
10
1.4758964566929134
20
0.4841275590551181
11
1.4766064173228346
21
0.4842038582677165
0
LINE
8
BLACK
6
CONTINUOUS
10
1.4766064173228346
20
0.4842038582677165
11
1.4771364566929133
21
0.4842322834645669
0
LINE
8
BLACK
6
CONTINUOUS
10
1.4771364566929133
20
0.4842322834645669
11
1.4812407874015747
21
0.4842322834645669
0
LINE
8
BLACK
6
CONTINUOUS
10
1.4812407874015747
20
0.4842322834645669
11
1.4849331496062992
21
0.4848170472440945
0
LINE
8
BLACK
6
CONTINUOUS
10
1.4849331496062992
20
0.4848170472440945
11
1.4893835433070866
21
0.4870846062992126
0
LINE
8
BLACK
6
CONTINUOUS
10
1.4893835433070866
20
0.4870846062992126
11
1.4929153543307085
21
0.4906164173228346
0
LINE
8
BLACK
6
CONTINUOUS
10
1.4929153543307085
20
0.4906164173228346
11
1.4938041732283465
21
0.4923608267716535
0
LINE
8
BLACK
6
CONTINUOUS
10
1.4938041732283465
20
0.4923608267716535
11
1.4951829133858268
21
0.4950667716535433
0
LINE
8
BLACK
6
CONTINUOUS
10
1.4951829133858268
20
0.4950667716535433
11
1.4957677165354331
21
0.4987590944881889
0
LINE
8
BLACK
6
CONTINUOUS
10
1.4957677165354331
20
0.4987590944881889
11
1.4957676771653543
21
0.5032366141732283
0
LINE
8
BLACK
6
CONTINUOUS
10
1.4957676771653543
20
0.5032366141732283
11
1.495818188976378
21
0.5039427165354331
0
LINE
8
BLACK
6
CONTINUOUS
10
1.495818188976378
20
0.5039427165354331
11
1.4959645669291339
21
0.5049605511811024
0
LINE
8
BLACK
6
CONTINUOUS
10
1.4959645669291339
20
0.5049605511811024
11
1.4959645669291339
21
0.6550391338582677
0
LINE
8
BLACK
6
CONTINUOUS
10
1.4959645669291339
20
0.6550391338582677
11
1.4959645275590552
21
0.6550397244094488
0
LINE
8
BLACK
6
CONTINUOUS
10
1.4959645275590552
20
0.6550397244094488
11
1.4957961023622046
21
0.6566063779527559
0
LINE
8
BLACK
6
CONTINUOUS
10
1.4957961023622046
20
0.6566063779527559
11
1.4957676771653543
21
0.6571366535433071
0
LINE
8
BLACK
6
CONTINUOUS
10
1.4957676771653543
20
0.6571366535433071
11
1.4957676771653543
21
0.6612407874015748
0
LINE
8
BLACK
6
CONTINUOUS
10
1.4957676771653543
20
0.6612407874015748
11
1.4956992125984252
21
0.6616732283464567
0
LINE
8
BLACK
6
CONTINUOUS
10
1.4956992125984252
20
0.6616732283464567
11
1.4951829133858268
21
0.6649332283464566
0
LINE
8
BLACK
6
CONTINUOUS
10
1.4951829133858268
20
0.6649332283464566
11
1.4929153543307085
21
0.6693835433070866
0
LINE
8
BLACK
6
CONTINUOUS
10
1.4929153543307085
20
0.6693835433070866
11
1.4893835433070866
21
0.6729153543307086
0
LINE
8
BLACK
6
CONTINUOUS
10
1.4893835433070866
20
0.6729153543307086
11
1.4849332283464567
21
0.6751829133858268
0
LINE
8
BLACK
6
CONTINUOUS
10
1.4849332283464567
20
0.6751829133858268
11
1.481240905511811
21
0.6757677165354331
0
LINE
8
BLACK
6
CONTINUOUS
10
1.481240905511811
20
0.6757677165354331
11
1.4767633464566929
21
0.6757676771653544
0
LINE
8
BLACK
6
CONTINUOUS
10
1.4767633464566929
20
0.6757676771653544
11
1.4760573228346456
21
0.6758181496062992
0
LINE
8
BLACK
6
CONTINUOUS
10
1.4760573228346456
20
0.6758181496062992
11
1.4755467322834646
21
0.6758915748031495
0
LINE
8
BLACK
6
CONTINUOUS
10
1.4755467322834646
20
0.6758915748031495
11
1.4750394094488188
21
0.6759645669291339
0
LINE
8
BLACK
6
CONTINUOUS
10
1.4750394094488188
20
0.6759645669291339
11
1.4750393700787401
21
0.6759645669291339
0
LINE
8
BLACK
6
CONTINUOUS
10
1.4750393700787401
20
0.6759645669291339
11
1.2820547244094489
21
0.6759645669291339
0
LINE
8
BLACK
6
CONTINUOUS
10
1.2820547244094489
20
0.6759645669291339
11
1.2820542913385826
21
0.6759645669291339
0
LINE
8
BLACK
6
CONTINUOUS
10
1.2820542913385826
20
0.6759645669291339
11
1.2805344881889764
21
0.6758830708661417
0
LINE
8
BLACK
6
CONTINUOUS
10
1.2805344881889764
20
0.6758830708661417
11
1.2803478740157479
21
0.6758730708661417
0
LINE
8
BLACK
6
CONTINUOUS
10
1.2803478740157479
20
0.6758730708661417
11
1.2792934251968504
21
0.6757596850393701
0
LINE
8
BLACK
6
CONTINUOUS
10
1.2792934251968504
20
0.6757596850393701
11
1.2780537007874015
21
0.6755768897637795
0
LINE
8
BLACK
6
CONTINUOUS
10
1.2780537007874015
20
0.6755768897637795
11
1.2733493307086614
21
0.6738984251968504
0
LINE
8
BLACK
6
CONTINUOUS
10
1.2733493307086614
20
0.6738984251968504
11
1.2733491338582676
21
0.6738983070866141
0
LINE
8
BLACK
6
CONTINUOUS
10
1.2733491338582676
20
0.6738983070866141
11
1.2708962598425197
21
0.6725589763779527
0
LINE
8
BLACK
6
CONTINUOUS
10
1.2708962598425197
20
0.6725589763779527
11
1.2708961811023622
21
0.6725588976377953
0
LINE
8
BLACK
6
CONTINUOUS
10
1.2708961811023622
20
0.6725588976377953
11
1.2708961417322835
21
0.6725588976377953
0
LINE
8
BLACK
6
CONTINUOUS
10
1.2708961417322835
20
0.6725588976377953
11
1.2672584251968504
21
0.669835748031496
0
LINE
8
BLACK
6
CONTINUOUS
10
1.2672584251968504
20
0.669835748031496
11
1.244840157480315
21
0.6474174803149606
0
LINE
8
BLACK
6
CONTINUOUS
10
1.244840157480315
20
0.6474174803149606
11
1.242386968503937
21
0.6460779527559055
0
LINE
8
BLACK
6
CONTINUOUS
10
1.242386968503937
20
0.6460779527559055
11
1.2413325196850393
21
0.6459645669291338
0
LINE
8
BLACK
6
CONTINUOUS
10
1.2413325196850393
20
0.6459645669291338
11
1.1286674803149606
21
0.6459645669291338
0
LINE
8
BLACK
6
CONTINUOUS
10
1.1286674803149606
20
0.6459645669291338
11
1.1259855511811023
21
0.6467520472440945
0
LINE
8
BLACK
6
CONTINUOUS
10
1.1259855511811023
20
0.6467520472440945
11
1.1251598031496062
21
0.6474174803149606
0
LINE
8
BLACK
6
CONTINUOUS
10
1.1251598031496062
20
0.6474174803149606
11
1.1124280708661418
21
0.6601491732283464
0
LINE
8
BLACK
6
CONTINUOUS
10
1.1124280708661418
20
0.6601491732283464
11
1.1074174803149606
21
0.6651596850393701
0
LINE
8
BLACK
6
CONTINUOUS
10
1.1074174803149606
20
0.6651596850393701
11
1.1060779527559055
21
0.6676129527559055
0
LINE
8
BLACK
6
CONTINUOUS
10
1.1060779527559055
20
0.6676129527559055
11
1.1059645669291338
21
0.6686674015748031
0
LINE
8
BLACK
6
CONTINUOUS
10
1.1059645669291338
20
0.6686674015748031
11
1.1059645669291338
21
0.737945748031496
0
LINE
8
BLACK
6
CONTINUOUS
10
1.1059645669291338
20
0.737945748031496
11
1.1058731496062992
21
0.7396508267716535
0
LINE
8
BLACK
6
CONTINUOUS
10
1.1058731496062992
20
0.7396508267716535
11
1.1058731102362205
21
0.7396508661417323
0
LINE
8
BLACK
6
CONTINUOUS
10
1.1058731102362205
20
0.7396508661417323
11
1.1058731102362205
21
0.7396515354330708
0
LINE
8
BLACK
6
CONTINUOUS
10
1.1058731102362205
20
0.7396515354330708
11
1.1058663779527558
21
0.7397140551181102
0
LINE
8
BLACK
6
CONTINUOUS
10
1.1058663779527558
20
0.7397140551181102
11
1.1057598031496063
21
0.7407055905511811
0
LINE
8
BLACK
6
CONTINUOUS
10
1.1057598031496063
20
0.7407055905511811
11
1.1057597637795276
21
0.7407059842519685
0
LINE
8
BLACK
6
CONTINUOUS
10
1.1057597637795276
20
0.7407059842519685
11
1.1055768897637794
21
0.7419466141732284
0
LINE
8
BLACK
6
CONTINUOUS
10
1.1055768897637794
20
0.7419466141732284
11
1.1038983070866142
21
0.746650905511811
0
LINE
8
BLACK
6
CONTINUOUS
10
1.1038983070866142
20
0.746650905511811
11
1.1025587007874016
21
0.7491041338582677
0
LINE
8
BLACK
6
CONTINUOUS
10
1.1025587007874016
20
0.7491041338582677
11
1.0998357086614172
21
0.7527416141732284
0
LINE
8
BLACK
6
CONTINUOUS
10
1.0998357086614172
20
0.7527416141732284
11
1.0708827952755906
21
0.7816944488188976
0
LINE
8
BLACK
6
CONTINUOUS
10
1.0708827952755906
20
0.7816944488188976
11
1.069543307086614
21
0.7841476377952755
0
LINE
8
BLACK
6
CONTINUOUS
10
1.069543307086614
20
0.7841476377952755
11
1.0697426771653542
21
0.7869356299212599
0
LINE
8
BLACK
6
CONTINUOUS
10
1.0697426771653542
20
0.7869356299212599
11
1.0714177559055118
21
0.7891732677165354
0
LINE
8
BLACK
6
CONTINUOUS
10
1.0714177559055118
20
0.7891732677165354
11
1.0727415354330709
21
0.7901642125984252
0
LINE
8
BLACK
6
CONTINUOUS
10
1.0727415354330709
20
0.7901642125984252
11
1.0851598425196851
21
0.8025825196850394
0
LINE
8
BLACK
6
CONTINUOUS
10
1.0851598425196851
20
0.8025825196850394
11
1.087613031496063
21
0.8039220472440944
0
LINE
8
BLACK
6
CONTINUOUS
10
1.087613031496063
20
0.8039220472440944
11
1.0886674803149605
21
0.8040354330708661
0
LINE
8
BLACK
6
CONTINUOUS
10
1.0886674803149605
20
0.8040354330708661
11
1.1450394488188975
21
0.8040354330708661
0
LINE
8
BLACK
6
CONTINUOUS
10
1.1450394488188975
20
0.8040354330708661
11
1.1458964566929133
21
0.8041275590551181
0
LINE
8
BLACK
6
CONTINUOUS
10
1.1458964566929133
20
0.8041275590551181
11
1.1466064173228345
21
0.8042038582677166
0
LINE
8
BLACK
6
CONTINUOUS
10
1.1466064173228345
20
0.8042038582677166
11
1.1471364566929134
21
0.8042322834645669
0
LINE
8
BLACK
6
CONTINUOUS
10
1.1471364566929134
20
0.8042322834645669
11
1.1512407874015749
21
0.8042322834645669
0
LINE
8
BLACK
6
CONTINUOUS
10
1.1512407874015749
20
0.8042322834645669
11
1.1549331496062991
21
0.8048170472440944
0
LINE
8
BLACK
6
CONTINUOUS
10
1.1549331496062991
20
0.8048170472440944
11
1.1593835433070865
21
0.8070846062992125
0
LINE
8
BLACK
6
CONTINUOUS
10
1.1593835433070865
20
0.8070846062992125
11
1.1629153543307087
21
0.8106164173228346
0
LINE
8
BLACK
6
CONTINUOUS
10
1.1629153543307087
20
0.8106164173228346
11
1.1643163779527559
21
0.8133661417322835
0
LINE
8
BLACK
6
CONTINUOUS
10
1.1643163779527559
20
0.8133661417322835
11
1.1651829133858267
21
0.8150667716535432
0
LINE
8
BLACK
6
CONTINUOUS
10
1.1651829133858267
20
0.8150667716535432
11
1.165767716535433
21
0.818759094488189
0
LINE
8
BLACK
6
CONTINUOUS
10
1.165767716535433
20
0.818759094488189
11
1.1657676771653542
21
0.8232366141732284
0
LINE
8
BLACK
6
CONTINUOUS
10
1.1657676771653542
20
0.8232366141732284
11
1.1658181889763779
21
0.8239427165354331
0
LINE
8
BLACK
6
CONTINUOUS
10
1.1658181889763779
20
0.8239427165354331
11
1.1659645669291339
21
0.8249605511811023
0
LINE
8
BLACK
6
CONTINUOUS
10
1.1659645669291339
20
0.8249605511811023
11
1.1659645669291339
21
0.8750391338582677
0
LINE
8
BLACK
6
CONTINUOUS
10
1.1659645669291339
20
0.8750391338582677
11
1.1659645275590551
21
0.8750397244094488
0
LINE
8
BLACK
6
CONTINUOUS
10
1.1659645275590551
20
0.8750397244094488
11
1.1657961023622048
21
0.8766063779527559
0
LINE
8
BLACK
6
CONTINUOUS
10
1.1657961023622048
20
0.8766063779527559
11
1.1657676771653542
21
0.8771366535433071
0
LINE
8
BLACK
6
CONTINUOUS
10
1.1657676771653542
20
0.8771366535433071
11
1.1657676771653542
21
0.8812407874015747
0
LINE
8
BLACK
6
CONTINUOUS
10
1.1657676771653542
20
0.8812407874015747
11
1.1651829133858267
21
0.8849331496062992
0
LINE
8
BLACK
6
CONTINUOUS
10
1.1651829133858267
20
0.8849331496062992
11
1.1651829133858267
21
0.8849332283464567
0
LINE
8
BLACK
6
CONTINUOUS
10
1.1651829133858267
20
0.8849332283464567
11
1.1629153543307087
21
0.8893835433070866
0
LINE
8
BLACK
6
CONTINUOUS
10
1.1629153543307087
20
0.8893835433070866
11
1.1593835433070865
21
0.8929153543307087
0
LINE
8
BLACK
6
CONTINUOUS
10
1.1593835433070865
20
0.8929153543307087
11
1.1549332283464566
21
0.8951829133858268
0
LINE
8
BLACK
6
CONTINUOUS
10
1.1549332283464566
20
0.8951829133858268
11
1.1512409055118109
21
0.8957677165354331
0
LINE
8
BLACK
6
CONTINUOUS
10
1.1512409055118109
20
0.8957677165354331
11
1.1467633464566929
21
0.8957676771653543
0
LINE
8
BLACK
6
CONTINUOUS
10
1.1467633464566929
20
0.8957676771653543
11
1.1460573228346456
21
0.8958181496062992
0
LINE
8
BLACK
6
CONTINUOUS
10
1.1460573228346456
20
0.8958181496062992
11
1.1455467322834645
21
0.8958915748031496
0
LINE
8
BLACK
6
CONTINUOUS
10
1.1455467322834645
20
0.8958915748031496
11
1.1450394094488188
21
0.8959645669291338
0
LINE
8
BLACK
6
CONTINUOUS
10
1.1450394094488188
20
0.8959645669291338
11
1.1450393700787402
21
0.8959645669291338
0
LINE
8
BLACK
6
CONTINUOUS
10
1.1450393700787402
20
0.8959645669291338
11
1.1086674803149605
21
0.8959645669291338
0
LINE
8
BLACK
6
CONTINUOUS
10
1.1086674803149605
20
0.8959645669291338
11
1.1059855511811023
21
0.8967520472440945
0
LINE
8
BLACK
6
CONTINUOUS
10
1.1059855511811023
20
0.8967520472440945
11
1.1051599606299212
21
0.8974173228346457
0
LINE
8
BLACK
6
CONTINUOUS
10
1.1051599606299212
20
0.8974173228346457
11
1.0770101968503938
21
0.9255671259842519
0
LINE
8
BLACK
6
CONTINUOUS
10
1.0770101968503938
20
0.9255671259842519
11
1.0756706299212597
21
0.9280203543307086
0
LINE
8
BLACK
6
CONTINUOUS
10
1.0756706299212597
20
0.9280203543307086
11
1.0758700393700786
21
0.9308083858267716
0
LINE
8
BLACK
6
CONTINUOUS
10
1.0758700393700786
20
0.9308083858267716
11
1.0775451181102362
21
0.9330459842519685
0
LINE
8
BLACK
6
CONTINUOUS
10
1.0775451181102362
20
0.9330459842519685
11
1.0801640157480314
21
0.9340227952755905
0
LINE
8
BLACK
6
CONTINUOUS
10
1.0801640157480314
20
0.9340227952755905
11
1.0805179133858267
21
0.9340354330708661
0
LINE
8
BLACK
6
CONTINUOUS
10
1.0805179133858267
20
0.9340354330708661
11
1.1250664960629921
21
0.9340354330708661
0
LINE
8
BLACK
6
CONTINUOUS
10
1.1250664960629921
20
0.9340354330708661
11
1.1277484251968504
21
0.9332479527559054
0
LINE
8
BLACK
6
CONTINUOUS
10
1.1277484251968504
20
0.9332479527559054
11
1.1294864566929133
21
0.9313268897637795
0
LINE
8
BLACK
6
CONTINUOUS
10
1.1294864566929133
20
0.9313268897637795
11
1.1317846062992125
21
0.9268164173228346
0
LINE
8
BLACK
6
CONTINUOUS
10
1.1317846062992125
20
0.9268164173228346
11
1.1353164173228347
21
0.9232846062992126
0
LINE
8
BLACK
6
CONTINUOUS
10
1.1353164173228347
20
0.9232846062992126
11
1.1397666929133858
21
0.9210171259842519
0
LINE
8
BLACK
6
CONTINUOUS
10
1.1397666929133858
20
0.9210171259842519
11
1.1397667716535433
21
0.9210170866141733
0
LINE
8
BLACK
6
CONTINUOUS
10
1.1397667716535433
20
0.9210170866141733
11
1.1434590944881891
21
0.920432283464567
0
LINE
8
BLACK
6
CONTINUOUS
10
1.1434590944881891
20
0.920432283464567
11
1.1550592125984251
21
0.920432283464567
0
LINE
8
BLACK
6
CONTINUOUS
10
1.1550592125984251
20
0.920432283464567
11
1.1577411417322834
21
0.9196448031496063
0
LINE
8
BLACK
6
CONTINUOUS
10
1.1577411417322834
20
0.9196448031496063
11
1.1583741732283463
21
0.9191620078740157
0
LINE
8
BLACK
6
CONTINUOUS
10
1.1583741732283463
20
0.9191620078740157
11
1.1585298818897638
21
0.9190221259842519
0
LINE
8
BLACK
6
CONTINUOUS
10
1.1585298818897638
20
0.9190221259842519
11
1.1585301181102361
21
0.9190219291338583
0
LINE
8
BLACK
6
CONTINUOUS
10
1.1585301181102361
20
0.9190219291338583
11
1.1593552755905512
21
0.9183570078740158
0
LINE
8
BLACK
6
CONTINUOUS
10
1.1593552755905512
20
0.9183570078740158
11
1.1593555511811022
21
0.9183567716535432
0
LINE
8
BLACK
6
CONTINUOUS
10
1.1593555511811022
20
0.9183567716535432
11
1.1593557874015747
21
0.9183566141732283
0
LINE
8
BLACK
6
CONTINUOUS
10
1.1593557874015747
20
0.9183566141732283
11
1.1602856692913386
21
0.9176656692913385
0
LINE
8
BLACK
6
CONTINUOUS
10
1.1602856692913386
20
0.9176656692913385
11
1.1603618897637795
21
0.9176090551181102
0
LINE
8
BLACK
6
CONTINUOUS
10
1.1603618897637795
20
0.9176090551181102
11
1.160361968503937
21
0.9176090157480314
0
LINE
8
BLACK
6
CONTINUOUS
10
1.160361968503937
20
0.9176090157480314
11
1.1648747637795276
21
0.9154696456692913
0
LINE
8
BLACK
6
CONTINUOUS
10
1.1648747637795276
20
0.9154696456692913
11
1.1648748818897638
21
0.9154696062992126
0
LINE
8
BLACK
6
CONTINUOUS
10
1.1648748818897638
20
0.9154696062992126
11
1.1669901181102362
21
0.9148485433070866
0
LINE
8
BLACK
6
CONTINUOUS
10
1.1669901181102362
20
0.9148485433070866
11
1.1675570078740156
21
0.9146820866141732
0
LINE
8
BLACK
6
CONTINUOUS
10
1.1675570078740156
20
0.9146820866141732
11
1.1720547244094488
21
0.9140354330708661
0
LINE
8
BLACK
6
CONTINUOUS
10
1.1720547244094488
20
0.9140354330708661
11
1.1720548425196851
21
0.9140354330708661
0
LINE
8
BLACK
6
CONTINUOUS
10
1.1720548425196851
20
0.9140354330708661
11
1.4750397244094489
21
0.9140354330708661
0
LINE
8
BLACK
6
CONTINUOUS
10
1.4750397244094489
20
0.9140354330708661
11
1.4780934251968503
21
0.9143637401574803
0
LINE
8
BLACK
6
CONTINUOUS
10
1.4780934251968503
20
0.9143637401574803
11
1.4784327952755905
21
0.9144002362204724
0
LINE
8
BLACK
6
CONTINUOUS
10
1.4784327952755905
20
0.9144002362204724
11
1.4801975984251967
21
0.9147841338582677
0
LINE
8
BLACK
6
CONTINUOUS
10
1.4801975984251967
20
0.9147841338582677
11
1.4804937007874015
21
0.9148485433070866
0
LINE
8
BLACK
6
CONTINUOUS
10
1.4804937007874015
20
0.9148485433070866
11
1.4833145275590551
21
0.9157428740157481
0
LINE
8
BLACK
6
CONTINUOUS
10
1.4833145275590551
20
0.9157428740157481
11
1.4875545669291339
21
0.9183829921259842
0
LINE
8
BLACK
6
CONTINUOUS
10
1.4875545669291339
20
0.9183829921259842
11
1.4875547244094487
21
0.9183831102362204
0
LINE
8
BLACK
6
CONTINUOUS
10
1.4875547244094487
20
0.9183831102362204
11
1.489666811023622
21
0.9202132283464567
0
LINE
8
BLACK
6
CONTINUOUS
10
1.489666811023622
20
0.9202132283464567
11
1.4896669291338582
21
0.9202133464566928
0
LINE
8
BLACK
6
CONTINUOUS
10
1.4896669291338582
20
0.9202133464566928
11
1.4896670472440945
21
0.9202134645669291
0
LINE
8
BLACK
6
CONTINUOUS
10
1.4896670472440945
20
0.9202134645669291
11
1.4923908267716535
21
0.9232676377952755
0
LINE
8
BLACK
6
CONTINUOUS
10
1.4923908267716535
20
0.9232676377952755
11
1.4923908267716535
21
0.9232676771653543
0
LINE
8
BLACK
6
CONTINUOUS
10
1.4923908267716535
20
0.9232676771653543
11
1.492390905511811
21
0.9232677559055118
0
LINE
8
BLACK
6
CONTINUOUS
10
1.492390905511811
20
0.9232677559055118
11
1.4945303149606299
21
0.9277806692913385
0
LINE
8
BLACK
6
CONTINUOUS
10
1.4945303149606299
20
0.9277806692913385
11
1.4945303543307087
21
0.9277807874015748
0
LINE
8
BLACK
6
CONTINUOUS
10
1.4945303543307087
20
0.9277807874015748
11
1.4945303543307087
21
0.9277808661417323
0
LINE
8
BLACK
6
CONTINUOUS
10
1.4945303543307087
20
0.9277808661417323
11
1.4945304330708662
21
0.9277809842519685
0
LINE
8
BLACK
6
CONTINUOUS
10
1.4945304330708662
20
0.9277809842519685
11
1.4953179133858268
21
0.9304629133858268
0
LINE
8
BLACK
6
CONTINUOUS
10
1.4953179133858268
20
0.9304629133858268
11
1.4959645669291339
21
0.9349606299212598
0
LINE
8
BLACK
6
CONTINUOUS
10
1.4959645669291339
20
0.9349606299212598
11
1.4959645669291339
21
1.0950393700787402
0
LINE
8
BLACK
6
CONTINUOUS
10
1.4959645669291339
20
1.0950393700787402
11
1.4957960629921259
21
1.0966064173228347
0
LINE
8
BLACK
6
CONTINUOUS
10
1.4957960629921259
20
1.0966064173228347
11
1.4957676771653543
21
1.0971366535433071
0
LINE
8
BLACK
6
CONTINUOUS
10
1.4957676771653543
20
1.0971366535433071
11
1.4957676771653543
21
1.1012407874015748
0
LINE
8
BLACK
6
CONTINUOUS
10
1.4957676771653543
20
1.1012407874015748
11
1.4956992125984252
21
1.1016732283464568
0
LINE
8
BLACK
6
CONTINUOUS
10
1.4956992125984252
20
1.1016732283464568
11
1.4951829133858268
21
1.1049332283464566
0
LINE
8
BLACK
6
CONTINUOUS
10
1.4951829133858268
20
1.1049332283464566
11
1.4929153543307085
21
1.1093835433070867
0
LINE
8
BLACK
6
CONTINUOUS
10
1.4929153543307085
20
1.1093835433070867
11
1.4893835433070866
21
1.1129153543307087
0
LINE
8
BLACK
6
CONTINUOUS
10
1.4893835433070866
20
1.1129153543307087
11
1.4849332283464567
21
1.1151829133858266
0
LINE
8
BLACK
6
CONTINUOUS
10
1.4849332283464567
20
1.1151829133858266
11
1.481240905511811
21
1.1157677165354329
0
LINE
8
BLACK
6
CONTINUOUS
10
1.481240905511811
20
1.1157677165354329
11
1.4767633464566929
21
1.1157676771653544
0
LINE
8
BLACK
6
CONTINUOUS
10
1.4767633464566929
20
1.1157676771653544
11
1.4760573228346456
21
1.1158181496062991
0
LINE
8
BLACK
6
CONTINUOUS
10
1.4760573228346456
20
1.1158181496062991
11
1.4755467322834646
21
1.1158915748031495
0
LINE
8
BLACK
6
CONTINUOUS
10
1.4755467322834646
20
1.1158915748031495
11
1.4750394094488188
21
1.1159645669291338
0
LINE
8
BLACK
6
CONTINUOUS
10
1.4750394094488188
20
1.1159645669291338
11
1.4750393700787401
21
1.1159645669291338
0
LINE
8
BLACK
6
CONTINUOUS
10
1.4750393700787401
20
1.1159645669291338
11
1.3020547244094487
21
1.1159645669291338
0
LINE
8
BLACK
6
CONTINUOUS
10
1.3020547244094487
20
1.1159645669291338
11
1.3020542519685039
21
1.1159645669291338
0
LINE
8
BLACK
6
CONTINUOUS
10
1.3020542519685039
20
1.1159645669291338
11
1.3003491338582678
21
1.1158731496062992
0
LINE
8
BLACK
6
CONTINUOUS
10
1.3003491338582678
20
1.1158731496062992
11
1.3003490157480315
21
1.1158731102362205
0
LINE
8
BLACK
6
CONTINUOUS
10
1.3003490157480315
20
1.1158731102362205
11
1.3003484645669292
21
1.1158731102362205
0
LINE
8
BLACK
6
CONTINUOUS
10
1.3003484645669292
20
1.1158731102362205
11
1.3003477559055119
21
1.115873031496063
0
LINE
8
BLACK
6
CONTINUOUS
10
1.3003477559055119
20
1.115873031496063
11
1.3003472440944881
21
1.1158729921259842
0
LINE
8
BLACK
6
CONTINUOUS
10
1.3003472440944881
20
1.1158729921259842
11
1.29929437007874
21
1.1157598031496063
0
LINE
8
BLACK
6
CONTINUOUS
10
1.29929437007874
20
1.1157598031496063
11
1.2992940157480315
21
1.1157597637795276
0
LINE
8
BLACK
6
CONTINUOUS
10
1.2992940157480315
20
1.1157597637795276
11
1.2980533858267715
21
1.1155768897637794
0
LINE
8
BLACK
6
CONTINUOUS
10
1.2980533858267715
20
1.1155768897637794
11
1.2933490944881889
21
1.1138983070866142
0
LINE
8
BLACK
6
CONTINUOUS
10
1.2933490944881889
20
1.1138983070866142
11
1.2908958661417322
21
1.1125587007874016
0
LINE
8
BLACK
6
CONTINUOUS
10
1.2908958661417322
20
1.1125587007874016
11
1.2908957086614172
21
1.1125585826771653
0
LINE
8
BLACK
6
CONTINUOUS
10
1.2908957086614172
20
1.1125585826771653
11
1.2908955118110237
21
1.1125584645669291
0
LINE
8
BLACK
6
CONTINUOUS
10
1.2908955118110237
20
1.1125584645669291
11
1.2872585826771654
21
1.1098358661417322
0
LINE
8
BLACK
6
CONTINUOUS
10
1.2872585826771654
20
1.1098358661417322
11
1.2872583858267717
21
1.1098357086614172
0
LINE
8
BLACK
6
CONTINUOUS
10
1.2872583858267717
20
1.1098357086614172
11
1.2601642913385827
21
1.0827416141732282
0
LINE
8
BLACK
6
CONTINUOUS
10
1.2601642913385827
20
1.0827416141732282
11
1.2591001968503936
21
1.0815570078740158
0
LINE
8
BLACK
6
CONTINUOUS
10
1.2591001968503936
20
1.0815570078740158
11
1.2590226771653543
21
1.0814707086614173
0
LINE
8
BLACK
6
CONTINUOUS
10
1.2590226771653543
20
1.0814707086614173
11
1.259022125984252
21
1.0814700787401574
0
LINE
8
BLACK
6
CONTINUOUS
10
1.259022125984252
20
1.0814700787401574
11
1.2583569685039371
21
1.0806447244094488
0
LINE
8
BLACK
6
CONTINUOUS
10
1.2583569685039371
20
1.0806447244094488
11
1.2576092125984251
21
1.0796383858267715
0
LINE
8
BLACK
6
CONTINUOUS
10
1.2576092125984251
20
1.0796383858267715
11
1.2576091338582678
21
1.079638188976378
0
LINE
8
BLACK
6
CONTINUOUS
10
1.2576091338582678
20
1.079638188976378
11
1.2554696456692913
21
1.0751251968503936
0
LINE
8
BLACK
6
CONTINUOUS
10
1.2554696456692913
20
1.0751251968503936
11
1.2554696062992126
21
1.0751250787401574
0
LINE
8
BLACK
6
CONTINUOUS
10
1.2554696062992126
20
1.0751250787401574
11
1.2554695669291338
21
1.0751249212598426
0
LINE
8
BLACK
6
CONTINUOUS
10
1.2554695669291338
20
1.0751249212598426
11
1.2546820866141732
21
1.0724429921259842
0
LINE
8
BLACK
6
CONTINUOUS
10
1.2546820866141732
20
1.0724429921259842
11
1.2542711417322834
21
1.0695846456692912
0
LINE
8
BLACK
6
CONTINUOUS
10
1.2542711417322834
20
1.0695846456692912
11
1.2540354330708661
21
1.0679451574803149
0
LINE
8
BLACK
6
CONTINUOUS
10
1.2540354330708661
20
1.0679451574803149
11
1.2540354330708661
21
1.0501394881889763
0
LINE
8
BLACK
6
CONTINUOUS
10
1.2540354330708661
20
1.0501394881889763
11
1.2532479527559055
21
1.0474575590551181
0
LINE
8
BLACK
6
CONTINUOUS
10
1.2532479527559055
20
1.0474575590551181
11
1.2511355118110237
21
1.045627125984252
0
LINE
8
BLACK
6
CONTINUOUS
10
1.2511355118110237
20
1.045627125984252
11
1.2483688188976378
21
1.0452293307086613
0
LINE
8
BLACK
6
CONTINUOUS
10
1.2483688188976378
20
1.0452293307086613
11
1.2458262992125984
21
1.0463905118110235
0
LINE
8
BLACK
6
CONTINUOUS
10
1.2458262992125984
20
1.0463905118110235
11
1.245567125984252
21
1.0466318110236221
0
LINE
8
BLACK
6
CONTINUOUS
10
1.245567125984252
20
1.0466318110236221
11
1.2446836220472441
21
1.0475152755905512
0
LINE
8
BLACK
6
CONTINUOUS
10
1.2446836220472441
20
1.0475152755905512
11
1.2446835433070866
21
1.0475153543307087
0
LINE
8
BLACK
6
CONTINUOUS
10
1.2446835433070866
20
1.0475153543307087
11
1.2445822440944883
21
1.047566968503937
0
LINE
8
BLACK
6
CONTINUOUS
10
1.2445822440944883
20
1.047566968503937
11
1.2402332283464568
21
1.0497829133858267
0
LINE
8
BLACK
6
CONTINUOUS
10
1.2402332283464568
20
1.0497829133858267
11
1.2365409055118111
21
1.050367716535433
0
LINE
8
BLACK
6
CONTINUOUS
10
1.2365409055118111
20
1.050367716535433
11
1.1434591338582676
21
1.0503676771653543
0
LINE
8
BLACK
6
CONTINUOUS
10
1.1434591338582676
20
1.0503676771653543
11
1.1397667716535433
21
1.0497829133858267
0
LINE
8
BLACK
6
CONTINUOUS
10
1.1397667716535433
20
1.0497829133858267
11
1.1380362992125983
21
1.0489011811023621
0
LINE
8
BLACK
6
CONTINUOUS
10
1.1380362992125983
20
1.0489011811023621
11
1.1353164173228347
21
1.0475153543307087
0
LINE
8
BLACK
6
CONTINUOUS
10
1.1353164173228347
20
1.0475153543307087
11
1.1317846062992125
21
1.0439835433070865
0
LINE
8
BLACK
6
CONTINUOUS
10
1.1317846062992125
20
1.0439835433070865
11
1.1311494488188976
21
1.0427369291338582
0
LINE
8
BLACK
6
CONTINUOUS
10
1.1311494488188976
20
1.0427369291338582
11
1.1295170866141733
21
1.0395332283464567
0
LINE
8
BLACK
6
CONTINUOUS
10
1.1295170866141733
20
1.0395332283464567
11
1.128932283464567
21
1.035840905511811
0
LINE
8
BLACK
6
CONTINUOUS
10
1.128932283464567
20
1.035840905511811
11
1.128932283464567
21
1.0358408661417322
0
LINE
8
BLACK
6
CONTINUOUS
10
1.128932283464567
20
1.0358408661417322
11
1.128932283464567
21
1.035840748031496
0
LINE
8
BLACK
6
CONTINUOUS
10
1.128932283464567
20
1.035840748031496
11
1.128932283464567
21
1.0309251968503936
0
LINE
8
BLACK
6
CONTINUOUS
10
1.128932283464567
20
1.0309251968503936
11
1.1281448031496062
21
1.0282432677165354
0
LINE
8
BLACK
6
CONTINUOUS
10
1.1281448031496062
20
1.0282432677165354
11
1.1260323622047244
21
1.0264128346456693
0
LINE
8
BLACK
6
CONTINUOUS
10
1.1260323622047244
20
1.0264128346456693
11
1.1239716535433071
21
1.0259645669291337
0
LINE
8
BLACK
6
CONTINUOUS
10
1.1239716535433071
20
1.0259645669291337
11
1.081093937007874
21
1.0259645669291337
0
LINE
8
BLACK
6
CONTINUOUS
10
1.081093937007874
20
1.0259645669291337
11
1.0784120078740158
21
1.0267520472440945
0
LINE
8
BLACK
6
CONTINUOUS
10
1.0784120078740158
20
1.0267520472440945
11
1.0765815748031495
21
1.0288644881889764
0
LINE
8
BLACK
6
CONTINUOUS
10
1.0765815748031495
20
1.0288644881889764
11
1.0761837795275591
21
1.0316311811023622
0
LINE
8
BLACK
6
CONTINUOUS
10
1.0761837795275591
20
1.0316311811023622
11
1.0768936614173228
21
1.0335644094488188
0
LINE
8
BLACK
6
CONTINUOUS
10
1.0768936614173228
20
1.0335644094488188
11
1.0785742913385827
21
1.0362391338582677
0
LINE
8
BLACK
6
CONTINUOUS
10
1.0785742913385827
20
1.0362391338582677
11
1.0785743307086615
21
1.036239251968504
0
LINE
8
BLACK
6
CONTINUOUS
10
1.0785743307086615
20
1.036239251968504
11
1.0785743700787402
21
1.0362392913385827
0
LINE
8
BLACK
6
CONTINUOUS
10
1.0785743700787402
20
1.0362392913385827
11
1.0809199999999999
21
1.042942716535433
0
LINE
8
BLACK
6
CONTINUOUS
10
1.0809199999999999
20
1.042942716535433
11
1.081715157480315
21
1.05
0
LINE
8
BLACK
6
CONTINUOUS
10
1.081715157480315
20
1.05
11
1.0809199999999999
21
1.0570572834645668
0
LINE
8
BLACK
6
CONTINUOUS
10
1.0809199999999999
20
1.0570572834645668
11
1.0785743700787402
21
1.0637607086614174
0
LINE
8
BLACK
6
CONTINUOUS
10
1.0785743700787402
20
1.0637607086614174
11
1.074795905511811
21
1.0697740944881891
0
LINE
8
BLACK
6
CONTINUOUS
10
1.074795905511811
20
1.0697740944881891
11
1.0697740944881891
21
1.074795905511811
0
LINE
8
BLACK
6
CONTINUOUS
10
1.0697740944881891
20
1.074795905511811
11
1.0637607086614174
21
1.0785743700787402
0
LINE
8
BLACK
6
CONTINUOUS
10
1.0637607086614174
20
1.0785743700787402
11
1.0570572834645668
21
1.0809199999999999
0
LINE
8
BLACK
6
CONTINUOUS
10
1.0570572834645668
20
1.0809199999999999
11
1.05
21
1.081715157480315
0
LINE
8
BLACK
6
CONTINUOUS
10
1.05
20
1.081715157480315
11
1.0455605118110236
21
1.0812149212598425
0
LINE
8
BLACK
6
CONTINUOUS
10
1.0455605118110236
20
1.0812149212598425
11
1.0428074803149605
21
1.0816971653543306
0
LINE
8
BLACK
6
CONTINUOUS
10
1.0428074803149605
20
1.0816971653543306
11
1.0407520472440945
21
1.0835913385826772
0
LINE
8
BLACK
6
CONTINUOUS
10
1.0407520472440945
20
1.0835913385826772
11
1.0402873622047244
21
1.084611653543307
0
LINE
8
BLACK
6
CONTINUOUS
10
1.0402873622047244
20
1.084611653543307
11
1.0401829527559054
21
1.084932874015748
0
LINE
8
BLACK
6
CONTINUOUS
10
1.0401829527559054
20
1.084932874015748
11
1.0401829133858267
21
1.0849332283464566
0
LINE
8
BLACK
6
CONTINUOUS
10
1.0401829133858267
20
1.0849332283464566
11
1.0379153543307087
21
1.0893835433070866
0
LINE
8
BLACK
6
CONTINUOUS
10
1.0379153543307087
20
1.0893835433070866
11
1.0343835433070865
21
1.0929153543307086
0
LINE
8
BLACK
6
CONTINUOUS
10
1.0343835433070865
20
1.0929153543307086
11
1.0299332283464566
21
1.0951829133858269
0
LINE
8
BLACK
6
CONTINUOUS
10
1.0299332283464566
20
1.0951829133858269
11
1.0262409055118109
21
1.0957677165354331
0
LINE
8
BLACK
6
CONTINUOUS
10
1.0262409055118109
20
1.0957677165354331
11
0.9887591338582677
21
1.0957676771653544
0
LINE
8
BLACK
6
CONTINUOUS
10
0.9887591338582677
20
1.0957676771653544
11
0.9850667716535433
21
1.0951829133858269
0
LINE
8
BLACK
6
CONTINUOUS
10
0.9850667716535433
20
1.0951829133858269
11
0.9828416141732284
21
1.0940491338582676
0
LINE
8
BLACK
6
CONTINUOUS
10
0.9828416141732284
20
1.0940491338582676
11
0.9806164173228347
21
1.0929153543307086
0
LINE
8
BLACK
6
CONTINUOUS
10
0.9806164173228347
20
1.0929153543307086
11
0.9770846062992126
21
1.0893835433070866
0
LINE
8
BLACK
6
CONTINUOUS
10
0.9770846062992126
20
1.0893835433070866
11
0.9748170866141732
21
1.0849332283464566
0
LINE
8
BLACK
6
CONTINUOUS
10
0.9748170866141732
20
1.0849332283464566
11
0.9747178740157481
21
1.0846278346456693
0
LINE
8
BLACK
6
CONTINUOUS
10
0.9747178740157481
20
1.0846278346456693
11
0.9731401968503937
21
1.0823205118110235
0
LINE
8
BLACK
6
CONTINUOUS
10
0.9731401968503937
20
1.0823205118110235
11
0.9705655511811023
21
1.0812324015748032
0
LINE
8
BLACK
6
CONTINUOUS
10
0.9705655511811023
20
1.0812324015748032
11
0.9678113385826771
21
1.0817089763779528
0
LINE
8
BLACK
6
CONTINUOUS
10
0.9678113385826771
20
1.0817089763779528
11
0.9657520078740157
21
1.083598937007874
0
LINE
8
BLACK
6
CONTINUOUS
10
0.9657520078740157
20
1.083598937007874
11
0.9652821259842519
21
1.0846278346456693
0
LINE
8
BLACK
6
CONTINUOUS
10
0.9652821259842519
20
1.0846278346456693
11
0.9651829133858267
21
1.0849329527559055
0
LINE
8
BLACK
6
CONTINUOUS
10
0.9651829133858267
20
1.0849329527559055
11
0.9651829133858267
21
1.0849332283464566
0
LINE
8
BLACK
6
CONTINUOUS
10
0.9651829133858267
20
1.0849332283464566
11
0.9629153543307086
21
1.0893835433070866
0
LINE
8
BLACK
6
CONTINUOUS
10
0.9629153543307086
20
1.0893835433070866
11
0.9616694488188976
21
1.0906294094488189
0
LINE
8
BLACK
6
CONTINUOUS
10
0.9616694488188976
20
1.0906294094488189
11
0.9603299212598425
21
1.0930825590551181
0
LINE
8
BLACK
6
CONTINUOUS
10
0.9603299212598425
20
1.0930825590551181
11
0.9602165354330708
21
1.0941370866141733
0
LINE
8
BLACK
6
CONTINUOUS
10
0.9602165354330708
20
1.0941370866141733
11
0.9602165354330708
21
1.2195713779527559
0
LINE
8
BLACK
6
CONTINUOUS
10
0.9602165354330708
20
1.2195713779527559
11
0.9610040157480315
21
1.2222533070866142
0
LINE
8
BLACK
6
CONTINUOUS
10
0.9610040157480315
20
1.2222533070866142
11
0.9616694881889764
21
1.2230790551181101
0
LINE
8
BLACK
6
CONTINUOUS
10
0.9616694881889764
20
1.2230790551181101
11
0.996920905511811
21
1.2583304724409448
0
LINE
8
BLACK
6
CONTINUOUS
10
0.996920905511811
20
1.2583304724409448
11
0.9993741338582677
21
1.2596700787401574
0
LINE
8
BLACK
6
CONTINUOUS
10
0.9993741338582677
20
1.2596700787401574
11
1.0004285826771653
21
1.2597834251968503
0
LINE
8
BLACK
6
CONTINUOUS
10
1.0004285826771653
20
1.2597834251968503
11
1.0679456299212597
21
1.2597834251968503
0
LINE
8
BLACK
6
CONTINUOUS
10
1.0679456299212597
20
1.2597834251968503
11
1.067945905511811
21
1.259783464566929
0
LINE
8
BLACK
6
CONTINUOUS
10
1.067945905511811
20
1.259783464566929
11
1.0701051181102361
21
1.2598991732283464
0
LINE
8
BLACK
6
CONTINUOUS
10
1.0701051181102361
20
1.2598991732283464
11
1.0701071653543306
21
1.2598993307086614
0
LINE
8
BLACK
6
CONTINUOUS
10
1.0701071653543306
20
1.2598993307086614
11
1.0711599999999999
21
1.2600125196850394
0
LINE
8
BLACK
6
CONTINUOUS
10
1.0711599999999999
20
1.2600125196850394
11
1.0711604330708662
21
1.2600125984251969
0
LINE
8
BLACK
6
CONTINUOUS
10
1.0711604330708662
20
1.2600125984251969
11
1.0732970078740158
21
1.2603588188976378
0
LINE
8
BLACK
6
CONTINUOUS
10
1.0732970078740158
20
1.2603588188976378
11
1.0732974803149606
21
1.260358937007874
0
LINE
8
BLACK
6
CONTINUOUS
10
1.0732974803149606
20
1.260358937007874
11
1.0786883858267717
21
1.26236968503937
0
LINE
8
BLACK
6
CONTINUOUS
10
1.0786883858267717
20
1.26236968503937
11
1.078688779527559
21
1.262369842519685
0
LINE
8
BLACK
6
CONTINUOUS
10
1.078688779527559
20
1.262369842519685
11
1.0811420472440945
21
1.2637094881889763
0
LINE
8
BLACK
6
CONTINUOUS
10
1.0811420472440945
20
1.2637094881889763
11
1.0857479921259843
21
1.2671575590551181
0
LINE
8
BLACK
6
CONTINUOUS
10
1.0857479921259843
20
1.2671575590551181
11
1.0857484645669291
21
1.2671579527559056
0
LINE
8
BLACK
6
CONTINUOUS
10
1.0857484645669291
20
1.2671579527559056
11
1.1028416929133857
21
1.2842511811023622
0
LINE
8
BLACK
6
CONTINUOUS
10
1.1028416929133857
20
1.2842511811023622
11
1.1028420078740158
21
1.2842515354330708
0
LINE
8
BLACK
6
CONTINUOUS
10
1.1028420078740158
20
1.2842515354330708
11
1.1028422834645668
21
1.2842518110236221
0
LINE
8
BLACK
6
CONTINUOUS
10
1.1028422834645668
20
1.2842518110236221
11
1.1042880708661418
21
1.2858612992125984
0
LINE
8
BLACK
6
CONTINUOUS
10
1.1042880708661418
20
1.2858612992125984
11
1.1049535433070865
21
1.2866870472440946
0
LINE
8
BLACK
6
CONTINUOUS
10
1.1049535433070865
20
1.2866870472440946
11
1.1061214566929134
21
1.2883066141732282
0
LINE
8
BLACK
6
CONTINUOUS
10
1.1061214566929134
20
1.2883066141732282
11
1.1062196456692912
21
1.2884427559055118
0
LINE
8
BLACK
6
CONTINUOUS
10
1.1062196456692912
20
1.2884427559055118
11
1.10621968503937
21
1.2884428346456693
0
LINE
8
BLACK
6
CONTINUOUS
10
1.10621968503937
20
1.2884428346456693
11
1.1062197637795275
21
1.2884429527559056
0
LINE
8
BLACK
6
CONTINUOUS
10
1.1062197637795275
20
1.2884429527559056
11
1.1086101574803149
21
1.2936771653543306
0
LINE
8
BLACK
6
CONTINUOUS
10
1.1086101574803149
20
1.2936771653543306
11
1.1093976377952757
21
1.2963590944881889
0
LINE
8
BLACK
6
CONTINUOUS
10
1.1093976377952757
20
1.2963590944881889
11
1.1102165354330709
21
1.3020547244094487
0
LINE
8
BLACK
6
CONTINUOUS
10
1.1102165354330709
20
1.3020547244094487
11
1.1102165354330709
21
1.4850393700787401
0
LINE
8
BLACK
6
CONTINUOUS
10
1.1102165354330709
20
1.4850393700787401
11
1.1097545669291338
21
1.4893365748031495
0
LINE
8
BLACK
6
CONTINUOUS
10
1.1097545669291338
20
1.4893365748031495
11
1.1093062992125984
21
1.4913972834645668
0
LINE
8
BLACK
6
CONTINUOUS
10
1.1093062992125984
20
1.4913972834645668
11
1.1079413385826771
21
1.4954983070866141
0
LINE
8
BLACK
6
CONTINUOUS
10
1.1079413385826771
20
1.4954983070866141
11
1.1048303937007873
21
1.5003390551181102
0
LINE
8
BLACK
6
CONTINUOUS
10
1.1048303937007873
20
1.5003390551181102
11
1.103086811023622
21
1.502351220472441
0
LINE
8
BLACK
6
CONTINUOUS
10
1.103086811023622
20
1.502351220472441
11
1.1030156692913387
21
1.5024379527559055
0
LINE
8
BLACK
6
CONTINUOUS
10
1.1030156692913387
20
1.5024379527559055
11
1.098651220472441
21
1.5062196850393701
0
LINE
8
BLACK
6
CONTINUOUS
10
1.098651220472441
20
1.5062196850393701
11
1.0986511417322835
21
1.5062197637795276
0
LINE
8
BLACK
6
CONTINUOUS
10
1.0986511417322835
20
1.5062197637795276
11
1.0934169291338582
21
1.508610157480315
0
LINE
8
BLACK
6
CONTINUOUS
10
1.0934169291338582
20
1.508610157480315
11
1.090735
21
1.5093976377952756
0
LINE
8
BLACK
6
CONTINUOUS
10
1.090735
20
1.5093976377952756
11
1.0850393700787402
21
1.5102165354330708
0
LINE
8
BLACK
6
CONTINUOUS
10
1.0850393700787402
20
1.5102165354330708
11
0.9149606299212598
21
1.5102165354330708
0
LINE
8
BLACK
6
CONTINUOUS
10
0.9149606299212598
20
1.5102165354330708
11
0.9149602755905512
21
1.510216496062992
0
LINE
8
BLACK
6
CONTINUOUS
10
0.5937591338582677
20
0.3039172834645669
11
0.5900667716535433
21
0.3033325196850394
0
LINE
8
BLACK
6
CONTINUOUS
10
0.5900667716535433
20
0.3033325196850394
11
0.5878416141732283
21
0.3021987401574803
0
LINE
8
BLACK
6
CONTINUOUS
10
0.5878416141732283
20
0.3021987401574803
11
0.5856164173228346
21
0.3010649606299213
0
LINE
8
BLACK
6
CONTINUOUS
10
0.5856164173228346
20
0.3010649606299213
11
0.5820846062992125
21
0.2975331496062992
0
LINE
8
BLACK
6
CONTINUOUS
10
0.5820846062992125
20
0.2975331496062992
11
0.5805632677165354
21
0.2945473228346457
0
LINE
8
BLACK
6
CONTINUOUS
10
0.5805632677165354
20
0.2945473228346457
11
0.5798170866141732
21
0.2930828346456693
0
LINE
8
BLACK
6
CONTINUOUS
10
0.5798170866141732
20
0.2930828346456693
11
0.5792322834645669
21
0.2893905118110236
0
LINE
8
BLACK
6
CONTINUOUS
10
0.5792322834645669
20
0.2893905118110236
11
0.5792322834645669
21
0.2893904724409449
0
LINE
8
BLACK
6
CONTINUOUS
10
0.5792322834645669
20
0.2893904724409449
11
0.5792322834645669
21
0.2893903543307086
0
LINE
8
BLACK
6
CONTINUOUS
10
0.5792322834645669
20
0.2893903543307086
11
0.5792322834645669
21
0.1369087795275591
0
LINE
8
BLACK
6
CONTINUOUS
10
0.5792322834645669
20
0.1369087795275591
11
0.5798170472440944
21
0.1332164173228347
0
LINE
8
BLACK
6
CONTINUOUS
10
0.5798170472440944
20
0.1332164173228347
11
0.5820846062992125
21
0.1287660236220473
0
LINE
8
BLACK
6
CONTINUOUS
10
0.5820846062992125
20
0.1287660236220473
11
0.5856164173228346
21
0.1252342125984252
0
LINE
8
BLACK
6
CONTINUOUS
10
0.5856164173228346
20
0.1252342125984252
11
0.5900666929133858
21
0.1229667322834646
0
LINE
8
BLACK
6
CONTINUOUS
10
0.5900666929133858
20
0.1229667322834646
11
0.5900667716535433
21
0.1229666929133858
0
LINE
8
BLACK
6
CONTINUOUS
10
0.5900667716535433
20
0.1229666929133858
11
0.593759094488189
21
0.1223818897637795
0
LINE
8
BLACK
6
CONTINUOUS
10
0.593759094488189
20
0.1223818897637795
11
0.5937591732283465
21
0.1223818897637795
0
LINE
8
BLACK
6
CONTINUOUS
10
0.5937591732283465
20
0.1223818897637795
11
0.5937592125984252
21
0.1223818897637795
0
LINE
8
BLACK
6
CONTINUOUS
10
0.5937592125984252
20
0.1223818897637795
11
0.7462407874015747
21
0.1223818897637795
0
LINE
8
BLACK
6
CONTINUOUS
10
0.7462407874015747
20
0.1223818897637795
11
0.7499331496062992
21
0.1229666535433071
0
LINE
8
BLACK
6
CONTINUOUS
10
0.7499331496062992
20
0.1229666535433071
11
0.7543835433070866
21
0.1252342125984252
0
LINE
8
BLACK
6
CONTINUOUS
10
0.7543835433070866
20
0.1252342125984252
11
0.7579153543307087
21
0.1287660236220473
0
LINE
8
BLACK
6
CONTINUOUS
10
0.7579153543307087
20
0.1287660236220473
11
0.7586904724409449
21
0.1302873622047244
0
LINE
8
BLACK
6
CONTINUOUS
10
0.7586904724409449
20
0.1302873622047244
11
0.7601829133858268
21
0.1332163779527559
0
LINE
8
BLACK
6
CONTINUOUS
10
0.7601829133858268
20
0.1332163779527559
11
0.7607677165354331
21
0.1369087007874016
0
LINE
8
BLACK
6
CONTINUOUS
10
0.7607677165354331
20
0.1369087007874016
11
0.7607676771653543
21
0.2893904724409449
0
LINE
8
BLACK
6
CONTINUOUS
10
0.7607676771653543
20
0.2893904724409449
11
0.7601829133858268
21
0.2930828346456693
0
LINE
8
BLACK
6
CONTINUOUS
10
0.7601829133858268
20
0.2930828346456693
11
0.7579153543307087
21
0.2975331496062992
0
LINE
8
BLACK
6
CONTINUOUS
10
0.7579153543307087
20
0.2975331496062992
11
0.7543835433070866
21
0.3010649606299213
0
LINE
8
BLACK
6
CONTINUOUS
10
0.7543835433070866
20
0.3010649606299213
11
0.7499332283464567
21
0.3033325196850394
0
LINE
8
BLACK
6
CONTINUOUS
10
0.7499332283464567
20
0.3033325196850394
11
0.746240905511811
21
0.3039173228346457
0
LINE
8
BLACK
6
CONTINUOUS
10
0.746240905511811
20
0.3039173228346457
11
0.5937591338582677
21
0.3039172834645669
0
LINE
8
BLACK
6
CONTINUOUS
10
0.1048170472440945
20
0.5050668110236221
11
0.1070846062992126
21
0.5006164173228347
0
LINE
8
BLACK
6
CONTINUOUS
10
0.1070846062992126
20
0.5006164173228347
11
0.1106164173228346
21
0.4970846062992126
0
LINE
8
BLACK
6
CONTINUOUS
10
0.1106164173228346
20
0.4970846062992126
11
0.1145767322834646
21
0.4950667716535433
0
LINE
8
BLACK
6
CONTINUOUS
10
0.1145767322834646
20
0.4950667716535433
11
0.1150667716535433
21
0.4948170866141732
0
LINE
8
BLACK
6
CONTINUOUS
10
0.1150667716535433
20
0.4948170866141732
11
0.118759094488189
21
0.4942322834645669
0
LINE
8
BLACK
6
CONTINUOUS
10
0.118759094488189
20
0.4942322834645669
11
0.1187591732283464
21
0.4942322834645669
0
LINE
8
BLACK
6
CONTINUOUS
10
0.1187591732283464
20
0.4942322834645669
11
0.1187592125984252
21
0.4942322834645669
0
LINE
8
BLACK
6
CONTINUOUS
10
0.1187592125984252
20
0.4942322834645669
11
0.1812407874015748
21
0.4942322834645669
0
LINE
8
BLACK
6
CONTINUOUS
10
0.1812407874015748
20
0.4942322834645669
11
0.1849331496062992
21
0.4948170472440945
0
LINE
8
BLACK
6
CONTINUOUS
10
0.1849331496062992
20
0.4948170472440945
11
0.1893835433070866
21
0.4970846062992126
0
LINE
8
BLACK
6
CONTINUOUS
10
0.1893835433070866
20
0.4970846062992126
11
0.1929153543307087
21
0.5006164173228347
0
LINE
8
BLACK
6
CONTINUOUS
10
0.1929153543307087
20
0.5006164173228347
11
0.1951288188976378
21
0.5049606299212598
0
LINE
8
BLACK
6
CONTINUOUS
10
0.1951288188976378
20
0.5049606299212598
11
0.1951829133858268
21
0.5050667716535433
0
LINE
8
BLACK
6
CONTINUOUS
10
0.1951829133858268
20
0.5050667716535433
11
0.1951829527559055
21
0.505066968503937
0
LINE
8
BLACK
6
CONTINUOUS
10
0.1951829527559055
20
0.505066968503937
11
0.1952820472440945
21
0.505371968503937
0
LINE
8
BLACK
6
CONTINUOUS
10
0.1952820472440945
20
0.505371968503937
11
0.1968596062992126
21
0.5076793307086614
0
LINE
8
BLACK
6
CONTINUOUS
10
0.1968596062992126
20
0.5076793307086614
11
0.1994342125984252
21
0.5087675590551181
0
LINE
8
BLACK
6
CONTINUOUS
10
0.1994342125984252
20
0.5087675590551181
11
0.2021884645669291
21
0.508291062992126
0
LINE
8
BLACK
6
CONTINUOUS
10
0.2021884645669291
20
0.508291062992126
11
0.2042478346456693
21
0.5064011811023622
0
LINE
8
BLACK
6
CONTINUOUS
10
0.2042478346456693
20
0.5064011811023622
11
0.2047177165354331
21
0.5053724409448819
0
LINE
8
BLACK
6
CONTINUOUS
10
0.2047177165354331
20
0.5053724409448819
11
0.204816968503937
21
0.505066968503937
0
LINE
8
BLACK
6
CONTINUOUS
10
0.204816968503937
20
0.505066968503937
11
0.2070846062992126
21
0.5006164173228347
0
LINE
8
BLACK
6
CONTINUOUS
10
0.2070846062992126
20
0.5006164173228347
11
0.2106164173228346
21
0.4970846062992126
0
LINE
8
BLACK
6
CONTINUOUS
10
0.2106164173228346
20
0.4970846062992126
11
0.2145767322834645
21
0.4950667716535433
0
LINE
8
BLACK
6
CONTINUOUS
10
0.2145767322834645
20
0.4950667716535433
11
0.2150667716535433
21
0.4948170866141732
0
LINE
8
BLACK
6
CONTINUOUS
10
0.2150667716535433
20
0.4948170866141732
11
0.218759094488189
21
0.4942322834645669
0
LINE
8
BLACK
6
CONTINUOUS
10
0.218759094488189
20
0.4942322834645669
11
0.2187591732283465
21
0.4942322834645669
0
LINE
8
BLACK
6
CONTINUOUS
10
0.2187591732283465
20
0.4942322834645669
11
0.2187592125984252
21
0.4942322834645669
0
LINE
8
BLACK
6
CONTINUOUS
10
0.2187592125984252
20
0.4942322834645669
11
0.2812407874015748
21
0.4942322834645669
0
LINE
8
BLACK
6
CONTINUOUS
10
0.2812407874015748
20
0.4942322834645669
11
0.2849331496062992
21
0.4948170472440945
0
LINE
8
BLACK
6
CONTINUOUS
10
0.2849331496062992
20
0.4948170472440945
11
0.2893835433070866
21
0.4970846062992126
0
LINE
8
BLACK
6
CONTINUOUS
10
0.2893835433070866
20
0.4970846062992126
11
0.2929153543307086
21
0.5006164173228347
0
LINE
8
BLACK
6
CONTINUOUS
10
0.2929153543307086
20
0.5006164173228347
11
0.2937327165354331
21
0.5022206299212598
0
LINE
8
BLACK
6
CONTINUOUS
10
0.2937327165354331
20
0.5022206299212598
11
0.2951829133858268
21
0.5050667716535433
0
LINE
8
BLACK
6
CONTINUOUS
10
0.2951829133858268
20
0.5050667716535433
11
0.295767716535433
21
0.508759094488189
0
LINE
8
BLACK
6
CONTINUOUS
10
0.295767716535433
20
0.508759094488189
11
0.2957676771653543
21
0.5530623228346456
0
LINE
8
BLACK
6
CONTINUOUS
10
0.2957676771653543
20
0.5530623228346456
11
0.296555157480315
21
0.555744251968504
0
LINE
8
BLACK
6
CONTINUOUS
10
0.296555157480315
20
0.555744251968504
11
0.2972206299212599
21
0.55657
0
LINE
8
BLACK
6
CONTINUOUS
10
0.2972206299212599
20
0.55657
11
0.3094176377952756
21
0.5687670078740157
0
LINE
8
BLACK
6
CONTINUOUS
10
0.3094176377952756
20
0.5687670078740157
11
0.3118708661417323
21
0.5701066141732284
0
LINE
8
BLACK
6
CONTINUOUS
10
0.3118708661417323
20
0.5701066141732284
11
0.3146588582677165
21
0.5699072047244095
0
LINE
8
BLACK
6
CONTINUOUS
10
0.3146588582677165
20
0.5699072047244095
11
0.3168964960629921
21
0.568232125984252
0
LINE
8
BLACK
6
CONTINUOUS
10
0.3168964960629921
20
0.568232125984252
11
0.3173452755905512
21
0.5675114173228346
0
LINE
8
BLACK
6
CONTINUOUS
10
0.3173452755905512
20
0.5675114173228346
11
0.3195846062992126
21
0.5631164566929133
0
LINE
8
BLACK
6
CONTINUOUS
10
0.3195846062992126
20
0.5631164566929133
11
0.3195846850393701
21
0.5631163385826772
0
LINE
8
BLACK
6
CONTINUOUS
10
0.3195846850393701
20
0.5631163385826772
11
0.3231164173228346
21
0.5595846062992126
0
LINE
8
BLACK
6
CONTINUOUS
10
0.3231164173228346
20
0.5595846062992126
11
0.3275666929133858
21
0.557317125984252
0
LINE
8
BLACK
6
CONTINUOUS
10
0.3275666929133858
20
0.557317125984252
11
0.3275667716535433
21
0.5573170866141732
0
LINE
8
BLACK
6
CONTINUOUS
10
0.3275667716535433
20
0.5573170866141732
11
0.331259094488189
21
0.5567322834645669
0
LINE
8
BLACK
6
CONTINUOUS
10
0.331259094488189
20
0.5567322834645669
11
0.3312591732283465
21
0.5567322834645669
0
LINE
8
BLACK
6
CONTINUOUS
10
0.3312591732283465
20
0.5567322834645669
11
0.3312592125984252
21
0.5567322834645669
0
LINE
8
BLACK
6
CONTINUOUS
10
0.3312592125984252
20
0.5567322834645669
11
0.3687407874015748
21
0.5567322834645669
0
LINE
8
BLACK
6
CONTINUOUS
10
0.3687407874015748
20
0.5567322834645669
11
0.3724331496062992
21
0.5573170472440945
0
LINE
8
BLACK
6
CONTINUOUS
10
0.3724331496062992
20
0.5573170472440945
11
0.3768835433070866
21
0.5595846062992126
0
LINE
8
BLACK
6
CONTINUOUS
10
0.3768835433070866
20
0.5595846062992126
11
0.3804153543307087
21
0.5631164173228347
0
LINE
8
BLACK
6
CONTINUOUS
10
0.3804153543307087
20
0.5631164173228347
11
0.3815707086614173
21
0.5653839763779528
0
LINE
8
BLACK
6
CONTINUOUS
10
0.3815707086614173
20
0.5653839763779528
11
0.3826829133858268
21
0.5675667716535433
0
LINE
8
BLACK
6
CONTINUOUS
10
0.3826829133858268
20
0.5675667716535433
11
0.3826829527559055
21
0.567566968503937
0
LINE
8
BLACK
6
CONTINUOUS
10
0.3826829527559055
20
0.567566968503937
11
0.3827820472440945
21
0.567871968503937
0
LINE
8
BLACK
6
CONTINUOUS
10
0.3827820472440945
20
0.567871968503937
11
0.3843596062992126
21
0.5701793307086614
0
LINE
8
BLACK
6
CONTINUOUS
10
0.3843596062992126
20
0.5701793307086614
11
0.3869342125984252
21
0.5712675590551181
0
LINE
8
BLACK
6
CONTINUOUS
10
0.3869342125984252
20
0.5712675590551181
11
0.3896884645669291
21
0.570791062992126
0
LINE
8
BLACK
6
CONTINUOUS
10
0.3896884645669291
20
0.570791062992126
11
0.3917478346456693
21
0.5689011811023622
0
LINE
8
BLACK
6
CONTINUOUS
10
0.3917478346456693
20
0.5689011811023622
11
0.3922177165354331
21
0.5678724409448819
0
LINE
8
BLACK
6
CONTINUOUS
10
0.3922177165354331
20
0.5678724409448819
11
0.392316968503937
21
0.567566968503937
0
LINE
8
BLACK
6
CONTINUOUS
10
0.392316968503937
20
0.567566968503937
11
0.3945846062992126
21
0.5631164173228347
0
LINE
8
BLACK
6
CONTINUOUS
10
0.3945846062992126
20
0.5631164173228347
11
0.3981164173228346
21
0.5595846062992126
0
LINE
8
BLACK
6
CONTINUOUS
10
0.3981164173228346
20
0.5595846062992126
11
0.4025666929133858
21
0.557317125984252
0
LINE
8
BLACK
6
CONTINUOUS
10
0.4025666929133858
20
0.557317125984252
11
0.4025667716535433
21
0.5573170866141732
0
LINE
8
BLACK
6
CONTINUOUS
10
0.4025667716535433
20
0.5573170866141732
11
0.406259094488189
21
0.5567322834645669
0
LINE
8
BLACK
6
CONTINUOUS
10
0.406259094488189
20
0.5567322834645669
11
0.4062591732283464
21
0.5567322834645669
0
LINE
8
BLACK
6
CONTINUOUS
10
0.4062591732283464
20
0.5567322834645669
11
0.4062592125984252
21
0.5567322834645669
0
LINE
8
BLACK
6
CONTINUOUS
10
0.4062592125984252
20
0.5567322834645669
11
0.4437407874015748
21
0.5567322834645669
0
LINE
8
BLACK
6
CONTINUOUS
10
0.4437407874015748
20
0.5567322834645669
11
0.4474331496062992
21
0.5573170472440945
0
LINE
8
BLACK
6
CONTINUOUS
10
0.4474331496062992
20
0.5573170472440945
11
0.4518835433070866
21
0.5595846062992126
0
LINE
8
BLACK
6
CONTINUOUS
10
0.4518835433070866
20
0.5595846062992126
11
0.4554153543307087
21
0.5631164173228347
0
LINE
8
BLACK
6
CONTINUOUS
10
0.4554153543307087
20
0.5631164173228347
11
0.4561904724409448
21
0.5646377559055118
0
LINE
8
BLACK
6
CONTINUOUS
10
0.4561904724409448
20
0.5646377559055118
11
0.4576829133858268
21
0.5675667716535433
0
LINE
8
BLACK
6
CONTINUOUS
10
0.4576829133858268
20
0.5675667716535433
11
0.4582677165354331
21
0.571259094488189
0
LINE
8
BLACK
6
CONTINUOUS
10
0.4582677165354331
20
0.571259094488189
11
0.4582676771653543
21
0.6105623622047244
0
LINE
8
BLACK
6
CONTINUOUS
10
0.4582676771653543
20
0.6105623622047244
11
0.4590551574803149
21
0.6132442913385827
0
LINE
8
BLACK
6
CONTINUOUS
10
0.4590551574803149
20
0.6132442913385827
11
0.4597206299212598
21
0.6140700393700788
0
LINE
8
BLACK
6
CONTINUOUS
10
0.4597206299212598
20
0.6140700393700788
11
0.5742679133858267
21
0.7286173228346456
0
LINE
8
BLACK
6
CONTINUOUS
10
0.5742679133858267
20
0.7286173228346456
11
0.5767211417322835
21
0.7299569291338582
0
LINE
8
BLACK
6
CONTINUOUS
10
0.5767211417322835
20
0.7299569291338582
11
0.5795091338582677
21
0.7297575196850393
0
LINE
8
BLACK
6
CONTINUOUS
10
0.5795091338582677
20
0.7297575196850393
11
0.5817467716535433
21
0.7280824409448818
0
LINE
8
BLACK
6
CONTINUOUS
10
0.5817467716535433
20
0.7280824409448818
11
0.5827235826771653
21
0.7254635433070866
0
LINE
8
BLACK
6
CONTINUOUS
10
0.5827235826771653
20
0.7254635433070866
11
0.5827362204724409
21
0.72510968503937
0
LINE
8
BLACK
6
CONTINUOUS
10
0.5827362204724409
20
0.72510968503937
11
0.5827362204724409
21
0.7213575984251969
0
LINE
8
BLACK
6
CONTINUOUS
10
0.5827362204724409
20
0.7213575984251969
11
0.5833209842519685
21
0.7176652362204724
0
LINE
8
BLACK
6
CONTINUOUS
10
0.5833209842519685
20
0.7176652362204724
11
0.5855885433070867
21
0.713214842519685
0
LINE
8
BLACK
6
CONTINUOUS
10
0.5855885433070867
20
0.713214842519685
11
0.5891203543307086
21
0.7096830314960629
0
LINE
8
BLACK
6
CONTINUOUS
10
0.5891203543307086
20
0.7096830314960629
11
0.5935706299212599
21
0.7074155511811023
0
LINE
8
BLACK
6
CONTINUOUS
10
0.5935706299212599
20
0.7074155511811023
11
0.5935707086614173
21
0.7074155118110236
0
LINE
8
BLACK
6
CONTINUOUS
10
0.5935707086614173
20
0.7074155118110236
11
0.597263031496063
21
0.7068307086614173
0
LINE
8
BLACK
6
CONTINUOUS
10
0.597263031496063
20
0.7068307086614173
11
0.5972631102362205
21
0.7068307086614173
0
LINE
8
BLACK
6
CONTINUOUS
10
0.5972631102362205
20
0.7068307086614173
11
0.5972631496062992
21
0.7068307086614173
0
LINE
8
BLACK
6
CONTINUOUS
10
0.5972631496062992
20
0.7068307086614173
11
0.598503937007874
21
0.7068307086614173
0
LINE
8
BLACK
6
CONTINUOUS
10
0.598503937007874
20
0.7068307086614173
11
0.598503937007874
21
0.7088188976377953
0
LINE
8
BLACK
6
CONTINUOUS
10
0.598503937007874
20
0.7088188976377953
11
0.6250929527559055
21
0.7088188976377953
0
LINE
8
BLACK
6
CONTINUOUS
10
0.6250929527559055
20
0.7088188976377953
11
0.6265835826771653
21
0.7100076377952755
0
LINE
8
BLACK
6
CONTINUOUS
10
0.6265835826771653
20
0.7100076377952755
11
0.63
21
0.7107874015748031
0
LINE
8
BLACK
6
CONTINUOUS
10
0.63
20
0.7107874015748031
11
0.6719839763779527
21
0.7107874015748031
0
LINE
8
BLACK
6
CONTINUOUS
10
0.6719839763779527
20
0.7107874015748031
11
0.6744114173228346
21
0.713214842519685
0
LINE
8
BLACK
6
CONTINUOUS
10
0.6744114173228346
20
0.713214842519685
11
0.6754649212598425
21
0.7152824803149607
0
LINE
8
BLACK
6
CONTINUOUS
10
0.6754649212598425
20
0.7152824803149607
11
0.6766789763779527
21
0.7176651968503936
0
LINE
8
BLACK
6
CONTINUOUS
10
0.6766789763779527
20
0.7176651968503936
11
0.677263779527559
21
0.7213575196850394
0
LINE
8
BLACK
6
CONTINUOUS
10
0.677263779527559
20
0.7213575196850394
11
0.6772637401574803
21
0.7356503149606299
0
LINE
8
BLACK
6
CONTINUOUS
10
0.6772637401574803
20
0.7356503149606299
11
0.6766789763779527
21
0.7393426771653543
0
LINE
8
BLACK
6
CONTINUOUS
10
0.6766789763779527
20
0.7393426771653543
11
0.6766788582677166
21
0.7393428740157481
0
LINE
8
BLACK
6
CONTINUOUS
10
0.6766788582677166
20
0.7393428740157481
11
0.6765583070866141
21
0.7397140551181102
0
LINE
8
BLACK
6
CONTINUOUS
10
0.6765583070866141
20
0.7397140551181102
11
0.6766963779527559
21
0.7397588976377952
0
LINE
8
BLACK
6
CONTINUOUS
10
0.6766963779527559
20
0.7397588976377952
11
0.6763132283464567
21
0.7417902755905512
0
LINE
8
BLACK
6
CONTINUOUS
10
0.6763132283464567
20
0.7417902755905512
11
0.6766275196850393
21
0.7428618897637795
0
LINE
8
BLACK
6
CONTINUOUS
10
0.6766275196850393
20
0.7428618897637795
11
0.6765583070866141
21
0.7428844094488188
0
LINE
8
BLACK
6
CONTINUOUS
10
0.6765583070866141
20
0.7428844094488188
11
0.6766788976377952
21
0.7432556299212598
0
LINE
8
BLACK
6
CONTINUOUS
10
0.6766788976377952
20
0.7432556299212598
11
0.6766789763779527
21
0.7432557480314961
0
LINE
8
BLACK
6
CONTINUOUS
10
0.6766789763779527
20
0.7432557480314961
11
0.677263779527559
21
0.7469480708661417
0
LINE
8
BLACK
6
CONTINUOUS
10
0.677263779527559
20
0.7469480708661417
11
0.6772637401574803
21
0.7612408661417323
0
LINE
8
BLACK
6
CONTINUOUS
10
0.6772637401574803
20
0.7612408661417323
11
0.6766789763779527
21
0.7649332283464567
0
LINE
8
BLACK
6
CONTINUOUS
10
0.6766789763779527
20
0.7649332283464567
11
0.6766788582677166
21
0.7649334251968504
0
LINE
8
BLACK
6
CONTINUOUS
10
0.6766788582677166
20
0.7649334251968504
11
0.6765583070866141
21
0.7653046062992126
0
LINE
8
BLACK
6
CONTINUOUS
10
0.6765583070866141
20
0.7653046062992126
11
0.6766963779527559
21
0.7653494488188977
0
LINE
8
BLACK
6
CONTINUOUS
10
0.6766963779527559
20
0.7653494488188977
11
0.6763132283464567
21
0.7673808267716535
0
LINE
8
BLACK
6
CONTINUOUS
10
0.6763132283464567
20
0.7673808267716535
11
0.6766275196850393
21
0.7684524409448819
0
LINE
8
BLACK
6
CONTINUOUS
10
0.6766275196850393
20
0.7684524409448819
11
0.6765583070866141
21
0.7684749606299213
0
LINE
8
BLACK
6
CONTINUOUS
10
0.6765583070866141
20
0.7684749606299213
11
0.6766788976377952
21
0.7688461811023621
0
LINE
8
BLACK
6
CONTINUOUS
10
0.6766788976377952
20
0.7688461811023621
11
0.6766789763779527
21
0.7688462992125984
0
LINE
8
BLACK
6
CONTINUOUS
10
0.6766789763779527
20
0.7688462992125984
11
0.677263779527559
21
0.7725386220472441
0
LINE
8
BLACK
6
CONTINUOUS
10
0.677263779527559
20
0.7725386220472441
11
0.6772637401574803
21
0.7868314173228347
0
LINE
8
BLACK
6
CONTINUOUS
10
0.6772637401574803
20
0.7868314173228347
11
0.6766789763779527
21
0.790523779527559
0
LINE
8
BLACK
6
CONTINUOUS
10
0.6766789763779527
20
0.790523779527559
11
0.6766788582677166
21
0.7905239763779527
0
LINE
8
BLACK
6
CONTINUOUS
10
0.6766788582677166
20
0.7905239763779527
11
0.6765583070866141
21
0.7908951574803149
0
LINE
8
BLACK
6
CONTINUOUS
10
0.6765583070866141
20
0.7908951574803149
11
0.6766963779527559
21
0.79094
0
LINE
8
BLACK
6
CONTINUOUS
10
0.6766963779527559
20
0.79094
11
0.6763132283464567
21
0.7929713779527559
0
LINE
8
BLACK
6
CONTINUOUS
10
0.6763132283464567
20
0.7929713779527559
11
0.6766275196850393
21
0.7940429921259843
0
LINE
8
BLACK
6
CONTINUOUS
10
0.6766275196850393
20
0.7940429921259843
11
0.6765583070866141
21
0.7940655118110236
0
LINE
8
BLACK
6
CONTINUOUS
10
0.6765583070866141
20
0.7940655118110236
11
0.6766788976377952
21
0.7944367322834646
0
LINE
8
BLACK
6
CONTINUOUS
10
0.6766788976377952
20
0.7944367322834646
11
0.6766789763779527
21
0.7944368503937008
0
LINE
8
BLACK
6
CONTINUOUS
10
0.6766789763779527
20
0.7944368503937008
11
0.677263779527559
21
0.7981291732283464
0
LINE
8
BLACK
6
CONTINUOUS
10
0.677263779527559
20
0.7981291732283464
11
0.6772637401574803
21
0.812421968503937
0
LINE
8
BLACK
6
CONTINUOUS
10
0.6772637401574803
20
0.812421968503937
11
0.6766789763779527
21
0.8161143307086614
0
LINE
8
BLACK
6
CONTINUOUS
10
0.6766789763779527
20
0.8161143307086614
11
0.6766788582677166
21
0.8161145275590551
0
LINE
8
BLACK
6
CONTINUOUS
10
0.6766788582677166
20
0.8161145275590551
11
0.6765583070866141
21
0.8164857086614173
0
LINE
8
BLACK
6
CONTINUOUS
10
0.6765583070866141
20
0.8164857086614173
11
0.6766963779527559
21
0.8165305511811023
0
LINE
8
BLACK
6
CONTINUOUS
10
0.6766963779527559
20
0.8165305511811023
11
0.6763132283464567
21
0.8185619291338583
0
LINE
8
BLACK
6
CONTINUOUS
10
0.6763132283464567
20
0.8185619291338583
11
0.6766275196850393
21
0.8196335433070866
0
LINE
8
BLACK
6
CONTINUOUS
10
0.6766275196850393
20
0.8196335433070866
11
0.6765583070866141
21
0.819656062992126
0
LINE
8
BLACK
6
CONTINUOUS
10
0.6765583070866141
20
0.819656062992126
11
0.6766788976377952
21
0.8200272834645669
0
LINE
8
BLACK
6
CONTINUOUS
10
0.6766788976377952
20
0.8200272834645669
11
0.6766789763779527
21
0.8200274015748031
0
LINE
8
BLACK
6
CONTINUOUS
10
0.6766789763779527
20
0.8200274015748031
11
0.677263779527559
21
0.8237197244094489
0
LINE
8
BLACK
6
CONTINUOUS
10
0.677263779527559
20
0.8237197244094489
11
0.6772637401574803
21
0.8275119685039369
0
LINE
8
BLACK
6
CONTINUOUS
10
0.6772637401574803
20
0.8275119685039369
11
0.6769881889763779
21
0.829251968503937
0
LINE
8
BLACK
6
CONTINUOUS
10
0.6769881889763779
20
0.829251968503937
11
0.6772637401574803
21
0.8309918897637795
0
LINE
8
BLACK
6
CONTINUOUS
10
0.6772637401574803
20
0.8309918897637795
11
0.6772637401574803
21
0.8380125196850393
0
LINE
8
BLACK
6
CONTINUOUS
10
0.6772637401574803
20
0.8380125196850393
11
0.6766789763779527
21
0.8417048818897638
0
LINE
8
BLACK
6
CONTINUOUS
10
0.6766789763779527
20
0.8417048818897638
11
0.6766788582677166
21
0.8417050787401574
0
LINE
8
BLACK
6
CONTINUOUS
10
0.6766788582677166
20
0.8417050787401574
11
0.6765583070866141
21
0.8420762598425197
0
LINE
8
BLACK
6
CONTINUOUS
10
0.6765583070866141
20
0.8420762598425197
11
0.6766963779527559
21
0.8421211023622047
0
LINE
8
BLACK
6
CONTINUOUS
10
0.6766963779527559
20
0.8421211023622047
11
0.6763132283464567
21
0.8441524803149606
0
LINE
8
BLACK
6
CONTINUOUS
10
0.6763132283464567
20
0.8441524803149606
11
0.6766275196850393
21
0.8452240944881889
0
LINE
8
BLACK
6
CONTINUOUS
10
0.6766275196850393
20
0.8452240944881889
11
0.6765583070866141
21
0.8452466141732283
0
LINE
8
BLACK
6
CONTINUOUS
10
0.6765583070866141
20
0.8452466141732283
11
0.6766788976377952
21
0.8456178346456693
0
LINE
8
BLACK
6
CONTINUOUS
10
0.6766788976377952
20
0.8456178346456693
11
0.6766789763779527
21
0.8456179527559055
0
LINE
8
BLACK
6
CONTINUOUS
10
0.6766789763779527
20
0.8456179527559055
11
0.677263779527559
21
0.8493102755905512
0
LINE
8
BLACK
6
CONTINUOUS
10
0.677263779527559
20
0.8493102755905512
11
0.6772637401574803
21
0.8636030708661417
0
LINE
8
BLACK
6
CONTINUOUS
10
0.6772637401574803
20
0.8636030708661417
11
0.6766789763779527
21
0.8672954330708661
0
LINE
8
BLACK
6
CONTINUOUS
10
0.6766789763779527
20
0.8672954330708661
11
0.6766788582677166
21
0.8672956299212599
0
LINE
8
BLACK
6
CONTINUOUS
10
0.6766788582677166
20
0.8672956299212599
11
0.6765583070866141
21
0.867666811023622
0
LINE
8
BLACK
6
CONTINUOUS
10
0.6765583070866141
20
0.867666811023622
11
0.6766963779527559
21
0.867711653543307
0
LINE
8
BLACK
6
CONTINUOUS
10
0.6766963779527559
20
0.867711653543307
11
0.6763132283464567
21
0.869743031496063
0
LINE
8
BLACK
6
CONTINUOUS
10
0.6763132283464567
20
0.869743031496063
11
0.6766275196850393
21
0.8708146456692913
0
LINE
8
BLACK
6
CONTINUOUS
10
0.6766275196850393
20
0.8708146456692913
11
0.6765583070866141
21
0.8708371653543306
0
LINE
8
BLACK
6
CONTINUOUS
10
0.6765583070866141
20
0.8708371653543306
11
0.6766788976377952
21
0.8712083858267716
0
LINE
8
BLACK
6
CONTINUOUS
10
0.6766788976377952
20
0.8712083858267716
11
0.6766789763779527
21
0.8712085039370079
0
LINE
8
BLACK
6
CONTINUOUS
10
0.6766789763779527
20
0.8712085039370079
11
0.677263779527559
21
0.8749008267716535
0
LINE
8
BLACK
6
CONTINUOUS
10
0.677263779527559
20
0.8749008267716535
11
0.6772637401574803
21
0.8891936220472441
0
LINE
8
BLACK
6
CONTINUOUS
10
0.6772637401574803
20
0.8891936220472441
11
0.6766789763779527
21
0.8928859842519685
0
LINE
8
BLACK
6
CONTINUOUS
10
0.6766789763779527
20
0.8928859842519685
11
0.6766788582677166
21
0.8928861811023622
0
LINE
8
BLACK
6
CONTINUOUS
10
0.6766788582677166
20
0.8928861811023622
11
0.6765583070866141
21
0.8932573622047244
0
LINE
8
BLACK
6
CONTINUOUS
10
0.6765583070866141
20
0.8932573622047244
11
0.6766963779527559
21
0.8933022047244095
0
LINE
8
BLACK
6
CONTINUOUS
10
0.6766963779527559
20
0.8933022047244095
11
0.6763132283464567
21
0.8953335826771653
0
LINE
8
BLACK
6
CONTINUOUS
10
0.6763132283464567
20
0.8953335826771653
11
0.6766275196850393
21
0.8964051968503937
0
LINE
8
BLACK
6
CONTINUOUS
10
0.6766275196850393
20
0.8964051968503937
11
0.6765583070866141
21
0.8964277165354331
0
LINE
8
BLACK
6
CONTINUOUS
10
0.6765583070866141
20
0.8964277165354331
11
0.6766788976377952
21
0.8967989370078739
0
LINE
8
BLACK
6
CONTINUOUS
10
0.6766788976377952
20
0.8967989370078739
11
0.6766789763779527
21
0.8967990551181102
0
LINE
8
BLACK
6
CONTINUOUS
10
0.6766789763779527
20
0.8967990551181102
11
0.677263779527559
21
0.9004913779527559
0
LINE
8
BLACK
6
CONTINUOUS
10
0.677263779527559
20
0.9004913779527559
11
0.6772637401574803
21
0.9075120078740158
0
LINE
8
BLACK
6
CONTINUOUS
10
0.6772637401574803
20
0.9075120078740158
11
0.6769881889763779
21
0.909251968503937
0
LINE
8
BLACK
6
CONTINUOUS
10
0.6769881889763779
20
0.909251968503937
11
0.6772637401574803
21
0.910991811023622
0
LINE
8
BLACK
6
CONTINUOUS
10
0.6772637401574803
20
0.910991811023622
11
0.6772637401574803
21
0.9147841732283465
0
LINE
8
BLACK
6
CONTINUOUS
10
0.6772637401574803
20
0.9147841732283465
11
0.6766789763779527
21
0.9184765354330708
0
LINE
8
BLACK
6
CONTINUOUS
10
0.6766789763779527
20
0.9184765354330708
11
0.6766788582677166
21
0.9184767322834645
0
LINE
8
BLACK
6
CONTINUOUS
10
0.6766788582677166
20
0.9184767322834645
11
0.6765583070866141
21
0.9188479133858267
0
LINE
8
BLACK
6
CONTINUOUS
10
0.6765583070866141
20
0.9188479133858267
11
0.6766963779527559
21
0.9188927559055118
0
LINE
8
BLACK
6
CONTINUOUS
10
0.6766963779527559
20
0.9188927559055118
11
0.6763132283464567
21
0.9209241338582677
0
LINE
8
BLACK
6
CONTINUOUS
10
0.6763132283464567
20
0.9209241338582677
11
0.6766275196850393
21
0.9219957480314961
0
LINE
8
BLACK
6
CONTINUOUS
10
0.6766275196850393
20
0.9219957480314961
11
0.6765583070866141
21
0.9220182677165354
0
LINE
8
BLACK
6
CONTINUOUS
10
0.6765583070866141
20
0.9220182677165354
11
0.6766788976377952
21
0.9223894881889764
0
LINE
8
BLACK
6
CONTINUOUS
10
0.6766788976377952
20
0.9223894881889764
11
0.6766789763779527
21
0.9223896062992126
0
LINE
8
BLACK
6
CONTINUOUS
10
0.6766789763779527
20
0.9223896062992126
11
0.677263779527559
21
0.9260819291338582
0
LINE
8
BLACK
6
CONTINUOUS
10
0.677263779527559
20
0.9260819291338582
11
0.6772637401574803
21
0.9403747244094488
0
LINE
8
BLACK
6
CONTINUOUS
10
0.6772637401574803
20
0.9403747244094488
11
0.6766789763779527
21
0.9440670866141732
0
LINE
8
BLACK
6
CONTINUOUS
10
0.6766789763779527
20
0.9440670866141732
11
0.6766788582677166
21
0.9440672834645669
0
LINE
8
BLACK
6
CONTINUOUS
10
0.6766788582677166
20
0.9440672834645669
11
0.6765583070866141
21
0.9444384645669291
0
LINE
8
BLACK
6
CONTINUOUS
10
0.6765583070866141
20
0.9444384645669291
11
0.6766963779527559
21
0.9444833070866141
0
LINE
8
BLACK
6
CONTINUOUS
10
0.6766963779527559
20
0.9444833070866141
11
0.6763132283464567
21
0.9465146850393701
0
LINE
8
BLACK
6
CONTINUOUS
10
0.6763132283464567
20
0.9465146850393701
11
0.6766275196850393
21
0.9475862992125984
0
LINE
8
BLACK
6
CONTINUOUS
10
0.6766275196850393
20
0.9475862992125984
11
0.6765583070866141
21
0.9476088188976378
0
LINE
8
BLACK
6
CONTINUOUS
10
0.6765583070866141
20
0.9476088188976378
11
0.6766788976377952
21
0.9479800393700787
0
LINE
8
BLACK
6
CONTINUOUS
10
0.6766788976377952
20
0.9479800393700787
11
0.6766789763779527
21
0.9479801574803149
0
LINE
8
BLACK
6
CONTINUOUS
10
0.6766789763779527
20
0.9479801574803149
11
0.677263779527559
21
0.9516724803149607
0
LINE
8
BLACK
6
CONTINUOUS
10
0.677263779527559
20
0.9516724803149607
11
0.6772637401574803
21
0.9659652755905511
0
LINE
8
BLACK
6
CONTINUOUS
10
0.6772637401574803
20
0.9659652755905511
11
0.6766789763779527
21
0.9696576377952756
0
LINE
8
BLACK
6
CONTINUOUS
10
0.6766789763779527
20
0.9696576377952756
11
0.6744114173228346
21
0.9741079527559054
0
LINE
8
BLACK
6
CONTINUOUS
10
0.6744114173228346
20
0.9741079527559054
11
0.671983937007874
21
0.9765354330708661
0
LINE
8
BLACK
6
CONTINUOUS
10
0.671983937007874
20
0.9765354330708661
11
0.63
21
0.9765354330708661
0
LINE
8
BLACK
6
CONTINUOUS
10
0.63
20
0.9765354330708661
11
0.6265835826771653
21
0.9773151968503937
0
LINE
8
BLACK
6
CONTINUOUS
10
0.6265835826771653
20
0.9773151968503937
11
0.6250929527559055
21
0.978503937007874
0
LINE
8
BLACK
6
CONTINUOUS
10
0.6250929527559055
20
0.978503937007874
11
0.598503937007874
21
0.978503937007874
0
LINE
8
BLACK
6
CONTINUOUS
10
0.598503937007874
20
0.978503937007874
11
0.598503937007874
21
0.9903149606299212
0
LINE
8
BLACK
6
CONTINUOUS
10
0.598503937007874
20
0.9903149606299212
11
0.6250929527559055
21
0.9903149606299212
0
LINE
8
BLACK
6
CONTINUOUS
10
0.6250929527559055
20
0.9903149606299212
11
0.6265835826771653
21
0.9915037007874016
0
LINE
8
BLACK
6
CONTINUOUS
10
0.6265835826771653
20
0.9915037007874016
11
0.63
21
0.9922834645669291
0
LINE
8
BLACK
6
CONTINUOUS
10
0.63
20
0.9922834645669291
11
0.6719839763779527
21
0.9922834645669291
0
LINE
8
BLACK
6
CONTINUOUS
10
0.6719839763779527
20
0.9922834645669291
11
0.6744114173228346
21
0.994710905511811
0
LINE
8
BLACK
6
CONTINUOUS
10
0.6744114173228346
20
0.994710905511811
11
0.6756208661417322
21
0.9970846456692913
0
LINE
8
BLACK
6
CONTINUOUS
10
0.6756208661417322
20
0.9970846456692913
11
0.6766789763779527
21
0.9991612598425197
0
LINE
8
BLACK
6
CONTINUOUS
10
0.6766789763779527
20
0.9991612598425197
11
0.677263779527559
21
1.0028535826771654
0
LINE
8
BLACK
6
CONTINUOUS
10
0.677263779527559
20
1.0028535826771654
11
0.6772637401574803
21
1.0171463779527559
0
LINE
8
BLACK
6
CONTINUOUS
10
0.6772637401574803
20
1.0171463779527559
11
0.6766789763779527
21
1.0208387401574803
0
LINE
8
BLACK
6
CONTINUOUS
10
0.6766789763779527
20
1.0208387401574803
11
0.6766788582677166
21
1.0208389370078741
0
LINE
8
BLACK
6
CONTINUOUS
10
0.6766788582677166
20
1.0208389370078741
11
0.6765583070866141
21
1.0212101181102362
0
LINE
8
BLACK
6
CONTINUOUS
10
0.6765583070866141
20
1.0212101181102362
11
0.6766963779527559
21
1.0212549606299213
0
LINE
8
BLACK
6
CONTINUOUS
10
0.6766963779527559
20
1.0212549606299213
11
0.6763132283464567
21
1.0232863385826771
0
LINE
8
BLACK
6
CONTINUOUS
10
0.6763132283464567
20
1.0232863385826771
11
0.6766275196850393
21
1.0243579527559055
0
LINE
8
BLACK
6
CONTINUOUS
10
0.6766275196850393
20
1.0243579527559055
11
0.6765583070866141
21
1.0243804724409449
0
LINE
8
BLACK
6
CONTINUOUS
10
0.6765583070866141
20
1.0243804724409449
11
0.6766788976377952
21
1.0247516929133857
0
LINE
8
BLACK
6
CONTINUOUS
10
0.6766788976377952
20
1.0247516929133857
11
0.6766789763779527
21
1.024751811023622
0
LINE
8
BLACK
6
CONTINUOUS
10
0.6766789763779527
20
1.024751811023622
11
0.677263779527559
21
1.0284441338582677
0
LINE
8
BLACK
6
CONTINUOUS
10
0.677263779527559
20
1.0284441338582677
11
0.6772637401574803
21
1.0427369291338582
0
LINE
8
BLACK
6
CONTINUOUS
10
0.6772637401574803
20
1.0427369291338582
11
0.6766789763779527
21
1.0464292913385826
0
LINE
8
BLACK
6
CONTINUOUS
10
0.6766789763779527
20
1.0464292913385826
11
0.6744114173228346
21
1.0508796062992125
0
LINE
8
BLACK
6
CONTINUOUS
10
0.6744114173228346
20
1.0508796062992125
11
0.6708796062992126
21
1.0544114173228347
0
LINE
8
BLACK
6
CONTINUOUS
10
0.6708796062992126
20
1.0544114173228347
11
0.6664292913385826
21
1.0566789763779527
0
LINE
8
BLACK
6
CONTINUOUS
10
0.6664292913385826
20
1.0566789763779527
11
0.6652096062992126
21
1.056872125984252
0
LINE
8
BLACK
6
CONTINUOUS
10
0.6652096062992126
20
1.056872125984252
11
0.6626840157480315
21
1.05806937007874
0
LINE
8
BLACK
6
CONTINUOUS
10
0.6626840157480315
20
1.05806937007874
11
0.6612065354330708
21
1.0604420866141733
0
LINE
8
BLACK
6
CONTINUOUS
10
0.6612065354330708
20
1.0604420866141733
11
0.6612463779527559
21
1.0632369685039369
0
LINE
8
BLACK
6
CONTINUOUS
10
0.6612463779527559
20
1.0632369685039369
11
0.6627909448818897
21
1.0655665748031495
0
LINE
8
BLACK
6
CONTINUOUS
10
0.6627909448818897
20
1.0655665748031495
11
0.6653498031496062
21
1.0666913779527558
0
LINE
8
BLACK
6
CONTINUOUS
10
0.6653498031496062
20
1.0666913779527558
11
0.6659855905511811
21
1.0667322834645669
0
LINE
8
BLACK
6
CONTINUOUS
10
0.6659855905511811
20
1.0667322834645669
11
0.6687407480314961
21
1.0667322834645669
0
LINE
8
BLACK
6
CONTINUOUS
10
0.6687407480314961
20
1.0667322834645669
11
0.6724331496062992
21
1.0673170472440945
0
LINE
8
BLACK
6
CONTINUOUS
10
0.6724331496062992
20
1.0673170472440945
11
0.6768835433070866
21
1.0695846062992125
0
LINE
8
BLACK
6
CONTINUOUS
10
0.6768835433070866
20
1.0695846062992125
11
0.6804153543307087
21
1.0731164173228347
0
LINE
8
BLACK
6
CONTINUOUS
10
0.6804153543307087
20
1.0731164173228347
11
0.6813410629921259
21
1.0749332677165353
0
LINE
8
BLACK
6
CONTINUOUS
10
0.6813410629921259
20
1.0749332677165353
11
0.6826829133858268
21
1.0775667716535433
0
LINE
8
BLACK
6
CONTINUOUS
10
0.6826829133858268
20
1.0775667716535433
11
0.6832677165354331
21
1.081259094488189
0
LINE
8
BLACK
6
CONTINUOUS
10
0.6832677165354331
20
1.081259094488189
11
0.6832676771653543
21
1.1187408661417322
0
LINE
8
BLACK
6
CONTINUOUS
10
0.6832676771653543
20
1.1187408661417322
11
0.6826829133858268
21
1.1224332283464566
0
LINE
8
BLACK
6
CONTINUOUS
10
0.6826829133858268
20
1.1224332283464566
11
0.6804153543307087
21
1.1268835433070865
0
LINE
8
BLACK
6
CONTINUOUS
10
0.6804153543307087
20
1.1268835433070865
11
0.6768835433070866
21
1.1304153543307087
0
LINE
8
BLACK
6
CONTINUOUS
10
0.6768835433070866
20
1.1304153543307087
11
0.6724332283464567
21
1.1326829133858267
0
LINE
8
BLACK
6
CONTINUOUS
10
0.6724332283464567
20
1.1326829133858267
11
0.672432716535433
21
1.1326829527559055
0
LINE
8
BLACK
6
CONTINUOUS
10
0.672432716535433
20
1.1326829527559055
11
0.6721280708661417
21
1.1327820078740156
0
LINE
8
BLACK
6
CONTINUOUS
10
0.6721280708661417
20
1.1327820078740156
11
0.6698206692913385
21
1.134359527559055
0
LINE
8
BLACK
6
CONTINUOUS
10
0.6698206692913385
20
1.134359527559055
11
0.6687324015748032
21
1.1369341338582677
0
LINE
8
BLACK
6
CONTINUOUS
10
0.6687324015748032
20
1.1369341338582677
11
0.6692088582677165
21
1.1396883858267717
0
LINE
8
BLACK
6
CONTINUOUS
10
0.6692088582677165
20
1.1396883858267717
11
0.6710987007874015
21
1.1417477952755906
0
LINE
8
BLACK
6
CONTINUOUS
10
0.6710987007874015
20
1.1417477952755906
11
0.6721275984251969
21
1.1422177559055118
0
LINE
8
BLACK
6
CONTINUOUS
10
0.6721275984251969
20
1.1422177559055118
11
0.6724331102362204
21
1.1423170078740157
0
LINE
8
BLACK
6
CONTINUOUS
10
0.6724331102362204
20
1.1423170078740157
11
0.6768835433070866
21
1.1445846062992127
0
LINE
8
BLACK
6
CONTINUOUS
10
0.6768835433070866
20
1.1445846062992127
11
0.6804153543307087
21
1.1481164173228346
0
LINE
8
BLACK
6
CONTINUOUS
10
0.6804153543307087
20
1.1481164173228346
11
0.6811904724409449
21
1.1496377559055118
0
LINE
8
BLACK
6
CONTINUOUS
10
0.6811904724409449
20
1.1496377559055118
11
0.6826829133858268
21
1.1525667716535433
0
LINE
8
BLACK
6
CONTINUOUS
10
0.6826829133858268
20
1.1525667716535433
11
0.6832677165354331
21
1.156259094488189
0
LINE
8
BLACK
6
CONTINUOUS
10
0.6832677165354331
20
1.156259094488189
11
0.6832676771653543
21
1.1755624015748032
0
LINE
8
BLACK
6
CONTINUOUS
10
0.6832676771653543
20
1.1755624015748032
11
0.684055157480315
21
1.1782443307086614
0
LINE
8
BLACK
6
CONTINUOUS
10
0.684055157480315
20
1.1782443307086614
11
0.6847206299212598
21
1.1790700787401573
0
LINE
8
BLACK
6
CONTINUOUS
10
0.6847206299212598
20
1.1790700787401573
11
0.6850027165354331
21
1.1793521653543306
0
LINE
8
BLACK
6
CONTINUOUS
10
0.6850027165354331
20
1.1793521653543306
11
0.6851244881889763
21
1.1794698818897638
0
LINE
8
BLACK
6
CONTINUOUS
10
0.6851244881889763
20
1.1794698818897638
11
0.686970157480315
21
1.1811936220472441
0
LINE
8
BLACK
6
CONTINUOUS
10
0.686970157480315
20
1.1811936220472441
11
0.6869702755905511
21
1.1811937795275591
0
LINE
8
BLACK
6
CONTINUOUS
10
0.6869702755905511
20
1.1811937795275591
11
0.6878083464566929
21
1.1825719291338583
0
LINE
8
BLACK
6
CONTINUOUS
10
0.6878083464566929
20
1.1825719291338583
11
0.6880941732283464
21
1.1829919291338582
0
LINE
8
BLACK
6
CONTINUOUS
10
0.6880941732283464
20
1.1829919291338582
11
0.6890693700787401
21
1.184277874015748
0
LINE
8
BLACK
6
CONTINUOUS
10
0.6890693700787401
20
1.184277874015748
11
0.6893259055118111
21
1.1849285039370079
0
LINE
8
BLACK
6
CONTINUOUS
10
0.6893259055118111
20
1.1849285039370079
11
0.6897023228346456
21
1.1856863779527558
0
LINE
8
BLACK
6
CONTINUOUS
10
0.6897023228346456
20
1.1856863779527558
11
0.6900657874015748
21
1.1862840551181102
0
LINE
8
BLACK
6
CONTINUOUS
10
0.6900657874015748
20
1.1862840551181102
11
0.6900658267716535
21
1.1862841338582677
0
LINE
8
BLACK
6
CONTINUOUS
10
0.6900658267716535
20
1.1862841338582677
11
0.6905012204724409
21
1.187838031496063
0
LINE
8
BLACK
6
CONTINUOUS
10
0.6905012204724409
20
1.187838031496063
11
0.6906631102362205
21
1.1883194488188975
0
LINE
8
BLACK
6
CONTINUOUS
10
0.6906631102362205
20
1.1883194488188975
11
0.6912549606299212
21
1.1898202755905511
0
LINE
8
BLACK
6
CONTINUOUS
10
0.6912549606299212
20
1.1898202755905511
11
0.6913264566929134
21
1.1905159842519686
0
LINE
8
BLACK
6
CONTINUOUS
10
0.6913264566929134
20
1.1905159842519686
11
0.6914843700787402
21
1.1913470866141731
0
LINE
8
BLACK
6
CONTINUOUS
10
0.6914843700787402
20
1.1913470866141731
11
0.6916732283464567
21
1.192021062992126
0
LINE
8
BLACK
6
CONTINUOUS
10
0.6916732283464567
20
1.192021062992126
11
0.6916732283464567
21
1.193634842519685
0
LINE
8
BLACK
6
CONTINUOUS
10
0.6916732283464567
20
1.193634842519685
11
0.6916992519685039
21
1.1941421653543307
0
LINE
8
BLACK
6
CONTINUOUS
10
0.6916992519685039
20
1.1941421653543307
11
0.6918642125984252
21
1.1957467716535433
0
LINE
8
BLACK
6
CONTINUOUS
10
0.6918642125984252
20
1.1957467716535433
11
0.6918641732283465
21
1.195746811023622
0
LINE
8
BLACK
6
CONTINUOUS
10
0.6918641732283465
20
1.195746811023622
11
0.6918642125984252
21
1.1957468897637795
0
LINE
8
BLACK
6
CONTINUOUS
10
0.6918642125984252
20
1.1957468897637795
11
0.6917453149606299
21
1.1964362992125983
0
LINE
8
BLACK
6
CONTINUOUS
10
0.6917453149606299
20
1.1964362992125983
11
0.6916732283464567
21
1.1972790551181103
0
LINE
8
BLACK
6
CONTINUOUS
10
0.6916732283464567
20
1.1972790551181103
11
0.6916732283464567
21
1.2249999999999999
0
LINE
8
BLACK
6
CONTINUOUS
10
0.6916732283464567
20
1.2249999999999999
11
0.6899999999999999
21
1.2249999999999999
0
LINE
8
BLACK
6
CONTINUOUS
10
0.6899999999999999
20
1.2249999999999999
11
0.6899999999999999
21
1.28
0
LINE
8
BLACK
6
CONTINUOUS
10
0.6899999999999999
20
1.28
11
0.6916732283464567
21
1.28
0
LINE
8
BLACK
6
CONTINUOUS
10
0.6916732283464567
20
1.28
11
0.6916732283464567
21
1.308967874015748
0
LINE
8
BLACK
6
CONTINUOUS
10
0.6916732283464567
20
1.308967874015748
11
0.6924607086614173
21
1.3116498031496062
0
LINE
8
BLACK
6
CONTINUOUS
10
0.6924607086614173
20
1.3116498031496062
11
0.6931261417322835
21
1.3124755511811024
0
LINE
8
BLACK
6
CONTINUOUS
10
0.6931261417322835
20
1.3124755511811024
11
0.7034298818897637
21
1.3227793307086615
0
LINE
8
BLACK
6
CONTINUOUS
10
0.7034298818897637
20
1.3227793307086615
11
0.7058831496062992
21
1.3241188976377953
0
LINE
8
BLACK
6
CONTINUOUS
10
0.7058831496062992
20
1.3241188976377953
11
0.7069375984251969
21
1.324232283464567
0
LINE
8
BLACK
6
CONTINUOUS
10
0.7069375984251969
20
1.324232283464567
11
0.7512407874015747
21
1.324232283464567
0
LINE
8
BLACK
6
CONTINUOUS
10
0.7512407874015747
20
1.324232283464567
11
0.7549331496062992
21
1.3248170472440945
0
LINE
8
BLACK
6
CONTINUOUS
10
0.7549331496062992
20
1.3248170472440945
11
0.7593835433070866
21
1.3270846062992125
0
LINE
8
BLACK
6
CONTINUOUS
10
0.7593835433070866
20
1.3270846062992125
11
0.7629153543307087
21
1.3306164173228345
0
LINE
8
BLACK
6
CONTINUOUS
10
0.7629153543307087
20
1.3306164173228345
11
0.7636904724409449
21
1.3321377559055119
0
LINE
8
BLACK
6
CONTINUOUS
10
0.7636904724409449
20
1.3321377559055119
11
0.7651829133858268
21
1.3350667716535434
0
LINE
8
BLACK
6
CONTINUOUS
10
0.7651829133858268
20
1.3350667716535434
11
0.7657677165354331
21
1.3387590944881889
0
LINE
8
BLACK
6
CONTINUOUS
10
0.7657677165354331
20
1.3387590944881889
11
0.7657676771653543
21
1.4012408661417322
0
LINE
8
BLACK
6
CONTINUOUS
10
0.7657676771653543
20
1.4012408661417322
11
0.7651829133858268
21
1.4049332283464566
0
LINE
8
BLACK
6
CONTINUOUS
10
0.7651829133858268
20
1.4049332283464566
11
0.7629153543307087
21
1.4093835433070865
0
LINE
8
BLACK
6
CONTINUOUS
10
0.7629153543307087
20
1.4093835433070865
11
0.7593835433070866
21
1.4129153543307087
0
LINE
8
BLACK
6
CONTINUOUS
10
0.7593835433070866
20
1.4129153543307087
11
0.7549332283464567
21
1.4151829133858267
0
LINE
8
BLACK
6
CONTINUOUS
10
0.7549332283464567
20
1.4151829133858267
11
0.754932716535433
21
1.4151829527559054
0
LINE
8
BLACK
6
CONTINUOUS
10
0.754932716535433
20
1.4151829527559054
11
0.7546280708661417
21
1.4152820078740158
0
LINE
8
BLACK
6
CONTINUOUS
10
0.7546280708661417
20
1.4152820078740158
11
0.7523206692913386
21
1.416859527559055
0
LINE
8
BLACK
6
CONTINUOUS
10
0.7523206692913386
20
1.416859527559055
11
0.7512324015748031
21
1.4194341338582677
0
LINE
8
BLACK
6
CONTINUOUS
10
0.7512324015748031
20
1.4194341338582677
11
0.7517088582677165
21
1.4221883858267717
0
LINE
8
BLACK
6
CONTINUOUS
10
0.7517088582677165
20
1.4221883858267717
11
0.7535987007874015
21
1.4242477952755905
0
LINE
8
BLACK
6
CONTINUOUS
10
0.7535987007874015
20
1.4242477952755905
11
0.7546275984251969
21
1.4247177559055118
0
LINE
8
BLACK
6
CONTINUOUS
10
0.7546275984251969
20
1.4247177559055118
11
0.7549331102362205
21
1.4248170078740157
0
LINE
8
BLACK
6
CONTINUOUS
10
0.7549331102362205
20
1.4248170078740157
11
0.7593835433070866
21
1.4270846062992126
0
LINE
8
BLACK
6
CONTINUOUS
10
0.7593835433070866
20
1.4270846062992126
11
0.7629153543307087
21
1.4306164173228346
0
LINE
8
BLACK
6
CONTINUOUS
10
0.7629153543307087
20
1.4306164173228346
11
0.7636904724409449
21
1.4321377559055117
0
LINE
8
BLACK
6
CONTINUOUS
10
0.7636904724409449
20
1.4321377559055117
11
0.7651829133858268
21
1.4350667716535432
0
LINE
8
BLACK
6
CONTINUOUS
10
0.7651829133858268
20
1.4350667716535432
11
0.7657677165354331
21
1.4387590944881889
0
LINE
8
BLACK
6
CONTINUOUS
10
0.7657677165354331
20
1.4387590944881889
11
0.7657676771653543
21
1.5012408661417322
0
LINE
8
BLACK
6
CONTINUOUS
10
0.7657676771653543
20
1.5012408661417322
11
0.7651829133858268
21
1.5049332283464567
0
LINE
8
BLACK
6
CONTINUOUS
10
0.7651829133858268
20
1.5049332283464567
11
0.7629153543307087
21
1.5093835433070866
0
LINE
8
BLACK
6
CONTINUOUS
10
0.7629153543307087
20
1.5093835433070866
11
0.7593835433070866
21
1.5129153543307086
0
LINE
8
BLACK
6
CONTINUOUS
10
0.7593835433070866
20
1.5129153543307086
11
0.7549332283464567
21
1.5151829133858268
0
LINE
8
BLACK
6
CONTINUOUS
10
0.7549332283464567
20
1.5151829133858268
11
0.751240905511811
21
1.5157677165354331
0
LINE
8
BLACK
6
CONTINUOUS
10
0.751240905511811
20
1.5157677165354331
11
0.6887591338582677
21
1.5157676771653543
0
LINE
8
BLACK
6
CONTINUOUS
10
0.6887591338582677
20
1.5157676771653543
11
0.6850667716535432
21
1.5151829133858268
0
LINE
8
BLACK
6
CONTINUOUS
10
0.6850667716535432
20
1.5151829133858268
11
0.6828416141732283
21
1.5140491338582678
0
LINE
8
BLACK
6
CONTINUOUS
10
0.6828416141732283
20
1.5140491338582678
11
0.6806164173228346
21
1.5129153543307086
0
LINE
8
BLACK
6
CONTINUOUS
10
0.6806164173228346
20
1.5129153543307086
11
0.6770846062992126
21
1.5093835433070866
0
LINE
8
BLACK
6
CONTINUOUS
10
0.6770846062992126
20
1.5093835433070866
11
0.6748170866141732
21
1.5049332283464567
0
LINE
8
BLACK
6
CONTINUOUS
10
0.6748170866141732
20
1.5049332283464567
11
0.674717874015748
21
1.5046278346456692
0
LINE
8
BLACK
6
CONTINUOUS
10
0.674717874015748
20
1.5046278346456692
11
0.6731401968503937
21
1.5023205118110237
0
LINE
8
BLACK
6
CONTINUOUS
10
0.6731401968503937
20
1.5023205118110237
11
0.6705655511811024
21
1.5012324015748031
0
LINE
8
BLACK
6
CONTINUOUS
10
0.6705655511811024
20
1.5012324015748031
11
0.6678113385826772
21
1.5017089763779528
0
LINE
8
BLACK
6
CONTINUOUS
10
0.6678113385826772
20
1.5017089763779528
11
0.6657520078740158
21
1.5035989370078739
0
LINE
8
BLACK
6
CONTINUOUS
10
0.6657520078740158
20
1.5035989370078739
11
0.665282125984252
21
1.5046278346456692
0
LINE
8
BLACK
6
CONTINUOUS
10
0.665282125984252
20
1.5046278346456692
11
0.6651829133858268
21
1.5049331496062992
0
LINE
8
BLACK
6
CONTINUOUS
10
0.6651829133858268
20
1.5049331496062992
11
0.6651829133858268
21
1.5049332283464567
0
LINE
8
BLACK
6
CONTINUOUS
10
0.6651829133858268
20
1.5049332283464567
11
0.6629153543307087
21
1.5093835433070866
0
LINE
8
BLACK
6
CONTINUOUS
10
0.6629153543307087
20
1.5093835433070866
11
0.6593835433070866
21
1.5129153543307086
0
LINE
8
BLACK
6
CONTINUOUS
10
0.6593835433070866
20
1.5129153543307086
11
0.6549332283464567
21
1.5151829133858268
0
LINE
8
BLACK
6
CONTINUOUS
10
0.6549332283464567
20
1.5151829133858268
11
0.651240905511811
21
1.5157677165354331
0
LINE
8
BLACK
6
CONTINUOUS
10
0.651240905511811
20
1.5157677165354331
11
0.5887591338582677
21
1.5157676771653543
0
LINE
8
BLACK
6
CONTINUOUS
10
0.5887591338582677
20
1.5157676771653543
11
0.5850667716535433
21
1.5151829133858268
0
LINE
8
BLACK
6
CONTINUOUS
10
0.5850667716535433
20
1.5151829133858268
11
0.5828416141732283
21
1.5140491338582678
0
LINE
8
BLACK
6
CONTINUOUS
10
0.5828416141732283
20
1.5140491338582678
11
0.5806164173228346
21
1.5129153543307086
0
LINE
8
BLACK
6
CONTINUOUS
10
0.5806164173228346
20
1.5129153543307086
11
0.5770846062992125
21
1.5093835433070866
0
LINE
8
BLACK
6
CONTINUOUS
10
0.5770846062992125
20
1.5093835433070866
11
0.5748170866141732
21
1.5049332283464567
0
LINE
8
BLACK
6
CONTINUOUS
10
0.5748170866141732
20
1.5049332283464567
11
0.574717874015748
21
1.5046278346456692
0
LINE
8
BLACK
6
CONTINUOUS
10
0.574717874015748
20
1.5046278346456692
11
0.5731401968503936
21
1.5023205118110237
0
LINE
8
BLACK
6
CONTINUOUS
10
0.5731401968503936
20
1.5023205118110237
11
0.5705655511811023
21
1.5012324015748031
0
LINE
8
BLACK
6
CONTINUOUS
10
0.5705655511811023
20
1.5012324015748031
11
0.5678113385826772
21
1.5017089763779528
0
LINE
8
BLACK
6
CONTINUOUS
10
0.5678113385826772
20
1.5017089763779528
11
0.5657520078740157
21
1.5035989370078739
0
LINE
8
BLACK
6
CONTINUOUS
10
0.5657520078740157
20
1.5035989370078739
11
0.565282125984252
21
1.5046278346456692
0
LINE
8
BLACK
6
CONTINUOUS
10
0.565282125984252
20
1.5046278346456692
11
0.5651829133858267
21
1.5049331496062992
0
LINE
8
BLACK
6
CONTINUOUS
10
0.5651829133858267
20
1.5049331496062992
11
0.5651829133858267
21
1.5049332283464567
0
LINE
8
BLACK
6
CONTINUOUS
10
0.5651829133858267
20
1.5049332283464567
11
0.5629153543307086
21
1.5093835433070866
0
LINE
8
BLACK
6
CONTINUOUS
10
0.5629153543307086
20
1.5093835433070866
11
0.5593835433070866
21
1.5129153543307086
0
LINE
8
BLACK
6
CONTINUOUS
10
0.5593835433070866
20
1.5129153543307086
11
0.5549332283464566
21
1.5151829133858268
0
LINE
8
BLACK
6
CONTINUOUS
10
0.5549332283464566
20
1.5151829133858268
11
0.551240905511811
21
1.5157677165354331
0
LINE
8
BLACK
6
CONTINUOUS
10
0.551240905511811
20
1.5157677165354331
11
0.4887591338582677
21
1.5157676771653543
0
LINE
8
BLACK
6
CONTINUOUS
10
0.4887591338582677
20
1.5157676771653543
11
0.4850667716535433
21
1.5151829133858268
0
LINE
8
BLACK
6
CONTINUOUS
10
0.4850667716535433
20
1.5151829133858268
11
0.4828416141732284
21
1.5140491338582678
0
LINE
8
BLACK
6
CONTINUOUS
10
0.4828416141732284
20
1.5140491338582678
11
0.4806164173228346
21
1.5129153543307086
0
LINE
8
BLACK
6
CONTINUOUS
10
0.4806164173228346
20
1.5129153543307086
11
0.4770846062992126
21
1.5093835433070866
0
LINE
8
BLACK
6
CONTINUOUS
10
0.4770846062992126
20
1.5093835433070866
11
0.4755632677165354
21
1.506397716535433
0
LINE
8
BLACK
6
CONTINUOUS
10
0.4755632677165354
20
1.506397716535433
11
0.4748170866141732
21
1.5049332283464567
0
LINE
8
BLACK
6
CONTINUOUS
10
0.4748170866141732
20
1.5049332283464567
11
0.4742322834645669
21
1.501240905511811
0
LINE
8
BLACK
6
CONTINUOUS
10
0.4742322834645669
20
1.501240905511811
11
0.4742322834645669
21
1.5012408661417322
0
LINE
8
BLACK
6
CONTINUOUS
10
0.4742322834645669
20
1.5012408661417322
11
0.4742322834645669
21
1.501240748031496
0
LINE
8
BLACK
6
CONTINUOUS
10
0.4742322834645669
20
1.501240748031496
11
0.4742322834645669
21
1.4387591732283465
0
LINE
8
BLACK
6
CONTINUOUS
10
0.4742322834645669
20
1.4387591732283465
11
0.4748170472440945
21
1.435066811023622
0
LINE
8
BLACK
6
CONTINUOUS
10
0.4748170472440945
20
1.435066811023622
11
0.4770846062992126
21
1.4306164173228346
0
LINE
8
BLACK
6
CONTINUOUS
10
0.4770846062992126
20
1.4306164173228346
11
0.4806164173228346
21
1.4270846062992126
0
LINE
8
BLACK
6
CONTINUOUS
10
0.4806164173228346
20
1.4270846062992126
11
0.4850668503937008
21
1.4248170078740157
0
LINE
8
BLACK
6
CONTINUOUS
10
0.4850668503937008
20
1.4248170078740157
11
0.4853722047244095
21
1.4247178346456693
0
LINE
8
BLACK
6
CONTINUOUS
10
0.4853722047244095
20
1.4247178346456693
11
0.4876795275590551
21
1.4231401574803149
0
LINE
8
BLACK
6
CONTINUOUS
10
0.4876795275590551
20
1.4231401574803149
11
0.4887675984251968
21
1.4205654724409449
0
LINE
8
BLACK
6
CONTINUOUS
10
0.4887675984251968
20
1.4205654724409449
11
0.4882909448818897
21
1.4178112598425197
0
LINE
8
BLACK
6
CONTINUOUS
10
0.4882909448818897
20
1.4178112598425197
11
0.4864009448818897
21
1.415751968503937
0
LINE
8
BLACK
6
CONTINUOUS
10
0.4864009448818897
20
1.415751968503937
11
0.4853722047244095
21
1.4152821653543306
0
LINE
8
BLACK
6
CONTINUOUS
10
0.4853722047244095
20
1.4152821653543306
11
0.4850668503937008
21
1.4151829527559054
0
LINE
8
BLACK
6
CONTINUOUS
10
0.4850668503937008
20
1.4151829527559054
11
0.4806164173228346
21
1.4129153543307087
0
LINE
8
BLACK
6
CONTINUOUS
10
0.4806164173228346
20
1.4129153543307087
11
0.4770846062992126
21
1.4093835433070865
0
LINE
8
BLACK
6
CONTINUOUS
10
0.4770846062992126
20
1.4093835433070865
11
0.4755632677165354
21
1.4063977165354331
0
LINE
8
BLACK
6
CONTINUOUS
10
0.4755632677165354
20
1.4063977165354331
11
0.4748170866141732
21
1.4049332283464566
0
LINE
8
BLACK
6
CONTINUOUS
10
0.4748170866141732
20
1.4049332283464566
11
0.4742322834645669
21
1.4012409055118109
0
LINE
8
BLACK
6
CONTINUOUS
10
0.4742322834645669
20
1.4012409055118109
11
0.4742322834645669
21
1.4012408661417322
0
LINE
8
BLACK
6
CONTINUOUS
10
0.4742322834645669
20
1.4012408661417322
11
0.4742322834645669
21
1.4012407480314961
0
LINE
8
BLACK
6
CONTINUOUS
10
0.4742322834645669
20
1.4012407480314961
11
0.4742322834645669
21
1.3891338582677164
0
LINE
8
BLACK
6
CONTINUOUS
10
0.4742322834645669
20
1.3891338582677164
11
0.4734448031496063
21
1.3864519291338582
0
LINE
8
BLACK
6
CONTINUOUS
10
0.4734448031496063
20
1.3864519291338582
11
0.4713323622047244
21
1.3846214960629921
0
LINE
8
BLACK
6
CONTINUOUS
10
0.4713323622047244
20
1.3846214960629921
11
0.4692716535433071
21
1.3841732283464567
0
LINE
8
BLACK
6
CONTINUOUS
10
0.4692716535433071
20
1.3841732283464567
11
0.4561100393700787
21
1.3841732283464567
0
LINE
8
BLACK
6
CONTINUOUS
10
0.4561100393700787
20
1.3841732283464567
11
0.4534281102362205
21
1.3849607086614173
0
LINE
8
BLACK
6
CONTINUOUS
10
0.4534281102362205
20
1.3849607086614173
11
0.4516900787401575
21
1.3868817716535433
0
LINE
8
BLACK
6
CONTINUOUS
10
0.4516900787401575
20
1.3868817716535433
11
0.4504153543307087
21
1.3893835433070867
0
LINE
8
BLACK
6
CONTINUOUS
10
0.4504153543307087
20
1.3893835433070867
11
0.4468835433070866
21
1.3929153543307087
0
LINE
8
BLACK
6
CONTINUOUS
10
0.4468835433070866
20
1.3929153543307087
11
0.4424332283464567
21
1.3951829133858267
0
LINE
8
BLACK
6
CONTINUOUS
10
0.4424332283464567
20
1.3951829133858267
11
0.438740905511811
21
1.395767716535433
0
LINE
8
BLACK
6
CONTINUOUS
10
0.438740905511811
20
1.395767716535433
11
0.3812591338582677
21
1.3957676771653542
0
LINE
8
BLACK
6
CONTINUOUS
10
0.3812591338582677
20
1.3957676771653542
11
0.3775667716535433
21
1.3951829133858267
0
LINE
8
BLACK
6
CONTINUOUS
10
0.3775667716535433
20
1.3951829133858267
11
0.3753416141732283
21
1.3940491338582677
0
LINE
8
BLACK
6
CONTINUOUS
10
0.3753416141732283
20
1.3940491338582677
11
0.3731164173228346
21
1.3929153543307087
0
LINE
8
BLACK
6
CONTINUOUS
10
0.3731164173228346
20
1.3929153543307087
11
0.3695846062992126
21
1.3893835433070867
0
LINE
8
BLACK
6
CONTINUOUS
10
0.3695846062992126
20
1.3893835433070867
11
0.3683099212598425
21
1.3868817716535433
0
LINE
8
BLACK
6
CONTINUOUS
10
0.3683099212598425
20
1.3868817716535433
11
0.3673170866141732
21
1.3849332283464566
0
LINE
8
BLACK
6
CONTINUOUS
10
0.3673170866141732
20
1.3849332283464566
11
0.3667322834645669
21
1.3812409055118109
0
LINE
8
BLACK
6
CONTINUOUS
10
0.3667322834645669
20
1.3812409055118109
11
0.3667322834645669
21
1.3812407480314961
0
LINE
8
BLACK
6
CONTINUOUS
10
0.3667322834645669
20
1.3812407480314961
11
0.3667322834645669
21
1.3437591732283465
0
LINE
8
BLACK
6
CONTINUOUS
10
0.3667322834645669
20
1.3437591732283465
11
0.3673170472440945
21
1.340066811023622
0
LINE
8
BLACK
6
CONTINUOUS
10
0.3673170472440945
20
1.340066811023622
11
0.3695846062992126
21
1.3356164173228346
0
LINE
8
BLACK
6
CONTINUOUS
10
0.3695846062992126
20
1.3356164173228346
11
0.3731164173228346
21
1.3320846062992127
0
LINE
8
BLACK
6
CONTINUOUS
10
0.3731164173228346
20
1.3320846062992127
11
0.3775666929133858
21
1.3298171259842519
0
LINE
8
BLACK
6
CONTINUOUS
10
0.3775666929133858
20
1.3298171259842519
11
0.3775667716535433
21
1.3298170866141732
0
LINE
8
BLACK
6
CONTINUOUS
10
0.3775667716535433
20
1.3298170866141732
11
0.381259094488189
21
1.3292322834645669
0
LINE
8
BLACK
6
CONTINUOUS
10
0.381259094488189
20
1.3292322834645669
11
0.3812591732283465
21
1.3292322834645669
0
LINE
8
BLACK
6
CONTINUOUS
10
0.3812591732283465
20
1.3292322834645669
11
0.3812592125984252
21
1.3292322834645669
0
LINE
8
BLACK
6
CONTINUOUS
10
0.3812592125984252
20
1.3292322834645669
11
0.4387407874015748
21
1.3292322834645669
0
LINE
8
BLACK
6
CONTINUOUS
10
0.4387407874015748
20
1.3292322834645669
11
0.4424331496062992
21
1.3298170472440944
0
LINE
8
BLACK
6
CONTINUOUS
10
0.4424331496062992
20
1.3298170472440944
11
0.4468835433070866
21
1.3320846062992127
0
LINE
8
BLACK
6
CONTINUOUS
10
0.4468835433070866
20
1.3320846062992127
11
0.4504153543307087
21
1.3356164173228346
0
LINE
8
BLACK
6
CONTINUOUS
10
0.4504153543307087
20
1.3356164173228346
11
0.4516900787401575
21
1.3381182283464568
0
LINE
8
BLACK
6
CONTINUOUS
10
0.4516900787401575
20
1.3381182283464568
11
0.4536092913385827
21
1.34015031496063
0
LINE
8
BLACK
6
CONTINUOUS
10
0.4536092913385827
20
1.34015031496063
11
0.4561100393700787
21
1.3408267716535434
0
LINE
8
BLACK
6
CONTINUOUS
10
0.4561100393700787
20
1.3408267716535434
11
0.469668031496063
21
1.3408267716535434
0
LINE
8
BLACK
6
CONTINUOUS
10
0.469668031496063
20
1.3408267716535434
11
0.4723499606299212
21
1.3400392913385826
0
LINE
8
BLACK
6
CONTINUOUS
10
0.4723499606299212
20
1.3400392913385826
11
0.4741803937007874
21
1.3379268503937007
0
LINE
8
BLACK
6
CONTINUOUS
10
0.4741803937007874
20
1.3379268503937007
11
0.4745675984251969
21
1.3366420866141733
0
LINE
8
BLACK
6
CONTINUOUS
10
0.4745675984251969
20
1.3366420866141733
11
0.4748170472440945
21
1.3350668110236221
0
LINE
8
BLACK
6
CONTINUOUS
10
0.4748170472440945
20
1.3350668110236221
11
0.4770846062992126
21
1.3306164173228345
0
LINE
8
BLACK
6
CONTINUOUS
10
0.4770846062992126
20
1.3306164173228345
11
0.4806164173228346
21
1.3270846062992125
0
LINE
8
BLACK
6
CONTINUOUS
10
0.4806164173228346
20
1.3270846062992125
11
0.4849972440944882
21
1.3248525196850394
0
LINE
8
BLACK
6
CONTINUOUS
10
0.4849972440944882
20
1.3248525196850394
11
0.4850667716535433
21
1.3248170866141733
0
LINE
8
BLACK
6
CONTINUOUS
10
0.4850667716535433
20
1.3248170866141733
11
0.4887590944881889
21
1.324232283464567
0
LINE
8
BLACK
6
CONTINUOUS
10
0.4887590944881889
20
1.324232283464567
11
0.5308661417322834
21
1.324232283464567
0
LINE
8
BLACK
6
CONTINUOUS
10
0.5308661417322834
20
1.324232283464567
11
0.5335480708661418
21
1.3234448031496062
0
LINE
8
BLACK
6
CONTINUOUS
10
0.5335480708661418
20
1.3234448031496062
11
0.5353785039370078
21
1.3213323622047244
0
LINE
8
BLACK
6
CONTINUOUS
10
0.5353785039370078
20
1.3213323622047244
11
0.5358267716535433
21
1.3192716535433071
0
LINE
8
BLACK
6
CONTINUOUS
10
0.5358267716535433
20
1.3192716535433071
11
0.5358267716535433
21
1.2961099999999999
0
LINE
8
BLACK
6
CONTINUOUS
10
0.5358267716535433
20
1.2961099999999999
11
0.5350392913385826
21
1.2934280708661416
0
LINE
8
BLACK
6
CONTINUOUS
10
0.5350392913385826
20
1.2934280708661416
11
0.5331182283464567
21
1.2916900393700788
0
LINE
8
BLACK
6
CONTINUOUS
10
0.5331182283464567
20
1.2916900393700788
11
0.5319457874015748
21
1.2910926771653544
0
LINE
8
BLACK
6
CONTINUOUS
10
0.5319457874015748
20
1.2910926771653544
11
0.5306164960629921
21
1.2904153937007874
0
LINE
8
BLACK
6
CONTINUOUS
10
0.5306164960629921
20
1.2904153937007874
11
0.5306163385826772
21
1.2904152755905511
0
LINE
8
BLACK
6
CONTINUOUS
10
0.5306163385826772
20
1.2904152755905511
11
0.5270846062992126
21
1.2868835433070867
0
LINE
8
BLACK
6
CONTINUOUS
10
0.5270846062992126
20
1.2868835433070867
11
0.5248170866141733
21
1.2824332283464566
0
LINE
8
BLACK
6
CONTINUOUS
10
0.5248170866141733
20
1.2824332283464566
11
0.524717874015748
21
1.2821278346456693
0
LINE
8
BLACK
6
CONTINUOUS
10
0.524717874015748
20
1.2821278346456693
11
0.5231401968503937
21
1.2798205118110235
0
LINE
8
BLACK
6
CONTINUOUS
10
0.5231401968503937
20
1.2798205118110235
11
0.5205655511811024
21
1.2787324015748032
0
LINE
8
BLACK
6
CONTINUOUS
10
0.5205655511811024
20
1.2787324015748032
11
0.5178113385826771
21
1.2792089763779528
0
LINE
8
BLACK
6
CONTINUOUS
10
0.5178113385826771
20
1.2792089763779528
11
0.5157520078740158
21
1.281098937007874
0
LINE
8
BLACK
6
CONTINUOUS
10
0.5157520078740158
20
1.281098937007874
11
0.5152821259842519
21
1.2821278346456693
0
LINE
8
BLACK
6
CONTINUOUS
10
0.5152821259842519
20
1.2821278346456693
11
0.5151829133858268
21
1.2824329527559055
0
LINE
8
BLACK
6
CONTINUOUS
10
0.5151829133858268
20
1.2824329527559055
11
0.5151829133858268
21
1.2824332283464566
0
LINE
8
BLACK
6
CONTINUOUS
10
0.5151829133858268
20
1.2824332283464566
11
0.5129153543307087
21
1.2868835433070867
0
LINE
8
BLACK
6
CONTINUOUS
10
0.5129153543307087
20
1.2868835433070867
11
0.5093835433070866
21
1.2904153543307086
0
LINE
8
BLACK
6
CONTINUOUS
10
0.5093835433070866
20
1.2904153543307086
11
0.5049332283464567
21
1.2926829133858266
0
LINE
8
BLACK
6
CONTINUOUS
10
0.5049332283464567
20
1.2926829133858266
11
0.501240905511811
21
1.2932677165354329
0
LINE
8
BLACK
6
CONTINUOUS
10
0.501240905511811
20
1.2932677165354329
11
0.4637591338582677
21
1.2932676771653544
0
LINE
8
BLACK
6
CONTINUOUS
10
0.4637591338582677
20
1.2932676771653544
11
0.4600667716535433
21
1.2926829133858266
0
LINE
8
BLACK
6
CONTINUOUS
10
0.4600667716535433
20
1.2926829133858266
11
0.4581181496062992
21
1.2916900393700788
0
LINE
8
BLACK
6
CONTINUOUS
10
0.4581181496062992
20
1.2916900393700788
11
0.4556164173228346
21
1.2904153543307086
0
LINE
8
BLACK
6
CONTINUOUS
10
0.4556164173228346
20
1.2904153543307086
11
0.4535076771653543
21
1.2883066141732282
0
LINE
8
BLACK
6
CONTINUOUS
10
0.4535076771653543
20
1.2883066141732282
11
0.4510544488188976
21
1.2869670078740156
0
LINE
8
BLACK
6
CONTINUOUS
10
0.4510544488188976
20
1.2869670078740156
11
0.4482664566929134
21
1.2871664173228345
0
LINE
8
BLACK
6
CONTINUOUS
10
0.4482664566929134
20
1.2871664173228345
11
0.4464923228346457
21
1.2883066141732282
0
LINE
8
BLACK
6
CONTINUOUS
10
0.4464923228346457
20
1.2883066141732282
11
0.4443836220472441
21
1.2904152755905511
0
LINE
8
BLACK
6
CONTINUOUS
10
0.4443836220472441
20
1.2904152755905511
11
0.4443835433070866
21
1.2904153543307086
0
LINE
8
BLACK
6
CONTINUOUS
10
0.4443835433070866
20
1.2904153543307086
11
0.4443834645669291
21
1.2904153937007874
0
LINE
8
BLACK
6
CONTINUOUS
10
0.4443834645669291
20
1.2904153937007874
11
0.4399332283464567
21
1.2926829133858266
0
LINE
8
BLACK
6
CONTINUOUS
10
0.4399332283464567
20
1.2926829133858266
11
0.436240905511811
21
1.2932677165354329
0
LINE
8
BLACK
6
CONTINUOUS
10
0.436240905511811
20
1.2932677165354329
11
0.3987591338582677
21
1.2932676771653544
0
LINE
8
BLACK
6
CONTINUOUS
10
0.3987591338582677
20
1.2932676771653544
11
0.3950667716535433
21
1.2926829133858266
0
LINE
8
BLACK
6
CONTINUOUS
10
0.3950667716535433
20
1.2926829133858266
11
0.3931181496062992
21
1.2916900393700788
0
LINE
8
BLACK
6
CONTINUOUS
10
0.3931181496062992
20
1.2916900393700788
11
0.3906164173228346
21
1.2904153543307086
0
LINE
8
BLACK
6
CONTINUOUS
10
0.3906164173228346
20
1.2904153543307086
11
0.3870846062992126
21
1.2868835433070867
0
LINE
8
BLACK
6
CONTINUOUS
10
0.3870846062992126
20
1.2868835433070867
11
0.3857437007874016
21
1.2842518110236221
0
LINE
8
BLACK
6
CONTINUOUS
10
0.3857437007874016
20
1.2842518110236221
11
0.3848170866141732
21
1.2824332283464566
0
LINE
8
BLACK
6
CONTINUOUS
10
0.3848170866141732
20
1.2824332283464566
11
0.3842322834645669
21
1.2787409055118111
0
LINE
8
BLACK
6
CONTINUOUS
10
0.3842322834645669
20
1.2787409055118111
11
0.3842322834645669
21
1.2787408661417323
0
LINE
8
BLACK
6
CONTINUOUS
10
0.3842322834645669
20
1.2787408661417323
11
0.3842322834645669
21
1.2787407480314961
0
LINE
8
BLACK
6
CONTINUOUS
10
0.3842322834645669
20
1.2787407480314961
11
0.3842322834645669
21
1.2212591732283464
0
LINE
8
BLACK
6
CONTINUOUS
10
0.3842322834645669
20
1.2212591732283464
11
0.3848170472440945
21
1.217566811023622
0
LINE
8
BLACK
6
CONTINUOUS
10
0.3848170472440945
20
1.217566811023622
11
0.3870846062992126
21
1.2131164173228346
0
LINE
8
BLACK
6
CONTINUOUS
10
0.3870846062992126
20
1.2131164173228346
11
0.3906164173228346
21
1.2095846062992126
0
LINE
8
BLACK
6
CONTINUOUS
10
0.3906164173228346
20
1.2095846062992126
11
0.3950667716535433
21
1.2073170472440944
0
LINE
8
BLACK
6
CONTINUOUS
10
0.3950667716535433
20
1.2073170472440944
11
0.3961998818897638
21
1.2071375984251969
0
LINE
8
BLACK
6
CONTINUOUS
10
0.3961998818897638
20
1.2071375984251969
11
0.3987255511811024
21
1.2059402362204723
0
LINE
8
BLACK
6
CONTINUOUS
10
0.3987255511811024
20
1.2059402362204723
11
0.4002029527559055
21
1.2035674409448818
0
LINE
8
BLACK
6
CONTINUOUS
10
0.4002029527559055
20
1.2035674409448818
11
0.4001629921259842
21
1.2007725984251969
0
LINE
8
BLACK
6
CONTINUOUS
10
0.4001629921259842
20
1.2007725984251969
11
0.3989314566929134
21
1.1987303937007874
0
LINE
8
BLACK
6
CONTINUOUS
10
0.3989314566929134
20
1.1987303937007874
11
0.3970846062992126
21
1.1968835433070866
0
LINE
8
BLACK
6
CONTINUOUS
10
0.3970846062992126
20
1.1968835433070866
11
0.3948170866141732
21
1.1924332283464567
0
LINE
8
BLACK
6
CONTINUOUS
10
0.3948170866141732
20
1.1924332283464567
11
0.394717874015748
21
1.1921278346456692
0
LINE
8
BLACK
6
CONTINUOUS
10
0.394717874015748
20
1.1921278346456692
11
0.3931401968503937
21
1.1898205118110237
0
LINE
8
BLACK
6
CONTINUOUS
10
0.3931401968503937
20
1.1898205118110237
11
0.3905655511811024
21
1.1887324015748031
0
LINE
8
BLACK
6
CONTINUOUS
10
0.3905655511811024
20
1.1887324015748031
11
0.3878113385826771
21
1.1892089763779528
0
LINE
8
BLACK
6
CONTINUOUS
10
0.3878113385826771
20
1.1892089763779528
11
0.3857520078740158
21
1.1910989370078739
0
LINE
8
BLACK
6
CONTINUOUS
10
0.3857520078740158
20
1.1910989370078739
11
0.3852821259842519
21
1.1921278346456692
0
LINE
8
BLACK
6
CONTINUOUS
10
0.3852821259842519
20
1.1921278346456692
11
0.3851829133858268
21
1.1924329527559054
0
LINE
8
BLACK
6
CONTINUOUS
10
0.3851829133858268
20
1.1924329527559054
11
0.3851829133858268
21
1.1924332283464567
0
LINE
8
BLACK
6
CONTINUOUS
10
0.3851829133858268
20
1.1924332283464567
11
0.3829153543307087
21
1.1968835433070866
0
LINE
8
BLACK
6
CONTINUOUS
10
0.3829153543307087
20
1.1968835433070866
11
0.3793835433070866
21
1.2004153543307086
0
LINE
8
BLACK
6
CONTINUOUS
10
0.3793835433070866
20
1.2004153543307086
11
0.3749332283464567
21
1.2026829133858268
0
LINE
8
BLACK
6
CONTINUOUS
10
0.3749332283464567
20
1.2026829133858268
11
0.371240905511811
21
1.2032677165354331
0
LINE
8
BLACK
6
CONTINUOUS
10
0.371240905511811
20
1.2032677165354331
11
0.3337591338582677
21
1.2032676771653543
0
LINE
8
BLACK
6
CONTINUOUS
10
0.3337591338582677
20
1.2032676771653543
11
0.333759094488189
21
1.2032676771653543
0
LINE
8
BLACK
6
CONTINUOUS
10
0.333759094488189
20
1.2032676771653543
11
0.3335153937007874
21
1.2032290551181102
0
LINE
8
BLACK
6
CONTINUOUS
10
0.3335153937007874
20
1.2032290551181102
11
0.3331543700787402
21
1.2031718897637795
0
LINE
8
BLACK
6
CONTINUOUS
10
0.3331543700787402
20
1.2031718897637795
11
0.3303823228346456
21
1.2035300787401575
0
LINE
8
BLACK
6
CONTINUOUS
10
0.3303823228346456
20
1.2035300787401575
11
0.3288707480314961
21
1.204563622047244
0
LINE
8
BLACK
6
CONTINUOUS
10
0.3288707480314961
20
1.204563622047244
11
0.3027241732283464
21
1.2307101968503937
0
LINE
8
BLACK
6
CONTINUOUS
10
0.3027241732283464
20
1.2307101968503937
11
0.3013846456692914
21
1.2331633464566929
0
LINE
8
BLACK
6
CONTINUOUS
10
0.3013846456692914
20
1.2331633464566929
11
0.3013024803149606
21
1.2336624409448818
0
LINE
8
BLACK
6
CONTINUOUS
10
0.3013024803149606
20
1.2336624409448818
11
0.3009200393700787
21
1.237056968503937
0
LINE
8
BLACK
6
CONTINUOUS
10
0.3009200393700787
20
1.237056968503937
11
0.30092
21
1.237056968503937
0
LINE
8
BLACK
6
CONTINUOUS
10
0.30092
20
1.237056968503937
11
0.30092
21
1.237057283464567
0
LINE
8
BLACK
6
CONTINUOUS
10
0.30092
20
1.237057283464567
11
0.2985743700787402
21
1.2437607086614173
0
LINE
8
BLACK
6
CONTINUOUS
10
0.2985743700787402
20
1.2437607086614173
11
0.294795905511811
21
1.249774094488189
0
LINE
8
BLACK
6
CONTINUOUS
10
0.294795905511811
20
1.249774094488189
11
0.289774094488189
21
1.254795905511811
0
LINE
8
BLACK
6
CONTINUOUS
10
0.289774094488189
20
1.254795905511811
11
0.2837607086614173
21
1.2585743700787402
0
LINE
8
BLACK
6
CONTINUOUS
10
0.2837607086614173
20
1.2585743700787402
11
0.2770572834645669
21
1.26092
0
LINE
8
BLACK
6
CONTINUOUS
10
0.2770572834645669
20
1.26092
11
0.27
21
1.2617151574803149
0
LINE
8
BLACK
6
CONTINUOUS
10
0.27
20
1.2617151574803149
11
0.2629427165354331
21
1.26092
0
LINE
8
BLACK
6
CONTINUOUS
10
0.2629427165354331
20
1.26092
11
0.2562392913385827
21
1.2585743700787402
0
LINE
8
BLACK
6
CONTINUOUS
10
0.2562392913385827
20
1.2585743700787402
11
0.2562391732283464
21
1.2585742913385827
0
LINE
8
BLACK
6
CONTINUOUS
10
0.2562391732283464
20
1.2585742913385827
11
0.2562391338582677
21
1.2585742913385827
0
LINE
8
BLACK
6
CONTINUOUS
10
0.2562391338582677
20
1.2585742913385827
11
0.2502259448818898
21
1.2547959448818897
0
LINE
8
BLACK
6
CONTINUOUS
10
0.2502259448818898
20
1.2547959448818897
11
0.2502258661417323
21
1.254795905511811
0
LINE
8
BLACK
6
CONTINUOUS
10
0.2502258661417323
20
1.254795905511811
11
0.2452040551181102
21
1.249774094488189
0
LINE
8
BLACK
6
CONTINUOUS
10
0.2452040551181102
20
1.249774094488189
11
0.2452040157480315
21
1.2497740157480315
0
LINE
8
BLACK
6
CONTINUOUS
10
0.2452040157480315
20
1.2497740157480315
11
0.2414256692913386
21
1.2437608267716536
0
LINE
8
BLACK
6
CONTINUOUS
10
0.2414256692913386
20
1.2437608267716536
11
0.2414256299212598
21
1.2437607086614173
0
LINE
8
BLACK
6
CONTINUOUS
10
0.2414256299212598
20
1.2437607086614173
11
0.23908
21
1.237057283464567
0
LINE
8
BLACK
6
CONTINUOUS
10
0.23908
20
1.237057283464567
11
0.238284842519685
21
1.23
0
LINE
8
BLACK
6
CONTINUOUS
10
0.238284842519685
20
1.23
11
0.23908
21
1.222942716535433
0
LINE
8
BLACK
6
CONTINUOUS
10
0.23908
20
1.222942716535433
11
0.23908
21
1.2229425984251969
0
LINE
8
BLACK
6
CONTINUOUS
10
0.23908
20
1.2229425984251969
11
0.2390800393700787
21
1.2229425984251969
0
LINE
8
BLACK
6
CONTINUOUS
10
0.2390800393700787
20
1.2229425984251969
11
0.2414256299212598
21
1.2162392519685039
0
LINE
8
BLACK
6
CONTINUOUS
10
0.2414256299212598
20
1.2162392519685039
11
0.2414256692913386
21
1.2162391338582677
0
LINE
8
BLACK
6
CONTINUOUS
10
0.2414256692913386
20
1.2162391338582677
11
0.2452040157480315
21
1.2102259448818897
0
LINE
8
BLACK
6
CONTINUOUS
10
0.2452040157480315
20
1.2102259448818897
11
0.2452040551181102
21
1.2102258661417322
0
LINE
8
BLACK
6
CONTINUOUS
10
0.2452040551181102
20
1.2102258661417322
11
0.2502258661417323
21
1.2052040551181102
0
LINE
8
BLACK
6
CONTINUOUS
10
0.2502258661417323
20
1.2052040551181102
11
0.2502259448818898
21
1.2052040157480315
0
LINE
8
BLACK
6
CONTINUOUS
10
0.2502259448818898
20
1.2052040157480315
11
0.2562391338582677
21
1.2014256692913385
0
LINE
8
BLACK
6
CONTINUOUS
10
0.2562391338582677
20
1.2014256692913385
11
0.2562392519685039
21
1.2014256299212598
0
LINE
8
BLACK
6
CONTINUOUS
10
0.2562392519685039
20
1.2014256299212598
11
0.2629425590551181
21
1.1990800393700787
0
LINE
8
BLACK
6
CONTINUOUS
10
0.2629425590551181
20
1.1990800393700787
11
0.2629425984251968
21
1.1990799999999999
0
LINE
8
BLACK
6
CONTINUOUS
10
0.2629425984251968
20
1.1990799999999999
11
0.2629427165354331
21
1.1990799999999999
0
LINE
8
BLACK
6
CONTINUOUS
10
0.2629427165354331
20
1.1990799999999999
11
0.265295905511811
21
1.198814842519685
0
LINE
8
BLACK
6
CONTINUOUS
10
0.265295905511811
20
1.198814842519685
11
0.2663375590551181
21
1.1986974803149606
0
LINE
8
BLACK
6
CONTINUOUS
10
0.2663375590551181
20
1.1986974803149606
11
0.2689144488188976
21
1.1976146062992126
0
LINE
8
BLACK
6
CONTINUOUS
10
0.2689144488188976
20
1.1976146062992126
11
0.2692897637795276
21
1.1972757480314959
0
LINE
8
BLACK
6
CONTINUOUS
10
0.2692897637795276
20
1.1972757480314959
11
0.2723295669291338
21
1.194235905511811
0
LINE
8
BLACK
6
CONTINUOUS
10
0.2723295669291338
20
1.194235905511811
11
0.273669094488189
21
1.1917827952755906
0
LINE
8
BLACK
6
CONTINUOUS
10
0.273669094488189
20
1.1917827952755906
11
0.2734697244094488
21
1.1889947637795275
0
LINE
8
BLACK
6
CONTINUOUS
10
0.2734697244094488
20
1.1889947637795275
11
0.2717946850393701
21
1.186757125984252
0
LINE
8
BLACK
6
CONTINUOUS
10
0.2717946850393701
20
1.186757125984252
11
0.2691757874015748
21
1.1857803149606299
0
LINE
8
BLACK
6
CONTINUOUS
10
0.2691757874015748
20
1.1857803149606299
11
0.2688218503937008
21
1.1857676771653543
0
LINE
8
BLACK
6
CONTINUOUS
10
0.2688218503937008
20
1.1857676771653543
11
0.2187591338582677
21
1.1857676771653543
0
LINE
8
BLACK
6
CONTINUOUS
10
0.2187591338582677
20
1.1857676771653543
11
0.2150667716535433
21
1.1851829133858267
0
LINE
8
BLACK
6
CONTINUOUS
10
0.2150667716535433
20
1.1851829133858267
11
0.2145674803149606
21
1.1849285039370079
0
LINE
8
BLACK
6
CONTINUOUS
10
0.2145674803149606
20
1.1849285039370079
11
0.2106164173228346
21
1.1829153543307087
0
LINE
8
BLACK
6
CONTINUOUS
10
0.2106164173228346
20
1.1829153543307087
11
0.2070846062992126
21
1.1793835433070865
0
LINE
8
BLACK
6
CONTINUOUS
10
0.2070846062992126
20
1.1793835433070865
11
0.2048170866141732
21
1.1749332283464566
0
LINE
8
BLACK
6
CONTINUOUS
10
0.2048170866141732
20
1.1749332283464566
11
0.204717874015748
21
1.1746278346456693
0
LINE
8
BLACK
6
CONTINUOUS
10
0.204717874015748
20
1.1746278346456693
11
0.2031401968503937
21
1.1723205118110236
0
LINE
8
BLACK
6
CONTINUOUS
10
0.2031401968503937
20
1.1723205118110236
11
0.2005655511811024
21
1.171232401574803
0
LINE
8
BLACK
6
CONTINUOUS
10
0.2005655511811024
20
1.171232401574803
11
0.1978113385826772
21
1.1717089763779527
0
LINE
8
BLACK
6
CONTINUOUS
10
0.1978113385826772
20
1.1717089763779527
11
0.1957520078740158
21
1.1735989370078741
0
LINE
8
BLACK
6
CONTINUOUS
10
0.1957520078740158
20
1.1735989370078741
11
0.195282125984252
21
1.1746278346456693
0
LINE
8
BLACK
6
CONTINUOUS
10
0.195282125984252
20
1.1746278346456693
11
0.1951829133858268
21
1.1749329527559056
0
LINE
8
BLACK
6
CONTINUOUS
10
0.1951829133858268
20
1.1749329527559056
11
0.1951829133858268
21
1.1749332283464566
0
LINE
8
BLACK
6
CONTINUOUS
10
0.1951829133858268
20
1.1749332283464566
11
0.1929153543307087
21
1.1793835433070865
0
LINE
8
BLACK
6
CONTINUOUS
10
0.1929153543307087
20
1.1793835433070865
11
0.1893835433070866
21
1.1829153543307087
0
LINE
8
BLACK
6
CONTINUOUS
10
0.1893835433070866
20
1.1829153543307087
11
0.1849332283464567
21
1.1851829133858267
0
LINE
8
BLACK
6
CONTINUOUS
10
0.1849332283464567
20
1.1851829133858267
11
0.181240905511811
21
1.185767716535433
0
LINE
8
BLACK
6
CONTINUOUS
10
0.181240905511811
20
1.185767716535433
11
0.1187591338582677
21
1.1857676771653543
0
LINE
8
BLACK
6
CONTINUOUS
10
0.1187591338582677
20
1.1857676771653543
11
0.1150667716535433
21
1.1851829133858267
0
LINE
8
BLACK
6
CONTINUOUS
10
0.1150667716535433
20
1.1851829133858267
11
0.1145674803149606
21
1.1849285039370079
0
LINE
8
BLACK
6
CONTINUOUS
10
0.1145674803149606
20
1.1849285039370079
11
0.1106164173228346
21
1.1829153543307087
0
LINE
8
BLACK
6
CONTINUOUS
10
0.1106164173228346
20
1.1829153543307087
11
0.1070846062992126
21
1.1793835433070865
0
LINE
8
BLACK
6
CONTINUOUS
10
0.1070846062992126
20
1.1793835433070865
11
0.1065041732283465
21
1.1782443307086614
0
LINE
8
BLACK
6
CONTINUOUS
10
0.1065041732283465
20
1.1782443307086614
11
0.1048170866141732
21
1.1749332283464566
0
LINE
8
BLACK
6
CONTINUOUS
10
0.1048170866141732
20
1.1749332283464566
11
0.1042322834645669
21
1.1712409055118109
0
LINE
8
BLACK
6
CONTINUOUS
10
0.1042322834645669
20
1.1712409055118109
11
0.1042322834645669
21
1.1712408661417322
0
LINE
8
BLACK
6
CONTINUOUS
10
0.1042322834645669
20
1.1712408661417322
11
0.1042322834645669
21
1.1712407480314961
0
LINE
8
BLACK
6
CONTINUOUS
10
0.1042322834645669
20
1.1712407480314961
11
0.1042322834645669
21
1.1087591732283464
0
LINE
8
BLACK
6
CONTINUOUS
10
0.1042322834645669
20
1.1087591732283464
11
0.1048170472440945
21
1.1050668110236219
0
LINE
8
BLACK
6
CONTINUOUS
10
0.1048170472440945
20
1.1050668110236219
11
0.1070846062992126
21
1.1006164173228346
0
LINE
8
BLACK
6
CONTINUOUS
10
0.1070846062992126
20
1.1006164173228346
11
0.1106164173228346
21
1.0970846062992126
0
LINE
8
BLACK
6
CONTINUOUS
10
0.1106164173228346
20
1.0970846062992126
11
0.1150668503937008
21
1.0948170078740158
0
LINE
8
BLACK
6
CONTINUOUS
10
0.1150668503937008
20
1.0948170078740158
11
0.1153722047244094
21
1.0947178346456692
0
LINE
8
BLACK
6
CONTINUOUS
10
0.1153722047244094
20
1.0947178346456692
11
0.1176795275590551
21
1.093140157480315
0
LINE
8
BLACK
6
CONTINUOUS
10
0.1176795275590551
20
1.093140157480315
11
0.1187675984251969
21
1.0905654724409448
0
LINE
8
BLACK
6
CONTINUOUS
10
0.1187675984251969
20
1.0905654724409448
11
0.1182909448818898
21
1.0878112598425196
0
LINE
8
BLACK
6
CONTINUOUS
10
0.1182909448818898
20
1.0878112598425196
11
0.1164009448818898
21
1.085751968503937
0
LINE
8
BLACK
6
CONTINUOUS
10
0.1164009448818898
20
1.085751968503937
11
0.1153722047244094
21
1.0852821653543308
0
LINE
8
BLACK
6
CONTINUOUS
10
0.1153722047244094
20
1.0852821653543308
11
0.1150668503937008
21
1.0851829527559056
0
LINE
8
BLACK
6
CONTINUOUS
10
0.1150668503937008
20
1.0851829527559056
11
0.1106164173228346
21
1.0829153543307086
0
LINE
8
BLACK
6
CONTINUOUS
10
0.1106164173228346
20
1.0829153543307086
11
0.1070846062992126
21
1.0793835433070866
0
LINE
8
BLACK
6
CONTINUOUS
10
0.1070846062992126
20
1.0793835433070866
11
0.106158937007874
21
1.0775667716535433
0
LINE
8
BLACK
6
CONTINUOUS
10
0.106158937007874
20
1.0775667716535433
11
0.1048170866141732
21
1.0749332283464568
0
LINE
8
BLACK
6
CONTINUOUS
10
0.1048170866141732
20
1.0749332283464568
11
0.1042322834645669
21
1.0712409055118111
0
LINE
8
BLACK
6
CONTINUOUS
10
0.1042322834645669
20
1.0712409055118111
11
0.1042322834645669
21
1.0712408661417323
0
LINE
8
BLACK
6
CONTINUOUS
10
0.1042322834645669
20
1.0712408661417323
11
0.1042322834645669
21
1.071240748031496
0
LINE
8
BLACK
6
CONTINUOUS
10
0.1042322834645669
20
1.071240748031496
11
0.1042322834645669
21
1.0087591732283465
0
LINE
8
BLACK
6
CONTINUOUS
10
0.1042322834645669
20
1.0087591732283465
11
0.1048170472440945
21
1.0050668110236221
0
LINE
8
BLACK
6
CONTINUOUS
10
0.1048170472440945
20
1.0050668110236221
11
0.1070846062992126
21
1.0006164173228347
0
LINE
8
BLACK
6
CONTINUOUS
10
0.1070846062992126
20
1.0006164173228347
11
0.1106164173228346
21
0.9970846062992126
0
LINE
8
BLACK
6
CONTINUOUS
10
0.1106164173228346
20
0.9970846062992126
11
0.1150668503937008
21
0.9948170078740157
0
LINE
8
BLACK
6
CONTINUOUS
10
0.1150668503937008
20
0.9948170078740157
11
0.1153722047244094
21
0.9947178346456693
0
LINE
8
BLACK
6
CONTINUOUS
10
0.1153722047244094
20
0.9947178346456693
11
0.1176795275590551
21
0.9931401574803149
0
LINE
8
BLACK
6
CONTINUOUS
10
0.1176795275590551
20
0.9931401574803149
11
0.1187675984251969
21
0.9905654724409448
0
LINE
8
BLACK
6
CONTINUOUS
10
0.1187675984251969
20
0.9905654724409448
11
0.1182909448818898
21
0.9878112598425197
0
LINE
8
BLACK
6
CONTINUOUS
10
0.1182909448818898
20
0.9878112598425197
11
0.1164009448818898
21
0.985751968503937
0
LINE
8
BLACK
6
CONTINUOUS
10
0.1164009448818898
20
0.985751968503937
11
0.1153722047244094
21
0.9852821653543307
0
LINE
8
BLACK
6
CONTINUOUS
10
0.1153722047244094
20
0.9852821653543307
11
0.1150668503937008
21
0.9851829527559055
0
LINE
8
BLACK
6
CONTINUOUS
10
0.1150668503937008
20
0.9851829527559055
11
0.1106164173228346
21
0.9829153543307086
0
LINE
8
BLACK
6
CONTINUOUS
10
0.1106164173228346
20
0.9829153543307086
11
0.1070846062992126
21
0.9793835433070865
0
LINE
8
BLACK
6
CONTINUOUS
10
0.1070846062992126
20
0.9793835433070865
11
0.1061252362204724
21
0.9775006299212599
0
LINE
8
BLACK
6
CONTINUOUS
10
0.1061252362204724
20
0.9775006299212599
11
0.1048170866141732
21
0.9749332283464567
0
LINE
8
BLACK
6
CONTINUOUS
10
0.1048170866141732
20
0.9749332283464567
11
0.1042322834645669
21
0.971240905511811
0
LINE
8
BLACK
6
CONTINUOUS
10
0.1042322834645669
20
0.971240905511811
11
0.1042322834645669
21
0.9712408661417322
0
LINE
8
BLACK
6
CONTINUOUS
10
0.1042322834645669
20
0.9712408661417322
11
0.1042322834645669
21
0.9712407480314961
0
LINE
8
BLACK
6
CONTINUOUS
10
0.1042322834645669
20
0.9712407480314961
11
0.1042322834645669
21
0.9087591732283464
0
LINE
8
BLACK
6
CONTINUOUS
10
0.1042322834645669
20
0.9087591732283464
11
0.1048170472440945
21
0.9050668110236221
0
LINE
8
BLACK
6
CONTINUOUS
10
0.1048170472440945
20
0.9050668110236221
11
0.1070846062992126
21
0.9006164173228346
0
LINE
8
BLACK
6
CONTINUOUS
10
0.1070846062992126
20
0.9006164173228346
11
0.1106164173228346
21
0.8970846062992126
0
LINE
8
BLACK
6
CONTINUOUS
10
0.1106164173228346
20
0.8970846062992126
11
0.1150668503937008
21
0.8948170078740157
0
LINE
8
BLACK
6
CONTINUOUS
10
0.1150668503937008
20
0.8948170078740157
11
0.1153722047244094
21
0.8947178346456692
0
LINE
8
BLACK
6
CONTINUOUS
10
0.1153722047244094
20
0.8947178346456692
11
0.1176795275590551
21
0.8931401574803149
0
LINE
8
BLACK
6
CONTINUOUS
10
0.1176795275590551
20
0.8931401574803149
11
0.1187675984251969
21
0.8905654724409449
0
LINE
8
BLACK
6
CONTINUOUS
10
0.1187675984251969
20
0.8905654724409449
11
0.1182909448818898
21
0.8878112598425196
0
LINE
8
BLACK
6
CONTINUOUS
10
0.1182909448818898
20
0.8878112598425196
11
0.1164009448818898
21
0.885751968503937
0
LINE
8
BLACK
6
CONTINUOUS
10
0.1164009448818898
20
0.885751968503937
11
0.1153722047244094
21
0.8852821653543307
0
LINE
8
BLACK
6
CONTINUOUS
10
0.1153722047244094
20
0.8852821653543307
11
0.1150668503937008
21
0.8851829527559055
0
LINE
8
BLACK
6
CONTINUOUS
10
0.1150668503937008
20
0.8851829527559055
11
0.1106164173228346
21
0.8829153543307087
0
LINE
8
BLACK
6
CONTINUOUS
10
0.1106164173228346
20
0.8829153543307087
11
0.1070846062992126
21
0.8793835433070866
0
LINE
8
BLACK
6
CONTINUOUS
10
0.1070846062992126
20
0.8793835433070866
11
0.1058108267716535
21
0.8768835433070866
0
LINE
8
BLACK
6
CONTINUOUS
10
0.1058108267716535
20
0.8768835433070866
11
0.1048170866141732
21
0.8749332283464567
0
LINE
8
BLACK
6
CONTINUOUS
10
0.1048170866141732
20
0.8749332283464567
11
0.1042322834645669
21
0.871240905511811
0
LINE
8
BLACK
6
CONTINUOUS
10
0.1042322834645669
20
0.871240905511811
11
0.1042322834645669
21
0.8712408661417322
0
LINE
8
BLACK
6
CONTINUOUS
10
0.1042322834645669
20
0.8712408661417322
11
0.1042322834645669
21
0.8712407480314961
0
LINE
8
BLACK
6
CONTINUOUS
10
0.1042322834645669
20
0.8712407480314961
11
0.1042322834645669
21
0.8087591732283465
0
LINE
8
BLACK
6
CONTINUOUS
10
0.1042322834645669
20
0.8087591732283465
11
0.1048170472440945
21
0.805066811023622
0
LINE
8
BLACK
6
CONTINUOUS
10
0.1048170472440945
20
0.805066811023622
11
0.1070846062992126
21
0.8006164173228346
0
LINE
8
BLACK
6
CONTINUOUS
10
0.1070846062992126
20
0.8006164173228346
11
0.1106164173228346
21
0.7970846062992126
0
LINE
8
BLACK
6
CONTINUOUS
10
0.1106164173228346
20
0.7970846062992126
11
0.1150668503937008
21
0.7948170078740158
0
LINE
8
BLACK
6
CONTINUOUS
10
0.1150668503937008
20
0.7948170078740158
11
0.1153722047244094
21
0.7947178346456693
0
LINE
8
BLACK
6
CONTINUOUS
10
0.1153722047244094
20
0.7947178346456693
11
0.1176795275590551
21
0.793140157480315
0
LINE
8
BLACK
6
CONTINUOUS
10
0.1176795275590551
20
0.793140157480315
11
0.1187675984251969
21
0.7905654724409449
0
LINE
8
BLACK
6
CONTINUOUS
10
0.1187675984251969
20
0.7905654724409449
11
0.1182909448818898
21
0.7878112598425197
0
LINE
8
BLACK
6
CONTINUOUS
10
0.1182909448818898
20
0.7878112598425197
11
0.1164009448818898
21
0.785751968503937
0
LINE
8
BLACK
6
CONTINUOUS
10
0.1164009448818898
20
0.785751968503937
11
0.1153722047244094
21
0.7852821653543307
0
LINE
8
BLACK
6
CONTINUOUS
10
0.1153722047244094
20
0.7852821653543307
11
0.1150668503937008
21
0.7851829527559054
0
LINE
8
BLACK
6
CONTINUOUS
10
0.1150668503937008
20
0.7851829527559054
11
0.1106164173228346
21
0.7829153543307087
0
LINE
8
BLACK
6
CONTINUOUS
10
0.1106164173228346
20
0.7829153543307087
11
0.1070846062992126
21
0.7793835433070866
0
LINE
8
BLACK
6
CONTINUOUS
10
0.1070846062992126
20
0.7793835433070866
11
0.1055632677165354
21
0.7763977165354331
0
LINE
8
BLACK
6
CONTINUOUS
10
0.1055632677165354
20
0.7763977165354331
11
0.1048170866141732
21
0.7749332283464567
0
LINE
8
BLACK
6
CONTINUOUS
10
0.1048170866141732
20
0.7749332283464567
11
0.1042322834645669
21
0.771240905511811
0
LINE
8
BLACK
6
CONTINUOUS
10
0.1042322834645669
20
0.771240905511811
11
0.1042322834645669
21
0.7712408661417323
0
LINE
8
BLACK
6
CONTINUOUS
10
0.1042322834645669
20
0.7712408661417323
11
0.1042322834645669
21
0.771240748031496
0
LINE
8
BLACK
6
CONTINUOUS
10
0.1042322834645669
20
0.771240748031496
11
0.1042322834645669
21
0.7087591732283465
0
LINE
8
BLACK
6
CONTINUOUS
10
0.1042322834645669
20
0.7087591732283465
11
0.1048170472440945
21
0.705066811023622
0
LINE
8
BLACK
6
CONTINUOUS
10
0.1048170472440945
20
0.705066811023622
11
0.1070846062992126
21
0.7006164173228346
0
LINE
8
BLACK
6
CONTINUOUS
10
0.1070846062992126
20
0.7006164173228346
11
0.1106164173228346
21
0.6970846062992125
0
LINE
8
BLACK
6
CONTINUOUS
10
0.1106164173228346
20
0.6970846062992125
11
0.1150668503937008
21
0.6948170078740157
0
LINE
8
BLACK
6
CONTINUOUS
10
0.1150668503937008
20
0.6948170078740157
11
0.1153722047244094
21
0.6947178346456693
0
LINE
8
BLACK
6
CONTINUOUS
10
0.1153722047244094
20
0.6947178346456693
11
0.1176795275590551
21
0.693140157480315
0
LINE
8
BLACK
6
CONTINUOUS
10
0.1176795275590551
20
0.693140157480315
11
0.1187675984251969
21
0.6905654724409449
0
LINE
8
BLACK
6
CONTINUOUS
10
0.1187675984251969
20
0.6905654724409449
11
0.1182909448818898
21
0.6878112598425197
0
LINE
8
BLACK
6
CONTINUOUS
10
0.1182909448818898
20
0.6878112598425197
11
0.1164009448818898
21
0.6857519685039369
0
LINE
8
BLACK
6
CONTINUOUS
10
0.1164009448818898
20
0.6857519685039369
11
0.1153722047244094
21
0.6852821653543307
0
LINE
8
BLACK
6
CONTINUOUS
10
0.1153722047244094
20
0.6852821653543307
11
0.1150668503937008
21
0.6851829527559055
0
LINE
8
BLACK
6
CONTINUOUS
10
0.1150668503937008
20
0.6851829527559055
11
0.1106164173228346
21
0.6829153543307086
0
LINE
8
BLACK
6
CONTINUOUS
10
0.1106164173228346
20
0.6829153543307086
11
0.1070846062992126
21
0.6793835433070866
0
LINE
8
BLACK
6
CONTINUOUS
10
0.1070846062992126
20
0.6793835433070866
11
0.1055632677165354
21
0.676397716535433
0
LINE
8
BLACK
6
CONTINUOUS
10
0.1055632677165354
20
0.676397716535433
11
0.1048170866141732
21
0.6749332283464566
0
LINE
8
BLACK
6
CONTINUOUS
10
0.1048170866141732
20
0.6749332283464566
11
0.1042322834645669
21
0.671240905511811
0
LINE
8
BLACK
6
CONTINUOUS
10
0.1042322834645669
20
0.671240905511811
11
0.1042322834645669
21
0.6712408661417323
0
LINE
8
BLACK
6
CONTINUOUS
10
0.1042322834645669
20
0.6712408661417323
11
0.1042322834645669
21
0.671240748031496
0
LINE
8
BLACK
6
CONTINUOUS
10
0.1042322834645669
20
0.671240748031496
11
0.1042322834645669
21
0.6087591732283465
0
LINE
8
BLACK
6
CONTINUOUS
10
0.1042322834645669
20
0.6087591732283465
11
0.1048170472440945
21
0.605066811023622
0
LINE
8
BLACK
6
CONTINUOUS
10
0.1048170472440945
20
0.605066811023622
11
0.1070846062992126
21
0.6006164173228347
0
LINE
8
BLACK
6
CONTINUOUS
10
0.1070846062992126
20
0.6006164173228347
11
0.1106164173228346
21
0.5970846062992126
0
LINE
8
BLACK
6
CONTINUOUS
10
0.1106164173228346
20
0.5970846062992126
11
0.1150668503937008
21
0.5948170078740157
0
LINE
8
BLACK
6
CONTINUOUS
10
0.1150668503937008
20
0.5948170078740157
11
0.1153722047244094
21
0.5947178346456693
0
LINE
8
BLACK
6
CONTINUOUS
10
0.1153722047244094
20
0.5947178346456693
11
0.1176795275590551
21
0.5931401574803149
0
LINE
8
BLACK
6
CONTINUOUS
10
0.1176795275590551
20
0.5931401574803149
11
0.1187675984251969
21
0.5905654724409448
0
LINE
8
BLACK
6
CONTINUOUS
10
0.1187675984251969
20
0.5905654724409448
11
0.1182909448818898
21
0.5878112598425197
0
LINE
8
BLACK
6
CONTINUOUS
10
0.1182909448818898
20
0.5878112598425197
11
0.1164009448818898
21
0.585751968503937
0
LINE
8
BLACK
6
CONTINUOUS
10
0.1164009448818898
20
0.585751968503937
11
0.1153722047244094
21
0.5852821653543306
0
LINE
8
BLACK
6
CONTINUOUS
10
0.1153722047244094
20
0.5852821653543306
11
0.1150668503937008
21
0.5851829527559055
0
LINE
8
BLACK
6
CONTINUOUS
10
0.1150668503937008
20
0.5851829527559055
11
0.1106164173228346
21
0.5829153543307086
0
LINE
8
BLACK
6
CONTINUOUS
10
0.1106164173228346
20
0.5829153543307086
11
0.1070846062992126
21
0.5793835433070866
0
LINE
8
BLACK
6
CONTINUOUS
10
0.1070846062992126
20
0.5793835433070866
11
0.1055632677165354
21
0.576397716535433
0
LINE
8
BLACK
6
CONTINUOUS
10
0.1055632677165354
20
0.576397716535433
11
0.1048170866141732
21
0.5749332283464567
0
LINE
8
BLACK
6
CONTINUOUS
10
0.1048170866141732
20
0.5749332283464567
11
0.1042322834645669
21
0.5712409055118111
0
LINE
8
BLACK
6
CONTINUOUS
10
0.1042322834645669
20
0.5712409055118111
11
0.1042322834645669
21
0.5712408661417323
0
LINE
8
BLACK
6
CONTINUOUS
10
0.1042322834645669
20
0.5712408661417323
11
0.1042322834645669
21
0.571240748031496
0
LINE
8
BLACK
6
CONTINUOUS
10
0.1042322834645669
20
0.571240748031496
11
0.1042322834645669
21
0.5087591732283464
0
LINE
8
BLACK
6
CONTINUOUS
10
0.1042322834645669
20
0.5087591732283464
11
0.1048170472440945
21
0.5050668110236221
0
CIRCLE
8
BLACK
10
0.2
20
0.2
40
0.0068897637795276
0
CIRCLE
8
BLACK
10
1.3999999999999999
20
0.2
40
0.0068897637795276
0
CIRCLE
8
BLACK
10
1.3999999999999999
20
1.3999999999999999
40
0.0068897637795276
0
CIRCLE
8
BLACK
10
0.2
20
1.3999999999999999
40
0.0068897637795276
0
CIRCLE
8
BLACK
10
0.67
20
0.2131496062992126
40
0.0068897637795276
0
CIRCLE
8
BLACK
10
0.67
20
0.41
40
0.0068897637795276
0
CIRCLE
8
BLACK
10
0.47
20
0.2131496062992126
40
0.0068897637795276
0
CIRCLE
8
BLACK
10
0.47
20
0.41
40
0.0068897637795276
0
CIRCLE
8
BLACK
10
0.15
20
1.1399999999999999
40
0.0068897637795276
0
CIRCLE
8
BLACK
10
0.25
20
1.1399999999999999
40
0.0068897637795276
0
CIRCLE
8
BLACK
10
0.52
20
1.3699999999999999
40
0.0068897637795276
0
CIRCLE
8
BLACK
10
0.52
20
1.47
40
0.0068897637795276
0
CIRCLE
8
BLACK
10
0.15
20
0.54
40
0.0068897637795276
0
CIRCLE
8
BLACK
10
0.25
20
0.54
40
0.0068897637795276
0
CIRCLE
8
BLACK
10
0.15
20
0.64
40
0.0068897637795276
0
CIRCLE
8
BLACK
10
0.25
20
0.64
40
0.0068897637795276
0
CIRCLE
8
BLACK
10
0.15
20
0.74
40
0.0068897637795276
0
CIRCLE
8
BLACK
10
0.25
20
0.74
40
0.0068897637795276
0
CIRCLE
8
BLACK
10
0.15
20
0.84
40
0.0068897637795276
0
CIRCLE
8
BLACK
10
0.25
20
0.84
40
0.0068897637795276
0
CIRCLE
8
BLACK
10
0.15
20
0.9399999999999999
40
0.0068897637795276
0
CIRCLE
8
BLACK
10
0.25
20
0.9399999999999999
40
0.0068897637795276
0
CIRCLE
8
BLACK
10
0.15
20
1.04
40
0.0068897637795276
0
CIRCLE
8
BLACK
10
0.25
20
1.04
40
0.0068897637795276
0
CIRCLE
8
BLACK
10
0.72
20
1.3699999999999999
40
0.0068897637795276
0
CIRCLE
8
BLACK
10
0.72
20
1.47
40
0.0068897637795276
0
CIRCLE
8
BLACK
10
0.62
20
1.3699999999999999
40
0.0068897637795276
0
CIRCLE
8
BLACK
10
0.62
20
1.47
40
0.0068897637795276
0
CIRCLE
8
BLACK
10
0.85
20
0.14
40
0.0068897637795276
0
CIRCLE
8
BLACK
10
0.85
20
0.24
40
0.0068897637795276
0
CIRCLE
8
BLACK
10
0.95
20
0.14
40
0.0068897637795276
0
CIRCLE
8
BLACK
10
0.95
20
0.24
40
0.0068897637795276
0
CIRCLE
8
BLACK
10
1.05
20
0.14
40
0.0068897637795276
0
CIRCLE
8
BLACK
10
1.05
20
0.24
40
0.0068897637795276
0
CIRCLE
8
BLACK
10
1.1499999999999999
20
0.14
40
0.0068897637795276
0
CIRCLE
8
BLACK
10
1.1499999999999999
20
0.24
40
0.0068897637795276
0
CIRCLE
8
BLACK
10
1.3499999999999999
20
0.73
40
0.0068897637795276
0
CIRCLE
8
BLACK
10
1.45
20
0.73
40
0.0068897637795276
0
CIRCLE
8
BLACK
10
1.3499999999999999
20
0.63
40
0.0068897637795276
0
CIRCLE
8
BLACK
10
1.45
20
0.63
40
0.0068897637795276
0
CIRCLE
8
BLACK
10
1.3499999999999999
20
0.53
40
0.0068897637795276
0
CIRCLE
8
BLACK
10
1.45
20
0.53
40
0.0068897637795276
0
CIRCLE
8
BLACK
10
1.3499999999999999
20
0.43
40
0.0068897637795276
0
CIRCLE
8
BLACK
10
1.45
20
0.43
40
0.0068897637795276
0
CIRCLE
8
BLACK
10
1.3499999999999999
20
1.1699999999999999
40
0.0068897637795276
0
CIRCLE
8
BLACK
10
1.45
20
1.1699999999999999
40
0.0068897637795276
0
CIRCLE
8
BLACK
10
1.3499999999999999
20
1.0700000000000001
40
0.0068897637795276
0
CIRCLE
8
BLACK
10
1.45
20
1.0700000000000001
40
0.0068897637795276
0
CIRCLE
8
BLACK
10
1.3499999999999999
20
0.97
40
0.0068897637795276
0
CIRCLE
8
BLACK
10
1.45
20
0.97
40
0.0068897637795276
0
CIRCLE
8
BLACK
10
1.3499999999999999
20
0.87
40
0.0068897637795276
0
CIRCLE
8
BLACK
10
1.45
20
0.87
40
0.0068897637795276
0
CIRCLE
8
BLACK
10
0.85
20
1.3499999999999999
40
0.0068897637795276
0
CIRCLE
8
BLACK
10
0.85
20
1.45
40
0.0068897637795276
0
CIRCLE
8
BLACK
10
0.95
20
1.3499999999999999
40
0.0068897637795276
0
CIRCLE
8
BLACK
10
0.95
20
1.45
40
0.0068897637795276
0
CIRCLE
8
BLACK
10
1.05
20
1.3499999999999999
40
0.0068897637795276
0
CIRCLE
8
BLACK
10
1.05
20
1.45
40
0.0068897637795276
0
CIRCLE
8
BLACK
10
1.1499999999999999
20
1.3499999999999999
40
0.0068897637795276
0
CIRCLE
8
BLACK
10
1.1499999999999999
20
1.45
40
0.0068897637795276
0
CIRCLE
8
BLACK
10
1.1199999999999999
20
0.85
40
0.0068897637795276
0
CIRCLE
8
BLACK
10
1.22
20
0.85
40
0.0068897637795276
0
CIRCLE
8
BLACK
10
0.15
20
0.44
40
0.0068897637795276
0
CIRCLE
8
BLACK
10
0.25
20
0.44
40
0.0068897637795276
0
CIRCLE
8
BLACK
10
0.6927362204724409
20
0.789251968503937
40
0.0068897637795276
0
CIRCLE
8
BLACK
10
0.740236220472441
20
0.789251968503937
40
0.0068897637795276
0
CIRCLE
8
BLACK
10
0.787736220472441
20
0.789251968503937
40
0.0068897637795276
0
CIRCLE
8
BLACK
10
0.6927362204724409
20
0.829251968503937
40
0.0068897637795276
0
CIRCLE
8
BLACK
10
0.740236220472441
20
0.829251968503937
40
0.0068897637795276
0
CIRCLE
8
BLACK
10
0.787736220472441
20
0.829251968503937
40
0.0068897637795276
0
CIRCLE
8
BLACK
10
0.6927362204724409
20
0.8692519685039369
40
0.0068897637795276
0
CIRCLE
8
BLACK
10
0.740236220472441
20
0.8692519685039369
40
0.0068897637795276
0
CIRCLE
8
BLACK
10
0.787736220472441
20
0.8692519685039369
40
0.0068897637795276
0
CIRCLE
8
BLACK
10
0.6927362204724409
20
0.909251968503937
40
0.0068897637795276
0
CIRCLE
8
BLACK
10
0.740236220472441
20
0.909251968503937
40
0.0068897637795276
0
CIRCLE
8
BLACK
10
0.787736220472441
20
0.909251968503937
40
0.0068897637795276
0
CIRCLE
8
BLACK
10
0.6927362204724409
20
0.949251968503937
40
0.0068897637795276
0
CIRCLE
8
BLACK
10
0.740236220472441
20
0.949251968503937
40
0.0068897637795276
0
CIRCLE
8
BLACK
10
0.7872362204724409
20
0.949251968503937
40
0.0068897637795276
0
CIRCLE
8
BLACK
10
0.74
20
0.74
40
0.0078740157480315
0
CIRCLE
8
BLACK
10
1.23
20
1.46
40
0.0078740157480315
0
CIRCLE
8
BLACK
10
1.0900000000000001
20
1.54
40
0.0078740157480315
0
CIRCLE
8
BLACK
10
1.2
20
1.25
40
0.0078740157480315
0
CIRCLE
8
BLACK
10
0.71
20
1.1599999999999999
40
0.0078740157480315
0
CIRCLE
8
BLACK
10
0.73
20
0.1
40
0.0078740157480315
0
CIRCLE
8
BLACK
10
0.77
20
1.28
40
0.0078740157480315
0
CIRCLE
8
BLACK
10
1.3
20
1.25
40
0.0078740157480315
0
CIRCLE
8
BLACK
10
0.78
20
0.74
40
0.0078740157480315
0
CIRCLE
8
BLACK
10
1.54
20
0.57
40
0.0078740157480315
0
CIRCLE
8
BLACK
10
1.1499999999999999
20
1.29
40
0.0078740157480315
0
CIRCLE
8
BLACK
10
0.99
20
1.54
40
0.0078740157480315
0
CIRCLE
8
BLACK
10
0.24
20
0.38
40
0.0078740157480315
0
CIRCLE
8
BLACK
10
0.28
20
0.3800000787401575
40
0.0078740157480315
0
CIRCLE
8
BLACK
10
0.74
20
0.6899999999999999
40
0.0078740157480315
0
CIRCLE
8
BLACK
10
0.74
20
1.
40
0.0078740157480315
0
CIRCLE
8
BLACK
10
0.24
20
0.34
40
0.0078740157480315
0
CIRCLE
8
BLACK
10
1.21
20
1.54
40
0.0078740157480315
0
CIRCLE
8
BLACK
10
1.1499999999999999
20
0.06
40
0.0078740157480315
0
CIRCLE
8
BLACK
10
0.71
20
0.06
40
0.0078740157480315
0
CIRCLE
8
BLACK
10
1.51
20
0.7999999999999999
40
0.0078740157480315
0
CIRCLE
8
BLACK
10
1.23
20
0.23
40
0.0078740157480315
0
CIRCLE
8
BLACK
10
0.7999999999999999
20
1.24
40
0.0078740157480315
0
CIRCLE
8
BLACK
10
0.32
20
0.36
40
0.0078740157480315
0
CIRCLE
8
BLACK
10
1.23
20
1.4099999999999999
40
0.0078740157480315
0
CIRCLE
8
BLACK
10
0.8218110236220473
20
1.28
40
0.0078740157480315
0
CIRCLE
8
BLACK
10
0.76
20
1.1199999999999999
40
0.0078740157480315
0
CIRCLE
8
BLACK
10
0.3
20
0.48
40
0.0078740157480315
0
CIRCLE
8
BLACK
10
1.54
20
0.41
40
0.0078740157480315
0
CIRCLE
8
BLACK
10
0.53
20
0.65
40
0.0078740157480315
0
CIRCLE
8
BLACK
10
0.78
20
0.26
40
0.0078740157480315
0
CIRCLE
8
BLACK
10
1.54
20
0.49
40
0.0078740157480315
0
CIRCLE
8
BLACK
10
1.4299999999999999
20
0.7999999999999999
40
0.0078740157480315
0
CIRCLE
8
BLACK
10
0.78
20
0.21
40
0.0078740157480315
0
CIRCLE
8
BLACK
10
0.9
20
0.44
40
0.0078740157480315
0
CIRCLE
8
BLACK
10
0.78
20
1.
40
0.0078740157480315
0
CIRCLE
8
BLACK
10
0.76
20
1.24
40
0.0078740157480315
0
CIRCLE
8
BLACK
10
1.54
20
1.1699999999999999
40
0.0078740157480315
0
CIRCLE
8
BLACK
10
0.58
20
0.65
40
0.0078740157480315
0
CIRCLE
8
BLACK
10
1.54
20
1.29
40
0.0078740157480315
0
CIRCLE
8
BLACK
10
1.53
20
0.75
40
0.0078740157480315
0
CIRCLE
8
BLACK
10
0.82
20
0.43
40
0.0078740157480315
0
CIRCLE
8
BLACK
10
0.63
20
0.6
40
0.0078740157480315
0
CIRCLE
8
BLACK
10
1.07999937007874
20
1.1099999999999999
40
0.0078740157480315
0
CIRCLE
8
BLACK
10
1.25
20
1.25
40
0.0078740157480315
0
CIRCLE
8
BLACK
10
0.49
20
0.61
40
0.0078740157480315
0
CIRCLE
8
BLACK
10
0.28
20
0.34
40
0.0078740157480315
0
CIRCLE
8
BLACK
10
1.25
20
0.6899999999999999
40
0.0078740157480315
0
CIRCLE
8
BLACK
10
0.49
20
0.52
40
0.0078740157480315
0
CIRCLE
8
BLACK
10
1.54
20
1.24
40
0.0078740157480315
0
CIRCLE
8
BLACK
10
0.4
20
0.54
40
0.0078740157480315
0
CIRCLE
8
BLACK
10
1.28
20
0.72
40
0.0078740157480315
0
CIRCLE
8
BLACK
10
0.3200002362204724
20
0.44
40
0.0078740157480315
0
CIRCLE
8
BLACK
10
0.79
20
0.06
40
0.0078740157480315
0
CIRCLE
8
BLACK
10
0.32
20
0.4
40
0.0078740157480315
0
CIRCLE
8
BLACK
10
0.7999999999999999
20
1.1599999999999999
40
0.0078740157480315
0
CIRCLE
8
BLACK
10
0.67
20
0.65
40
0.0078740157480315
0
CIRCLE
8
BLACK
10
1.28
20
0.78
40
0.0078740157480315
0
CIRCLE
8
BLACK
10
1.23
20
0.11
40
0.0078740157480315
0
CIRCLE
8
BLACK
10
1.53
20
0.71
40
0.0078740157480315
0
CIRCLE
8
BLACK
10
0.71
20
1.2
40
0.0078740157480315
0
CIRCLE
8
BLACK
10
1.23
20
1.3499999999999999
40
0.0078740157480315
0
CIRCLE
8
BLACK
10
1.54
20
0.61
40
0.0078740157480315
0
CIRCLE
8
BLACK
10
0.7
20
0.74
40
0.0078740157480315
0
CIRCLE
8
BLACK
10
1.23
20
0.19
40
0.0078740157480315
0
CIRCLE
8
BLACK
10
1.54
20
0.45
40
0.0078740157480315
0
CIRCLE
8
BLACK
10
0.7
20
1.04
40
0.0078740157480315
0
CIRCLE
8
BLACK
10
0.7
20
0.6899999999999999
40
0.0078740157480315
0
CIRCLE
8
BLACK
10
1.54
20
0.53
40
0.0078740157480315
0
CIRCLE
8
BLACK
10
1.22
20
0.46
40
0.0078740157480315
0
CIRCLE
8
BLACK
10
0.7
20
1.
40
0.0078740157480315
0
CIRCLE
8
BLACK
10
0.71
20
1.1199999999999999
40
0.0078740157480315
0
CIRCLE
8
BLACK
10
0.99
20
1.1299999999999999
40
0.0078740157480315
0
CIRCLE
8
BLACK
10
0.89
20
0.06
40
0.0078740157480315
0
CIRCLE
8
BLACK
10
1.3799999999999999
20
0.7999999999999999
40
0.0078740157480315
0
CIRCLE
8
BLACK
10
0.49
20
0.5599999999999999
40
0.0078740157480315
0
CIRCLE
8
BLACK
10
1.1499999999999999
20
1.25
40
0.0078740157480315
0
CIRCLE
8
BLACK
10
0.7999999999999999
20
1.2
40
0.0078740157480315
0
CIRCLE
8
BLACK
10
0.76
20
1.1599999999999999
40
0.0078740157480315
0
CIRCLE
8
BLACK
10
0.98
20
1.1799999999999999
40
0.0078740157480315
0
CIRCLE
8
BLACK
10
1.04
20
1.54
40
0.0078740157480315
0
CIRCLE
8
BLACK
10
0.7999999999999999
20
1.1199999999999999
40
0.0078740157480315
0
CIRCLE
8
BLACK
10
0.32
20
0.3199997637795275
40
0.0078740157480315
0
CIRCLE
8
BLACK
10
1.24
20
0.06
40
0.0078740157480315
0
CIRCLE
8
BLACK
10
0.74
20
1.04
40
0.0078740157480315
0
CIRCLE
8
BLACK
10
0.78
20
0.16
40
0.0078740157480315
0
CIRCLE
8
BLACK
10
1.23
20
0.15
40
0.0078740157480315
0
CIRCLE
8
BLACK
10
0.53
20
1.1599999999999999
40
0.0078740157480315
0
CIRCLE
8
BLACK
10
1.3300000000000001
20
0.7999999999999999
40
0.0078740157480315
0
CIRCLE
8
BLACK
10
0.71
20
1.0800000000000001
40
0.0078740157480315
0
CIRCLE
8
BLACK
10
0.78
20
0.6899999999999999
40
0.0078740157480315
0
CIRCLE
8
BLACK
10
1.1499999999999999
20
1.54
40
0.0078740157480315
0
CIRCLE
8
BLACK
10
1.47
20
0.7999999999999999
40
0.0078740157480315
0
CIRCLE
8
BLACK
10
0.54
20
0.52
40
0.0078740157480315
0
CIRCLE
8
BLACK
10
0.75
20
0.06
40
0.0078740157480315
0
CIRCLE
8
BLACK
10
0.86
20
1.53
40
0.0078740157480315
0
CIRCLE
8
BLACK
10
1.53
20
0.87
40
0.0078740157480315
0
CIRCLE
8
BLACK
10
1.2
20
0.06
40
0.0078740157480315
0
CIRCLE
8
BLACK
10
1.54
20
0.66
40
0.0078740157480315
0
CIRCLE
8
BLACK
10
0.78
20
0.1
40
0.0078740157480315
0
CIRCLE
8
BLACK
10
0.44
20
0.52
40
0.0078740157480315
0
CIRCLE
8
BLACK
10
0.2
20
0.38
40
0.0078740157480315
0
CIRCLE
8
BLACK
10
1.0999999999999999
20
1.05
40
0.0078740157480315
0
CIRCLE
8
BLACK
10
0.63
20
0.65
40
0.0078740157480315
0
CIRCLE
8
BLACK
10
1.23
20
0.29
40
0.0078740157480315
0
CIRCLE
8
BLACK
10
0.76
20
1.2
40
0.0078740157480315
0
CIRCLE
8
BLACK
10
0.9399999999999999
20
1.54
40
0.0078740157480315
0
CIRCLE
8
BLACK
10
0.67
20
0.6
40
0.0078740157480315
0
CIRCLE
8
BLACK
10
1.1499999999999999
20
0.45
40
0.0078740157480315
0
CIRCLE
8
BLACK
10
0.84
20
0.06
40
0.0078740157480315
0
CIRCLE
8
BLACK
10
0.79
20
0.32
40
0.0078740157480315
0
CIRCLE
8
BLACK
10
0.76
20
1.0800000000000001
40
0.0078740157480315
0
CIRCLE
8
BLACK
10
1.27
20
1.3
40
0.0078740157480315
0
CIRCLE
8
BLACK
10
1.23
20
1.3
40
0.0078740157480315
0
CIRCLE
8
BLACK
10
0.78
20
1.04
40
0.0078740157480315
0
CIRCLE
8
BLACK
10
1.29
20
0.46
40
0.0078740157480315
0
CIRCLE
8
BLACK
10
0.96
20
0.82
40
0.0078740157480315
0
CIRCLE
8
BLACK
10
0.27
20
1.23
40
0.0078740157480315
0
CIRCLE
8
BLACK
10
1.
20
0.9
40
0.0078740157480315
0
CIRCLE
8
BLACK
10
0.96
20
0.9
40
0.0078740157480315
0
CIRCLE
8
BLACK
10
0.9199999999999999
20
0.86
40
0.0078740157480315
0
CIRCLE
8
BLACK
10
1.04
20
0.86
40
0.0078740157480315
0
CIRCLE
8
BLACK
10
1.04
20
0.9
40
0.0078740157480315
0
CIRCLE
8
BLACK
10
1.04
20
0.52
40
0.0078740157480315
0
CIRCLE
8
BLACK
10
0.9199999999999999
20
0.82
40
0.0078740157480315
0
CIRCLE
8
BLACK
10
1.05
20
1.05
40
0.0078740157480315
0
CIRCLE
8
BLACK
10
1.
20
0.86
40
0.0078740157480315
0
CIRCLE
8
BLACK
10
1.
20
0.82
40
0.0078740157480315
0
CIRCLE
8
BLACK
10
0.96
20
0.86
40
0.0078740157480315
0
CIRCLE
8
BLACK
10
1.04
20
0.82
40
0.0078740157480315
0
CIRCLE
8
BLACK
10
0.9199999999999999
20
0.9
40
0.0078740157480315
  0
ENDSEC
  0
EOF
