  0
SECTION
  2
HEADER
  9
$ANGBASE
  50
0.0
  9
$ANGDIR
  70
1
  9
$MEASUREMENT
  70
0
  0
ENDSEC
  0
SECTION
  2
TABLES
  0
TABLE
  2
LTYPE
  70
4
  0
LTYPE
  5
40F
  2
CONTINUOUS
  70
0
  3
Solid line
  72
65
  73
0
  40
0.0
  0
LTYPE
  5
410
  2
DASHDOT
 70
0
  3
Dash Dot ____ _ ____ _
 72
65
 73
4
 40
2.0
 49
1.25
 49
-0.25
 49
0.25
 49
-0.25
  0
LTYPE
  5
411
  2
DASHED
 70
0
  3
Dashed __ __ __ __ __
 72
65
 73
2
 40
0.75
 49
0.5
 49
-0.25
  0
LTYPE
  5
43B
  2
DOTTED
 70
0
  3
Dotted .  .  .  .
 72
65
 73
2
 40
0.2
 49
0.0
 49
-0.2
  0
ENDTAB
  0
TABLE
  2
STYLE
  70
4
  0
STYLE
  2
KICAD
  70
0
  40
0
  41
1
  42
1
  50
0
  71
0
  3
isocp.shx
  0
STYLE
  2
KICADB
  70
0
  40
0
  41
1
  42
1
  50
0
  71
0
  3
isocp.shx
  0
STYLE
  2
KICADI
  70
0
  40
0
  41
1
  42
1
  50
15
  71
0
  3
isocp.shx
  0
STYLE
  2
KICADBI
  70
0
  40
0
  41
1
  42
1
  50
15
  71
0
  3
isocp.shx
  0
ENDTAB
  0
TABLE
  2
LAYER
  70
1
  0
LAYER
  2
BLACK
  70
0
  62
7
  6
CONTINUOUS
  0
ENDTAB
  0
ENDSEC
  0
SECTION
  2
ENTITIES
0
LINE
8
BLACK
6
CONTINUOUS
10
0.2748664173228346
20
1.2449772834645669
11
0.2792564566929134
21
1.242740433070866
0
LINE
8
BLACK
6
CONTINUOUS
10
0.2792564566929134
20
1.242740433070866
11
0.2827404330708662
21
1.2392564566929134
0
LINE
8
BLACK
6
CONTINUOUS
10
0.2827404330708662
20
1.2392564566929134
11
0.2849772834645669
21
1.2348664173228345
0
LINE
8
BLACK
6
CONTINUOUS
10
0.2849772834645669
20
1.2348664173228345
11
0.285748031496063
21
1.23
0
LINE
8
BLACK
6
CONTINUOUS
10
0.285748031496063
20
1.23
11
0.2851173622047244
21
1.2260181102362204
0
LINE
8
BLACK
6
CONTINUOUS
10
0.2851173622047244
20
1.2260181102362204
11
0.3455677952755906
21
1.1655677559055118
0
LINE
8
BLACK
6
CONTINUOUS
10
0.3455677952755906
20
1.1655677559055118
11
0.3462706299212598
21
1.1644491338582676
0
LINE
8
BLACK
6
CONTINUOUS
10
0.3462706299212598
20
1.1644491338582676
11
0.3470942519685039
21
1.1634164173228345
0
LINE
8
BLACK
6
CONTINUOUS
10
0.3470942519685039
20
1.1634164173228345
11
0.3471938976377953
21
1.1629798031496064
0
LINE
8
BLACK
6
CONTINUOUS
10
0.3471938976377953
20
1.1629798031496064
11
0.3474321653543307
21
1.1626006299212599
0
LINE
8
BLACK
6
CONTINUOUS
10
0.3474321653543307
20
1.1626006299212599
11
0.3475800393700788
21
1.1612879133858267
0
LINE
8
BLACK
6
CONTINUOUS
10
0.3475800393700788
20
1.1612879133858267
11
0.3478740157480315
21
1.1599999999999999
0
LINE
8
BLACK
6
CONTINUOUS
10
0.3478740157480315
20
1.1599999999999999
11
0.3478740157480315
21
0.5132614960629921
0
LINE
8
BLACK
6
CONTINUOUS
10
0.3478740157480315
20
0.5132614960629921
11
0.3709221259842519
21
0.4902133858267717
0
LINE
8
BLACK
6
CONTINUOUS
10
0.3709221259842519
20
0.4902133858267717
11
0.3716248818897638
21
0.4890949212598425
0
LINE
8
BLACK
6
CONTINUOUS
10
0.3716248818897638
20
0.4890949212598425
11
0.3724486220472441
21
0.4880620472440945
0
LINE
8
BLACK
6
CONTINUOUS
10
0.3724486220472441
20
0.4880620472440945
11
0.3725482677165354
21
0.4876254330708661
0
LINE
8
BLACK
6
CONTINUOUS
10
0.3725482677165354
20
0.4876254330708661
11
0.3727865354330708
21
0.4872462598425197
0
LINE
8
BLACK
6
CONTINUOUS
10
0.3727865354330708
20
0.4872462598425197
11
0.3729344094488189
21
0.4859335433070866
0
LINE
8
BLACK
6
CONTINUOUS
10
0.3729344094488189
20
0.4859335433070866
11
0.3732283858267716
21
0.4846456299212598
0
LINE
8
BLACK
6
CONTINUOUS
10
0.3732283858267716
20
0.4846456299212598
11
0.3732283858267716
21
0.127907125984252
0
LINE
8
BLACK
6
CONTINUOUS
10
0.3732283858267716
20
0.127907125984252
11
0.4032615354330709
21
0.0978740157480315
0
LINE
8
BLACK
6
CONTINUOUS
10
0.4032615354330709
20
0.0978740157480315
11
0.6343369291338583
21
0.0978740157480315
0
LINE
8
BLACK
6
CONTINUOUS
10
0.6343369291338583
20
0.0978740157480315
11
0.6621259842519684
21
0.1256630708661417
0
LINE
8
BLACK
6
CONTINUOUS
10
0.6621259842519684
20
0.1256630708661417
11
0.6621259842519684
21
0.1381496062992126
0
LINE
8
BLACK
6
CONTINUOUS
10
0.6621259842519684
20
0.1381496062992126
11
0.595
21
0.1381496062992126
0
LINE
8
BLACK
6
CONTINUOUS
10
0.595
20
0.1381496062992126
11
0.595
21
0.14
0
LINE
8
BLACK
6
CONTINUOUS
10
0.595
20
0.14
11
0.5949606299212599
21
0.14
0
LINE
8
BLACK
6
CONTINUOUS
10
0.5949606299212599
20
0.14
11
0.5922787007874015
21
0.1407874803149606
0
LINE
8
BLACK
6
CONTINUOUS
10
0.5922787007874015
20
0.1407874803149606
11
0.5904482677165355
21
0.1428999212598425
0
LINE
8
BLACK
6
CONTINUOUS
10
0.5904482677165355
20
0.1428999212598425
11
0.59
21
0.1449606299212598
0
LINE
8
BLACK
6
CONTINUOUS
10
0.59
20
0.1449606299212598
11
0.59
21
0.4879452755905512
0
LINE
8
BLACK
6
CONTINUOUS
10
0.59
20
0.4879452755905512
11
0.5907874803149606
21
0.4906272047244095
0
LINE
8
BLACK
6
CONTINUOUS
10
0.5907874803149606
20
0.4906272047244095
11
0.5914529527559055
21
0.4914529527559055
0
LINE
8
BLACK
6
CONTINUOUS
10
0.5914529527559055
20
0.4914529527559055
11
0.6627793307086614
21
0.5627793307086614
0
LINE
8
BLACK
6
CONTINUOUS
10
0.6627793307086614
20
0.5627793307086614
11
0.6652325590551181
21
0.564118937007874
0
LINE
8
BLACK
6
CONTINUOUS
10
0.6652325590551181
20
0.564118937007874
11
0.6662870078740157
21
0.5642322834645669
0
LINE
8
BLACK
6
CONTINUOUS
10
0.6662870078740157
20
0.5642322834645669
11
0.6737593307086615
21
0.5642322834645669
0
LINE
8
BLACK
6
CONTINUOUS
10
0.6737593307086615
20
0.5642322834645669
11
0.6811137007874015
21
0.5657955118110236
0
LINE
8
BLACK
6
CONTINUOUS
10
0.6811137007874015
20
0.5657955118110236
11
0.6879823622047244
21
0.5688536220472441
0
LINE
8
BLACK
6
CONTINUOUS
10
0.6879823622047244
20
0.5688536220472441
11
0.6882562204724409
21
0.5690525984251968
0
LINE
8
BLACK
6
CONTINUOUS
10
0.6882562204724409
20
0.5690525984251968
11
0.6908888188976378
21
0.5699919291338582
0
LINE
8
BLACK
6
CONTINUOUS
10
0.6908888188976378
20
0.5699919291338582
11
0.6911720078740158
21
0.57
0
LINE
8
BLACK
6
CONTINUOUS
10
0.6911720078740158
20
0.57
11
0.8700000393700787
21
0.57
0
LINE
8
BLACK
6
CONTINUOUS
10
0.8700000393700787
20
0.57
11
0.8999999606299213
21
0.5999999212598425
0
LINE
8
BLACK
6
CONTINUOUS
10
0.8999999606299213
20
0.5999999212598425
11
0.9
21
0.6
0
LINE
8
BLACK
6
CONTINUOUS
10
0.9
20
0.6
11
0.9
21
0.9150393700787401
0
LINE
8
BLACK
6
CONTINUOUS
10
0.9
20
0.9150393700787401
11
0.9007874803149606
21
0.9177212992125984
0
LINE
8
BLACK
6
CONTINUOUS
10
0.9007874803149606
20
0.9177212992125984
11
0.9028999212598425
21
0.9195517322834645
0
LINE
8
BLACK
6
CONTINUOUS
10
0.9028999212598425
20
0.9195517322834645
11
0.9049606299212598
21
0.9199999999999999
0
LINE
8
BLACK
6
CONTINUOUS
10
0.9049606299212598
20
0.9199999999999999
11
1.0440944881889764
21
0.9199999999999999
0
LINE
8
BLACK
6
CONTINUOUS
10
1.0440944881889764
20
0.9199999999999999
11
1.0440944881889764
21
1.0355521259842519
0
LINE
8
BLACK
6
CONTINUOUS
10
1.0440944881889764
20
1.0355521259842519
11
1.0407435433070866
21
1.0372595669291338
0
LINE
8
BLACK
6
CONTINUOUS
10
1.0407435433070866
20
1.0372595669291338
11
1.0372595669291338
21
1.0407435433070866
0
LINE
8
BLACK
6
CONTINUOUS
10
1.0372595669291338
20
1.0407435433070866
11
1.0350227165354331
21
1.0451335826771653
0
LINE
8
BLACK
6
CONTINUOUS
10
1.0350227165354331
20
1.0451335826771653
11
1.0342519685039371
21
1.05
0
LINE
8
BLACK
6
CONTINUOUS
10
1.0342519685039371
20
1.05
11
1.0350227165354331
21
1.0548664173228346
0
LINE
8
BLACK
6
CONTINUOUS
10
1.0350227165354331
20
1.0548664173228346
11
1.0372595669291338
21
1.0592564566929135
0
LINE
8
BLACK
6
CONTINUOUS
10
1.0372595669291338
20
1.0592564566929135
11
1.0407435433070866
21
1.0627404330708661
0
LINE
8
BLACK
6
CONTINUOUS
10
1.0407435433070866
20
1.0627404330708661
11
1.0451335826771653
21
1.064977283464567
0
LINE
8
BLACK
6
CONTINUOUS
10
1.0451335826771653
20
1.064977283464567
11
1.05
21
1.065748031496063
0
LINE
8
BLACK
6
CONTINUOUS
10
1.05
20
1.065748031496063
11
1.0548664173228346
21
1.064977283464567
0
LINE
8
BLACK
6
CONTINUOUS
10
1.0548664173228346
20
1.064977283464567
11
1.0592564566929135
21
1.0627404330708661
0
LINE
8
BLACK
6
CONTINUOUS
10
1.0592564566929135
20
1.0627404330708661
11
1.0627404330708661
21
1.0592564566929135
0
LINE
8
BLACK
6
CONTINUOUS
10
1.0627404330708661
20
1.0592564566929135
11
1.064977283464567
21
1.0548664173228346
0
LINE
8
BLACK
6
CONTINUOUS
10
1.064977283464567
20
1.0548664173228346
11
1.065748031496063
21
1.05
0
LINE
8
BLACK
6
CONTINUOUS
10
1.065748031496063
20
1.05
11
1.064977283464567
21
1.0451335826771653
0
LINE
8
BLACK
6
CONTINUOUS
10
1.064977283464567
20
1.0451335826771653
11
1.0627404330708661
21
1.0407435433070866
0
LINE
8
BLACK
6
CONTINUOUS
10
1.0627404330708661
20
1.0407435433070866
11
1.0592564566929135
21
1.0372595669291338
0
LINE
8
BLACK
6
CONTINUOUS
10
1.0592564566929135
20
1.0372595669291338
11
1.0559055118110237
21
1.0355521259842519
0
LINE
8
BLACK
6
CONTINUOUS
10
1.0559055118110237
20
1.0355521259842519
11
1.0559055118110237
21
0.9197456692913386
0
LINE
8
BLACK
6
CONTINUOUS
10
1.0559055118110237
20
0.9197456692913386
11
1.0577212992125984
21
0.9192125196850394
0
LINE
8
BLACK
6
CONTINUOUS
10
1.0577212992125984
20
0.9192125196850394
11
1.0595517322834644
21
0.9171000787401574
0
LINE
8
BLACK
6
CONTINUOUS
10
1.0595517322834644
20
0.9171000787401574
11
1.0600000000000001
21
0.9150393700787401
0
LINE
8
BLACK
6
CONTINUOUS
10
1.0600000000000001
20
0.9150393700787401
11
1.0600000000000001
21
0.5920547244094488
0
LINE
8
BLACK
6
CONTINUOUS
10
1.0600000000000001
20
0.5920547244094488
11
1.0592125196850393
21
0.5893727952755905
0
LINE
8
BLACK
6
CONTINUOUS
10
1.0592125196850393
20
0.5893727952755905
11
1.0585470472440945
21
0.5885470472440945
0
LINE
8
BLACK
6
CONTINUOUS
10
1.0585470472440945
20
0.5885470472440945
11
1.0191758267716535
21
0.5491758267716536
0
LINE
8
BLACK
6
CONTINUOUS
10
1.0191758267716535
20
0.5491758267716536
11
1.0339681496062991
21
0.5343834645669291
0
LINE
8
BLACK
6
CONTINUOUS
10
1.0339681496062991
20
0.5343834645669291
11
1.0351335826771653
21
0.534977283464567
0
LINE
8
BLACK
6
CONTINUOUS
10
1.0351335826771653
20
0.534977283464567
11
1.04
21
0.535748031496063
0
LINE
8
BLACK
6
CONTINUOUS
10
1.04
20
0.535748031496063
11
1.0448664173228346
21
0.534977283464567
0
LINE
8
BLACK
6
CONTINUOUS
10
1.0448664173228346
20
0.534977283464567
11
1.0492564566929135
21
0.5327404330708662
0
LINE
8
BLACK
6
CONTINUOUS
10
1.0492564566929135
20
0.5327404330708662
11
1.0527404330708661
21
0.5292564566929133
0
LINE
8
BLACK
6
CONTINUOUS
10
1.0527404330708661
20
0.5292564566929133
11
1.054977283464567
21
0.5248664173228347
0
LINE
8
BLACK
6
CONTINUOUS
10
1.054977283464567
20
0.5248664173228347
11
1.055748031496063
21
0.52
0
LINE
8
BLACK
6
CONTINUOUS
10
1.055748031496063
20
0.52
11
1.054977283464567
21
0.5151335826771654
0
LINE
8
BLACK
6
CONTINUOUS
10
1.054977283464567
20
0.5151335826771654
11
1.0527404330708661
21
0.5107435433070866
0
LINE
8
BLACK
6
CONTINUOUS
10
1.0527404330708661
20
0.5107435433070866
11
1.0492564566929135
21
0.5072595669291339
0
LINE
8
BLACK
6
CONTINUOUS
10
1.0492564566929135
20
0.5072595669291339
11
1.0448664173228346
21
0.5050227165354331
0
LINE
8
BLACK
6
CONTINUOUS
10
1.0448664173228346
20
0.5050227165354331
11
1.04
21
0.5042519685039369
0
LINE
8
BLACK
6
CONTINUOUS
10
1.04
20
0.5042519685039369
11
1.0351335826771653
21
0.5050227165354331
0
LINE
8
BLACK
6
CONTINUOUS
10
1.0351335826771653
20
0.5050227165354331
11
1.0307435433070866
21
0.5072595669291339
0
LINE
8
BLACK
6
CONTINUOUS
10
1.0307435433070866
20
0.5072595669291339
11
1.0272595669291338
21
0.5107435433070866
0
LINE
8
BLACK
6
CONTINUOUS
10
1.0272595669291338
20
0.5107435433070866
11
1.0250227165354331
21
0.5151335826771654
0
LINE
8
BLACK
6
CONTINUOUS
10
1.0250227165354331
20
0.5151335826771654
11
1.0242519685039371
21
0.52
0
LINE
8
BLACK
6
CONTINUOUS
10
1.0242519685039371
20
0.52
11
1.0250227165354331
21
0.5248664173228347
0
LINE
8
BLACK
6
CONTINUOUS
10
1.0250227165354331
20
0.5248664173228347
11
1.0256164960629921
21
0.5260318110236221
0
LINE
8
BLACK
6
CONTINUOUS
10
1.0256164960629921
20
0.5260318110236221
11
1.0108241732283465
21
0.5408241732283464
0
LINE
8
BLACK
6
CONTINUOUS
10
1.0108241732283465
20
0.5408241732283464
11
0.9614529527559055
21
0.4914529527559055
0
LINE
8
BLACK
6
CONTINUOUS
10
0.9614529527559055
20
0.4914529527559055
11
0.9589997244094488
21
0.4901133464566929
0
LINE
8
BLACK
6
CONTINUOUS
10
0.9589997244094488
20
0.4901133464566929
11
0.9579452755905512
21
0.49
0
LINE
8
BLACK
6
CONTINUOUS
10
0.9579452755905512
20
0.49
11
0.8099999999999999
21
0.49
0
LINE
8
BLACK
6
CONTINUOUS
10
0.8099999999999999
20
0.49
11
0.8099999212598425
21
0.4899999606299212
0
LINE
8
BLACK
6
CONTINUOUS
10
0.8099999212598425
20
0.4899999606299212
11
0.75
21
0.4300000393700787
0
LINE
8
BLACK
6
CONTINUOUS
10
0.75
20
0.4300000393700787
11
0.75
21
0.280903031496063
0
LINE
8
BLACK
6
CONTINUOUS
10
0.75
20
0.280903031496063
11
0.7493353937007874
21
0.2784227559055118
0
LINE
8
BLACK
6
CONTINUOUS
10
0.7493353937007874
20
0.2784227559055118
11
0.7471446062992125
21
0.274628188976378
0
LINE
8
BLACK
6
CONTINUOUS
10
0.7471446062992125
20
0.274628188976378
11
0.7463510629921259
21
0.2721859842519685
0
LINE
8
BLACK
6
CONTINUOUS
10
0.7463510629921259
20
0.2721859842519685
11
0.745
21
0.268027874015748
0
LINE
8
BLACK
6
CONTINUOUS
10
0.745
20
0.268027874015748
11
0.745
21
0.2519720472440945
0
LINE
8
BLACK
6
CONTINUOUS
10
0.745
20
0.2519720472440945
11
0.7461876771653543
21
0.2483168897637795
0
LINE
8
BLACK
6
CONTINUOUS
10
0.7461876771653543
20
0.2483168897637795
11
0.7471446062992125
21
0.245371811023622
0
LINE
8
BLACK
6
CONTINUOUS
10
0.7471446062992125
20
0.245371811023622
11
0.7471446456692913
21
0.2453716929133858
0
LINE
8
BLACK
6
CONTINUOUS
10
0.7471446456692913
20
0.2453716929133858
11
0.74714468503937
21
0.2453716535433071
0
LINE
8
BLACK
6
CONTINUOUS
10
0.74714468503937
20
0.2453716535433071
11
0.7493353937007874
21
0.2415772047244094
0
LINE
8
BLACK
6
CONTINUOUS
10
0.7493353937007874
20
0.2415772047244094
11
0.75
21
0.2390968897637795
0
LINE
8
BLACK
6
CONTINUOUS
10
0.75
20
0.2390968897637795
11
0.75
21
0.230903031496063
0
LINE
8
BLACK
6
CONTINUOUS
10
0.75
20
0.230903031496063
11
0.7493353937007874
21
0.2284227559055118
0
LINE
8
BLACK
6
CONTINUOUS
10
0.7493353937007874
20
0.2284227559055118
11
0.7474759448818897
21
0.225202125984252
0
LINE
8
BLACK
6
CONTINUOUS
10
0.7474759448818897
20
0.225202125984252
11
0.7471446456692913
21
0.2246282677165354
0
LINE
8
BLACK
6
CONTINUOUS
10
0.7471446456692913
20
0.2246282677165354
11
0.745
21
0.218027874015748
0
LINE
8
BLACK
6
CONTINUOUS
10
0.745
20
0.218027874015748
11
0.745
21
0.2019720472440945
0
LINE
8
BLACK
6
CONTINUOUS
10
0.745
20
0.2019720472440945
11
0.745541062992126
21
0.2003069291338583
0
LINE
8
BLACK
6
CONTINUOUS
10
0.745541062992126
20
0.2003069291338583
11
0.7471446062992125
21
0.1953718110236221
0
LINE
8
BLACK
6
CONTINUOUS
10
0.7471446062992125
20
0.1953718110236221
11
0.7471446456692913
21
0.1953716929133858
0
LINE
8
BLACK
6
CONTINUOUS
10
0.7471446456692913
20
0.1953716929133858
11
0.74714468503937
21
0.1953716535433071
0
LINE
8
BLACK
6
CONTINUOUS
10
0.74714468503937
20
0.1953716535433071
11
0.7493353937007874
21
0.1915772047244095
0
LINE
8
BLACK
6
CONTINUOUS
10
0.7493353937007874
20
0.1915772047244095
11
0.75
21
0.1890968897637795
0
LINE
8
BLACK
6
CONTINUOUS
10
0.75
20
0.1890968897637795
11
0.75
21
0.180903031496063
0
LINE
8
BLACK
6
CONTINUOUS
10
0.75
20
0.180903031496063
11
0.7493353937007874
21
0.1784227559055118
0
LINE
8
BLACK
6
CONTINUOUS
10
0.7493353937007874
20
0.1784227559055118
11
0.7471446062992125
21
0.1746281889763779
0
LINE
8
BLACK
6
CONTINUOUS
10
0.7471446062992125
20
0.1746281889763779
11
0.7463510629921259
21
0.1721859842519685
0
LINE
8
BLACK
6
CONTINUOUS
10
0.7463510629921259
20
0.1721859842519685
11
0.745
21
0.168027874015748
0
LINE
8
BLACK
6
CONTINUOUS
10
0.745
20
0.168027874015748
11
0.745
21
0.1519720472440945
0
LINE
8
BLACK
6
CONTINUOUS
10
0.745
20
0.1519720472440945
11
0.7457942913385827
21
0.1495275984251968
0
LINE
8
BLACK
6
CONTINUOUS
10
0.7457942913385827
20
0.1495275984251968
11
0.7467801574803149
21
0.1464934251968504
0
LINE
8
BLACK
6
CONTINUOUS
10
0.7467801574803149
20
0.1464934251968504
11
0.74686
21
0.1436996062992126
0
LINE
8
BLACK
6
CONTINUOUS
10
0.74686
20
0.1436996062992126
11
0.7454166141732284
21
0.1413059448818898
0
LINE
8
BLACK
6
CONTINUOUS
10
0.7454166141732284
20
0.1413059448818898
11
0.745
21
0.1411011023622047
0
LINE
8
BLACK
6
CONTINUOUS
10
0.745
20
0.1411011023622047
11
0.745
21
0.1381496062992126
0
LINE
8
BLACK
6
CONTINUOUS
10
0.745
20
0.1381496062992126
11
0.6778740157480315
21
0.1381496062992126
0
LINE
8
BLACK
6
CONTINUOUS
10
0.6778740157480315
20
0.1381496062992126
11
0.6778740157480315
21
0.1224015748031496
0
LINE
8
BLACK
6
CONTINUOUS
10
0.6778740157480315
20
0.1224015748031496
11
0.6775800393700787
21
0.1211136220472441
0
LINE
8
BLACK
6
CONTINUOUS
10
0.6775800393700787
20
0.1211136220472441
11
0.6774321653543307
21
0.1198009448818898
0
LINE
8
BLACK
6
CONTINUOUS
10
0.6774321653543307
20
0.1198009448818898
11
0.6771938976377953
21
0.1194217322834646
0
LINE
8
BLACK
6
CONTINUOUS
10
0.6771938976377953
20
0.1194217322834646
11
0.6770942519685039
21
0.118985157480315
0
LINE
8
BLACK
6
CONTINUOUS
10
0.6770942519685039
20
0.118985157480315
11
0.6762706299212599
21
0.1179524015748031
0
LINE
8
BLACK
6
CONTINUOUS
10
0.6762706299212599
20
0.1179524015748031
11
0.6755677952755905
21
0.1168338188976378
0
LINE
8
BLACK
6
CONTINUOUS
10
0.6755677952755905
20
0.1168338188976378
11
0.6431661811023622
21
0.0844322440944882
0
LINE
8
BLACK
6
CONTINUOUS
10
0.6431661811023622
20
0.0844322440944882
11
0.642047716535433
21
0.0837294488188976
0
LINE
8
BLACK
6
CONTINUOUS
10
0.642047716535433
20
0.0837294488188976
11
0.641014842519685
21
0.0829057480314961
0
LINE
8
BLACK
6
CONTINUOUS
10
0.641014842519685
20
0.0829057480314961
11
0.6405782283464567
21
0.082806062992126
0
LINE
8
BLACK
6
CONTINUOUS
10
0.6405782283464567
20
0.082806062992126
11
0.6401990551181103
21
0.0825678346456693
0
LINE
8
BLACK
6
CONTINUOUS
10
0.6401990551181103
20
0.0825678346456693
11
0.6388863385826772
21
0.0824199212598425
0
LINE
8
BLACK
6
CONTINUOUS
10
0.6388863385826772
20
0.0824199212598425
11
0.6375984251968504
21
0.0821259842519685
0
LINE
8
BLACK
6
CONTINUOUS
10
0.6375984251968504
20
0.0821259842519685
11
0.4
21
0.0821259842519685
0
LINE
8
BLACK
6
CONTINUOUS
10
0.4
20
0.0821259842519685
11
0.3987121653543307
21
0.0824198818897638
0
LINE
8
BLACK
6
CONTINUOUS
10
0.3987121653543307
20
0.0824198818897638
11
0.3973994094488189
21
0.0825678346456693
0
LINE
8
BLACK
6
CONTINUOUS
10
0.3973994094488189
20
0.0825678346456693
11
0.3970201968503937
21
0.082806062992126
0
LINE
8
BLACK
6
CONTINUOUS
10
0.3970201968503937
20
0.082806062992126
11
0.3965835826771654
21
0.0829057480314961
0
LINE
8
BLACK
6
CONTINUOUS
10
0.3965835826771654
20
0.0829057480314961
11
0.395550748031496
21
0.0837293700787402
0
LINE
8
BLACK
6
CONTINUOUS
10
0.395550748031496
20
0.0837293700787402
11
0.3944322440944882
21
0.0844322047244094
0
LINE
8
BLACK
6
CONTINUOUS
10
0.3944322440944882
20
0.0844322047244094
11
0.3597866141732283
21
0.119077874015748
0
LINE
8
BLACK
6
CONTINUOUS
10
0.3597866141732283
20
0.119077874015748
11
0.3590838188976378
21
0.1201962992125984
0
LINE
8
BLACK
6
CONTINUOUS
10
0.3590838188976378
20
0.1201962992125984
11
0.3582601181102362
21
0.1212292125984252
0
LINE
8
BLACK
6
CONTINUOUS
10
0.3582601181102362
20
0.1212292125984252
11
0.3581604330708661
21
0.1216657874015748
0
LINE
8
BLACK
6
CONTINUOUS
10
0.3581604330708661
20
0.1216657874015748
11
0.3579222047244094
21
0.122045
0
LINE
8
BLACK
6
CONTINUOUS
10
0.3579222047244094
20
0.122045
11
0.3577742913385827
21
0.1233576771653543
0
LINE
8
BLACK
6
CONTINUOUS
10
0.3577742913385827
20
0.1233576771653543
11
0.3574803543307086
21
0.1246456299212598
0
LINE
8
BLACK
6
CONTINUOUS
10
0.3574803543307086
20
0.1246456299212598
11
0.3574803543307086
21
0.4813841338582677
0
LINE
8
BLACK
6
CONTINUOUS
10
0.3574803543307086
20
0.4813841338582677
11
0.3344322440944882
21
0.5044322440944882
0
LINE
8
BLACK
6
CONTINUOUS
10
0.3344322440944882
20
0.5044322440944882
11
0.3337294488188977
21
0.5055506692913385
0
LINE
8
BLACK
6
CONTINUOUS
10
0.3337294488188977
20
0.5055506692913385
11
0.332905748031496
21
0.5065835826771653
0
LINE
8
BLACK
6
CONTINUOUS
10
0.332905748031496
20
0.5065835826771653
11
0.332806062992126
21
0.5070201574803149
0
LINE
8
BLACK
6
CONTINUOUS
10
0.332806062992126
20
0.5070201574803149
11
0.3325678346456693
21
0.5073993700787401
0
LINE
8
BLACK
6
CONTINUOUS
10
0.3325678346456693
20
0.5073993700787401
11
0.3324199212598425
21
0.5087120472440945
0
LINE
8
BLACK
6
CONTINUOUS
10
0.3324199212598425
20
0.5087120472440945
11
0.3321259842519685
21
0.51
0
LINE
8
BLACK
6
CONTINUOUS
10
0.3321259842519685
20
0.51
11
0.3321259842519685
21
1.1567384645669292
0
LINE
8
BLACK
6
CONTINUOUS
10
0.3321259842519685
20
1.1567384645669292
11
0.2739818503937008
21
1.2148825984251967
0
LINE
8
BLACK
6
CONTINUOUS
10
0.2739818503937008
20
1.2148825984251967
11
0.27
21
1.214251968503937
0
LINE
8
BLACK
6
CONTINUOUS
10
0.27
20
1.214251968503937
11
0.2651335826771654
21
1.215022716535433
0
LINE
8
BLACK
6
CONTINUOUS
10
0.2651335826771654
20
1.215022716535433
11
0.2607435433070866
21
1.2172595669291337
0
LINE
8
BLACK
6
CONTINUOUS
10
0.2607435433070866
20
1.2172595669291337
11
0.2572595669291339
21
1.2207435433070866
0
LINE
8
BLACK
6
CONTINUOUS
10
0.2572595669291339
20
1.2207435433070866
11
0.2550227165354331
21
1.2251335826771654
0
LINE
8
BLACK
6
CONTINUOUS
10
0.2550227165354331
20
1.2251335826771654
11
0.254251968503937
21
1.23
0
LINE
8
BLACK
6
CONTINUOUS
10
0.254251968503937
20
1.23
11
0.2550227165354331
21
1.2348664173228345
0
LINE
8
BLACK
6
CONTINUOUS
10
0.2550227165354331
20
1.2348664173228345
11
0.2572595669291339
21
1.2392564566929134
0
LINE
8
BLACK
6
CONTINUOUS
10
0.2572595669291339
20
1.2392564566929134
11
0.2607435433070866
21
1.242740433070866
0
LINE
8
BLACK
6
CONTINUOUS
10
0.2607435433070866
20
1.242740433070866
11
0.2651335826771654
21
1.2449772834645669
0
LINE
8
BLACK
6
CONTINUOUS
10
0.2651335826771654
20
1.2449772834645669
11
0.27
21
1.2457480314960629
0
LINE
8
BLACK
6
CONTINUOUS
10
0.27
20
1.2457480314960629
11
0.2748664173228346
21
1.2449772834645669
0
LINE
8
BLACK
6
CONTINUOUS
10
0.18
20
0.51
11
0.12
21
0.51
0
LINE
8
BLACK
6
CONTINUOUS
10
0.12
20
0.51
11
0.12
21
0.57
0
LINE
8
BLACK
6
CONTINUOUS
10
0.12
20
0.57
11
0.18
21
0.57
0
LINE
8
BLACK
6
CONTINUOUS
10
0.18
20
0.57
11
0.18
21
0.51
0
LINE
8
BLACK
6
CONTINUOUS
10
0.28
20
0.51
11
0.22
21
0.51
0
LINE
8
BLACK
6
CONTINUOUS
10
0.22
20
0.51
11
0.22
21
0.57
0
LINE
8
BLACK
6
CONTINUOUS
10
0.22
20
0.57
11
0.28
21
0.57
0
LINE
8
BLACK
6
CONTINUOUS
10
0.28
20
0.57
11
0.28
21
0.51
0
LINE
8
BLACK
6
CONTINUOUS
10
0.18
20
0.61
11
0.12
21
0.61
0
LINE
8
BLACK
6
CONTINUOUS
10
0.12
20
0.61
11
0.12
21
0.67
0
LINE
8
BLACK
6
CONTINUOUS
10
0.12
20
0.67
11
0.18
21
0.67
0
LINE
8
BLACK
6
CONTINUOUS
10
0.18
20
0.67
11
0.18
21
0.61
0
LINE
8
BLACK
6
CONTINUOUS
10
0.28
20
0.61
11
0.22
21
0.61
0
LINE
8
BLACK
6
CONTINUOUS
10
0.22
20
0.61
11
0.22
21
0.67
0
LINE
8
BLACK
6
CONTINUOUS
10
0.22
20
0.67
11
0.28
21
0.67
0
LINE
8
BLACK
6
CONTINUOUS
10
0.28
20
0.67
11
0.28
21
0.61
0
LINE
8
BLACK
6
CONTINUOUS
10
0.18
20
0.71
11
0.12
21
0.71
0
LINE
8
BLACK
6
CONTINUOUS
10
0.12
20
0.71
11
0.12
21
0.77
0
LINE
8
BLACK
6
CONTINUOUS
10
0.12
20
0.77
11
0.18
21
0.77
0
LINE
8
BLACK
6
CONTINUOUS
10
0.18
20
0.77
11
0.18
21
0.71
0
LINE
8
BLACK
6
CONTINUOUS
10
0.28
20
0.71
11
0.22
21
0.71
0
LINE
8
BLACK
6
CONTINUOUS
10
0.22
20
0.71
11
0.22
21
0.77
0
LINE
8
BLACK
6
CONTINUOUS
10
0.22
20
0.77
11
0.28
21
0.77
0
LINE
8
BLACK
6
CONTINUOUS
10
0.28
20
0.77
11
0.28
21
0.71
0
LINE
8
BLACK
6
CONTINUOUS
10
0.18
20
0.8099999999999999
11
0.12
21
0.8099999999999999
0
LINE
8
BLACK
6
CONTINUOUS
10
0.12
20
0.8099999999999999
11
0.12
21
0.87
0
LINE
8
BLACK
6
CONTINUOUS
10
0.12
20
0.87
11
0.18
21
0.87
0
LINE
8
BLACK
6
CONTINUOUS
10
0.18
20
0.87
11
0.18
21
0.8099999999999999
0
LINE
8
BLACK
6
CONTINUOUS
10
0.28
20
0.8099999999999999
11
0.22
21
0.8099999999999999
0
LINE
8
BLACK
6
CONTINUOUS
10
0.22
20
0.8099999999999999
11
0.22
21
0.87
0
LINE
8
BLACK
6
CONTINUOUS
10
0.22
20
0.87
11
0.28
21
0.87
0
LINE
8
BLACK
6
CONTINUOUS
10
0.28
20
0.87
11
0.28
21
0.8099999999999999
0
LINE
8
BLACK
6
CONTINUOUS
10
1.1499999999999999
20
0.82
11
1.0900000000000001
21
0.82
0
LINE
8
BLACK
6
CONTINUOUS
10
1.0900000000000001
20
0.82
11
1.0900000000000001
21
0.88
0
LINE
8
BLACK
6
CONTINUOUS
10
1.0900000000000001
20
0.88
11
1.1499999999999999
21
0.88
0
LINE
8
BLACK
6
CONTINUOUS
10
1.1499999999999999
20
0.88
11
1.1499999999999999
21
0.82
0
LINE
8
BLACK
6
CONTINUOUS
10
0.18
20
0.91
11
0.12
21
0.91
0
LINE
8
BLACK
6
CONTINUOUS
10
0.12
20
0.91
11
0.12
21
0.97
0
LINE
8
BLACK
6
CONTINUOUS
10
0.12
20
0.97
11
0.18
21
0.97
0
LINE
8
BLACK
6
CONTINUOUS
10
0.18
20
0.97
11
0.18
21
0.91
0
LINE
8
BLACK
6
CONTINUOUS
10
0.28
20
0.91
11
0.22
21
0.91
0
LINE
8
BLACK
6
CONTINUOUS
10
0.22
20
0.91
11
0.22
21
0.97
0
LINE
8
BLACK
6
CONTINUOUS
10
0.22
20
0.97
11
0.28
21
0.97
0
LINE
8
BLACK
6
CONTINUOUS
10
0.28
20
0.97
11
0.28
21
0.91
0
LINE
8
BLACK
6
CONTINUOUS
10
0.18
20
1.01
11
0.12
21
1.01
0
LINE
8
BLACK
6
CONTINUOUS
10
0.12
20
1.01
11
0.12
21
1.0700000000000001
0
LINE
8
BLACK
6
CONTINUOUS
10
0.12
20
1.0700000000000001
11
0.18
21
1.0700000000000001
0
LINE
8
BLACK
6
CONTINUOUS
10
0.18
20
1.0700000000000001
11
0.18
21
1.01
0
LINE
8
BLACK
6
CONTINUOUS
10
0.28
20
1.01
11
0.22
21
1.01
0
LINE
8
BLACK
6
CONTINUOUS
10
0.22
20
1.01
11
0.22
21
1.0700000000000001
0
LINE
8
BLACK
6
CONTINUOUS
10
0.22
20
1.0700000000000001
11
0.28
21
1.0700000000000001
0
LINE
8
BLACK
6
CONTINUOUS
10
0.28
20
1.0700000000000001
11
0.28
21
1.01
0
LINE
8
BLACK
6
CONTINUOUS
10
0.18
20
1.1099999999999999
11
0.12
21
1.1099999999999999
0
LINE
8
BLACK
6
CONTINUOUS
10
0.12
20
1.1099999999999999
11
0.12
21
1.1699999999999999
0
LINE
8
BLACK
6
CONTINUOUS
10
0.12
20
1.1699999999999999
11
0.18
21
1.1699999999999999
0
LINE
8
BLACK
6
CONTINUOUS
10
0.18
20
1.1699999999999999
11
0.18
21
1.1099999999999999
0
LINE
8
BLACK
6
CONTINUOUS
10
0.28
20
1.1099999999999999
11
0.22
21
1.1099999999999999
0
LINE
8
BLACK
6
CONTINUOUS
10
0.22
20
1.1099999999999999
11
0.22
21
1.1699999999999999
0
LINE
8
BLACK
6
CONTINUOUS
10
0.22
20
1.1699999999999999
11
0.28
21
1.1699999999999999
0
LINE
8
BLACK
6
CONTINUOUS
10
0.28
20
1.1699999999999999
11
0.28
21
1.1099999999999999
0
LINE
8
BLACK
6
CONTINUOUS
10
0.98
20
0.11
11
0.9199999999999999
21
0.11
0
LINE
8
BLACK
6
CONTINUOUS
10
0.9199999999999999
20
0.11
11
0.9199999999999999
21
0.17
0
LINE
8
BLACK
6
CONTINUOUS
10
0.9199999999999999
20
0.17
11
0.98
21
0.17
0
LINE
8
BLACK
6
CONTINUOUS
10
0.98
20
0.17
11
0.98
21
0.11
0
LINE
8
BLACK
6
CONTINUOUS
10
1.0800000000000001
20
0.11
11
1.02
21
0.11
0
LINE
8
BLACK
6
CONTINUOUS
10
1.02
20
0.11
11
1.02
21
0.17
0
LINE
8
BLACK
6
CONTINUOUS
10
1.02
20
0.17
11
1.0800000000000001
21
0.17
0
LINE
8
BLACK
6
CONTINUOUS
10
1.0800000000000001
20
0.17
11
1.0800000000000001
21
0.11
0
LINE
8
BLACK
6
CONTINUOUS
10
0.98
20
0.21
11
0.9199999999999999
21
0.21
0
LINE
8
BLACK
6
CONTINUOUS
10
0.9199999999999999
20
0.21
11
0.9199999999999999
21
0.27
0
LINE
8
BLACK
6
CONTINUOUS
10
0.9199999999999999
20
0.27
11
0.98
21
0.27
0
LINE
8
BLACK
6
CONTINUOUS
10
0.98
20
0.27
11
0.98
21
0.21
0
LINE
8
BLACK
6
CONTINUOUS
10
1.0800000000000001
20
0.21
11
1.02
21
0.21
0
LINE
8
BLACK
6
CONTINUOUS
10
1.02
20
0.21
11
1.02
21
0.27
0
LINE
8
BLACK
6
CONTINUOUS
10
1.02
20
0.27
11
1.0800000000000001
21
0.27
0
LINE
8
BLACK
6
CONTINUOUS
10
1.0800000000000001
20
0.27
11
1.0800000000000001
21
0.21
0
LINE
8
BLACK
6
CONTINUOUS
10
1.3799999999999999
20
0.5
11
1.3200000000000001
21
0.5
0
LINE
8
BLACK
6
CONTINUOUS
10
1.3200000000000001
20
0.5
11
1.3200000000000001
21
0.5599999999999999
0
LINE
8
BLACK
6
CONTINUOUS
10
1.3200000000000001
20
0.5599999999999999
11
1.3799999999999999
21
0.5599999999999999
0
LINE
8
BLACK
6
CONTINUOUS
10
1.3799999999999999
20
0.5599999999999999
11
1.3799999999999999
21
0.5
0
LINE
8
BLACK
6
CONTINUOUS
10
1.48
20
0.5
11
1.4199999999999999
21
0.5
0
LINE
8
BLACK
6
CONTINUOUS
10
1.4199999999999999
20
0.5
11
1.4199999999999999
21
0.5599999999999999
0
LINE
8
BLACK
6
CONTINUOUS
10
1.4199999999999999
20
0.5599999999999999
11
1.48
21
0.5599999999999999
0
LINE
8
BLACK
6
CONTINUOUS
10
1.48
20
0.5599999999999999
11
1.48
21
0.5
0
LINE
8
BLACK
6
CONTINUOUS
10
1.3799999999999999
20
0.6
11
1.3200000000000001
21
0.6
0
LINE
8
BLACK
6
CONTINUOUS
10
1.3200000000000001
20
0.6
11
1.3200000000000001
21
0.66
0
LINE
8
BLACK
6
CONTINUOUS
10
1.3200000000000001
20
0.66
11
1.3799999999999999
21
0.66
0
LINE
8
BLACK
6
CONTINUOUS
10
1.3799999999999999
20
0.66
11
1.3799999999999999
21
0.6
0
LINE
8
BLACK
6
CONTINUOUS
10
1.48
20
0.6
11
1.4199999999999999
21
0.6
0
LINE
8
BLACK
6
CONTINUOUS
10
1.4199999999999999
20
0.6
11
1.4199999999999999
21
0.66
0
LINE
8
BLACK
6
CONTINUOUS
10
1.4199999999999999
20
0.66
11
1.48
21
0.66
0
LINE
8
BLACK
6
CONTINUOUS
10
1.48
20
0.66
11
1.48
21
0.6
0
LINE
8
BLACK
6
CONTINUOUS
10
1.3799999999999999
20
0.9399999999999999
11
1.3200000000000001
21
0.9399999999999999
0
LINE
8
BLACK
6
CONTINUOUS
10
1.3200000000000001
20
0.9399999999999999
11
1.3200000000000001
21
1.
0
LINE
8
BLACK
6
CONTINUOUS
10
1.3200000000000001
20
1.
11
1.3799999999999999
21
1.
0
LINE
8
BLACK
6
CONTINUOUS
10
1.3799999999999999
20
1.
11
1.3799999999999999
21
0.9399999999999999
0
LINE
8
BLACK
6
CONTINUOUS
10
1.48
20
0.9399999999999999
11
1.4199999999999999
21
0.9399999999999999
0
LINE
8
BLACK
6
CONTINUOUS
10
1.4199999999999999
20
0.9399999999999999
11
1.4199999999999999
21
1.
0
LINE
8
BLACK
6
CONTINUOUS
10
1.4199999999999999
20
1.
11
1.48
21
1.
0
LINE
8
BLACK
6
CONTINUOUS
10
1.48
20
1.
11
1.48
21
0.9399999999999999
0
LINE
8
BLACK
6
CONTINUOUS
10
1.3799999999999999
20
1.04
11
1.3200000000000001
21
1.04
0
LINE
8
BLACK
6
CONTINUOUS
10
1.3200000000000001
20
1.04
11
1.3200000000000001
21
1.0999999999999999
0
LINE
8
BLACK
6
CONTINUOUS
10
1.3200000000000001
20
1.0999999999999999
11
1.3799999999999999
21
1.0999999999999999
0
LINE
8
BLACK
6
CONTINUOUS
10
1.3799999999999999
20
1.0999999999999999
11
1.3799999999999999
21
1.04
0
LINE
8
BLACK
6
CONTINUOUS
10
1.48
20
1.04
11
1.4199999999999999
21
1.04
0
LINE
8
BLACK
6
CONTINUOUS
10
1.4199999999999999
20
1.04
11
1.4199999999999999
21
1.0999999999999999
0
LINE
8
BLACK
6
CONTINUOUS
10
1.4199999999999999
20
1.0999999999999999
11
1.48
21
1.0999999999999999
0
LINE
8
BLACK
6
CONTINUOUS
10
1.48
20
1.0999999999999999
11
1.48
21
1.04
0
LINE
8
BLACK
6
CONTINUOUS
10
0.98
20
1.3200000000000001
11
0.9199999999999999
21
1.3200000000000001
0
LINE
8
BLACK
6
CONTINUOUS
10
0.9199999999999999
20
1.3200000000000001
11
0.9199999999999999
21
1.3799999999999999
0
LINE
8
BLACK
6
CONTINUOUS
10
0.9199999999999999
20
1.3799999999999999
11
0.98
21
1.3799999999999999
0
LINE
8
BLACK
6
CONTINUOUS
10
0.98
20
1.3799999999999999
11
0.98
21
1.3200000000000001
0
LINE
8
BLACK
6
CONTINUOUS
10
1.0800000000000001
20
1.3200000000000001
11
1.02
21
1.3200000000000001
0
LINE
8
BLACK
6
CONTINUOUS
10
1.02
20
1.3200000000000001
11
1.02
21
1.3799999999999999
0
LINE
8
BLACK
6
CONTINUOUS
10
1.02
20
1.3799999999999999
11
1.0800000000000001
21
1.3799999999999999
0
LINE
8
BLACK
6
CONTINUOUS
10
1.0800000000000001
20
1.3799999999999999
11
1.0800000000000001
21
1.3200000000000001
0
LINE
8
BLACK
6
CONTINUOUS
10
0.98
20
1.4199999999999999
11
0.9199999999999999
21
1.4199999999999999
0
LINE
8
BLACK
6
CONTINUOUS
10
0.9199999999999999
20
1.4199999999999999
11
0.9199999999999999
21
1.48
0
LINE
8
BLACK
6
CONTINUOUS
10
0.9199999999999999
20
1.48
11
0.98
21
1.48
0
LINE
8
BLACK
6
CONTINUOUS
10
0.98
20
1.48
11
0.98
21
1.4199999999999999
0
LINE
8
BLACK
6
CONTINUOUS
10
1.0800000000000001
20
1.4199999999999999
11
1.02
21
1.4199999999999999
0
LINE
8
BLACK
6
CONTINUOUS
10
1.02
20
1.4199999999999999
11
1.02
21
1.48
0
LINE
8
BLACK
6
CONTINUOUS
10
1.02
20
1.48
11
1.0800000000000001
21
1.48
0
LINE
8
BLACK
6
CONTINUOUS
10
1.0800000000000001
20
1.48
11
1.0800000000000001
21
1.4199999999999999
0
LINE
8
BLACK
6
CONTINUOUS
10
0.5499999999999999
20
1.3400000000000001
11
0.49
21
1.3400000000000001
0
LINE
8
BLACK
6
CONTINUOUS
10
0.49
20
1.3400000000000001
11
0.49
21
1.3999999999999999
0
LINE
8
BLACK
6
CONTINUOUS
10
0.49
20
1.3999999999999999
11
0.5499999999999999
21
1.3999999999999999
0
LINE
8
BLACK
6
CONTINUOUS
10
0.5499999999999999
20
1.3999999999999999
11
0.5499999999999999
21
1.3400000000000001
0
LINE
8
BLACK
6
CONTINUOUS
10
0.65
20
1.3400000000000001
11
0.59
21
1.3400000000000001
0
LINE
8
BLACK
6
CONTINUOUS
10
0.59
20
1.3400000000000001
11
0.59
21
1.3999999999999999
0
LINE
8
BLACK
6
CONTINUOUS
10
0.59
20
1.3999999999999999
11
0.65
21
1.3999999999999999
0
LINE
8
BLACK
6
CONTINUOUS
10
0.65
20
1.3999999999999999
11
0.65
21
1.3400000000000001
0
LINE
8
BLACK
6
CONTINUOUS
10
0.75
20
1.3400000000000001
11
0.6899999999999999
21
1.3400000000000001
0
LINE
8
BLACK
6
CONTINUOUS
10
0.6899999999999999
20
1.3400000000000001
11
0.6899999999999999
21
1.3999999999999999
0
LINE
8
BLACK
6
CONTINUOUS
10
0.6899999999999999
20
1.3999999999999999
11
0.75
21
1.3999999999999999
0
LINE
8
BLACK
6
CONTINUOUS
10
0.75
20
1.3999999999999999
11
0.75
21
1.3400000000000001
0
LINE
8
BLACK
6
CONTINUOUS
10
0.5499999999999999
20
1.4399999999999999
11
0.49
21
1.4399999999999999
0
LINE
8
BLACK
6
CONTINUOUS
10
0.49
20
1.4399999999999999
11
0.49
21
1.5
0
LINE
8
BLACK
6
CONTINUOUS
10
0.49
20
1.5
11
0.5499999999999999
21
1.5
0
LINE
8
BLACK
6
CONTINUOUS
10
0.5499999999999999
20
1.5
11
0.5499999999999999
21
1.4399999999999999
0
LINE
8
BLACK
6
CONTINUOUS
10
0.65
20
1.4399999999999999
11
0.59
21
1.4399999999999999
0
LINE
8
BLACK
6
CONTINUOUS
10
0.59
20
1.4399999999999999
11
0.59
21
1.5
0
LINE
8
BLACK
6
CONTINUOUS
10
0.59
20
1.5
11
0.65
21
1.5
0
LINE
8
BLACK
6
CONTINUOUS
10
0.65
20
1.5
11
0.65
21
1.4399999999999999
0
LINE
8
BLACK
6
CONTINUOUS
10
0.75
20
1.4399999999999999
11
0.6899999999999999
21
1.4399999999999999
0
LINE
8
BLACK
6
CONTINUOUS
10
0.6899999999999999
20
1.4399999999999999
11
0.6899999999999999
21
1.5
0
LINE
8
BLACK
6
CONTINUOUS
10
0.6899999999999999
20
1.5
11
0.75
21
1.5
0
LINE
8
BLACK
6
CONTINUOUS
10
0.75
20
1.5
11
0.75
21
1.4399999999999999
0
LINE
8
BLACK
6
CONTINUOUS
10
1.5847488582677165
20
1.5862400787401574
11
1.5865792913385826
21
1.5841276377952755
0
LINE
8
BLACK
6
CONTINUOUS
10
1.5865792913385826
20
1.5841276377952755
11
1.5870275590551182
21
1.5820669291338583
0
LINE
8
BLACK
6
CONTINUOUS
10
1.5870275590551182
20
1.5820669291338583
11
1.5870275590551182
21
0.0179330708661417
0
LINE
8
BLACK
6
CONTINUOUS
10
1.5870275590551182
20
0.0179330708661417
11
1.5862400787401574
21
0.0152511417322835
0
LINE
8
BLACK
6
CONTINUOUS
10
1.5862400787401574
20
0.0152511417322835
11
1.5841276377952755
21
0.0134207086614173
0
LINE
8
BLACK
6
CONTINUOUS
10
1.5841276377952755
20
0.0134207086614173
11
1.5820669291338583
21
0.0129724409448819
0
LINE
8
BLACK
6
CONTINUOUS
10
1.5820669291338583
20
0.0129724409448819
11
0.0179330708661417
21
0.0129724409448819
0
LINE
8
BLACK
6
CONTINUOUS
10
0.0179330708661417
20
0.0129724409448819
11
0.0152511417322835
21
0.0137599212598425
0
LINE
8
BLACK
6
CONTINUOUS
10
0.0152511417322835
20
0.0137599212598425
11
0.0134207086614173
21
0.0158723622047244
0
LINE
8
BLACK
6
CONTINUOUS
10
0.0134207086614173
20
0.0158723622047244
11
0.0129724409448819
21
0.0179330708661417
0
LINE
8
BLACK
6
CONTINUOUS
10
0.0129724409448819
20
0.0179330708661417
11
0.0129724409448819
21
0.5080846456692913
0
LINE
8
BLACK
6
CONTINUOUS
10
0.0129724409448819
20
0.5080846456692913
11
0.0129724409448819
21
1.3180846456692914
0
LINE
8
BLACK
6
CONTINUOUS
10
0.0129724409448819
20
1.3180846456692914
11
0.0129724409448819
21
1.3380846456692914
0
LINE
8
BLACK
6
CONTINUOUS
10
0.0129724409448819
20
1.3380846456692914
11
0.0129724409448819
21
1.5820669291338583
0
LINE
8
BLACK
6
CONTINUOUS
10
0.0129724409448819
20
1.5820669291338583
11
0.0137599212598425
21
1.5847488582677165
0
LINE
8
BLACK
6
CONTINUOUS
10
0.0137599212598425
20
1.5847488582677165
11
0.0158723622047244
21
1.5865792913385826
0
LINE
8
BLACK
6
CONTINUOUS
10
0.0158723622047244
20
1.5865792913385826
11
0.0179330708661417
21
1.5870275590551182
0
LINE
8
BLACK
6
CONTINUOUS
10
0.0179330708661417
20
1.5870275590551182
11
1.5820669291338583
21
1.5870275590551182
0
LINE
8
BLACK
6
CONTINUOUS
10
1.5820669291338583
20
1.5870275590551182
11
1.5847488582677165
21
1.5862400787401574
0
LINE
8
BLACK
6
CONTINUOUS
10
0.1002365748031496
20
0.505700905511811
11
0.1002366535433071
21
0.5057005905511811
0
LINE
8
BLACK
6
CONTINUOUS
10
0.1002366535433071
20
0.5057005905511811
11
0.1022484251968504
21
0.500306968503937
0
LINE
8
BLACK
6
CONTINUOUS
10
0.1022484251968504
20
0.500306968503937
11
0.1022485039370079
21
0.5003067716535433
0
LINE
8
BLACK
6
CONTINUOUS
10
0.1022485039370079
20
0.5003067716535433
11
0.1056983464566929
21
0.4956983464566929
0
LINE
8
BLACK
6
CONTINUOUS
10
0.1056983464566929
20
0.4956983464566929
11
0.1103067716535433
21
0.4922485039370079
0
LINE
8
BLACK
6
CONTINUOUS
10
0.1103067716535433
20
0.4922485039370079
11
0.110306968503937
21
0.4922484251968504
0
LINE
8
BLACK
6
CONTINUOUS
10
0.110306968503937
20
0.4922484251968504
11
0.1157005905511811
21
0.4902366535433071
0
LINE
8
BLACK
6
CONTINUOUS
10
0.1157005905511811
20
0.4902366535433071
11
0.115700905511811
21
0.4902365748031496
0
LINE
8
BLACK
6
CONTINUOUS
10
0.115700905511811
20
0.4902365748031496
11
0.1180846456692913
21
0.4899803149606299
0
LINE
8
BLACK
6
CONTINUOUS
10
0.1180846456692913
20
0.4899803149606299
11
0.1180851181102362
21
0.4899803149606299
0
LINE
8
BLACK
6
CONTINUOUS
10
0.1180851181102362
20
0.4899803149606299
11
0.1819153149606299
21
0.4899803149606299
0
LINE
8
BLACK
6
CONTINUOUS
10
0.1819153149606299
20
0.4899803149606299
11
0.1842990551181102
21
0.4902365748031496
0
LINE
8
BLACK
6
CONTINUOUS
10
0.1842990551181102
20
0.4902365748031496
11
0.1842993700787401
21
0.4902366535433071
0
LINE
8
BLACK
6
CONTINUOUS
10
0.1842993700787401
20
0.4902366535433071
11
0.1896929921259843
21
0.4922484251968504
0
LINE
8
BLACK
6
CONTINUOUS
10
0.1896929921259843
20
0.4922484251968504
11
0.1896931889763779
21
0.4922485039370079
0
LINE
8
BLACK
6
CONTINUOUS
10
0.1896931889763779
20
0.4922485039370079
11
0.1943016141732283
21
0.4956983858267716
0
LINE
8
BLACK
6
CONTINUOUS
10
0.1943016141732283
20
0.4956983858267716
11
0.1960288582677165
21
0.4980056299212599
0
LINE
8
BLACK
6
CONTINUOUS
10
0.1960288582677165
20
0.4980056299212599
11
0.1982664960629921
21
0.4996806692913386
0
LINE
8
BLACK
6
CONTINUOUS
10
0.1982664960629921
20
0.4996806692913386
11
0.2010544881889764
21
0.4998800393700787
0
LINE
8
BLACK
6
CONTINUOUS
10
0.2010544881889764
20
0.4998800393700787
11
0.2035077165354331
21
0.4985404724409448
0
LINE
8
BLACK
6
CONTINUOUS
10
0.2035077165354331
20
0.4985404724409448
11
0.2039711417322835
21
0.4980056299212599
0
LINE
8
BLACK
6
CONTINUOUS
10
0.2039711417322835
20
0.4980056299212599
11
0.2056983464566929
21
0.4956983858267716
0
LINE
8
BLACK
6
CONTINUOUS
10
0.2056983464566929
20
0.4956983858267716
11
0.2103067716535433
21
0.4922485039370079
0
LINE
8
BLACK
6
CONTINUOUS
10
0.2103067716535433
20
0.4922485039370079
11
0.210306968503937
21
0.4922484251968504
0
LINE
8
BLACK
6
CONTINUOUS
10
0.210306968503937
20
0.4922484251968504
11
0.2157005905511811
21
0.4902366535433071
0
LINE
8
BLACK
6
CONTINUOUS
10
0.2157005905511811
20
0.4902366535433071
11
0.215700905511811
21
0.4902365748031496
0
LINE
8
BLACK
6
CONTINUOUS
10
0.215700905511811
20
0.4902365748031496
11
0.2180846456692913
21
0.4899803149606299
0
LINE
8
BLACK
6
CONTINUOUS
10
0.2180846456692913
20
0.4899803149606299
11
0.2180851181102362
21
0.4899803149606299
0
LINE
8
BLACK
6
CONTINUOUS
10
0.2180851181102362
20
0.4899803149606299
11
0.2819153149606299
21
0.4899803149606299
0
LINE
8
BLACK
6
CONTINUOUS
10
0.2819153149606299
20
0.4899803149606299
11
0.2842990551181102
21
0.4902365748031496
0
LINE
8
BLACK
6
CONTINUOUS
10
0.2842990551181102
20
0.4902365748031496
11
0.2842993700787402
21
0.4902366535433071
0
LINE
8
BLACK
6
CONTINUOUS
10
0.2842993700787402
20
0.4902366535433071
11
0.2896929921259843
21
0.4922484251968504
0
LINE
8
BLACK
6
CONTINUOUS
10
0.2896929921259843
20
0.4922484251968504
11
0.289693188976378
21
0.4922485039370079
0
LINE
8
BLACK
6
CONTINUOUS
10
0.289693188976378
20
0.4922485039370079
11
0.2943016141732284
21
0.4956983464566929
0
LINE
8
BLACK
6
CONTINUOUS
10
0.2943016141732284
20
0.4956983464566929
11
0.2977514566929134
21
0.5003067716535433
0
LINE
8
BLACK
6
CONTINUOUS
10
0.2977514566929134
20
0.5003067716535433
11
0.2977515354330709
21
0.500306968503937
0
LINE
8
BLACK
6
CONTINUOUS
10
0.2977515354330709
20
0.500306968503937
11
0.298035
21
0.5010668897637796
0
LINE
8
BLACK
6
CONTINUOUS
10
0.298035
20
0.5010668897637796
11
0.2988725196850394
21
0.5033124015748032
0
LINE
8
BLACK
6
CONTINUOUS
10
0.2988725196850394
20
0.5033124015748032
11
0.2997633070866141
21
0.5057005905511811
0
LINE
8
BLACK
6
CONTINUOUS
10
0.2997633070866141
20
0.5057005905511811
11
0.2997633858267716
21
0.505700905511811
0
LINE
8
BLACK
6
CONTINUOUS
10
0.2997633858267716
20
0.505700905511811
11
0.3000196456692913
21
0.5080846456692913
0
LINE
8
BLACK
6
CONTINUOUS
10
0.3000196456692913
20
0.5080846456692913
11
0.3000196850393701
21
0.5080853149606299
0
LINE
8
BLACK
6
CONTINUOUS
10
0.3000196850393701
20
0.5080853149606299
11
0.3000196850393701
21
0.5719146456692913
0
LINE
8
BLACK
6
CONTINUOUS
10
0.3000196850393701
20
0.5719146456692913
11
0.3000196456692913
21
0.5719153149606299
0
LINE
8
BLACK
6
CONTINUOUS
10
0.3000196456692913
20
0.5719153149606299
11
0.2997633858267716
21
0.5742990551181102
0
LINE
8
BLACK
6
CONTINUOUS
10
0.2997633858267716
20
0.5742990551181102
11
0.2997633070866141
21
0.5742993700787401
0
LINE
8
BLACK
6
CONTINUOUS
10
0.2997633070866141
20
0.5742993700787401
11
0.2991182283464567
21
0.5760288582677165
0
LINE
8
BLACK
6
CONTINUOUS
10
0.2991182283464567
20
0.5760288582677165
11
0.2977515354330709
21
0.5796930708661417
0
LINE
8
BLACK
6
CONTINUOUS
10
0.2977515354330709
20
0.5796930708661417
11
0.2943016141732284
21
0.5843016141732283
0
LINE
8
BLACK
6
CONTINUOUS
10
0.2943016141732284
20
0.5843016141732283
11
0.2939601968503937
21
0.5845572047244094
0
LINE
8
BLACK
6
CONTINUOUS
10
0.2939601968503937
20
0.5845572047244094
11
0.2919943700787401
21
0.5860288188976378
0
LINE
8
BLACK
6
CONTINUOUS
10
0.2919943700787401
20
0.5860288188976378
11
0.2903192913385827
21
0.5882664566929133
0
LINE
8
BLACK
6
CONTINUOUS
10
0.2903192913385827
20
0.5882664566929133
11
0.2901199212598425
21
0.5910544881889763
0
LINE
8
BLACK
6
CONTINUOUS
10
0.2901199212598425
20
0.5910544881889763
11
0.2914594881889764
21
0.5935077165354331
0
LINE
8
BLACK
6
CONTINUOUS
10
0.2914594881889764
20
0.5935077165354331
11
0.2919943700787401
21
0.5939711811023622
0
LINE
8
BLACK
6
CONTINUOUS
10
0.2919943700787401
20
0.5939711811023622
11
0.2943016141732284
21
0.595698346456693
0
LINE
8
BLACK
6
CONTINUOUS
10
0.2943016141732284
20
0.595698346456693
11
0.2977514566929134
21
0.6003067716535433
0
LINE
8
BLACK
6
CONTINUOUS
10
0.2977514566929134
20
0.6003067716535433
11
0.2977515354330709
21
0.6003069685039369
0
LINE
8
BLACK
6
CONTINUOUS
10
0.2977515354330709
20
0.6003069685039369
11
0.2997633070866141
21
0.6057005905511811
0
LINE
8
BLACK
6
CONTINUOUS
10
0.2997633070866141
20
0.6057005905511811
11
0.2997633858267716
21
0.605700905511811
0
LINE
8
BLACK
6
CONTINUOUS
10
0.2997633858267716
20
0.605700905511811
11
0.3000196456692913
21
0.6080846456692913
0
LINE
8
BLACK
6
CONTINUOUS
10
0.3000196456692913
20
0.6080846456692913
11
0.3000196850393701
21
0.6080853149606299
0
LINE
8
BLACK
6
CONTINUOUS
10
0.3000196850393701
20
0.6080853149606299
11
0.3000196850393701
21
0.6719146456692914
0
LINE
8
BLACK
6
CONTINUOUS
10
0.3000196850393701
20
0.6719146456692914
11
0.3000196456692913
21
0.67191531496063
0
LINE
8
BLACK
6
CONTINUOUS
10
0.3000196456692913
20
0.67191531496063
11
0.2997633858267716
21
0.6742990551181102
0
LINE
8
BLACK
6
CONTINUOUS
10
0.2997633858267716
20
0.6742990551181102
11
0.2997633070866141
21
0.6742993700787402
0
LINE
8
BLACK
6
CONTINUOUS
10
0.2997633070866141
20
0.6742993700787402
11
0.2984757086614173
21
0.6777514566929134
0
LINE
8
BLACK
6
CONTINUOUS
10
0.2984757086614173
20
0.6777514566929134
11
0.2977515354330709
21
0.6796930708661417
0
LINE
8
BLACK
6
CONTINUOUS
10
0.2977515354330709
20
0.6796930708661417
11
0.2975070472440945
21
0.6800196456692913
0
LINE
8
BLACK
6
CONTINUOUS
10
0.2975070472440945
20
0.6800196456692913
11
0.2943016141732284
21
0.6843016141732283
0
LINE
8
BLACK
6
CONTINUOUS
10
0.2943016141732284
20
0.6843016141732283
11
0.2919943700787401
21
0.6860288188976378
0
LINE
8
BLACK
6
CONTINUOUS
10
0.2919943700787401
20
0.6860288188976378
11
0.2903192913385827
21
0.6882664566929134
0
LINE
8
BLACK
6
CONTINUOUS
10
0.2903192913385827
20
0.6882664566929134
11
0.2901199212598425
21
0.6910544881889764
0
LINE
8
BLACK
6
CONTINUOUS
10
0.2901199212598425
20
0.6910544881889764
11
0.2914594881889764
21
0.6935077165354331
0
LINE
8
BLACK
6
CONTINUOUS
10
0.2914594881889764
20
0.6935077165354331
11
0.2919943700787401
21
0.6939711811023622
0
LINE
8
BLACK
6
CONTINUOUS
10
0.2919943700787401
20
0.6939711811023622
11
0.2943016141732284
21
0.6956983464566929
0
LINE
8
BLACK
6
CONTINUOUS
10
0.2943016141732284
20
0.6956983464566929
11
0.2977514566929134
21
0.7003067716535433
0
LINE
8
BLACK
6
CONTINUOUS
10
0.2977514566929134
20
0.7003067716535433
11
0.2977515354330709
21
0.700306968503937
0
LINE
8
BLACK
6
CONTINUOUS
10
0.2977515354330709
20
0.700306968503937
11
0.2997633070866141
21
0.7057005905511811
0
LINE
8
BLACK
6
CONTINUOUS
10
0.2997633070866141
20
0.7057005905511811
11
0.2997633858267716
21
0.705700905511811
0
LINE
8
BLACK
6
CONTINUOUS
10
0.2997633858267716
20
0.705700905511811
11
0.3000196456692913
21
0.7080846456692913
0
LINE
8
BLACK
6
CONTINUOUS
10
0.3000196456692913
20
0.7080846456692913
11
0.3000196850393701
21
0.7080853149606299
0
LINE
8
BLACK
6
CONTINUOUS
10
0.3000196850393701
20
0.7080853149606299
11
0.3000196850393701
21
0.7719146456692914
0
LINE
8
BLACK
6
CONTINUOUS
10
0.3000196850393701
20
0.7719146456692914
11
0.3000196456692913
21
0.7719153149606299
0
LINE
8
BLACK
6
CONTINUOUS
10
0.3000196456692913
20
0.7719153149606299
11
0.2997633858267716
21
0.7742990551181103
0
LINE
8
BLACK
6
CONTINUOUS
10
0.2997633858267716
20
0.7742990551181103
11
0.2997633070866141
21
0.7742993700787402
0
LINE
8
BLACK
6
CONTINUOUS
10
0.2997633070866141
20
0.7742993700787402
11
0.2994866141732284
21
0.7750411417322834
0
LINE
8
BLACK
6
CONTINUOUS
10
0.2994866141732284
20
0.7750411417322834
11
0.2977515354330709
21
0.7796930708661417
0
LINE
8
BLACK
6
CONTINUOUS
10
0.2977515354330709
20
0.7796930708661417
11
0.2943016141732284
21
0.7843016141732283
0
LINE
8
BLACK
6
CONTINUOUS
10
0.2943016141732284
20
0.7843016141732283
11
0.2919943700787401
21
0.7860288188976378
0
LINE
8
BLACK
6
CONTINUOUS
10
0.2919943700787401
20
0.7860288188976378
11
0.2903192913385827
21
0.7882664566929134
0
LINE
8
BLACK
6
CONTINUOUS
10
0.2903192913385827
20
0.7882664566929134
11
0.2901199212598425
21
0.7910544881889764
0
LINE
8
BLACK
6
CONTINUOUS
10
0.2901199212598425
20
0.7910544881889764
11
0.2914594881889764
21
0.7935077165354331
0
LINE
8
BLACK
6
CONTINUOUS
10
0.2914594881889764
20
0.7935077165354331
11
0.2919943700787401
21
0.7939711811023622
0
LINE
8
BLACK
6
CONTINUOUS
10
0.2919943700787401
20
0.7939711811023622
11
0.2943016141732284
21
0.7956983464566929
0
LINE
8
BLACK
6
CONTINUOUS
10
0.2943016141732284
20
0.7956983464566929
11
0.2977514566929134
21
0.8003067716535432
0
LINE
8
BLACK
6
CONTINUOUS
10
0.2977514566929134
20
0.8003067716535432
11
0.2977515354330709
21
0.800306968503937
0
LINE
8
BLACK
6
CONTINUOUS
10
0.2977515354330709
20
0.800306968503937
11
0.2985009448818898
21
0.8023161023622047
0
LINE
8
BLACK
6
CONTINUOUS
10
0.2985009448818898
20
0.8023161023622047
11
0.2986190551181102
21
0.802632874015748
0
LINE
8
BLACK
6
CONTINUOUS
10
0.2986190551181102
20
0.802632874015748
11
0.2997633070866141
21
0.805700590551181
0
LINE
8
BLACK
6
CONTINUOUS
10
0.2997633070866141
20
0.805700590551181
11
0.2997633858267716
21
0.8057009055118111
0
LINE
8
BLACK
6
CONTINUOUS
10
0.2997633858267716
20
0.8057009055118111
11
0.3000196456692913
21
0.8080846456692913
0
LINE
8
BLACK
6
CONTINUOUS
10
0.3000196456692913
20
0.8080846456692913
11
0.3000196850393701
21
0.8080853149606299
0
LINE
8
BLACK
6
CONTINUOUS
10
0.3000196850393701
20
0.8080853149606299
11
0.3000196850393701
21
0.8719146456692913
0
LINE
8
BLACK
6
CONTINUOUS
10
0.3000196850393701
20
0.8719146456692913
11
0.3000196456692913
21
0.8719153149606299
0
LINE
8
BLACK
6
CONTINUOUS
10
0.3000196456692913
20
0.8719153149606299
11
0.2997633858267716
21
0.8742990551181102
0
LINE
8
BLACK
6
CONTINUOUS
10
0.2997633858267716
20
0.8742990551181102
11
0.2997633070866141
21
0.8742993700787401
0
LINE
8
BLACK
6
CONTINUOUS
10
0.2997633070866141
20
0.8742993700787401
11
0.2994866141732284
21
0.8750411417322834
0
LINE
8
BLACK
6
CONTINUOUS
10
0.2994866141732284
20
0.8750411417322834
11
0.2977515354330709
21
0.8796930708661417
0
LINE
8
BLACK
6
CONTINUOUS
10
0.2977515354330709
20
0.8796930708661417
11
0.2960884645669291
21
0.8819146456692913
0
LINE
8
BLACK
6
CONTINUOUS
10
0.2960884645669291
20
0.8819146456692913
11
0.2943016141732284
21
0.8843016141732283
0
LINE
8
BLACK
6
CONTINUOUS
10
0.2943016141732284
20
0.8843016141732283
11
0.2919943700787401
21
0.8860288188976377
0
LINE
8
BLACK
6
CONTINUOUS
10
0.2919943700787401
20
0.8860288188976377
11
0.2903192913385827
21
0.8882664566929134
0
LINE
8
BLACK
6
CONTINUOUS
10
0.2903192913385827
20
0.8882664566929134
11
0.2901199212598425
21
0.8910544881889764
0
LINE
8
BLACK
6
CONTINUOUS
10
0.2901199212598425
20
0.8910544881889764
11
0.2914594881889764
21
0.893507716535433
0
LINE
8
BLACK
6
CONTINUOUS
10
0.2914594881889764
20
0.893507716535433
11
0.2919943700787401
21
0.8939711811023622
0
LINE
8
BLACK
6
CONTINUOUS
10
0.2919943700787401
20
0.8939711811023622
11
0.2943016141732284
21
0.8956983464566929
0
LINE
8
BLACK
6
CONTINUOUS
10
0.2943016141732284
20
0.8956983464566929
11
0.2977514566929134
21
0.9003067716535433
0
LINE
8
BLACK
6
CONTINUOUS
10
0.2977514566929134
20
0.9003067716535433
11
0.2977515354330709
21
0.900306968503937
0
LINE
8
BLACK
6
CONTINUOUS
10
0.2977515354330709
20
0.900306968503937
11
0.2997633070866141
21
0.9057005905511811
0
LINE
8
BLACK
6
CONTINUOUS
10
0.2997633070866141
20
0.9057005905511811
11
0.2997633858267716
21
0.905700905511811
0
LINE
8
BLACK
6
CONTINUOUS
10
0.2997633858267716
20
0.905700905511811
11
0.3000196456692913
21
0.9080846456692914
0
LINE
8
BLACK
6
CONTINUOUS
10
0.3000196456692913
20
0.9080846456692914
11
0.3000196850393701
21
0.9080853149606299
0
LINE
8
BLACK
6
CONTINUOUS
10
0.3000196850393701
20
0.9080853149606299
11
0.3000196850393701
21
0.9719146456692913
0
LINE
8
BLACK
6
CONTINUOUS
10
0.3000196850393701
20
0.9719146456692913
11
0.3000196456692913
21
0.9719153149606299
0
LINE
8
BLACK
6
CONTINUOUS
10
0.3000196456692913
20
0.9719153149606299
11
0.2997633858267716
21
0.9742990551181102
0
LINE
8
BLACK
6
CONTINUOUS
10
0.2997633858267716
20
0.9742990551181102
11
0.2997633070866141
21
0.9742993700787401
0
LINE
8
BLACK
6
CONTINUOUS
10
0.2997633070866141
20
0.9742993700787401
11
0.2994866141732284
21
0.9750411417322834
0
LINE
8
BLACK
6
CONTINUOUS
10
0.2994866141732284
20
0.9750411417322834
11
0.2977515354330709
21
0.9796930708661417
0
LINE
8
BLACK
6
CONTINUOUS
10
0.2977515354330709
20
0.9796930708661417
11
0.2943016141732284
21
0.9843016141732284
0
LINE
8
BLACK
6
CONTINUOUS
10
0.2943016141732284
20
0.9843016141732284
11
0.2919943700787401
21
0.9860288188976378
0
LINE
8
BLACK
6
CONTINUOUS
10
0.2919943700787401
20
0.9860288188976378
11
0.2903192913385827
21
0.9882664566929134
0
LINE
8
BLACK
6
CONTINUOUS
10
0.2903192913385827
20
0.9882664566929134
11
0.2901199212598425
21
0.9910544881889763
0
LINE
8
BLACK
6
CONTINUOUS
10
0.2901199212598425
20
0.9910544881889763
11
0.2914594881889764
21
0.993507716535433
0
LINE
8
BLACK
6
CONTINUOUS
10
0.2914594881889764
20
0.993507716535433
11
0.2919943700787401
21
0.9939711811023622
0
LINE
8
BLACK
6
CONTINUOUS
10
0.2919943700787401
20
0.9939711811023622
11
0.2943016141732284
21
0.9956983464566929
0
LINE
8
BLACK
6
CONTINUOUS
10
0.2943016141732284
20
0.9956983464566929
11
0.2977514566929134
21
1.0003067716535432
0
LINE
8
BLACK
6
CONTINUOUS
10
0.2977514566929134
20
1.0003067716535432
11
0.2977515354330709
21
1.000306968503937
0
LINE
8
BLACK
6
CONTINUOUS
10
0.2977515354330709
20
1.000306968503937
11
0.2983514566929134
21
1.0019153149606299
0
LINE
8
BLACK
6
CONTINUOUS
10
0.2983514566929134
20
1.0019153149606299
11
0.2992405511811024
21
1.0042990551181101
0
LINE
8
BLACK
6
CONTINUOUS
10
0.2992405511811024
20
1.0042990551181101
11
0.2997633070866141
21
1.0057005905511811
0
LINE
8
BLACK
6
CONTINUOUS
10
0.2997633070866141
20
1.0057005905511811
11
0.2997633858267716
21
1.0057009055118109
0
LINE
8
BLACK
6
CONTINUOUS
10
0.2997633858267716
20
1.0057009055118109
11
0.3000196456692913
21
1.0080846456692913
0
LINE
8
BLACK
6
CONTINUOUS
10
0.3000196456692913
20
1.0080846456692913
11
0.3000196850393701
21
1.0080853149606299
0
LINE
8
BLACK
6
CONTINUOUS
10
0.3000196850393701
20
1.0080853149606299
11
0.3000196850393701
21
1.0719146456692914
0
LINE
8
BLACK
6
CONTINUOUS
10
0.3000196850393701
20
1.0719146456692914
11
0.3000196456692913
21
1.07191531496063
0
LINE
8
BLACK
6
CONTINUOUS
10
0.3000196456692913
20
1.07191531496063
11
0.2997633858267716
21
1.0742990551181102
0
LINE
8
BLACK
6
CONTINUOUS
10
0.2997633858267716
20
1.0742990551181102
11
0.2997633070866141
21
1.0742993700787402
0
LINE
8
BLACK
6
CONTINUOUS
10
0.2997633070866141
20
1.0742993700787402
11
0.2994866141732284
21
1.0750411417322834
0
LINE
8
BLACK
6
CONTINUOUS
10
0.2994866141732284
20
1.0750411417322834
11
0.2977515354330709
21
1.0796930708661416
0
LINE
8
BLACK
6
CONTINUOUS
10
0.2977515354330709
20
1.0796930708661416
11
0.2966635826771654
21
1.0811463779527559
0
LINE
8
BLACK
6
CONTINUOUS
10
0.2966635826771654
20
1.0811463779527559
11
0.2943016141732284
21
1.0843016141732282
0
LINE
8
BLACK
6
CONTINUOUS
10
0.2943016141732284
20
1.0843016141732282
11
0.2919943700787401
21
1.0860288188976377
0
LINE
8
BLACK
6
CONTINUOUS
10
0.2919943700787401
20
1.0860288188976377
11
0.2903192913385827
21
1.0882664566929134
0
LINE
8
BLACK
6
CONTINUOUS
10
0.2903192913385827
20
1.0882664566929134
11
0.2901199212598425
21
1.0910544881889763
0
LINE
8
BLACK
6
CONTINUOUS
10
0.2901199212598425
20
1.0910544881889763
11
0.2914594881889764
21
1.093507716535433
0
LINE
8
BLACK
6
CONTINUOUS
10
0.2914594881889764
20
1.093507716535433
11
0.2919943700787401
21
1.0939711811023622
0
LINE
8
BLACK
6
CONTINUOUS
10
0.2919943700787401
20
1.0939711811023622
11
0.2943016141732284
21
1.095698346456693
0
LINE
8
BLACK
6
CONTINUOUS
10
0.2943016141732284
20
1.095698346456693
11
0.2977514566929134
21
1.1003067716535433
0
LINE
8
BLACK
6
CONTINUOUS
10
0.2977514566929134
20
1.1003067716535433
11
0.2977515354330709
21
1.1003069685039371
0
LINE
8
BLACK
6
CONTINUOUS
10
0.2977515354330709
20
1.1003069685039371
11
0.2983514566929134
21
1.10191531496063
0
LINE
8
BLACK
6
CONTINUOUS
10
0.2983514566929134
20
1.10191531496063
11
0.2992405511811024
21
1.1042990551181102
0
LINE
8
BLACK
6
CONTINUOUS
10
0.2992405511811024
20
1.1042990551181102
11
0.2997633070866141
21
1.105700590551181
0
LINE
8
BLACK
6
CONTINUOUS
10
0.2997633070866141
20
1.105700590551181
11
0.2997633858267716
21
1.105700905511811
0
LINE
8
BLACK
6
CONTINUOUS
10
0.2997633858267716
20
1.105700905511811
11
0.3000196456692913
21
1.1080846456692912
0
LINE
8
BLACK
6
CONTINUOUS
10
0.3000196456692913
20
1.1080846456692912
11
0.3000196850393701
21
1.1080853149606298
0
LINE
8
BLACK
6
CONTINUOUS
10
0.3000196850393701
20
1.1080853149606298
11
0.3000196850393701
21
1.1485566929133857
0
LINE
8
BLACK
6
CONTINUOUS
10
0.3000196850393701
20
1.1485566929133857
11
0.3008071653543307
21
1.1512386220472441
0
LINE
8
BLACK
6
CONTINUOUS
10
0.3008071653543307
20
1.1512386220472441
11
0.3029196062992126
21
1.1530690551181102
0
LINE
8
BLACK
6
CONTINUOUS
10
0.3029196062992126
20
1.1530690551181102
11
0.3056862992125984
21
1.1534668503937007
0
LINE
8
BLACK
6
CONTINUOUS
10
0.3056862992125984
20
1.1534668503937007
11
0.3082288188976378
21
1.1523056692913385
0
LINE
8
BLACK
6
CONTINUOUS
10
0.3082288188976378
20
1.1523056692913385
11
0.3084879921259843
21
1.1520643700787401
0
LINE
8
BLACK
6
CONTINUOUS
10
0.3084879921259843
20
1.1520643700787401
11
0.3106533464566929
21
1.1498990157480315
0
LINE
8
BLACK
6
CONTINUOUS
10
0.3106533464566929
20
1.1498990157480315
11
0.3119929527559055
21
1.1474457874015749
0
LINE
8
BLACK
6
CONTINUOUS
10
0.3119929527559055
20
1.1474457874015749
11
0.3121062992125984
21
1.1463913385826772
0
LINE
8
BLACK
6
CONTINUOUS
10
0.3121062992125984
20
1.1463913385826772
11
0.3121062992125984
21
0.5109927559055119
0
LINE
8
BLACK
6
CONTINUOUS
10
0.3121062992125984
20
0.5109927559055119
11
0.3120972440944882
21
0.5106932283464567
0
LINE
8
BLACK
6
CONTINUOUS
10
0.3120972440944882
20
0.5106932283464567
11
0.3119526771653543
21
0.5083034645669291
0
LINE
8
BLACK
6
CONTINUOUS
10
0.3119526771653543
20
0.5083034645669291
11
0.3123842913385826
21
0.5059476771653543
0
LINE
8
BLACK
6
CONTINUOUS
10
0.3123842913385826
20
0.5059476771653543
11
0.3124293307086614
21
0.5056517322834646
0
LINE
8
BLACK
6
CONTINUOUS
10
0.3124293307086614
20
0.5056517322834646
11
0.312717874015748
21
0.5032755511811023
0
LINE
8
BLACK
6
CONTINUOUS
10
0.312717874015748
20
0.5032755511811023
11
0.3128602755905512
21
0.5029000393700788
0
LINE
8
BLACK
6
CONTINUOUS
10
0.3128602755905512
20
0.5029000393700788
11
0.3131011811023622
21
0.5020358661417322
0
LINE
8
BLACK
6
CONTINUOUS
10
0.3131011811023622
20
0.5020358661417322
11
0.3131735826771653
21
0.5016408661417323
0
LINE
8
BLACK
6
CONTINUOUS
10
0.3131735826771653
20
0.5016408661417323
11
0.3131737401574803
21
0.5016403543307086
0
LINE
8
BLACK
6
CONTINUOUS
10
0.3131737401574803
20
0.5016403543307086
11
0.3141562992125984
21
0.499457125984252
0
LINE
8
BLACK
6
CONTINUOUS
10
0.3141562992125984
20
0.499457125984252
11
0.3142709448818898
21
0.4991804330708661
0
LINE
8
BLACK
6
CONTINUOUS
10
0.3142709448818898
20
0.4991804330708661
11
0.3151198818897638
21
0.496941968503937
0
LINE
8
BLACK
6
CONTINUOUS
10
0.3151198818897638
20
0.496941968503937
11
0.3153482677165354
21
0.496611062992126
0
LINE
8
BLACK
6
CONTINUOUS
10
0.3153482677165354
20
0.496611062992126
11
0.3157887795275591
21
0.4958299212598425
0
LINE
8
BLACK
6
CONTINUOUS
10
0.3157887795275591
20
0.4958299212598425
11
0.3159536220472441
21
0.4954637401574803
0
LINE
8
BLACK
6
CONTINUOUS
10
0.3159536220472441
20
0.4954637401574803
11
0.3159538582677165
21
0.4954633464566929
0
LINE
8
BLACK
6
CONTINUOUS
10
0.3159538582677165
20
0.4954633464566929
11
0.3174303543307087
21
0.4935786614173228
0
LINE
8
BLACK
6
CONTINUOUS
10
0.3174303543307087
20
0.4935786614173228
11
0.3176077559055118
21
0.4933375590551181
0
LINE
8
BLACK
6
CONTINUOUS
10
0.3176077559055118
20
0.4933375590551181
11
0.318967874015748
21
0.4913671653543307
0
LINE
8
BLACK
6
CONTINUOUS
10
0.318967874015748
20
0.4913671653543307
11
0.3207601181102362
21
0.4897793700787402
0
LINE
8
BLACK
6
CONTINUOUS
10
0.3207601181102362
20
0.4897793700787402
11
0.3209782283464567
21
0.4895740551181103
0
LINE
8
BLACK
6
CONTINUOUS
10
0.3209782283464567
20
0.4895740551181103
11
0.336007716535433
21
0.4745446062992126
0
LINE
8
BLACK
6
CONTINUOUS
10
0.336007716535433
20
0.4745446062992126
11
0.3373472834645669
21
0.4720913385826772
0
LINE
8
BLACK
6
CONTINUOUS
10
0.3373472834645669
20
0.4720913385826772
11
0.3374606692913386
21
0.4710368897637795
0
LINE
8
BLACK
6
CONTINUOUS
10
0.3374606692913386
20
0.4710368897637795
11
0.3374606692913386
21
0.1256383858267716
0
LINE
8
BLACK
6
CONTINUOUS
10
0.3374606692913386
20
0.1256383858267716
11
0.3374516141732283
21
0.1253388582677165
0
LINE
8
BLACK
6
CONTINUOUS
10
0.3374516141732283
20
0.1253388582677165
11
0.3373070472440945
21
0.122949094488189
0
LINE
8
BLACK
6
CONTINUOUS
10
0.3373070472440945
20
0.122949094488189
11
0.3377386614173228
21
0.1205933070866142
0
LINE
8
BLACK
6
CONTINUOUS
10
0.3377386614173228
20
0.1205933070866142
11
0.3377837007874016
21
0.1202973622047244
0
LINE
8
BLACK
6
CONTINUOUS
10
0.3377837007874016
20
0.1202973622047244
11
0.3380722440944882
21
0.1179211811023622
0
LINE
8
BLACK
6
CONTINUOUS
10
0.3380722440944882
20
0.1179211811023622
11
0.3382146456692913
21
0.1175456692913386
0
LINE
8
BLACK
6
CONTINUOUS
10
0.3382146456692913
20
0.1175456692913386
11
0.3384555511811024
21
0.1166814960629921
0
LINE
8
BLACK
6
CONTINUOUS
10
0.3384555511811024
20
0.1166814960629921
11
0.3385279527559055
21
0.1162864960629921
0
LINE
8
BLACK
6
CONTINUOUS
10
0.3385279527559055
20
0.1162864960629921
11
0.3385281102362205
21
0.1162859842519685
0
LINE
8
BLACK
6
CONTINUOUS
10
0.3385281102362205
20
0.1162859842519685
11
0.3395106692913386
21
0.1141027559055118
0
LINE
8
BLACK
6
CONTINUOUS
10
0.3395106692913386
20
0.1141027559055118
11
0.3396253149606299
21
0.113826062992126
0
LINE
8
BLACK
6
CONTINUOUS
10
0.3396253149606299
20
0.113826062992126
11
0.3404742519685039
21
0.1115875984251968
0
LINE
8
BLACK
6
CONTINUOUS
10
0.3404742519685039
20
0.1115875984251968
11
0.3407026377952756
21
0.1112566929133858
0
LINE
8
BLACK
6
CONTINUOUS
10
0.3407026377952756
20
0.1112566929133858
11
0.3411431496062992
21
0.1104755511811024
0
LINE
8
BLACK
6
CONTINUOUS
10
0.3411431496062992
20
0.1104755511811024
11
0.3413079921259842
21
0.1101093700787402
0
LINE
8
BLACK
6
CONTINUOUS
10
0.3413079921259842
20
0.1101093700787402
11
0.3413082283464567
21
0.1101089763779527
0
LINE
8
BLACK
6
CONTINUOUS
10
0.3413082283464567
20
0.1101089763779527
11
0.3427847244094488
21
0.1082242913385827
0
LINE
8
BLACK
6
CONTINUOUS
10
0.3427847244094488
20
0.1082242913385827
11
0.342962125984252
21
0.1079831889763779
0
LINE
8
BLACK
6
CONTINUOUS
10
0.342962125984252
20
0.1079831889763779
11
0.3443222440944882
21
0.1060127952755905
0
LINE
8
BLACK
6
CONTINUOUS
10
0.3443222440944882
20
0.1060127952755905
11
0.3461148425196851
21
0.1044246850393701
0
LINE
8
BLACK
6
CONTINUOUS
10
0.3461148425196851
20
0.1044246850393701
11
0.3463329527559055
21
0.1042193307086614
0
LINE
8
BLACK
6
CONTINUOUS
10
0.3463329527559055
20
0.1042193307086614
11
0.3795737007874015
21
0.0709785826771653
0
LINE
8
BLACK
6
CONTINUOUS
10
0.3795737007874015
20
0.0709785826771653
11
0.3797790551181102
21
0.0707604724409449
0
LINE
8
BLACK
6
CONTINUOUS
10
0.3797790551181102
20
0.0707604724409449
11
0.3813672047244094
21
0.068967874015748
0
LINE
8
BLACK
6
CONTINUOUS
10
0.3813672047244094
20
0.068967874015748
11
0.3813672047244094
21
0.0689678346456693
0
LINE
8
BLACK
6
CONTINUOUS
10
0.3813672047244094
20
0.0689678346456693
11
0.383338031496063
21
0.0676074409448819
0
LINE
8
BLACK
6
CONTINUOUS
10
0.383338031496063
20
0.0676074409448819
11
0.3835791732283464
21
0.06743
0
LINE
8
BLACK
6
CONTINUOUS
10
0.3835791732283464
20
0.06743
11
0.3854635826771654
21
0.0659537007874016
0
LINE
8
BLACK
6
CONTINUOUS
10
0.3854635826771654
20
0.0659537007874016
11
0.3854636614173228
21
0.0659536614173228
0
LINE
8
BLACK
6
CONTINUOUS
10
0.3854636614173228
20
0.0659536614173228
11
0.3858296850393701
21
0.065788937007874
0
LINE
8
BLACK
6
CONTINUOUS
10
0.3858296850393701
20
0.065788937007874
11
0.3866113779527559
21
0.0653480708661417
0
LINE
8
BLACK
6
CONTINUOUS
10
0.3866113779527559
20
0.0653480708661417
11
0.3869418503937008
21
0.0651199606299213
0
LINE
8
BLACK
6
CONTINUOUS
10
0.3869418503937008
20
0.0651199606299213
11
0.3869418897637795
21
0.0651199212598425
0
LINE
8
BLACK
6
CONTINUOUS
10
0.3869418897637795
20
0.0651199212598425
11
0.3869419291338583
21
0.0651199212598425
0
LINE
8
BLACK
6
CONTINUOUS
10
0.3869419291338583
20
0.0651199212598425
11
0.3875545275590551
21
0.0648875590551181
0
LINE
8
BLACK
6
CONTINUOUS
10
0.3875545275590551
20
0.0648875590551181
11
0.3891805905511811
21
0.0642708661417323
0
LINE
8
BLACK
6
CONTINUOUS
10
0.3891805905511811
20
0.0642708661417323
11
0.3894572047244094
21
0.0641562598425197
0
LINE
8
BLACK
6
CONTINUOUS
10
0.3894572047244094
20
0.0641562598425197
11
0.3916403149606299
21
0.0631737401574803
0
LINE
8
BLACK
6
CONTINUOUS
10
0.3916403149606299
20
0.0631737401574803
11
0.3916408661417323
21
0.0631735826771654
0
LINE
8
BLACK
6
CONTINUOUS
10
0.3916408661417323
20
0.0631735826771654
11
0.3920358267716536
21
0.0631011811023622
0
LINE
8
BLACK
6
CONTINUOUS
10
0.3920358267716536
20
0.0631011811023622
11
0.3929000393700787
21
0.0628602755905512
0
LINE
8
BLACK
6
CONTINUOUS
10
0.3929000393700787
20
0.0628602755905512
11
0.3932753937007874
21
0.0627179133858268
0
LINE
8
BLACK
6
CONTINUOUS
10
0.3932753937007874
20
0.0627179133858268
11
0.3932756692913386
21
0.0627178346456693
0
LINE
8
BLACK
6
CONTINUOUS
10
0.3932756692913386
20
0.0627178346456693
11
0.3956522440944882
21
0.0624292913385827
0
LINE
8
BLACK
6
CONTINUOUS
10
0.3956522440944882
20
0.0624292913385827
11
0.3959483858267717
21
0.0623842125984252
0
LINE
8
BLACK
6
CONTINUOUS
10
0.3959483858267717
20
0.0623842125984252
11
0.3983033464566929
21
0.0619526771653543
0
LINE
8
BLACK
6
CONTINUOUS
10
0.3983033464566929
20
0.0619526771653543
11
0.3983033858267717
21
0.0619526377952756
0
LINE
8
BLACK
6
CONTINUOUS
10
0.3983033858267717
20
0.0619526377952756
11
0.400611811023622
21
0.0620922834645669
0
LINE
8
BLACK
6
CONTINUOUS
10
0.400611811023622
20
0.0620922834645669
11
0.4006935433070866
21
0.0620972440944882
0
LINE
8
BLACK
6
CONTINUOUS
10
0.4006935433070866
20
0.0620972440944882
11
0.4009929921259842
21
0.0621062992125984
0
LINE
8
BLACK
6
CONTINUOUS
10
0.4009929921259842
20
0.0621062992125984
11
0.636605590551181
21
0.0621062992125984
0
LINE
8
BLACK
6
CONTINUOUS
10
0.636605590551181
20
0.0621062992125984
11
0.6369051181102362
21
0.0620972440944882
0
LINE
8
BLACK
6
CONTINUOUS
10
0.6369051181102362
20
0.0620972440944882
11
0.6392949999999999
21
0.0619526771653543
0
LINE
8
BLACK
6
CONTINUOUS
10
0.6392949999999999
20
0.0619526771653543
11
0.6392950393700787
21
0.0619526771653543
0
LINE
8
BLACK
6
CONTINUOUS
10
0.6392950393700787
20
0.0619526771653543
11
0.6405938582677165
21
0.0621906692913386
0
LINE
8
BLACK
6
CONTINUOUS
10
0.6405938582677165
20
0.0621906692913386
11
0.641650157480315
21
0.0623842125984252
0
LINE
8
BLACK
6
CONTINUOUS
10
0.641650157480315
20
0.0623842125984252
11
0.6419461811023622
21
0.0624292913385827
0
LINE
8
BLACK
6
CONTINUOUS
10
0.6419461811023622
20
0.0624292913385827
11
0.6443225984251968
21
0.0627178346456693
0
LINE
8
BLACK
6
CONTINUOUS
10
0.6443225984251968
20
0.0627178346456693
11
0.6443227559055118
21
0.062717874015748
0
LINE
8
BLACK
6
CONTINUOUS
10
0.6443227559055118
20
0.062717874015748
11
0.6443228740157481
21
0.0627179133858268
0
LINE
8
BLACK
6
CONTINUOUS
10
0.6443228740157481
20
0.0627179133858268
11
0.6446983070866141
21
0.0628602755905512
0
LINE
8
BLACK
6
CONTINUOUS
10
0.6446983070866141
20
0.0628602755905512
11
0.6455624409448819
21
0.0631011811023622
0
LINE
8
BLACK
6
CONTINUOUS
10
0.6455624409448819
20
0.0631011811023622
11
0.6459578346456692
21
0.0631736614173228
0
LINE
8
BLACK
6
CONTINUOUS
10
0.6459578346456692
20
0.0631736614173228
11
0.645957874015748
21
0.0631736614173228
0
LINE
8
BLACK
6
CONTINUOUS
10
0.645957874015748
20
0.0631736614173228
11
0.6459579527559055
21
0.0631737007874016
0
LINE
8
BLACK
6
CONTINUOUS
10
0.6459579527559055
20
0.0631737007874016
11
0.6481414960629921
21
0.0641563779527559
0
LINE
8
BLACK
6
CONTINUOUS
10
0.6481414960629921
20
0.0641563779527559
11
0.6484181496062992
21
0.0642709842519685
0
LINE
8
BLACK
6
CONTINUOUS
10
0.6484181496062992
20
0.0642709842519685
11
0.6499939763779528
21
0.0648686614173228
0
LINE
8
BLACK
6
CONTINUOUS
10
0.6499939763779528
20
0.0648686614173228
11
0.6506564960629921
21
0.0651199212598425
0
LINE
8
BLACK
6
CONTINUOUS
10
0.6506564960629921
20
0.0651199212598425
11
0.6509870078740158
21
0.0653480708661417
0
LINE
8
BLACK
6
CONTINUOUS
10
0.6509870078740158
20
0.0653480708661417
11
0.6517684645669292
21
0.0657887795275591
0
LINE
8
BLACK
6
CONTINUOUS
10
0.6517684645669292
20
0.0657887795275591
11
0.6521347244094488
21
0.0659536614173228
0
LINE
8
BLACK
6
CONTINUOUS
10
0.6521347244094488
20
0.0659536614173228
11
0.6521348818897638
21
0.0659537401574803
0
LINE
8
BLACK
6
CONTINUOUS
10
0.6521348818897638
20
0.0659537401574803
11
0.6540194094488189
21
0.067430157480315
0
LINE
8
BLACK
6
CONTINUOUS
10
0.6540194094488189
20
0.067430157480315
11
0.6542606299212598
21
0.0676076377952756
0
LINE
8
BLACK
6
CONTINUOUS
10
0.6542606299212598
20
0.0676076377952756
11
0.6562311417322835
21
0.0689678346456693
0
LINE
8
BLACK
6
CONTINUOUS
10
0.6562311417322835
20
0.0689678346456693
11
0.6578192913385826
21
0.0707604724409449
0
LINE
8
BLACK
6
CONTINUOUS
10
0.6578192913385826
20
0.0707604724409449
11
0.6580246850393701
21
0.0709786220472441
0
LINE
8
BLACK
6
CONTINUOUS
10
0.6580246850393701
20
0.0709786220472441
11
0.6890212992125984
21
0.1019752362204724
0
LINE
8
BLACK
6
CONTINUOUS
10
0.6890212992125984
20
0.1019752362204724
11
0.6892394488188976
21
0.1021805905511811
0
LINE
8
BLACK
6
CONTINUOUS
10
0.6892394488188976
20
0.1021805905511811
11
0.691031968503937
21
0.1037686614173228
0
LINE
8
BLACK
6
CONTINUOUS
10
0.691031968503937
20
0.1037686614173228
11
0.6910320866141733
21
0.1037687795275591
0
LINE
8
BLACK
6
CONTINUOUS
10
0.6910320866141733
20
0.1037687795275591
11
0.692391968503937
21
0.1057388976377953
0
LINE
8
BLACK
6
CONTINUOUS
10
0.692391968503937
20
0.1057388976377953
11
0.6925695669291339
21
0.1059802755905512
0
LINE
8
BLACK
6
CONTINUOUS
10
0.6925695669291339
20
0.1059802755905512
11
0.6940462204724409
21
0.1078650787401575
0
LINE
8
BLACK
6
CONTINUOUS
10
0.6940462204724409
20
0.1078650787401575
11
0.6940462598425197
21
0.1078651181102362
0
LINE
8
BLACK
6
CONTINUOUS
10
0.6940462598425197
20
0.1078651181102362
11
0.6941450393700788
21
0.1080846456692913
0
LINE
8
BLACK
6
CONTINUOUS
10
0.6941450393700788
20
0.1080846456692913
11
0.6942109448818897
21
0.1082311023622047
0
LINE
8
BLACK
6
CONTINUOUS
10
0.6942109448818897
20
0.1082311023622047
11
0.6946520866141732
21
0.1090131889763779
0
LINE
8
BLACK
6
CONTINUOUS
10
0.6946520866141732
20
0.1090131889763779
11
0.6948799606299212
21
0.1093433070866142
0
LINE
8
BLACK
6
CONTINUOUS
10
0.6948799606299212
20
0.1093433070866142
11
0.6948799999999999
21
0.1093433858267717
0
LINE
8
BLACK
6
CONTINUOUS
10
0.6948799999999999
20
0.1093433858267717
11
0.6948800787401574
21
0.1093435039370079
0
LINE
8
BLACK
6
CONTINUOUS
10
0.6948800787401574
20
0.1093435039370079
11
0.6951704724409449
21
0.1101091732283465
0
LINE
8
BLACK
6
CONTINUOUS
10
0.6951704724409449
20
0.1101091732283465
11
0.695728937007874
21
0.1115817322834646
0
LINE
8
BLACK
6
CONTINUOUS
10
0.695728937007874
20
0.1115817322834646
11
0.6958435826771653
21
0.1118585826771653
0
LINE
8
BLACK
6
CONTINUOUS
10
0.6958435826771653
20
0.1118585826771653
11
0.6959694881889764
21
0.1121383858267716
0
LINE
8
BLACK
6
CONTINUOUS
10
0.6959694881889764
20
0.1121383858267716
11
0.6968263385826772
21
0.1140421653543307
0
LINE
8
BLACK
6
CONTINUOUS
10
0.6968263385826772
20
0.1140421653543307
11
0.6968302362204725
21
0.1140634645669291
0
LINE
8
BLACK
6
CONTINUOUS
10
0.6968302362204725
20
0.1140634645669291
11
0.6968373228346456
21
0.1140775590551181
0
LINE
8
BLACK
6
CONTINUOUS
10
0.6968373228346456
20
0.1140775590551181
11
0.6969155905511811
21
0.1143286614173228
0
LINE
8
BLACK
6
CONTINUOUS
10
0.6969155905511811
20
0.1143286614173228
11
0.6969573228346456
21
0.1143156299212598
0
LINE
8
BLACK
6
CONTINUOUS
10
0.6969573228346456
20
0.1143156299212598
11
0.6980882283464567
21
0.1165594881889764
0
LINE
8
BLACK
6
CONTINUOUS
10
0.6980882283464567
20
0.1165594881889764
11
0.7004959842519685
21
0.1179791732283465
0
LINE
8
BLACK
6
CONTINUOUS
10
0.7004959842519685
20
0.1179791732283465
11
0.7017096062992125
21
0.1181299212598425
0
LINE
8
BLACK
6
CONTINUOUS
10
0.7017096062992125
20
0.1181299212598425
11
0.7469153149606299
21
0.1181299212598425
0
LINE
8
BLACK
6
CONTINUOUS
10
0.7469153149606299
20
0.1181299212598425
11
0.7492990551181102
21
0.1183861811023622
0
LINE
8
BLACK
6
CONTINUOUS
10
0.7492990551181102
20
0.1183861811023622
11
0.7492993700787401
21
0.1183862598425197
0
LINE
8
BLACK
6
CONTINUOUS
10
0.7492993700787401
20
0.1183862598425197
11
0.7546929921259843
21
0.120398031496063
0
LINE
8
BLACK
6
CONTINUOUS
10
0.7546929921259843
20
0.120398031496063
11
0.7546931889763779
21
0.1203981102362205
0
LINE
8
BLACK
6
CONTINUOUS
10
0.7546931889763779
20
0.1203981102362205
11
0.7593016141732283
21
0.1238479527559055
0
LINE
8
BLACK
6
CONTINUOUS
10
0.7593016141732283
20
0.1238479527559055
11
0.7627514173228346
21
0.1284563385826772
0
LINE
8
BLACK
6
CONTINUOUS
10
0.7627514173228346
20
0.1284563385826772
11
0.7627514173228346
21
0.1284563779527559
0
LINE
8
BLACK
6
CONTINUOUS
10
0.7627514173228346
20
0.1284563779527559
11
0.7627515354330708
21
0.1284565354330709
0
LINE
8
BLACK
6
CONTINUOUS
10
0.7627515354330708
20
0.1284565354330709
11
0.7647633464566929
21
0.1338503543307087
0
LINE
8
BLACK
6
CONTINUOUS
10
0.7647633464566929
20
0.1338503543307087
11
0.7648016141732283
21
0.1342063779527559
0
LINE
8
BLACK
6
CONTINUOUS
10
0.7648016141732283
20
0.1342063779527559
11
0.7651643307086614
21
0.1356070472440945
0
LINE
8
BLACK
6
CONTINUOUS
10
0.7651643307086614
20
0.1356070472440945
11
0.7664124015748032
21
0.1385603937007874
0
LINE
8
BLACK
6
CONTINUOUS
10
0.7664124015748032
20
0.1385603937007874
11
0.7670682677165355
21
0.144277125984252
0
LINE
8
BLACK
6
CONTINUOUS
10
0.7670682677165355
20
0.144277125984252
11
0.7669884251968504
21
0.1470709448818898
0
LINE
8
BLACK
6
CONTINUOUS
10
0.7669884251968504
20
0.1470709448818898
11
0.7660071653543307
21
0.1527407874015748
0
LINE
8
BLACK
6
CONTINUOUS
10
0.7660071653543307
20
0.1527407874015748
11
0.7655938582677165
21
0.1540125984251969
0
LINE
8
BLACK
6
CONTINUOUS
10
0.7655938582677165
20
0.1540125984251969
11
0.7650227165354331
21
0.1551335826771653
0
LINE
8
BLACK
6
CONTINUOUS
10
0.7650227165354331
20
0.1551335826771653
11
0.764251968503937
21
0.16
0
LINE
8
BLACK
6
CONTINUOUS
10
0.764251968503937
20
0.16
11
0.7650227165354331
21
0.1648664173228346
0
LINE
8
BLACK
6
CONTINUOUS
10
0.7650227165354331
20
0.1648664173228346
11
0.7657114566929134
21
0.1662181496062992
0
LINE
8
BLACK
6
CONTINUOUS
10
0.7657114566929134
20
0.1662181496062992
11
0.7659757086614173
21
0.1668116141732283
0
LINE
8
BLACK
6
CONTINUOUS
10
0.7659757086614173
20
0.1668116141732283
11
0.7660116929133858
21
0.166873937007874
0
LINE
8
BLACK
6
CONTINUOUS
10
0.7660116929133858
20
0.166873937007874
11
0.7663003543307086
21
0.1673738976377953
0
LINE
8
BLACK
6
CONTINUOUS
10
0.7663003543307086
20
0.1673738976377953
11
0.7671206692913386
21
0.1689838976377953
0
LINE
8
BLACK
6
CONTINUOUS
10
0.7671206692913386
20
0.1689838976377953
11
0.7688630314960629
21
0.1731901968503937
0
LINE
8
BLACK
6
CONTINUOUS
10
0.7688630314960629
20
0.1731901968503937
11
0.7695276377952756
21
0.1756704724409449
0
LINE
8
BLACK
6
CONTINUOUS
10
0.7695276377952756
20
0.1756704724409449
11
0.7702165354330709
21
0.180903031496063
0
LINE
8
BLACK
6
CONTINUOUS
10
0.7702165354330709
20
0.180903031496063
11
0.7702165354330709
21
0.1890968897637795
0
LINE
8
BLACK
6
CONTINUOUS
10
0.7702165354330709
20
0.1890968897637795
11
0.7695276771653543
21
0.1943293700787402
0
LINE
8
BLACK
6
CONTINUOUS
10
0.7695276771653543
20
0.1943293700787402
11
0.7688630708661417
21
0.1968096850393701
0
LINE
8
BLACK
6
CONTINUOUS
10
0.7688630708661417
20
0.1968096850393701
11
0.7671207086614173
21
0.2010160236220472
0
LINE
8
BLACK
6
CONTINUOUS
10
0.7671207086614173
20
0.2010160236220472
11
0.7663004330708661
21
0.202625905511811
0
LINE
8
BLACK
6
CONTINUOUS
10
0.7663004330708661
20
0.202625905511811
11
0.7659757874015748
21
0.2031882283464567
0
LINE
8
BLACK
6
CONTINUOUS
10
0.7659757874015748
20
0.2031882283464567
11
0.7657115748031496
21
0.2037815354330709
0
LINE
8
BLACK
6
CONTINUOUS
10
0.7657115748031496
20
0.2037815354330709
11
0.7650227165354331
21
0.2051335826771654
0
LINE
8
BLACK
6
CONTINUOUS
10
0.7650227165354331
20
0.2051335826771654
11
0.764251968503937
21
0.21
0
LINE
8
BLACK
6
CONTINUOUS
10
0.764251968503937
20
0.21
11
0.7650227165354331
21
0.2148664173228347
0
LINE
8
BLACK
6
CONTINUOUS
10
0.7650227165354331
20
0.2148664173228347
11
0.7657115354330708
21
0.2162183464566929
0
LINE
8
BLACK
6
CONTINUOUS
10
0.7657115354330708
20
0.2162183464566929
11
0.7659756692913385
21
0.2168115354330709
0
LINE
8
BLACK
6
CONTINUOUS
10
0.7659756692913385
20
0.2168115354330709
11
0.7663002362204724
21
0.2173736614173228
0
LINE
8
BLACK
6
CONTINUOUS
10
0.7663002362204724
20
0.2173736614173228
11
0.767120748031496
21
0.2189840157480315
0
LINE
8
BLACK
6
CONTINUOUS
10
0.767120748031496
20
0.2189840157480315
11
0.7672616929133859
21
0.2193242913385827
0
LINE
8
BLACK
6
CONTINUOUS
10
0.7672616929133859
20
0.2193242913385827
11
0.7688630314960629
21
0.2231901968503937
0
LINE
8
BLACK
6
CONTINUOUS
10
0.7688630314960629
20
0.2231901968503937
11
0.7695276377952756
21
0.2256704724409449
0
LINE
8
BLACK
6
CONTINUOUS
10
0.7695276377952756
20
0.2256704724409449
11
0.7702165354330709
21
0.230903031496063
0
LINE
8
BLACK
6
CONTINUOUS
10
0.7702165354330709
20
0.230903031496063
11
0.7702165354330709
21
0.2390968897637795
0
LINE
8
BLACK
6
CONTINUOUS
10
0.7702165354330709
20
0.2390968897637795
11
0.7695276771653543
21
0.2443293700787401
0
LINE
8
BLACK
6
CONTINUOUS
10
0.7695276771653543
20
0.2443293700787401
11
0.7688630708661417
21
0.2468096850393701
0
LINE
8
BLACK
6
CONTINUOUS
10
0.7688630708661417
20
0.2468096850393701
11
0.7671207086614173
21
0.2510160236220472
0
LINE
8
BLACK
6
CONTINUOUS
10
0.7671207086614173
20
0.2510160236220472
11
0.7663004330708661
21
0.252625905511811
0
LINE
8
BLACK
6
CONTINUOUS
10
0.7663004330708661
20
0.252625905511811
11
0.7659757874015748
21
0.2531882283464567
0
LINE
8
BLACK
6
CONTINUOUS
10
0.7659757874015748
20
0.2531882283464567
11
0.7657115748031496
21
0.2537815354330709
0
LINE
8
BLACK
6
CONTINUOUS
10
0.7657115748031496
20
0.2537815354330709
11
0.7650227165354331
21
0.2551335826771653
0
LINE
8
BLACK
6
CONTINUOUS
10
0.7650227165354331
20
0.2551335826771653
11
0.764251968503937
21
0.26
0
LINE
8
BLACK
6
CONTINUOUS
10
0.764251968503937
20
0.26
11
0.7650227165354331
21
0.2648664173228346
0
LINE
8
BLACK
6
CONTINUOUS
10
0.7650227165354331
20
0.2648664173228346
11
0.7657114566929134
21
0.2662181496062992
0
LINE
8
BLACK
6
CONTINUOUS
10
0.7657114566929134
20
0.2662181496062992
11
0.7659757086614173
21
0.2668116141732284
0
LINE
8
BLACK
6
CONTINUOUS
10
0.7659757086614173
20
0.2668116141732284
11
0.7660116929133858
21
0.266873937007874
0
LINE
8
BLACK
6
CONTINUOUS
10
0.7660116929133858
20
0.266873937007874
11
0.7663003543307086
21
0.2673738976377953
0
LINE
8
BLACK
6
CONTINUOUS
10
0.7663003543307086
20
0.2673738976377953
11
0.7671206692913386
21
0.2689838976377953
0
LINE
8
BLACK
6
CONTINUOUS
10
0.7671206692913386
20
0.2689838976377953
11
0.7688630314960629
21
0.2731901968503937
0
LINE
8
BLACK
6
CONTINUOUS
10
0.7688630314960629
20
0.2731901968503937
11
0.7695276377952756
21
0.2756704724409449
0
LINE
8
BLACK
6
CONTINUOUS
10
0.7695276377952756
20
0.2756704724409449
11
0.7702165354330709
21
0.280903031496063
0
LINE
8
BLACK
6
CONTINUOUS
10
0.7702165354330709
20
0.280903031496063
11
0.7702165354330709
21
0.4195713779527559
0
LINE
8
BLACK
6
CONTINUOUS
10
0.7702165354330709
20
0.4195713779527559
11
0.7710040157480315
21
0.4222533070866142
0
LINE
8
BLACK
6
CONTINUOUS
10
0.7710040157480315
20
0.4222533070866142
11
0.7716694881889764
21
0.4230790551181102
0
LINE
8
BLACK
6
CONTINUOUS
10
0.7716694881889764
20
0.4230790551181102
11
0.816920905511811
21
0.4683304724409449
0
LINE
8
BLACK
6
CONTINUOUS
10
0.816920905511811
20
0.4683304724409449
11
0.8193741338582677
21
0.4696700787401575
0
LINE
8
BLACK
6
CONTINUOUS
10
0.8193741338582677
20
0.4696700787401575
11
0.8204285826771653
21
0.4697834251968504
0
LINE
8
BLACK
6
CONTINUOUS
10
0.8204285826771653
20
0.4697834251968504
11
0.9579456299212599
21
0.4697834251968504
0
LINE
8
BLACK
6
CONTINUOUS
10
0.9579456299212599
20
0.4697834251968504
11
0.957945905511811
21
0.4697834645669291
0
LINE
8
BLACK
6
CONTINUOUS
10
0.957945905511811
20
0.4697834645669291
11
0.9601051181102362
21
0.4698991732283465
0
LINE
8
BLACK
6
CONTINUOUS
10
0.9601051181102362
20
0.4698991732283465
11
0.9601071653543307
21
0.4698993307086614
0
LINE
8
BLACK
6
CONTINUOUS
10
0.9601071653543307
20
0.4698993307086614
11
0.96116
21
0.4700125196850394
0
LINE
8
BLACK
6
CONTINUOUS
10
0.96116
20
0.4700125196850394
11
0.9611604330708661
21
0.4700125984251968
0
LINE
8
BLACK
6
CONTINUOUS
10
0.9611604330708661
20
0.4700125984251968
11
0.9632970078740157
21
0.4703588188976378
0
LINE
8
BLACK
6
CONTINUOUS
10
0.9632970078740157
20
0.4703588188976378
11
0.9632974803149607
21
0.470358937007874
0
LINE
8
BLACK
6
CONTINUOUS
10
0.9632974803149607
20
0.470358937007874
11
0.9686883858267716
21
0.47236968503937
0
LINE
8
BLACK
6
CONTINUOUS
10
0.9686883858267716
20
0.47236968503937
11
0.9686887795275591
21
0.472369842519685
0
LINE
8
BLACK
6
CONTINUOUS
10
0.9686887795275591
20
0.472369842519685
11
0.9711420472440945
21
0.4737094881889763
0
LINE
8
BLACK
6
CONTINUOUS
10
0.9711420472440945
20
0.4737094881889763
11
0.9757479921259842
21
0.4771575590551181
0
LINE
8
BLACK
6
CONTINUOUS
10
0.9757479921259842
20
0.4771575590551181
11
0.9757481496062992
21
0.4771576771653543
0
LINE
8
BLACK
6
CONTINUOUS
10
0.9757481496062992
20
0.4771576771653543
11
0.9885707874015748
21
0.4899803149606299
0
LINE
8
BLACK
6
CONTINUOUS
10
0.9885707874015748
20
0.4899803149606299
11
1.0014085039370078
21
0.502818031496063
0
LINE
8
BLACK
6
CONTINUOUS
10
1.0014085039370078
20
0.502818031496063
11
1.0038616929133859
21
0.5041575590551181
0
LINE
8
BLACK
6
CONTINUOUS
10
1.0038616929133859
20
0.5041575590551181
11
1.00664968503937
21
0.5039581889763779
0
LINE
8
BLACK
6
CONTINUOUS
10
1.00664968503937
20
0.5039581889763779
11
1.0088873228346456
21
0.5022831102362204
0
LINE
8
BLACK
6
CONTINUOUS
10
1.0088873228346456
20
0.5022831102362204
11
1.0092121259842519
21
0.5017906692913385
0
LINE
8
BLACK
6
CONTINUOUS
10
1.0092121259842519
20
0.5017906692913385
11
1.0109037795275591
21
0.4988607086614173
0
LINE
8
BLACK
6
CONTINUOUS
10
1.0109037795275591
20
0.4988607086614173
11
1.0109041338582676
21
0.4988601574803149
0
LINE
8
BLACK
6
CONTINUOUS
10
1.0109041338582676
20
0.4988601574803149
11
1.0159348031496063
21
0.493273031496063
0
LINE
8
BLACK
6
CONTINUOUS
10
1.0159348031496063
20
0.493273031496063
11
1.0220175984251969
21
0.4888536220472441
0
LINE
8
BLACK
6
CONTINUOUS
10
1.0220175984251969
20
0.4888536220472441
11
1.0288862598425197
21
0.4857955118110236
0
LINE
8
BLACK
6
CONTINUOUS
10
1.0288862598425197
20
0.4857955118110236
11
1.0362406692913386
21
0.4842322834645669
0
LINE
8
BLACK
6
CONTINUOUS
10
1.0362406692913386
20
0.4842322834645669
11
1.0437593307086614
21
0.4842322834645669
0
LINE
8
BLACK
6
CONTINUOUS
10
1.0437593307086614
20
0.4842322834645669
11
1.0511137007874016
21
0.4857955118110236
0
LINE
8
BLACK
6
CONTINUOUS
10
1.0511137007874016
20
0.4857955118110236
11
1.0579823622047244
21
0.4888536220472441
0
LINE
8
BLACK
6
CONTINUOUS
10
1.0579823622047244
20
0.4888536220472441
11
1.0640651574803148
21
0.493273031496063
0
LINE
8
BLACK
6
CONTINUOUS
10
1.0640651574803148
20
0.493273031496063
11
1.068397559055118
21
0.4980846456692913
0
LINE
8
BLACK
6
CONTINUOUS
10
1.068397559055118
20
0.4980846456692913
11
1.0690958267716535
21
0.4988601574803149
0
LINE
8
BLACK
6
CONTINUOUS
10
1.0690958267716535
20
0.4988601574803149
11
1.0690961023622048
21
0.4988605511811023
0
LINE
8
BLACK
6
CONTINUOUS
10
1.0690961023622048
20
0.4988605511811023
11
1.0695696062992126
21
0.4996806692913386
0
LINE
8
BLACK
6
CONTINUOUS
10
1.0695696062992126
20
0.4996806692913386
11
1.0728553937007874
21
0.5053718110236221
0
LINE
8
BLACK
6
CONTINUOUS
10
1.0728553937007874
20
0.5053718110236221
11
1.0751788188976377
21
0.5125225196850394
0
LINE
8
BLACK
6
CONTINUOUS
10
1.0751788188976377
20
0.5125225196850394
11
1.0759647244094488
21
0.52
0
LINE
8
BLACK
6
CONTINUOUS
10
1.0759647244094488
20
0.52
11
1.0751788188976377
21
0.5274774803149607
0
LINE
8
BLACK
6
CONTINUOUS
10
1.0751788188976377
20
0.5274774803149607
11
1.0728553937007874
21
0.534628188976378
0
LINE
8
BLACK
6
CONTINUOUS
10
1.0728553937007874
20
0.534628188976378
11
1.069096062992126
21
0.5411395275590551
0
LINE
8
BLACK
6
CONTINUOUS
10
1.069096062992126
20
0.5411395275590551
11
1.0640650787401575
21
0.5467270078740157
0
LINE
8
BLACK
6
CONTINUOUS
10
1.0640650787401575
20
0.5467270078740157
11
1.0579823622047244
21
0.5511463779527559
0
LINE
8
BLACK
6
CONTINUOUS
10
1.0579823622047244
20
0.5511463779527559
11
1.0579822047244094
21
0.5511464173228346
0
LINE
8
BLACK
6
CONTINUOUS
10
1.0579822047244094
20
0.5511464173228346
11
1.0579054724409449
21
0.5512022047244094
0
LINE
8
BLACK
6
CONTINUOUS
10
1.0579054724409449
20
0.5512022047244094
11
1.0561986220472441
21
0.5534156692913386
0
LINE
8
BLACK
6
CONTINUOUS
10
1.0561986220472441
20
0.5534156692913386
11
1.0559594488188977
21
0.5562005511811023
0
LINE
8
BLACK
6
CONTINUOUS
10
1.0559594488188977
20
0.5562005511811023
11
1.0572638188976378
21
0.5586726771653543
0
LINE
8
BLACK
6
CONTINUOUS
10
1.0572638188976378
20
0.5586726771653543
11
1.0573107874015748
21
0.5587203149606299
0
LINE
8
BLACK
6
CONTINUOUS
10
1.0573107874015748
20
0.5587203149606299
11
1.072842283464567
21
0.574251811023622
0
LINE
8
BLACK
6
CONTINUOUS
10
1.072842283464567
20
0.574251811023622
11
1.0742880708661418
21
0.5758612992125984
0
LINE
8
BLACK
6
CONTINUOUS
10
1.0742880708661418
20
0.5758612992125984
11
1.0749535433070865
21
0.5766870472440945
0
LINE
8
BLACK
6
CONTINUOUS
10
1.0749535433070865
20
0.5766870472440945
11
1.0757211811023621
21
0.5777515354330709
0
LINE
8
BLACK
6
CONTINUOUS
10
1.0757211811023621
20
0.5777515354330709
11
1.0762196456692914
21
0.5784427559055118
0
LINE
8
BLACK
6
CONTINUOUS
10
1.0762196456692914
20
0.5784427559055118
11
1.0762196850393702
21
0.5784428346456693
0
LINE
8
BLACK
6
CONTINUOUS
10
1.0762196850393702
20
0.5784428346456693
11
1.0762197637795274
21
0.5784429527559055
0
LINE
8
BLACK
6
CONTINUOUS
10
1.0762197637795274
20
0.5784429527559055
11
1.0786101574803149
21
0.5836771653543307
0
LINE
8
BLACK
6
CONTINUOUS
10
1.0786101574803149
20
0.5836771653543307
11
1.0793976377952756
21
0.586359094488189
0
LINE
8
BLACK
6
CONTINUOUS
10
1.0793976377952756
20
0.586359094488189
11
1.0802165354330708
21
0.5920547244094488
0
LINE
8
BLACK
6
CONTINUOUS
10
1.0802165354330708
20
0.5920547244094488
11
1.0802165354330708
21
0.7953037007874015
0
LINE
8
BLACK
6
CONTINUOUS
10
1.0802165354330708
20
0.7953037007874015
11
1.0810040157480314
21
0.7979856299212599
0
LINE
8
BLACK
6
CONTINUOUS
10
1.0810040157480314
20
0.7979856299212599
11
1.0831164566929135
21
0.7998160629921259
0
LINE
8
BLACK
6
CONTINUOUS
10
1.0831164566929135
20
0.7998160629921259
11
1.0857073622047244
21
0.800235905511811
0
LINE
8
BLACK
6
CONTINUOUS
10
1.0857073622047244
20
0.800235905511811
11
1.0880845275590552
21
0.7999803543307087
0
LINE
8
BLACK
6
CONTINUOUS
10
1.0880845275590552
20
0.7999803543307087
11
1.0880849212598425
21
0.7999803149606299
0
LINE
8
BLACK
6
CONTINUOUS
10
1.0880849212598425
20
0.7999803149606299
11
1.0880851181102362
21
0.7999803149606299
0
LINE
8
BLACK
6
CONTINUOUS
10
1.0880851181102362
20
0.7999803149606299
11
1.0880853543307087
21
0.7999803149606299
0
LINE
8
BLACK
6
CONTINUOUS
10
1.0880853543307087
20
0.7999803149606299
11
1.1519153149606298
21
0.7999803149606299
0
LINE
8
BLACK
6
CONTINUOUS
10
1.1519153149606298
20
0.7999803149606299
11
1.1542990551181103
21
0.8002365748031496
0
LINE
8
BLACK
6
CONTINUOUS
10
1.1542990551181103
20
0.8002365748031496
11
1.1542993700787401
21
0.8002366535433071
0
LINE
8
BLACK
6
CONTINUOUS
10
1.1542993700787401
20
0.8002366535433071
11
1.1596929921259842
21
0.8022484251968504
0
LINE
8
BLACK
6
CONTINUOUS
10
1.1596929921259842
20
0.8022484251968504
11
1.159693188976378
21
0.8022485039370079
0
LINE
8
BLACK
6
CONTINUOUS
10
1.159693188976378
20
0.8022485039370079
11
1.1643016141732283
21
0.8056983464566929
0
LINE
8
BLACK
6
CONTINUOUS
10
1.1643016141732283
20
0.8056983464566929
11
1.1677514566929135
21
0.8103067716535433
0
LINE
8
BLACK
6
CONTINUOUS
10
1.1677514566929135
20
0.8103067716535433
11
1.1677515354330708
21
0.810306968503937
0
LINE
8
BLACK
6
CONTINUOUS
10
1.1677515354330708
20
0.810306968503937
11
1.1697633070866142
21
0.815700590551181
0
LINE
8
BLACK
6
CONTINUOUS
10
1.1697633070866142
20
0.815700590551181
11
1.1697633858267715
21
0.815700905511811
0
LINE
8
BLACK
6
CONTINUOUS
10
1.1697633858267715
20
0.815700905511811
11
1.1700196456692913
21
0.8180846456692913
0
LINE
8
BLACK
6
CONTINUOUS
10
1.1700196456692913
20
0.8180846456692913
11
1.17001968503937
21
0.8180853149606299
0
LINE
8
BLACK
6
CONTINUOUS
10
1.17001968503937
20
0.8180853149606299
11
1.17001968503937
21
0.8819146456692913
0
LINE
8
BLACK
6
CONTINUOUS
10
1.17001968503937
20
0.8819146456692913
11
1.1700196456692913
21
0.8819153149606299
0
LINE
8
BLACK
6
CONTINUOUS
10
1.1700196456692913
20
0.8819153149606299
11
1.1697633858267715
21
0.8842990551181102
0
LINE
8
BLACK
6
CONTINUOUS
10
1.1697633858267715
20
0.8842990551181102
11
1.1697633070866142
21
0.8842993700787402
0
LINE
8
BLACK
6
CONTINUOUS
10
1.1697633070866142
20
0.8842993700787402
11
1.1691182283464567
21
0.8860288582677165
0
LINE
8
BLACK
6
CONTINUOUS
10
1.1691182283464567
20
0.8860288582677165
11
1.1677515354330708
21
0.8896930708661417
0
LINE
8
BLACK
6
CONTINUOUS
10
1.1677515354330708
20
0.8896930708661417
11
1.1643016141732283
21
0.8943016141732283
0
LINE
8
BLACK
6
CONTINUOUS
10
1.1643016141732283
20
0.8943016141732283
11
1.159693188976378
21
0.8977514566929133
0
LINE
8
BLACK
6
CONTINUOUS
10
1.159693188976378
20
0.8977514566929133
11
1.1596931496062992
21
0.8977514566929133
0
LINE
8
BLACK
6
CONTINUOUS
10
1.1596931496062992
20
0.8977514566929133
11
1.1596930708661417
21
0.8977515354330708
0
LINE
8
BLACK
6
CONTINUOUS
10
1.1596930708661417
20
0.8977515354330708
11
1.1542992519685038
21
0.8997633464566929
0
LINE
8
BLACK
6
CONTINUOUS
10
1.1542992519685038
20
0.8997633464566929
11
1.1542991732283465
21
0.8997633464566929
0
LINE
8
BLACK
6
CONTINUOUS
10
1.1542991732283465
20
0.8997633464566929
11
1.1542990551181103
21
0.8997633858267716
0
LINE
8
BLACK
6
CONTINUOUS
10
1.1542990551181103
20
0.8997633858267716
11
1.1519153149606298
21
0.9000196456692913
0
LINE
8
BLACK
6
CONTINUOUS
10
1.1519153149606298
20
0.9000196456692913
11
1.151915157480315
21
0.9000196456692913
0
LINE
8
BLACK
6
CONTINUOUS
10
1.151915157480315
20
0.9000196456692913
11
1.1519148818897638
21
0.90001968503937
0
LINE
8
BLACK
6
CONTINUOUS
10
1.1519148818897638
20
0.90001968503937
11
1.0880851181102362
21
0.90001968503937
0
LINE
8
BLACK
6
CONTINUOUS
10
1.0880851181102362
20
0.90001968503937
11
1.0880847637795275
21
0.9000196456692913
0
LINE
8
BLACK
6
CONTINUOUS
10
1.0880847637795275
20
0.9000196456692913
11
1.0880847244094487
21
0.9000196456692913
0
LINE
8
BLACK
6
CONTINUOUS
10
1.0880847244094487
20
0.9000196456692913
11
1.0875768110236219
21
0.8999650393700788
0
LINE
8
BLACK
6
CONTINUOUS
10
1.0875768110236219
20
0.8999650393700788
11
1.0857074015748032
21
0.8997640551181102
0
LINE
8
BLACK
6
CONTINUOUS
10
1.0857074015748032
20
0.8997640551181102
11
1.0829567322834646
21
0.9002603149606299
0
LINE
8
BLACK
6
CONTINUOUS
10
1.0829567322834646
20
0.9002603149606299
11
1.0809109448818897
21
0.902165
0
LINE
8
BLACK
6
CONTINUOUS
10
1.0809109448818897
20
0.902165
11
1.0802165354330708
21
0.9046962598425197
0
LINE
8
BLACK
6
CONTINUOUS
10
1.0802165354330708
20
0.9046962598425197
11
1.0802165354330708
21
0.9150391338582677
0
LINE
8
BLACK
6
CONTINUOUS
10
1.0802165354330708
20
0.9150391338582677
11
1.0802164960629921
21
0.9150397244094488
0
LINE
8
BLACK
6
CONTINUOUS
10
1.0802164960629921
20
0.9150397244094488
11
1.0797545669291337
21
0.9193365748031496
0
LINE
8
BLACK
6
CONTINUOUS
10
1.0797545669291337
20
0.9193365748031496
11
1.0793062992125984
21
0.921397283464567
0
LINE
8
BLACK
6
CONTINUOUS
10
1.0793062992125984
20
0.921397283464567
11
1.077941338582677
21
0.9254983070866142
0
LINE
8
BLACK
6
CONTINUOUS
10
1.077941338582677
20
0.9254983070866142
11
1.0767126377952756
21
0.9274101181102362
0
LINE
8
BLACK
6
CONTINUOUS
10
1.0767126377952756
20
0.9274101181102362
11
1.0759251968503938
21
0.9300920472440944
0
LINE
8
BLACK
6
CONTINUOUS
10
1.0759251968503938
20
0.9300920472440944
11
1.0759251968503938
21
0.9380846456692913
0
LINE
8
BLACK
6
CONTINUOUS
10
1.0759251968503938
20
0.9380846456692913
11
1.0759251968503938
21
1.0234346456692913
0
LINE
8
BLACK
6
CONTINUOUS
10
1.0759251968503938
20
1.0234346456692913
11
1.0767126771653543
21
1.0261165748031496
0
LINE
8
BLACK
6
CONTINUOUS
10
1.0767126771653543
20
1.0261165748031496
11
1.0771993700787401
21
1.026753937007874
0
LINE
8
BLACK
6
CONTINUOUS
10
1.0771993700787401
20
1.026753937007874
11
1.0790958267716535
21
1.0288601574803149
0
LINE
8
BLACK
6
CONTINUOUS
10
1.0790958267716535
20
1.0288601574803149
11
1.0790961023622048
21
1.0288605511811024
0
LINE
8
BLACK
6
CONTINUOUS
10
1.0790961023622048
20
1.0288605511811024
11
1.0795696062992126
21
1.0296806692913385
0
LINE
8
BLACK
6
CONTINUOUS
10
1.0795696062992126
20
1.0296806692913385
11
1.0828553937007874
21
1.0353718110236221
0
LINE
8
BLACK
6
CONTINUOUS
10
1.0828553937007874
20
1.0353718110236221
11
1.0851788188976377
21
1.0425225196850394
0
LINE
8
BLACK
6
CONTINUOUS
10
1.0851788188976377
20
1.0425225196850394
11
1.0853796062992125
21
1.0444330708661418
0
LINE
8
BLACK
6
CONTINUOUS
10
1.0853796062992125
20
1.0444330708661418
11
1.0850227165354331
21
1.0451335826771653
0
LINE
8
BLACK
6
CONTINUOUS
10
1.0850227165354331
20
1.0451335826771653
11
1.0842519685039369
21
1.05
0
LINE
8
BLACK
6
CONTINUOUS
10
1.0842519685039369
20
1.05
11
1.0850227165354331
21
1.0548664173228346
0
LINE
8
BLACK
6
CONTINUOUS
10
1.0850227165354331
20
1.0548664173228346
11
1.0853796062992125
21
1.0555668897637795
0
LINE
8
BLACK
6
CONTINUOUS
10
1.0853796062992125
20
1.0555668897637795
11
1.0851788188976377
21
1.0574774803149607
0
LINE
8
BLACK
6
CONTINUOUS
10
1.0851788188976377
20
1.0574774803149607
11
1.0828553937007874
21
1.064628188976378
0
LINE
8
BLACK
6
CONTINUOUS
10
1.0828553937007874
20
1.064628188976378
11
1.079096062992126
21
1.0711395275590552
0
LINE
8
BLACK
6
CONTINUOUS
10
1.079096062992126
20
1.0711395275590552
11
1.0783979133858268
21
1.0719148818897637
0
LINE
8
BLACK
6
CONTINUOUS
10
1.0783979133858268
20
1.0719148818897637
11
1.0740651574803148
21
1.0767269291338581
0
LINE
8
BLACK
6
CONTINUOUS
10
1.0740651574803148
20
1.0767269291338581
11
1.0740651181102363
21
1.0767269291338581
0
LINE
8
BLACK
6
CONTINUOUS
10
1.0740651181102363
20
1.0767269291338581
11
1.0740650787401576
21
1.0767270078740157
0
LINE
8
BLACK
6
CONTINUOUS
10
1.0740650787401576
20
1.0767270078740157
11
1.0679823622047244
21
1.0811463779527559
0
LINE
8
BLACK
6
CONTINUOUS
10
1.0679823622047244
20
1.0811463779527559
11
1.0611137007874016
21
1.0842044881889763
0
LINE
8
BLACK
6
CONTINUOUS
10
1.0611137007874016
20
1.0842044881889763
11
1.0537593307086615
21
1.0857677165354331
0
LINE
8
BLACK
6
CONTINUOUS
10
1.0537593307086615
20
1.0857677165354331
11
1.0462406692913386
21
1.0857677165354331
0
LINE
8
BLACK
6
CONTINUOUS
10
1.0462406692913386
20
1.0857677165354331
11
1.0388862992125985
21
1.0842044881889763
0
LINE
8
BLACK
6
CONTINUOUS
10
1.0388862992125985
20
1.0842044881889763
11
1.0320176377952757
21
1.0811463779527559
0
LINE
8
BLACK
6
CONTINUOUS
10
1.0320176377952757
20
1.0811463779527559
11
1.0300172440944881
21
1.0796929921259841
0
LINE
8
BLACK
6
CONTINUOUS
10
1.0300172440944881
20
1.0796929921259841
11
1.0259348031496063
21
1.0767269291338581
0
LINE
8
BLACK
6
CONTINUOUS
10
1.0259348031496063
20
1.0767269291338581
11
1.0209041338582676
21
1.0711398031496062
0
LINE
8
BLACK
6
CONTINUOUS
10
1.0209041338582676
20
1.0711398031496062
11
1.0209039370078741
21
1.0711395275590552
0
LINE
8
BLACK
6
CONTINUOUS
10
1.0209039370078741
20
1.0711395275590552
11
1.0171446062992127
21
1.064628188976378
0
LINE
8
BLACK
6
CONTINUOUS
10
1.0171446062992127
20
1.064628188976378
11
1.0160049606299213
21
1.0611208661417322
0
LINE
8
BLACK
6
CONTINUOUS
10
1.0160049606299213
20
1.0611208661417322
11
1.0148211417322834
21
1.0574774409448819
0
LINE
8
BLACK
6
CONTINUOUS
10
1.0148211417322834
20
1.0574774409448819
11
1.0140352755905511
21
1.05
0
LINE
8
BLACK
6
CONTINUOUS
10
1.0140352755905511
20
1.05
11
1.0148211417322834
21
1.0425225196850394
0
LINE
8
BLACK
6
CONTINUOUS
10
1.0148211417322834
20
1.0425225196850394
11
1.0162629133858267
21
1.0380853149606299
0
LINE
8
BLACK
6
CONTINUOUS
10
1.0162629133858267
20
1.0380853149606299
11
1.017037716535433
21
1.0357007480314961
0
LINE
8
BLACK
6
CONTINUOUS
10
1.017037716535433
20
1.0357007480314961
11
1.0171446062992127
21
1.0353718503937008
0
LINE
8
BLACK
6
CONTINUOUS
10
1.0171446062992127
20
1.0353718503937008
11
1.0171447244094487
21
1.0353715748031496
0
LINE
8
BLACK
6
CONTINUOUS
10
1.0171447244094487
20
1.0353715748031496
11
1.0209038582677166
21
1.0288605511811024
0
LINE
8
BLACK
6
CONTINUOUS
10
1.0209038582677166
20
1.0288605511811024
11
1.0209041338582676
21
1.0288601574803149
0
LINE
8
BLACK
6
CONTINUOUS
10
1.0209041338582676
20
1.0288601574803149
11
1.0228006299212598
21
1.026753937007874
0
LINE
8
BLACK
6
CONTINUOUS
10
1.0228006299212598
20
1.026753937007874
11
1.0240100000000001
21
1.0242339763779527
0
LINE
8
BLACK
6
CONTINUOUS
10
1.0240100000000001
20
1.0242339763779527
11
1.0240748031496063
21
1.0234346456692913
0
LINE
8
BLACK
6
CONTINUOUS
10
1.0240748031496063
20
1.0234346456692913
11
1.0240748031496063
21
0.9451771653543307
0
LINE
8
BLACK
6
CONTINUOUS
10
1.0240748031496063
20
0.9451771653543307
11
1.0232873228346457
21
0.9424952362204724
0
LINE
8
BLACK
6
CONTINUOUS
10
1.0232873228346457
20
0.9424952362204724
11
1.0211748818897637
21
0.9406648031496063
0
LINE
8
BLACK
6
CONTINUOUS
10
1.0211748818897637
20
0.9406648031496063
11
1.0191141732283464
21
0.9402165354330708
0
LINE
8
BLACK
6
CONTINUOUS
10
1.0191141732283464
20
0.9402165354330708
11
0.9049606299212598
21
0.9402165354330708
0
LINE
8
BLACK
6
CONTINUOUS
10
0.9049606299212598
20
0.9402165354330708
11
0.9049602755905511
21
0.9402164960629921
0
LINE
8
BLACK
6
CONTINUOUS
10
0.9049602755905511
20
0.9402164960629921
11
0.9049602362204724
21
0.9402164960629921
0
LINE
8
BLACK
6
CONTINUOUS
10
0.9049602362204724
20
0.9402164960629921
11
0.9047163779527558
21
0.9401902755905511
0
LINE
8
BLACK
6
CONTINUOUS
10
0.9047163779527558
20
0.9401902755905511
11
0.9006634251968504
21
0.9397545669291338
0
LINE
8
BLACK
6
CONTINUOUS
10
0.9006634251968504
20
0.9397545669291338
11
0.9006630708661417
21
0.9397544881889763
0
LINE
8
BLACK
6
CONTINUOUS
10
0.9006630708661417
20
0.9397544881889763
11
0.9006629921259842
21
0.9397544881889763
0
LINE
8
BLACK
6
CONTINUOUS
10
0.9006629921259842
20
0.9397544881889763
11
0.8992387007874015
21
0.9394446456692913
0
LINE
8
BLACK
6
CONTINUOUS
10
0.8992387007874015
20
0.9394446456692913
11
0.898602716535433
21
0.9393062992125985
0
LINE
8
BLACK
6
CONTINUOUS
10
0.898602716535433
20
0.9393062992125985
11
0.8965383070866142
21
0.9386191732283464
0
LINE
8
BLACK
6
CONTINUOUS
10
0.8965383070866142
20
0.9386191732283464
11
0.8945017716535433
21
0.9379413779527559
0
LINE
8
BLACK
6
CONTINUOUS
10
0.8945017716535433
20
0.9379413779527559
11
0.8945016929133858
21
0.9379413385826771
0
LINE
8
BLACK
6
CONTINUOUS
10
0.8945016929133858
20
0.9379413385826771
11
0.8896609448818897
21
0.9348303937007874
0
LINE
8
BLACK
6
CONTINUOUS
10
0.8896609448818897
20
0.9348303937007874
11
0.8896608661417322
21
0.9348303149606298
0
LINE
8
BLACK
6
CONTINUOUS
10
0.8896608661417322
20
0.9348303149606298
11
0.8896607874015748
21
0.9348302755905512
0
LINE
8
BLACK
6
CONTINUOUS
10
0.8896607874015748
20
0.9348302755905512
11
0.8876496062992125
21
0.9330875590551181
0
LINE
8
BLACK
6
CONTINUOUS
10
0.8876496062992125
20
0.9330875590551181
11
0.8875620866141732
21
0.933015748031496
0
LINE
8
BLACK
6
CONTINUOUS
10
0.8875620866141732
20
0.933015748031496
11
0.8837802755905512
21
0.928651220472441
0
LINE
8
BLACK
6
CONTINUOUS
10
0.8837802755905512
20
0.928651220472441
11
0.8837801968503937
21
0.9286511023622047
0
LINE
8
BLACK
6
CONTINUOUS
10
0.8837801968503937
20
0.9286511023622047
11
0.8813898031496062
21
0.9234168897637796
0
LINE
8
BLACK
6
CONTINUOUS
10
0.8813898031496062
20
0.9234168897637796
11
0.8810467322834645
21
0.9222484251968504
0
LINE
8
BLACK
6
CONTINUOUS
10
0.8810467322834645
20
0.9222484251968504
11
0.8806023622047244
21
0.920735
0
LINE
8
BLACK
6
CONTINUOUS
10
0.8806023622047244
20
0.920735
11
0.8797834645669291
21
0.9150393700787401
0
LINE
8
BLACK
6
CONTINUOUS
10
0.8797834645669291
20
0.9150393700787401
11
0.8797834645669291
21
0.9150392125984251
0
LINE
8
BLACK
6
CONTINUOUS
10
0.8797834645669291
20
0.9150392125984251
11
0.8797834645669291
21
0.6104286614173228
0
LINE
8
BLACK
6
CONTINUOUS
10
0.8797834645669291
20
0.6104286614173228
11
0.8789959842519685
21
0.6077467322834645
0
LINE
8
BLACK
6
CONTINUOUS
10
0.8789959842519685
20
0.6077467322834645
11
0.8783305118110236
21
0.6069209842519685
0
LINE
8
BLACK
6
CONTINUOUS
10
0.8783305118110236
20
0.6069209842519685
11
0.8630790157480315
21
0.5916694881889764
0
LINE
8
BLACK
6
CONTINUOUS
10
0.8630790157480315
20
0.5916694881889764
11
0.8606257874015748
21
0.5903298818897638
0
LINE
8
BLACK
6
CONTINUOUS
10
0.8606257874015748
20
0.5903298818897638
11
0.8595713385826771
21
0.5902165354330708
0
LINE
8
BLACK
6
CONTINUOUS
10
0.8595713385826771
20
0.5902165354330708
11
0.6911714960629921
21
0.5902165354330708
0
LINE
8
BLACK
6
CONTINUOUS
10
0.6911714960629921
20
0.5902165354330708
11
0.6910930708661417
21
0.5902153937007873
0
LINE
8
BLACK
6
CONTINUOUS
10
0.6910930708661417
20
0.5902153937007873
11
0.6905960629921259
21
0.5902083464566928
0
LINE
8
BLACK
6
CONTINUOUS
10
0.6905960629921259
20
0.5902083464566928
11
0.690312874015748
21
0.5902002755905512
0
LINE
8
BLACK
6
CONTINUOUS
10
0.690312874015748
20
0.5902002755905512
11
0.6897345275590551
21
0.5901754724409448
0
LINE
8
BLACK
6
CONTINUOUS
10
0.6897345275590551
20
0.5901754724409448
11
0.6840951574803149
21
0.5890327952755905
0
LINE
8
BLACK
6
CONTINUOUS
10
0.6840951574803149
20
0.5890327952755905
11
0.6840949212598425
21
0.5890327165354331
0
LINE
8
BLACK
6
CONTINUOUS
10
0.6840949212598425
20
0.5890327165354331
11
0.6814625590551181
21
0.5880935039370079
0
LINE
8
BLACK
6
CONTINUOUS
10
0.6814625590551181
20
0.5880935039370079
11
0.6814619291338583
21
0.588093188976378
0
LINE
8
BLACK
6
CONTINUOUS
10
0.6814619291338583
20
0.588093188976378
11
0.6814520078740157
21
0.5880879527559055
0
LINE
8
BLACK
6
CONTINUOUS
10
0.6814520078740157
20
0.5880879527559055
11
0.6814325196850394
21
0.5880784645669291
0
LINE
8
BLACK
6
CONTINUOUS
10
0.6814325196850394
20
0.5880784645669291
11
0.6814135826771653
21
0.5880690157480315
0
LINE
8
BLACK
6
CONTINUOUS
10
0.6814135826771653
20
0.5880690157480315
11
0.6814134645669291
21
0.5880692125984252
0
LINE
8
BLACK
6
CONTINUOUS
10
0.6814134645669291
20
0.5880692125984252
11
0.6811545275590551
21
0.5879434251968504
0
LINE
8
BLACK
6
CONTINUOUS
10
0.6811545275590551
20
0.5879434251968504
11
0.6797596062992126
21
0.5873223622047244
0
LINE
8
BLACK
6
CONTINUOUS
10
0.6797596062992126
20
0.5873223622047244
11
0.6767492519685039
21
0.5859820472440945
0
LINE
8
BLACK
6
CONTINUOUS
10
0.6767492519685039
20
0.5859820472440945
11
0.6748664173228346
21
0.585022716535433
0
LINE
8
BLACK
6
CONTINUOUS
10
0.6748664173228346
20
0.585022716535433
11
0.6727788976377953
21
0.5846920866141733
0
LINE
8
BLACK
6
CONTINUOUS
10
0.6727788976377953
20
0.5846920866141733
11
0.6721442913385827
21
0.5845572047244094
0
LINE
8
BLACK
6
CONTINUOUS
10
0.6721442913385827
20
0.5845572047244094
11
0.6714991338582676
21
0.5844893700787401
0
LINE
8
BLACK
6
CONTINUOUS
10
0.6714991338582676
20
0.5844893700787401
11
0.67
21
0.584251968503937
0
LINE
8
BLACK
6
CONTINUOUS
10
0.67
20
0.584251968503937
11
0.668757125984252
21
0.5844488188976378
0
LINE
8
BLACK
6
CONTINUOUS
10
0.668757125984252
20
0.5844488188976378
11
0.6662866535433071
21
0.5844488188976378
0
LINE
8
BLACK
6
CONTINUOUS
10
0.6662866535433071
20
0.5844488188976378
11
0.6662863779527559
21
0.584448779527559
0
LINE
8
BLACK
6
CONTINUOUS
10
0.6662863779527559
20
0.584448779527559
11
0.6641262992125984
21
0.584333031496063
0
LINE
8
BLACK
6
CONTINUOUS
10
0.6641262992125984
20
0.584333031496063
11
0.6641254724409449
21
0.5843329133858267
0
LINE
8
BLACK
6
CONTINUOUS
10
0.6641254724409449
20
0.5843329133858267
11
0.6641250787401575
21
0.5843329133858267
0
LINE
8
BLACK
6
CONTINUOUS
10
0.6641250787401575
20
0.5843329133858267
11
0.6632659448818897
21
0.5842405511811023
0
LINE
8
BLACK
6
CONTINUOUS
10
0.6632659448818897
20
0.5842405511811023
11
0.6630718503937008
21
0.5842196850393701
0
LINE
8
BLACK
6
CONTINUOUS
10
0.6630718503937008
20
0.5842196850393701
11
0.6609349606299213
21
0.5838733858267716
0
LINE
8
BLACK
6
CONTINUOUS
10
0.6609349606299213
20
0.5838733858267716
11
0.6609347637795275
21
0.5838733070866141
0
LINE
8
BLACK
6
CONTINUOUS
10
0.6609347637795275
20
0.5838733070866141
11
0.6555438582677166
21
0.5818625590551181
0
LINE
8
BLACK
6
CONTINUOUS
10
0.6555438582677166
20
0.5818625590551181
11
0.6555434645669291
21
0.5818624015748032
0
LINE
8
BLACK
6
CONTINUOUS
10
0.6555434645669291
20
0.5818624015748032
11
0.6530901968503937
21
0.5805227559055118
0
LINE
8
BLACK
6
CONTINUOUS
10
0.6530901968503937
20
0.5805227559055118
11
0.6484842519685039
21
0.5770746850393701
0
LINE
8
BLACK
6
CONTINUOUS
10
0.6484842519685039
20
0.5770746850393701
11
0.6484837795275591
21
0.5770742913385827
0
LINE
8
BLACK
6
CONTINUOUS
10
0.6484837795275591
20
0.5770742913385827
11
0.5771582677165354
21
0.505748779527559
0
LINE
8
BLACK
6
CONTINUOUS
10
0.5771582677165354
20
0.505748779527559
11
0.5771579133858268
21
0.5057483858267716
0
LINE
8
BLACK
6
CONTINUOUS
10
0.5771579133858268
20
0.5057483858267716
11
0.577157716535433
21
0.505748188976378
0
LINE
8
BLACK
6
CONTINUOUS
10
0.577157716535433
20
0.505748188976378
11
0.5757119291338583
21
0.5041387007874015
0
LINE
8
BLACK
6
CONTINUOUS
10
0.5757119291338583
20
0.5041387007874015
11
0.5750464566929133
21
0.5033129527559055
0
LINE
8
BLACK
6
CONTINUOUS
10
0.5750464566929133
20
0.5033129527559055
11
0.575046062992126
21
0.5033124015748032
0
LINE
8
BLACK
6
CONTINUOUS
10
0.575046062992126
20
0.5033124015748032
11
0.5750460236220473
21
0.5033123622047244
0
LINE
8
BLACK
6
CONTINUOUS
10
0.5750460236220473
20
0.5033123622047244
11
0.5737803149606299
21
0.5015572047244095
0
LINE
8
BLACK
6
CONTINUOUS
10
0.5737803149606299
20
0.5015572047244095
11
0.5737802362204725
21
0.5015570472440944
0
LINE
8
BLACK
6
CONTINUOUS
10
0.5737802362204725
20
0.5015570472440944
11
0.5713898425196851
21
0.4963228346456693
0
LINE
8
BLACK
6
CONTINUOUS
10
0.5713898425196851
20
0.4963228346456693
11
0.5713898031496063
21
0.4963226771653543
0
LINE
8
BLACK
6
CONTINUOUS
10
0.5713898031496063
20
0.4963226771653543
11
0.5706024409448819
21
0.4936412204724409
0
LINE
8
BLACK
6
CONTINUOUS
10
0.5706024409448819
20
0.4936412204724409
11
0.5706023622047244
21
0.4936409448818898
0
LINE
8
BLACK
6
CONTINUOUS
10
0.5706023622047244
20
0.4936409448818898
11
0.5704385826771653
21
0.4925017716535433
0
LINE
8
BLACK
6
CONTINUOUS
10
0.5704385826771653
20
0.4925017716535433
11
0.5697834645669291
21
0.4879452755905512
0
LINE
8
BLACK
6
CONTINUOUS
10
0.5697834645669291
20
0.4879452755905512
11
0.5697834645669291
21
0.4879451181102362
0
LINE
8
BLACK
6
CONTINUOUS
10
0.5697834645669291
20
0.4879451181102362
11
0.5697834645669291
21
0.1449602362204724
0
LINE
8
BLACK
6
CONTINUOUS
10
0.5697834645669291
20
0.1449602362204724
11
0.5702454724409449
21
0.1406631496062992
0
LINE
8
BLACK
6
CONTINUOUS
10
0.5702454724409449
20
0.1406631496062992
11
0.5702454724409449
21
0.1406629921259842
0
LINE
8
BLACK
6
CONTINUOUS
10
0.5702454724409449
20
0.1406629921259842
11
0.5706935826771653
21
0.1386031102362205
0
LINE
8
BLACK
6
CONTINUOUS
10
0.5706935826771653
20
0.1386031102362205
11
0.5706938188976378
21
0.1386022834645669
0
LINE
8
BLACK
6
CONTINUOUS
10
0.5706938188976378
20
0.1386022834645669
11
0.5720585826771654
21
0.1345017716535433
0
LINE
8
BLACK
6
CONTINUOUS
10
0.5720585826771654
20
0.1345017716535433
11
0.5751697244094488
21
0.1296607874015748
0
LINE
8
BLACK
6
CONTINUOUS
10
0.5751697244094488
20
0.1296607874015748
11
0.5751698818897638
21
0.1296605511811024
0
LINE
8
BLACK
6
CONTINUOUS
10
0.5751698818897638
20
0.1296605511811024
11
0.5769125984251968
21
0.1276493307086614
0
LINE
8
BLACK
6
CONTINUOUS
10
0.5769125984251968
20
0.1276493307086614
11
0.5769838582677165
21
0.1275624803149606
0
LINE
8
BLACK
6
CONTINUOUS
10
0.5769838582677165
20
0.1275624803149606
11
0.5770000393700787
21
0.1275484251968504
0
LINE
8
BLACK
6
CONTINUOUS
10
0.5770000393700787
20
0.1275484251968504
11
0.5770000787401575
21
0.1275484251968504
0
LINE
8
BLACK
6
CONTINUOUS
10
0.5770000787401575
20
0.1275484251968504
11
0.5780907874015748
21
0.1266032677165354
0
LINE
8
BLACK
6
CONTINUOUS
10
0.5780907874015748
20
0.1266032677165354
11
0.579601968503937
21
0.1242519291338583
0
LINE
8
BLACK
6
CONTINUOUS
10
0.579601968503937
20
0.1242519291338583
11
0.579601968503937
21
0.1214567716535433
0
LINE
8
BLACK
6
CONTINUOUS
10
0.579601968503937
20
0.1214567716535433
11
0.5780908267716536
21
0.1191053543307087
0
LINE
8
BLACK
6
CONTINUOUS
10
0.5780908267716536
20
0.1191053543307087
11
0.5755482677165354
21
0.1179442125984252
0
LINE
8
BLACK
6
CONTINUOUS
10
0.5755482677165354
20
0.1179442125984252
11
0.5748422834645669
21
0.1178937007874016
0
LINE
8
BLACK
6
CONTINUOUS
10
0.5748422834645669
20
0.1178937007874016
11
0.4136086614173228
21
0.1178937007874016
0
LINE
8
BLACK
6
CONTINUOUS
10
0.4136086614173228
20
0.1178937007874016
11
0.4109267322834645
21
0.1186811811023622
0
LINE
8
BLACK
6
CONTINUOUS
10
0.4109267322834645
20
0.1186811811023622
11
0.4101009842519685
21
0.1193466535433071
0
LINE
8
BLACK
6
CONTINUOUS
10
0.4101009842519685
20
0.1193466535433071
11
0.3947010236220472
21
0.1347466141732283
0
LINE
8
BLACK
6
CONTINUOUS
10
0.3947010236220472
20
0.1347466141732283
11
0.3933614173228346
21
0.137199842519685
0
LINE
8
BLACK
6
CONTINUOUS
10
0.3933614173228346
20
0.137199842519685
11
0.3932480708661417
21
0.1382542913385827
0
LINE
8
BLACK
6
CONTINUOUS
10
0.3932480708661417
20
0.1382542913385827
11
0.3932480708661417
21
0.4836525590551181
0
LINE
8
BLACK
6
CONTINUOUS
10
0.3932480708661417
20
0.4836525590551181
11
0.3932571259842519
21
0.4839520472440945
0
LINE
8
BLACK
6
CONTINUOUS
10
0.3932571259842519
20
0.4839520472440945
11
0.3934016929133858
21
0.4863421653543307
0
LINE
8
BLACK
6
CONTINUOUS
10
0.3934016929133858
20
0.4863421653543307
11
0.3929698031496063
21
0.488698779527559
0
LINE
8
BLACK
6
CONTINUOUS
10
0.3929698031496063
20
0.488698779527559
11
0.3929251968503937
21
0.4889919291338582
0
LINE
8
BLACK
6
CONTINUOUS
10
0.3929251968503937
20
0.4889919291338582
11
0.3926364566929134
21
0.4913700787401575
0
LINE
8
BLACK
6
CONTINUOUS
10
0.3926364566929134
20
0.4913700787401575
11
0.3924941338582677
21
0.4917452362204724
0
LINE
8
BLACK
6
CONTINUOUS
10
0.3924941338582677
20
0.4917452362204724
11
0.392253031496063
21
0.4926103543307087
0
LINE
8
BLACK
6
CONTINUOUS
10
0.392253031496063
20
0.4926103543307087
11
0.3921807086614173
21
0.4930050393700787
0
LINE
8
BLACK
6
CONTINUOUS
10
0.3921807086614173
20
0.4930050393700787
11
0.3911977952755906
21
0.4951888188976378
0
LINE
8
BLACK
6
CONTINUOUS
10
0.3911977952755906
20
0.4951888188976378
11
0.3910833858267717
21
0.4954651181102362
0
LINE
8
BLACK
6
CONTINUOUS
10
0.3910833858267717
20
0.4954651181102362
11
0.3902344488188976
21
0.4977037007874016
0
LINE
8
BLACK
6
CONTINUOUS
10
0.3902344488188976
20
0.4977037007874016
11
0.3900063779527559
21
0.4980340551181102
0
LINE
8
BLACK
6
CONTINUOUS
10
0.3900063779527559
20
0.4980340551181102
11
0.3895654330708661
21
0.4988157874015748
0
LINE
8
BLACK
6
CONTINUOUS
10
0.3895654330708661
20
0.4988157874015748
11
0.3894006299212598
21
0.4991820866141732
0
LINE
8
BLACK
6
CONTINUOUS
10
0.3894006299212598
20
0.4991820866141732
11
0.3879226771653543
21
0.5010684645669291
0
LINE
8
BLACK
6
CONTINUOUS
10
0.3879226771653543
20
0.5010684645669291
11
0.3877472834645669
21
0.5013068503937008
0
LINE
8
BLACK
6
CONTINUOUS
10
0.3877472834645669
20
0.5013068503937008
11
0.3863864566929134
21
0.5032784251968504
0
LINE
8
BLACK
6
CONTINUOUS
10
0.3863864566929134
20
0.5032784251968504
11
0.3845934251968504
21
0.5048668503937008
0
LINE
8
BLACK
6
CONTINUOUS
10
0.3845934251968504
20
0.5048668503937008
11
0.3843765748031496
21
0.5050709842519685
0
LINE
8
BLACK
6
CONTINUOUS
10
0.3843765748031496
20
0.5050709842519685
11
0.3693465354330708
21
0.520101062992126
0
LINE
8
BLACK
6
CONTINUOUS
10
0.3693465354330708
20
0.520101062992126
11
0.3680070472440945
21
0.5225542125984252
0
LINE
8
BLACK
6
CONTINUOUS
10
0.3680070472440945
20
0.5225542125984252
11
0.3678937007874016
21
0.5236086614173229
0
LINE
8
BLACK
6
CONTINUOUS
10
0.3678937007874016
20
0.5236086614173229
11
0.3678937007874016
21
1.1590069291338583
0
LINE
8
BLACK
6
CONTINUOUS
10
0.3678937007874016
20
1.1590069291338583
11
0.3679027559055118
21
1.1593064173228347
0
LINE
8
BLACK
6
CONTINUOUS
10
0.3679027559055118
20
1.1593064173228347
11
0.3680473228346456
21
1.1616965354330708
0
LINE
8
BLACK
6
CONTINUOUS
10
0.3680473228346456
20
1.1616965354330708
11
0.3676154330708661
21
1.1640531496062991
0
LINE
8
BLACK
6
CONTINUOUS
10
0.3676154330708661
20
1.1640531496062991
11
0.3675708267716535
21
1.1643462992125984
0
LINE
8
BLACK
6
CONTINUOUS
10
0.3675708267716535
20
1.1643462992125984
11
0.3672820866141732
21
1.1667244488188977
0
LINE
8
BLACK
6
CONTINUOUS
10
0.3672820866141732
20
1.1667244488188977
11
0.3671397637795276
21
1.1670996062992125
0
LINE
8
BLACK
6
CONTINUOUS
10
0.3671397637795276
20
1.1670996062992125
11
0.3668986614173228
21
1.1679647244094489
0
LINE
8
BLACK
6
CONTINUOUS
10
0.3668986614173228
20
1.1679647244094489
11
0.3668263385826772
21
1.1683594094488188
0
LINE
8
BLACK
6
CONTINUOUS
10
0.3668263385826772
20
1.1683594094488188
11
0.3658434251968504
21
1.170543188976378
0
LINE
8
BLACK
6
CONTINUOUS
10
0.3658434251968504
20
1.170543188976378
11
0.3657290157480315
21
1.1708194881889764
0
LINE
8
BLACK
6
CONTINUOUS
10
0.3657290157480315
20
1.1708194881889764
11
0.3648800787401575
21
1.1730580708661418
0
LINE
8
BLACK
6
CONTINUOUS
10
0.3648800787401575
20
1.1730580708661418
11
0.3646520078740157
21
1.1733884251968503
0
LINE
8
BLACK
6
CONTINUOUS
10
0.3646520078740157
20
1.1733884251968503
11
0.364211062992126
21
1.1741701574803149
0
LINE
8
BLACK
6
CONTINUOUS
10
0.364211062992126
20
1.1741701574803149
11
0.3640462598425197
21
1.1745364566929133
0
LINE
8
BLACK
6
CONTINUOUS
10
0.3640462598425197
20
1.1745364566929133
11
0.3625683070866141
21
1.1764228346456693
0
LINE
8
BLACK
6
CONTINUOUS
10
0.3625683070866141
20
1.1764228346456693
11
0.3623929133858267
21
1.1766612204724409
0
LINE
8
BLACK
6
CONTINUOUS
10
0.3623929133858267
20
1.1766612204724409
11
0.3610320866141732
21
1.1786327952755906
0
LINE
8
BLACK
6
CONTINUOUS
10
0.3610320866141732
20
1.1786327952755906
11
0.3592387007874016
21
1.1802215354330707
0
LINE
8
BLACK
6
CONTINUOUS
10
0.3592387007874016
20
1.1802215354330707
11
0.3590218897637795
21
1.1804256692913386
0
LINE
8
BLACK
6
CONTINUOUS
10
0.3590218897637795
20
1.1804256692913386
11
0.3067977165354331
21
1.232649842519685
0
LINE
8
BLACK
6
CONTINUOUS
10
0.3067977165354331
20
1.232649842519685
11
0.3054581889763779
21
1.2351029921259842
0
LINE
8
BLACK
6
CONTINUOUS
10
0.3054581889763779
20
1.2351029921259842
11
0.3053720078740157
21
1.2356390551181102
0
LINE
8
BLACK
6
CONTINUOUS
10
0.3053720078740157
20
1.2356390551181102
11
0.3051788188976378
21
1.2374774803149606
0
LINE
8
BLACK
6
CONTINUOUS
10
0.3051788188976378
20
1.2374774803149606
11
0.3028553937007874
21
1.2446281889763779
0
LINE
8
BLACK
6
CONTINUOUS
10
0.3028553937007874
20
1.2446281889763779
11
0.299096062992126
21
1.2511395275590551
0
LINE
8
BLACK
6
CONTINUOUS
10
0.299096062992126
20
1.2511395275590551
11
0.2940650787401575
21
1.2567270078740158
0
LINE
8
BLACK
6
CONTINUOUS
10
0.2940650787401575
20
1.2567270078740158
11
0.2879823622047244
21
1.2611463779527559
0
LINE
8
BLACK
6
CONTINUOUS
10
0.2879823622047244
20
1.2611463779527559
11
0.2811137007874016
21
1.2642044881889762
0
LINE
8
BLACK
6
CONTINUOUS
10
0.2811137007874016
20
1.2642044881889762
11
0.2737593307086614
21
1.2657677165354331
0
LINE
8
BLACK
6
CONTINUOUS
10
0.2737593307086614
20
1.2657677165354331
11
0.2662406692913385
21
1.2657677165354331
0
LINE
8
BLACK
6
CONTINUOUS
10
0.2662406692913385
20
1.2657677165354331
11
0.2588862992125984
21
1.2642044881889762
0
LINE
8
BLACK
6
CONTINUOUS
10
0.2588862992125984
20
1.2642044881889762
11
0.2520176377952756
21
1.2611463779527559
0
LINE
8
BLACK
6
CONTINUOUS
10
0.2520176377952756
20
1.2611463779527559
11
0.2520175984251968
21
1.2611463385826771
0
LINE
8
BLACK
6
CONTINUOUS
10
0.2520175984251968
20
1.2611463385826771
11
0.2459348031496063
21
1.2567269291338583
0
LINE
8
BLACK
6
CONTINUOUS
10
0.2459348031496063
20
1.2567269291338583
11
0.2409041338582677
21
1.2511398031496064
0
LINE
8
BLACK
6
CONTINUOUS
10
0.2409041338582677
20
1.2511398031496064
11
0.240903937007874
21
1.2511395275590551
0
LINE
8
BLACK
6
CONTINUOUS
10
0.240903937007874
20
1.2511395275590551
11
0.2371446062992126
21
1.2446281889763779
0
LINE
8
BLACK
6
CONTINUOUS
10
0.2371446062992126
20
1.2446281889763779
11
0.2360049606299213
21
1.2411208661417323
0
LINE
8
BLACK
6
CONTINUOUS
10
0.2360049606299213
20
1.2411208661417323
11
0.2348211417322835
21
1.2374774409448819
0
LINE
8
BLACK
6
CONTINUOUS
10
0.2348211417322835
20
1.2374774409448819
11
0.2340352755905512
21
1.23
0
LINE
8
BLACK
6
CONTINUOUS
10
0.2340352755905512
20
1.23
11
0.2348211417322835
21
1.2225225196850393
0
LINE
8
BLACK
6
CONTINUOUS
10
0.2348211417322835
20
1.2225225196850393
11
0.2371446062992126
21
1.2153718503937008
0
LINE
8
BLACK
6
CONTINUOUS
10
0.2371446062992126
20
1.2153718503937008
11
0.2371447244094488
21
1.2153715748031495
0
LINE
8
BLACK
6
CONTINUOUS
10
0.2371447244094488
20
1.2153715748031495
11
0.2409038582677165
21
1.2088605511811024
0
LINE
8
BLACK
6
CONTINUOUS
10
0.2409038582677165
20
1.2088605511811024
11
0.2409041338582677
21
1.2088601574803148
0
LINE
8
BLACK
6
CONTINUOUS
10
0.2409041338582677
20
1.2088601574803148
11
0.2459348031496063
21
1.2032730314960629
0
LINE
8
BLACK
6
CONTINUOUS
10
0.2459348031496063
20
1.2032730314960629
11
0.2501566929133858
21
1.2002056692913385
0
LINE
8
BLACK
6
CONTINUOUS
10
0.2501566929133858
20
1.2002056692913385
11
0.2518250787401575
21
1.1989934645669291
0
LINE
8
BLACK
6
CONTINUOUS
10
0.2518250787401575
20
1.1989934645669291
11
0.2535319291338582
21
1.1967800787401575
0
LINE
8
BLACK
6
CONTINUOUS
10
0.2535319291338582
20
1.1967800787401575
11
0.2537711023622047
21
1.1939951968503937
0
LINE
8
BLACK
6
CONTINUOUS
10
0.2537711023622047
20
1.1939951968503937
11
0.2524667322834646
21
1.1915230708661417
0
LINE
8
BLACK
6
CONTINUOUS
10
0.2524667322834646
20
1.1915230708661417
11
0.250032874015748
21
1.1901486220472441
0
LINE
8
BLACK
6
CONTINUOUS
10
0.250032874015748
20
1.1901486220472441
11
0.2489092913385827
21
1.1900196850393701
0
LINE
8
BLACK
6
CONTINUOUS
10
0.2489092913385827
20
1.1900196850393701
11
0.2180851181102362
21
1.1900196850393701
0
LINE
8
BLACK
6
CONTINUOUS
10
0.2180851181102362
20
1.1900196850393701
11
0.218084842519685
21
1.1900196456692913
0
LINE
8
BLACK
6
CONTINUOUS
10
0.218084842519685
20
1.1900196456692913
11
0.2180846456692913
21
1.1900196456692913
0
LINE
8
BLACK
6
CONTINUOUS
10
0.2180846456692913
20
1.1900196456692913
11
0.215700905511811
21
1.1897633858267715
0
LINE
8
BLACK
6
CONTINUOUS
10
0.215700905511811
20
1.1897633858267715
11
0.2157005905511811
21
1.189763307086614
0
LINE
8
BLACK
6
CONTINUOUS
10
0.2157005905511811
20
1.189763307086614
11
0.212632874015748
21
1.1886190551181102
0
LINE
8
BLACK
6
CONTINUOUS
10
0.212632874015748
20
1.1886190551181102
11
0.2103069291338583
21
1.1877515354330708
0
LINE
8
BLACK
6
CONTINUOUS
10
0.2103069291338583
20
1.1877515354330708
11
0.2103068503937008
21
1.187751496062992
0
LINE
8
BLACK
6
CONTINUOUS
10
0.2103068503937008
20
1.187751496062992
11
0.2103067716535433
21
1.1877514566929133
0
LINE
8
BLACK
6
CONTINUOUS
10
0.2103067716535433
20
1.1877514566929133
11
0.2056983464566929
21
1.1843016141732283
0
LINE
8
BLACK
6
CONTINUOUS
10
0.2056983464566929
20
1.1843016141732283
11
0.2039711811023622
21
1.1819943700787401
0
LINE
8
BLACK
6
CONTINUOUS
10
0.2039711811023622
20
1.1819943700787401
11
0.2017335433070866
21
1.1803192913385827
0
LINE
8
BLACK
6
CONTINUOUS
10
0.2017335433070866
20
1.1803192913385827
11
0.1989455118110236
21
1.1801199212598426
0
LINE
8
BLACK
6
CONTINUOUS
10
0.1989455118110236
20
1.1801199212598426
11
0.1964922834645669
21
1.1814594881889764
0
LINE
8
BLACK
6
CONTINUOUS
10
0.1964922834645669
20
1.1814594881889764
11
0.1960288188976378
21
1.1819943700787401
0
LINE
8
BLACK
6
CONTINUOUS
10
0.1960288188976378
20
1.1819943700787401
11
0.1943016141732283
21
1.1843016141732283
0
LINE
8
BLACK
6
CONTINUOUS
10
0.1943016141732283
20
1.1843016141732283
11
0.1896931889763779
21
1.1877514566929133
0
LINE
8
BLACK
6
CONTINUOUS
10
0.1896931889763779
20
1.1877514566929133
11
0.1896931496062992
21
1.1877514566929133
0
LINE
8
BLACK
6
CONTINUOUS
10
0.1896931496062992
20
1.1877514566929133
11
0.1896930708661417
21
1.1877515354330708
0
LINE
8
BLACK
6
CONTINUOUS
10
0.1896930708661417
20
1.1877515354330708
11
0.1842992519685039
21
1.1897633464566928
0
LINE
8
BLACK
6
CONTINUOUS
10
0.1842992519685039
20
1.1897633464566928
11
0.1842991732283465
21
1.1897633464566928
0
LINE
8
BLACK
6
CONTINUOUS
10
0.1842991732283465
20
1.1897633464566928
11
0.1842990551181102
21
1.1897633858267715
0
LINE
8
BLACK
6
CONTINUOUS
10
0.1842990551181102
20
1.1897633858267715
11
0.1819153149606299
21
1.1900196456692913
0
LINE
8
BLACK
6
CONTINUOUS
10
0.1819153149606299
20
1.1900196456692913
11
0.1819151574803149
21
1.1900196456692913
0
LINE
8
BLACK
6
CONTINUOUS
10
0.1819151574803149
20
1.1900196456692913
11
0.1819148818897638
21
1.1900196850393701
0
LINE
8
BLACK
6
CONTINUOUS
10
0.1819148818897638
20
1.1900196850393701
11
0.1180851181102362
21
1.1900196850393701
0
LINE
8
BLACK
6
CONTINUOUS
10
0.1180851181102362
20
1.1900196850393701
11
0.118084842519685
21
1.1900196456692913
0
LINE
8
BLACK
6
CONTINUOUS
10
0.118084842519685
20
1.1900196456692913
11
0.1180846456692913
21
1.1900196456692913
0
LINE
8
BLACK
6
CONTINUOUS
10
0.1180846456692913
20
1.1900196456692913
11
0.115700905511811
21
1.1897633858267715
0
LINE
8
BLACK
6
CONTINUOUS
10
0.115700905511811
20
1.1897633858267715
11
0.1157005905511811
21
1.189763307086614
0
LINE
8
BLACK
6
CONTINUOUS
10
0.1157005905511811
20
1.189763307086614
11
0.112632874015748
21
1.1886190551181102
0
LINE
8
BLACK
6
CONTINUOUS
10
0.112632874015748
20
1.1886190551181102
11
0.1103069291338583
21
1.1877515354330708
0
LINE
8
BLACK
6
CONTINUOUS
10
0.1103069291338583
20
1.1877515354330708
11
0.1103068503937008
21
1.187751496062992
0
LINE
8
BLACK
6
CONTINUOUS
10
0.1103068503937008
20
1.187751496062992
11
0.1103067716535433
21
1.1877514566929133
0
LINE
8
BLACK
6
CONTINUOUS
10
0.1103067716535433
20
1.1877514566929133
11
0.1056983464566929
21
1.1843016141732283
0
LINE
8
BLACK
6
CONTINUOUS
10
0.1056983464566929
20
1.1843016141732283
11
0.1022485039370079
21
1.179693188976378
0
LINE
8
BLACK
6
CONTINUOUS
10
0.1022485039370079
20
1.179693188976378
11
0.1022484251968504
21
1.1796929921259842
0
LINE
8
BLACK
6
CONTINUOUS
10
0.1022484251968504
20
1.1796929921259842
11
0.1002366535433071
21
1.1742993700787401
0
LINE
8
BLACK
6
CONTINUOUS
10
0.1002366535433071
20
1.1742993700787401
11
0.1002365748031496
21
1.1742990551181103
0
LINE
8
BLACK
6
CONTINUOUS
10
0.1002365748031496
20
1.1742990551181103
11
0.0999803149606299
21
1.1719153149606298
0
LINE
8
BLACK
6
CONTINUOUS
10
0.0999803149606299
20
1.1719153149606298
11
0.0999803149606299
21
1.1080846456692912
0
LINE
8
BLACK
6
CONTINUOUS
10
0.0999803149606299
20
1.1080846456692912
11
0.1002365748031496
21
1.105700905511811
0
LINE
8
BLACK
6
CONTINUOUS
10
0.1002365748031496
20
1.105700905511811
11
0.1002366535433071
21
1.105700590551181
0
LINE
8
BLACK
6
CONTINUOUS
10
0.1002366535433071
20
1.105700590551181
11
0.1022484251968504
21
1.1003069685039371
0
LINE
8
BLACK
6
CONTINUOUS
10
0.1022484251968504
20
1.1003069685039371
11
0.1022485039370079
21
1.1003067716535433
0
LINE
8
BLACK
6
CONTINUOUS
10
0.1022485039370079
20
1.1003067716535433
11
0.1056983858267717
21
1.095698346456693
0
LINE
8
BLACK
6
CONTINUOUS
10
0.1056983858267717
20
1.095698346456693
11
0.1080056299212598
21
1.0939711417322835
0
LINE
8
BLACK
6
CONTINUOUS
10
0.1080056299212598
20
1.0939711417322835
11
0.1096806692913386
21
1.0917335039370077
0
LINE
8
BLACK
6
CONTINUOUS
10
0.1096806692913386
20
1.0917335039370077
11
0.1098800393700787
21
1.0889455118110236
0
LINE
8
BLACK
6
CONTINUOUS
10
0.1098800393700787
20
1.0889455118110236
11
0.1085404724409449
21
1.0864922834645669
0
LINE
8
BLACK
6
CONTINUOUS
10
0.1085404724409449
20
1.0864922834645669
11
0.1080056299212598
21
1.0860288582677164
0
LINE
8
BLACK
6
CONTINUOUS
10
0.1080056299212598
20
1.0860288582677164
11
0.1056983858267717
21
1.0843016141732282
0
LINE
8
BLACK
6
CONTINUOUS
10
0.1056983858267717
20
1.0843016141732282
11
0.1022485039370079
21
1.0796931889763779
0
LINE
8
BLACK
6
CONTINUOUS
10
0.1022485039370079
20
1.0796931889763779
11
0.1022484251968504
21
1.0796929921259841
0
LINE
8
BLACK
6
CONTINUOUS
10
0.1022484251968504
20
1.0796929921259841
11
0.1002366535433071
21
1.0742993700787402
0
LINE
8
BLACK
6
CONTINUOUS
10
0.1002366535433071
20
1.0742993700787402
11
0.1002365748031496
21
1.0742990551181102
0
LINE
8
BLACK
6
CONTINUOUS
10
0.1002365748031496
20
1.0742990551181102
11
0.0999803149606299
21
1.07191531496063
0
LINE
8
BLACK
6
CONTINUOUS
10
0.0999803149606299
20
1.07191531496063
11
0.0999803149606299
21
1.0080846456692913
0
LINE
8
BLACK
6
CONTINUOUS
10
0.0999803149606299
20
1.0080846456692913
11
0.1002365748031496
21
1.0057009055118109
0
LINE
8
BLACK
6
CONTINUOUS
10
0.1002365748031496
20
1.0057009055118109
11
0.1002366535433071
21
1.0057005905511811
0
LINE
8
BLACK
6
CONTINUOUS
10
0.1002366535433071
20
1.0057005905511811
11
0.1022484251968504
21
1.000306968503937
0
LINE
8
BLACK
6
CONTINUOUS
10
0.1022484251968504
20
1.000306968503937
11
0.1022485039370079
21
1.0003067716535432
0
LINE
8
BLACK
6
CONTINUOUS
10
0.1022485039370079
20
1.0003067716535432
11
0.1056983858267717
21
0.9956983464566929
0
LINE
8
BLACK
6
CONTINUOUS
10
0.1056983858267717
20
0.9956983464566929
11
0.1080056299212598
21
0.9939711417322834
0
LINE
8
BLACK
6
CONTINUOUS
10
0.1080056299212598
20
0.9939711417322834
11
0.1096806692913386
21
0.9917335039370079
0
LINE
8
BLACK
6
CONTINUOUS
10
0.1096806692913386
20
0.9917335039370079
11
0.1098800393700787
21
0.9889455118110236
0
LINE
8
BLACK
6
CONTINUOUS
10
0.1098800393700787
20
0.9889455118110236
11
0.1085404724409449
21
0.9864922834645669
0
LINE
8
BLACK
6
CONTINUOUS
10
0.1085404724409449
20
0.9864922834645669
11
0.1080056299212598
21
0.9860288582677165
0
LINE
8
BLACK
6
CONTINUOUS
10
0.1080056299212598
20
0.9860288582677165
11
0.1056983858267717
21
0.9843016141732284
0
LINE
8
BLACK
6
CONTINUOUS
10
0.1056983858267717
20
0.9843016141732284
11
0.1022485039370079
21
0.9796931889763779
0
LINE
8
BLACK
6
CONTINUOUS
10
0.1022485039370079
20
0.9796931889763779
11
0.1022484251968504
21
0.9796929921259843
0
LINE
8
BLACK
6
CONTINUOUS
10
0.1022484251968504
20
0.9796929921259843
11
0.1002366535433071
21
0.9742993700787401
0
LINE
8
BLACK
6
CONTINUOUS
10
0.1002366535433071
20
0.9742993700787401
11
0.1002365748031496
21
0.9742990551181102
0
LINE
8
BLACK
6
CONTINUOUS
10
0.1002365748031496
20
0.9742990551181102
11
0.0999803149606299
21
0.9719153149606299
0
LINE
8
BLACK
6
CONTINUOUS
10
0.0999803149606299
20
0.9719153149606299
11
0.0999803149606299
21
0.9080846456692914
0
LINE
8
BLACK
6
CONTINUOUS
10
0.0999803149606299
20
0.9080846456692914
11
0.1002365748031496
21
0.905700905511811
0
LINE
8
BLACK
6
CONTINUOUS
10
0.1002365748031496
20
0.905700905511811
11
0.1002366535433071
21
0.9057005905511811
0
LINE
8
BLACK
6
CONTINUOUS
10
0.1002366535433071
20
0.9057005905511811
11
0.1022484251968504
21
0.900306968503937
0
LINE
8
BLACK
6
CONTINUOUS
10
0.1022484251968504
20
0.900306968503937
11
0.1022485039370079
21
0.9003067716535433
0
LINE
8
BLACK
6
CONTINUOUS
10
0.1022485039370079
20
0.9003067716535433
11
0.1056983858267717
21
0.8956983464566929
0
LINE
8
BLACK
6
CONTINUOUS
10
0.1056983858267717
20
0.8956983464566929
11
0.1080056299212598
21
0.8939711417322834
0
LINE
8
BLACK
6
CONTINUOUS
10
0.1080056299212598
20
0.8939711417322834
11
0.1096806692913386
21
0.8917335039370079
0
LINE
8
BLACK
6
CONTINUOUS
10
0.1096806692913386
20
0.8917335039370079
11
0.1098800393700787
21
0.8889455118110235
0
LINE
8
BLACK
6
CONTINUOUS
10
0.1098800393700787
20
0.8889455118110235
11
0.1085404724409449
21
0.8864922834645669
0
LINE
8
BLACK
6
CONTINUOUS
10
0.1085404724409449
20
0.8864922834645669
11
0.1080056299212598
21
0.8860288582677165
0
LINE
8
BLACK
6
CONTINUOUS
10
0.1080056299212598
20
0.8860288582677165
11
0.1056983858267717
21
0.8843016141732283
0
LINE
8
BLACK
6
CONTINUOUS
10
0.1056983858267717
20
0.8843016141732283
11
0.1022485039370079
21
0.8796931889763779
0
LINE
8
BLACK
6
CONTINUOUS
10
0.1022485039370079
20
0.8796931889763779
11
0.1022484251968504
21
0.8796929921259843
0
LINE
8
BLACK
6
CONTINUOUS
10
0.1022484251968504
20
0.8796929921259843
11
0.1002366535433071
21
0.8742993700787401
0
LINE
8
BLACK
6
CONTINUOUS
10
0.1002366535433071
20
0.8742993700787401
11
0.1002365748031496
21
0.8742990551181102
0
LINE
8
BLACK
6
CONTINUOUS
10
0.1002365748031496
20
0.8742990551181102
11
0.0999803149606299
21
0.8719153149606299
0
LINE
8
BLACK
6
CONTINUOUS
10
0.0999803149606299
20
0.8719153149606299
11
0.0999803149606299
21
0.8080846456692913
0
LINE
8
BLACK
6
CONTINUOUS
10
0.0999803149606299
20
0.8080846456692913
11
0.1002365748031496
21
0.8057009055118111
0
LINE
8
BLACK
6
CONTINUOUS
10
0.1002365748031496
20
0.8057009055118111
11
0.1002366535433071
21
0.805700590551181
0
LINE
8
BLACK
6
CONTINUOUS
10
0.1002366535433071
20
0.805700590551181
11
0.1022484251968504
21
0.800306968503937
0
LINE
8
BLACK
6
CONTINUOUS
10
0.1022484251968504
20
0.800306968503937
11
0.1022485039370079
21
0.8003067716535432
0
LINE
8
BLACK
6
CONTINUOUS
10
0.1022485039370079
20
0.8003067716535432
11
0.1056983858267717
21
0.7956983464566929
0
LINE
8
BLACK
6
CONTINUOUS
10
0.1056983858267717
20
0.7956983464566929
11
0.1080056299212598
21
0.7939711417322834
0
LINE
8
BLACK
6
CONTINUOUS
10
0.1080056299212598
20
0.7939711417322834
11
0.1096806692913386
21
0.7917335039370078
0
LINE
8
BLACK
6
CONTINUOUS
10
0.1096806692913386
20
0.7917335039370078
11
0.1098800393700787
21
0.7889455118110236
0
LINE
8
BLACK
6
CONTINUOUS
10
0.1098800393700787
20
0.7889455118110236
11
0.1085404724409449
21
0.7864922834645669
0
LINE
8
BLACK
6
CONTINUOUS
10
0.1085404724409449
20
0.7864922834645669
11
0.1080056299212598
21
0.7860288582677165
0
LINE
8
BLACK
6
CONTINUOUS
10
0.1080056299212598
20
0.7860288582677165
11
0.1056983858267717
21
0.7843016141732283
0
LINE
8
BLACK
6
CONTINUOUS
10
0.1056983858267717
20
0.7843016141732283
11
0.1022485039370079
21
0.779693188976378
0
LINE
8
BLACK
6
CONTINUOUS
10
0.1022485039370079
20
0.779693188976378
11
0.1022484251968504
21
0.7796929921259842
0
LINE
8
BLACK
6
CONTINUOUS
10
0.1022484251968504
20
0.7796929921259842
11
0.1002366535433071
21
0.7742993700787402
0
LINE
8
BLACK
6
CONTINUOUS
10
0.1002366535433071
20
0.7742993700787402
11
0.1002365748031496
21
0.7742990551181103
0
LINE
8
BLACK
6
CONTINUOUS
10
0.1002365748031496
20
0.7742990551181103
11
0.0999803149606299
21
0.7719153149606299
0
LINE
8
BLACK
6
CONTINUOUS
10
0.0999803149606299
20
0.7719153149606299
11
0.0999803149606299
21
0.7080846456692913
0
LINE
8
BLACK
6
CONTINUOUS
10
0.0999803149606299
20
0.7080846456692913
11
0.1002365748031496
21
0.705700905511811
0
LINE
8
BLACK
6
CONTINUOUS
10
0.1002365748031496
20
0.705700905511811
11
0.1002366535433071
21
0.7057005905511811
0
LINE
8
BLACK
6
CONTINUOUS
10
0.1002366535433071
20
0.7057005905511811
11
0.1022484251968504
21
0.700306968503937
0
LINE
8
BLACK
6
CONTINUOUS
10
0.1022484251968504
20
0.700306968503937
11
0.1022485039370079
21
0.7003067716535433
0
LINE
8
BLACK
6
CONTINUOUS
10
0.1022485039370079
20
0.7003067716535433
11
0.1056983858267717
21
0.6956983464566929
0
LINE
8
BLACK
6
CONTINUOUS
10
0.1056983858267717
20
0.6956983464566929
11
0.1080056299212598
21
0.6939711417322835
0
LINE
8
BLACK
6
CONTINUOUS
10
0.1080056299212598
20
0.6939711417322835
11
0.1096806692913386
21
0.6917335039370078
0
LINE
8
BLACK
6
CONTINUOUS
10
0.1096806692913386
20
0.6917335039370078
11
0.1098800393700787
21
0.6889455118110236
0
LINE
8
BLACK
6
CONTINUOUS
10
0.1098800393700787
20
0.6889455118110236
11
0.1085404724409449
21
0.6864922834645669
0
LINE
8
BLACK
6
CONTINUOUS
10
0.1085404724409449
20
0.6864922834645669
11
0.1080056299212598
21
0.6860288582677165
0
LINE
8
BLACK
6
CONTINUOUS
10
0.1080056299212598
20
0.6860288582677165
11
0.1056983858267717
21
0.6843016141732283
0
LINE
8
BLACK
6
CONTINUOUS
10
0.1056983858267717
20
0.6843016141732283
11
0.1022485039370079
21
0.679693188976378
0
LINE
8
BLACK
6
CONTINUOUS
10
0.1022485039370079
20
0.679693188976378
11
0.1022484251968504
21
0.6796929921259842
0
LINE
8
BLACK
6
CONTINUOUS
10
0.1022484251968504
20
0.6796929921259842
11
0.1002366535433071
21
0.6742993700787402
0
LINE
8
BLACK
6
CONTINUOUS
10
0.1002366535433071
20
0.6742993700787402
11
0.1002365748031496
21
0.6742990551181102
0
LINE
8
BLACK
6
CONTINUOUS
10
0.1002365748031496
20
0.6742990551181102
11
0.0999803149606299
21
0.67191531496063
0
LINE
8
BLACK
6
CONTINUOUS
10
0.0999803149606299
20
0.67191531496063
11
0.0999803149606299
21
0.6080846456692913
0
LINE
8
BLACK
6
CONTINUOUS
10
0.0999803149606299
20
0.6080846456692913
11
0.1002365748031496
21
0.605700905511811
0
LINE
8
BLACK
6
CONTINUOUS
10
0.1002365748031496
20
0.605700905511811
11
0.1002366535433071
21
0.6057005905511811
0
LINE
8
BLACK
6
CONTINUOUS
10
0.1002366535433071
20
0.6057005905511811
11
0.1022484251968504
21
0.6003069685039369
0
LINE
8
BLACK
6
CONTINUOUS
10
0.1022484251968504
20
0.6003069685039369
11
0.1022485039370079
21
0.6003067716535433
0
LINE
8
BLACK
6
CONTINUOUS
10
0.1022485039370079
20
0.6003067716535433
11
0.1056983858267717
21
0.595698346456693
0
LINE
8
BLACK
6
CONTINUOUS
10
0.1056983858267717
20
0.595698346456693
11
0.1080056299212598
21
0.5939711417322835
0
LINE
8
BLACK
6
CONTINUOUS
10
0.1080056299212598
20
0.5939711417322835
11
0.1096806692913386
21
0.5917335039370079
0
LINE
8
BLACK
6
CONTINUOUS
10
0.1096806692913386
20
0.5917335039370079
11
0.1098800393700787
21
0.5889455118110236
0
LINE
8
BLACK
6
CONTINUOUS
10
0.1098800393700787
20
0.5889455118110236
11
0.1085404724409449
21
0.5864922834645669
0
LINE
8
BLACK
6
CONTINUOUS
10
0.1085404724409449
20
0.5864922834645669
11
0.1080056299212598
21
0.5860288582677166
0
LINE
8
BLACK
6
CONTINUOUS
10
0.1080056299212598
20
0.5860288582677166
11
0.1056983858267717
21
0.5843016141732283
0
LINE
8
BLACK
6
CONTINUOUS
10
0.1056983858267717
20
0.5843016141732283
11
0.1022485039370079
21
0.5796931889763779
0
LINE
8
BLACK
6
CONTINUOUS
10
0.1022485039370079
20
0.5796931889763779
11
0.1022484251968504
21
0.5796929921259842
0
LINE
8
BLACK
6
CONTINUOUS
10
0.1022484251968504
20
0.5796929921259842
11
0.1002366535433071
21
0.5742993700787401
0
LINE
8
BLACK
6
CONTINUOUS
10
0.1002366535433071
20
0.5742993700787401
11
0.1002365748031496
21
0.5742990551181102
0
LINE
8
BLACK
6
CONTINUOUS
10
0.1002365748031496
20
0.5742990551181102
11
0.0999803149606299
21
0.5719153149606299
0
LINE
8
BLACK
6
CONTINUOUS
10
0.0999803149606299
20
0.5719153149606299
11
0.0999803149606299
21
0.5080846456692913
0
LINE
8
BLACK
6
CONTINUOUS
10
0.0999803149606299
20
0.5080846456692913
11
0.1002365748031496
21
0.505700905511811
0
LINE
8
BLACK
6
CONTINUOUS
10
0.918084842519685
20
0.2900196456692913
11
0.9180846456692913
21
0.2900196456692913
0
LINE
8
BLACK
6
CONTINUOUS
10
0.9180846456692913
20
0.2900196456692913
11
0.915700905511811
21
0.2897633858267716
0
LINE
8
BLACK
6
CONTINUOUS
10
0.915700905511811
20
0.2897633858267716
11
0.915700590551181
21
0.2897633070866142
0
LINE
8
BLACK
6
CONTINUOUS
10
0.915700590551181
20
0.2897633070866142
11
0.912632874015748
21
0.2886190551181103
0
LINE
8
BLACK
6
CONTINUOUS
10
0.912632874015748
20
0.2886190551181103
11
0.9103069291338582
21
0.2877515354330709
0
LINE
8
BLACK
6
CONTINUOUS
10
0.9103069291338582
20
0.2877515354330709
11
0.9103068503937007
21
0.2877514960629921
0
LINE
8
BLACK
6
CONTINUOUS
10
0.9103068503937007
20
0.2877514960629921
11
0.9103067716535432
21
0.2877514566929134
0
LINE
8
BLACK
6
CONTINUOUS
10
0.9103067716535432
20
0.2877514566929134
11
0.9056983464566929
21
0.2843016141732284
0
LINE
8
BLACK
6
CONTINUOUS
10
0.9056983464566929
20
0.2843016141732284
11
0.9022485039370078
21
0.279693188976378
0
LINE
8
BLACK
6
CONTINUOUS
10
0.9022485039370078
20
0.279693188976378
11
0.9022484251968503
21
0.2796929921259843
0
LINE
8
BLACK
6
CONTINUOUS
10
0.9022484251968503
20
0.2796929921259843
11
0.9002366535433071
21
0.2742993700787402
0
LINE
8
BLACK
6
CONTINUOUS
10
0.9002366535433071
20
0.2742993700787402
11
0.9002365748031496
21
0.2742990551181103
0
LINE
8
BLACK
6
CONTINUOUS
10
0.9002365748031496
20
0.2742990551181103
11
0.8999803149606299
21
0.2719153149606299
0
LINE
8
BLACK
6
CONTINUOUS
10
0.8999803149606299
20
0.2719153149606299
11
0.8999803149606299
21
0.2080846456692913
0
LINE
8
BLACK
6
CONTINUOUS
10
0.8999803149606299
20
0.2080846456692913
11
0.9002365748031496
21
0.205700905511811
0
LINE
8
BLACK
6
CONTINUOUS
10
0.9002365748031496
20
0.205700905511811
11
0.9002366535433071
21
0.2057005905511811
0
LINE
8
BLACK
6
CONTINUOUS
10
0.9002366535433071
20
0.2057005905511811
11
0.9022484251968503
21
0.200306968503937
0
LINE
8
BLACK
6
CONTINUOUS
10
0.9022484251968503
20
0.200306968503937
11
0.9022485039370078
21
0.2003067716535433
0
LINE
8
BLACK
6
CONTINUOUS
10
0.9022485039370078
20
0.2003067716535433
11
0.9056983858267716
21
0.1956983464566929
0
LINE
8
BLACK
6
CONTINUOUS
10
0.9056983858267716
20
0.1956983464566929
11
0.9080056299212598
21
0.1939711417322835
0
LINE
8
BLACK
6
CONTINUOUS
10
0.9080056299212598
20
0.1939711417322835
11
0.9096806692913386
21
0.1917335039370079
0
LINE
8
BLACK
6
CONTINUOUS
10
0.9096806692913386
20
0.1917335039370079
11
0.9098800393700788
21
0.1889455118110236
0
LINE
8
BLACK
6
CONTINUOUS
10
0.9098800393700788
20
0.1889455118110236
11
0.9085404724409448
21
0.1864922834645669
0
LINE
8
BLACK
6
CONTINUOUS
10
0.9085404724409448
20
0.1864922834645669
11
0.9080056299212598
21
0.1860288582677165
0
LINE
8
BLACK
6
CONTINUOUS
10
0.9080056299212598
20
0.1860288582677165
11
0.9056983858267716
21
0.1843016141732284
0
LINE
8
BLACK
6
CONTINUOUS
10
0.9056983858267716
20
0.1843016141732284
11
0.9022485039370078
21
0.179693188976378
0
LINE
8
BLACK
6
CONTINUOUS
10
0.9022485039370078
20
0.179693188976378
11
0.9022484251968503
21
0.1796929921259842
0
LINE
8
BLACK
6
CONTINUOUS
10
0.9022484251968503
20
0.1796929921259842
11
0.9002366535433071
21
0.1742993700787402
0
LINE
8
BLACK
6
CONTINUOUS
10
0.9002366535433071
20
0.1742993700787402
11
0.9002365748031496
21
0.1742990551181102
0
LINE
8
BLACK
6
CONTINUOUS
10
0.9002365748031496
20
0.1742990551181102
11
0.8999803149606299
21
0.1719153149606299
0
LINE
8
BLACK
6
CONTINUOUS
10
0.8999803149606299
20
0.1719153149606299
11
0.8999803149606299
21
0.1080846456692913
0
LINE
8
BLACK
6
CONTINUOUS
10
0.8999803149606299
20
0.1080846456692913
11
0.9002365748031496
21
0.105700905511811
0
LINE
8
BLACK
6
CONTINUOUS
10
0.9002365748031496
20
0.105700905511811
11
0.9002366535433071
21
0.1057005905511811
0
LINE
8
BLACK
6
CONTINUOUS
10
0.9002366535433071
20
0.1057005905511811
11
0.9022484251968503
21
0.100306968503937
0
LINE
8
BLACK
6
CONTINUOUS
10
0.9022484251968503
20
0.100306968503937
11
0.9022485039370078
21
0.1003067716535433
0
LINE
8
BLACK
6
CONTINUOUS
10
0.9022485039370078
20
0.1003067716535433
11
0.9056983464566929
21
0.0956983464566929
0
LINE
8
BLACK
6
CONTINUOUS
10
0.9056983464566929
20
0.0956983464566929
11
0.9103067716535432
21
0.0922485039370079
0
LINE
8
BLACK
6
CONTINUOUS
10
0.9103067716535432
20
0.0922485039370079
11
0.910306968503937
21
0.0922484251968504
0
LINE
8
BLACK
6
CONTINUOUS
10
0.910306968503937
20
0.0922484251968504
11
0.915700590551181
21
0.0902366535433071
0
LINE
8
BLACK
6
CONTINUOUS
10
0.915700590551181
20
0.0902366535433071
11
0.915700905511811
21
0.0902365748031496
0
LINE
8
BLACK
6
CONTINUOUS
10
0.915700905511811
20
0.0902365748031496
11
0.9180846456692913
21
0.0899803149606299
0
LINE
8
BLACK
6
CONTINUOUS
10
0.9180846456692913
20
0.0899803149606299
11
0.9180851181102362
21
0.0899803149606299
0
LINE
8
BLACK
6
CONTINUOUS
10
0.9180851181102362
20
0.0899803149606299
11
0.9819153149606299
21
0.0899803149606299
0
LINE
8
BLACK
6
CONTINUOUS
10
0.9819153149606299
20
0.0899803149606299
11
0.9842990551181102
21
0.0902365748031496
0
LINE
8
BLACK
6
CONTINUOUS
10
0.9842990551181102
20
0.0902365748031496
11
0.9842993700787401
21
0.0902366535433071
0
LINE
8
BLACK
6
CONTINUOUS
10
0.9842993700787401
20
0.0902366535433071
11
0.9896929921259843
21
0.0922484251968504
0
LINE
8
BLACK
6
CONTINUOUS
10
0.9896929921259843
20
0.0922484251968504
11
0.9896931889763779
21
0.0922485039370079
0
LINE
8
BLACK
6
CONTINUOUS
10
0.9896931889763779
20
0.0922485039370079
11
0.9943016141732284
21
0.0956983858267716
0
LINE
8
BLACK
6
CONTINUOUS
10
0.9943016141732284
20
0.0956983858267716
11
0.9960288582677165
21
0.0980056299212598
0
LINE
8
BLACK
6
CONTINUOUS
10
0.9960288582677165
20
0.0980056299212598
11
0.9982664960629921
21
0.0996806692913386
0
LINE
8
BLACK
6
CONTINUOUS
10
0.9982664960629921
20
0.0996806692913386
11
1.0010544881889765
21
0.0998800393700787
0
LINE
8
BLACK
6
CONTINUOUS
10
1.0010544881889765
20
0.0998800393700787
11
1.0035077165354331
21
0.0985404724409449
0
LINE
8
BLACK
6
CONTINUOUS
10
1.0035077165354331
20
0.0985404724409449
11
1.0039711417322834
21
0.0980056299212598
0
LINE
8
BLACK
6
CONTINUOUS
10
1.0039711417322834
20
0.0980056299212598
11
1.0056983464566929
21
0.0956983858267716
0
LINE
8
BLACK
6
CONTINUOUS
10
1.0056983464566929
20
0.0956983858267716
11
1.0103067716535432
21
0.0922485039370079
0
LINE
8
BLACK
6
CONTINUOUS
10
1.0103067716535432
20
0.0922485039370079
11
1.010306968503937
21
0.0922484251968504
0
LINE
8
BLACK
6
CONTINUOUS
10
1.010306968503937
20
0.0922484251968504
11
1.0157005905511811
21
0.0902366535433071
0
LINE
8
BLACK
6
CONTINUOUS
10
1.0157005905511811
20
0.0902366535433071
11
1.0157009055118109
21
0.0902365748031496
0
LINE
8
BLACK
6
CONTINUOUS
10
1.0157009055118109
20
0.0902365748031496
11
1.0180846456692914
21
0.0899803149606299
0
LINE
8
BLACK
6
CONTINUOUS
10
1.0180846456692914
20
0.0899803149606299
11
1.0180851181102362
21
0.0899803149606299
0
LINE
8
BLACK
6
CONTINUOUS
10
1.0180851181102362
20
0.0899803149606299
11
1.08191531496063
21
0.0899803149606299
0
LINE
8
BLACK
6
CONTINUOUS
10
1.08191531496063
20
0.0899803149606299
11
1.0842990551181102
21
0.0902365748031496
0
LINE
8
BLACK
6
CONTINUOUS
10
1.0842990551181102
20
0.0902365748031496
11
1.0842993700787402
21
0.0902366535433071
0
LINE
8
BLACK
6
CONTINUOUS
10
1.0842993700787402
20
0.0902366535433071
11
1.0896929921259841
21
0.0922484251968504
0
LINE
8
BLACK
6
CONTINUOUS
10
1.0896929921259841
20
0.0922484251968504
11
1.0896931889763779
21
0.0922485039370079
0
LINE
8
BLACK
6
CONTINUOUS
10
1.0896931889763779
20
0.0922485039370079
11
1.0943016141732282
21
0.0956983464566929
0
LINE
8
BLACK
6
CONTINUOUS
10
1.0943016141732282
20
0.0956983464566929
11
1.0977514566929134
21
0.1003067716535433
0
LINE
8
BLACK
6
CONTINUOUS
10
1.0977514566929134
20
0.1003067716535433
11
1.0977515354330709
21
0.100306968503937
0
LINE
8
BLACK
6
CONTINUOUS
10
1.0977515354330709
20
0.100306968503937
11
1.0997633070866142
21
0.1057005905511811
0
LINE
8
BLACK
6
CONTINUOUS
10
1.0997633070866142
20
0.1057005905511811
11
1.0997633858267717
21
0.105700905511811
0
LINE
8
BLACK
6
CONTINUOUS
10
1.0997633858267717
20
0.105700905511811
11
1.1000196456692912
21
0.1080846456692913
0
LINE
8
BLACK
6
CONTINUOUS
10
1.1000196456692912
20
0.1080846456692913
11
1.10001968503937
21
0.1080853149606299
0
LINE
8
BLACK
6
CONTINUOUS
10
1.10001968503937
20
0.1080853149606299
11
1.10001968503937
21
0.1719146456692913
0
LINE
8
BLACK
6
CONTINUOUS
10
1.10001968503937
20
0.1719146456692913
11
1.1000196456692912
21
0.1719153149606299
0
LINE
8
BLACK
6
CONTINUOUS
10
1.1000196456692912
20
0.1719153149606299
11
1.0997633858267717
21
0.1742990551181102
0
LINE
8
BLACK
6
CONTINUOUS
10
1.0997633858267717
20
0.1742990551181102
11
1.0997633070866142
21
0.1742993700787402
0
LINE
8
BLACK
6
CONTINUOUS
10
1.0997633070866142
20
0.1742993700787402
11
1.099251811023622
21
0.1756707086614173
0
LINE
8
BLACK
6
CONTINUOUS
10
1.099251811023622
20
0.1756707086614173
11
1.0977515354330709
21
0.1796930708661417
0
LINE
8
BLACK
6
CONTINUOUS
10
1.0977515354330709
20
0.1796930708661417
11
1.0943016141732282
21
0.1843016141732284
0
LINE
8
BLACK
6
CONTINUOUS
10
1.0943016141732282
20
0.1843016141732284
11
1.0919943700787402
21
0.1860288188976378
0
LINE
8
BLACK
6
CONTINUOUS
10
1.0919943700787402
20
0.1860288188976378
11
1.0903192913385826
21
0.1882664566929134
0
LINE
8
BLACK
6
CONTINUOUS
10
1.0903192913385826
20
0.1882664566929134
11
1.0901199212598425
21
0.1910544881889764
0
LINE
8
BLACK
6
CONTINUOUS
10
1.0901199212598425
20
0.1910544881889764
11
1.0914594881889763
21
0.1935077165354331
0
LINE
8
BLACK
6
CONTINUOUS
10
1.0914594881889763
20
0.1935077165354331
11
1.0919943700787402
21
0.1939711811023622
0
LINE
8
BLACK
6
CONTINUOUS
10
1.0919943700787402
20
0.1939711811023622
11
1.0943016141732282
21
0.1956983464566929
0
LINE
8
BLACK
6
CONTINUOUS
10
1.0943016141732282
20
0.1956983464566929
11
1.0977514566929134
21
0.2003067716535433
0
LINE
8
BLACK
6
CONTINUOUS
10
1.0977514566929134
20
0.2003067716535433
11
1.0977515354330709
21
0.200306968503937
0
LINE
8
BLACK
6
CONTINUOUS
10
1.0977515354330709
20
0.200306968503937
11
1.0997633070866142
21
0.2057005905511811
0
LINE
8
BLACK
6
CONTINUOUS
10
1.0997633070866142
20
0.2057005905511811
11
1.0997633858267717
21
0.205700905511811
0
LINE
8
BLACK
6
CONTINUOUS
10
1.0997633858267717
20
0.205700905511811
11
1.1000196456692912
21
0.2080846456692913
0
LINE
8
BLACK
6
CONTINUOUS
10
1.1000196456692912
20
0.2080846456692913
11
1.10001968503937
21
0.2080853149606299
0
LINE
8
BLACK
6
CONTINUOUS
10
1.10001968503937
20
0.2080853149606299
11
1.10001968503937
21
0.2719146456692914
0
LINE
8
BLACK
6
CONTINUOUS
10
1.10001968503937
20
0.2719146456692914
11
1.1000196456692912
21
0.2719153149606299
0
LINE
8
BLACK
6
CONTINUOUS
10
1.1000196456692912
20
0.2719153149606299
11
1.0997633858267717
21
0.2742990551181103
0
LINE
8
BLACK
6
CONTINUOUS
10
1.0997633858267717
20
0.2742990551181103
11
1.0997633070866142
21
0.2742993700787402
0
LINE
8
BLACK
6
CONTINUOUS
10
1.0997633070866142
20
0.2742993700787402
11
1.099251811023622
21
0.2756707086614173
0
LINE
8
BLACK
6
CONTINUOUS
10
1.099251811023622
20
0.2756707086614173
11
1.0977515354330709
21
0.2796930708661417
0
LINE
8
BLACK
6
CONTINUOUS
10
1.0977515354330709
20
0.2796930708661417
11
1.0943016141732282
21
0.2843016141732284
0
LINE
8
BLACK
6
CONTINUOUS
10
1.0943016141732282
20
0.2843016141732284
11
1.0896930708661416
21
0.2877515354330709
0
LINE
8
BLACK
6
CONTINUOUS
10
1.0896930708661416
20
0.2877515354330709
11
1.084299251968504
21
0.2897633464566929
0
LINE
8
BLACK
6
CONTINUOUS
10
1.084299251968504
20
0.2897633464566929
11
1.0842991732283465
21
0.2897633464566929
0
LINE
8
BLACK
6
CONTINUOUS
10
1.0842991732283465
20
0.2897633464566929
11
1.0842990551181102
21
0.2897633858267716
0
LINE
8
BLACK
6
CONTINUOUS
10
1.0842990551181102
20
0.2897633858267716
11
1.08191531496063
21
0.2900196456692913
0
LINE
8
BLACK
6
CONTINUOUS
10
1.08191531496063
20
0.2900196456692913
11
1.081915157480315
21
0.2900196456692913
0
LINE
8
BLACK
6
CONTINUOUS
10
1.081915157480315
20
0.2900196456692913
11
1.0819148818897637
21
0.2900196850393701
0
LINE
8
BLACK
6
CONTINUOUS
10
1.0819148818897637
20
0.2900196850393701
11
1.0180851181102362
21
0.2900196850393701
0
LINE
8
BLACK
6
CONTINUOUS
10
1.0180851181102362
20
0.2900196850393701
11
1.0180848425196851
21
0.2900196456692913
0
LINE
8
BLACK
6
CONTINUOUS
10
1.0180848425196851
20
0.2900196456692913
11
1.0180846456692914
21
0.2900196456692913
0
LINE
8
BLACK
6
CONTINUOUS
10
1.0180846456692914
20
0.2900196456692913
11
1.0157009055118109
21
0.2897633858267716
0
LINE
8
BLACK
6
CONTINUOUS
10
1.0157009055118109
20
0.2897633858267716
11
1.0157005905511811
21
0.2897633070866142
0
LINE
8
BLACK
6
CONTINUOUS
10
1.0157005905511811
20
0.2897633070866142
11
1.012632874015748
21
0.2886190551181103
0
LINE
8
BLACK
6
CONTINUOUS
10
1.012632874015748
20
0.2886190551181103
11
1.0103069291338582
21
0.2877515354330709
0
LINE
8
BLACK
6
CONTINUOUS
10
1.0103069291338582
20
0.2877515354330709
11
1.0103068503937007
21
0.2877514960629921
0
LINE
8
BLACK
6
CONTINUOUS
10
1.0103068503937007
20
0.2877514960629921
11
1.0103067716535432
21
0.2877514566929134
0
LINE
8
BLACK
6
CONTINUOUS
10
1.0103067716535432
20
0.2877514566929134
11
1.0056983464566929
21
0.2843016141732284
0
LINE
8
BLACK
6
CONTINUOUS
10
1.0056983464566929
20
0.2843016141732284
11
1.0039711811023622
21
0.2819943700787402
0
LINE
8
BLACK
6
CONTINUOUS
10
1.0039711811023622
20
0.2819943700787402
11
1.0017335433070866
21
0.2803192913385827
0
LINE
8
BLACK
6
CONTINUOUS
10
1.0017335433070866
20
0.2803192913385827
11
0.9989455118110236
21
0.2801199212598425
0
LINE
8
BLACK
6
CONTINUOUS
10
0.9989455118110236
20
0.2801199212598425
11
0.9964922834645669
21
0.2814594881889764
0
LINE
8
BLACK
6
CONTINUOUS
10
0.9964922834645669
20
0.2814594881889764
11
0.9960288188976377
21
0.2819943700787402
0
LINE
8
BLACK
6
CONTINUOUS
10
0.9960288188976377
20
0.2819943700787402
11
0.9943016141732284
21
0.2843016141732284
0
LINE
8
BLACK
6
CONTINUOUS
10
0.9943016141732284
20
0.2843016141732284
11
0.9896931889763779
21
0.2877514566929134
0
LINE
8
BLACK
6
CONTINUOUS
10
0.9896931889763779
20
0.2877514566929134
11
0.9896931496062992
21
0.2877514566929134
0
LINE
8
BLACK
6
CONTINUOUS
10
0.9896931496062992
20
0.2877514566929134
11
0.9896930708661417
21
0.2877515354330709
0
LINE
8
BLACK
6
CONTINUOUS
10
0.9896930708661417
20
0.2877515354330709
11
0.9842992519685039
21
0.2897633464566929
0
LINE
8
BLACK
6
CONTINUOUS
10
0.9842992519685039
20
0.2897633464566929
11
0.9842991732283465
21
0.2897633464566929
0
LINE
8
BLACK
6
CONTINUOUS
10
0.9842991732283465
20
0.2897633464566929
11
0.9842990551181102
21
0.2897633858267716
0
LINE
8
BLACK
6
CONTINUOUS
10
0.9842990551181102
20
0.2897633858267716
11
0.9819153149606299
21
0.2900196456692913
0
LINE
8
BLACK
6
CONTINUOUS
10
0.9819153149606299
20
0.2900196456692913
11
0.981915157480315
21
0.2900196456692913
0
LINE
8
BLACK
6
CONTINUOUS
10
0.981915157480315
20
0.2900196456692913
11
0.9819148818897637
21
0.2900196850393701
0
LINE
8
BLACK
6
CONTINUOUS
10
0.9819148818897637
20
0.2900196850393701
11
0.9180851181102362
21
0.2900196850393701
0
LINE
8
BLACK
6
CONTINUOUS
10
0.9180851181102362
20
0.2900196850393701
11
0.918084842519685
21
0.2900196456692913
0
LINE
8
BLACK
6
CONTINUOUS
10
1.3002365748031495
20
0.495700905511811
11
1.300236653543307
21
0.4957005905511811
0
LINE
8
BLACK
6
CONTINUOUS
10
1.300236653543307
20
0.4957005905511811
11
1.3022484251968505
21
0.490306968503937
0
LINE
8
BLACK
6
CONTINUOUS
10
1.3022484251968505
20
0.490306968503937
11
1.3022485039370078
21
0.4903067716535433
0
LINE
8
BLACK
6
CONTINUOUS
10
1.3022485039370078
20
0.4903067716535433
11
1.3056983464566929
21
0.4856983464566929
0
LINE
8
BLACK
6
CONTINUOUS
10
1.3056983464566929
20
0.4856983464566929
11
1.3103067716535433
21
0.4822485039370079
0
LINE
8
BLACK
6
CONTINUOUS
10
1.3103067716535433
20
0.4822485039370079
11
1.310306968503937
21
0.4822484251968504
0
LINE
8
BLACK
6
CONTINUOUS
10
1.310306968503937
20
0.4822484251968504
11
1.3157005905511812
21
0.4802366535433071
0
LINE
8
BLACK
6
CONTINUOUS
10
1.3157005905511812
20
0.4802366535433071
11
1.315700905511811
21
0.4802365748031496
0
LINE
8
BLACK
6
CONTINUOUS
10
1.315700905511811
20
0.4802365748031496
11
1.3180846456692914
21
0.4799803149606299
0
LINE
8
BLACK
6
CONTINUOUS
10
1.3180846456692914
20
0.4799803149606299
11
1.3180851181102362
21
0.4799803149606299
0
LINE
8
BLACK
6
CONTINUOUS
10
1.3180851181102362
20
0.4799803149606299
11
1.3819153149606298
21
0.4799803149606299
0
LINE
8
BLACK
6
CONTINUOUS
10
1.3819153149606298
20
0.4799803149606299
11
1.3842990551181102
21
0.4802365748031496
0
LINE
8
BLACK
6
CONTINUOUS
10
1.3842990551181102
20
0.4802365748031496
11
1.38429937007874
21
0.4802366535433071
0
LINE
8
BLACK
6
CONTINUOUS
10
1.38429937007874
20
0.4802366535433071
11
1.3896929921259842
21
0.4822484251968504
0
LINE
8
BLACK
6
CONTINUOUS
10
1.3896929921259842
20
0.4822484251968504
11
1.3896931889763779
21
0.4822485039370079
0
LINE
8
BLACK
6
CONTINUOUS
10
1.3896931889763779
20
0.4822485039370079
11
1.3943016141732283
21
0.4856983858267717
0
LINE
8
BLACK
6
CONTINUOUS
10
1.3943016141732283
20
0.4856983858267717
11
1.3960288582677165
21
0.4880056299212598
0
LINE
8
BLACK
6
CONTINUOUS
10
1.3960288582677165
20
0.4880056299212598
11
1.398266496062992
21
0.4896806692913386
0
LINE
8
BLACK
6
CONTINUOUS
10
1.398266496062992
20
0.4896806692913386
11
1.4010544881889764
21
0.4898800393700787
0
LINE
8
BLACK
6
CONTINUOUS
10
1.4010544881889764
20
0.4898800393700787
11
1.403507716535433
21
0.4885404724409449
0
LINE
8
BLACK
6
CONTINUOUS
10
1.403507716535433
20
0.4885404724409449
11
1.4039711417322833
21
0.4880056299212598
0
LINE
8
BLACK
6
CONTINUOUS
10
1.4039711417322833
20
0.4880056299212598
11
1.4056983464566928
21
0.4856983858267717
0
LINE
8
BLACK
6
CONTINUOUS
10
1.4056983464566928
20
0.4856983858267717
11
1.4103067716535433
21
0.4822485039370079
0
LINE
8
BLACK
6
CONTINUOUS
10
1.4103067716535433
20
0.4822485039370079
11
1.4103069685039369
21
0.4822484251968504
0
LINE
8
BLACK
6
CONTINUOUS
10
1.4103069685039369
20
0.4822484251968504
11
1.415700590551181
21
0.4802366535433071
0
LINE
8
BLACK
6
CONTINUOUS
10
1.415700590551181
20
0.4802366535433071
11
1.415700905511811
21
0.4802365748031496
0
LINE
8
BLACK
6
CONTINUOUS
10
1.415700905511811
20
0.4802365748031496
11
1.4180846456692913
21
0.4799803149606299
0
LINE
8
BLACK
6
CONTINUOUS
10
1.4180846456692913
20
0.4799803149606299
11
1.4180851181102363
21
0.4799803149606299
0
LINE
8
BLACK
6
CONTINUOUS
10
1.4180851181102363
20
0.4799803149606299
11
1.4819153149606299
21
0.4799803149606299
0
LINE
8
BLACK
6
CONTINUOUS
10
1.4819153149606299
20
0.4799803149606299
11
1.4842990551181101
21
0.4802365748031496
0
LINE
8
BLACK
6
CONTINUOUS
10
1.4842990551181101
20
0.4802365748031496
11
1.4842993700787401
21
0.4802366535433071
0
LINE
8
BLACK
6
CONTINUOUS
10
1.4842993700787401
20
0.4802366535433071
11
1.4896929921259843
21
0.4822484251968504
0
LINE
8
BLACK
6
CONTINUOUS
10
1.4896929921259843
20
0.4822484251968504
11
1.4896931889763778
21
0.4822485039370079
0
LINE
8
BLACK
6
CONTINUOUS
10
1.4896931889763778
20
0.4822485039370079
11
1.4943016141732284
21
0.4856983464566929
0
LINE
8
BLACK
6
CONTINUOUS
10
1.4943016141732284
20
0.4856983464566929
11
1.4977514566929133
21
0.4903067716535433
0
LINE
8
BLACK
6
CONTINUOUS
10
1.4977514566929133
20
0.4903067716535433
11
1.4977515354330708
21
0.490306968503937
0
LINE
8
BLACK
6
CONTINUOUS
10
1.4977515354330708
20
0.490306968503937
11
1.4997633070866141
21
0.4957005905511811
0
LINE
8
BLACK
6
CONTINUOUS
10
1.4997633070866141
20
0.4957005905511811
11
1.4997633858267716
21
0.495700905511811
0
LINE
8
BLACK
6
CONTINUOUS
10
1.4997633858267716
20
0.495700905511811
11
1.5000196456692914
21
0.4980846456692913
0
LINE
8
BLACK
6
CONTINUOUS
10
1.5000196456692914
20
0.4980846456692913
11
1.5000196850393701
21
0.4980853149606299
0
LINE
8
BLACK
6
CONTINUOUS
10
1.5000196850393701
20
0.4980853149606299
11
1.5000196850393701
21
0.5619146456692913
0
LINE
8
BLACK
6
CONTINUOUS
10
1.5000196850393701
20
0.5619146456692913
11
1.5000196456692914
21
0.56191531496063
0
LINE
8
BLACK
6
CONTINUOUS
10
1.5000196456692914
20
0.56191531496063
11
1.4997633858267716
21
0.5642990551181102
0
LINE
8
BLACK
6
CONTINUOUS
10
1.4997633858267716
20
0.5642990551181102
11
1.4997633070866141
21
0.5642993700787401
0
LINE
8
BLACK
6
CONTINUOUS
10
1.4997633070866141
20
0.5642993700787401
11
1.4994866141732284
21
0.5650411417322835
0
LINE
8
BLACK
6
CONTINUOUS
10
1.4994866141732284
20
0.5650411417322835
11
1.4977515354330708
21
0.5696930708661417
0
LINE
8
BLACK
6
CONTINUOUS
10
1.4977515354330708
20
0.5696930708661417
11
1.496088464566929
21
0.5719146456692913
0
LINE
8
BLACK
6
CONTINUOUS
10
1.496088464566929
20
0.5719146456692913
11
1.4943016141732284
21
0.5743016141732283
0
LINE
8
BLACK
6
CONTINUOUS
10
1.4943016141732284
20
0.5743016141732283
11
1.4919943700787401
21
0.5760288188976378
0
LINE
8
BLACK
6
CONTINUOUS
10
1.4919943700787401
20
0.5760288188976378
11
1.4903192913385825
21
0.5782664566929133
0
LINE
8
BLACK
6
CONTINUOUS
10
1.4903192913385825
20
0.5782664566929133
11
1.4901199212598424
21
0.5810544881889763
0
LINE
8
BLACK
6
CONTINUOUS
10
1.4901199212598424
20
0.5810544881889763
11
1.4914594881889764
21
0.5835077165354331
0
LINE
8
BLACK
6
CONTINUOUS
10
1.4914594881889764
20
0.5835077165354331
11
1.4919943700787401
21
0.5839711811023622
0
LINE
8
BLACK
6
CONTINUOUS
10
1.4919943700787401
20
0.5839711811023622
11
1.4943016141732284
21
0.5856983464566929
0
LINE
8
BLACK
6
CONTINUOUS
10
1.4943016141732284
20
0.5856983464566929
11
1.4977514566929133
21
0.5903067716535433
0
LINE
8
BLACK
6
CONTINUOUS
10
1.4977514566929133
20
0.5903067716535433
11
1.4977515354330708
21
0.590306968503937
0
LINE
8
BLACK
6
CONTINUOUS
10
1.4977515354330708
20
0.590306968503937
11
1.4982597637795276
21
0.5916694881889764
0
LINE
8
BLACK
6
CONTINUOUS
10
1.4982597637795276
20
0.5916694881889764
11
1.4991182283464566
21
0.5939711417322835
0
LINE
8
BLACK
6
CONTINUOUS
10
1.4991182283464566
20
0.5939711417322835
11
1.4997633070866141
21
0.5957005905511811
0
LINE
8
BLACK
6
CONTINUOUS
10
1.4997633070866141
20
0.5957005905511811
11
1.4997633858267716
21
0.595700905511811
0
LINE
8
BLACK
6
CONTINUOUS
10
1.4997633858267716
20
0.595700905511811
11
1.5000196456692914
21
0.5980846456692913
0
LINE
8
BLACK
6
CONTINUOUS
10
1.5000196456692914
20
0.5980846456692913
11
1.5000196850393701
21
0.5980853149606299
0
LINE
8
BLACK
6
CONTINUOUS
10
1.5000196850393701
20
0.5980853149606299
11
1.5000196850393701
21
0.6619146456692914
0
LINE
8
BLACK
6
CONTINUOUS
10
1.5000196850393701
20
0.6619146456692914
11
1.5000196456692914
21
0.6619153149606299
0
LINE
8
BLACK
6
CONTINUOUS
10
1.5000196456692914
20
0.6619153149606299
11
1.4997633858267716
21
0.6642990551181103
0
LINE
8
BLACK
6
CONTINUOUS
10
1.4997633858267716
20
0.6642990551181103
11
1.4997633070866141
21
0.6642993700787402
0
LINE
8
BLACK
6
CONTINUOUS
10
1.4997633070866141
20
0.6642993700787402
11
1.4994866141732284
21
0.6650411417322835
0
LINE
8
BLACK
6
CONTINUOUS
10
1.4994866141732284
20
0.6650411417322835
11
1.4977515354330708
21
0.6696930708661417
0
LINE
8
BLACK
6
CONTINUOUS
10
1.4977515354330708
20
0.6696930708661417
11
1.496088464566929
21
0.6719146456692914
0
LINE
8
BLACK
6
CONTINUOUS
10
1.496088464566929
20
0.6719146456692914
11
1.4943016141732284
21
0.6743016141732283
0
LINE
8
BLACK
6
CONTINUOUS
10
1.4943016141732284
20
0.6743016141732283
11
1.4896931889763778
21
0.6777514566929134
0
LINE
8
BLACK
6
CONTINUOUS
10
1.4896931889763778
20
0.6777514566929134
11
1.4896931496062993
21
0.6777514566929134
0
LINE
8
BLACK
6
CONTINUOUS
10
1.4896931496062993
20
0.6777514566929134
11
1.4896930708661418
21
0.6777515354330709
0
LINE
8
BLACK
6
CONTINUOUS
10
1.4896930708661418
20
0.6777515354330709
11
1.4842992519685039
21
0.6797633464566929
0
LINE
8
BLACK
6
CONTINUOUS
10
1.4842992519685039
20
0.6797633464566929
11
1.4842991732283464
21
0.6797633464566929
0
LINE
8
BLACK
6
CONTINUOUS
10
1.4842991732283464
20
0.6797633464566929
11
1.4842990551181101
21
0.6797633858267716
0
LINE
8
BLACK
6
CONTINUOUS
10
1.4842990551181101
20
0.6797633858267716
11
1.4819153149606299
21
0.6800196456692913
0
LINE
8
BLACK
6
CONTINUOUS
10
1.4819153149606299
20
0.6800196456692913
11
1.4819151574803149
21
0.6800196456692913
0
LINE
8
BLACK
6
CONTINUOUS
10
1.4819151574803149
20
0.6800196456692913
11
1.4819148818897638
21
0.68001968503937
0
LINE
8
BLACK
6
CONTINUOUS
10
1.4819148818897638
20
0.68001968503937
11
1.4180851181102363
21
0.68001968503937
0
LINE
8
BLACK
6
CONTINUOUS
10
1.4180851181102363
20
0.68001968503937
11
1.418084842519685
21
0.6800196456692913
0
LINE
8
BLACK
6
CONTINUOUS
10
1.418084842519685
20
0.6800196456692913
11
1.4180846456692913
21
0.6800196456692913
0
LINE
8
BLACK
6
CONTINUOUS
10
1.4180846456692913
20
0.6800196456692913
11
1.415700905511811
21
0.6797633858267716
0
LINE
8
BLACK
6
CONTINUOUS
10
1.415700905511811
20
0.6797633858267716
11
1.415700590551181
21
0.6797633070866141
0
LINE
8
BLACK
6
CONTINUOUS
10
1.415700590551181
20
0.6797633070866141
11
1.4126328740157481
21
0.6786190551181103
0
LINE
8
BLACK
6
CONTINUOUS
10
1.4126328740157481
20
0.6786190551181103
11
1.4103069291338581
21
0.6777515354330709
0
LINE
8
BLACK
6
CONTINUOUS
10
1.4103069291338581
20
0.6777515354330709
11
1.4103068503937009
21
0.6777514960629921
0
LINE
8
BLACK
6
CONTINUOUS
10
1.4103068503937009
20
0.6777514960629921
11
1.4103067716535433
21
0.6777514566929134
0
LINE
8
BLACK
6
CONTINUOUS
10
1.4103067716535433
20
0.6777514566929134
11
1.4056983464566928
21
0.6743016141732283
0
LINE
8
BLACK
6
CONTINUOUS
10
1.4056983464566928
20
0.6743016141732283
11
1.4039711811023621
21
0.6719943700787402
0
LINE
8
BLACK
6
CONTINUOUS
10
1.4039711811023621
20
0.6719943700787402
11
1.4017335433070865
21
0.6703192913385827
0
LINE
8
BLACK
6
CONTINUOUS
10
1.4017335433070865
20
0.6703192913385827
11
1.3989455118110237
21
0.6701199212598425
0
LINE
8
BLACK
6
CONTINUOUS
10
1.3989455118110237
20
0.6701199212598425
11
1.396492283464567
21
0.6714594881889764
0
LINE
8
BLACK
6
CONTINUOUS
10
1.396492283464567
20
0.6714594881889764
11
1.3960288188976377
21
0.6719943700787402
0
LINE
8
BLACK
6
CONTINUOUS
10
1.3960288188976377
20
0.6719943700787402
11
1.3943016141732283
21
0.6743016141732283
0
LINE
8
BLACK
6
CONTINUOUS
10
1.3943016141732283
20
0.6743016141732283
11
1.3896931889763779
21
0.6777514566929134
0
LINE
8
BLACK
6
CONTINUOUS
10
1.3896931889763779
20
0.6777514566929134
11
1.3896931496062992
21
0.6777514566929134
0
LINE
8
BLACK
6
CONTINUOUS
10
1.3896931496062992
20
0.6777514566929134
11
1.3896930708661417
21
0.6777515354330709
0
LINE
8
BLACK
6
CONTINUOUS
10
1.3896930708661417
20
0.6777515354330709
11
1.384299251968504
21
0.6797633464566929
0
LINE
8
BLACK
6
CONTINUOUS
10
1.384299251968504
20
0.6797633464566929
11
1.3842991732283465
21
0.6797633464566929
0
LINE
8
BLACK
6
CONTINUOUS
10
1.3842991732283465
20
0.6797633464566929
11
1.3842990551181102
21
0.6797633858267716
0
LINE
8
BLACK
6
CONTINUOUS
10
1.3842990551181102
20
0.6797633858267716
11
1.3819153149606298
21
0.6800196456692913
0
LINE
8
BLACK
6
CONTINUOUS
10
1.3819153149606298
20
0.6800196456692913
11
1.381915157480315
21
0.6800196456692913
0
LINE
8
BLACK
6
CONTINUOUS
10
1.381915157480315
20
0.6800196456692913
11
1.3819148818897637
21
0.68001968503937
0
LINE
8
BLACK
6
CONTINUOUS
10
1.3819148818897637
20
0.68001968503937
11
1.3180851181102362
21
0.68001968503937
0
LINE
8
BLACK
6
CONTINUOUS
10
1.3180851181102362
20
0.68001968503937
11
1.3180848425196849
21
0.6800196456692913
0
LINE
8
BLACK
6
CONTINUOUS
10
1.3180848425196849
20
0.6800196456692913
11
1.3180846456692914
21
0.6800196456692913
0
LINE
8
BLACK
6
CONTINUOUS
10
1.3180846456692914
20
0.6800196456692913
11
1.315700905511811
21
0.6797633858267716
0
LINE
8
BLACK
6
CONTINUOUS
10
1.315700905511811
20
0.6797633858267716
11
1.3157005905511812
21
0.6797633070866141
0
LINE
8
BLACK
6
CONTINUOUS
10
1.3157005905511812
20
0.6797633070866141
11
1.312632874015748
21
0.6786190551181103
0
LINE
8
BLACK
6
CONTINUOUS
10
1.312632874015748
20
0.6786190551181103
11
1.3103069291338583
21
0.6777515354330709
0
LINE
8
BLACK
6
CONTINUOUS
10
1.3103069291338583
20
0.6777515354330709
11
1.3103068503937008
21
0.6777514960629921
0
LINE
8
BLACK
6
CONTINUOUS
10
1.3103068503937008
20
0.6777514960629921
11
1.3103067716535433
21
0.6777514566929134
0
LINE
8
BLACK
6
CONTINUOUS
10
1.3103067716535433
20
0.6777514566929134
11
1.3056983464566929
21
0.6743016141732283
0
LINE
8
BLACK
6
CONTINUOUS
10
1.3056983464566929
20
0.6743016141732283
11
1.3022485039370078
21
0.669693188976378
0
LINE
8
BLACK
6
CONTINUOUS
10
1.3022485039370078
20
0.669693188976378
11
1.3022484251968505
21
0.6696929921259842
0
LINE
8
BLACK
6
CONTINUOUS
10
1.3022484251968505
20
0.6696929921259842
11
1.300236653543307
21
0.6642993700787402
0
LINE
8
BLACK
6
CONTINUOUS
10
1.300236653543307
20
0.6642993700787402
11
1.3002365748031495
21
0.6642990551181103
0
LINE
8
BLACK
6
CONTINUOUS
10
1.3002365748031495
20
0.6642990551181103
11
1.2999803149606299
21
0.6619153149606299
0
LINE
8
BLACK
6
CONTINUOUS
10
1.2999803149606299
20
0.6619153149606299
11
1.2999803149606299
21
0.5980846456692913
0
LINE
8
BLACK
6
CONTINUOUS
10
1.2999803149606299
20
0.5980846456692913
11
1.3002365748031495
21
0.595700905511811
0
LINE
8
BLACK
6
CONTINUOUS
10
1.3002365748031495
20
0.595700905511811
11
1.300236653543307
21
0.5957005905511811
0
LINE
8
BLACK
6
CONTINUOUS
10
1.300236653543307
20
0.5957005905511811
11
1.3022484251968505
21
0.590306968503937
0
LINE
8
BLACK
6
CONTINUOUS
10
1.3022484251968505
20
0.590306968503937
11
1.3022485039370078
21
0.5903067716535433
0
LINE
8
BLACK
6
CONTINUOUS
10
1.3022485039370078
20
0.5903067716535433
11
1.3056983858267717
21
0.5856983464566929
0
LINE
8
BLACK
6
CONTINUOUS
10
1.3056983858267717
20
0.5856983464566929
11
1.3080056299212599
21
0.5839711417322835
0
LINE
8
BLACK
6
CONTINUOUS
10
1.3080056299212599
20
0.5839711417322835
11
1.3096806692913385
21
0.5817335039370078
0
LINE
8
BLACK
6
CONTINUOUS
10
1.3096806692913385
20
0.5817335039370078
11
1.3098800393700787
21
0.5789455118110236
0
LINE
8
BLACK
6
CONTINUOUS
10
1.3098800393700787
20
0.5789455118110236
11
1.3085404724409448
21
0.5764922834645669
0
LINE
8
BLACK
6
CONTINUOUS
10
1.3085404724409448
20
0.5764922834645669
11
1.3080056299212599
21
0.5760288582677165
0
LINE
8
BLACK
6
CONTINUOUS
10
1.3080056299212599
20
0.5760288582677165
11
1.3056983858267717
21
0.5743016141732283
0
LINE
8
BLACK
6
CONTINUOUS
10
1.3056983858267717
20
0.5743016141732283
11
1.3022485039370078
21
0.5696931889763779
0
LINE
8
BLACK
6
CONTINUOUS
10
1.3022485039370078
20
0.5696931889763779
11
1.3022484251968505
21
0.5696929921259842
0
LINE
8
BLACK
6
CONTINUOUS
10
1.3022484251968505
20
0.5696929921259842
11
1.300236653543307
21
0.5642993700787401
0
LINE
8
BLACK
6
CONTINUOUS
10
1.300236653543307
20
0.5642993700787401
11
1.3002365748031495
21
0.5642990551181102
0
LINE
8
BLACK
6
CONTINUOUS
10
1.3002365748031495
20
0.5642990551181102
11
1.2999803149606299
21
0.56191531496063
0
LINE
8
BLACK
6
CONTINUOUS
10
1.2999803149606299
20
0.56191531496063
11
1.2999803149606299
21
0.4980846456692913
0
LINE
8
BLACK
6
CONTINUOUS
10
1.2999803149606299
20
0.4980846456692913
11
1.3002365748031495
21
0.495700905511811
0
LINE
8
BLACK
6
CONTINUOUS
10
1.3002365748031495
20
0.935700905511811
11
1.300236653543307
21
0.935700590551181
0
LINE
8
BLACK
6
CONTINUOUS
10
1.300236653543307
20
0.935700590551181
11
1.3022484251968505
21
0.930306968503937
0
LINE
8
BLACK
6
CONTINUOUS
10
1.3022484251968505
20
0.930306968503937
11
1.3022485039370078
21
0.9303067716535433
0
LINE
8
BLACK
6
CONTINUOUS
10
1.3022485039370078
20
0.9303067716535433
11
1.3056983464566929
21
0.9256983464566929
0
LINE
8
BLACK
6
CONTINUOUS
10
1.3056983464566929
20
0.9256983464566929
11
1.3103067716535433
21
0.9222485039370079
0
LINE
8
BLACK
6
CONTINUOUS
10
1.3103067716535433
20
0.9222485039370079
11
1.310306968503937
21
0.9222484251968504
0
LINE
8
BLACK
6
CONTINUOUS
10
1.310306968503937
20
0.9222484251968504
11
1.3157005905511812
21
0.9202366535433071
0
LINE
8
BLACK
6
CONTINUOUS
10
1.3157005905511812
20
0.9202366535433071
11
1.315700905511811
21
0.9202365748031496
0
LINE
8
BLACK
6
CONTINUOUS
10
1.315700905511811
20
0.9202365748031496
11
1.3180846456692914
21
0.9199803149606299
0
LINE
8
BLACK
6
CONTINUOUS
10
1.3180846456692914
20
0.9199803149606299
11
1.3180851181102362
21
0.9199803149606299
0
LINE
8
BLACK
6
CONTINUOUS
10
1.3180851181102362
20
0.9199803149606299
11
1.3819153149606298
21
0.9199803149606299
0
LINE
8
BLACK
6
CONTINUOUS
10
1.3819153149606298
20
0.9199803149606299
11
1.3842990551181102
21
0.9202365748031496
0
LINE
8
BLACK
6
CONTINUOUS
10
1.3842990551181102
20
0.9202365748031496
11
1.38429937007874
21
0.9202366535433071
0
LINE
8
BLACK
6
CONTINUOUS
10
1.38429937007874
20
0.9202366535433071
11
1.3896929921259842
21
0.9222484251968504
0
LINE
8
BLACK
6
CONTINUOUS
10
1.3896929921259842
20
0.9222484251968504
11
1.3896931889763779
21
0.9222485039370079
0
LINE
8
BLACK
6
CONTINUOUS
10
1.3896931889763779
20
0.9222485039370079
11
1.3943016141732283
21
0.9256983858267717
0
LINE
8
BLACK
6
CONTINUOUS
10
1.3943016141732283
20
0.9256983858267717
11
1.3960288582677165
21
0.9280056299212598
0
LINE
8
BLACK
6
CONTINUOUS
10
1.3960288582677165
20
0.9280056299212598
11
1.398266496062992
21
0.9296806692913385
0
LINE
8
BLACK
6
CONTINUOUS
10
1.398266496062992
20
0.9296806692913385
11
1.4010544881889764
21
0.9298800393700787
0
LINE
8
BLACK
6
CONTINUOUS
10
1.4010544881889764
20
0.9298800393700787
11
1.403507716535433
21
0.9285404724409448
0
LINE
8
BLACK
6
CONTINUOUS
10
1.403507716535433
20
0.9285404724409448
11
1.4039711417322833
21
0.9280056299212598
0
LINE
8
BLACK
6
CONTINUOUS
10
1.4039711417322833
20
0.9280056299212598
11
1.4056983464566928
21
0.9256983858267717
0
LINE
8
BLACK
6
CONTINUOUS
10
1.4056983464566928
20
0.9256983858267717
11
1.4103067716535433
21
0.9222485039370079
0
LINE
8
BLACK
6
CONTINUOUS
10
1.4103067716535433
20
0.9222485039370079
11
1.4103069685039369
21
0.9222484251968504
0
LINE
8
BLACK
6
CONTINUOUS
10
1.4103069685039369
20
0.9222484251968504
11
1.415700590551181
21
0.9202366535433071
0
LINE
8
BLACK
6
CONTINUOUS
10
1.415700590551181
20
0.9202366535433071
11
1.415700905511811
21
0.9202365748031496
0
LINE
8
BLACK
6
CONTINUOUS
10
1.415700905511811
20
0.9202365748031496
11
1.4180846456692913
21
0.9199803149606299
0
LINE
8
BLACK
6
CONTINUOUS
10
1.4180846456692913
20
0.9199803149606299
11
1.4180851181102363
21
0.9199803149606299
0
LINE
8
BLACK
6
CONTINUOUS
10
1.4180851181102363
20
0.9199803149606299
11
1.4819153149606299
21
0.9199803149606299
0
LINE
8
BLACK
6
CONTINUOUS
10
1.4819153149606299
20
0.9199803149606299
11
1.4842990551181101
21
0.9202365748031496
0
LINE
8
BLACK
6
CONTINUOUS
10
1.4842990551181101
20
0.9202365748031496
11
1.4842993700787401
21
0.9202366535433071
0
LINE
8
BLACK
6
CONTINUOUS
10
1.4842993700787401
20
0.9202366535433071
11
1.4896929921259843
21
0.9222484251968504
0
LINE
8
BLACK
6
CONTINUOUS
10
1.4896929921259843
20
0.9222484251968504
11
1.4896931889763778
21
0.9222485039370079
0
LINE
8
BLACK
6
CONTINUOUS
10
1.4896931889763778
20
0.9222485039370079
11
1.4943016141732284
21
0.9256983464566929
0
LINE
8
BLACK
6
CONTINUOUS
10
1.4943016141732284
20
0.9256983464566929
11
1.4977514566929133
21
0.9303067716535433
0
LINE
8
BLACK
6
CONTINUOUS
10
1.4977514566929133
20
0.9303067716535433
11
1.4977515354330708
21
0.930306968503937
0
LINE
8
BLACK
6
CONTINUOUS
10
1.4977515354330708
20
0.930306968503937
11
1.4997633070866141
21
0.935700590551181
0
LINE
8
BLACK
6
CONTINUOUS
10
1.4997633070866141
20
0.935700590551181
11
1.4997633858267716
21
0.935700905511811
0
LINE
8
BLACK
6
CONTINUOUS
10
1.4997633858267716
20
0.935700905511811
11
1.5000196456692914
21
0.9380846456692913
0
LINE
8
BLACK
6
CONTINUOUS
10
1.5000196456692914
20
0.9380846456692913
11
1.5000196850393701
21
0.9380853149606299
0
LINE
8
BLACK
6
CONTINUOUS
10
1.5000196850393701
20
0.9380853149606299
11
1.5000196850393701
21
1.0019146456692913
0
LINE
8
BLACK
6
CONTINUOUS
10
1.5000196850393701
20
1.0019146456692913
11
1.5000196456692914
21
1.0019153149606299
0
LINE
8
BLACK
6
CONTINUOUS
10
1.5000196456692914
20
1.0019153149606299
11
1.4997633858267716
21
1.0042990551181101
0
LINE
8
BLACK
6
CONTINUOUS
10
1.4997633858267716
20
1.0042990551181101
11
1.4997633070866141
21
1.0042993700787402
0
LINE
8
BLACK
6
CONTINUOUS
10
1.4997633070866141
20
1.0042993700787402
11
1.4984195669291338
21
1.0079020078740157
0
LINE
8
BLACK
6
CONTINUOUS
10
1.4984195669291338
20
1.0079020078740157
11
1.4977515354330708
21
1.0096930708661418
0
LINE
8
BLACK
6
CONTINUOUS
10
1.4977515354330708
20
1.0096930708661418
11
1.4943016141732284
21
1.0143016141732284
0
LINE
8
BLACK
6
CONTINUOUS
10
1.4943016141732284
20
1.0143016141732284
11
1.4919943700787401
21
1.0160288188976379
0
LINE
8
BLACK
6
CONTINUOUS
10
1.4919943700787401
20
1.0160288188976379
11
1.4903192913385825
21
1.0182664566929134
0
LINE
8
BLACK
6
CONTINUOUS
10
1.4903192913385825
20
1.0182664566929134
11
1.4901199212598424
21
1.0210544881889763
0
LINE
8
BLACK
6
CONTINUOUS
10
1.4901199212598424
20
1.0210544881889763
11
1.4914594881889764
21
1.0235077165354332
0
LINE
8
BLACK
6
CONTINUOUS
10
1.4914594881889764
20
1.0235077165354332
11
1.4919943700787401
21
1.0239711811023622
0
LINE
8
BLACK
6
CONTINUOUS
10
1.4919943700787401
20
1.0239711811023622
11
1.4943016141732284
21
1.0256983464566929
0
LINE
8
BLACK
6
CONTINUOUS
10
1.4943016141732284
20
1.0256983464566929
11
1.4977514566929133
21
1.0303067716535432
0
LINE
8
BLACK
6
CONTINUOUS
10
1.4977514566929133
20
1.0303067716535432
11
1.4977515354330708
21
1.030306968503937
0
LINE
8
BLACK
6
CONTINUOUS
10
1.4977515354330708
20
1.030306968503937
11
1.4997633070866141
21
1.0357005905511811
0
LINE
8
BLACK
6
CONTINUOUS
10
1.4997633070866141
20
1.0357005905511811
11
1.4997633858267716
21
1.0357009055118109
0
LINE
8
BLACK
6
CONTINUOUS
10
1.4997633858267716
20
1.0357009055118109
11
1.5000196456692914
21
1.0380846456692914
0
LINE
8
BLACK
6
CONTINUOUS
10
1.5000196456692914
20
1.0380846456692914
11
1.5000196850393701
21
1.0380853149606299
0
LINE
8
BLACK
6
CONTINUOUS
10
1.5000196850393701
20
1.0380853149606299
11
1.5000196850393701
21
1.1019146456692912
0
LINE
8
BLACK
6
CONTINUOUS
10
1.5000196850393701
20
1.1019146456692912
11
1.5000196456692914
21
1.10191531496063
0
LINE
8
BLACK
6
CONTINUOUS
10
1.5000196456692914
20
1.10191531496063
11
1.4997633858267716
21
1.1042990551181102
0
LINE
8
BLACK
6
CONTINUOUS
10
1.4997633858267716
20
1.1042990551181102
11
1.4997633070866141
21
1.1042993700787402
0
LINE
8
BLACK
6
CONTINUOUS
10
1.4997633070866141
20
1.1042993700787402
11
1.4984195669291338
21
1.1079020078740158
0
LINE
8
BLACK
6
CONTINUOUS
10
1.4984195669291338
20
1.1079020078740158
11
1.4977515354330708
21
1.1096930708661417
0
LINE
8
BLACK
6
CONTINUOUS
10
1.4977515354330708
20
1.1096930708661417
11
1.4943016141732284
21
1.1143016141732283
0
LINE
8
BLACK
6
CONTINUOUS
10
1.4943016141732284
20
1.1143016141732283
11
1.4896930708661418
21
1.1177515354330709
0
LINE
8
BLACK
6
CONTINUOUS
10
1.4896930708661418
20
1.1177515354330709
11
1.4842992519685039
21
1.119763346456693
0
LINE
8
BLACK
6
CONTINUOUS
10
1.4842992519685039
20
1.119763346456693
11
1.4842991732283464
21
1.119763346456693
0
LINE
8
BLACK
6
CONTINUOUS
10
1.4842991732283464
20
1.119763346456693
11
1.4842990551181101
21
1.1197633858267717
0
LINE
8
BLACK
6
CONTINUOUS
10
1.4842990551181101
20
1.1197633858267717
11
1.4819153149606299
21
1.1200196456692912
0
LINE
8
BLACK
6
CONTINUOUS
10
1.4819153149606299
20
1.1200196456692912
11
1.4819151574803149
21
1.1200196456692912
0
LINE
8
BLACK
6
CONTINUOUS
10
1.4819151574803149
20
1.1200196456692912
11
1.4819148818897638
21
1.12001968503937
0
LINE
8
BLACK
6
CONTINUOUS
10
1.4819148818897638
20
1.12001968503937
11
1.4180851181102363
21
1.12001968503937
0
LINE
8
BLACK
6
CONTINUOUS
10
1.4180851181102363
20
1.12001968503937
11
1.418084842519685
21
1.1200196456692912
0
LINE
8
BLACK
6
CONTINUOUS
10
1.418084842519685
20
1.1200196456692912
11
1.4180846456692913
21
1.1200196456692912
0
LINE
8
BLACK
6
CONTINUOUS
10
1.4180846456692913
20
1.1200196456692912
11
1.415700905511811
21
1.1197633858267717
0
LINE
8
BLACK
6
CONTINUOUS
10
1.415700905511811
20
1.1197633858267717
11
1.415700590551181
21
1.1197633070866142
0
LINE
8
BLACK
6
CONTINUOUS
10
1.415700590551181
20
1.1197633070866142
11
1.4126328740157481
21
1.1186190551181101
0
LINE
8
BLACK
6
CONTINUOUS
10
1.4126328740157481
20
1.1186190551181101
11
1.4103069291338581
21
1.1177515354330709
0
LINE
8
BLACK
6
CONTINUOUS
10
1.4103069291338581
20
1.1177515354330709
11
1.4103068503937009
21
1.1177514960629922
0
LINE
8
BLACK
6
CONTINUOUS
10
1.4103068503937009
20
1.1177514960629922
11
1.4103067716535433
21
1.1177514566929134
0
LINE
8
BLACK
6
CONTINUOUS
10
1.4103067716535433
20
1.1177514566929134
11
1.4056983464566928
21
1.1143016141732283
0
LINE
8
BLACK
6
CONTINUOUS
10
1.4056983464566928
20
1.1143016141732283
11
1.4039711811023621
21
1.11199437007874
0
LINE
8
BLACK
6
CONTINUOUS
10
1.4039711811023621
20
1.11199437007874
11
1.4017335433070865
21
1.1103192913385826
0
LINE
8
BLACK
6
CONTINUOUS
10
1.4017335433070865
20
1.1103192913385826
11
1.3989455118110237
21
1.1101199212598425
0
LINE
8
BLACK
6
CONTINUOUS
10
1.3989455118110237
20
1.1101199212598425
11
1.396492283464567
21
1.1114594881889763
0
LINE
8
BLACK
6
CONTINUOUS
10
1.396492283464567
20
1.1114594881889763
11
1.3960288188976377
21
1.11199437007874
0
LINE
8
BLACK
6
CONTINUOUS
10
1.3960288188976377
20
1.11199437007874
11
1.3943016141732283
21
1.1143016141732283
0
LINE
8
BLACK
6
CONTINUOUS
10
1.3943016141732283
20
1.1143016141732283
11
1.3896931889763779
21
1.1177514566929134
0
LINE
8
BLACK
6
CONTINUOUS
10
1.3896931889763779
20
1.1177514566929134
11
1.3896931496062992
21
1.1177514566929134
0
LINE
8
BLACK
6
CONTINUOUS
10
1.3896931496062992
20
1.1177514566929134
11
1.3896930708661417
21
1.1177515354330709
0
LINE
8
BLACK
6
CONTINUOUS
10
1.3896930708661417
20
1.1177515354330709
11
1.384299251968504
21
1.119763346456693
0
LINE
8
BLACK
6
CONTINUOUS
10
1.384299251968504
20
1.119763346456693
11
1.3842991732283465
21
1.119763346456693
0
LINE
8
BLACK
6
CONTINUOUS
10
1.3842991732283465
20
1.119763346456693
11
1.3842990551181102
21
1.1197633858267717
0
LINE
8
BLACK
6
CONTINUOUS
10
1.3842990551181102
20
1.1197633858267717
11
1.3819153149606298
21
1.1200196456692912
0
LINE
8
BLACK
6
CONTINUOUS
10
1.3819153149606298
20
1.1200196456692912
11
1.381915157480315
21
1.1200196456692912
0
LINE
8
BLACK
6
CONTINUOUS
10
1.381915157480315
20
1.1200196456692912
11
1.3819148818897637
21
1.12001968503937
0
LINE
8
BLACK
6
CONTINUOUS
10
1.3819148818897637
20
1.12001968503937
11
1.3180851181102362
21
1.12001968503937
0
LINE
8
BLACK
6
CONTINUOUS
10
1.3180851181102362
20
1.12001968503937
11
1.3180848425196849
21
1.1200196456692912
0
LINE
8
BLACK
6
CONTINUOUS
10
1.3180848425196849
20
1.1200196456692912
11
1.3180846456692914
21
1.1200196456692912
0
LINE
8
BLACK
6
CONTINUOUS
10
1.3180846456692914
20
1.1200196456692912
11
1.315700905511811
21
1.1197633858267717
0
LINE
8
BLACK
6
CONTINUOUS
10
1.315700905511811
20
1.1197633858267717
11
1.3157005905511812
21
1.1197633070866142
0
LINE
8
BLACK
6
CONTINUOUS
10
1.3157005905511812
20
1.1197633070866142
11
1.312632874015748
21
1.1186190551181101
0
LINE
8
BLACK
6
CONTINUOUS
10
1.312632874015748
20
1.1186190551181101
11
1.3103069291338583
21
1.1177515354330709
0
LINE
8
BLACK
6
CONTINUOUS
10
1.3103069291338583
20
1.1177515354330709
11
1.3103068503937008
21
1.1177514960629922
0
LINE
8
BLACK
6
CONTINUOUS
10
1.3103068503937008
20
1.1177514960629922
11
1.3103067716535433
21
1.1177514566929134
0
LINE
8
BLACK
6
CONTINUOUS
10
1.3103067716535433
20
1.1177514566929134
11
1.3056983464566929
21
1.1143016141732283
0
LINE
8
BLACK
6
CONTINUOUS
10
1.3056983464566929
20
1.1143016141732283
11
1.3022485039370078
21
1.1096931889763779
0
LINE
8
BLACK
6
CONTINUOUS
10
1.3022485039370078
20
1.1096931889763779
11
1.3022484251968505
21
1.1096929921259842
0
LINE
8
BLACK
6
CONTINUOUS
10
1.3022484251968505
20
1.1096929921259842
11
1.300236653543307
21
1.1042993700787402
0
LINE
8
BLACK
6
CONTINUOUS
10
1.300236653543307
20
1.1042993700787402
11
1.3002365748031495
21
1.1042990551181102
0
LINE
8
BLACK
6
CONTINUOUS
10
1.3002365748031495
20
1.1042990551181102
11
1.2999803149606299
21
1.10191531496063
0
LINE
8
BLACK
6
CONTINUOUS
10
1.2999803149606299
20
1.10191531496063
11
1.2999803149606299
21
1.0380846456692914
0
LINE
8
BLACK
6
CONTINUOUS
10
1.2999803149606299
20
1.0380846456692914
11
1.3002365748031495
21
1.0357009055118109
0
LINE
8
BLACK
6
CONTINUOUS
10
1.3002365748031495
20
1.0357009055118109
11
1.300236653543307
21
1.0357005905511811
0
LINE
8
BLACK
6
CONTINUOUS
10
1.300236653543307
20
1.0357005905511811
11
1.3022484251968505
21
1.030306968503937
0
LINE
8
BLACK
6
CONTINUOUS
10
1.3022484251968505
20
1.030306968503937
11
1.3022485039370078
21
1.0303067716535432
0
LINE
8
BLACK
6
CONTINUOUS
10
1.3022485039370078
20
1.0303067716535432
11
1.3056983858267717
21
1.0256983464566929
0
LINE
8
BLACK
6
CONTINUOUS
10
1.3056983858267717
20
1.0256983464566929
11
1.3080056299212599
21
1.0239711417322834
0
LINE
8
BLACK
6
CONTINUOUS
10
1.3080056299212599
20
1.0239711417322834
11
1.3096806692913385
21
1.0217335039370079
0
LINE
8
BLACK
6
CONTINUOUS
10
1.3096806692913385
20
1.0217335039370079
11
1.3098800393700787
21
1.0189455118110236
0
LINE
8
BLACK
6
CONTINUOUS
10
1.3098800393700787
20
1.0189455118110236
11
1.3085404724409448
21
1.0164922834645669
0
LINE
8
BLACK
6
CONTINUOUS
10
1.3085404724409448
20
1.0164922834645669
11
1.3080056299212599
21
1.0160288582677166
0
LINE
8
BLACK
6
CONTINUOUS
10
1.3080056299212599
20
1.0160288582677166
11
1.3056983858267717
21
1.0143016141732284
0
LINE
8
BLACK
6
CONTINUOUS
10
1.3056983858267717
20
1.0143016141732284
11
1.3022485039370078
21
1.0096931889763778
0
LINE
8
BLACK
6
CONTINUOUS
10
1.3022485039370078
20
1.0096931889763778
11
1.3022484251968505
21
1.0096929921259843
0
LINE
8
BLACK
6
CONTINUOUS
10
1.3022484251968505
20
1.0096929921259843
11
1.300236653543307
21
1.0042993700787402
0
LINE
8
BLACK
6
CONTINUOUS
10
1.300236653543307
20
1.0042993700787402
11
1.3002365748031495
21
1.0042990551181101
0
LINE
8
BLACK
6
CONTINUOUS
10
1.3002365748031495
20
1.0042990551181101
11
1.2999803149606299
21
1.0019153149606299
0
LINE
8
BLACK
6
CONTINUOUS
10
1.2999803149606299
20
1.0019153149606299
11
1.2999803149606299
21
0.9380846456692913
0
LINE
8
BLACK
6
CONTINUOUS
10
1.2999803149606299
20
0.9380846456692913
11
1.3002365748031495
21
0.935700905511811
0
LINE
8
BLACK
6
CONTINUOUS
10
0.918084842519685
20
1.5000196456692914
11
0.9180846456692913
21
1.5000196456692914
0
LINE
8
BLACK
6
CONTINUOUS
10
0.9180846456692913
20
1.5000196456692914
11
0.915700905511811
21
1.4997633858267716
0
LINE
8
BLACK
6
CONTINUOUS
10
0.915700905511811
20
1.4997633858267716
11
0.915700590551181
21
1.4997633070866141
0
LINE
8
BLACK
6
CONTINUOUS
10
0.915700590551181
20
1.4997633070866141
11
0.912632874015748
21
1.4986190551181102
0
LINE
8
BLACK
6
CONTINUOUS
10
0.912632874015748
20
1.4986190551181102
11
0.9103069291338582
21
1.4977515354330708
0
LINE
8
BLACK
6
CONTINUOUS
10
0.9103069291338582
20
1.4977515354330708
11
0.9103068503937007
21
1.4977514960629921
0
LINE
8
BLACK
6
CONTINUOUS
10
0.9103068503937007
20
1.4977514960629921
11
0.9103067716535432
21
1.4977514566929133
0
LINE
8
BLACK
6
CONTINUOUS
10
0.9103067716535432
20
1.4977514566929133
11
0.9056983464566929
21
1.4943016141732284
0
LINE
8
BLACK
6
CONTINUOUS
10
0.9056983464566929
20
1.4943016141732284
11
0.9022485039370078
21
1.4896931889763778
0
LINE
8
BLACK
6
CONTINUOUS
10
0.9022485039370078
20
1.4896931889763778
11
0.9022484251968503
21
1.4896929921259843
0
LINE
8
BLACK
6
CONTINUOUS
10
0.9022484251968503
20
1.4896929921259843
11
0.9002366535433071
21
1.4842993700787401
0
LINE
8
BLACK
6
CONTINUOUS
10
0.9002366535433071
20
1.4842993700787401
11
0.9002365748031496
21
1.4842990551181101
0
LINE
8
BLACK
6
CONTINUOUS
10
0.9002365748031496
20
1.4842990551181101
11
0.8999803149606299
21
1.4819153149606299
0
LINE
8
BLACK
6
CONTINUOUS
10
0.8999803149606299
20
1.4819153149606299
11
0.8999803149606299
21
1.4180846456692913
0
LINE
8
BLACK
6
CONTINUOUS
10
0.8999803149606299
20
1.4180846456692913
11
0.9002365748031496
21
1.415700905511811
0
LINE
8
BLACK
6
CONTINUOUS
10
0.9002365748031496
20
1.415700905511811
11
0.9002366535433071
21
1.415700590551181
0
LINE
8
BLACK
6
CONTINUOUS
10
0.9002366535433071
20
1.415700590551181
11
0.9022484251968503
21
1.4103069685039369
0
LINE
8
BLACK
6
CONTINUOUS
10
0.9022484251968503
20
1.4103069685039369
11
0.9022485039370078
21
1.4103067716535433
0
LINE
8
BLACK
6
CONTINUOUS
10
0.9022485039370078
20
1.4103067716535433
11
0.9056983858267716
21
1.4056983464566928
0
LINE
8
BLACK
6
CONTINUOUS
10
0.9056983858267716
20
1.4056983464566928
11
0.9080056299212598
21
1.4039711417322833
0
LINE
8
BLACK
6
CONTINUOUS
10
0.9080056299212598
20
1.4039711417322833
11
0.9096806692913386
21
1.4017335039370078
0
LINE
8
BLACK
6
CONTINUOUS
10
0.9096806692913386
20
1.4017335039370078
11
0.9098800393700788
21
1.3989455118110237
0
LINE
8
BLACK
6
CONTINUOUS
10
0.9098800393700788
20
1.3989455118110237
11
0.9085404724409448
21
1.396492283464567
0
LINE
8
BLACK
6
CONTINUOUS
10
0.9085404724409448
20
1.396492283464567
11
0.9080056299212598
21
1.3960288582677165
0
LINE
8
BLACK
6
CONTINUOUS
10
0.9080056299212598
20
1.3960288582677165
11
0.9056983858267716
21
1.3943016141732283
0
LINE
8
BLACK
6
CONTINUOUS
10
0.9056983858267716
20
1.3943016141732283
11
0.9022485039370078
21
1.3896931889763779
0
LINE
8
BLACK
6
CONTINUOUS
10
0.9022485039370078
20
1.3896931889763779
11
0.9022484251968503
21
1.3896929921259842
0
LINE
8
BLACK
6
CONTINUOUS
10
0.9022484251968503
20
1.3896929921259842
11
0.9002366535433071
21
1.38429937007874
0
LINE
8
BLACK
6
CONTINUOUS
10
0.9002366535433071
20
1.38429937007874
11
0.9002365748031496
21
1.3842990551181102
0
LINE
8
BLACK
6
CONTINUOUS
10
0.9002365748031496
20
1.3842990551181102
11
0.8999803149606299
21
1.3819153149606298
0
LINE
8
BLACK
6
CONTINUOUS
10
0.8999803149606299
20
1.3819153149606298
11
0.8999803149606299
21
1.3180846456692914
0
LINE
8
BLACK
6
CONTINUOUS
10
0.8999803149606299
20
1.3180846456692914
11
0.9002365748031496
21
1.315700905511811
0
LINE
8
BLACK
6
CONTINUOUS
10
0.9002365748031496
20
1.315700905511811
11
0.9002366535433071
21
1.3157005905511812
0
LINE
8
BLACK
6
CONTINUOUS
10
0.9002366535433071
20
1.3157005905511812
11
0.9022484251968503
21
1.310306968503937
0
LINE
8
BLACK
6
CONTINUOUS
10
0.9022484251968503
20
1.310306968503937
11
0.9022485039370078
21
1.3103067716535433
0
LINE
8
BLACK
6
CONTINUOUS
10
0.9022485039370078
20
1.3103067716535433
11
0.9056983464566929
21
1.3056983464566929
0
LINE
8
BLACK
6
CONTINUOUS
10
0.9056983464566929
20
1.3056983464566929
11
0.9103067716535432
21
1.3022485039370078
0
LINE
8
BLACK
6
CONTINUOUS
10
0.9103067716535432
20
1.3022485039370078
11
0.910306968503937
21
1.3022484251968505
0
LINE
8
BLACK
6
CONTINUOUS
10
0.910306968503937
20
1.3022484251968505
11
0.915700590551181
21
1.300236653543307
0
LINE
8
BLACK
6
CONTINUOUS
10
0.915700590551181
20
1.300236653543307
11
0.915700905511811
21
1.3002365748031495
0
LINE
8
BLACK
6
CONTINUOUS
10
0.915700905511811
20
1.3002365748031495
11
0.9180846456692913
21
1.2999803149606299
0
LINE
8
BLACK
6
CONTINUOUS
10
0.9180846456692913
20
1.2999803149606299
11
0.9180851181102362
21
1.2999803149606299
0
LINE
8
BLACK
6
CONTINUOUS
10
0.9180851181102362
20
1.2999803149606299
11
0.9819153149606299
21
1.2999803149606299
0
LINE
8
BLACK
6
CONTINUOUS
10
0.9819153149606299
20
1.2999803149606299
11
0.9842990551181102
21
1.3002365748031495
0
LINE
8
BLACK
6
CONTINUOUS
10
0.9842990551181102
20
1.3002365748031495
11
0.9842993700787401
21
1.300236653543307
0
LINE
8
BLACK
6
CONTINUOUS
10
0.9842993700787401
20
1.300236653543307
11
0.9896929921259843
21
1.3022484251968505
0
LINE
8
BLACK
6
CONTINUOUS
10
0.9896929921259843
20
1.3022484251968505
11
0.9896931889763779
21
1.3022485039370078
0
LINE
8
BLACK
6
CONTINUOUS
10
0.9896931889763779
20
1.3022485039370078
11
0.9943016141732284
21
1.3056983858267717
0
LINE
8
BLACK
6
CONTINUOUS
10
0.9943016141732284
20
1.3056983858267717
11
0.9960288582677165
21
1.3080056299212599
0
LINE
8
BLACK
6
CONTINUOUS
10
0.9960288582677165
20
1.3080056299212599
11
0.9982664960629921
21
1.3096806692913385
0
LINE
8
BLACK
6
CONTINUOUS
10
0.9982664960629921
20
1.3096806692913385
11
1.0010544881889765
21
1.3098800393700787
0
LINE
8
BLACK
6
CONTINUOUS
10
1.0010544881889765
20
1.3098800393700787
11
1.0035077165354331
21
1.3085404724409448
0
LINE
8
BLACK
6
CONTINUOUS
10
1.0035077165354331
20
1.3085404724409448
11
1.0039711417322834
21
1.3080056299212599
0
LINE
8
BLACK
6
CONTINUOUS
10
1.0039711417322834
20
1.3080056299212599
11
1.0056983464566929
21
1.3056983858267717
0
LINE
8
BLACK
6
CONTINUOUS
10
1.0056983464566929
20
1.3056983858267717
11
1.0103067716535432
21
1.3022485039370078
0
LINE
8
BLACK
6
CONTINUOUS
10
1.0103067716535432
20
1.3022485039370078
11
1.010306968503937
21
1.3022484251968505
0
LINE
8
BLACK
6
CONTINUOUS
10
1.010306968503937
20
1.3022484251968505
11
1.0157005905511811
21
1.300236653543307
0
LINE
8
BLACK
6
CONTINUOUS
10
1.0157005905511811
20
1.300236653543307
11
1.0157009055118109
21
1.3002365748031495
0
LINE
8
BLACK
6
CONTINUOUS
10
1.0157009055118109
20
1.3002365748031495
11
1.0180846456692914
21
1.2999803149606299
0
LINE
8
BLACK
6
CONTINUOUS
10
1.0180846456692914
20
1.2999803149606299
11
1.0180851181102362
21
1.2999803149606299
0
LINE
8
BLACK
6
CONTINUOUS
10
1.0180851181102362
20
1.2999803149606299
11
1.08191531496063
21
1.2999803149606299
0
LINE
8
BLACK
6
CONTINUOUS
10
1.08191531496063
20
1.2999803149606299
11
1.0842990551181102
21
1.3002365748031495
0
LINE
8
BLACK
6
CONTINUOUS
10
1.0842990551181102
20
1.3002365748031495
11
1.0842993700787402
21
1.300236653543307
0
LINE
8
BLACK
6
CONTINUOUS
10
1.0842993700787402
20
1.300236653543307
11
1.0896929921259841
21
1.3022484251968505
0
LINE
8
BLACK
6
CONTINUOUS
10
1.0896929921259841
20
1.3022484251968505
11
1.0896931889763779
21
1.3022485039370078
0
LINE
8
BLACK
6
CONTINUOUS
10
1.0896931889763779
20
1.3022485039370078
11
1.0943016141732282
21
1.3056983464566929
0
LINE
8
BLACK
6
CONTINUOUS
10
1.0943016141732282
20
1.3056983464566929
11
1.0977514566929134
21
1.3103067716535433
0
LINE
8
BLACK
6
CONTINUOUS
10
1.0977514566929134
20
1.3103067716535433
11
1.0977515354330709
21
1.310306968503937
0
LINE
8
BLACK
6
CONTINUOUS
10
1.0977515354330709
20
1.310306968503937
11
1.0997633070866142
21
1.3157005905511812
0
LINE
8
BLACK
6
CONTINUOUS
10
1.0997633070866142
20
1.3157005905511812
11
1.0997633858267717
21
1.315700905511811
0
LINE
8
BLACK
6
CONTINUOUS
10
1.0997633858267717
20
1.315700905511811
11
1.1000196456692912
21
1.3180846456692914
0
LINE
8
BLACK
6
CONTINUOUS
10
1.1000196456692912
20
1.3180846456692914
11
1.10001968503937
21
1.31808531496063
0
LINE
8
BLACK
6
CONTINUOUS
10
1.10001968503937
20
1.31808531496063
11
1.10001968503937
21
1.3819146456692912
0
LINE
8
BLACK
6
CONTINUOUS
10
1.10001968503937
20
1.3819146456692912
11
1.1000196456692912
21
1.3819153149606298
0
LINE
8
BLACK
6
CONTINUOUS
10
1.1000196456692912
20
1.3819153149606298
11
1.0997633858267717
21
1.3842990551181102
0
LINE
8
BLACK
6
CONTINUOUS
10
1.0997633858267717
20
1.3842990551181102
11
1.0997633070866142
21
1.38429937007874
0
LINE
8
BLACK
6
CONTINUOUS
10
1.0997633070866142
20
1.38429937007874
11
1.0994866141732282
21
1.3850411417322834
0
LINE
8
BLACK
6
CONTINUOUS
10
1.0994866141732282
20
1.3850411417322834
11
1.0977515354330709
21
1.3896930708661417
0
LINE
8
BLACK
6
CONTINUOUS
10
1.0977515354330709
20
1.3896930708661417
11
1.0943016141732282
21
1.3943016141732283
0
LINE
8
BLACK
6
CONTINUOUS
10
1.0943016141732282
20
1.3943016141732283
11
1.0919943700787402
21
1.3960288188976377
0
LINE
8
BLACK
6
CONTINUOUS
10
1.0919943700787402
20
1.3960288188976377
11
1.0903192913385826
21
1.3982664566929133
0
LINE
8
BLACK
6
CONTINUOUS
10
1.0903192913385826
20
1.3982664566929133
11
1.0901199212598425
21
1.4010544881889764
0
LINE
8
BLACK
6
CONTINUOUS
10
1.0901199212598425
20
1.4010544881889764
11
1.0914594881889763
21
1.403507716535433
0
LINE
8
BLACK
6
CONTINUOUS
10
1.0914594881889763
20
1.403507716535433
11
1.0919943700787402
21
1.4039711811023621
0
LINE
8
BLACK
6
CONTINUOUS
10
1.0919943700787402
20
1.4039711811023621
11
1.0943016141732282
21
1.4056983464566928
0
LINE
8
BLACK
6
CONTINUOUS
10
1.0943016141732282
20
1.4056983464566928
11
1.0977514566929134
21
1.4103067716535433
0
LINE
8
BLACK
6
CONTINUOUS
10
1.0977514566929134
20
1.4103067716535433
11
1.0977515354330709
21
1.4103069685039369
0
LINE
8
BLACK
6
CONTINUOUS
10
1.0977515354330709
20
1.4103069685039369
11
1.0997633070866142
21
1.415700590551181
0
LINE
8
BLACK
6
CONTINUOUS
10
1.0997633070866142
20
1.415700590551181
11
1.0997633858267717
21
1.415700905511811
0
LINE
8
BLACK
6
CONTINUOUS
10
1.0997633858267717
20
1.415700905511811
11
1.1000196456692912
21
1.4180846456692913
0
LINE
8
BLACK
6
CONTINUOUS
10
1.1000196456692912
20
1.4180846456692913
11
1.10001968503937
21
1.4180853149606298
0
LINE
8
BLACK
6
CONTINUOUS
10
1.10001968503937
20
1.4180853149606298
11
1.10001968503937
21
1.4819146456692913
0
LINE
8
BLACK
6
CONTINUOUS
10
1.10001968503937
20
1.4819146456692913
11
1.1000196456692912
21
1.4819153149606299
0
LINE
8
BLACK
6
CONTINUOUS
10
1.1000196456692912
20
1.4819153149606299
11
1.0997633858267717
21
1.4842990551181101
0
LINE
8
BLACK
6
CONTINUOUS
10
1.0997633858267717
20
1.4842990551181101
11
1.0997633070866142
21
1.4842993700787401
0
LINE
8
BLACK
6
CONTINUOUS
10
1.0997633070866142
20
1.4842993700787401
11
1.0994866141732282
21
1.4850411417322835
0
LINE
8
BLACK
6
CONTINUOUS
10
1.0994866141732282
20
1.4850411417322835
11
1.0977515354330709
21
1.4896930708661418
0
LINE
8
BLACK
6
CONTINUOUS
10
1.0977515354330709
20
1.4896930708661418
11
1.0943016141732282
21
1.4943016141732284
0
LINE
8
BLACK
6
CONTINUOUS
10
1.0943016141732282
20
1.4943016141732284
11
1.0896930708661416
21
1.4977515354330708
0
LINE
8
BLACK
6
CONTINUOUS
10
1.0896930708661416
20
1.4977515354330708
11
1.084299251968504
21
1.4997633464566928
0
LINE
8
BLACK
6
CONTINUOUS
10
1.084299251968504
20
1.4997633464566928
11
1.0842991732283465
21
1.4997633464566928
0
LINE
8
BLACK
6
CONTINUOUS
10
1.0842991732283465
20
1.4997633464566928
11
1.0842990551181102
21
1.4997633858267716
0
LINE
8
BLACK
6
CONTINUOUS
10
1.0842990551181102
20
1.4997633858267716
11
1.08191531496063
21
1.5000196456692914
0
LINE
8
BLACK
6
CONTINUOUS
10
1.08191531496063
20
1.5000196456692914
11
1.081915157480315
21
1.5000196456692914
0
LINE
8
BLACK
6
CONTINUOUS
10
1.081915157480315
20
1.5000196456692914
11
1.0819148818897637
21
1.5000196850393701
0
LINE
8
BLACK
6
CONTINUOUS
10
1.0819148818897637
20
1.5000196850393701
11
1.0180851181102362
21
1.5000196850393701
0
LINE
8
BLACK
6
CONTINUOUS
10
1.0180851181102362
20
1.5000196850393701
11
1.0180848425196851
21
1.5000196456692914
0
LINE
8
BLACK
6
CONTINUOUS
10
1.0180848425196851
20
1.5000196456692914
11
1.0180846456692914
21
1.5000196456692914
0
LINE
8
BLACK
6
CONTINUOUS
10
1.0180846456692914
20
1.5000196456692914
11
1.0157009055118109
21
1.4997633858267716
0
LINE
8
BLACK
6
CONTINUOUS
10
1.0157009055118109
20
1.4997633858267716
11
1.0157005905511811
21
1.4997633070866141
0
LINE
8
BLACK
6
CONTINUOUS
10
1.0157005905511811
20
1.4997633070866141
11
1.012632874015748
21
1.4986190551181102
0
LINE
8
BLACK
6
CONTINUOUS
10
1.012632874015748
20
1.4986190551181102
11
1.0103069291338582
21
1.4977515354330708
0
LINE
8
BLACK
6
CONTINUOUS
10
1.0103069291338582
20
1.4977515354330708
11
1.0103068503937007
21
1.4977514960629921
0
LINE
8
BLACK
6
CONTINUOUS
10
1.0103068503937007
20
1.4977514960629921
11
1.0103067716535432
21
1.4977514566929133
0
LINE
8
BLACK
6
CONTINUOUS
10
1.0103067716535432
20
1.4977514566929133
11
1.0056983464566929
21
1.4943016141732284
0
LINE
8
BLACK
6
CONTINUOUS
10
1.0056983464566929
20
1.4943016141732284
11
1.0039711811023622
21
1.4919943700787401
0
LINE
8
BLACK
6
CONTINUOUS
10
1.0039711811023622
20
1.4919943700787401
11
1.0017335433070866
21
1.4903192913385825
0
LINE
8
BLACK
6
CONTINUOUS
10
1.0017335433070866
20
1.4903192913385825
11
0.9989455118110236
21
1.4901199212598424
0
LINE
8
BLACK
6
CONTINUOUS
10
0.9989455118110236
20
1.4901199212598424
11
0.9964922834645669
21
1.4914594881889764
0
LINE
8
BLACK
6
CONTINUOUS
10
0.9964922834645669
20
1.4914594881889764
11
0.9960288188976377
21
1.4919943700787401
0
LINE
8
BLACK
6
CONTINUOUS
10
0.9960288188976377
20
1.4919943700787401
11
0.9943016141732284
21
1.4943016141732284
0
LINE
8
BLACK
6
CONTINUOUS
10
0.9943016141732284
20
1.4943016141732284
11
0.9896931889763779
21
1.4977514566929133
0
LINE
8
BLACK
6
CONTINUOUS
10
0.9896931889763779
20
1.4977514566929133
11
0.9896931496062992
21
1.4977514566929133
0
LINE
8
BLACK
6
CONTINUOUS
10
0.9896931496062992
20
1.4977514566929133
11
0.9896930708661417
21
1.4977515354330708
0
LINE
8
BLACK
6
CONTINUOUS
10
0.9896930708661417
20
1.4977515354330708
11
0.9842992519685039
21
1.4997633464566928
0
LINE
8
BLACK
6
CONTINUOUS
10
0.9842992519685039
20
1.4997633464566928
11
0.9842991732283465
21
1.4997633464566928
0
LINE
8
BLACK
6
CONTINUOUS
10
0.9842991732283465
20
1.4997633464566928
11
0.9842990551181102
21
1.4997633858267716
0
LINE
8
BLACK
6
CONTINUOUS
10
0.9842990551181102
20
1.4997633858267716
11
0.9819153149606299
21
1.5000196456692914
0
LINE
8
BLACK
6
CONTINUOUS
10
0.9819153149606299
20
1.5000196456692914
11
0.981915157480315
21
1.5000196456692914
0
LINE
8
BLACK
6
CONTINUOUS
10
0.981915157480315
20
1.5000196456692914
11
0.9819148818897637
21
1.5000196850393701
0
LINE
8
BLACK
6
CONTINUOUS
10
0.9819148818897637
20
1.5000196850393701
11
0.9180851181102362
21
1.5000196850393701
0
LINE
8
BLACK
6
CONTINUOUS
10
0.9180851181102362
20
1.5000196850393701
11
0.918084842519685
21
1.5000196456692914
0
LINE
8
BLACK
6
CONTINUOUS
10
0.488084842519685
20
1.5200196456692914
11
0.4880846456692913
21
1.5200196456692914
0
LINE
8
BLACK
6
CONTINUOUS
10
0.4880846456692913
20
1.5200196456692914
11
0.485700905511811
21
1.5197633858267716
0
LINE
8
BLACK
6
CONTINUOUS
10
0.485700905511811
20
1.5197633858267716
11
0.4857005905511811
21
1.5197633070866141
0
LINE
8
BLACK
6
CONTINUOUS
10
0.4857005905511811
20
1.5197633070866141
11
0.482632874015748
21
1.5186190551181102
0
LINE
8
BLACK
6
CONTINUOUS
10
0.482632874015748
20
1.5186190551181102
11
0.4803069291338583
21
1.5177515354330708
0
LINE
8
BLACK
6
CONTINUOUS
10
0.4803069291338583
20
1.5177515354330708
11
0.4803068503937008
21
1.5177514960629921
0
LINE
8
BLACK
6
CONTINUOUS
10
0.4803068503937008
20
1.5177514960629921
11
0.4803067716535433
21
1.5177514566929133
0
LINE
8
BLACK
6
CONTINUOUS
10
0.4803067716535433
20
1.5177514566929133
11
0.4756983464566929
21
1.5143016141732284
0
LINE
8
BLACK
6
CONTINUOUS
10
0.4756983464566929
20
1.5143016141732284
11
0.4722485039370078
21
1.5096931889763778
0
LINE
8
BLACK
6
CONTINUOUS
10
0.4722485039370078
20
1.5096931889763778
11
0.4722484251968504
21
1.5096929921259843
0
LINE
8
BLACK
6
CONTINUOUS
10
0.4722484251968504
20
1.5096929921259843
11
0.4702366535433071
21
1.5042993700787402
0
LINE
8
BLACK
6
CONTINUOUS
10
0.4702366535433071
20
1.5042993700787402
11
0.4702365748031496
21
1.5042990551181101
0
LINE
8
BLACK
6
CONTINUOUS
10
0.4702365748031496
20
1.5042990551181101
11
0.4699803149606299
21
1.5019153149606299
0
LINE
8
BLACK
6
CONTINUOUS
10
0.4699803149606299
20
1.5019153149606299
11
0.4699803149606299
21
1.4380846456692913
0
LINE
8
BLACK
6
CONTINUOUS
10
0.4699803149606299
20
1.4380846456692913
11
0.4702365748031496
21
1.4357009055118111
0
LINE
8
BLACK
6
CONTINUOUS
10
0.4702365748031496
20
1.4357009055118111
11
0.4702366535433071
21
1.435700590551181
0
LINE
8
BLACK
6
CONTINUOUS
10
0.4702366535433071
20
1.435700590551181
11
0.4722484251968504
21
1.4303069685039369
0
LINE
8
BLACK
6
CONTINUOUS
10
0.4722484251968504
20
1.4303069685039369
11
0.4722485039370078
21
1.4303067716535434
0
LINE
8
BLACK
6
CONTINUOUS
10
0.4722485039370078
20
1.4303067716535434
11
0.4756983858267717
21
1.4256983464566928
0
LINE
8
BLACK
6
CONTINUOUS
10
0.4756983858267717
20
1.4256983464566928
11
0.4780056299212598
21
1.4239711417322833
0
LINE
8
BLACK
6
CONTINUOUS
10
0.4780056299212598
20
1.4239711417322833
11
0.4796806692913386
21
1.4217335039370078
0
LINE
8
BLACK
6
CONTINUOUS
10
0.4796806692913386
20
1.4217335039370078
11
0.4798800393700787
21
1.4189455118110237
0
LINE
8
BLACK
6
CONTINUOUS
10
0.4798800393700787
20
1.4189455118110237
11
0.4785404724409449
21
1.4164922834645668
0
LINE
8
BLACK
6
CONTINUOUS
10
0.4785404724409449
20
1.4164922834645668
11
0.4780056299212598
21
1.4160288582677165
0
LINE
8
BLACK
6
CONTINUOUS
10
0.4780056299212598
20
1.4160288582677165
11
0.4756983858267717
21
1.4143016141732283
0
LINE
8
BLACK
6
CONTINUOUS
10
0.4756983858267717
20
1.4143016141732283
11
0.4722485039370078
21
1.409693188976378
0
LINE
8
BLACK
6
CONTINUOUS
10
0.4722485039370078
20
1.409693188976378
11
0.4722484251968504
21
1.4096929921259842
0
LINE
8
BLACK
6
CONTINUOUS
10
0.4722484251968504
20
1.4096929921259842
11
0.4702366535433071
21
1.4042993700787401
0
LINE
8
BLACK
6
CONTINUOUS
10
0.4702366535433071
20
1.4042993700787401
11
0.4702365748031496
21
1.4042990551181103
0
LINE
8
BLACK
6
CONTINUOUS
10
0.4702365748031496
20
1.4042990551181103
11
0.4699803149606299
21
1.4019153149606298
0
LINE
8
BLACK
6
CONTINUOUS
10
0.4699803149606299
20
1.4019153149606298
11
0.4699803149606299
21
1.3380846456692914
0
LINE
8
BLACK
6
CONTINUOUS
10
0.4699803149606299
20
1.3380846456692914
11
0.4702365748031496
21
1.335700905511811
0
LINE
8
BLACK
6
CONTINUOUS
10
0.4702365748031496
20
1.335700905511811
11
0.4702366535433071
21
1.3357005905511812
0
LINE
8
BLACK
6
CONTINUOUS
10
0.4702366535433071
20
1.3357005905511812
11
0.4722484251968504
21
1.330306968503937
0
LINE
8
BLACK
6
CONTINUOUS
10
0.4722484251968504
20
1.330306968503937
11
0.4722485039370078
21
1.3303067716535433
0
LINE
8
BLACK
6
CONTINUOUS
10
0.4722485039370078
20
1.3303067716535433
11
0.4756983464566929
21
1.3256983464566929
0
LINE
8
BLACK
6
CONTINUOUS
10
0.4756983464566929
20
1.3256983464566929
11
0.4803067716535433
21
1.3222485039370078
0
LINE
8
BLACK
6
CONTINUOUS
10
0.4803067716535433
20
1.3222485039370078
11
0.480306968503937
21
1.3222484251968503
0
LINE
8
BLACK
6
CONTINUOUS
10
0.480306968503937
20
1.3222484251968503
11
0.4857005905511811
21
1.320236653543307
0
LINE
8
BLACK
6
CONTINUOUS
10
0.4857005905511811
20
1.320236653543307
11
0.485700905511811
21
1.3202365748031495
0
LINE
8
BLACK
6
CONTINUOUS
10
0.485700905511811
20
1.3202365748031495
11
0.4880846456692913
21
1.31998031496063
0
LINE
8
BLACK
6
CONTINUOUS
10
0.4880846456692913
20
1.31998031496063
11
0.4880851181102362
21
1.31998031496063
0
LINE
8
BLACK
6
CONTINUOUS
10
0.4880851181102362
20
1.31998031496063
11
0.55191531496063
21
1.31998031496063
0
LINE
8
BLACK
6
CONTINUOUS
10
0.55191531496063
20
1.31998031496063
11
0.5542990551181102
21
1.3202365748031495
0
LINE
8
BLACK
6
CONTINUOUS
10
0.5542990551181102
20
1.3202365748031495
11
0.5542993700787402
21
1.320236653543307
0
LINE
8
BLACK
6
CONTINUOUS
10
0.5542993700787402
20
1.320236653543307
11
0.5596929921259842
21
1.3222484251968503
0
LINE
8
BLACK
6
CONTINUOUS
10
0.5596929921259842
20
1.3222484251968503
11
0.559693188976378
21
1.3222485039370078
0
LINE
8
BLACK
6
CONTINUOUS
10
0.559693188976378
20
1.3222485039370078
11
0.5643016141732283
21
1.3256983858267717
0
LINE
8
BLACK
6
CONTINUOUS
10
0.5643016141732283
20
1.3256983858267717
11
0.5660288582677165
21
1.3280056299212599
0
LINE
8
BLACK
6
CONTINUOUS
10
0.5660288582677165
20
1.3280056299212599
11
0.5682664960629921
21
1.3296806692913385
0
LINE
8
BLACK
6
CONTINUOUS
10
0.5682664960629921
20
1.3296806692913385
11
0.5710544881889764
21
1.3298800393700787
0
LINE
8
BLACK
6
CONTINUOUS
10
0.5710544881889764
20
1.3298800393700787
11
0.5735077165354331
21
1.3285404724409449
0
LINE
8
BLACK
6
CONTINUOUS
10
0.5735077165354331
20
1.3285404724409449
11
0.5739711417322835
21
1.3280056299212599
0
LINE
8
BLACK
6
CONTINUOUS
10
0.5739711417322835
20
1.3280056299212599
11
0.5756983464566929
21
1.3256983858267717
0
LINE
8
BLACK
6
CONTINUOUS
10
0.5756983464566929
20
1.3256983858267717
11
0.5803067716535433
21
1.3222485039370078
0
LINE
8
BLACK
6
CONTINUOUS
10
0.5803067716535433
20
1.3222485039370078
11
0.580306968503937
21
1.3222484251968503
0
LINE
8
BLACK
6
CONTINUOUS
10
0.580306968503937
20
1.3222484251968503
11
0.5857005905511811
21
1.320236653543307
0
LINE
8
BLACK
6
CONTINUOUS
10
0.5857005905511811
20
1.320236653543307
11
0.585700905511811
21
1.3202365748031495
0
LINE
8
BLACK
6
CONTINUOUS
10
0.585700905511811
20
1.3202365748031495
11
0.5880846456692913
21
1.31998031496063
0
LINE
8
BLACK
6
CONTINUOUS
10
0.5880846456692913
20
1.31998031496063
11
0.5880851181102362
21
1.31998031496063
0
LINE
8
BLACK
6
CONTINUOUS
10
0.5880851181102362
20
1.31998031496063
11
0.6519153149606299
21
1.31998031496063
0
LINE
8
BLACK
6
CONTINUOUS
10
0.6519153149606299
20
1.31998031496063
11
0.6542990551181103
21
1.3202365748031495
0
LINE
8
BLACK
6
CONTINUOUS
10
0.6542990551181103
20
1.3202365748031495
11
0.6542993700787402
21
1.320236653543307
0
LINE
8
BLACK
6
CONTINUOUS
10
0.6542993700787402
20
1.320236653543307
11
0.6596929921259842
21
1.3222484251968503
0
LINE
8
BLACK
6
CONTINUOUS
10
0.6596929921259842
20
1.3222484251968503
11
0.659693188976378
21
1.3222485039370078
0
LINE
8
BLACK
6
CONTINUOUS
10
0.659693188976378
20
1.3222485039370078
11
0.6643016141732283
21
1.3256983858267717
0
LINE
8
BLACK
6
CONTINUOUS
10
0.6643016141732283
20
1.3256983858267717
11
0.6660288582677165
21
1.3280056299212599
0
LINE
8
BLACK
6
CONTINUOUS
10
0.6660288582677165
20
1.3280056299212599
11
0.6682664960629922
21
1.3296806692913385
0
LINE
8
BLACK
6
CONTINUOUS
10
0.6682664960629922
20
1.3296806692913385
11
0.6710544881889764
21
1.3298800393700787
0
LINE
8
BLACK
6
CONTINUOUS
10
0.6710544881889764
20
1.3298800393700787
11
0.6735077165354331
21
1.3285404724409449
0
LINE
8
BLACK
6
CONTINUOUS
10
0.6735077165354331
20
1.3285404724409449
11
0.6739711417322835
21
1.3280056299212599
0
LINE
8
BLACK
6
CONTINUOUS
10
0.6739711417322835
20
1.3280056299212599
11
0.6756983464566929
21
1.3256983858267717
0
LINE
8
BLACK
6
CONTINUOUS
10
0.6756983464566929
20
1.3256983858267717
11
0.6803067716535433
21
1.3222485039370078
0
LINE
8
BLACK
6
CONTINUOUS
10
0.6803067716535433
20
1.3222485039370078
11
0.680306968503937
21
1.3222484251968503
0
LINE
8
BLACK
6
CONTINUOUS
10
0.680306968503937
20
1.3222484251968503
11
0.685700590551181
21
1.320236653543307
0
LINE
8
BLACK
6
CONTINUOUS
10
0.685700590551181
20
1.320236653543307
11
0.685700905511811
21
1.3202365748031495
0
LINE
8
BLACK
6
CONTINUOUS
10
0.685700905511811
20
1.3202365748031495
11
0.6880846456692913
21
1.31998031496063
0
LINE
8
BLACK
6
CONTINUOUS
10
0.6880846456692913
20
1.31998031496063
11
0.6880851181102362
21
1.31998031496063
0
LINE
8
BLACK
6
CONTINUOUS
10
0.6880851181102362
20
1.31998031496063
11
0.7519153149606299
21
1.31998031496063
0
LINE
8
BLACK
6
CONTINUOUS
10
0.7519153149606299
20
1.31998031496063
11
0.7542990551181102
21
1.3202365748031495
0
LINE
8
BLACK
6
CONTINUOUS
10
0.7542990551181102
20
1.3202365748031495
11
0.7542993700787402
21
1.320236653543307
0
LINE
8
BLACK
6
CONTINUOUS
10
0.7542993700787402
20
1.320236653543307
11
0.7596929921259843
21
1.3222484251968503
0
LINE
8
BLACK
6
CONTINUOUS
10
0.7596929921259843
20
1.3222484251968503
11
0.7596931889763779
21
1.3222485039370078
0
LINE
8
BLACK
6
CONTINUOUS
10
0.7596931889763779
20
1.3222485039370078
11
0.7643016141732283
21
1.3256983464566929
0
LINE
8
BLACK
6
CONTINUOUS
10
0.7643016141732283
20
1.3256983464566929
11
0.7677514566929133
21
1.3303067716535433
0
LINE
8
BLACK
6
CONTINUOUS
10
0.7677514566929133
20
1.3303067716535433
11
0.7677515354330708
21
1.330306968503937
0
LINE
8
BLACK
6
CONTINUOUS
10
0.7677515354330708
20
1.330306968503937
11
0.7697633070866141
21
1.3357005905511812
0
LINE
8
BLACK
6
CONTINUOUS
10
0.7697633070866141
20
1.3357005905511812
11
0.7697633858267716
21
1.335700905511811
0
LINE
8
BLACK
6
CONTINUOUS
10
0.7697633858267716
20
1.335700905511811
11
0.7700196456692914
21
1.3380846456692914
0
LINE
8
BLACK
6
CONTINUOUS
10
0.7700196456692914
20
1.3380846456692914
11
0.77001968503937
21
1.33808531496063
0
LINE
8
BLACK
6
CONTINUOUS
10
0.77001968503937
20
1.33808531496063
11
0.77001968503937
21
1.4019146456692912
0
LINE
8
BLACK
6
CONTINUOUS
10
0.77001968503937
20
1.4019146456692912
11
0.7700196456692914
21
1.4019153149606298
0
LINE
8
BLACK
6
CONTINUOUS
10
0.7700196456692914
20
1.4019153149606298
11
0.7697633858267716
21
1.4042990551181103
0
LINE
8
BLACK
6
CONTINUOUS
10
0.7697633858267716
20
1.4042990551181103
11
0.7697633070866141
21
1.4042993700787401
0
LINE
8
BLACK
6
CONTINUOUS
10
0.7697633070866141
20
1.4042993700787401
11
0.7677561417322835
21
1.4096806692913386
0
LINE
8
BLACK
6
CONTINUOUS
10
0.7677561417322835
20
1.4096806692913386
11
0.7677515354330708
21
1.4096930708661417
0
LINE
8
BLACK
6
CONTINUOUS
10
0.7677515354330708
20
1.4096930708661417
11
0.7643016141732283
21
1.4143016141732283
0
LINE
8
BLACK
6
CONTINUOUS
10
0.7643016141732283
20
1.4143016141732283
11
0.7619943700787402
21
1.4160288188976378
0
LINE
8
BLACK
6
CONTINUOUS
10
0.7619943700787402
20
1.4160288188976378
11
0.7603192913385827
21
1.4182664566929133
0
LINE
8
BLACK
6
CONTINUOUS
10
0.7603192913385827
20
1.4182664566929133
11
0.7601199212598425
21
1.4210544881889764
0
LINE
8
BLACK
6
CONTINUOUS
10
0.7601199212598425
20
1.4210544881889764
11
0.7614594881889764
21
1.4235077165354331
0
LINE
8
BLACK
6
CONTINUOUS
10
0.7614594881889764
20
1.4235077165354331
11
0.7619943700787402
21
1.4239711811023621
0
LINE
8
BLACK
6
CONTINUOUS
10
0.7619943700787402
20
1.4239711811023621
11
0.7643016141732283
21
1.4256983464566928
0
LINE
8
BLACK
6
CONTINUOUS
10
0.7643016141732283
20
1.4256983464566928
11
0.7677514566929133
21
1.4303067716535434
0
LINE
8
BLACK
6
CONTINUOUS
10
0.7677514566929133
20
1.4303067716535434
11
0.7677515354330708
21
1.4303069685039369
0
LINE
8
BLACK
6
CONTINUOUS
10
0.7677515354330708
20
1.4303069685039369
11
0.7697633070866141
21
1.435700590551181
0
LINE
8
BLACK
6
CONTINUOUS
10
0.7697633070866141
20
1.435700590551181
11
0.7697633858267716
21
1.4357009055118111
0
LINE
8
BLACK
6
CONTINUOUS
10
0.7697633858267716
20
1.4357009055118111
11
0.7700196456692914
21
1.4380846456692913
0
LINE
8
BLACK
6
CONTINUOUS
10
0.7700196456692914
20
1.4380846456692913
11
0.77001968503937
21
1.4380853149606299
0
LINE
8
BLACK
6
CONTINUOUS
10
0.77001968503937
20
1.4380853149606299
11
0.77001968503937
21
1.5019146456692913
0
LINE
8
BLACK
6
CONTINUOUS
10
0.77001968503937
20
1.5019146456692913
11
0.7700196456692914
21
1.5019153149606299
0
LINE
8
BLACK
6
CONTINUOUS
10
0.7700196456692914
20
1.5019153149606299
11
0.7697633858267716
21
1.5042990551181101
0
LINE
8
BLACK
6
CONTINUOUS
10
0.7697633858267716
20
1.5042990551181101
11
0.7697633070866141
21
1.5042993700787402
0
LINE
8
BLACK
6
CONTINUOUS
10
0.7697633070866141
20
1.5042993700787402
11
0.7694866141732283
21
1.5050411417322835
0
LINE
8
BLACK
6
CONTINUOUS
10
0.7694866141732283
20
1.5050411417322835
11
0.7677515354330708
21
1.5096930708661418
0
LINE
8
BLACK
6
CONTINUOUS
10
0.7677515354330708
20
1.5096930708661418
11
0.7643016141732283
21
1.5143016141732284
0
LINE
8
BLACK
6
CONTINUOUS
10
0.7643016141732283
20
1.5143016141732284
11
0.7596930708661417
21
1.5177515354330708
0
LINE
8
BLACK
6
CONTINUOUS
10
0.7596930708661417
20
1.5177515354330708
11
0.7542992519685039
21
1.5197633464566929
0
LINE
8
BLACK
6
CONTINUOUS
10
0.7542992519685039
20
1.5197633464566929
11
0.7542991732283464
21
1.5197633464566929
0
LINE
8
BLACK
6
CONTINUOUS
10
0.7542991732283464
20
1.5197633464566929
11
0.7542990551181102
21
1.5197633858267716
0
LINE
8
BLACK
6
CONTINUOUS
10
0.7542990551181102
20
1.5197633858267716
11
0.7519153149606299
21
1.5200196456692914
0
LINE
8
BLACK
6
CONTINUOUS
10
0.7519153149606299
20
1.5200196456692914
11
0.7519151574803149
21
1.5200196456692914
0
LINE
8
BLACK
6
CONTINUOUS
10
0.7519151574803149
20
1.5200196456692914
11
0.7519148818897637
21
1.5200196850393701
0
LINE
8
BLACK
6
CONTINUOUS
10
0.7519148818897637
20
1.5200196850393701
11
0.6880851181102362
21
1.5200196850393701
0
LINE
8
BLACK
6
CONTINUOUS
10
0.6880851181102362
20
1.5200196850393701
11
0.688084842519685
21
1.5200196456692914
0
LINE
8
BLACK
6
CONTINUOUS
10
0.688084842519685
20
1.5200196456692914
11
0.6880846456692913
21
1.5200196456692914
0
LINE
8
BLACK
6
CONTINUOUS
10
0.6880846456692913
20
1.5200196456692914
11
0.685700905511811
21
1.5197633858267716
0
LINE
8
BLACK
6
CONTINUOUS
10
0.685700905511811
20
1.5197633858267716
11
0.685700590551181
21
1.5197633070866141
0
LINE
8
BLACK
6
CONTINUOUS
10
0.685700590551181
20
1.5197633070866141
11
0.682632874015748
21
1.5186190551181102
0
LINE
8
BLACK
6
CONTINUOUS
10
0.682632874015748
20
1.5186190551181102
11
0.6803069291338583
21
1.5177515354330708
0
LINE
8
BLACK
6
CONTINUOUS
10
0.6803069291338583
20
1.5177515354330708
11
0.6803068503937008
21
1.5177514960629921
0
LINE
8
BLACK
6
CONTINUOUS
10
0.6803068503937008
20
1.5177514960629921
11
0.6803067716535433
21
1.5177514566929133
0
LINE
8
BLACK
6
CONTINUOUS
10
0.6803067716535433
20
1.5177514566929133
11
0.6756983464566929
21
1.5143016141732284
0
LINE
8
BLACK
6
CONTINUOUS
10
0.6756983464566929
20
1.5143016141732284
11
0.6739711811023622
21
1.5119943700787402
0
LINE
8
BLACK
6
CONTINUOUS
10
0.6739711811023622
20
1.5119943700787402
11
0.6717335433070866
21
1.5103192913385826
0
LINE
8
BLACK
6
CONTINUOUS
10
0.6717335433070866
20
1.5103192913385826
11
0.6689455118110236
21
1.5101199212598424
0
LINE
8
BLACK
6
CONTINUOUS
10
0.6689455118110236
20
1.5101199212598424
11
0.6664922834645669
21
1.5114594881889762
0
LINE
8
BLACK
6
CONTINUOUS
10
0.6664922834645669
20
1.5114594881889762
11
0.6660288188976378
21
1.5119943700787402
0
LINE
8
BLACK
6
CONTINUOUS
10
0.6660288188976378
20
1.5119943700787402
11
0.6643016141732283
21
1.5143016141732284
0
LINE
8
BLACK
6
CONTINUOUS
10
0.6643016141732283
20
1.5143016141732284
11
0.659693188976378
21
1.5177514566929133
0
LINE
8
BLACK
6
CONTINUOUS
10
0.659693188976378
20
1.5177514566929133
11
0.6596931496062992
21
1.5177514566929133
0
LINE
8
BLACK
6
CONTINUOUS
10
0.6596931496062992
20
1.5177514566929133
11
0.6596930708661417
21
1.5177515354330708
0
LINE
8
BLACK
6
CONTINUOUS
10
0.6596930708661417
20
1.5177515354330708
11
0.6542992519685039
21
1.5197633464566929
0
LINE
8
BLACK
6
CONTINUOUS
10
0.6542992519685039
20
1.5197633464566929
11
0.6542991732283464
21
1.5197633464566929
0
LINE
8
BLACK
6
CONTINUOUS
10
0.6542991732283464
20
1.5197633464566929
11
0.6542990551181103
21
1.5197633858267716
0
LINE
8
BLACK
6
CONTINUOUS
10
0.6542990551181103
20
1.5197633858267716
11
0.6519153149606299
21
1.5200196456692914
0
LINE
8
BLACK
6
CONTINUOUS
10
0.6519153149606299
20
1.5200196456692914
11
0.6519151574803149
21
1.5200196456692914
0
LINE
8
BLACK
6
CONTINUOUS
10
0.6519151574803149
20
1.5200196456692914
11
0.6519148818897638
21
1.5200196850393701
0
LINE
8
BLACK
6
CONTINUOUS
10
0.6519148818897638
20
1.5200196850393701
11
0.5880851181102362
21
1.5200196850393701
0
LINE
8
BLACK
6
CONTINUOUS
10
0.5880851181102362
20
1.5200196850393701
11
0.5880848425196851
21
1.5200196456692914
0
LINE
8
BLACK
6
CONTINUOUS
10
0.5880848425196851
20
1.5200196456692914
11
0.5880846456692913
21
1.5200196456692914
0
LINE
8
BLACK
6
CONTINUOUS
10
0.5880846456692913
20
1.5200196456692914
11
0.585700905511811
21
1.5197633858267716
0
LINE
8
BLACK
6
CONTINUOUS
10
0.585700905511811
20
1.5197633858267716
11
0.5857005905511811
21
1.5197633070866141
0
LINE
8
BLACK
6
CONTINUOUS
10
0.5857005905511811
20
1.5197633070866141
11
0.582632874015748
21
1.5186190551181102
0
LINE
8
BLACK
6
CONTINUOUS
10
0.582632874015748
20
1.5186190551181102
11
0.5803069291338583
21
1.5177515354330708
0
LINE
8
BLACK
6
CONTINUOUS
10
0.5803069291338583
20
1.5177515354330708
11
0.5803068503937008
21
1.5177514960629921
0
LINE
8
BLACK
6
CONTINUOUS
10
0.5803068503937008
20
1.5177514960629921
11
0.5803067716535433
21
1.5177514566929133
0
LINE
8
BLACK
6
CONTINUOUS
10
0.5803067716535433
20
1.5177514566929133
11
0.5756983464566929
21
1.5143016141732284
0
LINE
8
BLACK
6
CONTINUOUS
10
0.5756983464566929
20
1.5143016141732284
11
0.5739711811023622
21
1.5119943700787402
0
LINE
8
BLACK
6
CONTINUOUS
10
0.5739711811023622
20
1.5119943700787402
11
0.5717335433070866
21
1.5103192913385826
0
LINE
8
BLACK
6
CONTINUOUS
10
0.5717335433070866
20
1.5103192913385826
11
0.5689455118110236
21
1.5101199212598424
0
LINE
8
BLACK
6
CONTINUOUS
10
0.5689455118110236
20
1.5101199212598424
11
0.5664922834645669
21
1.5114594881889762
0
LINE
8
BLACK
6
CONTINUOUS
10
0.5664922834645669
20
1.5114594881889762
11
0.5660288188976378
21
1.5119943700787402
0
LINE
8
BLACK
6
CONTINUOUS
10
0.5660288188976378
20
1.5119943700787402
11
0.5643016141732283
21
1.5143016141732284
0
LINE
8
BLACK
6
CONTINUOUS
10
0.5643016141732283
20
1.5143016141732284
11
0.559693188976378
21
1.5177514566929133
0
LINE
8
BLACK
6
CONTINUOUS
10
0.559693188976378
20
1.5177514566929133
11
0.5596931496062992
21
1.5177514566929133
0
LINE
8
BLACK
6
CONTINUOUS
10
0.5596931496062992
20
1.5177514566929133
11
0.5596930708661417
21
1.5177515354330708
0
LINE
8
BLACK
6
CONTINUOUS
10
0.5596930708661417
20
1.5177515354330708
11
0.5542992519685039
21
1.5197633464566929
0
LINE
8
BLACK
6
CONTINUOUS
10
0.5542992519685039
20
1.5197633464566929
11
0.5542991732283464
21
1.5197633464566929
0
LINE
8
BLACK
6
CONTINUOUS
10
0.5542991732283464
20
1.5197633464566929
11
0.5542990551181102
21
1.5197633858267716
0
LINE
8
BLACK
6
CONTINUOUS
10
0.5542990551181102
20
1.5197633858267716
11
0.55191531496063
21
1.5200196456692914
0
LINE
8
BLACK
6
CONTINUOUS
10
0.55191531496063
20
1.5200196456692914
11
0.5519151574803149
21
1.5200196456692914
0
LINE
8
BLACK
6
CONTINUOUS
10
0.5519151574803149
20
1.5200196456692914
11
0.5519148818897638
21
1.5200196850393701
0
LINE
8
BLACK
6
CONTINUOUS
10
0.5519148818897638
20
1.5200196850393701
11
0.4880851181102362
21
1.5200196850393701
0
LINE
8
BLACK
6
CONTINUOUS
10
0.4880851181102362
20
1.5200196850393701
11
0.488084842519685
21
1.5200196456692914
0
CIRCLE
8
BLACK
10
0.2
20
0.2
40
0.0068897637795276
0
CIRCLE
8
BLACK
10
1.3999999999999999
20
0.2
40
0.0068897637795276
0
CIRCLE
8
BLACK
10
1.3999999999999999
20
1.3999999999999999
40
0.0068897637795276
0
CIRCLE
8
BLACK
10
0.2
20
1.3999999999999999
40
0.0068897637795276
0
CIRCLE
8
BLACK
10
0.67
20
0.2131496062992126
40
0.0068897637795276
0
CIRCLE
8
BLACK
10
0.67
20
0.41
40
0.0068897637795276
0
CIRCLE
8
BLACK
10
0.47
20
0.2131496062992126
40
0.0068897637795276
0
CIRCLE
8
BLACK
10
0.47
20
0.41
40
0.0068897637795276
0
CIRCLE
8
BLACK
10
0.15
20
1.1399999999999999
40
0.0068897637795276
0
CIRCLE
8
BLACK
10
0.25
20
1.1399999999999999
40
0.0068897637795276
0
CIRCLE
8
BLACK
10
0.52
20
1.3699999999999999
40
0.0068897637795276
0
CIRCLE
8
BLACK
10
0.52
20
1.47
40
0.0068897637795276
0
CIRCLE
8
BLACK
10
0.15
20
0.54
40
0.0068897637795276
0
CIRCLE
8
BLACK
10
0.25
20
0.54
40
0.0068897637795276
0
CIRCLE
8
BLACK
10
0.15
20
0.64
40
0.0068897637795276
0
CIRCLE
8
BLACK
10
0.25
20
0.64
40
0.0068897637795276
0
CIRCLE
8
BLACK
10
0.15
20
0.74
40
0.0068897637795276
0
CIRCLE
8
BLACK
10
0.25
20
0.74
40
0.0068897637795276
0
CIRCLE
8
BLACK
10
0.15
20
0.84
40
0.0068897637795276
0
CIRCLE
8
BLACK
10
0.25
20
0.84
40
0.0068897637795276
0
CIRCLE
8
BLACK
10
0.15
20
0.9399999999999999
40
0.0068897637795276
0
CIRCLE
8
BLACK
10
0.25
20
0.9399999999999999
40
0.0068897637795276
0
CIRCLE
8
BLACK
10
0.15
20
1.04
40
0.0068897637795276
0
CIRCLE
8
BLACK
10
0.25
20
1.04
40
0.0068897637795276
0
CIRCLE
8
BLACK
10
0.72
20
1.3699999999999999
40
0.0068897637795276
0
CIRCLE
8
BLACK
10
0.72
20
1.47
40
0.0068897637795276
0
CIRCLE
8
BLACK
10
0.62
20
1.3699999999999999
40
0.0068897637795276
0
CIRCLE
8
BLACK
10
0.62
20
1.47
40
0.0068897637795276
0
CIRCLE
8
BLACK
10
0.85
20
0.14
40
0.0068897637795276
0
CIRCLE
8
BLACK
10
0.85
20
0.24
40
0.0068897637795276
0
CIRCLE
8
BLACK
10
0.95
20
0.14
40
0.0068897637795276
0
CIRCLE
8
BLACK
10
0.95
20
0.24
40
0.0068897637795276
0
CIRCLE
8
BLACK
10
1.05
20
0.14
40
0.0068897637795276
0
CIRCLE
8
BLACK
10
1.05
20
0.24
40
0.0068897637795276
0
CIRCLE
8
BLACK
10
1.1499999999999999
20
0.14
40
0.0068897637795276
0
CIRCLE
8
BLACK
10
1.1499999999999999
20
0.24
40
0.0068897637795276
0
CIRCLE
8
BLACK
10
1.3499999999999999
20
0.73
40
0.0068897637795276
0
CIRCLE
8
BLACK
10
1.45
20
0.73
40
0.0068897637795276
0
CIRCLE
8
BLACK
10
1.3499999999999999
20
0.63
40
0.0068897637795276
0
CIRCLE
8
BLACK
10
1.45
20
0.63
40
0.0068897637795276
0
CIRCLE
8
BLACK
10
1.3499999999999999
20
0.53
40
0.0068897637795276
0
CIRCLE
8
BLACK
10
1.45
20
0.53
40
0.0068897637795276
0
CIRCLE
8
BLACK
10
1.3499999999999999
20
0.43
40
0.0068897637795276
0
CIRCLE
8
BLACK
10
1.45
20
0.43
40
0.0068897637795276
0
CIRCLE
8
BLACK
10
1.3499999999999999
20
1.1699999999999999
40
0.0068897637795276
0
CIRCLE
8
BLACK
10
1.45
20
1.1699999999999999
40
0.0068897637795276
0
CIRCLE
8
BLACK
10
1.3499999999999999
20
1.0700000000000001
40
0.0068897637795276
0
CIRCLE
8
BLACK
10
1.45
20
1.0700000000000001
40
0.0068897637795276
0
CIRCLE
8
BLACK
10
1.3499999999999999
20
0.97
40
0.0068897637795276
0
CIRCLE
8
BLACK
10
1.45
20
0.97
40
0.0068897637795276
0
CIRCLE
8
BLACK
10
1.3499999999999999
20
0.87
40
0.0068897637795276
0
CIRCLE
8
BLACK
10
1.45
20
0.87
40
0.0068897637795276
0
CIRCLE
8
BLACK
10
0.85
20
1.3499999999999999
40
0.0068897637795276
0
CIRCLE
8
BLACK
10
0.85
20
1.45
40
0.0068897637795276
0
CIRCLE
8
BLACK
10
0.95
20
1.3499999999999999
40
0.0068897637795276
0
CIRCLE
8
BLACK
10
0.95
20
1.45
40
0.0068897637795276
0
CIRCLE
8
BLACK
10
1.05
20
1.3499999999999999
40
0.0068897637795276
0
CIRCLE
8
BLACK
10
1.05
20
1.45
40
0.0068897637795276
0
CIRCLE
8
BLACK
10
1.1499999999999999
20
1.3499999999999999
40
0.0068897637795276
0
CIRCLE
8
BLACK
10
1.1499999999999999
20
1.45
40
0.0068897637795276
0
CIRCLE
8
BLACK
10
1.1199999999999999
20
0.85
40
0.0068897637795276
0
CIRCLE
8
BLACK
10
1.22
20
0.85
40
0.0068897637795276
0
CIRCLE
8
BLACK
10
0.15
20
0.44
40
0.0068897637795276
0
CIRCLE
8
BLACK
10
0.25
20
0.44
40
0.0068897637795276
0
CIRCLE
8
BLACK
10
0.6927362204724409
20
0.789251968503937
40
0.0068897637795276
0
CIRCLE
8
BLACK
10
0.740236220472441
20
0.789251968503937
40
0.0068897637795276
0
CIRCLE
8
BLACK
10
0.787736220472441
20
0.789251968503937
40
0.0068897637795276
0
CIRCLE
8
BLACK
10
0.6927362204724409
20
0.829251968503937
40
0.0068897637795276
0
CIRCLE
8
BLACK
10
0.740236220472441
20
0.829251968503937
40
0.0068897637795276
0
CIRCLE
8
BLACK
10
0.787736220472441
20
0.829251968503937
40
0.0068897637795276
0
CIRCLE
8
BLACK
10
0.6927362204724409
20
0.8692519685039369
40
0.0068897637795276
0
CIRCLE
8
BLACK
10
0.740236220472441
20
0.8692519685039369
40
0.0068897637795276
0
CIRCLE
8
BLACK
10
0.787736220472441
20
0.8692519685039369
40
0.0068897637795276
0
CIRCLE
8
BLACK
10
0.6927362204724409
20
0.909251968503937
40
0.0068897637795276
0
CIRCLE
8
BLACK
10
0.740236220472441
20
0.909251968503937
40
0.0068897637795276
0
CIRCLE
8
BLACK
10
0.787736220472441
20
0.909251968503937
40
0.0068897637795276
0
CIRCLE
8
BLACK
10
0.6927362204724409
20
0.949251968503937
40
0.0068897637795276
0
CIRCLE
8
BLACK
10
0.740236220472441
20
0.949251968503937
40
0.0068897637795276
0
CIRCLE
8
BLACK
10
0.7872362204724409
20
0.949251968503937
40
0.0068897637795276
0
CIRCLE
8
BLACK
10
0.74
20
0.74
40
0.0078740157480315
0
CIRCLE
8
BLACK
10
1.23
20
1.46
40
0.0078740157480315
0
CIRCLE
8
BLACK
10
1.0900000000000001
20
1.54
40
0.0078740157480315
0
CIRCLE
8
BLACK
10
1.2
20
1.25
40
0.0078740157480315
0
CIRCLE
8
BLACK
10
0.71
20
1.1599999999999999
40
0.0078740157480315
0
CIRCLE
8
BLACK
10
0.73
20
0.1
40
0.0078740157480315
0
CIRCLE
8
BLACK
10
0.77
20
1.28
40
0.0078740157480315
0
CIRCLE
8
BLACK
10
1.3
20
1.25
40
0.0078740157480315
0
CIRCLE
8
BLACK
10
0.78
20
0.74
40
0.0078740157480315
0
CIRCLE
8
BLACK
10
1.54
20
0.57
40
0.0078740157480315
0
CIRCLE
8
BLACK
10
1.1499999999999999
20
1.29
40
0.0078740157480315
0
CIRCLE
8
BLACK
10
0.99
20
1.54
40
0.0078740157480315
0
CIRCLE
8
BLACK
10
0.24
20
0.38
40
0.0078740157480315
0
CIRCLE
8
BLACK
10
0.28
20
0.3800000787401575
40
0.0078740157480315
0
CIRCLE
8
BLACK
10
0.74
20
0.6899999999999999
40
0.0078740157480315
0
CIRCLE
8
BLACK
10
0.74
20
1.
40
0.0078740157480315
0
CIRCLE
8
BLACK
10
0.24
20
0.34
40
0.0078740157480315
0
CIRCLE
8
BLACK
10
1.21
20
1.54
40
0.0078740157480315
0
CIRCLE
8
BLACK
10
1.1499999999999999
20
0.06
40
0.0078740157480315
0
CIRCLE
8
BLACK
10
0.71
20
0.06
40
0.0078740157480315
0
CIRCLE
8
BLACK
10
1.51
20
0.7999999999999999
40
0.0078740157480315
0
CIRCLE
8
BLACK
10
1.23
20
0.23
40
0.0078740157480315
0
CIRCLE
8
BLACK
10
0.7999999999999999
20
1.24
40
0.0078740157480315
0
CIRCLE
8
BLACK
10
0.32
20
0.36
40
0.0078740157480315
0
CIRCLE
8
BLACK
10
1.23
20
1.4099999999999999
40
0.0078740157480315
0
CIRCLE
8
BLACK
10
0.8218110236220473
20
1.28
40
0.0078740157480315
0
CIRCLE
8
BLACK
10
0.76
20
1.1199999999999999
40
0.0078740157480315
0
CIRCLE
8
BLACK
10
0.3
20
0.48
40
0.0078740157480315
0
CIRCLE
8
BLACK
10
1.54
20
0.41
40
0.0078740157480315
0
CIRCLE
8
BLACK
10
0.53
20
0.65
40
0.0078740157480315
0
CIRCLE
8
BLACK
10
0.78
20
0.26
40
0.0078740157480315
0
CIRCLE
8
BLACK
10
1.54
20
0.49
40
0.0078740157480315
0
CIRCLE
8
BLACK
10
1.4299999999999999
20
0.7999999999999999
40
0.0078740157480315
0
CIRCLE
8
BLACK
10
0.78
20
0.21
40
0.0078740157480315
0
CIRCLE
8
BLACK
10
0.9
20
0.44
40
0.0078740157480315
0
CIRCLE
8
BLACK
10
0.78
20
1.
40
0.0078740157480315
0
CIRCLE
8
BLACK
10
0.76
20
1.24
40
0.0078740157480315
0
CIRCLE
8
BLACK
10
1.54
20
1.1699999999999999
40
0.0078740157480315
0
CIRCLE
8
BLACK
10
0.58
20
0.65
40
0.0078740157480315
0
CIRCLE
8
BLACK
10
1.54
20
1.29
40
0.0078740157480315
0
CIRCLE
8
BLACK
10
1.53
20
0.75
40
0.0078740157480315
0
CIRCLE
8
BLACK
10
0.82
20
0.43
40
0.0078740157480315
0
CIRCLE
8
BLACK
10
0.63
20
0.6
40
0.0078740157480315
0
CIRCLE
8
BLACK
10
1.07999937007874
20
1.1099999999999999
40
0.0078740157480315
0
CIRCLE
8
BLACK
10
1.25
20
1.25
40
0.0078740157480315
0
CIRCLE
8
BLACK
10
0.49
20
0.61
40
0.0078740157480315
0
CIRCLE
8
BLACK
10
0.28
20
0.34
40
0.0078740157480315
0
CIRCLE
8
BLACK
10
1.25
20
0.6899999999999999
40
0.0078740157480315
0
CIRCLE
8
BLACK
10
0.49
20
0.52
40
0.0078740157480315
0
CIRCLE
8
BLACK
10
1.54
20
1.24
40
0.0078740157480315
0
CIRCLE
8
BLACK
10
0.4
20
0.54
40
0.0078740157480315
0
CIRCLE
8
BLACK
10
1.28
20
0.72
40
0.0078740157480315
0
CIRCLE
8
BLACK
10
0.3200002362204724
20
0.44
40
0.0078740157480315
0
CIRCLE
8
BLACK
10
0.79
20
0.06
40
0.0078740157480315
0
CIRCLE
8
BLACK
10
0.32
20
0.4
40
0.0078740157480315
0
CIRCLE
8
BLACK
10
0.7999999999999999
20
1.1599999999999999
40
0.0078740157480315
0
CIRCLE
8
BLACK
10
0.67
20
0.65
40
0.0078740157480315
0
CIRCLE
8
BLACK
10
1.28
20
0.78
40
0.0078740157480315
0
CIRCLE
8
BLACK
10
1.23
20
0.11
40
0.0078740157480315
0
CIRCLE
8
BLACK
10
1.53
20
0.71
40
0.0078740157480315
0
CIRCLE
8
BLACK
10
0.71
20
1.2
40
0.0078740157480315
0
CIRCLE
8
BLACK
10
1.23
20
1.3499999999999999
40
0.0078740157480315
0
CIRCLE
8
BLACK
10
1.54
20
0.61
40
0.0078740157480315
0
CIRCLE
8
BLACK
10
0.7
20
0.74
40
0.0078740157480315
0
CIRCLE
8
BLACK
10
1.23
20
0.19
40
0.0078740157480315
0
CIRCLE
8
BLACK
10
1.54
20
0.45
40
0.0078740157480315
0
CIRCLE
8
BLACK
10
0.7
20
1.04
40
0.0078740157480315
0
CIRCLE
8
BLACK
10
0.7
20
0.6899999999999999
40
0.0078740157480315
0
CIRCLE
8
BLACK
10
1.54
20
0.53
40
0.0078740157480315
0
CIRCLE
8
BLACK
10
1.22
20
0.46
40
0.0078740157480315
0
CIRCLE
8
BLACK
10
0.7
20
1.
40
0.0078740157480315
0
CIRCLE
8
BLACK
10
0.71
20
1.1199999999999999
40
0.0078740157480315
0
CIRCLE
8
BLACK
10
0.99
20
1.1299999999999999
40
0.0078740157480315
0
CIRCLE
8
BLACK
10
0.89
20
0.06
40
0.0078740157480315
0
CIRCLE
8
BLACK
10
1.3799999999999999
20
0.7999999999999999
40
0.0078740157480315
0
CIRCLE
8
BLACK
10
0.49
20
0.5599999999999999
40
0.0078740157480315
0
CIRCLE
8
BLACK
10
1.1499999999999999
20
1.25
40
0.0078740157480315
0
CIRCLE
8
BLACK
10
0.7999999999999999
20
1.2
40
0.0078740157480315
0
CIRCLE
8
BLACK
10
0.76
20
1.1599999999999999
40
0.0078740157480315
0
CIRCLE
8
BLACK
10
0.98
20
1.1799999999999999
40
0.0078740157480315
0
CIRCLE
8
BLACK
10
1.04
20
1.54
40
0.0078740157480315
0
CIRCLE
8
BLACK
10
0.7999999999999999
20
1.1199999999999999
40
0.0078740157480315
0
CIRCLE
8
BLACK
10
0.32
20
0.3199997637795275
40
0.0078740157480315
0
CIRCLE
8
BLACK
10
1.24
20
0.06
40
0.0078740157480315
0
CIRCLE
8
BLACK
10
0.74
20
1.04
40
0.0078740157480315
0
CIRCLE
8
BLACK
10
0.78
20
0.16
40
0.0078740157480315
0
CIRCLE
8
BLACK
10
1.23
20
0.15
40
0.0078740157480315
0
CIRCLE
8
BLACK
10
0.53
20
1.1599999999999999
40
0.0078740157480315
0
CIRCLE
8
BLACK
10
1.3300000000000001
20
0.7999999999999999
40
0.0078740157480315
0
CIRCLE
8
BLACK
10
0.71
20
1.0800000000000001
40
0.0078740157480315
0
CIRCLE
8
BLACK
10
0.78
20
0.6899999999999999
40
0.0078740157480315
0
CIRCLE
8
BLACK
10
1.1499999999999999
20
1.54
40
0.0078740157480315
0
CIRCLE
8
BLACK
10
1.47
20
0.7999999999999999
40
0.0078740157480315
0
CIRCLE
8
BLACK
10
0.54
20
0.52
40
0.0078740157480315
0
CIRCLE
8
BLACK
10
0.75
20
0.06
40
0.0078740157480315
0
CIRCLE
8
BLACK
10
0.86
20
1.53
40
0.0078740157480315
0
CIRCLE
8
BLACK
10
1.53
20
0.87
40
0.0078740157480315
0
CIRCLE
8
BLACK
10
1.2
20
0.06
40
0.0078740157480315
0
CIRCLE
8
BLACK
10
1.54
20
0.66
40
0.0078740157480315
0
CIRCLE
8
BLACK
10
0.78
20
0.1
40
0.0078740157480315
0
CIRCLE
8
BLACK
10
0.44
20
0.52
40
0.0078740157480315
0
CIRCLE
8
BLACK
10
0.2
20
0.38
40
0.0078740157480315
0
CIRCLE
8
BLACK
10
1.0999999999999999
20
1.05
40
0.0078740157480315
0
CIRCLE
8
BLACK
10
0.63
20
0.65
40
0.0078740157480315
0
CIRCLE
8
BLACK
10
1.23
20
0.29
40
0.0078740157480315
0
CIRCLE
8
BLACK
10
0.76
20
1.2
40
0.0078740157480315
0
CIRCLE
8
BLACK
10
0.9399999999999999
20
1.54
40
0.0078740157480315
0
CIRCLE
8
BLACK
10
0.67
20
0.6
40
0.0078740157480315
0
CIRCLE
8
BLACK
10
1.1499999999999999
20
0.45
40
0.0078740157480315
0
CIRCLE
8
BLACK
10
0.84
20
0.06
40
0.0078740157480315
0
CIRCLE
8
BLACK
10
0.79
20
0.32
40
0.0078740157480315
0
CIRCLE
8
BLACK
10
0.76
20
1.0800000000000001
40
0.0078740157480315
0
CIRCLE
8
BLACK
10
1.27
20
1.3
40
0.0078740157480315
0
CIRCLE
8
BLACK
10
1.23
20
1.3
40
0.0078740157480315
0
CIRCLE
8
BLACK
10
0.78
20
1.04
40
0.0078740157480315
0
CIRCLE
8
BLACK
10
1.29
20
0.46
40
0.0078740157480315
0
CIRCLE
8
BLACK
10
0.96
20
0.82
40
0.0078740157480315
0
CIRCLE
8
BLACK
10
0.27
20
1.23
40
0.0078740157480315
0
CIRCLE
8
BLACK
10
1.
20
0.9
40
0.0078740157480315
0
CIRCLE
8
BLACK
10
0.96
20
0.9
40
0.0078740157480315
0
CIRCLE
8
BLACK
10
0.9199999999999999
20
0.86
40
0.0078740157480315
0
CIRCLE
8
BLACK
10
1.04
20
0.86
40
0.0078740157480315
0
CIRCLE
8
BLACK
10
1.04
20
0.9
40
0.0078740157480315
0
CIRCLE
8
BLACK
10
1.04
20
0.52
40
0.0078740157480315
0
CIRCLE
8
BLACK
10
0.9199999999999999
20
0.82
40
0.0078740157480315
0
CIRCLE
8
BLACK
10
1.05
20
1.05
40
0.0078740157480315
0
CIRCLE
8
BLACK
10
1.
20
0.86
40
0.0078740157480315
0
CIRCLE
8
BLACK
10
1.
20
0.82
40
0.0078740157480315
0
CIRCLE
8
BLACK
10
0.96
20
0.86
40
0.0078740157480315
0
CIRCLE
8
BLACK
10
1.04
20
0.82
40
0.0078740157480315
0
CIRCLE
8
BLACK
10
0.9199999999999999
20
0.9
40
0.0078740157480315
  0
ENDSEC
  0
EOF
